<?xml version="1.0"?>
<VTKFile type="UnstructuredGrid" version="0.1" byte_order="LittleEndian">
<UnstructuredGrid>
<Piece NumberOfPoints="1157" NumberOfCells="1117">
<Points>
<DataArray type="Float64" NumberOfComponents="3" format="ascii">
0 -0.0599999987 0
0.0198084321 -0.0599999987 0
0.0396168642 -0.0599999987 0
0.0594252981 -0.0599999987 0
0.0792337283 -0.0599999987 0
0.0990421623 -0.0599999987 0
0 -0.043333333 0
0.0198084321 -0.0432380959 0
0.0396168642 -0.0431428589 0
0.0594252981 -0.0430476181 0
0.0792337283 -0.0429523811 0
0.0990421623 -0.042857144 0
0 -0.0266666673 0
0.0198084321 -0.0264761914 0
0.0396168642 -0.0262857135 0
0.0594252981 -0.0260952376 0
0.0792337283 -0.0259047616 0
0.0990421623 -0.0257142857 0
0 -0.009999999779999999 0
0.0198084321 -0.00971428584 0
0.0396168642 -0.00942857098 0
0.0594252981 -0.009142857040000001 0
0.0792337283 -0.00885714311 0
0.0990421623 -0.008571428250000001 0
0 0.009999999779999999 0
0.0198084321 0.00971428584 0
0.0396168642 0.00942857098 0
0.0594252981 0.009142857040000001 0
0.0792337283 0.00885714311 0
0.0990421623 0.008571428250000001 0
0 0.0266666673 0
0.0198084321 0.0264761914 0
0.0396168642 0.0262857135 0
0.0594252981 0.0260952376 0
0.0792337283 0.0259047616 0
0.0990421623 0.0257142857 0
0 0.043333333 0
0.0198084321 0.0432380959 0
0.0396168642 0.0431428589 0
0.0594252981 0.0430476181 0
0.0792337283 0.0429523811 0
0.0990421623 0.042857144 0
0 0.0599999987 0
0.0198084321 0.0599999987 0
0.0396168642 0.0599999987 0
0.0594252981 0.0599999987 0
0.0792337283 0.0599999987 0
0.0990421623 0.0599999987 0
0.5 0.008571428250000001 0
0.5 0.0257142857 0
0.5 0.042857144 0
0.479952097 0.0599999987 0
0.459904224 0.0599999987 0
0.439856321 0.0599999987 0
0.419808447 0.0599999987 0
0.399760544 0.0599999987 0
0.379712641 0.0599999987 0
0.359664768 0.0599999987 0
0.339616865 0.0599999987 0
0.319568962 0.0599999987 0
0.299521089 0.0599999987 0
0.279473186 0.0599999987 0
0.259425282 0.0599999987 0
0.239377409 0.0599999987 0
0.219329506 0.0599999987 0
0.199281618 0.0599999987 0
0.17923373 0.0599999987 0
0.159185842 0.0599999987 0
0.139137954 0.0599999987 0
0.11909005 0.0599999987 0
0.5 0.0599999987 0
0.439856321 -0.0599999987 0
0.5 -0.008571428250000001 0
0.5 -0.0257142857 0
0.419808418 -0.0599999987 0
0.5 -0.0599999987 0
0.17923373 -0.0599999987 0
0.299521089 -0.0599999987 0
0.5 -0.042857144 0
0.479952097 -0.0599999987 0
0.459904224 -0.0599999987 0
0.319568962 -0.0599999987 0
0.199281618 -0.0599999987 0
0.11909005 -0.0599999987 0
0.139137939 -0.0599999987 0
0.159185842 -0.0599999987 0
0.219329506 -0.0599999987 0
0.239377409 -0.0599999987 0
0.259425282 -0.0599999987 0
0.279473186 -0.0599999987 0
0.339616865 -0.0599999987 0
0.359664768 -0.0599999987 0
0.379712641 -0.0599999987 0
0.399760544 -0.0599999987 0
0.11909005 0.042857144 0
0.11909005 0.0257142857 0
0.11909005 0.008571428250000001 0
0.11909005 -0.008571428250000001 0
0.11909005 -0.0257142857 0
0.11909005 -0.042857144 0
0.139137954 0.042857144 0
0.139137939 0.0257142857 0
0.139137939 0.008571428250000001 0
0.139137939 -0.008571428250000001 0
0.139137939 -0.0257142857 0
0.139137939 -0.042857144 0
0.159185842 0.042857144 0
0.159185842 0.0257142857 0
0.159185842 0.008571428250000001 0
0.159185842 -0.008571428250000001 0
0.159185842 -0.0257142857 0
0.159185842 -0.042857144 0
0.17923373 0.042857144 0
0.17923373 0.0257142857 0
0.17923373 0.008571428250000001 0
0.17923373 -0.008571428250000001 0
0.17923373 -0.0257142857 0
0.17923373 -0.042857144 0
0.199281618 0.042857144 0
0.199281618 0.0257142857 0
0.199281618 0.008571428250000001 0
0.199281618 -0.008571428250000001 0
0.199281618 -0.0257142857 0
0.199281618 -0.042857144 0
0.219329506 0.042857144 0
0.219329506 0.0257142857 0
0.219329506 0.008571428250000001 0
0.219329506 -0.008571428250000001 0
0.219329506 -0.0257142857 0
0.219329506 -0.042857144 0
0.239377409 0.042857144 0
0.239377409 0.0257142857 0
0.239377409 0.008571428250000001 0
0.239377409 -0.008571428250000001 0
0.239377409 -0.0257142857 0
0.239377409 -0.042857144 0
0.259425282 0.042857144 0
0.259425282 0.0257142857 0
0.259425282 0.008571428250000001 0
0.259425282 -0.008571428250000001 0
0.259425282 -0.0257142857 0
0.259425282 -0.042857144 0
0.279473186 0.042857144 0
0.279473186 0.0257142857 0
0.279473186 0.008571428250000001 0
0.279473186 -0.008571428250000001 0
0.279473186 -0.0257142857 0
0.279473186 -0.042857144 0
0.299521089 0.042857144 0
0.299521089 0.0257142857 0
0.299521089 0.008571428250000001 0
0.299521089 -0.008571428250000001 0
0.299521089 -0.0257142857 0
0.299521089 -0.042857144 0
0.319568962 0.042857144 0
0.319568962 0.0257142857 0
0.319568962 0.008571428250000001 0
0.319568962 -0.008571428250000001 0
0.319568962 -0.0257142857 0
0.319568962 -0.042857144 0
0.339616865 0.042857144 0
0.339616865 0.0257142857 0
0.339616865 0.008571428250000001 0
0.339616865 -0.008571428250000001 0
0.339616865 -0.0257142857 0
0.339616865 -0.042857144 0
0.359664768 0.042857144 0
0.359664768 0.0257142857 0
0.359664768 0.008571428250000001 0
0.359664768 -0.008571428250000001 0
0.359664768 -0.0257142857 0
0.359664768 -0.042857144 0
0.379712641 0.042857144 0
0.379712641 0.0257142857 0
0.379712641 0.008571428250000001 0
0.379712641 -0.008571428250000001 0
0.379712641 -0.0257142857 0
0.379712641 -0.042857144 0
0.399760544 0.042857144 0
0.399760544 0.0257142857 0
0.399760544 0.008571428250000001 0
0.399760544 -0.008571428250000001 0
0.399760544 -0.0257142857 0
0.399760544 -0.042857144 0
0.419808418 0.042857144 0
0.419808418 0.0257142857 0
0.419808418 0.008571428250000001 0
0.419808418 -0.008571428250000001 0
0.419808418 -0.0257142857 0
0.419808418 -0.042857144 0
0.439856321 0.042857144 0
0.439856321 0.0257142857 0
0.439856321 0.008571428250000001 0
0.439856321 -0.008571428250000001 0
0.439856321 -0.0257142857 0
0.439856321 -0.042857144 0
0.459904224 0.042857144 0
0.459904224 0.0257142857 0
0.459904224 0.008571428250000001 0
0.459904224 -0.008571428250000001 0
0.459904224 -0.0257142857 0
0.459904224 -0.042857144 0
0.479952097 0.042857144 0
0.479952097 0.0257142857 0
0.479952097 0.008571428250000001 0
0.479952097 -0.008571428250000001 0
0.479952097 -0.0257142857 0
0.479952097 -0.042857144 0
-0.400000006 0.009999999779999999 0
-0.379999995 0.009999999779999999 0
-0.360000014 0.009999999779999999 0
-0.340000004 0.009999999779999999 0
-0.319999993 0.009999999779999999 0
-0.300000012 0.009999999779999999 0
-0.280000001 0.009999999779999999 0
-0.25999999 0.009999999779999999 0
-0.239999995 0.009999999779999999 0
-0.219999999 0.009999999779999999 0
-0.200000003 0.009999999779999999 0
-0.180000007 0.009999999779999999 0
-0.159999996 0.009999999779999999 0
-0.140000001 0.009999999779999999 0
-0.119999997 0.009999999779999999 0
-0.100000001 0.009999999779999999 0
-0.07999999820000001 0.009999999779999999 0
-0.0599999987 0.009999999779999999 0
-0.0399999991 0.009999999779999999 0
-0.0199999996 0.009999999779999999 0
-0.0199999996 -0.009999999779999999 0
-0.0399999991 -0.009999999779999999 0
-0.0599999987 -0.009999999779999999 0
-0.07999999820000001 -0.009999999779999999 0
-0.100000001 -0.009999999779999999 0
-0.119999997 -0.009999999779999999 0
-0.140000001 -0.009999999779999999 0
-0.159999996 -0.009999999779999999 0
-0.180000007 -0.009999999779999999 0
-0.200000003 -0.009999999779999999 0
-0.219999999 -0.009999999779999999 0
-0.239999995 -0.009999999779999999 0
-0.25999999 -0.009999999779999999 0
-0.280000001 -0.009999999779999999 0
-0.300000012 -0.009999999779999999 0
-0.319999993 -0.009999999779999999 0
-0.340000004 -0.009999999779999999 0
-0.360000014 -0.009999999779999999 0
-0.379999995 -0.009999999779999999 0
-0.400000006 -0.009999999779999999 0
-0.419999987 -0.009999999779999999 0
-0.439999998 -0.009999999779999999 0
-0.460000008 -0.009999999779999999 0
-0.479999989 -0.009999999779999999 0
-0.5 -0.0266666673 0
-0.5 -0.043333333 0
-0.479999989 -0.0599999987 0
-0.460000008 -0.0599999987 0
-0.439999998 -0.0599999987 0
-0.419999987 -0.0599999987 0
-0.400000006 -0.0599999987 0
-0.379999995 -0.0599999987 0
-0.360000014 -0.0599999987 0
-0.340000004 -0.0599999987 0
-0.319999993 -0.0599999987 0
-0.300000012 -0.0599999987 0
-0.280000001 -0.0599999987 0
-0.25999999 -0.0599999987 0
-0.239999995 -0.0599999987 0
-0.219999999 -0.0599999987 0
-0.200000003 -0.0599999987 0
-0.180000007 -0.0599999987 0
-0.159999996 -0.0599999987 0
-0.140000001 -0.0599999987 0
-0.119999997 -0.0599999987 0
-0.100000001 -0.0599999987 0
-0.07999999820000001 -0.0599999987 0
-0.0599999987 -0.0599999987 0
-0.0399999991 -0.0599999987 0
-0.0199999996 -0.0599999987 0
-0.100000001 0.0599999987 0
-0.5 0.0599999987 0
-0.5 0.009999999779999999 0
-0.5 -0.009999999779999999 0
-0.140000001 0.0599999987 0
-0.0199999996 0.0599999987 0
-0.400000006 0.0599999987 0
-0.5 -0.0599999987 0
-0.200000003 0.0599999987 0
-0.25999999 0.0599999987 0
-0.340000004 0.0599999987 0
-0.119999997 0.0599999987 0
-0.379999995 0.0599999987 0
-0.360000014 0.0599999987 0
-0.0399999991 0.0599999987 0
-0.280000001 0.0599999987 0
-0.219999999 0.0599999987 0
-0.239999995 0.0599999987 0
-0.0599999987 0.0599999987 0
-0.180000007 0.0599999987 0
-0.300000012 0.0599999987 0
-0.319999993 0.0599999987 0
-0.07999999820000001 0.0599999987 0
-0.159999996 0.0599999987 0
-0.419999987 0.0599999987 0
-0.439999998 0.0599999987 0
-0.460000008 0.0599999987 0
-0.479999989 0.0599999987 0
-0.5 0.043333333 0
-0.5 0.0266666673 0
-0.479999989 0.009999999779999999 0
-0.460000008 0.009999999779999999 0
-0.439999998 0.009999999779999999 0
-0.419999987 0.009999999779999999 0
-0.0199999996 0.0266666673 0
-0.0199999996 0.043333333 0
-0.0399999991 0.0266666673 0
-0.0399999991 0.043333333 0
-0.0599999987 0.0266666673 0
-0.0599999987 0.043333333 0
-0.07999999820000001 0.0266666673 0
-0.07999999820000001 0.043333333 0
-0.100000001 0.0266666673 0
-0.100000001 0.043333333 0
-0.119999997 0.0266666673 0
-0.119999997 0.043333333 0
-0.140000001 0.0266666673 0
-0.140000001 0.043333333 0
-0.159999996 0.0266666673 0
-0.159999996 0.043333333 0
-0.180000007 0.0266666673 0
-0.180000007 0.043333333 0
-0.200000003 0.0266666673 0
-0.200000003 0.043333333 0
-0.219999999 0.0266666673 0
-0.219999999 0.043333333 0
-0.239999995 0.0266666673 0
-0.239999995 0.043333333 0
-0.25999999 0.0266666673 0
-0.25999999 0.043333333 0
-0.280000001 0.0266666673 0
-0.280000001 0.043333333 0
-0.300000012 0.0266666673 0
-0.300000012 0.043333333 0
-0.319999993 0.0266666673 0
-0.319999993 0.043333333 0
-0.340000004 0.0266666673 0
-0.340000004 0.043333333 0
-0.360000014 0.0266666673 0
-0.360000014 0.043333333 0
-0.379999995 0.0266666673 0
-0.379999995 0.043333333 0
-0.400000006 0.0266666673 0
-0.400000006 0.043333333 0
-0.419999987 0.0266666673 0
-0.419999987 0.043333333 0
-0.439999998 0.0266666673 0
-0.439999998 0.043333333 0
-0.460000008 0.0266666673 0
-0.460000008 0.043333333 0
-0.479999989 0.0266666673 0
-0.479999989 0.043333333 0
-0.0199999996 -0.043333333 0
-0.0199999996 -0.0266666673 0
-0.0399999991 -0.043333333 0
-0.0399999991 -0.0266666673 0
-0.0599999987 -0.043333333 0
-0.0599999987 -0.0266666673 0
-0.07999999820000001 -0.043333333 0
-0.07999999820000001 -0.0266666673 0
-0.100000001 -0.043333333 0
-0.100000001 -0.0266666673 0
-0.119999997 -0.043333333 0
-0.119999997 -0.0266666673 0
-0.140000001 -0.043333333 0
-0.140000001 -0.0266666673 0
-0.159999996 -0.043333333 0
-0.159999996 -0.0266666673 0
-0.180000007 -0.043333333 0
-0.180000007 -0.0266666673 0
-0.200000003 -0.043333333 0
-0.200000003 -0.0266666673 0
-0.219999999 -0.043333333 0
-0.219999999 -0.0266666673 0
-0.239999995 -0.043333333 0
-0.239999995 -0.0266666673 0
-0.25999999 -0.043333333 0
-0.25999999 -0.0266666673 0
-0.280000001 -0.043333333 0
-0.280000001 -0.0266666673 0
-0.300000012 -0.043333333 0
-0.300000012 -0.0266666673 0
-0.319999993 -0.043333333 0
-0.319999993 -0.0266666673 0
-0.340000004 -0.043333333 0
-0.340000004 -0.0266666673 0
-0.360000014 -0.043333333 0
-0.360000014 -0.0266666673 0
-0.379999995 -0.043333333 0
-0.379999995 -0.0266666673 0
-0.400000006 -0.043333333 0
-0.400000006 -0.0266666673 0
-0.419999987 -0.043333333 0
-0.419999987 -0.0266666673 0
-0.439999998 -0.043333333 0
-0.439999998 -0.0266666673 0
-0.460000008 -0.043333333 0
-0.460000008 -0.0266666673 0
-0.479999989 -0.043333333 0
-0.479999989 -0.0266666673 0
0.5 0.280000001 0
0.5 0.324000001 0
0.5 0.368000001 0
0.5 0.412 0
0.5 0.456 0
0.423076928 0.5 0
0.346153855 0.5 0
0.269230783 0.5 0
0.192307696 0.5 0
0.115384616 0.5 0
0.0384615399 0.5 0
-0.0384615399 0.5 0
-0.115384616 0.5 0
-0.192307696 0.5 0
-0.269230783 0.5 0
-0.346153855 0.5 0
-0.423076928 0.5 0
-0.5 0.451111108 0
-0.5 0.402222216 0
-0.5 0.353333324 0
-0.5 0.304444432 0
-0.5 0.25555557 0
-0.5 0.206666663 0
-0.5 0.157777771 0
-0.5 0.108888887 0
-0.5 0.5 0
0.5 0.104000002 0
0.5 0.5 0
0.5 0.148000002 0
0.5 0.192000002 0
0.5 0.236000001 0
0.0609144196 0.0817342326 0
0.0213773996 0.0810065791 0
0.00164963992 0.0806389153 0
0.0410537161 0.08140170569999999 0
0.0807928815 0.0816697404 0
-0.11636588 0.08086209 0
-0.155379474 0.08188256620000001 0
-0.195952147 0.0835963339 0
-0.216464236 0.0839877948 0
-0.236886531 0.08373397589999999 0
-0.25717181 0.0831861421 0
-0.0375812575 0.08077736200000001 0
-0.0571756735 0.0809583366 0
-0.07703223820000001 0.08103158320000001 0
-0.018060958 0.0806019977 0
-0.0969315991 0.0810548067 0
-0.135710105 0.0813468769 0
-0.17564556 0.0829808787 0
-0.277441889 0.0833770484 0
-0.297976643 0.0844593644 0
-0.337742865 0.0814660415 0
-0.357280463 0.08131340149999999 0
-0.395812064 0.0801450759 0
-0.431601644 0.0846370831 0
-0.449032396 0.0927124023 0
0.241154492 0.0802461654 0
0.201377258 0.0838236138 0
0.180563569 0.0829863772 0
0.160152987 0.0818641707 0
0.13998118 0.0809370205 0
0.100271612 0.0811994374 0
0.119869255 0.08062074330000001 0
0.373670965 0.07992801820000001 0
0.324530095 0.0833030716 0
0.281531155 0.08239974830000001 0
0.260980189 0.0810246468 0
0.22172907 0.0833596513 0
0.0419940539 0.10293632 0
0.0224408731 0.101743817 0
0.00314544118 0.100968696 0
0.0619302429 0.10367021 0
-0.0159631986 0.101458415 0
0.08237209920000001 0.103876717 0
-0.318290144 0.08418776090000001 0
-0.414466918 0.0801854879 0
-0.376616716 0.08122970910000001 0
-0.235601157 0.107684493 0
-0.214288786 0.108600825 0
-0.255871743 0.10540323 0
-0.0541822873 0.103133552 0
-0.131315932 0.104231022 0
-0.074047327 0.103388585 0
-0.112915099 0.104204893 0
-0.150728151 0.104886316 0
-0.0939841419 0.103821017 0
-0.171428666 0.106402844 0
-0.192837894 0.107991748 0
-0.275017977 0.104476884 0
-0.35379228 0.103946522 0
-0.433073252 0.110083312 0
-0.295674562 0.108139448 0
-0.0348416194 0.102517344 0
0.415305704 0.08237869289999999 0
0.359606773 0.07313796879999999 0
0.302707136 0.083627373 0
0.159252465 0.103709936 0
0.179841861 0.106472507 0
0.139538869 0.1013356 0
0.22791867 0.111114562 0
0.243271112 0.0979152769 0
0.394325763 0.08282602579999999 0
0.201971233 0.109258376 0
0.120320998 0.10044767 0
0.435215741 0.08225522189999999 0
0.259965211 0.10267438 0
0.329683661 0.107562989 0
0.474004507 0.0924669281 0
0.10174416 0.103126459 0
-0.468483716 0.110260278 0
-0.3943865 0.102075562 0
0.442493409 0.110294618 0
0.0621701814 0.126179203 0
0.0225422326 0.122126617 0
0.0418764055 0.12501201 0
0.00457998784 0.120126426 0
0.0835043266 0.12639606 0
-0.0129794497 0.122236557 0
-0.147280753 0.128402263 0
-0.213780656 0.134415403 0
-0.127986699 0.131244153 0
-0.167973459 0.129917011 0
-0.050670296 0.126652241 0
-0.07087001950000001 0.126821682 0
-0.09071145210000001 0.127626732 0
-0.190268174 0.132567599 0
-0.238525629 0.133869201 0
-0.273494035 0.120859079 0
-0.259225488 0.127459198 0
-0.287823677 0.129834697 0
0.106391847 0.128948033 0
-0.030988669 0.12521717 0
0.176051676 0.130309746 0
0.155358881 0.125951976 0
0.136383891 0.121375889 0
0.197837338 0.13508907 0
0.221228063 0.140195116 0
0.24643375 0.148225218 0
0.278431207 0.13069883 0
0.121331833 0.116863862 0
0.304693103 0.108170666 0
0.41313979 0.10605257 0
0.460590839 0.118400961 0
0.3594082 0.102554947 0
-0.32107237 0.11253228 0
-0.419543535 0.104857683 0
0.09811829029999999 0.159849972 0
0.0055290414 0.135468304 0
-0.272256285 0.147958145 0
0.213639542 0.167143762 0
-0.16421552 0.153452978 0
-0.0470549725 0.15146856 0
0.148239896 0.147893965 0
0.190186769 0.161729231 0
-0.0247382168 0.149399027 0
0.121496096 0.157260552 0
0.421064824 0.135523811 0
0.331904501 0.135500565 0
0.281374097 0.10639441 0
-0.403406292 0.127729908 0
-0.310004503 0.140224457 0
0.359246194 0.131814718 0
-0.372643173 0.130347505 0
-0.4354105 0.128464058 0
0.336629719 0.171858773 0
0.449453801 0.147653848 0
0.388494343 0.134514973 0
0.301465511 0.165098608 0
-0.346448064 0.12566866 0
-0.399034619 0.163094714 0
0.0394379087 0.149358913 0
0.27253148 0.157263905 0
-0.213087991 0.160163328 0
-0.247485504 0.166183531 0
-0.29579401 0.164818883 0
-0.0238127075 0.198093072 0
0.111787573 0.184981465 0
-0.100731499 0.16475822 0
-0.129909366 0.165031105 0
0.176729351 0.19246909 0
0.207438558 0.194471538 0
-0.07164825499999999 0.174688131 0
0.137555912 0.174095407 0
0.445077062 0.355614364 0
0.4540672 0.312721372 0
0.471876621 0.18936041 0
0.467166424 0.229818493 0
0.461504996 0.270973593 0
0.424467564 0.448932588 0
0.441845477 0.182664469 0
-0.324829191 0.179232806 0
0.0906601474 0.199683741 0
-0.207740158 0.18316175 0
-0.157712802 0.176730514 0
-0.278921545 0.189274922 0
0.0321525 0.177230626 0
0.245555773 0.214440852 0
-0.433855236 0.164075762 0
-0.366918921 0.159302726 0
0.291913986 0.195489585 0
-0.127964169 0.207778975 0
-0.0366133451 0.228911221 0
-0.100008652 0.206662506 0
0.179677323 0.226686761 0
0.122257464 0.208738238 0
0.146479711 0.202740476 0
0.434536189 0.401015729 0
0.398193419 0.336512506 0
0.424186647 0.257591337 0
0.43396154 0.220088616 0
0.412831038 0.296488136 0
0.369538605 0.193125933 0
-0.443918586 0.348807663 0
-0.435130209 0.398693502 0
-0.427496314 0.449492633 0
-0.452189833 0.300550848 0
-0.4590832 0.253552765 0
-0.357205957 0.190952316 0
0.279544592 0.225700334 0
0.104589514 0.213968039 0
-0.156489298 0.208392248 0
0.0224026144 0.217729628 0
0.212247699 0.248014852 0
-0.427817494 0.204839543 0
-0.234439731 0.195427537 0
0.323903114 0.207895994 0
0.0570687838 0.209155962 0
-0.391568303 0.199478686 0
-0.0962022617 0.246337354 0
-0.0230375547 0.256433278 0
0.184364036 0.258742362 0
0.124597915 0.237763807 0
0.376026452 0.277256101 0
0.38955155 0.242074385 0
0.359942079 0.312979162 0
0.378000379 0.380264699 0
-0.310198665 0.208065987 0
-0.372602284 0.387960404 0
-0.391070276 0.337650061 0
-0.464398772 0.207217991 0
-0.406558216 0.291264862 0
-0.182406142 0.205629736 0
0.475901842 0.151903644 0
0.401581109 0.207892701 0
-0.20234707 0.201936185 0
0.311389863 0.240205288 0
0.0997109637 0.235361338 0
-0.130189374 0.250119895 0
-0.380182773 0.237362921 0
0.0776065663 0.224026397 0
0.0415912047 0.235969722 0
0.356437773 0.225068003 0
0.00237123668 0.23785685 0
0.234924018 0.275154024 0
-0.0526191071 0.272373945 0
0.154033616 0.271343559 0
-0.16381526 0.245097548 0
0.327867359 0.289548635 0
0.343247354 0.258441687 0
-0.217780069 0.218593672 0
0.338168681 0.348227322 0
-0.343999118 0.224389404 0
-0.364733964 0.277306974 0
-0.344146281 0.319903255 0
0.269353002 0.254693568 0
0.0917307809 0.266476959 0
0.0217031389 0.261422962 0
-0.326631218 0.259382397 0
-0.133066654 0.30025813 0
-0.418796331 0.247499421 0
0.0644711778 0.253006309 0
-0.292130858 0.238324136 0
0.196372524 0.288258106 0
0.284591496 0.294490665 0
0.309394062 0.318163514 0
-0.303888261 0.296268225 0
-0.316326559 0.367387414 0
0.259190202 0.283179343 0
-0.212525114 0.264634311 0
-0.240297899 0.24214159 0
0.0789880231 0.303675681 0
0.0470647626 0.284426123 0
0.16370514 0.321180791 0
-0.00354623003 0.285852969 0
0.272422999 0.314563453 0
-0.269069314 0.269261181 0
0.30583939 0.378803372 0
0.221760422 0.304970533 0
-0.273979396 0.334394097 0
-0.0335755982 0.307707399 0
-0.23957935 0.298692495 0
0.0587245151 0.344805092 0
0.117237814 0.317083448 0
0.284336209 0.340413243 0
0.249890372 0.312829316 0
0.343847185 0.433378398 0
0.207801089 0.342838079 0
-0.274291515 0.426623851 0
0.0234502386 0.316493273 0
-0.08737619219999999 0.286369532 0
0.266001195 0.445831895 0
0.12272539 0.273716062 0
0.101134203 0.366993248 0
-0.234703615 0.369619191 0
0.147996157 0.380885184 0
-0.178461179 0.283813536 0
-0.203984484 0.323771179 0
-0.00658131344 0.34660095 0
-0.164417103 0.343546838 0
-0.0673920363 0.326083362 0
0.131059229 0.439091533 0
0.0761057213 0.423675179 0
0.200316936 0.392114729 0
0.029457761 0.387679994 0
-0.041373264 0.371180713 0
0.255755872 0.39359349 0
-0.129968509 0.398406595 0
0.248907045 0.349122852 0
0.195956767 0.446548343 0
-0.354339272 0.442943484 0
-0.193804756 0.443444848 0
-0.00892468356 0.424014986 0
-0.124071665 0.447903305 0
-0.183007032 0.391649544 0
-0.102894232 0.342963189 0
0.454051256 0.0865246058 0
0.477373928 0.124539249 0
-0.468024433 0.160724044 0
-0.0595881864 0.441332847 0
-0.08101215959999999 0.389415085 0
0.430654883 0.100503065 0
0.389429182 0.107357368 0
0.345321238 0.0801729336 0
-0.40980044 0.09662956 0
-0.338144869 0.0994073451 0
0.412171096 0.173297763 0
-0.132147774 0.361322463 0
0.382941902 0.164770678 0
-0.261872202 0.216164798 0
0.298553944 0.269673407 0
0.35991171 0.156175151 0
0.304619789 0.135348052 0
0.253422469 0.12404725 0
-0.374403059 0.104943611 0
-0.337032139 0.151434779 0
-0.109284967 0.131501675 0
-0.19354479 0.23484166 0
-0.06493017819999999 0.238962516 0
-0.0122938436 0.215621114 0
0.00691182632 0.197239071 0
0.0379151069 0.201571897 0
0.150936276 0.234486893 0
0.215393558 0.270183206 0
0.241323069 0.247472897 0
-0.0715796128 0.205469251 0
-0.0449168868 0.201832712 0
-0.015077455 0.176449656 0
0.00735802855 0.160683528 0
0.238734052 0.173370585 0
0.0684622079 0.179729119 0
0.210014313 0.22153379 0
0.169252723 0.153739303 0
0.263142437 0.184926003 0
-0.18295449 0.180039644 0
-0.0454696417 0.176156014 0
0.128362164 0.139589176 0
0.230636895 0.194044158 0
0.0191328265 0.142472118 0
0.0625149161 0.150935873 0
0.0812353119 0.146125689 0
-0.18740344 0.15683043 0
-0.147903278 0.149310306 0
-0.0862699524 0.148439452 0
-0.0688209161 0.151088551 0
-0.00671585044 0.142615706 0
0.161231548 0.173583657 0
0.5 -0.108888887 0
-0.5 -0.104000002 0
0.115384616 -0.5 0
0.346153855 -0.5 0
-0.5 -0.324000001 0
0.5 -0.304444432 0
-0.115384616 -0.5 0
0.0384615399 -0.5 0
0.269230783 -0.5 0
0.192307696 -0.5 0
-0.269230783 -0.5 0
0.5 -0.206666663 0
-0.5 -0.368000001 0
-0.5 -0.412 0
-0.5 -0.456 0
0.5 -0.451111108 0
-0.5 -0.5 0
0.5 -0.5 0
0.5 -0.402222216 0
-0.423076928 -0.5 0
-0.192307696 -0.5 0
-0.5 -0.148000002 0
-0.5 -0.192000002 0
-0.5 -0.236000001 0
-0.5 -0.280000001 0
-0.346153855 -0.5 0
0.5 -0.25555557 0
0.423076928 -0.5 0
-0.0384615399 -0.5 0
0.5 -0.157777771 0
0.5 -0.353333324 0
0.0772511885 -0.08056167509999999 0
0.0374877676 -0.0808010101 0
0.0176463742 -0.0810994208 0
0.0573830791 -0.0807405263 0
0.09732311959999999 -0.0806518868 0
-0.239483774 -0.0795809701 0
-0.219843984 -0.0792642012 0
-0.200446114 -0.07901526239999999 0
-0.181045815 -0.07884178310000001 0
-0.142179415 -0.0802084953 0
-0.102881968 -0.0817045122 0
-0.0223856941 -0.0814301819 0
-0.0627050027 -0.0818454996 0
-0.0425316021 -0.0818034559 0
-0.00224705855 -0.0814203545 0
-0.122754268 -0.081274122 0
-0.08287008849999999 -0.0820686147 0
-0.415999234 -0.07919201250000001 0
-0.381579161 -0.0748587102 0
-0.341950804 -0.08742288500000001 0
-0.319119245 -0.08530327679999999 0
-0.278412133 -0.08144206549999999 0
-0.258917481 -0.08033283049999999 0
-0.161435694 -0.0791214183 0
-0.472487122 -0.10505227 0
0.256461918 -0.08286640050000001 0
0.318938285 -0.08374304320000001 0
0.379224718 -0.0777013451 0
0.415607333 -0.0771136358 0
0.137026802 -0.0809221789 0
0.176194876 -0.0810839683 0
0.195934415 -0.0812368244 0
0.215941653 -0.0814755261 0
0.117289893 -0.08081298319999999 0
0.15661329 -0.081143111 0
0.236094043 -0.082149677 0
0.277177155 -0.0846093968 0
0.298077911 -0.0858106166 0
0.339882791 -0.0815737844 0
0.359948963 -0.0794832781 0
0.397859633 -0.076412484 0
0.432109773 -0.0828129873 0
0.448685735 -0.092795752 0
0.075753212 -0.101484895 0
0.0557561368 -0.102059513 0
0.0359173417 -0.102614924 0
0.0956945047 -0.101622269 0
0.0159939695 -0.10301619 0
0.11527735 -0.102301352 0
-0.397377491 -0.07783801849999999 0
-0.367144257 -0.088626951 0
-0.298090309 -0.0833709612 0
-0.200337872 -0.09863037619999999 0
-0.21885328 -0.09892425689999999 0
-0.18187283 -0.0977715552 0
-0.434422225 -0.0812884495 0
-0.106182195 -0.104892224 0
-0.0242696553 -0.103885174 0
-0.0446307808 -0.104614235 0
-0.08586321030000001 -0.105457388 0
-0.12644203 -0.10389293 0
-0.06511268019999999 -0.105166934 0
-0.145689055 -0.101519272 0
-0.163340643 -0.09789989139999999 0
-0.23776263 -0.099455364 0
-0.338522077 -0.115702689 0
-0.256322116 -0.10120821 0
-0.00407435466 -0.103709199 0
0.418813199 -0.0986522809 0
0.397742271 -0.0922142416 0
0.252526253 -0.1058909 0
0.212309584 -0.103968374 0
0.192341313 -0.104215957 0
0.273252606 -0.109232336 0
0.320911765 -0.107111856 0
0.34232372 -0.102683946 0
0.380523682 -0.09517564620000001 0
0.232309997 -0.104792736 0
0.172806621 -0.104274742 0
0.15369308 -0.103950769 0
0.297904164 -0.116075009 0
0.362232178 -0.09897334870000001 0
0.428666949 -0.112228334 0
0.134589821 -0.103278205 0
0.46945259 -0.110888988 0
-0.411913127 -0.0989815295 0
0.07460499549999999 -0.122705288 0
0.0345189869 -0.125521779 0
0.0545337796 -0.124148242 0
0.0147398924 -0.125232056 0
0.09377242619999999 -0.123138353 0
-0.00542884553 -0.127287924 0
-0.199170411 -0.119690679 0
-0.21721521 -0.119145781 0
-0.181177408 -0.116874449 0
-0.131077215 -0.127389789 0
-0.109915875 -0.129914075 0
-0.0461721793 -0.129090324 0
-0.153852567 -0.125061169 0
-0.0667753816 -0.128979772 0
-0.0885961056 -0.131090179 0
-0.166090339 -0.113361157 0
-0.234963834 -0.118861131 0
-0.251624823 -0.122507848 0
0.112385094 -0.124814384 0
-0.0254358575 -0.127300769 0
0.188759044 -0.129383489 0
0.168846637 -0.129991427 0
0.209063768 -0.128475145 0
0.2286672 -0.12831986 0
0.149858654 -0.129090652 0
0.248147339 -0.129130483 0
0.266228557 -0.132991135 0
0.316227257 -0.145300224 0
0.3464261 -0.123996772 0
0.379398167 -0.140497699 0
0.131228372 -0.127070695 0
-0.31478706 -0.110401563 0
-0.436272234 -0.107960358 0
-0.449050874 -0.118623495 0
-0.367599219 -0.126455709 0
0.437626481 -0.131681964 0
0.409618139 -0.140805781 0
0.09073735030000001 -0.144930616 0
0.0318898484 -0.152542442 0
-0.232055888 -0.134515703 0
-0.196568355 -0.144934669 0
-0.135222897 -0.150460809 0
-0.0468119048 -0.159751192 0
-0.15466474 -0.148551583 0
0.260239989 -0.164158478 0
0.164128304 -0.159461841 0
0.293380171 -0.17444025 0
-0.00580976577 -0.156512246 0
0.126097396 -0.151690036 0
-0.413921267 -0.126558542 0
-0.328458905 -0.140409112 0
-0.274515986 -0.10384129 0
-0.349528015 -0.153568953 0
0.351759881 -0.172270343 0
0.318618536 -0.183061182 0
-0.333783478 -0.167339042 0
-0.441113621 -0.144536555 0
-0.393654108 -0.154271141 0
0.292371094 -0.211694032 0
-0.286774576 -0.130766243 0
0.07354205849999999 -0.143089011 0
-0.257962167 -0.152474642 0
-0.0889976844 -0.161422387 0
0.226948202 -0.154064983 0
0.107703857 -0.148169219 0
0.336992621 -0.211675242 0
-0.00337611185 -0.200795993 0
0.273395419 -0.189953938 0
-0.17049475 -0.148092017 0
-0.129007757 -0.185398072 0
-0.0261532348 -0.181840271 0
0.143847302 -0.157626539 0
-0.448047906 -0.361545205 0
-0.455605984 -0.317959696 0
-0.465123922 -0.189018279 0
-0.462823182 -0.231938973 0
-0.460306674 -0.275001049 0
-0.426925808 -0.452901721 0
-0.424723893 -0.182535723 0
0.0366272852 -0.188651815 0
0.187246516 -0.187728658 0
0.0589350164 -0.166444242 0
-0.103470221 -0.184740975 0
-0.06846610459999999 -0.18379423 0
0.118219182 -0.173072204 0
0.208178952 -0.176860511 0
0.36315757 -0.199747011 0
0.312846452 -0.235824838 0
-0.299318105 -0.15677543 0
-0.198295265 -0.188920036 0
-0.162100241 -0.194625631 0
-0.0246460605 -0.229336455 0
-0.366503626 -0.182237729 0
-0.437883586 -0.40673089 0
-0.402278423 -0.349474549 0
-0.422037065 -0.268937945 0
-0.426025957 -0.228674114 0
-0.415005475 -0.309025466 0
0.440141648 -0.165292025 0
0.380865604 -0.165947661 0
0.454410315 -0.299123228 0
0.445268989 -0.34738335 0
0.435587972 -0.39737919 0
0.427431315 -0.448631287 0
0.461957723 -0.252621621 0
-0.2741943 -0.187123805 0
0.0236531589 -0.21747978 0
0.129730433 -0.192381173 0
-0.122267753 -0.2181191 0
0.286919326 -0.263395518 0
0.352644324 -0.233800679 0
-0.0484154336 -0.206472903 0
-0.238978505 -0.183906317 0
0.382674307 -0.187893778 0
-0.334735453 -0.187197372 0
-0.09211035820000001 -0.204660609 0
-0.199938565 -0.23082687 0
-0.384544611 -0.263622969 0
-0.379169017 -0.298835069 0
-0.363774121 -0.333696634 0
-0.382963866 -0.3914617 0
0.410056442 -0.166615397 0
0.0665235743 -0.19163233 0
0.394013286 -0.33461681 0
0.410622984 -0.288377047 0
0.423467785 -0.245048448 0
0.467720777 -0.206958532 0
0.09609952569999999 -0.198913157 0
-0.470833153 -0.148186505 0
-0.389988542 -0.228198498 0
-0.31124422 -0.183166504 0
0.00482664863 -0.250807226 0
-0.158838674 -0.228567705 0
-0.356113702 -0.222642258 0
-0.10804826 -0.250773847 0
-0.0749890804 -0.230587304 0
0.236951768 -0.25557974 0
-0.238797322 -0.222931072 0
0.200059086 -0.221732855 0
0.0547433943 -0.228673667 0
0.434716195 -0.204581663 0
-0.351000428 -0.291048676 0
-0.342559576 -0.261151582 0
-0.342663676 -0.367414057 0
0.0890857056 -0.235629171 0
0.371275783 -0.274487317 0
0.349839687 -0.316238403 0
-0.265262514 -0.214324355 0
0.125547007 -0.236138836 0
0.384301692 -0.231939763 0
-0.148362547 -0.268382192 0
-0.201895863 -0.284397453 0
0.0395672582 -0.26743412 0
-0.0845435709 -0.286633313 0
0.248264045 -0.20908615 0
0.255116969 -0.290184736 0
0.161755502 -0.2327106 0
-0.283162892 -0.230370551 0
-0.330711573 -0.314092934 0
0.07940530780000001 -0.27783528 0
0.374077588 -0.385226637 0
-0.256944537 -0.263938695 0
0.122180261 -0.280775845 0
-0.0512325764 -0.259115964 0
-0.167743802 -0.330821037 0
-0.123555109 -0.31115067 0
0.203418314 -0.267466187 0
0.0202970076 -0.310064286 0
-0.274711281 -0.308445483 0
-0.320849746 -0.397759885 0
0.338272214 -0.259483725 0
-0.326232761 -0.214808166 0
0.0678861737 -0.32463935 0
0.31976971 -0.3628214 0
-0.0192843862 -0.287305981 0
0.216469511 -0.311700195 0
0.119780473 -0.329584241 0
-0.266494006 -0.385957867 0
0.0543400496 -0.377309233 0
-0.203021392 -0.35156706 0
-0.347021431 -0.440783143 0
0.281908154 -0.327852577 0
0.274117023 -0.422076017 0
0.164584011 -0.276804119 0
0.314772338 -0.292671144 0
-0.14316158 -0.382356316 0
0.238232613 -0.360949397 0
-0.268800765 -0.446109235 0
0.117930107 -0.383022696 0
-0.00502681127 -0.359380454 0
-0.0899545625 -0.35999772 0
0.354485184 -0.440950871 0
-0.202243209 -0.393845558 0
0.180674002 -0.378484547 0
0.116467491 -0.439904302 0
-0.123636782 -0.439212173 0
0.0415827408 -0.435980946 0
-0.0426337756 -0.421091884 0
0.191037983 -0.43673709 0
-0.0501308329 -0.325539827 0
-0.19676277 -0.44627744 0
-0.451890498 -0.0888591111 0
0.470816433 -0.160953358 0
-0.427661389 -0.09695394340000001 0
-0.391985744 -0.096085377 0
0.41114524 -0.0895099714 0
-0.293581456 -0.107031554 0
0.404233605 -0.198149398 0
0.170815691 -0.325417221 0
-0.393289775 -0.197718471 0
-0.390543967 -0.116325445 0
0.407470196 -0.122044012 0
-0.302953094 -0.34384051 0
0.26649943 -0.235712677 0
0.402106464 -0.106607363 0
0.389978588 -0.124477439 0
-0.307111055 -0.134526476 0
-0.268105298 -0.127176061 0
0.283614874 -0.135133982 0
-0.236810908 -0.332041562 0
0.327947587 -0.12534298 0
0.36743632 -0.118909344 0
0.384408504 -0.111650333 0
0.227744669 -0.228958771 0
-0.308642864 -0.288504213 0
-0.310847104 -0.242751881 0
-0.278374851 -0.156388372 0
0.348389834 -0.146922976 0
-0.318303883 -0.161659449 0
0.289174825 -0.154943809 0
0.244689032 -0.15027234 0
0.207649693 -0.154539898 0
0.186118394 -0.157872438 0
0.229213864 -0.186583892 0
-0.242758006 -0.143100053 0
-0.217707261 -0.139593005 0
-0.176148549 -0.134145111 0
0.0545891523 -0.145960584 0
0.0142524652 -0.14502719 0
-0.0255044252 -0.148230761 0
-0.06708924469999999 -0.150351986 0
-0.115150906 -0.15625529 0
0.0140814194 -0.175574467 0
-0.299567908 -0.204695523 0
-0.293376505 -0.266066968 0
0.160018429 -0.193675786 0
-0.180937871 -0.163365349 0
-0.295688331 -0.175879121 0
-0.226377875 -0.15913336 0
0.0429039635 -0.169281721 0
0.101021759 -0.172521606 0
0.0724704266 -0.159666792 0
-0.141519114 -0.169197023 0
-0.160157546 -0.170055762 0
0.0838272274 -0.167311206 0
-0.20788826 -0.164396137 0
</DataArray>
</Points>
<Cells>
<DataArray type="Int32" Name="connectivity" format="ascii">
0 1 7 6 
1 2 8 7 
2 3 9 8 
3 4 10 9 
4 5 11 10 
6 7 13 12 
7 8 14 13 
8 9 15 14 
9 10 16 15 
10 11 17 16 
12 13 19 18 
13 14 20 19 
14 15 21 20 
15 16 22 21 
16 17 23 22 
18 19 25 24 
19 20 26 25 
20 21 27 26 
21 22 28 27 
22 23 29 28 
24 25 31 30 
25 26 32 31 
26 27 33 32 
27 28 34 33 
28 29 35 34 
30 31 37 36 
31 32 38 37 
32 33 39 38 
33 34 40 39 
34 35 41 40 
36 37 43 42 
37 38 44 43 
38 39 45 44 
39 40 46 45 
40 41 47 46 
47 41 94 69 
41 35 95 94 
35 29 96 95 
29 23 97 96 
23 17 98 97 
17 11 99 98 
11 5 83 99 
69 94 100 68 
94 95 101 100 
95 96 102 101 
96 97 103 102 
97 98 104 103 
98 99 105 104 
99 83 84 105 
68 100 106 67 
100 101 107 106 
101 102 108 107 
102 103 109 108 
103 104 110 109 
104 105 111 110 
105 84 85 111 
67 106 112 66 
106 107 113 112 
107 108 114 113 
108 109 115 114 
109 110 116 115 
110 111 117 116 
111 85 76 117 
66 112 118 65 
112 113 119 118 
113 114 120 119 
114 115 121 120 
115 116 122 121 
116 117 123 122 
117 76 82 123 
65 118 124 64 
118 119 125 124 
119 120 126 125 
120 121 127 126 
121 122 128 127 
122 123 129 128 
123 82 86 129 
64 124 130 63 
124 125 131 130 
125 126 132 131 
126 127 133 132 
127 128 134 133 
128 129 135 134 
129 86 87 135 
63 130 136 62 
130 131 137 136 
131 132 138 137 
132 133 139 138 
133 134 140 139 
134 135 141 140 
135 87 88 141 
62 136 142 61 
136 137 143 142 
137 138 144 143 
138 139 145 144 
139 140 146 145 
140 141 147 146 
141 88 89 147 
61 142 148 60 
142 143 149 148 
143 144 150 149 
144 145 151 150 
145 146 152 151 
146 147 153 152 
147 89 77 153 
60 148 154 59 
148 149 155 154 
149 150 156 155 
150 151 157 156 
151 152 158 157 
152 153 159 158 
153 77 81 159 
59 154 160 58 
154 155 161 160 
155 156 162 161 
156 157 163 162 
157 158 164 163 
158 159 165 164 
159 81 90 165 
58 160 166 57 
160 161 167 166 
161 162 168 167 
162 163 169 168 
163 164 170 169 
164 165 171 170 
165 90 91 171 
57 166 172 56 
166 167 173 172 
167 168 174 173 
168 169 175 174 
169 170 176 175 
170 171 177 176 
171 91 92 177 
56 172 178 55 
172 173 179 178 
173 174 180 179 
174 175 181 180 
175 176 182 181 
176 177 183 182 
177 92 93 183 
55 178 184 54 
178 179 185 184 
179 180 186 185 
180 181 187 186 
181 182 188 187 
182 183 189 188 
183 93 74 189 
54 184 190 53 
184 185 191 190 
185 186 192 191 
186 187 193 192 
187 188 194 193 
188 189 195 194 
189 74 71 195 
53 190 196 52 
190 191 197 196 
191 192 198 197 
192 193 199 198 
193 194 200 199 
194 195 201 200 
195 71 80 201 
52 196 202 51 
196 197 203 202 
197 198 204 203 
198 199 205 204 
199 200 206 205 
200 201 207 206 
201 80 79 207 
51 202 50 70 
202 203 49 50 
203 204 48 49 
204 205 72 48 
205 206 73 72 
206 207 78 73 
207 79 75 78 
24 30 312 227 
30 36 313 312 
36 42 283 313 
227 312 314 226 
312 313 315 314 
313 283 292 315 
226 314 316 225 
314 315 317 316 
315 292 296 317 
225 316 318 224 
316 317 319 318 
317 296 300 319 
224 318 320 223 
318 319 321 320 
319 300 278 321 
223 320 322 222 
320 321 323 322 
321 278 289 323 
222 322 324 221 
322 323 325 324 
323 289 282 325 
221 324 326 220 
324 325 327 326 
325 282 301 327 
220 326 328 219 
326 327 329 328 
327 301 297 329 
219 328 330 218 
328 329 331 330 
329 297 286 331 
218 330 332 217 
330 331 333 332 
331 286 294 333 
217 332 334 216 
332 333 335 334 
333 294 295 335 
216 334 336 215 
334 335 337 336 
335 295 287 337 
215 336 338 214 
336 337 339 338 
337 287 293 339 
214 338 340 213 
338 339 341 340 
339 293 298 341 
213 340 342 212 
340 341 343 342 
341 298 299 343 
212 342 344 211 
342 343 345 344 
343 299 288 345 
211 344 346 210 
344 345 347 346 
345 288 291 347 
210 346 348 209 
346 347 349 348 
347 291 290 349 
209 348 350 208 
348 349 351 350 
349 290 284 351 
208 350 352 311 
350 351 353 352 
351 284 302 353 
311 352 354 310 
352 353 355 354 
353 302 303 355 
310 354 356 309 
354 355 357 356 
355 303 304 357 
309 356 358 308 
356 357 359 358 
357 304 305 359 
308 358 307 280 
358 359 306 307 
359 305 279 306 
0 6 360 277 
6 12 361 360 
12 18 228 361 
277 360 362 276 
360 361 363 362 
361 228 229 363 
276 362 364 275 
362 363 365 364 
363 229 230 365 
275 364 366 274 
364 365 367 366 
365 230 231 367 
274 366 368 273 
366 367 369 368 
367 231 232 369 
273 368 370 272 
368 369 371 370 
369 232 233 371 
272 370 372 271 
370 371 373 372 
371 233 234 373 
271 372 374 270 
372 373 375 374 
373 234 235 375 
270 374 376 269 
374 375 377 376 
375 235 236 377 
269 376 378 268 
376 377 379 378 
377 236 237 379 
268 378 380 267 
378 379 381 380 
379 237 238 381 
267 380 382 266 
380 381 383 382 
381 238 239 383 
266 382 384 265 
382 383 385 384 
383 239 240 385 
265 384 386 264 
384 385 387 386 
385 240 241 387 
264 386 388 263 
386 387 389 388 
387 241 242 389 
263 388 390 262 
388 389 391 390 
389 242 243 391 
262 390 392 261 
390 391 393 392 
391 243 244 393 
261 392 394 260 
392 393 395 394 
393 244 245 395 
260 394 396 259 
394 395 397 396 
395 245 246 397 
259 396 398 258 
396 397 399 398 
397 246 247 399 
258 398 400 257 
398 399 401 400 
399 247 248 401 
257 400 402 256 
400 401 403 402 
401 248 249 403 
256 402 404 255 
402 403 405 404 
403 249 250 405 
255 404 406 254 
404 405 407 406 
405 250 251 407 
254 406 253 285 
406 407 252 253 
407 251 281 252 
24 227 228 18 
227 226 229 228 
226 225 230 229 
225 224 231 230 
224 223 232 231 
223 222 233 232 
222 221 234 233 
221 220 235 234 
220 219 236 235 
219 218 237 236 
218 217 238 237 
217 216 239 238 
216 215 240 239 
215 214 241 240 
214 213 242 241 
213 212 243 242 
212 211 244 243 
211 210 245 244 
210 209 246 245 
209 208 247 246 
208 311 248 247 
311 310 249 248 
310 309 250 249 
309 308 251 250 
308 280 281 251 
467 67 66 466 
68 468 470 69 
440 43 44 442 
297 456 446 286 
70 434 515 51 
733 515 550 519 
53 512 501 54 
54 501 509 55 
574 739 549 564 
502 57 56 471 
740 58 57 502 
58 740 472 59 
475 507 510 465 
473 61 60 503 
506 504 541 542 
63 464 475 64 
465 65 64 475 
65 465 466 66 
46 443 439 45 
435 413 596 412 
703 596 413 414 
410 411 614 591 
569 565 514 551 
514 565 749 548 
519 550 573 564 
424 433 425 622 
645 621 620 646 
485 448 447 486 
500 450 453 480 
479 481 524 520 
770 607 626 604 
643 615 591 614 
305 517 432 279 
302 483 462 303 
497 460 459 742 
449 487 496 457 
485 486 527 534 
620 427 428 623 
427 620 621 426 
426 621 622 425 
43 440 441 42 
42 441 453 283 
292 450 451 296 
296 451 452 300 
444 289 278 454 
289 444 455 282 
282 455 445 301 
301 445 456 297 
286 446 447 294 
294 447 448 295 
449 287 295 448 
293 457 458 298 
298 458 482 299 
459 288 299 482 
460 291 288 459 
484 290 291 460 
284 461 483 302 
303 462 463 304 
463 517 305 304 
469 47 69 470 
45 439 442 44 
443 46 47 469 
522 476 479 520 
477 440 442 476 
480 453 441 478 
450 292 283 453 
476 442 439 479 
481 443 469 516 
454 278 300 452 
527 486 495 533 
581 580 600 632 
495 446 456 494 
556 537 535 536 
448 485 487 449 
287 449 457 293 
450 500 488 451 
451 488 490 452 
440 477 478 441 
452 490 493 454 
491 444 454 493 
455 489 492 445 
445 492 494 456 
553 567 571 498 
741 483 461 518 
290 484 461 284 
498 571 517 463 
498 463 462 553 
464 63 62 474 
474 62 61 473 
516 538 524 481 
506 468 467 504 
67 467 468 68 
443 481 479 439 
516 469 470 511 
468 506 511 470 
471 56 55 509 
769 561 587 783 
59 472 503 60 
750 513 566 546 
466 505 504 467 
508 464 474 513 
507 475 464 508 
578 522 520 776 
522 521 477 476 
477 521 523 478 
599 767 554 584 
555 523 521 775 
552 482 458 499 
741 553 462 483 
518 461 484 751 
484 460 497 751 
486 447 446 495 
580 527 533 778 
489 455 444 491 
526 492 489 528 
485 534 536 487 
457 496 499 458 
494 529 533 495 
500 480 525 539 
493 532 753 491 
492 526 529 494 
500 539 530 488 
531 490 488 530 
537 499 496 535 
571 605 735 517 
482 552 742 459 
535 496 487 536 
523 525 480 478 
512 53 52 733 
512 733 519 738 
549 739 509 501 
505 466 465 510 
538 554 777 524 
513 474 473 566 
750 507 508 513 
503 548 566 473 
557 561 543 544 
472 514 548 503 
540 505 510 543 
510 507 544 543 
51 515 733 52 
544 507 750 545 
740 502 471 551 
565 569 748 572 
734 550 515 434 
511 547 538 516 
553 741 518 567 
549 738 519 564 
748 745 619 572 
775 521 522 578 
778 533 529 558 
541 504 505 540 
773 538 547 542 
528 489 491 753 
580 581 534 527 
493 490 531 532 
559 530 539 562 
779 558 529 526 
772 559 562 764 
530 559 781 531 
536 534 581 556 
582 598 752 568 
752 598 625 606 
582 568 537 556 
540 543 561 769 
782 562 539 525 
541 540 769 560 
511 506 542 547 
541 560 773 542 
566 548 749 546 
546 579 545 750 
672 626 653 747 
551 739 574 569 
672 761 604 626 
773 560 590 563 
739 551 471 509 
434 436 650 734 
595 594 438 408 
575 572 633 607 
740 551 514 472 
499 537 568 552 
571 567 577 605 
531 781 780 532 
523 555 782 525 
675 679 693 683 
588 587 561 557 
557 544 545 766 
528 753 585 586 
585 610 608 586 
589 585 780 781 
558 779 586 601 
528 586 779 526 
613 587 611 759 
773 563 554 538 
766 774 588 557 
590 560 769 783 
603 765 775 578 
559 772 589 781 
573 597 743 564 
546 749 575 579 
606 625 635 577 
742 552 576 497 
594 593 437 438 
408 409 592 595 
570 751 497 576 
576 552 568 752 
591 592 409 410 
573 650 593 597 
436 437 593 650 
432 517 735 431 
565 572 575 749 
582 602 644 598 
429 624 623 428 
752 606 570 576 
584 554 563 590 
657 599 627 654 
768 604 761 630 
579 770 766 545 
601 771 778 558 
771 649 652 600 
556 581 602 582 
623 648 646 620 
755 609 637 662 
764 562 782 765 
639 612 613 759 
636 655 608 610 
771 601 628 649 
590 613 612 584 
592 591 615 618 
640 642 665 666 
763 762 589 772 
763 583 756 609 
596 703 643 614 
640 641 616 618 
650 573 550 734 
594 595 616 617 
597 617 651 743 
659 619 651 641 
411 412 596 614 
593 594 617 597 
570 606 577 567 
584 612 627 599 
698 696 683 693 
608 628 601 586 
727 645 684 705 
610 762 755 636 
579 575 607 770 
431 735 647 430 
745 743 651 619 
585 589 762 610 
655 664 628 608 
756 757 629 660 
756 660 637 609 
728 705 711 731 
611 587 588 768 
709 673 654 639 
759 611 638 663 
639 759 663 709 
692 702 685 681 
633 572 619 659 
618 616 595 592 
685 672 747 681 
607 633 653 626 
424 622 727 423 
622 621 645 727 
624 429 430 647 
656 635 625 669 
631 605 577 635 
746 632 667 687 
629 758 634 658 
660 674 691 637 
723 708 726 720 
611 768 630 638 
624 647 631 677 
649 628 664 754 
602 581 632 746 
654 627 612 639 
670 648 677 656 
664 655 676 713 
658 634 657 678 
658 674 660 629 
760 630 761 661 
719 718 417 418 
712 690 704 720 
618 615 642 640 
617 616 641 651 
615 643 668 642 
680 760 661 695 
708 703 414 415 
652 667 632 600 
625 598 644 669 
671 683 696 684 
648 623 624 677 
605 631 647 735 
635 656 677 631 
667 754 686 687 
670 675 683 671 
653 633 659 666 
662 707 636 755 
655 636 707 676 
644 602 746 679 
673 678 657 654 
719 721 699 710 
641 640 666 659 
672 685 661 761 
717 697 715 722 
760 680 638 630 
712 710 700 690 
754 664 713 686 
642 668 682 665 
695 702 725 704 
656 669 675 670 
694 668 643 703 
671 646 648 670 
423 727 705 422 
645 646 671 684 
747 653 666 665 
674 658 678 689 
689 688 699 706 
679 675 669 644 
662 697 717 707 
714 716 731 711 
678 673 688 689 
754 667 652 649 
663 638 680 690 
692 681 682 701 
668 694 701 682 
716 714 713 676 
695 661 685 702 
711 705 684 696 
698 693 687 686 
679 746 687 693 
673 709 700 688 
699 721 715 706 
706 691 674 689 
718 719 710 712 
662 637 691 697 
665 682 681 747 
701 694 723 725 
690 680 695 704 
711 696 698 714 
717 722 737 732 
713 714 698 686 
688 700 710 699 
721 729 722 715 
663 690 700 709 
708 723 694 703 
702 692 701 725 
697 691 706 715 
724 730 728 731 
718 712 720 726 
732 676 707 717 
737 736 730 724 
719 418 729 721 
723 720 704 725 
737 724 744 732 
726 708 415 416 
416 417 718 726 
716 744 724 731 
728 421 422 705 
729 418 419 736 
730 420 421 728 
736 419 420 730 
722 729 736 737 
738 549 501 512 
564 743 745 574 
744 716 676 732 
569 574 745 748 
567 518 751 570 
585 753 532 780 
757 756 583 764 
757 603 758 629 
609 755 762 763 
772 764 583 763 
757 764 765 603 
555 775 765 782 
599 657 634 767 
758 603 767 634 
767 603 578 776 
768 588 774 604 
774 766 770 604 
771 600 580 778 
777 776 520 524 
767 776 777 554 
613 590 783 587 
828 276 275 827 
2 816 818 3 
89 851 852 77 
815 858 861 819 
285 785 839 254 
1029 839 785 805 
870 256 255 1102 
1105 865 833 864 
864 258 257 832 
259 258 864 833 
865 260 259 833 
834 261 260 865 
261 834 835 262 
866 1107 952 836 
836 264 263 866 
940 1135 1149 1136 
266 820 821 267 
267 821 822 268 
823 269 268 822 
838 270 269 823 
271 824 830 272 
825 273 272 830 
273 825 831 274 
1 817 816 2 
800 803 978 798 
1081 978 803 809 
796 797 994 973 
953 951 880 935 
865 935 880 834 
832 900 1105 864 
811 801 799 1004 
1001 1025 1024 1002 
1005 810 795 1027 
892 850 847 886 
845 76 85 849 
4 815 819 5 
860 816 817 862 
875 830 824 877 
867 822 821 868 
879 820 837 881 
962 1127 1006 1013 
1021 995 973 994 
79 899 784 75 
856 843 1106 883 
937 1112 1116 930 
90 853 854 91 
1123 1122 930 1116 
1002 1003 802 814 
802 1003 1004 799 
5 819 848 83 
84 844 849 85 
76 845 846 82 
82 846 847 86 
840 88 87 850 
88 840 851 89 
81 841 853 90 
92 842 855 93 
93 855 843 74 
74 843 856 71 
71 856 857 80 
857 899 79 80 
829 0 277 826 
817 1 0 829 
815 4 3 818 
861 858 901 905 
826 277 276 828 
862 817 829 882 
859 860 902 903 
859 818 816 860 
898 844 848 863 
844 84 83 848 
820 266 265 837 
837 265 264 836 
869 867 907 909 
822 867 869 823 
270 838 824 271 
828 873 872 826 
827 275 274 831 
818 859 858 815 
882 829 826 872 
878 838 823 869 
825 871 874 831 
876 827 831 874 
832 257 256 870 
935 865 1105 1111 
917 908 868 879 
262 835 866 263 
881 837 836 952 
254 839 1102 255 
1104 870 1102 933 
850 87 86 847 
888 851 840 885 
841 889 890 853 
841 81 77 852 
842 92 91 854 
936 899 857 897 
887 846 845 893 
893 845 849 894 
886 847 846 887 
819 861 863 848 
922 946 1133 921 
927 926 1131 945 
923 924 892 886 
1106 884 1115 883 
853 890 896 854 
884 855 842 891 
856 883 897 857 
964 924 923 1132 
860 862 904 902 
873 828 827 876 
862 882 906 904 
887 893 922 921 
1138 961 901 903 
894 849 844 898 
933 934 957 950 
950 1111 1105 900 
868 821 820 879 
878 916 913 877 
879 881 918 917 
830 875 871 825 
877 824 838 878 
872 873 912 920 
871 875 910 911 
911 915 874 871 
909 916 878 869 
1138 903 902 939 
1136 941 907 908 
932 835 834 880 
908 907 867 868 
951 953 956 1129 
970 1142 942 1153 
902 904 1139 939 
842 854 896 891 
936 897 1112 937 
851 888 895 852 
954 1128 928 955 
1133 981 986 1132 
885 840 850 892 
921 923 886 887 
894 898 931 925 
852 895 889 841 
895 888 927 1119 
938 905 901 961 
898 863 919 931 
885 892 924 926 
888 885 926 927 
895 928 1121 889 
890 929 1122 896 
863 861 905 919 
900 1104 933 950 
958 993 953 935 
858 859 903 901 
961 1138 982 1152 
882 872 920 906 
876 874 915 914 
980 1143 967 1007 
938 965 919 905 
942 910 913 944 
1137 913 916 909 
1107 932 1117 960 
910 875 877 913 
943 912 914 1141 
914 912 873 876 
1141 963 984 943 
963 1141 914 915 
1142 911 910 942 
915 911 1142 963 
907 941 1137 909 
941 1147 969 1137 
1144 1006 1148 1031 
893 894 925 922 
943 1140 920 912 
1134 1055 968 945 
925 931 949 972 
945 1131 964 1134 
1131 926 924 964 
986 1134 964 1132 
966 955 959 988 
1130 945 968 947 
1121 929 890 889 
966 987 954 955 
1122 929 1128 930 
999 936 937 1022 
1116 1112 1115 1123 
919 965 949 931 
835 932 1107 866 
880 951 1117 932 
934 933 1102 839 
977 976 807 808 
1129 989 1117 951 
784 899 1103 813 
1103 899 936 999 
1000 954 987 1014 
985 949 965 1151 
971 948 1140 943 
974 973 995 998 
940 1136 908 917 
944 913 1137 969 
963 983 1016 984 
948 906 920 1140 
1147 990 991 1154 
789 1001 1002 814 
946 922 925 972 
955 928 1130 947 
939 1143 980 1150 
1143 939 1139 948 
950 957 979 958 
1107 960 1118 952 
918 881 952 1118 
976 975 806 807 
808 788 974 977 
1011 966 988 1071 
1128 954 1000 930 
959 955 947 968 
973 974 788 796 
962 1135 918 1118 
957 1029 975 979 
805 806 975 1029 
1025 1046 1047 1024 
1118 960 1127 962 
989 1127 960 1117 
938 961 1152 1155 
1019 1020 1059 1042 
1135 940 917 918 
983 963 1142 970 
1150 982 1138 939 
810 1005 1001 789 
992 1032 1007 967 
991 990 1017 1033 
942 944 1154 1153 
970 1009 1016 983 
984 1012 971 943 
948 971 967 1143 
985 1008 972 949 
1146 946 972 1008 
978 1081 1021 994 
997 996 1018 1030 
1029 957 934 839 
1110 993 958 979 
1144 1058 1048 1006 
797 798 978 994 
975 976 997 979 
1134 1039 1124 1055 
1023 982 1150 980 
1152 982 1023 1155 
991 970 1153 1154 
1045 1060 1063 1049 
968 1055 1114 959 
1026 1050 1046 1025 
1074 1047 1085 1082 
1047 1074 1061 1024 
993 1015 956 953 
962 1013 1149 1135 
1016 1009 1035 1036 
984 1016 1036 1012 
1009 970 991 1033 
1060 1053 1068 1073 
992 967 971 1012 
976 977 996 997 
979 997 1030 1110 
998 996 977 974 
1058 1062 1038 1048 
813 1103 1027 795 
1000 1022 937 930 
1071 988 1010 1085 
811 1004 1092 787 
1024 1061 1003 1002 
999 1041 1027 1103 
1031 1129 956 1015 
1032 1053 1040 1007 
980 1007 1040 1023 
1035 1009 1033 1051 
1114 1010 988 959 
1026 1025 1001 1005 
987 966 1011 1050 
1014 1108 1022 1000 
1030 1034 993 1110 
1019 1018 996 998 
990 1013 1038 1017 
1017 1052 1051 1033 
1034 1030 1018 1043 
998 995 1020 1019 
995 1021 1044 1020 
1120 1052 1062 1069 
1088 1081 809 794 
1061 1092 1004 1003 
1041 1026 1005 1027 
1050 1026 1041 1108 
1041 999 1022 1108 
1028 1045 1049 1008 
1008 985 1151 1028 
1129 1031 1148 989 
1034 1072 1015 993 
1064 992 1012 1036 
1079 1097 1095 1089 
1052 1017 1038 1062 
1075 1064 1054 1100 
1018 1019 1042 1043 
1054 1035 1051 1066 
1036 1035 1054 1064 
1008 1049 1057 1146 
1076 1087 1082 1056 
1013 1006 1048 1038 
946 1146 981 1133 
1040 1053 1060 1045 
1023 1040 1045 1028 
1043 1126 1072 1034 
1059 1020 1044 1113 
1044 1021 1081 1070 
1073 1077 1063 1060 
1037 1056 1010 1114 
787 1092 1083 792 
1144 1072 1126 1058 
1084 1057 1049 1063 
1124 1037 1114 1055 
1014 987 1050 1108 
1050 1011 1071 1046 
1066 1091 1100 1054 
1086 1065 1080 1093 
1064 1075 1032 992 
1073 1068 1090 1079 
1065 1066 1051 1052 
1067 1039 1057 1084 
1146 1057 1039 981 
1125 1043 1042 1059 
1069 1062 1145 1125 
1078 1113 1044 1070 
1085 1047 1046 1071 
1092 1061 1074 1083 
1145 1062 1058 1126 
1076 1109 1094 1087 
1100 1091 1098 1090 
1087 1083 1074 1082 
1084 1063 1077 1109 
1037 1067 1076 1056 
1075 1068 1053 1032 
1125 1145 1126 1043 
1113 1078 1120 1069 
1093 1078 1088 1101 
1031 1015 1072 1144 
1099 1094 1089 1095 
1052 1120 1080 1065 
1076 1067 1084 1109 
1073 1079 1089 1077 
1059 1113 1069 1125 
1090 1068 1075 1100 
791 786 1095 1097 
1093 1101 1096 1086 
793 792 1083 1099 
1085 1010 1056 1082 
1098 1096 790 812 
1066 1065 1086 1091 
1070 1081 1088 1078 
1087 1094 1099 1083 
812 791 1097 1098 
1090 1098 1097 1079 
1078 1093 1080 1120 
804 790 1096 1101 
1089 1094 1109 1077 
786 793 1099 1095 
1091 1086 1096 1098 
1101 1088 794 804 
1104 900 832 870 
1106 843 855 884 
958 935 1111 950 
1112 897 883 1115 
1123 1115 884 891 
928 895 1119 1130 
1130 1119 927 945 
929 1121 928 1128 
896 1122 1123 891 
1124 1039 1067 1037 
1127 989 1148 1006 
1132 923 921 1133 
986 981 1039 1134 
1139 904 906 948 
941 1136 1149 1156 
990 1156 1149 1013 
1147 941 1156 990 
1028 1151 1155 1023 
1155 1151 965 938 
1154 944 969 1147 
</DataArray>
<DataArray type="Int32" Name="offsets" format="ascii">
4 8 12 16 20 24 28 32 36 40 44 48 52 56 60 64 68 72 76 80 84 88 92 96 100 104 108 112 116 120 124 128 132 136 140 144 148 152 156 160 164 168 172 176 180 184 188 192 196 200 204 208 212 216 220 224 228 232 236 240 244 248 252 256 260 264 268 272 276 280 284 288 292 296 300 304 308 312 316 320 324 328 332 336 340 344 348 352 356 360 364 368 372 376 380 384 388 392 396 400 404 408 412 416 420 424 428 432 436 440 444 448 452 456 460 464 468 472 476 480 484 488 492 496 500 504 508 512 516 520 524 528 532 536 540 544 548 552 556 560 564 568 572 576 580 584 588 592 596 600 604 608 612 616 620 624 628 632 636 640 644 648 652 656 660 664 668 672 676 680 684 688 692 696 700 704 708 712 716 720 724 728 732 736 740 744 748 752 756 760 764 768 772 776 780 784 788 792 796 800 804 808 812 816 820 824 828 832 836 840 844 848 852 856 860 864 868 872 876 880 884 888 892 896 900 904 908 912 916 920 924 928 932 936 940 944 948 952 956 960 964 968 972 976 980 984 988 992 996 1000 1004 1008 1012 1016 1020 1024 1028 1032 1036 1040 1044 1048 1052 1056 1060 1064 1068 1072 1076 1080 1084 1088 1092 1096 1100 1104 1108 1112 1116 1120 1124 1128 1132 1136 1140 1144 1148 1152 1156 1160 1164 1168 1172 1176 1180 1184 1188 1192 1196 1200 1204 1208 1212 1216 1220 1224 1228 1232 1236 1240 1244 1248 1252 1256 1260 1264 1268 1272 1276 1280 1284 1288 1292 1296 1300 1304 1308 1312 1316 1320 1324 1328 1332 1336 1340 1344 1348 1352 1356 1360 1364 1368 1372 1376 1380 1384 1388 1392 1396 1400 1404 1408 1412 1416 1420 1424 1428 1432 1436 1440 1444 1448 1452 1456 1460 1464 1468 1472 1476 1480 1484 1488 1492 1496 1500 1504 1508 1512 1516 1520 1524 1528 1532 1536 1540 1544 1548 1552 1556 1560 1564 1568 1572 1576 1580 1584 1588 1592 1596 1600 1604 1608 1612 1616 1620 1624 1628 1632 1636 1640 1644 1648 1652 1656 1660 1664 1668 1672 1676 1680 1684 1688 1692 1696 1700 1704 1708 1712 1716 1720 1724 1728 1732 1736 1740 1744 1748 1752 1756 1760 1764 1768 1772 1776 1780 1784 1788 1792 1796 1800 1804 1808 1812 1816 1820 1824 1828 1832 1836 1840 1844 1848 1852 1856 1860 1864 1868 1872 1876 1880 1884 1888 1892 1896 1900 1904 1908 1912 1916 1920 1924 1928 1932 1936 1940 1944 1948 1952 1956 1960 1964 1968 1972 1976 1980 1984 1988 1992 1996 2000 2004 2008 2012 2016 2020 2024 2028 2032 2036 2040 2044 2048 2052 2056 2060 2064 2068 2072 2076 2080 2084 2088 2092 2096 2100 2104 2108 2112 2116 2120 2124 2128 2132 2136 2140 2144 2148 2152 2156 2160 2164 2168 2172 2176 2180 2184 2188 2192 2196 2200 2204 2208 2212 2216 2220 2224 2228 2232 2236 2240 2244 2248 2252 2256 2260 2264 2268 2272 2276 2280 2284 2288 2292 2296 2300 2304 2308 2312 2316 2320 2324 2328 2332 2336 2340 2344 2348 2352 2356 2360 2364 2368 2372 2376 2380 2384 2388 2392 2396 2400 2404 2408 2412 2416 2420 2424 2428 2432 2436 2440 2444 2448 2452 2456 2460 2464 2468 2472 2476 2480 2484 2488 2492 2496 2500 2504 2508 2512 2516 2520 2524 2528 2532 2536 2540 2544 2548 2552 2556 2560 2564 2568 2572 2576 2580 2584 2588 2592 2596 2600 2604 2608 2612 2616 2620 2624 2628 2632 2636 2640 2644 2648 2652 2656 2660 2664 2668 2672 2676 2680 2684 2688 2692 2696 2700 2704 2708 2712 2716 2720 2724 2728 2732 2736 2740 2744 2748 2752 2756 2760 2764 2768 2772 2776 2780 2784 2788 2792 2796 2800 2804 2808 2812 2816 2820 2824 2828 2832 2836 2840 2844 2848 2852 2856 2860 2864 2868 2872 2876 2880 2884 2888 2892 2896 2900 2904 2908 2912 2916 2920 2924 2928 2932 2936 2940 2944 2948 2952 2956 2960 2964 2968 2972 2976 2980 2984 2988 2992 2996 3000 3004 3008 3012 3016 3020 3024 3028 3032 3036 3040 3044 3048 3052 3056 3060 3064 3068 3072 3076 3080 3084 3088 3092 3096 3100 3104 3108 3112 3116 3120 3124 3128 3132 3136 3140 3144 3148 3152 3156 3160 3164 3168 3172 3176 3180 3184 3188 3192 3196 3200 3204 3208 3212 3216 3220 3224 3228 3232 3236 3240 3244 3248 3252 3256 3260 3264 3268 3272 3276 3280 3284 3288 3292 3296 3300 3304 3308 3312 3316 3320 3324 3328 3332 3336 3340 3344 3348 3352 3356 3360 3364 3368 3372 3376 3380 3384 3388 3392 3396 3400 3404 3408 3412 3416 3420 3424 3428 3432 3436 3440 3444 3448 3452 3456 3460 3464 3468 3472 3476 3480 3484 3488 3492 3496 3500 3504 3508 3512 3516 3520 3524 3528 3532 3536 3540 3544 3548 3552 3556 3560 3564 3568 3572 3576 3580 3584 3588 3592 3596 3600 3604 3608 3612 3616 3620 3624 3628 3632 3636 3640 3644 3648 3652 3656 3660 3664 3668 3672 3676 3680 3684 3688 3692 3696 3700 3704 3708 3712 3716 3720 3724 3728 3732 3736 3740 3744 3748 3752 3756 3760 3764 3768 3772 3776 3780 3784 3788 3792 3796 3800 3804 3808 3812 3816 3820 3824 3828 3832 3836 3840 3844 3848 3852 3856 3860 3864 3868 3872 3876 3880 3884 3888 3892 3896 3900 3904 3908 3912 3916 3920 3924 3928 3932 3936 3940 3944 3948 3952 3956 3960 3964 3968 3972 3976 3980 3984 3988 3992 3996 4000 4004 4008 4012 4016 4020 4024 4028 4032 4036 4040 4044 4048 4052 4056 4060 4064 4068 4072 4076 4080 4084 4088 4092 4096 4100 4104 4108 4112 4116 4120 4124 4128 4132 4136 4140 4144 4148 4152 4156 4160 4164 4168 4172 4176 4180 4184 4188 4192 4196 4200 4204 4208 4212 4216 4220 4224 4228 4232 4236 4240 4244 4248 4252 4256 4260 4264 4268 4272 4276 4280 4284 4288 4292 4296 4300 4304 4308 4312 4316 4320 4324 4328 4332 4336 4340 4344 4348 4352 4356 4360 4364 4368 4372 4376 4380 4384 4388 4392 4396 4400 4404 4408 4412 4416 4420 4424 4428 4432 4436 4440 4444 4448 4452 4456 4460 4464 4468 
</DataArray>
<DataArray type="UInt8" Name="types" format="ascii">
9 9 9 9 9 9 9 9 9 9 9 9 9 9 9 9 9 9 9 9 9 9 9 9 9 9 9 9 9 9 9 9 9 9 9 9 9 9 9 9 9 9 9 9 9 9 9 9 9 9 9 9 9 9 9 9 9 9 9 9 9 9 9 9 9 9 9 9 9 9 9 9 9 9 9 9 9 9 9 9 9 9 9 9 9 9 9 9 9 9 9 9 9 9 9 9 9 9 9 9 9 9 9 9 9 9 9 9 9 9 9 9 9 9 9 9 9 9 9 9 9 9 9 9 9 9 9 9 9 9 9 9 9 9 9 9 9 9 9 9 9 9 9 9 9 9 9 9 9 9 9 9 9 9 9 9 9 9 9 9 9 9 9 9 9 9 9 9 9 9 9 9 9 9 9 9 9 9 9 9 9 9 9 9 9 9 9 9 9 9 9 9 9 9 9 9 9 9 9 9 9 9 9 9 9 9 9 9 9 9 9 9 9 9 9 9 9 9 9 9 9 9 9 9 9 9 9 9 9 9 9 9 9 9 9 9 9 9 9 9 9 9 9 9 9 9 9 9 9 9 9 9 9 9 9 9 9 9 9 9 9 9 9 9 9 9 9 9 9 9 9 9 9 9 9 9 9 9 9 9 9 9 9 9 9 9 9 9 9 9 9 9 9 9 9 9 9 9 9 9 9 9 9 9 9 9 9 9 9 9 9 9 9 9 9 9 9 9 9 9 9 9 9 9 9 9 9 9 9 9 9 9 9 9 9 9 9 9 9 9 9 9 9 9 9 9 9 9 9 9 9 9 9 9 9 9 9 9 9 9 9 9 9 9 9 9 9 9 9 9 9 9 9 9 9 9 9 9 9 9 9 9 9 9 9 9 9 9 9 9 9 9 9 9 9 9 9 9 9 9 9 9 9 9 9 9 9 9 9 9 9 9 9 9 9 9 9 9 9 9 9 9 9 9 9 9 9 9 9 9 9 9 9 9 9 9 9 9 9 9 9 9 9 9 9 9 9 9 9 9 9 9 9 9 9 9 9 9 9 9 9 9 9 9 9 9 9 9 9 9 9 9 9 9 9 9 9 9 9 9 9 9 9 9 9 9 9 9 9 9 9 9 9 9 9 9 9 9 9 9 9 9 9 9 9 9 9 9 9 9 9 9 9 9 9 9 9 9 9 9 9 9 9 9 9 9 9 9 9 9 9 9 9 9 9 9 9 9 9 9 9 9 9 9 9 9 9 9 9 9 9 9 9 9 9 9 9 9 9 9 9 9 9 9 9 9 9 9 9 9 9 9 9 9 9 9 9 9 9 9 9 9 9 9 9 9 9 9 9 9 9 9 9 9 9 9 9 9 9 9 9 9 9 9 9 9 9 9 9 9 9 9 9 9 9 9 9 9 9 9 9 9 9 9 9 9 9 9 9 9 9 9 9 9 9 9 9 9 9 9 9 9 9 9 9 9 9 9 9 9 9 9 9 9 9 9 9 9 9 9 9 9 9 9 9 9 9 9 9 9 9 9 9 9 9 9 9 9 9 9 9 9 9 9 9 9 9 9 9 9 9 9 9 9 9 9 9 9 9 9 9 9 9 9 9 9 9 9 9 9 9 9 9 9 9 9 9 9 9 9 9 9 9 9 9 9 9 9 9 9 9 9 9 9 9 9 9 9 9 9 9 9 9 9 9 9 9 9 9 9 9 9 9 9 9 9 9 9 9 9 9 9 9 9 9 9 9 9 9 9 9 9 9 9 9 9 9 9 9 9 9 9 9 9 9 9 9 9 9 9 9 9 9 9 9 9 9 9 9 9 9 9 9 9 9 9 9 9 9 9 9 9 9 9 9 9 9 9 9 9 9 9 9 9 9 9 9 9 9 9 9 9 9 9 9 9 9 9 9 9 9 9 9 9 9 9 9 9 9 9 9 9 9 9 9 9 9 9 9 9 9 9 9 9 9 9 9 9 9 9 9 9 9 9 9 9 9 9 9 9 9 9 9 9 9 9 9 9 9 9 9 9 9 9 9 9 9 9 9 9 9 9 9 9 9 9 9 9 9 9 9 9 9 9 9 9 9 9 9 9 9 9 9 9 9 9 9 9 9 9 9 9 9 9 9 9 9 9 9 9 9 9 9 9 9 9 9 9 9 9 9 9 9 9 9 9 9 9 9 9 9 9 9 9 9 9 9 9 9 9 9 9 9 9 9 9 9 9 9 9 9 9 9 9 9 9 9 9 9 9 9 9 9 9 9 9 9 9 9 9 9 9 9 9 9 9 9 9 9 9 9 9 9 9 9 9 9 9 9 9 9 9 9 9 9 9 9 9 9 9 9 9 9 9 9 9 9 9 9 9 9 9 9 9 9 9 9 9 9 9 9 9 9 9 9 9 9 9 9 9 9 9 9 9 9 9 9 9 9 9 9 9 9 9 9 9 9 9 9 9 9 9 9 9 9 9 9 9 9 9 9 9 9 9 9 9 9 9 9 9 9 9 9 9 9 9 9 9 9 9 9 9 9 9 9 9 9 
</DataArray>
</Cells>
<PointData>
<DataArray type="Float64" Name="phi" NumberOfComponents="1" format="ascii">
0.6450764573578406 
0.656306148713878 
0.6660926172826863 
0.6724838579892343 
0.6746431927826666 
0.6718819869057064 
0.7467425451207514 
0.7578059509595011 
0.7664813727828688 
0.7712632125517549 
0.7719459727096 
0.7672870033263646 
0.8637601137130777 
0.8721887998189183 
0.8764530931879988 
0.8791377262775666 
0.8787971159085092 
0.8731809652491166 
1 
0.9846480846488291 
0.9869816321087297 
0.9865881041262236 
0.985837185065965 
0.9818619505123384 
1 
0.9846976992490779 
0.9870471273293991 
0.9866759386808842 
0.9859522776270845 
0.9820236881302841 
0.8639262597751821 
0.872432675668842 
0.8767886989462322 
0.8795729028991069 
0.8793527748689163 
0.8738868162572074 
0.7470421155845779 
0.7581829946899523 
0.7669424135494481 
0.7718314903883522 
0.7726660736463236 
0.7682004773456107 
0.6455138672946192 
0.6567995423660546 
0.6666207610005509 
0.6730766806484624 
0.6753855987799559 
0.6728843544445859 
0.2453144558463459 
0.2454046236971312 
0.2455907749147451 
0.2484313430489229 
0.2555463172190734 
0.2662349668214029 
0.2799400116887962 
0.2962662967019549 
0.3148658101840886 
0.3355406091276816 
0.3587491387844444 
0.3844274506111212 
0.4124852617914932 
0.4427150888925476 
0.4747414124687309 
0.5078418312051148 
0.5411641450316584 
0.5734185354839262 
0.6032528551564127 
0.6292417145708592 
0.650008756985877 
0.6646217379622356 
0.2460005103268676 
0.2660612837704495 
0.2453255995305604 
0.2454432798755556 
0.2795820413217567 
0.2459871857789028 
0.6019254760342337 
0.4117979400844349 
0.2456771888234288 
0.2487329147446214 
0.2555630922122432 
0.383928443820344 
0.5721968789884857 
0.6633569718543695 
0.6486086541886456 
0.6278139213670429 
0.5399649764377136 
0.5066624405327913 
0.4736122170035361 
0.4417908308074587 
0.3583980327531895 
0.3352156221477146 
0.3143323562388684 
0.295754029984947 
0.7559946459136582 
0.8573406975500337 
0.9589306857669806 
0.9586523785825269 
0.856444485593548 
0.7548803829229547 
0.7351397787844161 
0.8279884797729433 
0.9069623752418784 
0.9065453265356628 
0.8269213042927214 
0.7338771898730444 
0.7057115555454397 
0.7842517935897422 
0.8410411009855516 
0.8405969363479419 
0.7831617098311927 
0.7043963098480989 
0.6691918675471057 
0.7313975731638164 
0.7718768735332927 
0.7714800962818955 
0.7303921688348203 
0.6679204955893161 
0.6279132693243462 
0.6755220251547149 
0.7043474216260868 
0.7040148061513619 
0.6746434640924331 
0.6267426302809711 
0.5846786430209142 
0.6205263949719489 
0.6411726857576809 
0.6409045249453121 
0.6197904927289255 
0.5836310382845177 
0.541841904355683 
0.5686572704455951 
0.5835701363755823 
0.5833560531877779 
0.5680503055069545 
0.5409194741730813 
0.5009792776864586 
0.520992758208455 
0.5318421229691365 
0.5316657045796874 
0.5204785193067032 
0.5001563598409047 
0.4628867455383855 
0.4778353111062664 
0.4857767182985169 
0.4856284658387305 
0.4774007967584309 
0.4621902547733148 
0.4279076599813357 
0.4390858149410891 
0.4449260476613617 
0.4448032457276132 
0.4387308150160004 
0.4273590762169372 
0.396148225353996 
0.4044841517395222 
0.4087812306423327 
0.4086814601394926 
0.4041999945736178 
0.3957243840112511 
0.3675560959714467 
0.3737165817664131 
0.3768558864240054 
0.3767749121632605 
0.3734871974044437 
0.3672239311839819 
0.3420127232077937 
0.3464667437201619 
0.3487175926977377 
0.3486489062170988 
0.3462675357555969 
0.3417069551006501 
0.3193333998529599 
0.3224406504875034 
0.3240020607860603 
0.3239409253219979 
0.322252931913184 
0.3190043476642465 
0.2993176625124448 
0.3014002058721639 
0.302437125504168 
0.3023867649680245 
0.301238144699197 
0.2990084355186324 
0.2819306635170596 
0.2832464233576789 
0.2838895484630021 
0.2838579021074858 
0.2831409883059085 
0.2817206136685714 
0.2673621132002736 
0.2680775781711126 
0.2684195099513961 
0.2684087821067409 
0.2680428805344714 
0.2672827952082149 
0.2559788184468583 
0.256229412803942 
0.2563412069358382 
0.256344553300525 
0.2562436509769461 
0.256022745832421 
0.2484099211597224 
0.2483327311722356 
0.2482954564173065 
0.2483045901845256 
0.2483660114406716 
0.2484830957676574 
1 
1 
1 
1 
1 
1 
1 
1 
1 
1 
1 
1 
1 
1 
1 
1 
1 
1 
1 
1 
1 
1 
1 
1 
1 
1 
1 
1 
1 
1 
1 
1 
1 
1 
1 
1 
1 
1 
1 
1 
1 
1 
1 
1 
0.8455200134925497 
0.714309634204679 
0.6029664679198526 
0.6061370220555172 
0.607233609782584 
0.6071024037375057 
0.607108660238357 
0.6073878021984507 
0.6059573517308122 
0.6057873302308117 
0.6064176854139723 
0.6069794624197021 
0.6074465616294674 
0.6078109804151609 
0.6081958855807286 
0.6086327030303209 
0.6092016458574729 
0.6099168180690347 
0.6107810066222703 
0.6118044748397384 
0.6131405313339817 
0.6150547845502859 
0.6177278511305322 
0.6215695731174465 
0.6270417907081304 
0.6348506662401632 
0.6151135447066203 
0.601066088609541 
1 
1 
0.6116359675691195 
0.6351905749645339 
0.6069275517710417 
0.6026090141637058 
0.6087262676096503 
0.607670216799835 
0.6069240227171967 
0.6131557120163407 
0.6066862213484547 
0.6067732645356686 
0.6273173810070924 
0.607375730889352 
0.6081796913517262 
0.6078655925209947 
0.6217582446154343 
0.6094643928555132 
0.6069818116208306 
0.6068514917303192 
0.617868916744332 
0.6104581664973678 
0.6072930178292881 
0.6072485114957528 
0.6058532426634471 
0.6017901992363837 
0.713520018001631 
0.8451825828433966 
1 
1 
1 
1 
0.8582491466447579 
0.7378076705754321 
0.854288539529356 
0.7314396850415085 
0.8520490959272382 
0.7272633793290626 
0.8505809381775985 
0.724470329765931 
0.8495671131048875 
0.7225237078721773 
0.8488365712387146 
0.7211193812736197 
0.8482885180029026 
0.7200643076970304 
0.8478627857663338 
0.7192357335647577 
0.8475270585188719 
0.7185780936041432 
0.8472670436133221 
0.7180669970656345 
0.8470741694185462 
0.7176967168952716 
0.8469343462955693 
0.7174430206078737 
0.8468241354509001 
0.717249113819993 
0.8467254592148401 
0.7170513342091869 
0.846641298735065 
0.7168674262929844 
0.8465836011122129 
0.7167611178880798 
0.8465502465186704 
0.7167136313198964 
0.8465329976776121 
0.7166714783443573 
0.8465367821774703 
0.7166682051938885 
0.8465572926553309 
0.7167518260043648 
0.8465322201995347 
0.7168067165949897 
0.8463310061494583 
0.7165208174132707 
0.8458985502028837 
0.7154887842461842 
0.8454036217030917 
0.714183485990768 
0.737575179252369 
0.858131354802573 
0.7312623792557839 
0.8541997919220897 
0.7271326526810482 
0.8519843749088784 
0.7243847198023234 
0.8505385886273873 
0.7224822581146393 
0.8495493544490528 
0.7211402946392436 
0.8488501596693965 
0.7201698250950502 
0.8483414495781831 
0.7194342387010942 
0.8479559300709116 
0.7188419943862474 
0.8476501654497792 
0.718355459479168 
0.8474012101571786 
0.7179619578142914 
0.8471977085831669 
0.7176410401108217 
0.8470290183554343 
0.717362294497379 
0.8468802790424357 
0.7170849651812267 
0.8467348692529701 
0.7167790377882182 
0.84658276963113 
0.7164500700051822 
0.846442073720771 
0.7162433896501834 
0.846372897354477 
0.716390377077077 
0.8464137661205333 
0.7166973985184032 
0.8465153127922681 
0.716857355581316 
0.8465825317426381 
0.7168164876769177 
0.8465597353042876 
0.7165829226840281 
0.8463931789148212 
0.71579921855983 
0.8460623805649644 
0.7148111012981705 
0.8456873144967141 
0.2363087682007189 
0.2333631628821359 
0.2315430388239872 
0.2308486825396294 
0.2308192585718473 
0.2144240824423652 
0.1838319055075572 
0.1513631208951625 
0.119136605932287 
0.0890494435854125 
0.06135780744590232 
0.04270754956990908 
0.02960965438525974 
0.02190261419450627 
0.01777870137124471 
0.01629849905571308 
0.01583233449356659 
0.0175038211443779 
0.02319957056606863 
0.03425781569999513 
0.05342680348995227 
0.08547606966974604 
0.1383221716097225 
0.2251084604577622 
0.3694035199015045 
0.01575443536665657 
0.2456880057106718 
0.2308450155277077 
0.2451933563055028 
0.242887062311697 
0.2397920805525504 
0.5636619050690462 
0.5492011784930625 
0.5397890110791476 
0.5574692975438926 
0.5682203618266349 
0.5013681460697657 
0.4929011045374573 
0.4822602466590253 
0.4795993166243473 
0.4803818781440298 
0.4828976904889198 
0.5199062368956928 
0.5123550842970422 
0.5069948329594838 
0.5294372721424406 
0.5031452613485428 
0.4970509012387057 
0.4862933741181989 
0.4817627723790741 
0.4757640281939987 
0.490343891793932 
0.4904116861284361 
0.4960425913279097 
0.4745801967736133 
0.437636784952068 
0.4625026583158879 
0.4980259328011177 
0.5208358288283 
0.541860145466475 
0.5588606588043755 
0.5706337430674143 
0.5691679444161422 
0.3136017020935596 
0.3594823412332468 
0.409358155817278 
0.4365770496499055 
0.4774407529856413 
0.4659470561456268 
0.4607572704450873 
0.4534098353559086 
0.4715632388669491 
0.4414545613276468 
0.4766612532622523 
0.4764472250649677 
0.4964606745115578 
0.4903319597318997 
0.3789099297112615 
0.3761993212232416 
0.3875969718774371 
0.4190008380941367 
0.3986869111516443 
0.4122867607597065 
0.4011236463190229 
0.3944898724047939 
0.4061239319795786 
0.3871532476770068 
0.3796890269318413 
0.3913290305864857 
0.3908963649216944 
0.3672446053985035 
0.3767289854757258 
0.4286120602913604 
0.2793239121489608 
0.3296706757057547 
0.3831840096963469 
0.4683991316837914 
0.449949784455538 
0.4838172721182714 
0.4078403637792122 
0.4238996935158891 
0.294854266061327 
0.4296694062771056 
0.4914925567000454 
0.2666937443452123 
0.3995857962080182 
0.3336341757191268 
0.2494679692345692 
0.4818449703730169 
0.3618846320950986 
0.3978213130304659 
0.2598804056644648 
0.3935338414839147 
0.3881736105399601 
0.3881498688428849 
0.3857533964317775 
0.4007610159450471 
0.3698655709509123 
0.3150624229904005 
0.2921369466163708 
0.3078988306444423 
0.3086137612673358 
0.339998093843747 
0.333370725604676 
0.326119122718724 
0.2990283660307735 
0.2922637014847306 
0.333178562733741 
0.3115261460323254 
0.30365315616439 
0.3971015781735637 
0.3520400882928 
0.3895978581629776 
0.4053440171532661 
0.4209029062058922 
0.3723176881865239 
0.3544366651824471 
0.3322168139060172 
0.3430062730822692 
0.4361844607970464 
0.353327631491718 
0.2751996457136447 
0.2523773090392917 
0.313641904263005 
0.3586540448008558 
0.386820365491354 
0.3155233747093054 
0.339686395063707 
0.2542329509873088 
0.3104626607259014 
0.2461559275038339 
0.27429957034581 
0.3517867276229694 
0.3220180572970278 
0.2878644667329723 
0.3284180384187868 
0.2639059281822226 
0.3077460229170808 
0.3751085087105827 
0.3074043854222775 
0.2730159769240578 
0.29577548861825 
0.3006299768877642 
0.3067429307219956 
0.2768845998739221 
0.2520280327183519 
0.2790527100501681 
0.2932372379223787 
0.31535268465936 
0.2162599126341425 
0.3175757519912109 
0.3110274522249227 
0.2280250723870405 
0.2122303087056674 
0.2142994278580277 
0.1931349205514934 
0.2694417400881358 
0.2289839194283995 
0.2233564765587599 
0.2712947765639413 
0.271512982658495 
0.2175002256465916 
0.2957715435254726 
0.2252632591774138 
0.2302159280026715 
0.2439098525840565 
0.2399112770495452 
0.2351293327290934 
0.215666206230971 
0.2479960053356252 
0.1854125360272472 
0.2375188331002683 
0.1827749190263262 
0.1982588709299338 
0.1690096208438344 
0.2523079428116372 
0.2506774373199143 
0.213569445943312 
0.2252750548038048 
0.2667770257341014 
0.1509507271149977 
0.1470806296099827 
0.157503422163926 
0.227646071183308 
0.2345966794335858 
0.2502963481575656 
0.2200586282633041 
0.2163483432912439 
0.2340275019247817 
0.2415317257712943 
0.2257567156080714 
0.2566677771647177 
0.03569899199817515 
0.02384325861685004 
0.01767608990428784 
0.05556014872569034 
0.08740964834895831 
0.1645711815150926 
0.2422744184490421 
0.2216390333927549 
0.1472212488940826 
0.182757126623871 
0.2145476130440366 
0.1420263715544797 
0.1607561037593064 
0.2541879541008437 
0.2088327655141545 
0.1505810487600417 
0.1132191290357435 
0.1235034437094072 
0.197540515458384 
0.1985913791298336 
0.2245578899727485 
0.2360909220810087 
0.2118758069696196 
0.2043076753114966 
0.139828601354624 
0.02612374144598222 
0.03972226548811254 
0.1379894799653699 
0.06105699362577154 
0.1490123191767079 
0.2463946781373503 
0.2466445081736266 
0.153389085294902 
0.2339877980718663 
0.1923748246016224 
0.1037322164625001 
0.1036364541645471 
0.1973151166481167 
0.1680202901466729 
0.2426579624021233 
0.1506465986343116 
0.1989921386113052 
0.1018669418470328 
0.1765907634633299 
0.1046737337605552 
0.2124137608700452 
0.2273321552904209 
0.12969273171484 
0.1972452713686867 
0.1184510220115468 
0.07038959249464509 
0.04732934891665674 
0.2201906185013821 
0.1576366313226159 
0.1347071522417121 
0.08448008050376121 
0.06804016367508825 
0.09322562843607603 
0.1592554369738769 
0.1045122369263419 
0.1790449039148125 
0.2005951504001524 
0.1974286726104884 
0.05990878470073174 
0.03161651308942443 
0.2001683857102484 
0.08448132508327025 
0.1026096639858481 
0.1250188641388385 
0.1257827535696868 
0.1470251330767121 
0.1068000142041842 
0.1882802787886912 
0.07838024330000105 
0.1792781811870027 
0.1768642397421533 
0.04315401060808296 
0.08454071996748483 
0.06075221032639974 
0.09648978115601912 
0.1319313905502425 
0.1822135676092441 
0.181920695872736 
0.1858824855162037 
0.1541067237299378 
0.02154238456794469 
0.09742200635390136 
0.08429062789658368 
0.1528365002843356 
0.1633129614507856 
0.1035840662115187 
0.03372259997422421 
0.1171728730642146 
0.07340579183066646 
0.05053849688580582 
0.07465175066098693 
0.04633677247366999 
0.06745779923382555 
0.09840349306748046 
0.08043149771733298 
0.1351844569040441 
0.07271506984011042 
0.05776447627404128 
0.1570321982873727 
0.03650191593242665 
0.166893453496718 
0.1236147835235655 
0.01872552557913397 
0.02436301244130352 
0.05484636838772831 
0.03068631206514063 
0.03222594522324815 
0.05440558872639894 
0.2568330859643062 
0.2478517112366211 
0.2190494846494899 
0.04138991881544622 
0.04545199875650044 
0.2666554015666998 
0.2895931244119586 
0.339959454067833 
0.4215149758864721 
0.4107987445916726 
0.2561835572344468 
0.04495105164062184 
0.2676470676001667 
0.1305462210187274 
0.2159886360453726 
0.2804643447105354 
0.322864954738158 
0.3673808949126504 
0.3864598025213814 
0.244064873249185 
0.310059000273061 
0.1126923516157176 
0.1278395880432146 
0.171936916516803 
0.2063670019474565 
0.2127713538077524 
0.2109015938207 
0.1975094919550578 
0.2207316792870166 
0.1664734666942699 
0.1797095461349655 
0.2329708819315508 
0.2761373959353994 
0.2982405282869454 
0.2633912941376352 
0.2399606567951066 
0.3387730658872295 
0.2809219263883136 
0.1899597945182694 
0.2227548088784764 
0.3712423066154766 
0.2726510183152165 
0.326389587012916 
0.3237228031814692 
0.3443949871499633 
0.236764221565601 
0.2587289305470493 
0.2710887140277827 
0.2682389845651839 
0.3135908159234491 
0.3008715953968057 
0.2453353929636928 
0.3877477023926773 
0.08863509583789558 
0.1842966274663456 
0.04466744825659272 
0.2340207520665872 
0.02936028309612382 
0.06233707013080963 
0.1509116557480175 
0.1188206173388101 
0.01806931089590653 
0.2414831488634752 
0.03031670190317138 
0.0217696742566052 
0.01723742941511191 
0.2302746665945723 
0.01585009366513766 
0.2302613947974758 
0.2306164237077082 
0.01586320061522036 
0.02194436911637537 
0.2486707930230215 
0.1609960500551891 
0.1041645813203848 
0.06770880368920987 
0.01627579165409916 
0.2376443468954021 
0.2145028739264238 
0.04230376938831472 
0.2442908339565059 
0.2316619666445123 
0.5722445545814183 
0.5581486780183876 
0.5462194141326748 
0.5666581478669758 
0.5724352393366956 
0.5008825706427718 
0.5029781342061022 
0.5048904446927807 
0.5067260722094871 
0.5022525112333149 
0.4990769489471867 
0.5231532801988197 
0.5064647690824009 
0.5130233264504427 
0.5334970348710204 
0.4986985933247244 
0.5007308174604443 
0.5010178489548812 
0.5240955704906973 
0.4609730838880702 
0.4714944588556453 
0.4907492426877165 
0.4966684776649172 
0.5064781241463985 
0.3821924913429238 
0.4372457418254863 
0.3644565170719576 
0.3087074273172072 
0.2797433569062855 
0.5589398970840879 
0.5297203007470379 
0.5100177316847985 
0.4876827860327695 
0.5677938288845061 
0.545614027067758 
0.4627989621875274 
0.4101539173712632 
0.3849936038023386 
0.3443339426144043 
0.3257087033560141 
0.2933635042099195 
0.2681506704146581 
0.2583334791677127 
0.4838190627586739 
0.4750084640161766 
0.4638429978613672 
0.4865608427846737 
0.4518894166082858 
0.4838271700599387 
0.507461996380332 
0.4536029415817836 
0.4809898113403929 
0.4160665333633114 
0.4142176312205356 
0.4208200361475 
0.4912105276188654 
0.399809117396394 
0.4278973947944592 
0.4167381112794309 
0.4015211697605309 
0.4007687243528033 
0.4079345392563372 
0.4081153452412586 
0.4218060326237446 
0.4115546811404366 
0.348174893640312 
0.403818532135595 
0.438465653404827 
0.2734283509211223 
0.2889323442609664 
0.3988347859456619 
0.4341752878832931 
0.4472574671810873 
0.3765340806808081 
0.3408652325272526 
0.3269669449109214 
0.3006492696571464 
0.417167540142819 
0.4585005288907706 
0.4684169191762506 
0.348220964533164 
0.313119569420357 
0.2653915375961087 
0.4769396872078213 
0.2496526545586316 
0.4106931531268474 
0.4088524146720624 
0.3826668850053367 
0.396497493650194 
0.3739984031513446 
0.4123990972896642 
0.3572200908348463 
0.3381031244906472 
0.3394502146117215 
0.3490102472390439 
0.3200208357812032 
0.3152784169587611 
0.3343533392705074 
0.3241713414034029 
0.328290802321261 
0.3159564745519192 
0.3631178203698598 
0.3401239386052872 
0.3272001245424314 
0.4097656116840698 
0.3482324126129793 
0.3864588783236771 
0.3905856048327717 
0.3808592293624196 
0.3723543187663805 
0.3963625483393289 
0.3611443463947958 
0.345717673957355 
0.3059644049263513 
0.3080998775584071 
0.2801144778392204 
0.4035748053050767 
0.3673141556209346 
0.3755955467359811 
0.3384234936934392 
0.3102325170237766 
0.2579827445641487 
0.2667405515067272 
0.3492684567669049 
0.3054364329601494 
0.2919723941668456 
0.2640292028758651 
0.2566970516459284 
0.2546254078678455 
0.2587218675031004 
0.3056461681154257 
0.3255764440846113 
0.2859631644946319 
0.2782363468539 
0.3401636655438675 
0.3111423948450944 
0.2719985033039022 
0.3927543714700686 
0.2382422363282063 
0.2724319584353331 
0.2725351272382104 
0.2088264661669104 
0.2599215492019714 
0.2360997731294101 
0.252974894322021 
0.3001927984093678 
0.3487868946577911 
0.2425823483140232 
0.2390824951995596 
0.3276828279843234 
0.3452581425100237 
0.2503014615094578 
0.1959450541035767 
0.2734052579131878 
0.2589669108697172 
0.1854286745202627 
0.2185398933830368 
0.3285860888949441 
0.03205621553995415 
0.0473264558648457 
0.1664186443070264 
0.1084407339227908 
0.07118834806925198 
0.01754218190166911 
0.1766758932841086 
0.2331404829363015 
0.2783407931840323 
0.2856781112531471 
0.1923701092031567 
0.2015212510485846 
0.2931220710324338 
0.2958286568544167 
0.253867710528733 
0.2363523352972781 
0.2322894597016008 
0.1723355522044381 
0.1670794294901912 
0.1501350912587745 
0.1781517833060388 
0.02254507804194085 
0.03587293894009596 
0.07592210269179565 
0.1123186886682175 
0.05174788457501634 
0.251077812511535 
0.2672416871199677 
0.2308361619331224 
0.2252932650942389 
0.2201860754471548 
0.2162692533825786 
0.236527241911982 
0.1727590521480474 
0.1830746383015741 
0.2607005394692258 
0.1394369344960252 
0.2172239976815991 
0.2384026969131367 
0.1716516847928502 
0.1788188457553189 
0.2567287063189606 
0.1719811533119977 
0.1630487284637586 
0.1152404014922728 
0.08070654430029316 
0.05736995463569144 
0.04178295778363078 
0.02556068545433886 
0.2584053220848807 
0.2400398342888447 
0.2148186303977273 
0.2261320650775873 
0.2358035684491758 
0.241868318476926 
0.2401670437643932 
0.2488628603835941 
0.1139750019499421 
0.1790838267151535 
0.1378107818418519 
0.1221646646848852 
0.120257193517019 
0.1073557868963674 
0.1343441350563264 
0.2133700400252227 
0.1224462369867275 
0.2366589183030822 
0.1813939110830063 
0.2441409375860315 
0.06259319280564297 
0.08292541670710923 
0.03148747791600839 
0.1871342117210911 
0.2241177261172972 
0.2079800353953503 
0.1334692873671809 
0.2000137925683915 
0.238751146786342 
0.08704859143401518 
0.07027137940523336 
0.1357599378503827 
0.08458512219884477 
0.2550118064620145 
0.1949943975706312 
0.2158328972987565 
0.1133044600766672 
0.05053423359473458 
0.1428101673206939 
0.2016704422207909 
0.0823658946273876 
0.1572631737505804 
0.112631844989269 
0.05051665300470536 
0.06412639119749237 
0.195347450616152 
0.09937068474471832 
0.05413637962312138 
0.02552003291860216 
0.2258455799371352 
0.1309324195852573 
0.108708609916795 
0.1872605464021235 
0.1005211914251777 
0.1714477476541184 
0.1261583507094898 
0.02846817903090021 
0.08343028027267237 
0.0410919533070347 
0.01887169594267625 
0.1854786963960166 
0.158403922615731 
0.1758412696185702 
0.2080390574722794 
0.03783101108083001 
0.1586452710546396 
0.02030359537992336 
0.1050947105460401 
0.07024450404857088 
0.05091815080059681 
0.1895574349340744 
0.03063052153453183 
0.1309674520203986 
0.09288580564445316 
0.03133138767452571 
0.06750366759626866 
0.04642866507347527 
0.1226767463593644 
0.07145250877755269 
0.02383412843583546 
0.455147133797475 
0.24615663964246 
0.42029005192517 
0.4238491287435743 
0.2803060365587013 
0.3801181918479351 
0.2493895878206747 
0.1479153705589367 
0.1547015157729293 
0.3474086351709173 
0.2737186697258044 
0.03911725102133507 
0.2330507915936289 
0.2815916438284263 
0.2823070913519446 
0.288969741277806 
0.3115449605579803 
0.3339664832580836 
0.04522343543710788 
0.3189423890003815 
0.297989546466696 
0.2909737711571138 
0.2343909051277161 
0.06481382201080763 
0.1001187461924648 
0.2329146383307393 
0.2904621743079154 
0.220815092501617 
0.3081950673301088 
0.3291275572024071 
0.3315375402861785 
0.3281137209039838 
0.2812034576210863 
0.267387860890701 
0.2777722707209736 
0.2959588197949533 
0.3334717938476895 
0.3176443633795694 
0.2916088553015478 
0.2718751621105089 
0.2459777972479351 
0.2471319390921161 
0.1454179872370719 
0.08086333228207505 
0.2658220518323227 
0.2225010030457887 
0.1932713249244653 
0.2287030405581646 
0.273147469067023 
0.2884848846042327 
0.3072239231504845 
0.2148407397794902 
0.2101498021147071 
0.2938993226237219 
0.2186080944658067 
</DataArray>
<DataArray type="Float64" Name="displacement" NumberOfComponents="3" format="ascii">
0.0001125416315281031 0.0002480594133456456 0 
8.328164332723242e-05 0.0002983394564313204 0 
5.15157317210742e-05 0.000358059000451864 0 
1.832096260210587e-05 0.0004321561866743194 0 
-1.590366828697842e-05 0.0005302624112177461 0 
-5.114666145540822e-05 0.0006667052699602867 0 
7.933629232377443e-05 0.0002712399418800823 0 
4.553076206233225e-05 0.0003255140545849594 0 
7.517826395967337e-06 0.000387657968953383 0 
-3.155323487813404e-05 0.000462863887765933 0 
-7.123291826428407e-05 0.0005655040336970943 0 
-0.0001053791039916766 0.0007216952123017202 0 
5.084730547656492e-05 0.0002980250290432916 0 
1.188111328864307e-05 0.0003625643386525464 0 
-3.71462047254677e-05 0.0004286433617303326 0 
-8.83862426081905e-05 0.0005049820216365552 0 
-0.000130049055114928 0.0006142563859421415 0 
-0.0001504284823146897 0.0008003141364787071 0 
4.72663402529091e-05 0.0003200404538443231 0 
4.724218701898646e-06 0.0005073049586984439 0 
-0.0001021445667440661 0.0005773911819661343 0 
-0.0001520684197010552 0.0006571310203360786 0 
-0.000185200571733326 0.0007734232027192976 0 
-0.0001237295635210693 0.001035026280431555 0 
5.117688955987194e-05 0.00542448744119082 0 
8.307047295006207e-06 0.005236708528728042 0 
-9.90579223444521e-05 0.005166199479003585 0 
-0.0001492541556714814 0.00508588921618563 0 
-0.0001824555569414919 0.004968873036331929 0 
-0.0001203623455047953 0.004705410620825888 0 
5.473894676621195e-05 0.00544654172562034 0 
1.565086861903103e-05 0.005381986412559154 0 
-3.35999002026721e-05 0.005315819460762579 0 
-8.510569107299834e-05 0.005239129939708743 0 
-0.0001269674644841511 0.005129457013028631 0 
-0.000147447686264614 0.004942730131865842 0 
8.32035326309867e-05 0.005473399923029231 0 
4.931477650666676e-05 0.005419177386251799 0 
1.115427213869318e-05 0.005357038923129081 0 
-2.819862281211658e-05 0.005281467310919329 0 
-6.796866753995578e-05 0.005178420709165426 0 
-0.0001024290167123051 0.00502198500806917 0 
0.0001163649353500344 0.005496690303992391 0 
8.693584101923472e-05 0.005446406958381037 0 
5.525328210883072e-05 0.005386710304341433 0 
2.216031553657412e-05 0.005312380897483903 0 
-1.282091008553264e-05 0.005213782359801994 0 
-4.812773600256032e-05 0.005077245652096576 0 
-0.001284993868831246 0.002901025206411955 0 
-0.001271865525587982 0.002962633253687536 0 
-0.001245992925955163 0.003025806263269512 0 
-0.001171099664839064 0.003138661291009133 0 
-0.001129055350981387 0.003176321838056857 0 
-0.001084541318255112 0.003208516628315364 0 
-0.001038060157286139 0.003238276737041798 0 
-0.0009896806760862009 0.003267739705016153 0 
-0.0009394056390201758 0.003298490338987097 0 
-0.0008876371936390973 0.003332099544491318 0 
-0.0008343107956324903 0.003371704488908454 0 
-0.0007789719955233425 0.003418023716734106 0 
-0.0007207156280735925 0.003473536189482782 0 
-0.0006584881462724743 0.003541357208782342 0 
-0.0005913575806006753 0.003625131766098532 0 
-0.0005191514902175029 0.003730325411415882 0 
-0.0004416098429190101 0.003864206626628359 0 
-0.0003606915635681862 0.004028169780630678 0 
-0.0002790138232878509 0.004223322630042331 0 
-0.0002023530265405424 0.00444480809549794 0 
-0.0001371610396461456 0.004677080095614659 0 
-8.704484682204707e-05 0.00489528818514445 0 
-0.001208937733777892 0.003091218512074765 0 
-0.001082639302923527 0.002530416564440646 0 
-0.00128496440424833 0.002839994660790539 0 
-0.001271816627717075 0.002778428672204848 0 
-0.00103599353270435 0.002501056546404636 0 
-0.001209875997974994 0.002650500075782452 0 
-0.0002792708202101589 0.001517941565057887 0 
-0.0007196005171329943 0.00226635975385839 0 
-0.001246153306189887 0.002715372361682609 0 
-0.001171961618425359 0.002602573088934494 0 
-0.001128067320743321 0.002562701029006781 0 
-0.0007780992671110694 0.002322510563325408 0 
-0.0003607959322963825 0.001712648295498548 0 
-8.984264745514635e-05 0.0008482100231066032 0 
-0.0001391903541779503 0.001065570961187087 0 
-0.0002032672298817207 0.001296960535802582 0 
-0.0004417999976102965 0.001875628292985468 0 
-0.0005188472242925893 0.002007897355804054 0 
-0.0005907252406997267 0.002113863941092196 0 
-0.0006573388710046994 0.002198240870071522 0 
-0.0008336389833719209 0.002368755588933174 0 
-0.0008869051021389456 0.002407673500304955 0 
-0.0009382661936058788 0.002441518944014876 0 
-0.0009879135164018893 0.002472080651477615 0 
-0.0001383407650158197 0.004796352117375653 0 
-0.0001704183281227644 0.00462572022890542 0 
-8.349690278378274e-05 0.004056989678651413 0 
-8.70423011400831e-05 0.001677397530292852 0 
-0.0001730541754288814 0.001115501900757551 0 
-0.0001408596616200605 0.0009464232489112523 0 
-0.0001918318462782348 0.004517862739443444 0 
-0.0002310013949434929 0.0042321604929331 0 
-0.0002079427751430145 0.003521803605699397 0 
-0.00020994590918692 0.002209687901188869 0 
-0.0002329843187104982 0.001506534438311246 0 
-0.0001937285954903301 0.001223473297498716 0 
-0.0002670949586490386 0.004233799638423815 0 
-0.0003253799453747167 0.003888490099834505 0 
-0.0003493041595752997 0.003276719702475953 0 
-0.0003500957705860497 0.002455856928217713 0 
-0.0003265253890095663 0.001848693140742782 0 
-0.0002682944656504724 0.00150633100570042 0 
-0.0003542078245765852 0.003985092259842292 0 
-0.0004233534716861774 0.003641252089103429 0 
-0.0004643044119690213 0.003152542215677562 0 
-0.0004645021233957736 0.002581728367421747 0 
-0.0004237560718035413 0.002095728330493652 0 
-0.0003547340472737695 0.001754483682192948 0 
-0.000441404128489176 0.003785791014035179 0 
-0.0005125222339417748 0.003471478610194725 0 
-0.0005553781254260613 0.003080878479128166 0 
-0.0005552952114763545 0.002654658256824584 0 
-0.0005123399435599687 0.002265670759945192 0 
-0.0004413557526836024 0.001953429209279937 0 
-0.0005228562572365924 0.003631976018591687 0 
-0.000590421505031083 0.003354238845470318 0 
-0.0006298762064453606 0.003035803332530432 0 
-0.0006296769638404694 0.002700513983007972 0 
-0.0005899314894388178 0.002382942020920828 0 
-0.0005223232551828398 0.00210648980628114 0 
-0.0005965728791635327 0.003515165023342761 0 
-0.0006584978179021567 0.003271668921404584 0 
-0.0006934446743017145 0.003005730805288779 0 
-0.00069324416584889 0.00273118316699179 0 
-0.0006579812381060307 0.002465621576593323 0 
-0.0005960068870052294 0.002222646270167722 0 
-0.0006634348653285949 0.003427293767021041 0 
-0.000719253203461937 0.003212340271565863 0 
-0.0007499588387416402 0.002984845155357834 0 
-0.0007497961355373108 0.00275276249896372 0 
-0.0007188247021059086 0.002525488119063086 0 
-0.000662866829689587 0.002310962284859235 0 
-0.0007249040461940475 0.003360159976703559 0 
-0.0007749868077529478 0.00316853788091775 0 
-0.0008020078863928811 0.00296980199095677 0 
-0.0008018675526022833 0.00276858339763849 0 
-0.0007745839877712625 0.002570046597883882 0 
-0.0007242350741260726 0.002378818420123603 0 
-0.0007821236599685016 0.003307569416181636 0 
-0.000827284692420616 0.003135101226124285 0 
-0.0008512513714991306 0.002958510495261693 0 
-0.0008511042197692617 0.002780566345958701 0 
-0.0008268597872833562 0.002604175192723642 0 
-0.0007814194208221642 0.002432039239770127 0 
-0.00083610918289407 0.003265373332035015 0 
-0.0008772267751924861 0.003108706827384234 0 
-0.0008987259275008199 0.002949652691428764 0 
-0.0008985523923743507 0.002789864977502523 0 
-0.0008767343571121168 0.00263101463002759 0 
-0.000835392838519887 0.002474724875729972 0 
-0.0008877859365305016 0.003230638625911044 0 
-0.0009255631780109126 0.003087220855668775 0 
-0.0009451040649432076 0.002942422750247651 0 
-0.0009448993163491537 0.002797218806092163 0 
-0.0009249888383274779 0.002652572818455275 0 
-0.0008869666078377765 0.002509443905295601 0 
-0.0009377383769311675 0.003201420027135444 0 
-0.0009728338190175748 0.003069295380636559 0 
-0.0009908451405430839 0.002936360274431829 0 
-0.0009906221612029237 0.00280319109441469 0 
-0.0009722084810488204 0.002670326706723082 0 
-0.0009368727908413884 0.002538306086579959 0 
-0.000986528273529762 0.00317648741101815 0 
-0.00101943705116126 0.003053999624900006 0 
-0.001036257700155765 0.002931180158663501 0 
-0.001036026463427268 0.002808258253024786 0 
-0.001018774735339275 0.002685479206548872 0 
-0.0009855439281160421 0.002563123441860474 0 
-0.001034402662029281 0.003154104496316993 0 
-0.001065559113815483 0.003040371410296715 0 
-0.001081454325968925 0.002926603535577879 0 
-0.001081224175979639 0.002812820852392475 0 
-0.001064859453414489 0.002699055062849764 0 
-0.001033204516636252 0.002585406086682738 0 
-0.00108119278236127 0.003132788474299609 0 
-0.001111065423170372 0.003027471683220397 0 
-0.001126269957182806 0.002922335412112297 0 
-0.001126072288472809 0.002817242773678845 0 
-0.001110417784384247 0.002712019889363773 0 
-0.001079939050419742 0.002606588896653301 0 
-0.001126606279708894 0.003111133739071373 0 
-0.001155522036915347 0.003014360848333264 0 
-0.00117019658854306 0.002918052854333774 0 
-0.001170069958055744 0.002821882789494082 0 
-0.001155099725929344 0.002725423622206172 0 
-0.00112565810169226 0.002628278957640294 0 
-0.001170133534685395 0.003087486023651977 0 
-0.001198136489750852 0.002999975026143883 0 
-0.00121230769715368 0.002913376499649481 0 
-0.0012122576858102 0.002827059481302867 0 
-0.001197990408993057 0.002740378042122054 0 
-0.001169896634101053 0.002652558054294254 0 
-0.001210698575109929 0.003059675804442751 0 
-0.001237543579019582 0.002983146281758763 0 
-0.001251217395124079 0.002907861515601538 0 
-0.001251193946450147 0.002833002075685377 0 
-0.001237525625781128 0.002757789069105525 0 
-0.001210838878312425 0.002681434344938883 0 
0.000344302600507758 0.005780708216961422 0 
0.0003422450155874956 0.00577269046740835 0 
0.0003393038993278696 0.005764633699279606 0 
0.0003353501205975759 0.005756443478315457 0 
0.0003302646860533177 0.005748007336093254 0 
0.0003239136037101162 0.005739246728322373 0 
0.0003161702313112892 0.005729983572980785 0 
0.0003069467143689334 0.005720062018123721 0 
0.0002961052036978506 0.005709448961457282 0 
0.0002836225000523675 0.005697873098505791 0 
0.0002693802356498959 0.00568511163285542 0 
0.0002532952271561729 0.005670953623006012 0 
0.0002353082354044769 0.005655203635374478 0 
0.0002153916292566154 0.00563758510414406 0 
0.0001935700043049069 0.005617861366998694 0 
0.000169945481324667 0.005595701206901055 0 
0.0001446929971945751 0.005570643110269097 0 
0.0001180593685353929 0.005542205639878166 0 
9.050481985421102e-05 0.00550961202857871 0 
6.254463617212211e-05 0.005471546449017617 0 
5.863903477260087e-05 0.0002729273557778064 0 
8.657415037310546e-05 0.00023488042636107 0 
0.000114119862102628 0.000202318336997075 0 
0.0001407601774228199 0.0001739740289264967 0 
0.0001660244686314115 0.0001489938316994505 0 
0.0001896548810678941 0.0001269616368603485 0 
0.0002114716297578761 0.0001073631086335518 0 
0.0002313831177286341 8.978162361009333e-05 0 
0.0002493805143734549 7.401219090702223e-05 0 
0.0002654992009808379 5.980262955462505e-05 0 
0.0002797973940308589 4.693482910143e-05 0 
0.0002923522758049394 3.522492336193338e-05 0 
0.0003032759968145301 2.449135627869739e-05 0 
0.0003125730356102381 1.448477723253093e-05 0 
0.0003203649380028498 5.121740963252601e-06 0 
0.0003267723733586085 -3.75754759139681e-06 0 
0.0003319184782355 -1.222271768166565e-05 0 
0.0003358796905353192 -2.032624499097022e-05 0 
0.0003388015213322288 -2.836479964490228e-05 0 
0.0003408529216472062 -3.636470288952615e-05 0 
0.0003421760700463768 -4.441414597926311e-05 0 
0.0003428927022389783 -5.262816135871903e-05 0 
0.0003431866249559509 -6.097813879391502e-05 0 
0.0003432708223441552 -6.943722223736227e-05 0 
0.0003503882466076 -7.792326314098008e-05 0 
0.0003574263398365887 -7.791248572776595e-05 0 
0.0003645090634040345 -6.945923371633036e-05 0 
0.0003645633012805405 -6.140832743269626e-05 0 
0.0003642796720697411 -5.391097269438079e-05 0 
0.000363620030333985 -4.689168356278431e-05 0 
0.0003624609935037416 -4.031424582602052e-05 0 
0.0003606876939682401 -3.401843212834864e-05 0 
0.0003582609632438018 -2.797212082735924e-05 0 
0.0003551154543793894 -2.22432260458684e-05 0 
0.0003511260332325423 -1.632667011375575e-05 0 
0.0003460901368092012 -1.027684868607644e-05 0 
0.000339963874774721 -3.948669997769258e-06 0 
0.0003326910855983228 2.801445169691233e-06 0 
0.0003242270158070996 1.014004309811328e-05 0 
0.00031450801579626 1.824978025662281e-05 0 
0.0003034779834435756 2.735397786169394e-05 0 
0.0002910774978656156 3.766403436504936e-05 0 
0.0002772664251378638 4.942854125212262e-05 0 
0.0002620430638201097 6.293309186331531e-05 0 
0.0002454018340305682 7.839145313883883e-05 0 
0.0002273123537706251 9.634467388166504e-05 0 
0.000207741465699446 0.0001173725765657682 0 
0.0001866270644051403 0.0001420535818540973 0 
0.0001638894680677311 0.0001713170345499 0 
0.0001393017572256296 0.0002061083160278939 0 
0.0002313911079275914 0.005648345782607801 0 
0.0003678401505318364 0.005822251364805177 0 
0.0003467051210036352 0.005822259870011007 0 
0.0003432871513435006 -7.79174723562339e-05 0 
0.0002661300214824161 0.005681988582545532 0 
0.0001432530787195244 0.00553848840860397 0 
0.0003659459445595603 0.005784622594100959 0 
0.0003644486193823658 -7.790060929014191e-05 0 
0.0003071817852695479 0.005717352350247965 0 
0.0003360926697118712 0.005741564031165484 0 
0.0003585507196992129 0.00576645887453191 0 
0.0002495065182203983 0.00566642893610934 0 
0.0003642147766796371 0.005778378472019259 0 
0.0003617870491793619 0.005772368432554509 0 
0.0001679004456215391 0.005573247350984576 0 
0.0003433045720178277 0.005748280047520965 0 
0.0003180797973225348 0.005726345287390012 0 
0.0003276980917308349 0.005734329951122946 0 
0.0001906716862429418 0.005602485978283466 0 
0.0002949326899358089 0.005707123368502448 0 
0.0003493920784104975 0.005754589199983616 0 
0.0003544415208182388 0.005760548339406204 0 
0.0002118024629684857 0.005627249363378799 0 
0.0002812753230437628 0.005695449416913178 0 
0.0003670761489074381 0.005791225529722971 0 
0.0003677138827393985 0.005798261276620664 0 
0.0003679778979451484 0.005805694009119891 0 
0.0003678960652124947 0.005813798896611591 0 
0.0003608263603047318 0.005822256503065557 0 
0.0003537980297740839 0.005822267267875547 0 
0.0003466876308248891 0.005813793027847268 0 
0.0003466111473116175 0.005805327825139357 0 
0.0003463345847338255 0.005796989723903639 0 
0.0003456206786967908 0.005788781485294827 0 
8.505821543583277e-05 0.005494939820605776 0 
0.0001131182190702228 0.005517755952695191 0 
0.0001132775320850615 0.005532691742832247 0 
0.0001402002007544259 0.005554294782786908 0 
0.000140447641689875 0.005564537379354457 0 
0.0001654268426714683 0.005584916346114392 0 
0.0001661537935448022 0.005591934000276094 0 
0.0001889617197462367 0.005610973900377366 0 
0.0001901394711104644 0.005615692113009786 0 
0.0002107982597433931 0.005633316152298388 0 
0.0002122771361636277 0.005636436982530394 0 
0.0002309258517649774 0.005652620998868549 0 
0.0002325331912503904 0.005654641776901247 0 
0.0002493569245991109 0.005669394162265699 0 
0.0002509252679243314 0.005670703312784125 0 
0.0002661054995834645 0.005684049367108468 0 
0.0002674950524418232 0.00568490355932542 0 
0.0002812157783101891 0.005696889475075905 0 
0.000282299788516726 0.005697549604428294 0 
0.0002947336969274087 0.005708223877201987 0 
0.0002954048737186139 0.005708853735080896 0 
0.0003067307872736674 0.005718273900711505 0 
0.0003068869438392147 0.005719044087989295 0 
0.0003172696834930436 0.005727266248845621 0 
0.0003168325874598436 0.005728371047544756 0 
0.0003264197508443678 0.005735462065202084 0 
0.0003253409074509589 0.005737047970716305 0 
0.0003342640805288286 0.005743085378883849 0 
0.0003325195739257893 0.005745176480159549 0 
0.0003408915735181362 0.005750240671907066 0 
0.0003384319403885924 0.005752859716394435 0 
0.0003463728799326885 0.005756994136325187 0 
0.000343178450957585 0.005760319014749753 0 
0.0003507955673185739 0.00576361444678242 0 
0.0003468766347210652 0.005767636321023683 0 
0.0003542648241649451 0.005770178058352936 0 
0.0003496353623581318 0.005774911248738052 0 
0.0003568712076539006 0.005776774793348492 0 
0.0003515731274759467 0.005782248992338087 0 
0.0003587089741465081 0.005783524829067635 0 
0.0003528222543412633 0.00578975575774952 0 
0.0003598927892471542 0.005790554552325805 0 
0.0003534964341131657 0.005797497159800553 0 
0.0003605601246515597 0.005797916886316182 0 
0.0003537479104705686 0.005805502058745274 0 
0.0003608063307904477 0.005805628354042122 0 
0.0003537981104669973 0.005813830219641765 0 
0.0003608484693993501 0.005813842928497751 0 
0.000109170248658739 0.0002267846627374969 0 
8.111801156006995e-05 0.0002495610696074149 0 
0.0001362075998511797 0.0001902378897557342 0 
0.0001093085973960046 0.0002118196549958792 0 
0.0001614169145503021 0.0001596136451032205 0 
0.0001364700250785049 0.0001799892460601693 0 
0.0001849450149171977 0.0001336370012302576 0 
0.0001621807589762791 0.000152676626223505 0 
0.0002067777080815027 0.0001113668090846865 0 
0.000186173826168052 0.0001289940555385885 0 
0.0002269090653016762 9.219661816421648e-05 0 
0.000208315706595998 0.0001083834407848841 0 
0.0002453492316291576 7.554895044329043e-05 0 
0.000228574650324379 9.03100916661329e-05 0 
0.0002621408432451593 6.08996497566893e-05 0 
0.0002469801225341987 7.427991766258395e-05 0 
0.0002773303555112213 4.799888017688858e-05 0 
0.0002635901473046801 6.00418595396142e-05 0 
0.0002909527357957787 3.657777578741529e-05 0 
0.0002784610083626587 4.732447606348069e-05 0 
0.0003030529868129285 2.640480305385354e-05 0 
0.0002916475520297537 3.589854987261119e-05 0 
0.0003136876811391935 1.727091912121848e-05 0 
0.0003032164946180592 2.55651500757946e-05 0 
0.0003229236014131544 8.95917992371487e-06 0 
0.0003132467591156325 1.611445451678964e-05 0 
0.0003308302964284784 1.283825467480085e-06 0 
0.000321823329136377 7.364229564898082e-06 0 
0.0003374859414630332 -5.919544814071224e-06 0 
0.0003290389996248827 -8.405360395803306e-07 0 
0.000342968636293735 -1.279465487259946e-05 0 
0.0003349807997320986 -8.647971813317307e-06 0 
0.0003473893167169864 -1.944485303776764e-05 0 
0.000339757202270121 -1.613772326584134e-05 0 
0.0003508151429437186 -2.583600432632308e-05 0 
0.0003434515121481965 -2.332476450977458e-05 0 
0.0003533847672438581 -3.241020580243358e-05 0 
0.0003461853825986386 -3.056576101591152e-05 0 
0.0003552348670242445 -3.918723802759746e-05 0 
0.0003481158312830657 -3.790199063808587e-05 0 
0.0003564417335238169 -4.620538794204403e-05 0 
0.0003493734276358027 -4.539506257108637e-05 0 
0.0003571175161060189 -5.356135919699076e-05 0 
0.0003500528524300579 -5.313841312524167e-05 0 
0.0003573893906858679 -6.13158670432891e-05 0 
0.0003503241874491114 -6.116922090429369e-05 0 
0.0003574449118787677 -6.949991500422487e-05 0 
0.0003503865466218505 -6.948056409187437e-05 0 
-0.0003511246111751085 0.004315164843716164 0 
-0.0002214005994970555 0.004602636651556184 0 
-0.0001214239586555075 0.004889876894881358 0 
-5.068368654993013e-05 0.005175667350336192 0 
-8.524643028196099e-06 0.005460304524893822 0 
0.0002000707896726226 0.005744443700559746 0 
0.0003511410217270918 0.005744443700559746 0 
0.0004671357691319807 0.005744443700559746 0 
0.0005409021660590778 0.005744443700559746 0 
0.0005816188826182324 0.005744443700559746 0 
0.0006007577235063588 0.005744443700559746 0 
0.0005903097733975178 0.005744443700559746 0 
0.0005769676750350453 0.005744443700559746 0 
0.0005615974556106361 0.005744443700559746 0 
0.0005477691748921455 0.005744443700559746 0 
0.0005356477512334369 0.005744443700559746 0 
0.0005261276301874258 0.005744443700559746 0 
0.0005134892161003132 0.005760738202925961 0 
0.000505492383230494 0.005776334753616545 0 
0.0004924912722034486 0.0057903739732786 0 
0.0004753099989861521 0.005802094760278771 0 
0.0004551528560756034 0.005810969787794322 0 
0.0004333419961656766 0.00581691266850144 0 
0.0004110700557467363 0.005820255395589427 0 
0.0003891117335100888 0.005821685448930969 0 
0.0005161254560135632 0.005744443700559746 0 
-0.001068830724823353 0.003283675603168459 0 
5.70429592011701e-06 0.005744443700559746 0 
-0.0008838752446756092 0.00350650867311889 0 
-0.0006918565805998253 0.003758811583880642 0 
-0.0005096857951041761 0.004031526848940409 0 
7.959164777466478e-05 0.005339197340832429 0 
0.0001320631328994997 0.005469309267139873 0 
0.0001559467766633107 0.005516839189791433 0 
0.0001067525607982927 0.005411803901549627 0 
4.88530533804111e-05 0.005244295196477907 0 
0.000270150026871606 0.005677742710076082 0 
0.0002984830342870688 0.005705050050073784 0 
0.0003232040642483218 0.005726164652768727 0 
0.0003333883463099952 0.005734522738634795 0 
0.0003419163551620881 0.005741544490796722 0 
0.0003491438953918139 0.005747704311373913 0 
0.0001998245869533721 0.005589242946718424 0 
0.0002195531833762017 0.005617093638211768 0 
0.0002379542451814143 0.005640887743821849 0 
0.0001786529012313414 0.005556348972224536 0 
0.0002549984989272042 0.005661075132791422 0 
0.0002848149629373433 0.005692335075119364 0 
0.0003117118413676119 0.005716501904587833 0 
0.0003558062747379536 0.005753576308867673 0 
0.0003619991121323874 0.00575931259152939 0 
0.0003686622355157951 0.005768916251257057 0 
0.0003714633413705081 0.005773971272766625 0 
0.0003746767056444049 0.005784459033746278 0 
0.0003783492626612022 0.005795814540009108 0 
0.0003822565677324455 0.00580188281021506 0 
-0.0004285146756078314 0.003937758304382864 0 
-0.0002590385812810643 0.004262848811979711 0 
-0.0001861150374065912 0.004434735813437777 0 
-0.000122168027552844 0.004615938672140881 0 
-6.792147782070836e-05 0.004799646361062025 0 
1.559939795013575e-05 0.005124317457369678 0 
-2.267111880751354e-05 0.004974776991232691 0 
-0.0008548429160127806 0.003451192949952148 0 
-0.0006997336262279999 0.003601482291158061 0 
-0.0005644295376544844 0.003749992922309152 0 
-0.0004986026399765922 0.00383443689785306 0 
-0.0003398714299872536 0.004101199823588597 0 
0.0001566325408536221 0.005433266278951916 0 
0.0001758089781609754 0.005487958362501938 0 
0.0001945070200554949 0.005532605318198934 0 
0.0001345066812382714 0.005363538816315144 0 
0.0002141485442266899 0.005570199769356237 0 
0.0001079275652510726 0.005273200431729414 0 
0.0003664056539411587 0.005764342600867262 0 
0.0003757631853407156 0.005790138770829623 0 
0.0003736024707048343 0.005779118406508785 0 
0.0003577788314424552 0.005747713855031757 0 
0.0003506937047222602 0.00574145487713373 0 
0.0003627670608276091 0.005752696490728007 0 
0.0002504104143655512 0.005628870712270373 0 
0.0003060794114131531 0.005700769263569139 0 
0.000266356804532956 0.005652068353823868 0 
0.000294628035341721 0.005687714058244698 0 
0.0003179152845496121 0.005712773738212848 0 
0.0002814295421052446 0.0056718608380732 0 
0.000330098479834931 0.005723838129197962 0 
0.0003413840713054758 0.005733520984085885 0 
0.0003676300607999524 0.005757338163820663 0 
0.0003820832731371353 0.005775116583268514 0 
0.000389874591862915 0.005796456618646392 0 
0.0003747012494762202 0.00576275834692503 0 
0.0002331153721439371 0.005601814670377407 0 
-0.0009537776134730944 0.00338495356007492 0 
-0.0008411175609236842 0.003431411276857123 0 
-0.0006294395142166993 0.003676635778797345 0 
-4.18986881639343e-05 0.004756292540251338 0 
-9.188030860840608e-05 0.00460963056879597 0 
-5.873870546052871e-07 0.004899995160966778 0 
-0.0002354065452512529 0.00429660319023377 0 
-0.0003530617415919062 0.004090699786985479 0 
-0.0008987866971449285 0.003428976879579154 0 
-0.0001530809206111405 0.004460126782682496 0 
3.72215858867024e-05 0.005038832715455135 0 
-0.001002737002490482 0.003345066996957195 0 
-0.0003911128056270004 0.004035697995108327 0 
-0.000606272010811759 0.00377540826157949 0 
-0.001055440485673489 0.003311234936427881 0 
7.686027150450878e-05 0.005165885089958962 0 
0.0003900407741274043 0.005808692013822231 0 
0.00038479427478076 0.005785025994482253 0 
-0.0009117103190817341 0.0034904919867971 0 
0.0001874823377471267 0.005388542576497186 0 
0.0002178276831550145 0.005505135127222519 0 
0.0002056351020135724 0.0054549855623155 0 
0.000229918073059191 0.005544348366199591 0 
0.0001636387000304294 0.005302991946966657 0 
0.0002482961253752581 0.005579284389094626 0 
0.0003394353305638792 0.005719073639158633 0 
0.0003701701893858881 0.005747348905145877 0 
0.0003333600088782864 0.005708963920581819 0 
0.0003498399625052338 0.005729548353080464 0 
0.0002830171351613643 0.005637705325596099 0 
0.0002963815674681531 0.005660658943544656 0 
0.0003093769175195356 0.005679935926524286 0 
0.0003607731436136483 0.005739178835676905 0 
0.0003769778662787309 0.005753793419129758 0 
0.0003772768939678159 0.005759713324066615 0 
0.0003780470062847444 0.005757648404433233 0 
0.0003858136508099996 0.005764061540601032 0 
0.000139763794730845 0.005196889994072979 0 
0.0002670071815975215 0.005610178721018341 0 
2.884487580192743e-06 0.004769714773051665 0 
4.039984573292659e-05 0.004889392332085616 0 
6.734574462076767e-05 0.004998737529530327 0 
-4.166949450868492e-05 0.004651826422165388 0 
-9.399073227648247e-05 0.004536281534065034 0 
-0.0001433068138501913 0.004441693089384074 0 
-0.000325657615036858 0.004159359484199739 0 
8.219895383521973e-05 0.005080374523439124 0 
-0.0005214362818508602 0.003872114644889461 0 
-0.0008541482605136102 0.003538018200809299 0 
-0.0009210623810539736 0.003487137197217935 0 
-0.0007208910202265986 0.00364795331253358 0 
0.0003819992123856631 0.005768856730695117 0 
0.0003871791928681557 0.00579228031457957 0 
0.0002253868925459562 0.005295629938622858 0 
0.0002574838517348867 0.005552271735883459 0 
0.0003941365825943206 0.005763081618421308 0 
2.334933565508875e-05 0.004727076457124091 0 
0.000370091562214172 0.005733519954045553 0 
0.0003173527159792725 0.005644508010476554 0 
0.0001190193417882918 0.005015283847707669 0 
6.691363715456933e-05 0.004830981423696722 0 
0.0003015507527023053 0.005613383198904765 0 
0.0001875983064957931 0.005182374497521113 0 
-0.0007458596909569557 0.003699704726155948 0 
-0.000482304939947261 0.003972097573207172 0 
-0.0004496732465394525 0.003958427529309012 0 
0.0003974200887416344 0.005787957430803782 0 
0.0003955612700221455 0.005769290247575639 0 
-0.0005850951872753966 0.003853919742140368 0 
0.0003970107510749554 0.005780716836695452 0 
0.0003984776380044512 0.005796938939169242 0 
-0.0003310112284766619 0.004196824487887628 0 
-0.0007639464179960391 0.003688497722361886 0 
-0.0006596794410917844 0.003784817980246909 0 
-0.0002503349879691014 0.004289061782359773 0 
0.0003923121709784941 0.005775124119009703 0 
0.0004145164512267891 0.00578684572622836 0 
0.0002577862376026601 0.005482870723578618 0 
-0.000190670704505408 0.004367985447416322 0 
0.0003898483436946904 0.005751392164311127 0 
0.0004016893588387187 0.005760316773655561 0 
0.0004081022543038009 0.005768583685161976 0 
0.0003733035072976456 0.005631725465846684 0 
0.0002632869504214389 0.005283889095535944 0 
0.0003592268212221768 0.005700570427465303 0 
0.0003700695737642103 0.005719443005580175 0 
0.0001831260106159797 0.005020645797981103 0 
0.0001221328616049411 0.004881634013170186 0 
0.0003600426692833612 0.005678767326296403 0 
0.0002053429201699362 0.005149169221022342 0 
-8.291602056578295e-07 0.00492357550863193 0 
-0.0001280480270963273 0.004652056461423153 0 
-0.0006316697402017887 0.003855018961017742 0 
-0.0004469163888358348 0.004113748793007628 0 
-0.0002774964552947469 0.004381025532096064 0 
0.0001769109791720552 0.005469305459685438 0 
-0.0005840882797547201 0.003919045614810211 0 
0.0004194133347945906 0.00577360682379207 0 
0.0003134958951045115 0.00538187122757032 0 
0.0004066382231666488 0.005752740082406929 0 
0.0003897759396599008 0.005735043781980903 0 
0.0004213088707332682 0.005767224296672054 0 
0.000314947030189496 0.005523021094122027 0 
9.108453042439143e-05 0.004801187870165499 0 
0.0004152851554627813 0.00579568407938168 0 
0.0004114163291774784 0.005780238289482638 0 
-9.884923002638064e-05 0.004511033655579144 0 
0.0004130939805621331 0.005725597523956981 0 
0.0004177780010474483 0.005658263830461941 0 
0.0004061715040570113 0.00570880727378664 0 
0.0002572459877610286 0.005117039191179189 0 
0.0002991371126403642 0.005288831347439462 0 
0.0002559133429526137 0.005182855958000085 0 
0.0001042130691140345 0.005198251551567342 0 
7.038950578962506e-05 0.004920867169108911 0 
-0.000227533943445432 0.004416317599842938 0 
-0.0003995155791622062 0.004166667544513371 0 
-7.03899369370178e-05 0.004668785660053947 0 
-0.0003366845114021081 0.004214334448187253 0 
0.0004967013741844699 0.005777930196620482 0 
0.0005122462870743676 0.005766789080822802 0 
0.0005224509570017364 0.005755450356749991 0 
0.0004777027608432519 0.005787997896564744 0 
0.0004568230410485723 0.005796410924782011 0 
0.0004276077690088117 0.005778568876162508 0 
3.995023798124473e-05 0.004717670338814033 0 
0.0003265712916870665 0.005357936830424619 0 
0.0004188154935947468 0.005738731392371283 0 
0.0003846116570754808 0.005568123189146213 0 
0.0002490977953320267 0.005064961623076712 0 
0.0004350564272586606 0.005792141700524108 0 
0.0004200102541665141 0.005759905450875867 0 
-0.0001434425767252297 0.004458885672970261 0 
0.0003540968919924313 0.005488038664595849 0 
0.0004327067368862592 0.005784357550600525 0 
0.0004467792749756587 0.005712629633734948 0 
0.0004481502112206626 0.005652446462530699 0 
0.0003174317463153961 0.005193740534539306 0 
0.0003507383999897019 0.005336177966782898 0 
-3.782492382655746e-05 0.004666769051876994 0 
-0.0001939512136789407 0.004433808183311434 0 
0.000101441969996449 0.004892611907243662 0 
0.0002007525071363654 0.005181176149712443 0 
0.0004350483817678298 0.005771871428587829 0 
0.0005157882310656006 0.00576299970617156 0 
0.0004969508355804037 0.005771952319285198 0 
0.0004351114267571312 0.005802797714797783 0 
0.0004766271869394724 0.005779988477616477 0 
0.00042050904993396 0.00574756853238379 0 
-0.0008103996562851627 0.003624241145089633 0 
-0.0003635655000690268 0.004198429051502143 0 
0.0004203755244087898 0.005752809649697344 0 
5.265762618463735e-06 0.00467585712212442 0 
0.0003687739657847988 0.005405745022055836 0 
0.0004534131167785445 0.005731329988710712 0 
0.0004519282923094892 0.005780491270374415 0 
0.0003660925262881153 0.0054514555651675 0 
0.0004036288605138319 0.005544376387630934 0 
-0.0001690816215621946 0.004443286727654534 0 
0.0004196434889930669 0.005612158045716601 0 
0.0002685945893951508 0.005084269316720817 0 
0.0004690925194157762 0.005685872347465275 0 
0.0003775794750810981 0.005316902092455003 0 
0.0004514132004718564 0.00574441360901248 0 
0.0001128902229859499 0.004864775545451807 0 
-1.602722922103405e-05 0.00466565926396874 0 
0.0004349412084121692 0.00575759963151898 0 
0.0002255825031959496 0.005107273238382259 0 
0.000445229332827285 0.005775936556595889 0 
0.0004721149043119226 0.005775438671954131 0 
0.0004929867553192375 0.005769299077448117 0 
0.0001497663974822175 0.004889185171962333 0 
0.0004225928074389353 0.00546864140424982 0 
0.0004448138945933333 0.005596210825018379 0 
0.0004640406365666772 0.005772369127239631 0 
0.0004951909431897393 0.00573668045858062 0 
0.0004558720722491245 0.005786809063812908 0 
0.0004179392729521522 0.005512996301265163 0 
0.0004521367476898571 0.0057693489551365 0 
0.0003555339188304967 0.005241153008092025 0 
0.0002174570427922392 0.005008406646932076 0 
0.0002210909427825417 0.005041875480616016 0 
0.0004841026582215745 0.005767866473505748 0 
0.0005145976918956294 0.005762063279670764 0 
0.0002415037700540857 0.005038494996065959 0 
0.0004676333962572406 0.005757445900269765 0 
0.000452981775491554 0.005762339159862453 0 
0.0004770583577836281 0.005537989201868511 0 
0.0004658330798870587 0.00557281231206715 0 
0.0004451803206015748 0.005401681832760563 0 
0.0004782302292930813 0.005642410718608628 0 
0.0002824409833657427 0.005120111511938295 0 
0.0004703516090906268 0.005765817618062361 0 
0.0003347308694372564 0.005294528107025896 0 
0.0003489682545984117 0.005220367966033453 0 
0.0005050805527636543 0.005762423193001877 0 
0.000502350165020209 0.005679929254332442 0 
0.0004887285618110031 0.005761074102329303 0 
0.0005258655242050222 0.005608017740874231 0 
0.0004733959214083989 0.005486327174141385 0 
0.0003105079485973758 0.005189677499681635 0 
0.0003188837596168356 0.005172284188941557 0 
0.0003335205683676496 0.005465779335394536 0 
0.0004258700736017684 0.005359223404653893 0 
0.000538509237467587 0.005753275654440814 0 
0.0005059702838623094 0.005627919861616016 0 
0.0004840490133401334 0.005713211207838214 0 
0.0004554399246241843 0.005577918578227785 0 
0.0004116056955513615 0.005405506398618064 0 
0.0005321155853639639 0.005580737156151381 0 
0.0005253837087498887 0.005756314452309238 0 
0.0005198260560786247 0.005542247395965896 0 
0.0004813547175905537 0.005749917295898099 0 
0.0005059906862557807 0.005754929149093346 0 
0.0005347555672399858 0.005672807048579893 0 
0.0005214196591133628 0.005746833241967639 0 
0.0005176965192008972 0.005708149145902664 0 
0.0005651976902624809 0.005652678259139203 0 
0.0005752755473430007 0.005667873396623217 0 
0.0004886336245871117 0.005496198153205033 0 
0.0005621087843155847 0.005668621734465748 0 
0.0005507717390818122 0.005704462723508744 0 
0.0004275108363771754 0.005424377467171112 0 
0.0005533652588870766 0.005740385171372089 0 
0.0003800699871883438 0.005294861316194114 0 
0.0005275255008442335 0.005626007226046062 0 
0.000530019349011448 0.005753509149370061 0 
0.0005553060861364136 0.005747785984861889 0 
0.0005798712403420848 0.005708917787639827 0 
0.0005700657832520499 0.005741792531925142 0 
0.0005420545043142061 0.005749144068707103 0 
0.0005272199969628033 0.005727651493374519 0 
-0.001031922974208808 0.003329170248531044 0 
-0.0009326799968806169 0.003467912957632799 0 
0.0004132045713188699 0.005807023101141805 0 
0.0005805677895961671 0.005730680259888516 0 
0.0005566968117527815 0.005725995915783484 0 
-0.0009214679702770526 0.00346278031933654 0 
-0.0007848361701484146 0.003603666090695967 0 
-0.0007743678990570475 0.003519232120448306 0 
0.0003830319861799512 0.00578919032561621 0 
0.0003778192986849589 0.005771095080900901 0 
-0.0005465529889468336 0.003957182151287121 0 
0.000534688038958612 0.005738850825927683 0 
-0.0005028414693869854 0.0039956903779522 0 
0.0004370249456548505 0.005765420207810768 0 
0.0001250722217216816 0.004859433954722511 0 
-0.0004743441294978144 0.004014712476863929 0 
-0.0003932991141314291 0.004076325368959183 0 
-0.0002684466810715309 0.004239192240045208 0 
0.0003846556086251984 0.0057800813046412 0 
0.0004050393472115859 0.005774675324308498 0 
0.0003241148288083667 0.005696382043930148 0 
0.0004452232803261304 0.005752582648033451 0 
0.0004349283881950097 0.005688389039164286 0 
0.0003940152687370446 0.005623237390359203 0 
0.0003603022941640902 0.005584462488469672 0 
0.0003519574003849687 0.005525493867923453 0 
0.0003155005655482849 0.005242830769054265 0 
0.0002907340260366533 0.005128444565134348 0 
0.0001906599678389838 0.004958046282820953 0 
0.0003978516283240521 0.005686654673188214 0 
0.0003856888214461779 0.005659276919520881 0 
0.0003386288107237193 0.005611637836707947 0 
0.0003009797814010321 0.005564024160773704 0 
-2.548055757697224e-05 0.004627662225898972 0 
0.000294575774331905 0.005428607723908846 0 
0.000189463799002027 0.004978150465603566 0 
9.199335935260633e-05 0.004915299937573988 0 
-5.412095910662676e-05 0.004575779642155527 0 
0.0003989139324960128 0.005745029152936265 0 
0.000351485109293698 0.005651800962551337 0 
0.0001330935951112245 0.005102216302336402 0 
6.345420369700672e-05 0.004771212374791604 0 
0.0002603932853034848 0.005528225316258331 0 
0.0002412708705101205 0.005414223440014331 0 
0.0002123485442157993 0.005339475855182893 0 
0.0003803158698100174 0.005743070327004328 0 
0.0003604204147759788 0.005724890497342963 0 
0.0003331598455824729 0.005683505695445931 0 
0.0003280922798982944 0.005668394501242472 0 
0.0002789091408043203 0.005580280349564523 0 
0.0001616328178824983 0.005029586660972251 0 
-0.001046949825715796 0.00243027705840397 0 
0.0003835600124600703 -7.748008114708917e-05 0 
0.0005794985547905437 0 0 
0.0003499672246592759 0 0 
0.000479227392647481 -5.353900907067822e-05 0 
-0.0002757157895350041 0.001267179890612527 0 
0.0005748772383048265 0 0 
0.000593551020397202 0 0 
0.000462151789732574 0 0 
0.0005401998925550364 0 0 
0.0005439320501858526 0 0 
-0.000629169563762614 0.00189299410176726 0 
0.0004936172932860984 -4.216095855269723e-05 0 
0.0005043288307123308 -2.896992157171189e-05 0 
0.0005107764859455595 -1.4720281542254e-05 0 
-1.628744978323319e-05 0.0003140452111297503 0 
0.0005129240969712701 0 0 
0 0 0 
-6.655158933973091e-05 0.0006298178581196831 0 
0.0005229930230451289 0 0 
0.0005583021527860512 0 0 
0.0004031906392351233 -7.63808477166375e-05 0 
0.0004231997639478702 -7.381728170484968e-05 0 
0.0004431079417028764 -6.936550205176158e-05 0 
0.000462073641505728 -6.266561635769856e-05 0 
0.0005326300890320378 0 0 
-0.0004360678702046783 0.001584727053398555 0 
0.0001930811290106829 0 0 
0.0005885152135933609 0 0 
-0.0008427285727498902 0.002179883626730697 0 
-0.0001525197161492759 0.0009478336971185949 0 
4.823007421346356e-05 0.0004833092949723088 0 
0.0001061722283062586 0.0003222247436820409 0 
0.0001329959521570685 0.0002655397420940792 0 
7.830229118370162e-05 0.0003925936680766204 0 
1.60697791900889e-05 0.000601292652737168 0 
0.0003366934262160124 3.307484835273385e-06 0 
0.000327993706483002 1.043622154490254e-05 0 
0.0003183405439808138 1.837198987691523e-05 0 
0.0003076121680493731 2.739518246411873e-05 0 
0.0002843344637782877 4.885471128437727e-05 0 
0.0002567046245975801 7.774415339314236e-05 0 
0.0001808046325400256 0.0001797132414301563 0 
0.0002220770148622019 0.0001197355145014492 0 
0.0002024842667267336 0.0001470137960269863 0 
0.0001580077036833694 0.0002187220770277154 0 
0.0002715616488056293 6.179906881080128e-05 0 
0.00024049905606525 9.671737476659898e-05 0 
0.0003719475547533265 -4.627621966378528e-05 0 
0.0003676914195276595 -3.574713958569879e-05 0 
0.0003688020711660146 -2.635621726767349e-05 0 
0.0003637065748408327 -2.049213149093867e-05 0 
0.0003514925780975506 -9.122087121384534e-06 0 
0.0003445044412738272 -3.14647543967918e-06 0 
0.000296001040280585 3.76604003928246e-05 0 
0.0003842730838349249 -6.603171504565171e-05 0 
-0.0004722969307218442 0.001864960163272916 0 
-0.0006791708428638779 0.002118985805607296 0 
-0.0008764346373237881 0.002316104706513487 0 
-0.0009712280848137062 0.002388329239430177 0 
-6.297926491633647e-05 0.000916666412122823 0 
-0.0001797065456382186 0.001282721443806624 0 
-0.000250601862609312 0.001457721296057083 0 
-0.0003258522274422268 0.001616689694997868 0 
-1.969858341873769e-05 0.0007475323749856516 0 
-0.00011583665057621 0.001097951545311382 0 
-0.0003997925989009281 0.001751040030341941 0 
-0.0005380852729992259 0.00195156317685614 0 
-0.0006031755723310073 0.002027467201395055 0 
-0.0007515445070350722 0.002197116826921632 0 
-0.0008173385852332154 0.002262098717795 0 
-0.000929363041155957 0.002360587672358177 0 
-0.0009915435169526999 0.002385220679707746 0 
-0.0009947166757791868 0.002364091769603682 0 
0.0001072853262743007 0.0004437544543447087 0 
0.0001344112365894226 0.0003596729594701737 0 
0.0001589069542729769 0.0002933720064938782 0 
7.895295886416932e-05 0.0005463287545989252 0 
0.0001812867044808251 0.0002395020025439322 0 
4.88861567171469e-05 0.0006657239477231653 0 
0.0003702865152629539 -4.052227301672202e-05 0 
0.0003726449661245663 -3.285086148713966e-05 0 
0.0003579582041609352 -1.483523029841734e-05 0 
0.0003336343378948319 1.111239982914731e-05 0 
0.0003417560384446824 4.286415102918941e-06 0 
0.0003241582199644443 1.912126539143988e-05 0 
0.0003734986881873128 -5.234049295680681e-05 0 
0.0002872422306996755 6.184145739823992e-05 0 
0.0002220100042649998 0.0001582974274891449 0 
0.0002408789580932091 0.0001273057715454182 0 
0.0002739777119565026 7.936604841051271e-05 0 
0.0002990842325818862 4.725404790750651e-05 0 
0.0002581166956695166 0.0001011889886686793 0 
0.0003081542497579042 3.627316613389124e-05 0 
0.000314568553395734 2.805562325551978e-05 0 
0.0003493392659528982 -1.929910060939592e-06 0 
0.000382724658219007 -2.844729176065904e-05 0 
0.0003566923277176145 -7.645996864663669e-06 0 
0.0002028906612838947 0.0001950752441737481 0 
-0.000898486338069316 0.002261935950224808 0 
-0.0008694530501991083 0.002256299257998679 0 
-0.0003480831123693704 0.001639013264073437 0 
-0.0002117526809009613 0.001395663837516049 0 
-0.0001421663000864065 0.001244842197905549 0 
-0.0004065241931101013 0.001721487660735823 0 
-0.0005795103148290988 0.001939584901840321 0 
-0.000667349113413159 0.002041967473958857 0 
-0.000811091193600814 0.002197697101208492 0 
-0.0002799552136242588 0.001525628045811204 0 
-8.03889233918295e-05 0.001091135738260919 0 
-2.857947780406232e-05 0.0009416801042747055 0 
-0.0004607934349092918 0.001779405160297247 0 
-0.000743239640692586 0.002125270937015579 0 
-0.000868066394205218 0.002202807989254871 0 
1.414197330857556e-05 0.0007986252562477786 0 
-0.0009749593659318408 0.002320154216098005 0 
0.0003807551811577861 -4.556042513776861e-05 0 
0.0001616165809554578 0.0004092214275055804 0 
0.0002097092494423287 0.0002684877381723962 0 
0.0001872667303159913 0.0003313637224836517 0 
0.0002270382823089019 0.0002186506484183218 0 
0.0001385201822180106 0.0004958090560358453 0 
0.0002472227434448223 0.0001758806661503437 0 
0.0003498917882355767 5.332863763432459e-06 0 
0.0003561327018565629 -5.28033001875123e-07 0 
0.0003402574601357643 1.302685600963569e-05 0 
0.0003270722728070964 3.507355482110233e-05 0 
0.0003190734270043279 4.828913082533739e-05 0 
0.0002797561278293697 0.0001113951047409588 0 
0.0003356696262210094 2.290218343783264e-05 0 
0.0002930299444077844 8.696899355380551e-05 0 
0.0003087419538710409 6.497928121363186e-05 0 
0.0003302755837759378 2.10080140932388e-05 0 
0.0003618229645188665 -5.668168595865751e-06 0 
0.000369191170467238 -1.073997354032902e-05 0 
0.0001161420980827525 0.0005904869990508256 0 
0.0002625436818447187 0.0001414279965369252 0 
-3.763067502026599e-05 0.001064096019217795 0 
1.771267511426697e-05 0.0009269219492613216 0 
-0.0001021469949408151 0.001204208748074341 0 
-0.0001665938425105061 0.001329098912975552 0 
5.920723454532919e-05 0.0008054076043933906 0 
-0.0002294172396933852 0.001437805097226795 0 
-0.0002742652866766665 0.00150512434770868 0 
-0.0003866276498215255 0.001641922807306901 0 
-0.0005822762296640282 0.00189943938419495 0 
-0.0006055080210816767 0.001890266798063541 0 
9.058706258633949e-05 0.0006949313402434944 0 
0.0003762087271003687 -2.291875695961339e-05 0 
0.0003855767841078012 -5.31237534822671e-05 0 
0.0003905147797466213 -5.732732056258475e-05 0 
0.0003913468393799887 -3.52956778256351e-05 0 
-0.0008056850359576504 0.002110618756818148 0 
-0.0006898124367071087 0.001975977407866516 0 
0.0001949963150945444 0.0004454485420460754 0 
0.0002661554938876208 0.0002394203111487085 0 
0.0003721134058098405 -7.860662439266062e-06 0 
0.0003696498533164339 3.890268362615171e-07 0 
0.0003532048125742487 2.576365358226344e-05 0 
0.000325676130814217 9.636527617974887e-05 0 
0.0003586205347598562 1.633930864152643e-05 0 
-0.0001252783258657595 0.001272244806677486 0 
0.0001163236517304416 0.0007776909771163873 0 
-0.0001876620773439853 0.001361670972694113 0 
0.0002983662236226357 0.0001575603144128391 0 
0.0001642626671927282 0.0005988949290674917 0 
0.0003937985709566861 -4.646053809742325e-05 0 
0.0003946611978402733 -2.82911165883427e-05 0 
0.0003635654153713342 -1.285836154444891e-05 0 
0.0004039096885393707 -3.274383500960871e-05 0 
-0.0003773475068196577 0.001596380681383483 0 
-0.0002283160425407535 0.001408007930822628 0 
0.0004099919810566735 -3.036556885183814e-05 0 
0.000402486243227434 -5.427406743580172e-05 0 
0.0004067420327599065 -4.161916274671125e-05 0 
-4.274946614319653e-05 0.001144070219831233 0 
0.0003825852910030184 -1.963686002061674e-05 0 
0.000209656138451391 0.0003788976039356097 0 
0.0003905583425608973 -1.647560544988968e-05 0 
0.0003469930931293669 5.371136598716044e-05 0 
-6.279059016113462e-05 0.001159120591174897 0 
0.0001816719126913558 0.0005161668580311355 0 
-0.0001686668469573257 0.001307268995171314 0 
0.0003664530376196736 0.0001408316448860102 0 
-6.763325815884784e-05 0.001185147964335517 0 
0.0003638493103905053 9.63520840093058e-06 0 
0.000387447308081235 2.136042593099443e-05 0 
0.0003479798924606364 0.0001149274362913245 0 
0.0001504302528839594 0.000673628187216705 0 
0.0004972029986713473 -3.191883827577212e-05 0 
0.0004810549117141379 -4.166558441046594e-05 0 
0.0004230972454973899 -6.001297705995221e-05 0 
0.0004433294191237829 -5.566533786326682e-05 0 
0.00046290138421543 -4.967959100691741e-05 0 
0.000519666762824164 -1.029331504806171e-05 0 
0.0004209445211315364 -4.816393659712527e-05 0 
0.0003275202641063579 0.0002255179887353595 0 
0.000144176575166683 0.000793588557116022 0 
0.0002717094306343248 0.0003042810469670372 0 
0.0003791866033655412 3.788617896302269e-05 0 
0.0003669412704477987 6.582015669465296e-05 0 
0.0002255869059844574 0.0005135793876421453 0 
6.511600380708097e-05 0.0009453456025492173 0 
-0.0002919088629893222 0.001465731360882127 0 
-1.517760685484727e-05 0.001093110893285113 0 
0.0004002564106996876 -2.429340483124164e-05 0 
0.0004060694674741722 -6.433712336133271e-06 0 
0.0004038296532573443 5.12671716688361e-06 0 
0.0004124968117990694 9.937703975219895e-05 0 
0.0004199664794740254 -3.588891700009049e-05 0 
0.0005106625045052717 -2.112569856148408e-05 0 
0.0004971339246730035 -2.723433205370285e-05 0 
0.0004623818855951824 -4.102690651919524e-05 0 
0.0004432640078784855 -4.570002195260076e-05 0 
0.0004804214519427659 -3.485875876183697e-05 0 
-0.0006599079407029795 0.001918540028748275 0 
-0.0004923186801509457 0.001731707988635481 0 
-0.0001689853490801968 0.001171477832425448 0 
-2.051127594795475e-05 0.0008671251044497568 0 
9.354367209013328e-05 0.0005671209462881953 0 
0.000165945981571356 0.000277406274263019 0 
-0.0003451176270617644 0.00147227937318551 0 
0.0004159867013974085 -2.205585720230528e-05 0 
0.0003804750610579677 0.0001786198906829913 0 
0.0002550858168491224 0.0005170178651249291 0 
0.000418825315716755 2.032129742273584e-05 0 
0.0001319142759038381 0.0008740166969441732 0 
-0.0001294112456783545 0.00123714730323409 0 
0.0003895111274755054 7.952522608513895e-05 0 
0.0004090197569037233 -1.567434956301661e-05 0 
-0.0003992596182049449 0.001601781566533634 0 
0.000421105852905959 -3.077118739137089e-05 0 
0.0003987269641151933 4.131926927322593e-05 0 
0.0004393234634404374 -9.612604566061144e-06 0 
0.0004614348095991421 -3.48732220234702e-05 0 
0.0004781566675806455 -3.090430391638944e-05 0 
0.000494132424103442 -2.530697184301961e-05 0 
0.0005122188159818184 -1.881060030742488e-05 0 
-0.0005725375745159688 0.001817662561153228 0 
0.0003141257111973262 0.0002992099386352567 0 
7.38184429057171e-05 0.0008225640597235623 0 
-9.068481519218641e-05 0.001111627541138895 0 
-0.0002732552161913972 0.00139474641445868 0 
-0.0005443797332772938 0.00176619924320075 0 
0.0003029812456104204 0.0003823068893718278 0 
0.0004038841488454443 -6.430657084182492e-05 0 
0.0004438758984542253 -3.833689576308022e-05 0 
0.0004171136969353743 -2.731787101698924e-05 0 
0.0004326815322653313 0.0001289980978437384 0 
0.0004335673899476415 2.835621023863393e-06 0 
0.0004409821892407564 -3.335086491353267e-05 0 
0.0004489935501741491 2.39584052737912e-05 0 
0.0004242107051532162 4.919310494263055e-05 0 
0.0002173585325011153 0.0007404978022559211 0 
0.0004366311854127348 -1.753475216918221e-05 0 
0.000208882891547645 0.0007237750462348359 0 
0.0003832651212208289 0.0002337742267958368 0 
-0.0004684250495518994 0.001667920657100178 0 
0.0004759278723469417 -2.840732422218197e-05 0 
0.0004614109356688389 -2.966932153876582e-05 0 
0.0005088669924312094 -1.947597022588662e-05 0 
0.0003740590784155448 0.0003097599252868862 0 
-3.64581485220367e-05 0.001075012876393035 0 
0.0001297994280091607 0.0008078223876268986 0 
0.0004325785175500118 -2.138364257615554e-05 0 
0.0003437069711914546 0.0004148311258329038 0 
-0.0002194360027233473 0.001347307569891051 0 
0.0004664410758785225 4.185448100945681e-06 0 
0.0004782588249930145 -1.121415884412314e-05 0 
0.0004441516071102476 0.0001725102146677488 0 
0.000481280875061111 3.266686119954919e-05 0 
6.490984970455646e-05 0.0009801149520511007 0 
0.0002620221465717698 0.0006672796140944547 0 
0.0002944525103839791 0.0005447273998503328 0 
0.0004435820219495081 -2.401325946482456e-05 0 
0.0004879524096984677 -2.441446762859568e-05 0 
0.0004416013454064905 0.0002362484629732043 0 
0.0002136399442933513 0.0005337345149415788 0 
0.0004640667068770111 -2.024767397390833e-05 0 
0.0004189698594475803 0.0003267157184182919 0 
0.0004521910218548826 6.251699749835819e-05 0 
0.0005101081092888469 -2.930416678951447e-06 0 
0.0005003241428916945 1.110090490332413e-05 0 
0.0003019192621286261 0.0005879816236738284 0 
0.0004971797814083333 0.0001162774224826287 0 
0.0004890113015694287 -2.009486215954049e-05 0 
0.0005206006580451193 -1.425515782121485e-05 0 
-2.845265256590756e-06 0.00105478859855325 0 
0.0004361656905889145 -2.954007375657963e-05 0 
0.0005008966573326293 0.0001673490715469592 0 
0.0002851386257778828 0.0005347877226883463 0 
0.0004787880017818592 8.383701309811677e-05 0 
0.0003646260092387606 0.0004917708301667577 0 
0.0004830223324591969 0.0002439481654374856 0 
0.0005245710092667256 -1.286959183423829e-05 0 
0.0005493038624868675 0.0001035054561678688 0 
0.0005176472751780298 -8.994549799164836e-06 0 
0.0005275886520883494 -9.25030605521369e-06 0 
0.000290688794762499 0.0005949435587177738 0 
0.0004311582897747425 0.000250223122223639 0 
0.0003723168042949683 0.0004456218837527218 0 
0.0001478862564044576 0.0008254282888806859 0 
0.0005414148379300286 1.742738905752222e-06 0 
0.000408936202506436 0.0003916628934488848 0 
0.0005394491132534818 -6.343900575689778e-06 0 
0.0005340569279387094 0.0001623547375028476 0 
0.0005415442059976978 6.592223818577618e-05 0 
0.0005365409541659492 1.961622925856475e-05 0 
0.0003123143109066351 0.0002589041703150952 0 
0.0005364538603625987 -7.062963192299929e-06 0 
0.0004903670843196487 0.0002513493332508783 0 
0.0005670276408608981 8.15894582412171e-05 0 
0.000565175996672615 2.546027755641734e-06 0 
0.000580914292057697 4.843354919396053e-05 0 
0.0005744347081748797 2.27829667346499e-05 0 
0.000523294710298358 0.0001352266800804238 0 
0.0005150510049529395 4.627208435821207e-05 0 
0.0005522958693197474 -3.510366170636628e-06 0 
0.000377130988710144 -5.857028259357492e-05 0 
-0.0007574217538613711 0.002046772190846495 0 
0.0003803795466852224 -5.036064482538302e-05 0 
0.0003784047389617468 -3.993344406560217e-05 0 
-0.0009143099358983632 0.002302011859673625 0 
0.0003700941986013805 -1.784733098294846e-05 0 
-0.0004142430617575973 0.001608206276856647 0 
0.0004384279830575826 0.0003504789475781607 0 
0.0004284736665738782 -4.054543622634151e-05 0 
0.0003880080734095511 -4.022788349707289e-05 0 
-0.000768973958099076 0.002087713755261937 0 
0.0005033524320438486 -1.943735743560469e-05 0 
0.0001001469002609187 0.0009288492725078054 0 
-0.0008217607244370471 0.002172711495367466 0 
-0.0007091471848529603 0.00202507190989567 0 
0.0003884054386366299 -2.392880506981293e-05 0 
0.0003763760080697793 -1.529417739535721e-05 0 
-0.0003244418213257684 0.001574983185923239 0 
0.0005046142856968039 -1.475779790165838e-05 0 
-0.0005169111061816394 0.001826428029172519 0 
-0.0006695700518045917 0.001999391745650894 0 
-0.0007511546310066947 0.00209559533210141 0 
0.0001679888124980022 0.0008124709125082476 0 
0.0004765179891570375 -2.452540451715443e-05 0 
0.0004516651646886319 -2.706703891209055e-05 0 
0.0003968430427492415 -2.068461128972383e-05 0 
-0.0004814474171096554 0.001749719750565687 0 
0.0004053574521294689 -2.766834753854315e-05 0 
-0.0002563684803491776 0.001467668947390923 0 
-0.0001319000415504319 0.001279737439466913 0 
-4.444944967582453e-06 0.001048537122540786 0 
6.213550384980759e-05 0.0009093347223236073 0 
4.456756531959875e-05 0.000998187475306746 0 
0.0003809380220197549 -1.19585924408877e-05 0 
0.0003718080425057773 -4.834418576383325e-06 0 
0.0003533866477295212 1.037744398219344e-05 0 
0.000233956139232171 0.0003102010002346552 0 
0.0002645138228253461 0.000204880531622134 0 
0.000296286437538498 0.000131103595284231 0 
0.000322466450127153 7.842472093926054e-05 0 
0.0003516133404417758 3.660614302877034e-05 0 
0.0003184770460993776 0.0001853966332634931 0 
0.0004290247655016369 -2.611182159605938e-05 0 
0.0004647830636785795 -2.4110563220859e-05 0 
0.0002119708775224273 0.0006460769547996884 0 
0.0003807077762294657 2.594472073868033e-06 0 
0.0004113298768732977 -2.469328407539662e-05 0 
0.0003887563290865542 -1.029024718617872e-05 0 
0.0002890393369472903 0.0002565171346431558 0 
0.0002453842334259639 0.0004422171155533548 0 
0.0002462451632352532 0.0003554520876364777 0 
0.0003744090943652221 1.839907314173343e-05 0 
0.000380814318621279 9.526022954710324e-06 0 
0.00025208021031725 0.0003848417184387871 0 
0.0003883121569682823 -6.031160371353243e-06 0 
</DataArray>
<DataArray type="Float64" Name="Umag" NumberOfComponents="1" format="ascii">
0.0002723951016013195 
0.000309745481611952 
0.0003617459307571346 
0.000432544364605016 
0.0005305008495897442 
0.0006686642640150982 
0.0002826045883399522 
0.0003286829019378961 
0.0003877308584660008 
0.0004639381265094181 
0.0005699727544121127 
0.0007293481576156299 
0.0003023315504714682 
0.0003627589564925116 
0.0004302498949226915 
0.0005126587266969482 
0.0006278723312959305 
0.0008143288312095794 
0.0003235119766218618 
0.0005073269550914609 
0.0005863566231633975 
0.0006744968362848798 
0.0007952878109684107 
0.001042395513264085 
0.005424728847939033 
0.005236715117503316 
0.005167149071667675 
0.005088078804647044 
0.004972221765111177 
0.004706949777169551 
0.005446816787924527 
0.005382009168949816 
0.005315925647779113 
0.005239821132806496 
0.005131028160665865 
0.004944928915226114 
0.00547403229304127 
0.005419401765033183 
0.005357050535668571 
0.005281542588925886 
0.005178866746777764 
0.005023029476793477 
0.005497921888876103 
0.005447100751478267 
0.005386993672548908 
0.005312427117574091 
0.005213798123356702 
0.005077473750863348 
0.003172878266049837 
0.003224102621045799 
0.003272308346469097 
0.003350025242392255 
0.003371021566898763 
0.003386858252891421 
0.003400588936612451 
0.003414321399686545 
0.003429653258131807 
0.003448302069414851 
0.003473393969050205 
0.003505664487364193 
0.003547518100897594 
0.003602057400844137 
0.003673048340236015 
0.003766277465196918 
0.003889358829761208 
0.004044286115696498 
0.004232529119925032 
0.004449411843508548 
0.004679090870200282 
0.004896062011553072 
0.003319211101081965 
0.002752292835043238 
0.003117162683195094 
0.00305568051685179 
0.002707132513956183 
0.002913580371673101 
0.001543417890900336 
0.002377858582457572 
0.002987665497527756 
0.002854274114080184 
0.00279999507931736 
0.002449386410151916 
0.001750239380437915 
0.0008529548315123457 
0.001074623388923466 
0.001312792519087882 
0.001926958414532093 
0.00207385009911542 
0.002194852403112697 
0.002294418731222907 
0.002511166460969785 
0.002565831706147308 
0.002615599014384119 
0.002662171268588769 
0.004798346777914147 
0.004628858395183955 
0.004057848812543239 
0.001679654380168825 
0.001128845533377831 
0.000956848164732236 
0.004521933567590079 
0.004238460107445814 
0.003527937192588815 
0.002219639138563923 
0.001524443408783277 
0.001238716141173205 
0.004242216295199169 
0.003902079876855805 
0.003295285329753815 
0.002480685449720939 
0.001877307955104132 
0.001530037587457613 
0.004000802857233311 
0.003665780263243942 
0.003186550016648583 
0.002623181958193015 
0.0021381408848867 
0.001789985819881418 
0.003811436895266245 
0.003509108545104321 
0.003130536226488499 
0.002712114162865477 
0.0023228767100812 
0.002002668363982152 
0.003669418000903765 
0.003405806187390178 
0.003100458983642402 
0.002772953092140747 
0.002454879189960626 
0.002170281292107351 
0.003565429054333542 
0.00333727986651802 
0.00308468526598409 
0.002817791504909975 
0.002551906947492814 
0.002301169409593337 
0.00349091512156839 
0.003291877153086686 
0.003077619024712097 
0.00285305023099273 
0.002625794963794098 
0.002404150393786657 
0.003437464319120849 
0.003261937592137816 
0.003076189284703913 
0.002882368054498915 
0.00268423543479445 
0.002486622914419023 
0.003398784027022407 
0.003242415713686243 
0.003078540766020931 
0.002907907769718147 
0.002732293092298756 
0.002554492351724645 
0.003370718256289785 
0.003230106028250459 
0.003083530329478723 
0.002930996928442065 
0.002773247395448162 
0.00261192350676796 
0.003350401438683093 
0.00322297995776671 
0.003090481084677129 
0.002952501950413033 
0.002809225321728069 
0.002661581950127497 
0.003335932171629604 
0.003219779460307995 
0.003099029808472195 
0.0029730813271877 
0.002841801198406003 
0.002705684463382195 
0.003326155484464069 
0.003219653026363205 
0.003108962390199455 
0.00299326999260064 
0.002872229191790232 
0.002746069666352454 
0.003319392119183923 
0.003221688150269183 
0.00312002431298441 
0.003013470900204078 
0.002901520961120417 
0.00278421195426169 
0.003314112469023128 
0.0032249110324575 
0.003131857001419143 
0.003033957093419757 
0.002930542532737157 
0.002821448923652131 
0.003308835875631751 
0.003228250687564617 
0.003143945374290606 
0.003054846343826064 
0.002960099541792718 
0.002859188073751039 
0.003301784734842905 
0.003230384064714207 
0.00315554315154902 
0.003076009429054198 
0.002990794682652765 
0.002899089920282276 
0.003290502555547649 
0.003229655685726224 
0.003165628462687553 
0.003096996456644914 
0.003022725628326675 
0.002942145634643314 
0.005790952578838968 
0.005782826893760674 
0.005774610707482295 
0.0057662033629092 
0.005757487568257161 
0.005748380035386277 
0.005738699797148922 
0.005728291697936086 
0.005717122154995691 
0.005704927656790395 
0.005691490137862562 
0.005676607566706115 
0.005660097006518694 
0.005641698269175765 
0.005621195218579678 
0.005598281295499235 
0.005572521935840693 
0.00554346294018426 
0.005510355326825671 
0.005471903907715413 
0.0002791556517982891 
0.0002503275817811195 
0.0002322844213708376 
0.0002237864837049397 
0.0002230768613478922 
0.0002282284626139694 
0.0002371646838968907 
0.0002481912309246389 
0.0002601315923759097 
0.0002721510246593076 
0.0002837066440696096 
0.000294466718652858 
0.0003042633017243732 
0.0003129084712213385 
0.0003204058765566956 
0.0003267939766187857 
0.0003321434494637758 
0.0003364941645103741 
0.0003399868125617935 
0.0003427872602820589 
0.0003450464885713956 
0.0003469079540984149 
0.0003485618925806814 
0.000350223336322515 
0.0003589484061801734 
0.0003658195509281317 
0.0003710679755141183 
0.0003696990442490315 
0.0003682472979671302 
0.0003666310903993829 
0.0003646960518407627 
0.0003622883745093097 
0.0003593513007183321 
0.000355811392515765 
0.0003515054073134919 
0.0003462426842772683 
0.0003399868058419231 
0.0003327028802574894 
0.0003243855395254369 
0.0003150370557244267 
0.0003047082646398637 
0.0002935041554192361 
0.0002816378014383784 
0.0002694942324943274 
0.0002576184777355563 
0.0002468870234785664 
0.0002386060315680247 
0.0002345397221923381 
0.0002370849722578289 
0.000248768200343216 
0.00565308339976789 
0.005833859557044464 
0.00583257356874911 
0.0003520187506027483 
0.005688217597851898 
0.005540340720280943 
0.005796186245327431 
0.000372681232553355 
0.005725598531689705 
0.005751392510219356 
0.005777595223816276 
0.005671919462634471 
0.005789845435713066 
0.005783694942690676 
0.005575775873804156 
0.005758522513101427 
0.005735172631044208 
0.005743685752865465 
0.005605729642856278 
0.005714739052213976 
0.005765186179562987 
0.005771442277482772 
0.00563123393946359 
0.0057023907151273 
0.005802847407541561 
0.005809909408202332 
0.005817343952432822 
0.005825427462859785 
0.005833426647330017 
0.005833006873341313 
0.005824120679039238 
0.005815665950239743 
0.005807326192287388 
0.005799089992234558 
0.005495598105037537 
0.00551891533591419 
0.005533851255724119 
0.005556063951250511 
0.005566309530226397 
0.005587365804506805 
0.005594401929299783 
0.005614154846657282 
0.005618910119106238 
0.005637258799989295 
0.005640432912514265 
0.005657336025539145 
0.00565942093416897 
0.005674875244706083 
0.005676252245249831 
0.005690274979703066 
0.005691193379416279 
0.005703826084761107 
0.005704538952931919 
0.005715827830189025 
0.005716491494611341 
0.005726494580406053 
0.005727272027472092 
0.005736047309535545 
0.005737126262060606 
0.005744743245360357 
0.005746265406710788 
0.005752804719845897 
0.005754791226032639 
0.005760336348664885 
0.005762805835249791 
0.00576740458591518 
0.005770532609810745 
0.005774279956947826 
0.005778057816542425 
0.005781043019277601 
0.005785485702809453 
0.00578778749367311 
0.005792927331959036 
0.005794638174776321 
0.005800496123397737 
0.005801727746388415 
0.005808264202567425 
0.0058091173016319 
0.005816269572351157 
0.005816829187245944 
0.005824585386599619 
0.005825030576324141 
0.0002516931195825009 
0.0002624135272105015 
0.0002339721456839125 
0.0002383609357828063 
0.0002270064668816207 
0.0002258765070613496 
0.0002281742900515708 
0.0002227391990133613 
0.0002348607815816514 
0.0002264953860773868 
0.0002449243563163915 
0.0002348241977543209 
0.0002567175283733091 
0.0002457687600726697 
0.0002691218850962712 
0.0002579082920244482 
0.0002814534039343204 
0.0002703419883278913 
0.0002932429507227798 
0.0002824537824371124 
0.0003042011282696857 
0.0002938486013032974 
0.0003141627698276421 
0.0003042923257442774 
0.000323047859077486 
0.0003136609758016142 
0.0003308327874361697 
0.0003219075753279275 
0.000337537852241783 
0.0003290400732053428 
0.0003432072095316373 
0.000335092410546166 
0.0003479330965555808 
0.0003401402396168745 
0.0003517652109549373 
0.0003442426264080601 
0.0003548678840923082 
0.000347532135019839 
0.0003573897737400502 
0.0003501730898915984 
0.0003594240493794739 
0.0003523102377788961 
0.000361111810259318 
0.0003540631164692092 
0.0003626111031478301 
0.0003556243944078055 
0.0003641388515574993 
0.0003572090156198627 
0.004329426765868296 
0.00460795859049384 
0.004891384244243149 
0.005175915509107384 
0.005460311179238296 
0.005747926734900226 
0.005755165805260531 
0.005763406046401995 
0.005769853428133851 
0.005773812774373502 
0.005775772093084447 
0.005774694715521261 
0.005773346094504979 
0.005771830310313089 
0.005770501234543024 
0.005769363218094522 
0.005768487125074232 
0.005783578115466407 
0.005798410621484336 
0.005811280272334038 
0.005821531001582882 
0.005828767794058378 
0.005833031654175502 
0.005834753761781166 
0.005834674747357371 
0.005767583455420975 
0.003453248410579545 
0.005744446532773412 
0.003616191162370757 
0.003821953695590069 
0.004063617642379553 
0.005339790545962226 
0.005470903447392699 
0.005519042855710606 
0.005412856692917776 
0.005244522736019536 
0.005684166017881674 
0.00571285289462315 
0.005735278763736304 
0.005744205674362193 
0.005751716259841537 
0.005758298907722282 
0.005592813834108259 
0.005621382796142755 
0.005645904423668488 
0.005559220337444724 
0.00566681532199211 
0.005699455953908862 
0.00572499417442543 
0.005764567498703285 
0.005770678026379016 
0.005780683917834747 
0.0057859078175094 
0.005796580797922295 
0.005808150682165302 
0.00581446164550456 
0.003961005590875566 
0.004270711999232557 
0.0044386394922472 
0.004617555072971179 
0.004800126927322369 
0.005124341201083321 
0.004974828649524139 
0.003555487194303566 
0.003668828401710729 
0.003792232537746807 
0.003866718365256077 
0.004115258507302393 
0.00543552354523925 
0.005490773696425391 
0.005536023355063993 
0.005365225128679782 
0.005574314762330047 
0.005274304802770912 
0.005775975997475508 
0.005802318929266278 
0.005791181948666904 
0.005758838446384162 
0.005752155263959286 
0.005764123251185372 
0.005634437937459059 
0.005708980189363565 
0.005658340978026886 
0.005695339927305805 
0.005721612876817572 
0.00567883860957837 
0.005733348754057244 
0.005743675300632365 
0.005769063580355971 
0.005787742148537215 
0.005809553470726458 
0.005774927254209627 
0.005606663034103739 
0.003516760205050424 
0.003532996193351535 
0.003730126640208093 
0.004756477081677193 
0.004610546168501974 
0.004899995196173298 
0.004303047201213826 
0.004105907614720399 
0.003544813107577476 
0.004462753038860303 
0.005038970190504891 
0.003492127533509597 
0.004054605718740947 
0.003823777359195538 
0.003475375004660539 
0.005166456838491547 
0.005821772472101952 
0.005797809275126202 
0.003607596154756639 
0.005391803105241331 
0.005509442954467174 
0.005458860071503086 
0.005549113544170756 
0.005305516111910402 
0.005584806644842 
0.005729137774024481 
0.005759257365892888 
0.005718688480938988 
0.005740218839874725 
0.005644804694322875 
0.005668412626888324 
0.005688355316479024 
0.005750507018431904 
0.005766129639687698 
0.005772056429917547 
0.005770046333265741 
0.005776959201603148 
0.005198769039764453 
0.005616529009699107 
0.004769715645249295 
0.004889559236229055 
0.004999191168424497 
0.004652013049071192 
0.004537255162987121 
0.00444400431403685 
0.004172088709631401 
0.005081039457278492 
0.003907066369950462 
0.00363966235249869 
0.003606727289664935 
0.003718500670091114 
0.005781490411438007 
0.005805206195309175 
0.005300424105500451 
0.005558238872430237 
0.005776543376996721 
0.004727134123649591 
0.005745452012493068 
0.005653422275637422 
0.005016695892397421 
0.00483144480988245 
0.005621477011800513 
0.00518576884918305 
0.003774138542678987 
0.004001271946041138 
0.00398388686253071 
0.005801585468450166 
0.005782834830696179 
0.003898080778669436 
0.005794333842860918 
0.005810618339939927 
0.004209857980444338 
0.003766779735720925 
0.003841877680067322 
0.004296361085744619 
0.005788433935829747 
0.005801672805967696 
0.005488927501413446 
0.004372145032635281 
0.005764589626225004 
0.005774305471124806 
0.005783001399159849 
0.005644084268614951 
0.005290444593055094 
0.005711877721693396 
0.005731402950718611 
0.00502398441125661 
0.004883161585942437 
0.005690169511527428 
0.005153262013675198 
0.004923575578449753 
0.004653818391118434 
0.003906427760818432 
0.004137954010206225 
0.004389805120455662 
0.00547216590628396 
0.003962332349703893 
0.005788820544907388 
0.005390994118564464 
0.005767093990934378 
0.00574827386824737 
0.00578259260649434 
0.005531993640446639 
0.004802051786091748 
0.005810543495091145 
0.005794861351155439 
0.004512116555680333 
0.005740480262410017 
0.005673666189799417 
0.005723238224986549 
0.00512350130109117 
0.005297284213048902 
0.005189170215022645 
0.005199296063617309 
0.004921370579273547 
0.00442217512521862 
0.004185777242579256 
0.004669316254308265 
0.004227761973124296 
0.005799240434068547 
0.005789495017816198 
0.005779114448727039 
0.005807677640705893 
0.005814384481590902 
0.005794368529932379 
0.004717839489346842 
0.005367880017974952 
0.00575399377923392 
0.005581390684790497 
0.005071083311766743 
0.005808457589915706 
0.005775198647374353 
0.004461192353781333 
0.005499450244616973 
0.005800519579601129 
0.005730074087895763 
0.005670184267163893 
0.005203431911122262 
0.005347692279704078 
0.004666922337946002 
0.004438048228634629 
0.004893663428167003 
0.005185063920866414 
0.005788243851344491 
0.005786035180729484 
0.005793305939537963 
0.005819087838532513 
0.005799606907085089 
0.005762930842507544 
0.003713740901122172 
0.004214141237943696 
0.005768148268480349 
0.004675860087168736 
0.005418309097986391 
0.005749237070600025 
0.005798130604622889 
0.00546373420993369 
0.005559049000032212 
0.004446502618789406 
0.005627825387123863 
0.005091359105229282 
0.005705189930531859 
0.005330292123397639 
0.005762123010572408 
0.004866085214016679 
0.004665686791838242 
0.005774004448529853 
0.005112252673454605 
0.005793071056411323 
0.005794703127544737 
0.005790323633957249 
0.004891478469701277 
0.005484945167380852 
0.005613860970746976 
0.005790991197842942 
0.005758013264493048 
0.005804737589872943 
0.005528815556124037 
0.005787038534928395 
0.005253197999473373 
0.005013125243447779 
0.005046720674558624 
0.005788146425228792 
0.005784996458377007 
0.005044279522026118 
0.005776405827833447 
0.005780116355421559 
0.005558498815034814 
0.005592247984830811 
0.00541999558488994 
0.005662640980115131 
0.005127895748137598 
0.005784970478829816 
0.005305098739047317 
0.005232018782793666 
0.005784516178560311 
0.00570210066751871 
0.005781767067226008 
0.005632619065009415 
0.005506713135812351 
0.00519895833190111 
0.005182104841019929 
0.005475945554217117 
0.005376117634555594 
0.005778423050869441 
0.00565061836411943 
0.005733679948574366 
0.005596481143565156 
0.005421154736226513 
0.005606048002134466 
0.005780240835405043 
0.005566572134327283 
0.0057700304395917 
0.005777130436961057 
0.005697956065740756 
0.005770439391579655 
0.005731577126573631 
0.00568086436472682 
0.005696993136341311 
0.005517876127494306 
0.005696423321160587 
0.005730989833569067 
0.005441198068585043 
0.005766995320394471 
0.005308484675770498 
0.005650684955079646 
0.005777870545643223 
0.005774548343989761 
0.005738291815636975 
0.005770022224992388 
0.005774641167068079 
0.005751865137044923 
0.003485432479392508 
0.003591143586421837 
0.005821705533170961 
0.005760013472153732 
0.005752994052472577 
0.003583287702687433 
0.003688140060681696 
0.003603420647202475 
0.005801847820190157 
0.005783449304286965 
0.003994747895448733 
0.00576370541416338 
0.00402720636915903 
0.005781959959715856 
0.004861043244094467 
0.004042637582702157 
0.00409525490132138 
0.004247683423777933 
0.005792866287556578 
0.005788862753077417 
0.005705595395106744 
0.00576978603518362 
0.005704991898657026 
0.005637024638967945 
0.005596073536713469 
0.00553669183684133 
0.005252315211390442 
0.0051366788814906 
0.004961710810388997 
0.005700554998441244 
0.005672404350785502 
0.00562184566506627 
0.005572158799826665 
0.004627732375130033 
0.005436594219445297 
0.004981754569358197 
0.004916160723011385 
0.004576099694257063 
0.005758862065862231 
0.005662719832584995 
0.005103951910126797 
0.004771634307166817 
0.005534354507108365 
0.00541959658013005 
0.005343696689774941 
0.005755649132960327 
0.0057362247238018 
0.005693262023908164 
0.005677881714675356 
0.005587246109539131 
0.005032183139358765 
0.002646195479961938 
0.0003913073550713413 
0.0005794985547905437 
0.0003499672246592759 
0.0004822087922839785 
0.001296828466595211 
0.0005748772383048265 
0.000593551020397202 
0.000462151789732574 
0.0005401998925550364 
0.0005439320501858526 
0.001994813527448337 
0.0004954145523268128 
0.0005051601981980944 
0.0005109885569008152 
0.0003144672886867102 
0.0005129240969712701 
0 
0.0006333242837994683 
0.0005229930230451289 
0.0005583021527860512 
0.0004103617007771796 
0.0004295893751989523 
0.0004485044268176766 
0.0004663035809940283 
0.0005326300890320378 
0.001643628614133409 
0.0001930811290106829 
0.0005885152135933609 
0.002337110197106171 
0.0009600265523451734 
0.0004857098049918968 
0.0003392658655162249 
0.0002969836324135648 
0.0004003261632949723 
0.0006015073499458829 
0.0003367096712495988 
0.000328159696203833 
0.000318870243130396 
0.0003088296325715493 
0.0002885010747064319 
0.0002682189733717602 
0.0002549258015448168 
0.0002522990169680283 
0.0002502257670467359 
0.0002698254647037773 
0.0002785046750198533 
0.0002592181447160268 
0.0003748152504812868 
0.0003694250099584823 
0.0003697426373641575 
0.0003642834062038679 
0.0003516109283442607 
0.0003445188098857367 
0.0002983872008061612 
0.0003899051042906125 
0.001923834920507531 
0.002225168280863637 
0.002476384195765029 
0.002578255330382937 
0.000918827349899605 
0.001295248526324802 
0.001479105361535005 
0.001649201395840229 
0.0007477918733447119 
0.001104045164596253 
0.001796100027836942 
0.002024384991615844 
0.002115288165661959 
0.002322098511518573 
0.002405230336570869 
0.002536944977952034 
0.002583105928318932 
0.002564837452974567 
0.0004565393268761776 
0.0003839674703611374 
0.0003336443530326238 
0.000552004237135024 
0.0003003765610763791 
0.000667516464883593 
0.000372497191930387 
0.0003740901627661792 
0.0003582654881287463 
0.0003338193476305496 
0.0003417829181919977 
0.0003247216875428664 
0.0003771482431095299 
0.0002938238672239952 
0.0002726655782151944 
0.0002724507880716152 
0.0002852415753168183 
0.0003027941928484441 
0.000277242565294617 
0.0003102817819744397 
0.0003158171825308756 
0.0003493445967656478 
0.0003837804221392381 
0.0003567742674586615 
0.00028145864940638 
0.002433851257290924 
0.002418022942022247 
0.001675567465942631 
0.00141163619435702 
0.001252933898721946 
0.001768836251790853 
0.002024307732643496 
0.002148251848336048 
0.002342592895275874 
0.001551101497581999 
0.001094093039149001 
0.000942113690240394 
0.001838100463562308 
0.002251484336880877 
0.002367678673780194 
0.0007987504587328202 
0.002516676648219943 
0.0003834713291984588 
0.0004399796540403171 
0.0003406811336874908 
0.0003806188971418323 
0.0003152054690000306 
0.0005147955525535034 
0.0003034025273491852 
0.0003499324262062734 
0.0003561330933099402 
0.0003405067373129892 
0.0003289474515587384 
0.0003227068204673597 
0.0003011185155687571 
0.0003364500081343027 
0.0003056634655293155 
0.0003155057861072411 
0.0003309430432788674 
0.0003618673593852478 
0.00036934735329039 
0.0006018005342263443 
0.0002982131168829255 
0.001064761196615297 
0.0009270911707497336 
0.001208533291851826 
0.001339498946933221 
0.0008075808973949336 
0.001455993052002614 
0.001529908738958411 
0.001686828813116817 
0.001986684570298628 
0.001984879979105951 
0.0007008106617058852 
0.0003769061896109608 
0.0003892192051106402 
0.0003947001582004212 
0.0003929352791057043 
0.002259167969363648 
0.002092923293920413 
0.0004862591557096124 
0.0003579955758345454 
0.0003721964223328632 
0.0003696500580261559 
0.0003541431991038611 
0.0003396339332801101 
0.0003589925639318011 
0.001278398023719359 
0.0007863424494710599 
0.001374541702950766 
0.0003374131830215076 
0.0006210131720793247 
0.0003965298174006972 
0.0003956739167022948 
0.0003637927276839636 
0.000405234740893606 
0.001640372646930387 
0.001426399154704212 
0.0004111149380677762 
0.0004061291055604844 
0.0004088657920655604 
0.001144868632097244 
0.0003830889076485165 
0.0004330347453247776 
0.0003909056977313782 
0.0003511255010899838 
0.001160820056295732 
0.0005472046319163152 
0.001318104977230093 
0.0003925829606363287 
0.001187076221216565 
0.0003639768645292934 
0.0003880356740498854 
0.0003664673534837892 
0.0006902203963920483 
0.0004982264887826165 
0.0004828559298678672 
0.0004273322320666637 
0.0004468104785029805 
0.0004655596130155361 
0.0005197686954009682 
0.0004236909895893354 
0.000397652972632596 
0.000806578999734238 
0.0004079374587347738 
0.0003810745894550231 
0.0003727977856494768 
0.0005609396042022005 
0.0009475855645855664 
0.001494516378821287 
0.001093216257091166 
0.0004009929722881582 
0.0004061204317307637 
0.0004038621944164323 
0.0004242987341182001 
0.0004214971627962001 
0.0005110992943130595 
0.0004978793507499532 
0.0004641984652980782 
0.0004456135912278331 
0.0004816844449940347 
0.002028860353033761 
0.001800330592066222 
0.00118360312608069 
0.0008673676609189525 
0.00057478394750282 
0.0003232527026958477 
0.001512188060135465 
0.0004165709982421067 
0.0004203169487834961 
0.0005765208121273016 
0.0004193180179937214 
0.0008839154726128719 
0.00124389739143042 
0.0003975464501302104 
0.0004093199809095624 
0.001650791455519473 
0.0004222286173687544 
0.0004008621632504021 
0.0004394286150170978 
0.0004627507159628117 
0.0004791543329162166 
0.0004947800474697896 
0.0005125640975816992 
0.001905701041729982 
0.0004338220255050913 
0.0008258697202718674 
0.001115320369187682 
0.001421262105954124 
0.001848190753327686 
0.0004878075366912701 
0.0004089715647108533 
0.0004455283726153644 
0.000418007299275977 
0.0004515017359997386 
0.000433576662624502 
0.0004422415306346194 
0.0004496323089828504 
0.0004270534907250913 
0.000771739416381519 
0.000436983134238113 
0.000753314263726331 
0.0004489348975724743 
0.001732449521755018 
0.0004767749109864644 
0.0004623638396278023 
0.000509239559934442 
0.0004856659401881338 
0.001075630922298389 
0.0008181839044265833 
0.0004331067235862202 
0.0005387200989432247 
0.001365060382245757 
0.0004664598538379475 
0.000478390281090952 
0.0004764770973124821 
0.0004823882300805228 
0.0009822619853291684 
0.0007168805260851506 
0.0006192174262883205 
0.0004442315239004756 
0.000488562811069497 
0.0005008244048786202 
0.0005749039556635426 
0.0004645082095431979 
0.0005312992601040451 
0.0004564921633745454 
0.0005101165263977971 
0.0005004472779923789 
0.0006609671933026673 
0.0005105959009044645 
0.0004894240048749527 
0.0005207957898077893 
0.001054792436061385 
0.000437164872335883 
0.0005281128412324687 
0.0006060544070037665 
0.0004860726236021521 
0.0006122014995214295 
0.0005411296342602554 
0.0005247288539399096 
0.0005589705831253646 
0.0005177254131538537 
0.0005276697394910159 
0.0006621614708364142 
0.0004985068522466136 
0.0005806880970363884 
0.000838571526417289 
0.0005414176427395885 
0.0005662407966802969 
0.0005394864139758128 
0.0005581898091769057 
0.0005455418119054662 
0.0005368994244247537 
0.000405674251344147 
0.0005365003539113374 
0.0005510320904537362 
0.000572867511032325 
0.0005651817313680761 
0.0005829298614794228 
0.0005748863344428978 
0.0005404846055456304 
0.0005171253653553328 
0.0005523070250669527 
0.0003816520151244874 
0.002182421617022017 
0.0003836988325284345 
0.0003805060136497823 
0.00247693787991554 
0.0003705242813387714 
0.001660700076213471 
0.0005612972376766477 
0.0004303877499953354 
0.0003900878716925786 
0.002224830256928483 
0.0005037275868051467 
0.0009342325046101477 
0.002322921851963435 
0.002145648146838939 
0.0003891418410741538 
0.0003766866221579195 
0.001608053025048023 
0.0005048300406356597 
0.001898166598968842 
0.002108528256118597 
0.002226152078274982 
0.0008296560882657786 
0.0004771487079066615 
0.000452475464073664 
0.0003973817480995865 
0.001814748142569985 
0.0004063006294019347 
0.001489891585603505 
0.001286516822639462 
0.001048546543974981 
0.0009114551322264973 
0.0009991819172391844 
0.000381125680784555 
0.0003718394708405088 
0.0003535389853143671 
0.0003885358871854742 
0.0003345797284705797 
0.0003239966138182708 
0.000331866009576167 
0.0003535137209275856 
0.0003685098920213992 
0.0004298186555290486 
0.0004654080097519524 
0.0006799610903874328 
0.0003807166166152024 
0.0004120704137487068 
0.000388892494903162 
0.000386451521757211 
0.0005057364919623431 
0.0004324151558651555 
0.0003748609019834699 
0.0003809334461297966 
0.0004600517152283075 
0.0003883589913273347 
</DataArray>
</PointData>
<CellData>
<DataArray type="Float64" Name="sigma_xx" NumberOfComponents="1" format="ascii">
-38.01020660464878 
-37.26527408073849 
-32.34377880991613 
-24.49906979280441 
-13.64194683369266 
-17.55241614805997 
-14.48060470552233 
-11.96361590646609 
-7.788021982215095 
1.615256190907067 
0.2196809458886596 
0.7861584860090015 
2.028930370545462 
3.0805644478005 
8.509401153004454 
2.273687898283101 
5.620396870691594 
4.982524219740266 
5.386013510839793 
7.295966650214072 
0.2157110871683287 
0.7875753070908414 
2.033766754272604 
3.090561281345012 
8.509554080174274 
-17.55428859627323 
-14.49610916737061 
-11.98721268148088 
-7.749558201772885 
1.592496196376469 
-38.12509076609319 
-37.10986984004912 
-32.15769364576231 
-24.94169232630366 
-13.64790561599838 
1.374577169688168 
16.33549445715395 
21.99063033806661 
19.16300533452001 
22.01711623986604 
16.41691116141838 
1.463096253851494 
16.90508628732612 
35.96256411118903 
45.35285737779065 
49.2280898150975 
45.40865723855078 
36.07564261334899 
17.28959531959178 
33.84385093440283 
60.18965060675195 
79.09802559132858 
85.64597164759513 
79.15593353007502 
60.26263591527778 
34.39226053925283 
53.63037718061997 
88.08383855621396 
113.0188589577748 
121.2607274413417 
113.0368872944318 
88.07714493583903 
53.7447767039522 
74.48036348308406 
113.6277243581217 
141.9900278325965 
151.7473563508052 
141.9715309922287 
113.516237175542 
73.99146280576556 
93.10948585050669 
134.06463853415 
163.7635033455252 
174.246926975821 
163.6556141598125 
133.902321209898 
92.25167206821008 
106.6563245066056 
148.5664573930136 
177.6371440531884 
187.979110117147 
177.4001648307395 
148.1088966779289 
106.6664867676588 
116.2361089736637 
156.298043873786 
183.7479353369742 
193.4351588677897 
183.456086518573 
155.9172140302427 
116.2924160143079 
120.9298401903771 
157.7491566780432 
182.8439571234426 
191.6832155539014 
182.6303085003802 
157.5179285559624 
121.2274301520477 
121.7220866542793 
154.0510391738534 
176.2260679102209 
184.0544413753844 
176.0504210219035 
153.6882534931696 
121.0191805634409 
118.0055369003021 
145.9346435877382 
165.0623799689366 
171.8393993401778 
164.9328261740092 
145.472818476095 
116.7311868296196 
109.8236709930938 
133.8679304607546 
150.2749602043319 
156.0363350507434 
150.1912567831035 
133.6121403593427 
108.5754341121434 
97.54910313478099 
118.7672716080592 
132.5511756566714 
137.3571345998465 
132.4908088337687 
118.5790202022928 
97.33859112798699 
82.90041614634227 
101.009352727359 
112.4443503518516 
116.3788655346791 
112.4559983802338 
101.2039501171755 
83.953605104308 
67.32731642834166 
81.59814026789817 
90.66701481644894 
93.77149608277274 
90.748003172034 
82.13692610739209 
69.0601776717798 
52.0581373004425 
61.78101637823306 
68.26133645700924 
70.45085877615203 
68.13104050115602 
61.88490576612764 
52.90606603724694 
36.27144469553194 
42.18242149230222 
46.38962780273133 
47.71690723141477 
45.74137180876674 
41.13398688008149 
35.52589009515662 
20.27422190341332 
23.80005500341879 
26.55543260163921 
27.3757297121879 
25.65160784735006 
21.31808413942652 
16.92300568844865 
5.859993470592937 
8.773275375714618 
11.03041017640945 
11.48751627982601 
10.44134379816815 
7.04248205125463 
-1.156186376878483 
-3.070429006918671 
1.57459140798721 
2.011599730490932 
2.206466177676989 
1.931296604905521 
1.034080748136682 
-4.787152677436907 
-3.453138122647311 
-16.18732349916914 
-39.0594504875924 
-3.389777698087806 
-18.22440785603116 
-38.52281911076887 
-3.186667291197418 
-18.35057768808844 
-37.98986295553212 
-3.079680095761777 
-17.76817896261534 
-36.5369746661412 
-2.943039860959703 
-16.84212450719934 
-34.61961480196725 
-2.778067404502393 
-15.72094269682611 
-32.4812495323898 
-2.576402414261103 
-14.5286297989836 
-30.06731696603039 
-2.359484243286482 
-13.27831150696551 
-27.5921033463534 
-2.137778119891178 
-12.02106303591239 
-25.00007559596728 
-1.91691300791242 
-10.77717410161709 
-22.51912181391464 
-1.700374471746217 
-9.584562772665283 
-20.06544398099003 
-1.489594205329078 
-8.426194455208501 
-17.72743541776657 
-1.28415438040257 
-7.318525029488218 
-15.48183112786088 
-1.095913410344376 
-6.270645523850023 
-13.30386213887403 
-0.9237764657626959 
-5.28651336908305 
-11.22788317658897 
-0.7602570593959171 
-4.360459386424192 
-9.318243121089557 
-0.6098009965767671 
-3.505638063967421 
-7.580680879981479 
-0.4750688372889035 
-2.742967960225114 
-5.954446955814124 
-0.3541150051632081 
-2.054825965882198 
-4.46100159597431 
-0.248487663570995 
-1.436860982706438 
-3.192755701836334 
-0.1603815598313019 
-0.9171573591392539 
-2.103570703992099 
-0.08688611062377079 
-0.5154913920442011 
-1.204875069807961 
-0.03314441693331888 
-0.2084776947361364 
-0.5749076018432443 
-0.007455834740842724 
-0.04282956235592322 
-0.0200136111697707 
-0.0009506319161990334 
0.004991607342587021 
0.02213806775797914 
-38.98065207234453 
-16.16807320965466 
-3.446892268847602 
-38.51758840373846 
-18.22343029035748 
-3.392757665819527 
-37.98526954744787 
-18.36708922454641 
-3.191517716484161 
-36.54897782879514 
-17.78493516385844 
-3.083406413027977 
-34.62109352993038 
-16.84807525300975 
-2.946227887949181 
-32.43115422443572 
-15.72621079229386 
-2.779390954792548 
-30.09204305460203 
-14.51702042187561 
-2.574792905098167 
-27.67439708831888 
-13.28786269243512 
-2.356659793099448 
-25.19766385580737 
-12.05941777831161 
-2.137643420879675 
-22.69880770096884 
-10.83313046149913 
-1.920231669571068 
-20.23857476330129 
-9.638912669069548 
-1.706314083342116 
-17.86730256234658 
-8.482168739761791 
-1.49783306009206 
-15.577116006724 
-7.377929748046358 
-1.293747977083628 
-13.40359856784176 
-6.319198812259795 
-1.104596300005473 
-11.30553934112952 
-5.314521586012138 
-0.9297747423681845 
-9.344959624313979 
-4.366993922215002 
-0.7662470824248072 
-7.409079327107026 
-3.523891300179927 
-0.6158089422529467 
-5.860490004924496 
-2.730462498010134 
-0.4763714539177846 
-4.477500754511377 
-2.029870890714603 
-0.3513661476776316 
-3.236164740996617 
-1.444229309442198 
-0.2475133727172392 
-2.136769547080322 
-0.930095204943971 
-0.1614998832841452 
-1.24780711026988 
-0.5219979634137784 
-0.08731014472114206 
-0.5955345532771598 
-0.2218517716545966 
-0.03539300786859236 
-0.05692073210931935 
-0.053768883873755 
-0.008807252963619346 
0.02036422214766697 
0.003002691208525953 
-0.0009736351583409597 
0 
0 
0 
0 
0 
0 
0 
0 
0 
0 
0 
0 
0 
0 
0 
0 
0 
0 
0 
0 
0 
0 
0 
0 
0 
16.09227821034285 
-6.089987832969913 
-57.21409104229069 
-35.33122228796495 
6.446378873733896 
4.25756757385565 
28.2398173195093 
39.18286217570023 
-0.8180947214280097 
65.5863681981848 
71.18163268407604 
74.20179345782094 
-7.364798237425028 
77.69503616059932 
-43.35211402677279 
57.8834024903982 
42.87079784845407 
29.58877658258103 
-42.38695136503384 
1.683219871786837 
4.784940655737069 
-1.265053740443804 
-4.677479271961047 
-13.28608367223098 
-2.646727172510227 
2.042697978799683 
4.721735181672239 
-36.67629843466131 
-72.33856318817098 
-60.24262464149607 
-77.50316334614106 
-6.196369935191078 
0.08913445216368658 
-2.421613718793102 
-12.89334458285091 
-27.9759378837679 
-39.50594846128769 
0.1441381768195346 
0.7253995962140444 
1.436532654655601 
-59.45541148685417 
-59.39292531934417 
-56.93280330718621 
-54.79875877335557 
-48.88404104921555 
-45.71235996941804 
-42.31865337182889 
-38.93868416563394 
-31.76000570989028 
-28.14489209544314 
-24.62604876304366 
-18.09657234445526 
-14.97977292577551 
-12.2728326087611 
-9.575111562833493 
-7.353020757980994 
-3.711871750908788 
-1.516121623791222 
-0.9808451151837785 
-17.67206277404009 
-51.8223546747145 
-30.34164206712406 
-67.52459448107152 
-70.4031249463669 
-73.21833967183576 
-58.54786604335973 
-64.33258919513516 
-45.35316275547424 
-52.07571090231416 
-44.99964669600444 
-32.74223848098037 
-45.90615084807006 
-30.07395896372379 
-32.0738634217544 
-21.31730036417711 
-70.73237027286443 
-68.31171611616237 
-72.95037594167918 
-65.21699141377057 
-61.68500446751497 
-54.25706190672162 
-50.13045599331453 
-4.298235218009091 
-5.193883026969775 
-5.338793835027285 
-1.556786130696956 
-3.110147021541963 
67.58414201754765 
75.29499759616267 
-54.26057296881559 
-22.94347643345549 
4.561286747137499 
-55.07298849496984 
-35.29920912579935 
-28.60322952333753 
52.21475200281941 
-71.90809086480263 
76.67277058333249 
-22.31256402864982 
-19.6237287474888 
22.65743074045706 
3.685057576136564 
-64.04962827270793 
-73.17880309246057 
-76.63995951939181 
-48.30904709400882 
-73.13680307206874 
-20.09553112861518 
-3.969473708214695 
-7.657117233613117 
-10.26488574175209 
-41.35212577541771 
-43.55636077015533 
-57.76307002926677 
-58.69615609080988 
-34.94275729519195 
-24.16838090623523 
-50.16949231729949 
-76.71045132907277 
-66.1751883950822 
-54.89429497440047 
-75.14183629860382 
-73.00893031597623 
-27.25207796939648 
-2.049477387284042 
-16.31413945244343 
-30.94878618209252 
-77.24608509210466 
19.60376501834178 
10.17522891556171 
22.00399984799419 
-16.12426555055806 
-57.39797082459187 
24.66676017150912 
-20.3839039841994 
26.04196879985206 
-69.65296021701567 
28.07799630729998 
-47.47516398509981 
-49.31110163501773 
10.73049502750189 
-47.76080733676415 
44.41731747691138 
-36.22922504454188 
-3.820580208139299 
-50.05582792753317 
-6.311886885742625 
3.405051988225769 
-49.34462259137902 
-69.08762597002942 
-48.72880065122675 
-45.64061614894946 
-51.8214676834742 
-63.20982157828546 
-36.84608886744703 
-70.22929605371745 
-70.71084342341823 
-53.85011671303498 
-58.22410906354659 
-68.73167573425364 
-32.75231569549334 
-19.48426794143048 
-13.68356258442677 
-24.85638776335596 
-65.99417943991172 
-72.75528158036633 
-59.65821162007153 
-43.66319219044698 
-57.70902715777014 
-19.69593618788058 
-54.53446108047833 
-65.68411244534985 
0.1034264676661739 
-72.00748757063135 
-60.53940802869329 
28.23526372229671 
-2.362935211784405 
-3.253851855795787 
-69.39929783268497 
32.07682613195158 
-23.56079519842346 
-5.108307028289365 
-67.55119082697806 
-74.81151624227476 
-2.24127790959374 
-73.3131080338581 
-73.18006626520905 
-56.26525580377989 
-43.33291805909366 
-58.13309219807882 
-48.64889514037628 
-57.13559403909733 
-55.1270282907856 
-58.45272379689023 
-80.96634280797942 
-65.55007097099988 
-59.30059267200482 
-58.63807750911276 
-13.87519765672874 
-53.79947316762183 
-8.826315665958397 
-16.57003231372153 
-3.082404696876579 
-3.314161843348419 
-12.48985363151545 
-18.18272155074443 
-2.593091172169327 
-8.073326737303642 
0.8744208061811629 
-0.3320939239873272 
-47.46851715415501 
-18.11887431238816 
-0.2530022241994936 
-13.68038329162255 
-59.29459170095317 
-35.7285012604853 
-69.98847464155597 
-74.39048721815415 
-43.35052025850967 
-31.40882903230124 
-26.21868158600809 
1.529384253813128 
-7.436043674596254 
-62.17666515599836 
-45.0519937862416 
-19.24191186572044 
-33.71883086125721 
-52.94660533579864 
-11.02011940282563 
-41.13407196571539 
-43.31989161518456 
-30.01407766869534 
-0.04760971193792132 
-29.67534809072619 
-0.8843084808653178 
-14.18763612869735 
-25.31528445895389 
-45.55183209512164 
0.9194194101109228 
-11.76467400630752 
-9.423748798447328 
-45.27293240809246 
6.278145842674651 
-37.47922977780986 
18.07927506517247 
-22.06723438787754 
-73.51236811941116 
-0.4822149860867596 
-37.56126852200133 
-43.19091611961081 
-19.59670697219884 
-27.22515497340535 
-16.06436982909481 
34.23966069023274 
-72.8618514576788 
-21.99811612485682 
-43.12915366321504 
-31.46888603000639 
-39.93006488269238 
-57.02640700379111 
-13.47174496265617 
-53.64740967166438 
-72.01176952293611 
10.01160743450673 
7.68886856462372 
-0.4243185298786205 
-7.188895131930545 
-5.059628704448405 
-17.95274154380558 
-30.02843973704534 
-1.436189809688921 
19.57580851132951 
-58.22751716379965 
-1.598173985904265 
-19.88914052511942 
-23.20296253668165 
-36.34252060496869 
-1.427919528929926 
1.232084556459105 
-22.88961776754104 
-15.6371138237543 
-58.32425977229728 
56.69174468579997 
10.62938485310576 
-25.23521700076853 
-29.68052999612859 
-17.34550803261626 
-41.14035932179373 
14.20680495420654 
-26.20370390488378 
-11.93567330600863 
10.06439841144738 
-0.430565970142699 
-2.080259112540599 
-3.793392220941699 
-11.46805531514046 
1.678209609661094 
-61.34166092104171 
-1.174753127618801 
3.458407826169407 
-14.78964449295008 
-19.76100041919224 
44.97076187880364 
-46.01147684192416 
-57.54505264440034 
37.079159113081 
-50.22135608248546 
17.76724597427231 
-5.50983715302097 
-31.1226756225017 
-19.75406832974241 
-3.81512657204474 
-6.267864704820249 
2.573560554351519 
22.72670759628447 
8.417034923272121 
-54.83150377152744 
-5.960246287538311 
19.94146952857104 
-8.219282488916155 
18.43941022124884 
28.49193395636187 
-0.1387394288980965 
-22.08866783772193 
-28.20028201696446 
-31.40771292884517 
-19.01350301456719 
17.15921391850055 
-39.94267257372049 
21.05150031619219 
-1.686118994296032 
-9.160790541119864 
-0.5844518903064428 
39.3247385972894 
11.49891141866467 
44.18793425267024 
10.25810256880915 
-45.10295699958117 
-8.254659363386113 
-16.72792944822837 
16.72862259066435 
42.74172808650424 
7.21430289627787 
22.26516888369068 
53.41205374131055 
-5.281209925957679 
7.542386997498475 
-23.572446073762 
26.71507456961758 
48.39643218393434 
33.35129407686065 
22.40574566922034 
57.58313000767632 
62.21641220090967 
2.378036019714474 
44.12490912503311 
29.64969977663396 
46.06081395966282 
39.1806920638864 
38.7506270719886 
71.75614324939943 
53.89001381841689 
64.31845704673673 
57.03112788227372 
15.84678749937084 
-20.87443685555634 
29.75264335181483 
-25.69271418977556 
-8.516981268781382 
-64.55559725985796 
-38.25452518832724 
-38.52830212906681 
-25.51154177406384 
-45.88289369443633 
-50.32182031635926 
-68.25712207415883 
-40.06138837042709 
-43.21797532001595 
-53.4779979104758 
-74.67809885105137 
-82.67368676116573 
-38.4032168581411 
-60.14018011374849 
-57.38448510523129 
-64.67475477418779 
-57.08072955058293 
-52.48824772118689 
74.54720891972144 
-46.49502569616448 
0.06349016149262428 
-0.277017691308624 
-1.369898876821883 
-7.884393249775998 
-3.728481691141607 
-5.107975340204221 
-7.347768316136315 
-9.151326477726121 
-12.47583596390445 
-23.97502081095775 
-18.0287150172844 
-37.77448844011118 
-27.11596998787831 
-30.4847942401499 
-33.93299996500744 
-37.5539188226893 
-44.95060154533378 
-48.50169991662601 
-51.87329782432847 
-57.47126020437875 
2.02768073212517 
10.33161818001435 
0.7072971476993057 
-15.55165175520335 
-13.5070338823351 
-4.957360092109148 
0.7673246315985915 
-11.65492565223942 
-2.362884630056467 
3.874820803111503 
16.56229352941949 
-31.21490262063244 
-71.1700134818456 
-55.80082847167355 
-38.44280883979488 
-30.77799577400552 
-26.49012082442752 
3.866118400399016 
-1.877391888603614 
23.08835267750208 
-10.86822869281848 
67.30722773005863 
-5.121808472345038 
-1.267533489948964 
0.05434979088645654 
-18.41042217393161 
4.725929501750621 
29.79164491513092 
43.27660351899742 
65.08580358414798 
71.14401423072653 
71.86244215382976 
52.6949385125704 
43.03988098392082 
33.57871441459578 
25.03815060203999 
18.81284943011473 
-59.63541148460945 
-59.65634736688465 
-43.48687004446106 
-55.66861415600469 
-58.71699823012116 
-73.60634635064663 
-68.88713644053992 
-65.68247336850656 
-29.87877941414671 
-6.363202220546771 
-23.90354013837062 
-20.85177071872002 
-46.82344697159873 
-42.43180937562457 
-41.27284627797102 
-72.61831341351362 
-54.720016742224 
-56.7512285566479 
-73.59059974181432 
-46.6157969269156 
-64.08219938491305 
-67.71261396408174 
-2.358835166748528 
-8.865008010585786 
-38.87653296036973 
-15.26182868246861 
-27.29234491556243 
-0.7989850256208364 
-2.649103237793355 
55.53748734791012 
15.21880470017873 
31.6862198889001 
73.59043142025133 
60.97674210917283 
-3.001101227123185 
-12.17498354474457 
-18.88280876290971 
-4.080018910480133 
-37.19705351695522 
-62.09201192860188 
-63.67688986529134 
-36.02882149624439 
18.64726970656075 
36.09799501700708 
35.14003607738112 
13.62611688117613 
-65.37829487362386 
-75.33750378161386 
-70.3734742753265 
-75.72873630978438 
-43.2040419204254 
-62.13917156382215 
-24.34569148294382 
-3.774174567198636 
-6.333057720719453 
-34.58039856852628 
-56.14097198085351 
-35.0052183071473 
-60.10137228603514 
-51.19667393471798 
-75.26071739611834 
-63.68129099445602 
-67.72304647583998 
-51.29846495210928 
-66.04245585618176 
-43.33723242726973 
-17.00527233263207 
-43.08105095389426 
-16.73421752099944 
-51.83133361600826 
-68.45791163728657 
36.79041386116028 
-3.335373698415611 
14.54103557535744 
-48.77394057770998 
-75.44568232199502 
11.5743110266345 
-40.42420336860091 
-45.85858308706388 
22.15901774174795 
-28.29653862219002 
-58.96064887443291 
-46.76747028655917 
-31.7028883012829 
-26.29765835831085 
-20.62992329486204 
7.750994872576047 
-49.96481646218842 
-4.089824497243371 
-11.16398739964778 
-62.7848107241575 
-58.19149305009874 
-77.70132857167999 
-70.47730390719914 
-40.53056732040424 
-56.36659004420676 
-57.28142321022484 
-53.31852438093036 
-23.86880782978791 
-58.82980331408219 
-68.26693297948989 
-74.53932793720995 
-59.30982247801071 
-66.44193160704718 
-59.9844589027532 
-61.39706593052868 
-48.42099911141221 
-47.32132733674556 
-19.47086811599208 
-45.07787576875257 
-70.65262323343173 
-80.79757598036454 
-57.93482485964141 
-77.66206634468726 
-59.4160504570503 
-73.71713642328794 
-68.55919966030736 
-76.39699390871034 
0.1693354480838605 
-63.98547611791198 
-17.33376022105906 
-13.73043076151176 
3.00823919495197 
-55.45751478526941 
-20.56109975891261 
-19.76021781221383 
-1.291204394057515 
-0.226587392242403 
-20.72916566771593 
4.508123558557845 
-4.931152912087765 
-45.10333894192422 
-57.64409174452691 
-61.95709018115146 
1.808960719407372 
-40.25849384381414 
-51.94189863213432 
-45.38858409607516 
-70.49339051096845 
-37.5713217180954 
-2.277627548731429 
-59.98409218627363 
-61.62968077258441 
-52.08361482799564 
-62.06460143643059 
-5.147601194087549 
-27.65999610080582 
-31.39180941580869 
-0.2904489941032154 
-0.04700749521760343 
-63.926247841506 
-36.16200025373599 
-77.89923766765673 
0.1312515969754954 
-33.03698650096199 
-1.739947589000246 
-0.3880756824091731 
-26.15390085113124 
-29.19554658771889 
-24.81231653914154 
-57.30757803686841 
3.768796023315792 
-36.89645386214729 
-50.73428777159013 
-58.94029470182516 
-3.010958682802674 
-22.72439828681743 
-24.95739767630173 
-50.14203556866155 
-36.93969946255942 
-47.93613948874017 
-50.40270565274113 
-62.63125217754765 
-59.93042963231866 
8.319603871118852 
-2.201675783274299 
-1.744384107730722 
-6.685451325040701 
-16.00515080336965 
1.380754556264866 
-1.860805968865022 
-67.50069527738204 
-45.93520339490442 
-53.53662330092736 
-41.11280181276488 
-19.28782775059409 
-77.90586534303459 
-31.2498993285765 
-29.37799156012464 
-15.62554293842444 
-12.8117941872565 
-33.46128380077334 
-20.49744320268493 
-33.11192719661452 
-29.36122435916182 
12.17430786552128 
-34.65965819251608 
-0.9845455498299415 
-4.061883443555304 
0.176747837587565 
-12.50811461996234 
-1.661139231161033 
-22.42463184854077 
-57.61300533241477 
3.485355313563595 
-6.33501915043029 
-9.901304566287813 
-16.41369723342142 
-14.77893632868342 
-34.54885968592131 
-12.32529107898242 
-69.3708337355646 
-14.42905841621401 
-50.0096941477954 
-34.69234597633377 
-6.909823052654033 
0.1445725316694728 
-23.67444611819342 
-6.022168692925339 
-3.854517186009637 
3.232220132638577 
8.063735076915798 
6.716263208027867 
23.78618241257639 
-0.0928693976095037 
-14.52886819907821 
-31.80820388858132 
-23.53588969162508 
-37.67437707573717 
-48.68104151230595 
-19.93011920788126 
-10.73033596358829 
-18.22384606925923 
51.08692144109977 
-7.019994164551138 
14.61356963575072 
-0.801632016008245 
7.010873003428966 
-3.544505465928969 
-52.23826127786479 
-24.52186890103836 
-21.27786317457532 
-71.22195927896023 
-11.61594279041153 
-34.76911337780079 
-6.605103760098902 
8.963318688368879 
12.37554479055361 
7.312448558542705 
-60.38190526298833 
11.35035533540771 
-11.51729744070231 
-30.0226146714973 
-68.0148328345006 
-45.95547309095309 
-50.21293358038098 
27.67183042177502 
34.20481233499774 
-3.453627727992789 
36.85349413489122 
12.00718654366704 
-48.36980583312174 
-59.11997867767899 
1.75126558368389 
0.6479353560137333 
18.29524130587966 
-42.35594116257557 
0.8210609056337456 
-4.719036959037727 
-4.583709753720048 
46.78717526627074 
-9.275531045980014 
-7.486797564321339 
-42.23738989444298 
8.143253005172838 
-2.712713702626747 
16.33565427310877 
34.33748515002223 
-14.31954072112902 
35.70345386876849 
18.90831849090227 
-26.84418508086456 
31.45672992758173 
7.714570696213632 
29.1784491719538 
61.35122993141129 
46.24087108342783 
26.66841599413521 
-44.91054222706766 
63.97711712971558 
33.63022749292969 
21.3327321631399 
18.17330665671846 
67.69335846364986 
55.59039908667645 
26.49097625533432 
53.55422845596377 
17.07856844543071 
47.13022619450793 
54.27599541074969 
38.92063777635431 
-3.545934702629606 
31.30404792203702 
-9.310297358049084 
5.542177564190271 
17.2245244815779 
-37.0656865534252 
-54.88864991723318 
-27.40477365773226 
13.74686344909037 
-63.68924036158483 
-23.15561412700006 
-62.97281814789862 
-83.20941066277769 
-71.54647738840619 
-41.19024490888084 
-31.88629255037298 
-40.12764252852665 
-47.10942732224755 
-55.74430351719831 
-47.63393186899555 
</DataArray>
<DataArray type="Float64" Name="sigma_yy" NumberOfComponents="1" format="ascii">
6.749412885152469 
9.215462155736212 
13.82934522283406 
23.01171646713374 
41.92803321434273 
4.685997812360004 
10.00227151663274 
12.25503937784408 
16.08097249007011 
28.55881250263633 
7.19861398161067 
12.27571520633253 
12.31798333192979 
12.94776126626306 
19.3457137247719 
5.395518837587061 
13.6996029504825 
11.86214494322268 
12.73748318813485 
16.58800861190211 
7.197233156432067 
12.2756762858537 
12.31858504459697 
12.94517583369447 
19.33653954449066 
4.688626724606259 
10.00246160542723 
12.25104821372391 
16.06428873759398 
28.50804336033259 
6.681876024267483 
9.285573350334751 
13.9885549899005 
22.75760593010846 
41.84152606320676 
85.68322498841165 
67.35135716067339 
52.18006631742945 
43.80219876988733 
52.21367555002324 
67.43844115940824 
85.81296624848329 
164.0111466508442 
149.4998485052666 
136.2664338265843 
130.6276868342397 
136.3977025475708 
149.7062919789427 
164.250257707797 
272.0491848000349 
268.0305208975182 
265.3033363328419 
261.4331457578872 
265.4857888342466 
268.3064134950938 
272.3840038387992 
391.6729943161199 
397.2428301358291 
400.112477809022 
399.8202424744509 
400.196383157807 
397.3627907031383 
391.7949612857825 
504.3152443990512 
514.662535826542 
520.9473762573972 
522.7474761890825 
520.8639434758924 
514.4158559880552 
503.9433083583713 
599.2715981135968 
611.2862304472112 
618.9846626029564 
621.5408855479318 
618.8402524321131 
610.9401838137986 
598.4975192170109 
672.2684248520923 
685.1190866362085 
693.0791515364251 
695.7889850624142 
693.1108824596307 
685.2431657841023 
672.7940573736927 
727.0414935693428 
738.9298371685569 
746.3183429128724 
748.8553503390635 
746.5180473835004 
739.4426950963156 
727.9418419142065 
767.2486241233878 
776.872728249833 
782.8996379692658 
784.9781321439885 
783.0200969259147 
777.0592482839962 
767.2226216849783 
793.7831531708927 
801.5846874809321 
806.26470975298 
807.7831278319669 
806.1331258860437 
801.328882883958 
793.4351850708022 
808.8379874007476 
815.2863042739964 
818.8806091410992 
819.9313585248858 
818.4851841349082 
814.5034543986995 
807.9386145664739 
814.7622683290132 
819.7423391807412 
822.5744787111732 
823.3403679923687 
822.0843650455214 
818.7310879806407 
813.0895763468097 
812.0216950660584 
816.3258273074512 
818.7068588245681 
819.3806606079603 
818.4176201476293 
815.7951202241167 
811.5185129173648 
803.4878179730351 
806.4540992464756 
808.2347428221339 
808.8061822307551 
808.2059694497503 
806.4125593677055 
803.4249157517399 
789.3625294105771 
790.3574047688105 
791.131853729529 
791.4691610953279 
791.28520949421 
790.4397154205496 
788.7439821559334 
766.9426479330464 
766.4287284692529 
766.0539480646016 
766.0596351607639 
766.4678110751821 
766.9922647089667 
767.1408336601203 
735.3564927234651 
732.5577490442914 
730.5852654175878 
730.0472759886516 
731.238413879006 
734.0465558701248 
737.3147112726864 
692.5312705086736 
685.758294787822 
681.2304595442376 
679.8390014809216 
681.7123723969265 
687.2164079573785 
696.7086755499031 
634.237409214202 
620.9893105477862 
613.7284085311621 
611.2261141413836 
613.4916336199657 
620.6787282203408 
634.4112892028289 
549.5467787929938 
533.8650139045236 
523.4596086619036 
519.7498555394714 
522.9588922681318 
532.4393928407492 
546.1085182295548 
-0.7065010701325224 
3.380939293700706 
3.354402054630252 
-0.272853628913087 
0.6289775646179063 
2.056641286657231 
-0.0225517689378005 
0.1959061383028246 
0.9364625729649051 
0.02187639798207682 
0.09033392925336602 
0.5337978413281449 
0.02652938767862223 
0.05328968268984095 
0.3171860468262951 
0.01665483140055467 
0.04687227571225428 
0.1367066176976972 
0.01841553408313459 
0.02898394917146759 
0.08432025569514594 
0.02090646677618492 
0.03292543692852692 
0.01696255793194822 
0.02267020782394516 
0.04293865427458666 
0.0341751031092545 
0.02401765025840792 
0.05610884312719152 
-0.005533458499505593 
0.02516726814998687 
0.05031495443559783 
0.002408341626303112 
0.02778325163003491 
0.04917510795887843 
-0.02243371076141524 
0.03588468363631148 
0.04702743152590453 
-0.05178958618109606 
0.03623977158059728 
0.04976045757641983 
-0.04524993952242294 
0.03285776542364886 
0.0611353348051001 
-0.01167437964039414 
0.03098759047591318 
0.06682648813805014 
-0.01732156151359074 
0.02832077887114763 
0.0666128421341322 
-0.04330751256872458 
0.02511011921869394 
0.05821750543752994 
-0.02514156354370692 
0.02242530430417273 
0.0515444748160452 
4.056133816643992e-05 
0.01934784186554745 
0.05470446183538479 
-0.02362964196295826 
0.01557683383272388 
0.05592786363428631 
-0.04069509825577199 
0.0129898280262322 
0.04044348917071214 
-0.03171668778361008 
0.009352701345605527 
0.020992995761932 
-0.1057659388649354 
0.004316398847567319 
0.008853558450425809 
-0.0329915640289619 
0.001050648106900079 
0.0001167427303423561 
-0.04504352496891102 
3.362949429725275 
3.396249154631249 
-0.6985379524710853 
2.041058008966485 
0.6324194937485763 
-0.2744406540503334 
0.9442376589669398 
0.1896214784328292 
-0.02535069427311168 
0.531478684051595 
0.08567765496998417 
0.02082850995544458 
0.3129755169695375 
0.05573823616560732 
0.02560729935847094 
0.1746412319034238 
0.04545298543210109 
0.01611570437840436 
0.06979602858120575 
0.03931401704170305 
0.01890823825065413 
0.009336068571393751 
0.03154654954242055 
0.02193136724092585 
-0.004842123334979756 
0.03171531543409424 
0.02262601028274372 
-0.006720933696777114 
0.04507569687892126 
0.02333600034130944 
-0.006109217034355839 
0.04932137166747055 
0.02464071018489702 
-0.02042878697487627 
0.05051213172967539 
0.02715559823961004 
-0.02553849931440295 
0.04566691018928921 
0.03529968349100199 
-0.04277947898927371 
0.04908452075471402 
0.03616482636344356 
-0.03202858273226043 
0.06062977885879436 
0.03305254612346291 
-0.04668045808389167 
0.07782999189503287 
0.03100191276099841 
0.05340681438811043 
0.06746872036618033 
0.02897795485328801 
-0.02858696760532957 
0.06216767900776555 
0.02606048422661445 
-0.05747925555144724 
0.05394432916126268 
0.02312579143407422 
-0.02629873917116493 
0.04628627177899522 
0.01898562374682481 
-0.02491916864925177 
0.05438327677622735 
0.01500110283650016 
-0.04809353257204565 
0.04009255709243523 
0.01316179856361015 
-0.08798711947669866 
0.02224087079602605 
0.009020490596211879 
-0.03276125476284952 
0.009398927360839459 
0.004520970919755221 
-0.04922718115287188 
0.0008885124705175562 
0.001261664405121588 
0 
0 
0 
0 
0 
0 
0 
0 
0 
0 
0 
0 
0 
0 
0 
0 
0 
0 
0 
0 
0 
0 
0 
0 
0 
388.5169596016238 
182.0864960069534 
12.81767488146558 
-0.179926107471676 
598.6225331492901 
705.2825311002598 
742.7243176318594 
770.0358290754961 
770.1851710115575 
798.37607544962 
806.9435482719741 
807.8834317900966 
574.2159555374728 
781.5071775082599 
285.9237397734088 
656.4652121286067 
585.5391575942249 
494.1400028998946 
35.15083807739244 
819.7408590244769 
697.7577332271195 
837.3109423151807 
777.7637676643587 
765.1218434740075 
741.5043664370417 
-60.51400048205116 
-35.01922206926552 
-0.422254590302706 
6.170540716874847 
72.44442511738229 
618.0102635151458 
756.2063502807523 
-0.6800186883527325 
-0.4146645490533401 
-1.072352837912467 
-0.8144479912144257 
-0.710813586704261 
-43.27347088282148 
-52.06131845290676 
-57.78245832105615 
8.412002547215209 
5.299040356780096 
2.18728434426558 
1.295849877633501 
0.4844048783176965 
0.1519620372588912 
0.00765792069205002 
-0.2035531593699809 
-0.2156991777149048 
-0.2301715004938808 
-0.3068330244288289 
-0.2803905503543388 
-0.1772276177519105 
-0.3210575285476805 
-0.2855144925134739 
-0.33554495711531 
-0.3850722125414065 
-0.5088913450602134 
-1.194863976934345 
107.5067487735084 
20.02922746328291 
61.04425850352614 
46.28202456131374 
19.85510906637678 
8.736494177463674 
3.36268556196663 
31.60858031422384 
85.01628624476292 
0.7577803276223818 
-0.7022856671194467 
-2.365311627433771 
-0.4277524792053199 
-1.950087355634986 
-0.5822591635355479 
-0.3848611211362423 
4.347804028462996 
2.871548139940208 
13.07280063700797 
1.855748067036282 
1.128384530026755 
0.09253233273683782 
-0.2010769293653262 
-2.531111473175384 
-0.8565197934145162 
-0.3482340276456407 
-1.854490349300324 
-1.749949121201959 
711.3475360925246 
754.2313370210402 
113.1629502164128 
287.6990775881497 
280.2986561650017 
53.26041451742135 
131.3803759947606 
200.3380827221528 
787.8160353234164 
384.359990260012 
798.7330552793509 
702.5231359746905 
383.777288679144 
695.6128692427399 
634.6233891625859 
62.81404597500507 
30.42985421557128 
20.07913868645982 
163.4748163575151 
29.20558691076127 
-0.6203905478103311 
-1.127840725337975 
-0.955960199664898 
-0.9380514250838052 
-0.3506491744067681 
-1.46562176864898 
0.7757493576706319 
1.011820375336836 
-0.9447874839730442 
-1.009215951959016 
-0.5804385145692652 
10.55236007939492 
2.737220648518204 
-0.2663959713194611 
8.034828296169666 
5.570012729231642 
-1.436000170318546 
-4.943915236182839 
-0.6355867000205169 
-1.258486908295605 
14.03007291567239 
705.6551319592742 
729.5078203040267 
773.94497534837 
478.3359204131812 
137.8819124344622 
734.0623276787564 
661.7292875539364 
763.4331432223694 
497.4573898032552 
783.0192574502092 
457.9085321828442 
540.515953794295 
660.5757981773904 
611.1825486053623 
794.7392382081255 
756.8722499347872 
679.1043750221374 
154.8786461822561 
-2.400739087007214 
756.825003734851 
751.8617553387373 
43.11245495127841 
-0.2735037823818994 
369.1876446351664 
206.7592484343636 
1.642637084210388 
-1.457609960050242 
3.510283978182449 
13.62943691565514 
0.07086351330472329 
21.9988280843361 
10.02695782300288 
-1.310562987132766 
-4.216915686514822 
-5.602765197839569 
-2.882720342425954 
424.203847489287 
17.72180147422608 
345.9159906979276 
213.9882230946271 
269.8723150473223 
738.1064258516093 
665.0472166725521 
620.0642216121607 
781.4441012940995 
567.428292006196 
256.2131267440981 
787.6866080410292 
685.5617420610279 
835.7279222639712 
701.8246827749816 
796.4685161872192 
-2.094141508960105 
-4.785202345042614 
6.298349241815242 
21.03782616469904 
-10.64513400552376 
455.0494308071659 
562.8810062339072 
4.98198657097356 
6.674332184311416 
10.26703674932352 
1.461520099236606 
1.443267034035877 
351.7638923934551 
181.2726661075898 
519.6756338683895 
315.9218953561196 
54.8820432298964 
14.3032347742812 
763.3658415232458 
704.8845759287522 
-7.272549002842518 
-2.132761073398262 
805.7619834451455 
847.4274714146967 
-2.09291738272376 
-2.377501853115914 
846.3124265620301 
757.0440960333019 
755.6766724658102 
-4.147133770659892 
739.9537496828486 
-5.411203226908846 
-32.44086835020181 
-3.607961951360675 
210.8050379074361 
187.824963437709 
509.1888918284278 
622.3164109777671 
0.2860047475755593 
-0.4921581280189471 
-3.820330296896105 
-31.0097262958327 
45.7750423847942 
30.34092314855531 
281.4026761806596 
13.34660536620061 
1.975146029931217 
257.5299153911395 
776.4586118600405 
690.0481336219356 
21.55422165742964 
41.31031153238551 
725.6018908576845 
749.3558903883785 
725.6394610533515 
791.2826030174648 
767.8915175649347 
742.4610539328676 
824.7344791334617 
781.5604847136211 
-4.497409485858618 
206.2093231572202 
-9.647926600827889 
4.721903051746356 
-22.22658013391665 
21.35297162258141 
667.2830426863264 
-11.18173014509184 
760.083863683546 
13.3714299778783 
7.071224147967382 
66.63306334727928 
57.10594391429093 
-1.598198485328569 
425.4168533492672 
237.770767106687 
357.2126418113063 
294.4507805448543 
547.2908639886007 
727.3053281201966 
788.7127829325332 
580.9280898488329 
658.6418368726521 
-36.99114622578372 
-36.99644793996054 
-21.11003015466206 
-10.60581681092562 
-9.081674054233655 
-3.886341287926162 
104.1578160817407 
81.69222373917003 
468.177185042203 
428.8467498991206 
-17.63122780711435 
3.057176001119341 
-3.703122711007024 
232.7173730452542 
-18.63867118891099 
10.8359347737332 
137.036297114309 
94.08003982704102 
492.592285508995 
244.0624610991254 
380.4491989557456 
728.2006692520843 
762.9821086420741 
698.2282446172196 
468.4704854260114 
595.4357798359686 
-1.746417299019209 
-7.848712200905111 
-15.90414274327772 
-24.89212789685145 
-10.5043536144461 
-13.93315086198901 
-1.883855176422092 
-15.7997340648105 
691.1147442797107 
32.95252749810282 
20.36543542212678 
-6.52032388302213 
182.1200984558968 
205.0547845769258 
719.529107944806 
539.9470324341489 
76.183726968374 
439.3074427398232 
302.2036111909068 
2.189982662132871 
653.521753436435 
480.6018849930024 
-13.69374790854375 
649.0824339697325 
-22.23164626322578 
-20.41938312376289 
-23.87693660356374 
655.6867210618362 
130.3446456632388 
165.2067025156588 
-9.704447476223713 
50.59002566334786 
3.930497338500424 
177.3316328461127 
-0.04338539895281913 
368.5829742664536 
578.6989930075099 
605.3810402847195 
9.081104305053747 
508.5510162378689 
-12.49236372496028 
-4.963006769042408 
-6.715445601928232 
235.693324350296 
143.3127244548457 
116.7621966790933 
277.3494018174224 
66.54513338341398 
618.687559686708 
542.3829916790102 
423.0873894047675 
-5.217747985230576 
55.87587585730736 
-0.02102478115569097 
227.6192836134424 
113.3249877122288 
307.8421847776324 
568.7880481133178 
533.2743670662041 
97.67950005406935 
19.57397642524274 
365.0039338348363 
34.19636943864986 
49.44971009783958 
170.0058045332919 
469.7319876441269 
36.62312240036834 
466.9782786442725 
348.4531467132276 
18.27271900890351 
-3.831673690761483 
118.7495839834146 
22.50989374598694 
63.33142273464036 
82.2426425325077 
753.9818048515787 
767.5698771365924 
21.09287506325571 
768.4520729587366 
-1.749222350324233 
4.625851554997237 
42.94768322009416 
74.09169156169006 
30.84757711460237 
30.65403169061227 
48.9088604170597 
32.78516427487478 
135.3401120029802 
100.5738585082484 
81.89625150379472 
510.6881027011163 
569.4623363033112 
-0.8223291906185776 
88.32555143878619 
115.1728463347951 
321.5576461154687 
2.167046353205428 
18.81426205974686 
777.8557820374269 
74.62894900880019 
-0.5801439815496692 
-3.302928839145765 
-0.4368332319557492 
-1.221556482995255 
-0.4376676215833232 
-0.3885102440479292 
-0.4732246184753278 
0.1699056102913262 
-0.5579483799881167 
-0.7658526551016854 
-0.3500793951285983 
-0.9807688236036903 
-0.1348919313486383 
-0.07899956966793879 
-0.005471824081449039 
0.02533297319907659 
0.4440719297141727 
0.7043823748522918 
0.9351716216545353 
12.58547380087735 
-60.55573732836194 
-36.56848982574868 
-54.63070958825258 
-2.676474367538915 
-1.614485615450637 
-0.6461438931931617 
820.225929995579 
773.1696910426946 
819.862692940759 
612.3759704660991 
378.4771351763555 
57.79022104241439 
17.8517776457097 
0.7736278447920448 
-0.2562000523046585 
-0.5016330672671494 
-3.032028405615174 
-38.09949524638232 
617.1516910820592 
757.8669156111346 
771.3036805151016 
805.7124155941143 
773.9026007966571 
837.6691460028192 
827.5459268648766 
104.0012550347942 
272.4535190934254 
482.2037063400495 
573.572230947874 
705.8106605305206 
747.7392652298092 
804.1354466622629 
787.1456660967771 
768.1879072019742 
741.8998691912914 
710.2298131532148 
675.0881371648534 
5.243056592988819 
8.18577484276908 
31.72966920826592 
91.64425771657916 
3.400762426155437 
12.13894005649578 
39.64536603049977 
27.39646892610616 
186.543234450657 
176.8865910466372 
-0.1995030865848422 
-0.235470752218891 
-0.1327025304441058 
-0.1366372921047362 
0.1271247702351439 
5.70265386082006 
1.448913287672383 
44.84337916597869 
8.363214303903735 
-0.1429017151663487 
1.824738235326976 
2.745459218717807 
-0.4224918461071955 
-0.9418666212706052 
-0.7723834770782506 
-0.443695425880092 
-0.6038226310226793 
-0.9576266402177496 
-1.512238034783367 
648.2722837988945 
717.8191142480675 
789.983227953216 
795.6089443138577 
799.8259334070012 
730.7886976715969 
451.9330154817493 
359.8108047970145 
538.219924184614 
120.5355290656379 
399.2143403506173 
639.4755607463308 
575.4848114222674 
770.0425951004552 
797.492377518165 
784.2535958249875 
743.9517218318066 
544.4463828583772 
26.01101702757482 
4.026964772177561 
19.06759925487494 
423.9127934580636 
75.80109983388471 
268.461351471198 
-3.702770850041827 
-2.110906105922785 
-0.4424597702497505 
-0.01339624594281555 
-0.9633411937812707 
1.214562909708681 
0.06672705756039758 
9.949725056890921 
1.650422951686667 
2.99591471825962 
-0.4963092848878716 
53.13671815732226 
-0.3180648161398896 
-1.101380525598877 
-0.5852414675898783 
-3.679074951094584 
4.532768486557514 
40.8969820001078 
793.8469431496562 
760.7953730349525 
752.0022433527631 
741.2245021677371 
449.8809564270984 
672.6092088534817 
503.7882826400094 
265.2987139276797 
775.5883894619494 
715.6177638358045 
107.3377563584226 
194.2451148617989 
634.5640366398567 
683.6376134668058 
752.324804841071 
787.643359071991 
135.4772545642379 
-1.766647218842533 
-4.644716204819137 
59.78058534971426 
91.45687862616997 
12.7270433066664 
5.099896412326886 
68.84139262858123 
146.9418192431274 
0.8672309641342539 
-0.4216588462029529 
-1.738452493326079 
1.436455499893331 
12.4486616978487 
6.295455649364398 
14.53250804164684 
6.936635408899328 
2.553992074149257 
6.354103091579869 
-0.6505620231093188 
-0.1103536918433544 
-5.675650328525731 
343.0492766880271 
14.33687684369159 
596.2456710216926 
260.4232317825304 
582.7094714262689 
599.8670260798257 
529.3652860777318 
686.7958094740005 
659.5468404715837 
781.0022757229617 
726.4372944063173 
774.6747832301714 
761.3514118025861 
774.9283209334723 
197.4109955946184 
-0.9570728495996055 
-2.087659444725967 
-1.786606111757483 
-27.25449007386716 
-3.228420041018631 
702.1674587168359 
736.5803339559803 
751.5800739262949 
194.0590417731509 
26.98986303992781 
-34.87444887426467 
-1.451125007456307 
0.7669352418570731 
11.38963948303033 
22.41505520637497 
0.4496399417868223 
844.8971424058565 
328.1042972969522 
712.6864862797568 
63.80080414136601 
45.19840085838047 
-6.230800985416556 
-1.372976797956717 
-1.147927556644616 
-16.96508203947575 
-37.97186121878714 
692.9225413094628 
760.8158841569643 
670.5584323224572 
-47.56626609040433 
-1.742180825322631 
-7.875784117422937 
-8.881969203738517 
720.8753554381408 
-2.290825675922573 
-2.556965016285121 
119.9412738192208 
-20.17292679818199 
-1.514709472228563 
6.36656183180604 
73.42190094020326 
841.6371946291086 
68.59543138280875 
0.9278414057756791 
1.498226309345895 
9.227205908593556 
23.23472509689764 
40.68244352475766 
245.5923530816322 
310.8624811869799 
-37.23091313254718 
-17.69274288547463 
-3.84492248934682 
-7.665074569612793 
-5.657635606043387 
-58.76590713727267 
-14.36780325605153 
516.9275739641539 
93.60406125908929 
115.3082673649399 
1.894527704006273 
226.3504624408031 
609.2180063489506 
746.1550995456162 
629.5998748402277 
683.8653114402586 
-5.255672770562627 
-2.775916864986018 
17.03616654035775 
22.13093654043623 
5.055161527774345 
158.9974063938249 
41.8498851971608 
-21.92156305272974 
-12.33940825651246 
-29.13748941996123 
-6.072072195374211 
772.4304746488707 
768.1900004472374 
648.5810174718102 
710.3220080929883 
750.8189058284966 
769.1422031932046 
-5.478362615540353 
107.1192242417201 
106.5280701193895 
9.929579125991292 
625.355867857523 
786.4023365653665 
727.1407554647899 
761.7454113680566 
-9.903376575457189 
-22.42660838635987 
-2.261417797006628 
2.506751374000582 
-13.85444565850695 
-26.25699455928435 
-27.38840982227573 
-5.344591745940185 
-20.45995017406523 
723.7670118520081 
786.0135271081048 
763.3855450617764 
766.7971931657952 
223.6476859261654 
200.178819745961 
-4.694527318948453 
-8.498717065667641 
38.28239055761671 
230.0654329231604 
-2.188428558123843 
55.46245453398707 
-18.14049616138389 
20.72949043736423 
30.5904597364391 
294.581407350265 
508.350926140602 
-4.188605523470617 
381.0415464590142 
159.7622728902511 
153.2649484505403 
-11.10024726776554 
-19.7785750769882 
-26.20876452139975 
230.6631148216619 
559.2798943060334 
586.9847134471072 
-8.18076886238984 
306.1827191191666 
545.4184892523137 
747.9385817318879 
716.1458777276838 
40.12076972700924 
9.232449911626313 
64.64805465140296 
153.4723033935431 
9.799546035815899 
393.5873787034923 
388.5339237906469 
-15.34808950781688 
-9.66145720646804 
-17.23264351342787 
680.4940978744174 
633.7694053266146 
-8.332838891887697 
420.9803091448619 
79.06096161200351 
550.9901779190019 
314.5701035354666 
482.7922757783369 
104.0698732968478 
-11.52378181161993 
-10.85038252355088 
-4.540064694002332 
-6.719075173456228 
338.3674932585935 
0.6881916101445322 
400.8142012645218 
231.9223855360533 
-14.10842139804056 
95.11404300849838 
229.7710490159958 
16.82377459376996 
476.0804526414283 
585.9634393471194 
68.06605777821548 
24.15464908253029 
-17.80862639305588 
452.4841220391778 
131.8255081334061 
139.6711545103794 
-3.516072819136077 
22.06351059153184 
325.9266954571218 
343.7646453711413 
46.25894461400309 
-3.423417493186602 
-0.9432326369267642 
771.6725217651706 
-3.861217635687582 
764.6838548376411 
779.3103571350708 
729.9719269801911 
680.0149103269251 
765.4360196006646 
785.763563911568 
466.6802901379063 
-3.706815681102277 
473.5109388505528 
464.6131320912468 
26.54233726483874 
-1.669657254405745 
-1.535139567920142 
-1.270102849662537 
154.3341200313882 
155.1059363306893 
1.242007117247602 
</DataArray>
<DataArray type="Float64" Name="sigma_xy" NumberOfComponents="1" format="ascii">
3.65978284995643 
4.312092329908968 
6.352031292623488 
12.28355869621165 
26.07841808056845 
3.239287853488237 
2.410742553457853 
2.0896081026193 
4.822712049607677 
14.19436389706034 
2.257747513924917 
0.5623589269401997 
-0.0009327625559061983 
0.8982696588309085 
4.547996140010182 
0.001134262088388173 
0.002665251586546108 
0.002039877230530009 
0.002166513535966951 
0.003331023922270029 
-2.251564794752396 
-0.5549290837738091 
0.004164925918961177 
-0.8906533888204801 
-4.523144291486945 
-3.227266914790034 
-2.397367009915267 
-2.11351554813392 
-4.823899931468722 
-14.12193306807641 
-3.679688711671558 
-4.299369660607287 
-6.311535585512291 
-12.31337060658597 
-25.99219430626889 
-45.99413223571091 
-31.25721080357977 
-15.13095362048403 
0.009723384001989247 
15.19614050602794 
31.36402461600892 
46.19294249439279 
-66.36196608658915 
-49.69284283618911 
-27.38261879715492 
0.04729337810252772 
27.53684899781046 
49.86205430663703 
66.6044366206518 
-77.18033507655798 
-57.80876088076645 
-31.43443252783517 
0.1529361384202598 
31.72012541614501 
58.07374953251287 
77.36261316280229 
-74.61702132808296 
-54.08168679923446 
-29.25161376240555 
0.2252597162941294 
29.65237562372351 
54.44742958828 
74.76939663240024 
-62.2621506944352 
-43.8702790921088 
-23.25317835601842 
0.2001649048889459 
23.60739381729175 
44.18213498270325 
62.39477958837246 
-45.44314578296157 
-30.9940289773691 
-15.85090222790274 
0.1016893654469484 
15.98600703634803 
30.97012298664127 
45.44587461254341 
-27.58439768981615 
-17.54158079487468 
-8.45701575123905 
0.04297145245216627 
8.478124978107447 
17.37123596928578 
27.22862967663305 
-9.206201331205568 
-4.485246395296459 
-1.618438651740197 
0.1092775979752506 
1.849531430608094 
4.834783701575109 
9.958213568828983 
6.030748264982405 
6.51870431396225 
4.14079445263131 
0.2080170813830812 
-3.688659823524301 
-6.008746159236796 
-5.667091495736393 
18.42874847746798 
15.17961702098451 
8.588308080758418 
0.2057240204223606 
-8.156052056042281 
-14.79209531046374 
-18.54947835578633 
29.03783346383791 
22.01295930721937 
11.89214481937341 
0.04391057872359275 
-11.77463376807238 
-21.80418288735072 
-28.75433341608234 
37.70800187298022 
27.33740263670595 
14.35743237153776 
-0.2365622063379551 
-14.82097098434495 
-27.74030996300855 
-37.83139711284782 
44.313278255905 
31.61304801019851 
16.33630757314022 
-0.4829119711979199 
-17.30070123054506 
-32.55121841424565 
-44.96666849186007 
50.13378243530214 
35.22675781382716 
18.00311721353359 
-0.5714055933173073 
-19.10564652563104 
-36.07692694961889 
-50.1042043439065 
52.40286453489362 
37.22306341857176 
19.07645999938953 
-0.5258277294028505 
-20.14904790102254 
-38.31677925886769 
-53.56936250159165 
52.8394953955135 
37.55586802592789 
19.3391858756872 
-0.3482856744632769 
-20.20663164991739 
-38.953505188948 
-55.17054711388646 
51.20348549388245 
35.95788968394865 
18.52874031227605 
-0.02229153967348411 
-18.76369506322353 
-37.02175705245618 
-53.8169317582427 
45.49038496515209 
31.30172914861982 
16.08107913722151 
0.3225259373473074 
-15.4103005227309 
-30.77454303082753 
-46.89446687987872 
32.53222022572452 
21.96228286268707 
11.50687373451481 
0.3848841242219933 
-10.48804850167392 
-20.01367050782742 
-28.86381933500353 
9.511135998635426 
8.302796304757685 
4.56421153212321 
0.107790764213976 
-4.259589294154662 
-7.587998862448762 
-6.875766150855922 
-0.8381892682789526 
-1.973721980227382 
-1.932540954047094 
-0.2963906680224515 
-0.7036434332863307 
-0.3534193017115734 
-0.1432918960162524 
0.003461850731633387 
0.8094110699669697 
-0.04015289821518968 
0.384489669921496 
1.528443846475424 
0.02747645722017994 
0.5977442051845892 
1.954036918576791 
0.06858660569982614 
0.7068843912473015 
2.188693521355576 
0.09025539063871385 
0.7583524073703196 
2.315237173722059 
0.09953507747757986 
0.7726276166150186 
2.35914674648735 
0.1031042099298867 
0.7712460341348191 
2.356498457443691 
0.1017942208685589 
0.7504278111167507 
2.292671315512391 
0.09911743264496158 
0.7273576402750199 
2.224757302560004 
0.09458000047788565 
0.6993507570546462 
2.14565800923113 
0.08685678142063481 
0.6571138456528629 
2.039897568997306 
0.07729814647984187 
0.604279937672241 
1.907667209250903 
0.07131496207779474 
0.5598289643121925 
1.785441267829764 
0.06686946693224301 
0.5267210105051707 
1.689837090539486 
0.06001693192045787 
0.4709031152584472 
1.522211854968908 
0.05405380629843334 
0.4233672943226417 
1.381824269451818 
0.04779234194332242 
0.3775383650312112 
1.234453745604582 
0.04085319941852456 
0.3242817561703155 
1.061958203495403 
0.03280499362204536 
0.2579360231453738 
0.8653728550702889 
0.02412549101574413 
0.191470131127229 
0.6613142836525899 
0.01565066228650356 
0.1282001873474866 
0.4851334691229756 
0.00596182874732628 
0.04112780334729182 
0.1784812279219323 
0.002498128768188657 
0.004882038384944489 
0.0008081438560768441 
1.977410863365021 
1.990236058335756 
0.8418340391118164 
0.3681213578720595 
0.7080818477120123 
0.2976856403919655 
-0.790494986373797 
0.001789747304230829 
0.1442118531532903 
-1.544730586848968 
-0.3915946954372123 
0.03901077748635183 
-1.95885846379915 
-0.6007268584449602 
-0.02825208615738196 
-2.208966060832511 
-0.7200141286772278 
-0.07098176692657948 
-2.31968315961822 
-0.7706047959149256 
-0.09265550522292322 
-2.312790808326889 
-0.7669866983095743 
-0.09936896083026657 
-2.312968725416246 
-0.7600139095277529 
-0.1017328804630906 
-2.278798155967765 
-0.7423468567238666 
-0.1005233879498423 
-2.21679237554678 
-0.7181197831516838 
-0.09732077362122567 
-2.140594632958961 
-0.690100253520305 
-0.09285071532945693 
-2.043836412824984 
-0.6539975318236984 
-0.08606012279110524 
-1.939362435402261 
-0.6125593688030979 
-0.07797358268819762 
-1.825406638711302 
-0.5670316565790486 
-0.07154073064719559 
-1.696976911155786 
-0.517601115573187 
-0.06513909067030882 
-1.536504298921803 
-0.473500634526703 
-0.06016789959543406 
-1.440741616781587 
-0.4541622199681076 
-0.0581311792209998 
-1.197690265304089 
-0.3760024563475998 
-0.04864809961859957 
-1.026972228407994 
-0.3147661493257984 
-0.04076162672638291 
-0.8697836564939394 
-0.2580343139597142 
-0.0330828954596412 
-0.6679645564381483 
-0.1918508330589042 
-0.02390664204234792 
-0.4620203369533235 
-0.121764564306306 
-0.01489759853866705 
-0.203725348987328 
-0.0477758077600707 
-0.006512972980770638 
-0.01107097487218175 
-0.00666532843556913 
-0.002503205182878329 
0 
0 
0 
0 
0 
0 
0 
0 
0 
0 
0 
0 
0 
0 
0 
0 
0 
0 
0 
0 
0 
0 
0 
0 
0 
-89.95029006547806 
-79.28082316119091 
-7.485692192255836 
5.411774111227504 
19.46467179103166 
61.47676507108768 
64.41057090078925 
65.90100873266796 
76.68811225287176 
60.29247815335015 
53.87900163980301 
45.81012228704546 
-68.84597798184163 
19.09599530640918 
-102.8440313507548 
-38.75366210263849 
-59.7383001711744 
-77.8839843258463 
-23.52624631825322 
1.246014130680853 
-4.140425534342178 
0.6028653687869877 
54.81976958744858 
33.51159286872686 
70.08384337247919 
1.524576968022602 
15.25266156695326 
10.20603553934738 
1.610991018347954 
-45.49046738395025 
-33.45361085936763 
-1.67223029157466 
0.490135895763418 
1.729829493676013 
6.272748921473476 
8.833774435236977 
16.03915774677512 
6.855916023616824 
6.229347422247563 
4.31173253133204 
-4.501778131619004 
-1.650158050285091 
2.308250444492372 
3.554284919459893 
4.869034264262243 
5.138259453202067 
5.295163409594407 
5.406062048751935 
5.364280385443108 
5.25001351405161 
4.997968745086829 
4.485573234847987 
4.303754746590121 
3.784230459240624 
3.375273784036116 
3.015760622431467 
2.098005703386185 
1.496245399913651 
1.284227294904068 
-59.85881037696164 
-13.05753153392852 
-39.86126018392821 
-29.99732133788408 
-12.31703231595789 
-1.756480121638624 
0.6094921327262756 
-21.68159545145899 
-53.75007525731108 
4.39271333440116 
16.04470045791986 
26.40934809980437 
10.36070390516958 
16.71132121628015 
9.555674056428392 
4.700457479693108 
4.223897066855145 
6.267319610671824 
-6.326721888159894 
7.709788739201988 
8.756206678588443 
9.738984259462876 
10.15391368105728 
6.229327541143363 
4.030914446841777 
2.577500648309298 
3.540545860618845 
3.401034043420749 
-15.91162454887665 
2.477430271413378 
-63.68515057430309 
-99.92456046794227 
-90.65622079229722 
-35.92293195463458 
-71.73483373136507 
-89.22111564498475 
63.53039898536912 
-99.01512074484874 
33.72612840055415 
-14.7507548194021 
-100.2163810187971 
-25.46619288248921 
-45.17991619619849 
-35.39887728582141 
-17.22607489095021 
-8.488710063530668 
-63.84690093943659 
-9.867500421305733 
8.539925120279346 
3.473926922033195 
5.107875297353044 
5.870089132426235 
10.37163146365375 
21.46987023839804 
9.292294924106127 
14.97696203414336 
14.71862831773395 
8.549204659340045 
15.80683277713526 
2.145689179775578 
13.0445909996902 
15.35031606227395 
5.928832404880768 
9.123448463112926 
12.81195351196559 
5.500611024684465 
7.322029519600637 
13.21143501576681 
-2.338349413281867 
59.11176553534687 
70.79428869558974 
76.24902968343252 
-89.94364364554994 
-67.72720069381984 
-4.433509432094283 
-40.40354069131693 
17.16545556366866 
-85.89336785774874 
36.26794050234231 
-96.50993721637839 
-78.40703003109212 
46.90796256309047 
-54.08891443159196 
64.07142103608194 
48.96510053560566 
37.03621118464955 
-81.73097215533421 
5.890383617589622 
78.6228924994455 
48.68483658281332 
-20.09971962266792 
20.88737484656767 
-103.8622861210393 
-89.6626598705639 
14.31686345599317 
21.73478067641969 
11.28402456269365 
6.68956760830067 
19.87012807656533 
6.501435591845479 
11.54226810789264 
20.1252579391016 
19.53581057192871 
19.13476146038202 
18.51247140317567 
-98.40794461660465 
1.101240840169264 
-103.9449421368282 
-94.15834201120319 
-100.9873995498257 
9.857124187877472 
-29.07125764802748 
-22.67934512966931 
72.01775366907376 
-44.39278538276607 
-97.38795481103361 
69.60700255659205 
24.54023437727857 
12.47030409228902 
9.687886307434596 
53.04859125736484 
13.39702901546408 
9.402505773843751 
14.59060571633878 
-4.36194672600616 
30.58047000407616 
-86.43634775104846 
-66.86816805612332 
19.94711697948267 
23.98266297128502 
18.00404971828401 
22.89351318129108 
20.5020658877701 
-84.48998461264797 
-84.63788226895008 
-72.55571939592598 
-99.35061003166527 
-18.07904811226178 
13.06687788929712 
68.62247848506024 
-2.506788207518173 
17.23660076399598 
9.627542287963236 
18.18075921364512 
7.103217068093025 
9.651268969115195 
14.03222773943761 
2.943493769610686 
52.14938099627091 
21.77082533713906 
1.739700503181321 
25.33882338317207 
24.57654055940757 
6.25952246210839 
14.11374390248552 
-87.04628789640047 
-59.3313463951848 
-62.79543217311374 
-41.17841395956443 
25.13239523336519 
29.51155598891423 
23.14285336700807 
16.42921106166807 
9.303974489479678 
-4.08848137554154 
-76.92267010397951 
26.07002949633191 
29.09820342080337 
-84.40925182290093 
5.45648159596515 
2.855991475640396 
13.7103718239671 
3.761359836614727 
-3.521413853821964 
21.15926015956407 
51.20611971672817 
29.34115057506206 
55.12946688583005 
38.15810879020812 
-0.5805297885657259 
42.66025980419328 
12.22768369362692 
-69.58226453572588 
30.93180789031557 
27.25831216462765 
17.06669497141635 
20.09399486859721 
-17.75571672765917 
3.306048696640238 
56.19879627655926 
19.52826509268083 
29.59820214380764 
-10.82366431851695 
-0.467065081129854 
18.54155084785567 
-84.73498362366456 
-57.43895074552196 
-71.93160600078934 
-66.68474904479871 
-34.86379583485072 
30.1329048506882 
16.39208879926541 
-30.65219936018106 
-8.729800057290751 
4.044364917513493 
10.7743072427457 
4.946397250938563 
21.94095244173616 
13.86693687699247 
31.50203003345555 
-29.63736404302998 
-7.022925143465523 
-17.02825502369778 
-71.92572258373431 
12.59186217833451 
31.67800469988381 
27.92249548906176 
-66.78382442572125 
21.46876497367064 
30.77840910305534 
-38.67722972558373 
-18.64897657261229 
-58.49150693366906 
-2.448780867057579 
-35.46733801401744 
6.478329503118402 
38.03705021885231 
-4.731466233351019 
-54.43305414992947 
-6.400652705432758 
30.04551379704292 
24.06487065029921 
26.83555261668916 
15.28938344087353 
9.04872381997917 
18.15101570201967 
32.91899711748377 
27.61684512355151 
8.838231565820111 
17.6709304514262 
24.76371895246079 
28.79715679248687 
-48.99370635785729 
-18.12114229979685 
19.46768799003333 
-45.613456563463 
5.71858137016635 
-64.27810418248112 
-37.37075935563895 
32.59815469221321 
-9.7027318114352 
-37.53138295929639 
25.64395912250426 
-14.01682488363292 
22.94325999755043 
6.547068082654786 
21.76645675794197 
-6.229182115531546 
-27.3189043984211 
-23.76026720247784 
28.06928122118889 
13.12525934293993 
25.50937465276844 
-36.71041506704295 
31.85176944021069 
-60.69366725722178 
-25.49133226885743 
-18.70221995617874 
28.64577781675948 
-44.05955581529108 
22.31996998272862 
32.89301000987994 
31.74315423436891 
-45.20612079775233 
-11.86995950951799 
-15.1686184419725 
-19.52073879619102 
3.806413135667877 
-18.30627932197457 
-23.20418192134107 
-47.13424539227052 
28.95282047811924 
12.55451200705 
32.14369192774264 
-31.2110633757686 
-1.910743776976416 
-48.58614367869262 
-12.09661673011996 
-31.14928663743535 
-3.690733208305676 
14.0397951324879 
-19.59391719892195 
20.34091234265864 
10.84299772352393 
-9.222409745775078 
-27.22083002716484 
17.64878048333318 
-5.140090984841242 
-7.466154907299735 
21.73741219683013 
6.614443872690585 
4.577280144854092 
4.722967537813529 
2.456905421509247 
5.94750342396419 
75.3626942965345 
72.60428520378127 
24.11664008955394 
64.22694853652131 
8.217397754976087 
16.61597418881682 
-4.402124345186051 
-19.45328252601012 
12.51663571481973 
4.88956800895245 
-12.4878055518156 
-8.961439435848549 
-52.30755886751782 
-37.99628991253982 
-35.77882383739502 
-66.45100210441957 
-56.29171140477158 
26.03625464548631 
-51.8973886951314 
-60.65508373517554 
-95.17670614398544 
-2.576818594990212 
12.24883717566888 
-17.72913044783548 
48.61305168173528 
-0.3851303153141492 
-1.350557632946191 
-1.306776837327562 
-4.18998944903457 
-2.072517027814794 
-2.375449781345833 
-2.885045355693945 
-3.840077374466898 
-4.043735600871639 
-8.316426196488305 
-4.259749725997518 
-20.76261010073521 
-4.758753112264299 
-4.925706715388728 
-5.074475075933528 
-5.20194159442809 
-5.447218669197404 
-5.253012522291068 
-4.738062596863213 
7.244655749513196 
-1.528032978338917 
-4.112763907689684 
-5.675671931290895 
-13.37957046103853 
-8.173654023627233 
-3.964706789210282 
0.9141093744675421 
-7.562677817826907 
-16.6198022515017 
56.94843845715412 
90.25785263904318 
38.22909714669356 
10.6240171199439 
-9.694818377515016 
-8.722825640231521 
-8.355985109129284 
-24.63457813665023 
-13.47415173492232 
-20.85309731253272 
-74.2334295343735 
-74.14831073420245 
-54.09162918768664 
-72.50198214910357 
-0.6501162463078727 
1.288573223132948 
58.71106325832889 
90.39640024405047 
79.5555514486154 
61.83020160570079 
19.70738872176805 
0.1071589830043183 
-44.91870837824426 
-64.2160354811021 
-66.28200061362567 
-66.47858041012654 
-64.22033894186903 
-54.42700044943729 
1.591590819743027 
4.369068977597562 
21.94317976157434 
56.14652433886576 
-0.8481965943781681 
4.899861904668551 
24.92758804251374 
18.71545569683646 
86.64756243335071 
78.47286619695903 
-4.573563018115076 
-4.39754243209496 
-13.24831212467008 
-8.856544484654901 
-5.305860987172127 
-2.875838179206699 
-3.925421398358803 
31.56340991685434 
0.7181675217760469 
-8.90598500231042 
-8.719454127857169 
-7.453064747584174 
-1.682416755420885 
-7.226033218332186 
-12.88237799255563 
-4.150746101033159 
-8.283420414159901 
-1.111175104836685 
-2.865870460787588 
40.9586054249956 
10.77829174722666 
-48.45934792632748 
-31.8032647533258 
-60.04128838913321 
-65.2610430510931 
93.29075302515496 
100.8434607840949 
77.6216043036987 
68.43429074416674 
101.9147973463918 
39.69923053363288 
69.41378429025808 
-75.68486214711277 
-59.01305527369967 
-70.98981437224576 
-71.99137221068122 
75.90847585708694 
14.37918957734379 
-5.344333823730601 
5.649346515582146 
100.5046117098246 
44.7722983620169 
98.37791162048657 
-5.800238284399184 
-6.590569487174085 
-8.510827106994412 
-13.44179583993836 
-12.76848754741642 
-9.380552218074939 
-9.198902450308456 
-5.199197009116594 
-14.29644021516001 
-13.25440494997387 
-12.76254433664588 
30.36910549700735 
-18.64224061083688 
-8.262634144594191 
-13.20018458640731 
-17.73088627979526 
-22.56483038261728 
15.82585038736367 
-66.22776740465787 
-76.43692396220425 
-9.649240574722164 
-33.63696861258263 
92.86243028831016 
33.6303243163749 
88.05689536068299 
101.0124354525542 
-30.41872337308001 
3.240121523760392 
60.0068181084498 
89.92593801889844 
48.2740899639201 
24.97422569966745 
-29.99305259732074 
-60.90311294428555 
74.07685433779547 
-5.034644065034271 
-14.63188047810709 
39.47857192918675 
47.82176041420719 
0.190591085998174 
-11.49242526943821 
16.95116711021028 
75.58928360670403 
-19.07002216537672 
-16.29869574176475 
-13.21176099804758 
-14.54815117540738 
-12.08006249645469 
-8.204397964968258 
-14.65323390472261 
-14.13977739650246 
-18.93161003285303 
-18.87224115528831 
-17.99138540706816 
-22.20655706273283 
-25.32745182337799 
104.9906819520569 
-5.614774226494398 
48.214892793384 
98.0921587238562 
57.676034753987 
58.67515908505488 
71.24248117044576 
-3.364679282362731 
23.25930314931479 
-48.04538624558977 
-27.61173723153826 
-61.78001622717797 
-70.75086387424524 
-76.35219659085701 
88.72019373271286 
-8.311969154650805 
-13.13612648665768 
-2.837010046457048 
-5.237464623985458 
-17.87090776579678 
-31.36016448067524 
-61.00214686866256 
-48.79564409109469 
84.22765561715481 
-3.165569269329271 
-14.70198158275532 
-17.24743348931116 
-20.38528571885164 
-19.75989837876439 
-1.454981413870757 
-27.72469684218029 
-4.42326814370213 
102.8561032550201 
-9.667738291950842 
23.32604248952184 
14.13618119689813 
-10.23706795628164 
-13.21587371410992 
-13.02918433945046 
-4.247797706135604 
-5.914681717398786 
-9.090365076523883 
-56.56036106088177 
10.5838978705293 
-6.142235185711485 
-18.13125487234403 
-7.819626895432732 
-2.768563199658037 
-5.587993791857122 
-18.64326613783586 
-18.33589250581094 
59.48226954368977 
-24.93394075560532 
-17.17392318317745 
-21.85338467275592 
35.08943523380507 
-9.96793971514875 
7.972743035308812 
-30.79020051501394 
-23.32810440421813 
-23.45613245417704 
-10.42021986221017 
5.318999326543254 
93.81097386864357 
93.45806196421405 
-10.72959630948512 
-19.1745697670696 
-4.238178552577544 
-15.41624940907039 
-28.61494782809368 
-3.832602462318214 
-11.07257311103441 
61.87931440910867 
36.2084638412641 
55.1939341210964 
-26.07996041449429 
55.07840964042045 
33.51693506742902 
-23.70362312554025 
15.46552152494813 
6.794877857395233 
-19.48112200371306 
-23.59205566103953 
-23.17798931781176 
-16.98514691256888 
-28.54409774560158 
25.50021931094734 
-2.973002671286447 
-13.27929585963243 
-16.89570718068975 
-14.52309213560994 
-31.74776467217844 
-23.80670917321445 
-69.58701874017919 
10.01876813630123 
0.8846810323853364 
0.8985713821423694 
-50.94462097666627 
-21.67143066051435 
22.57070355230652 
33.25218643267976 
-28.36657805666439 
20.9129266391493 
-20.95561916894146 
-29.20714038475781 
-60.09668731569396 
-20.54530575862561 
-20.58970616732531 
-30.83267987246197 
-31.81233511502608 
-24.21429267219107 
-20.79323367914083 
-19.35191294922695 
-31.66982973294517 
-5.420695230095564 
3.796506413253297 
-36.1925262488175 
-43.37576111337085 
-61.22729333104386 
69.17499083362769 
76.91887205146183 
-21.95589514930852 
-23.03303535802651 
-11.28517825145425 
14.15886759658779 
-33.87275972484446 
-10.68656706463846 
-25.01525539645225 
-25.30797290848776 
-19.09697144290216 
84.24979378014439 
37.87242240070182 
-29.71286734230019 
96.50118465781118 
38.72885672090714 
51.21819347546563 
-27.1276968860612 
-24.73162752231115 
-15.5582685261361 
39.90430253021739 
39.1232238332049 
7.724248035229463 
-28.59218781700813 
66.43101272424916 
47.70744736803431 
-43.15197344023748 
-17.57179466056511 
-17.57172608408549 
-24.5247894974198 
-1.853595423024587 
12.9613280888714 
-29.33524162941438 
71.58922002307244 
82.19092496108587 
-27.87856505774832 
-31.78612080018364 
-22.78332072258952 
0.6865963217966287 
10.02355169636289 
-31.68592078542077 
38.96951121196732 
-5.256684315195674 
26.30752013982942 
50.80022670414516 
51.60951853204757 
10.97045420631483 
-29.5688937860317 
-26.90347317218217 
-16.10350318681984 
-25.20803595455609 
20.30357433510664 
-30.13699280168287 
55.0879555941763 
25.61592916663846 
-28.49391654941066 
1.127878384923055 
3.363850296206526 
-15.68819495406676 
9.406952580293623 
26.64379096878265 
-3.700192603558858 
-21.84636050149857 
-16.18109314863875 
20.89589154225138 
1.332698079171167 
3.07930029966171 
-25.80457945870283 
-5.678460171177963 
34.39553634176936 
5.062701779937105 
-13.28485623050898 
-5.552363445484946 
-3.224447795271784 
-73.55973844000293 
-9.954872932052767 
-76.63091673809836 
-75.26722161324909 
-9.757327965737877 
17.89101093167494 
-41.14595536914899 
-69.8467693886458 
67.77569577720166 
-23.54640250874058 
90.9729886946091 
85.01535246724518 
8.556849102448277 
-22.48404580394842 
-26.79971518393747 
-24.86312875330529 
61.63481262626309 
71.26027169525312 
-24.16112796159559 
</DataArray>
<DataArray type="Float64" Name="vonMises" NumberOfComponents="1" format="ascii">
42.27362049994745 
43.27614283708206 
42.49363487156426 
46.32673748481348 
67.50032852766309 
21.0659780023817 
21.72572961023081 
21.28445596703608 
22.67742455417309 
37.1015488187444 
8.098097070025899 
11.94191416812848 
11.43927200211336 
11.81814923030102 
18.54990338241566 
4.691860841843789 
11.92773229675438 
10.31661854775792 
11.07467277362724 
14.40026509238055 
8.093380348612051 
11.9401977572771 
11.43812344872162 
11.81105742786179 
18.52418543598133 
21.06389162870368 
21.7353467944675 
21.30817248455719 
22.6366560506625 
36.98827666288742 
42.3501767420623 
43.16716887689807 
42.41630631695617 
46.50233473759718 
67.34100032005541 
116.499385845008 
81.44860741978708 
52.39954070934358 
38.03251116438532 
52.48042317764009 
81.61760558271216 
116.7981892258273 
193.9704802554339 
160.2349797063422 
129.208258087472 
114.2648353811616 
129.4120436726814 
160.5345711698342 
194.2825512215386 
289.5157776474794 
263.3553668936696 
242.1193062936217 
230.8503769531058 
242.3883031440762 
263.7588790053595 
289.7635126299344 
389.8480229936806 
373.2886844427164 
360.8461894006417 
355.0747091662907 
361.0198327842215 
373.563593719834 
390.0080102025689 
483.6830923158623 
474.4287690799539 
468.1881409115701 
465.7969049583008 
468.165824105249 
474.3113321797271 
483.5549788910764 
564.0861572240149 
559.083361235688 
556.1898542808949 
555.3138803360204 
556.0902748300625 
558.7923376749098 
563.6428276752478 
627.6156660899504 
624.978048184105 
623.7079665246682 
623.429762581889 
623.8037871647279 
625.227248131349 
628.0837519317802 
676.6431515613152 
674.5468456474916 
673.5189500863897 
673.3101652140697 
673.7969379279333 
675.1769822854942 
677.5445622025397 
714.5770313549691 
711.331494537666 
709.4129449680577 
708.8484466892849 
709.5857372743033 
711.5760852477553 
714.4330353805859 
741.1517221148174 
737.2082759308071 
734.3397216661249 
733.2896246515049 
734.2505394865399 
737.0547059566109 
741.0778693814365 
758.4368285822203 
753.9654322527165 
750.3791897289528 
748.9457293378355 
750.0277896173531 
753.336825163256 
757.9972141063788 
768.559880246324 
763.1532714618598 
759.08984793031 
757.4733353630672 
758.6627817688278 
762.2919124745277 
767.4082187174511 
771.7344573038268 
765.8582664536597 
761.6631821444126 
760.0687924971626 
761.4632924347528 
765.5228420056355 
771.4343998257452 
770.3219239860927 
763.4359634958616 
758.9321692553248 
757.3536256897662 
758.9800449432491 
763.4369345057679 
769.8186012506613 
763.3601314025977 
755.6375180883758 
750.6479121636934 
748.9994049314462 
750.8514383929728 
755.6597492026178 
762.2497017241149 
747.9047439554307 
740.3448342839698 
735.07034183009 
733.3767741501306 
735.608196326592 
741.0760813571877 
748.2306293472137 
723.3655628475161 
715.1210122222139 
709.2567882824675 
707.3968700538776 
710.2184675256035 
717.2404904553741 
726.216288277519 
687.1522374449742 
676.3499028583851 
668.928668675185 
666.5731181411734 
669.7874120266745 
678.904950907457 
693.1783572071138 
633.837392200762 
617.8216648469396 
608.6146381194469 
605.5644475274025 
608.6093382476153 
618.1603371595126 
636.9551620990751 
551.3345800058804 
533.273403072847 
522.5165196498305 
518.6501761358428 
522.0480595487446 
532.0854482375389 
548.647030293006 
3.477261081021509 
18.43570682177189 
40.97704150036098 
3.302070726590359 
18.58689700819569 
39.59595562040528 
3.185135746719248 
18.44931184259524 
38.4921832737655 
3.091458740167421 
17.82596169092988 
36.90185954488721 
2.956776850581975 
16.90057406071145 
34.94358275311877 
2.788963337703326 
15.79196533922964 
32.76983063181949 
2.590380756799228 
14.60233940483996 
30.37543271803145 
2.376268745019563 
13.36198694320265 
27.9014194543948 
2.156609500299824 
12.11645285744257 
25.34795026906093 
1.937074666561494 
10.88323252939851 
22.86384251489689 
1.721677470434162 
9.692046707873017 
20.4332818598538 
1.512575520668504 
8.537259786045247 
18.10183202003302 
1.311126980251712 
7.429844375200763 
15.8547004349311 
1.122488390152658 
6.382081502825262 
13.6861382045392 
0.9487113856753501 
5.405032775411696 
11.64035308356739 
0.7848083449869909 
4.487958455284295 
9.758852215117024 
0.6330366952024009 
3.632176379677786 
8.005728230866698 
0.4970064338795465 
2.86786869619348 
6.405831833279143 
0.3750917111182472 
2.181395690700993 
4.946953035479154 
0.2682072140348324 
1.568961675986619 
3.674516204263044 
0.1780214094234913 
1.046514775421379 
2.566645927296255 
0.1029207726195273 
0.631029123702971 
1.65121924074611 
0.04723182104450222 
0.3123877247002501 
0.9934601103222371 
0.01459566145176031 
0.08582796494779467 
0.3104760115634312 
0.004661360760024652 
0.009790298015581551 
0.05931398724565823 
40.90991429564158 
18.43190232469485 
3.476678035774465 
39.58274506064055 
18.58823171340834 
3.304672728155947 
38.49044110311076 
18.46263055770722 
3.188716352735738 
36.91468312635338 
17.84082593935398 
3.094610996261036 
34.94374056925766 
16.90805863352769 
2.959519214692083 
32.74313170404674 
15.79828586031008 
2.790193697971119 
30.39373326305577 
14.59786440421375 
2.589277109785207 
27.96744027261454 
13.36982730339807 
2.373948969079672 
25.51175709382906 
12.14684710860843 
2.156257500878568 
23.03610475192983 
10.93161904231506 
1.939834945351502 
20.59657275459732 
9.743385577033044 
1.72701294301948 
18.23793702752234 
8.591094546663223 
1.520124870279391 
15.96186646299843 
7.487055389395421 
1.320196130949936 
13.7974006847633 
6.431993835912951 
1.131206458978545 
11.72392738854062 
5.434575293936223 
0.9548084589760537 
9.774119620721574 
4.496699819912446 
0.7903038267161164 
7.897818715912194 
3.651400130516492 
0.6393479392147972 
6.356558494468049 
2.871902985062529 
0.5001610577599733 
4.908904091157299 
2.157989663701152 
0.3731199606037743 
3.681353375577676 
1.565893321340663 
0.2670337993396698 
2.604367364428382 
1.057526064715843 
0.1789227645111507 
1.684593145654692 
0.636739936338872 
0.1032474476743034 
0.9748805786990122 
0.3148441977731236 
0.0481571581168445 
0.356315209346446 
0.101648344618829 
0.01628129812080874 
0.06487056046080657 
0.01184978859651744 
0.004750397023231736 
0 
0 
0 
0 
0 
0 
0 
0 
0 
0 
0 
0 
0 
0 
0 
0 
0 
0 
0 
0 
0 
0 
0 
0 
0 
411.3701865246605 
230.5598214964492 
65.87263000345997 
36.46686893003165 
596.3792129907109 
711.1799810546081 
737.5016373992443 
759.8335974693406 
781.9585353653538 
774.7573110751013 
779.4190119137201 
777.5158184123835 
590.1071890402313 
746.4346788801273 
357.4323344070114 
633.0909586334603 
574.7151233861568 
498.624693594939 
78.62966822435911 
818.9033903540393 
695.4145885445386 
837.9448359893096 
785.8701880198748 
774.0300438497555 
752.684213778051 
61.61738148154564 
45.95566608123156 
40.52569450027092 
75.66437221443155 
139.4623918209865 
662.7206114043191 
759.329021282233 
1.118786418073756 
3.742850860263882 
16.48041861067389 
31.53788502599688 
48.00945322055698 
44.94287675290464 
53.52650419123646 
58.98860581673546 
64.54955332020215 
62.27755598639988 
58.19485024389942 
55.79868258949127 
49.84662746207943 
46.64541371248138 
43.30483600411151 
39.95013124985854 
32.98818567112528 
29.46858842279529 
25.95995789468046 
19.56659253255906 
16.65344084033634 
13.77484712726759 
11.09990388242732 
8.888007203308561 
5.069696009683094 
2.915871207218662 
2.483042448932355 
156.585760485216 
68.08954042692037 
106.1412265413126 
111.9209071618781 
84.87529050255078 
78.01396580287955 
60.30881177926972 
92.6364989536486 
147.6741261568882 
53.00758094451901 
52.59425861609367 
55.61082883416606 
49.09127971712475 
41.07802054284495 
35.83753841521022 
22.64186640576614 
73.36910799510086 
70.63097489141416 
81.03334756233386 
67.49850815325875 
64.07753817661218 
56.86300471049958 
53.0313950504551 
11.41996513343215 
8.485646544038321 
6.83340073807317 
6.370405609575583 
6.480265046181852 
680.6369515691879 
719.5573727520631 
184.5474053168604 
346.197534244006 
319.3200127522777 
112.5801364937075 
196.4233179642798 
265.6407926526482 
770.9430599706351 
458.2073233343829 
765.5223616921488 
714.3979660172022 
430.5011132643798 
685.9849878507707 
637.6091878853424 
125.8189854033003 
96.94403812429873 
89.62083562022114 
221.775500213763 
92.8981389619541 
24.70909025819178 
6.982572369445003 
11.42350975283273 
14.14187640791843 
44.92586548837897 
56.73035734385732 
60.34089778594528 
64.64194197509704 
42.88110877413686 
27.92856490843764 
56.90133961498949 
82.57804730557112 
71.26196805551677 
60.87468749944872 
80.12527030624463 
77.57384581462802 
34.61274793933493 
10.45372555010818 
20.4211266909167 
38.00116522862051 
85.22894137735143 
703.5499825503202 
734.7773676676995 
774.5236338158915 
510.9282113926534 
209.7165037854208 
722.0858526549142 
675.7862961842998 
751.3394737446677 
555.9656295530572 
771.924873365357 
511.4840189500975 
582.8254500778121 
660.294096747095 
643.2671345420213 
781.4080948936835 
780.2447037647337 
684.0372537797535 
232.9923072637284 
11.59914342311655 
767.3091488106547 
782.267195667248 
104.0303666395248 
60.5812726003673 
433.1219895183249 
283.3153662655916 
68.67989760630527 
52.18480371389313 
74.65245154406514 
79.27032769163576 
63.93842404567454 
72.67505399547554 
76.89879456362088 
47.39816248983939 
38.21255348841528 
35.21906249562478 
39.78229338450067 
491.2753723381263 
83.06856262066363 
419.8420622061864 
289.2027368435937 
349.7582473740999 
748.3436453534953 
695.7479525426362 
656.5557612979051 
791.2861319850865 
611.4991322162978 
336.5626516557474 
783.289402399158 
688.0603846542903 
837.6381127353359 
739.1629411039363 
786.3111960553734 
32.38206323191955 
17.02263269558499 
75.27915317239206 
87.58027462704327 
53.85145251507105 
517.8992286214005 
613.8371724738141 
68.29768939769828 
62.74560667367346 
71.09261891959747 
63.34264925608148 
67.89716608429364 
409.3704871960786 
261.463371862791 
578.348982774358 
392.9679243559004 
103.748217299668 
70.66789045683808 
779.511972140476 
733.2788824762868 
30.95004396977182 
22.84389266937408 
807.9215182944812 
849.1785335522487 
20.33906323499513 
29.72784334367727 
847.6272796601518 
766.4538342915329 
756.1806166671931 
5.001143917265954 
766.0518826828602 
45.51427087374346 
34.08535172114158 
27.35699681775778 
288.4187580116675 
232.0044679113492 
558.2462421665141 
666.478106396578 
61.53584102375728 
59.86730711301418 
46.99601206462813 
42.67463950142614 
52.44736684660822 
81.99483987687111 
334.1349898652527 
53.33044688572447 
61.21745419694058 
322.6997063993617 
782.0840141260686 
711.5246996708803 
61.95842891417401 
62.36762845834154 
725.6513302175686 
765.503374588693 
731.4788436161906 
800.0866114707836 
786.6736381330811 
769.0981543857582 
824.275767301088 
790.967569776926 
22.69801801469485 
261.5964425002012 
55.34798019157013 
61.91130000917254 
45.7879650025295 
51.23884414831318 
707.580440958187 
12.35562610464524 
785.5971976381726 
61.36639225234281 
56.57531752544192 
85.71303750416675 
66.61214799266587 
47.54994952641825 
488.697309627205 
268.6020531151871 
400.4868813209729 
332.1116653647674 
571.508103508373 
759.2263410402849 
796.0406905803138 
611.8328606266908 
697.6054447973893 
43.45099170149063 
45.39354332093737 
22.5888596364867 
39.14250427290238 
25.27850000645716 
56.96286321400961 
132.3381070953077 
83.31249625714773 
459.6498954167294 
477.2741233841063 
27.58444423600401 
58.95945033939543 
52.96380305236039 
278.0574186401338 
41.29828209223251 
54.29103174218069 
164.09562482683 
107.7500185407454 
533.8939300956065 
221.273816084206 
380.2425963159168 
741.2254981072854 
781.030599207785 
707.1080767279589 
499.3185767971764 
588.56543076718 
57.89749707806166 
42.98531044466717 
51.71789007174453 
36.19919133208923 
18.39715613391401 
33.82375976198779 
58.00381161036441 
50.66590227445909 
723.8997571750758 
45.41745861695522 
46.86155025654926 
51.50382173734088 
210.6139893955836 
189.297362916866 
744.3673573547861 
576.3395471281684 
66.72407571408326 
479.5527639340339 
300.7708308936292 
56.87828975419294 
669.8366052335455 
495.0636844593533 
46.07242623800823 
652.6906366984922 
46.2305454794451 
39.06548471872636 
47.57376910766276 
684.8359416904148 
141.566609735094 
161.5243115804059 
49.45324008665173 
49.83301724834659 
51.64722862693942 
188.4518343480583 
59.41850261398882 
397.610327307149 
596.6607116665569 
615.9605917275693 
51.79596728023277 
535.1225778393627 
48.54637984438234 
57.13979817955757 
55.59120456207059 
248.636715327801 
129.8919722147457 
114.5131360883738 
260.3131668182039 
62.40451093073782 
643.2095857726064 
548.0327892385632 
439.3461618854325 
53.93658207145673 
55.07798693996612 
56.1413312960882 
223.9658135930945 
98.25188454307784 
321.717766344235 
565.4429202923154 
548.1045759871122 
87.67171349443562 
48.67640209262201 
351.167469690125 
46.33003464406747 
57.15184514722657 
149.8361199288466 
470.9136613513 
51.0559213950764 
452.9694396583479 
328.1133780872995 
50.70134496214435 
42.37953731734196 
103.8857550952743 
47.5887558975035 
63.97235951839413 
73.702981795452 
757.515742645866 
788.3121171362844 
49.47117709798514 
789.4920051723292 
16.22582917331067 
72.90898466502205 
70.77422918783893 
104.7087699491977 
53.47316652837645 
67.25421099063436 
88.61930362811717 
90.62364404941886 
183.1720930934362 
143.7381197949948 
133.3675843045956 
563.7052246929134 
622.6621171094037 
58.97086460286022 
157.512462152603 
184.9432769728071 
394.4041350771579 
58.36542079818401 
67.42864591436623 
744.0247930769037 
135.2435903395063 
0.906866888983247 
3.942477109116751 
2.567494101097719 
10.32921392065128 
5.034607576170012 
6.41764259919006 
8.70097442947241 
11.38284185316613 
14.07310590300504 
27.64987620001045 
19.32050833424319 
51.808143938895 
28.27673057842895 
31.61816558733244 
35.05016024283628 
38.63197383224481 
46.14901573410132 
49.6976580291479 
52.98652395369749 
65.89459803856805 
61.65144903959699 
43.27300472042642 
55.8595972063407 
27.28429048418161 
19.07001511495164 
8.303400076890293 
819.8440658152541 
779.1726548025227 
821.5511627016249 
618.3654827195566 
402.1072517380469 
102.4811569117195 
83.62402321780863 
58.64698238575051 
41.18651723287562 
33.78705167081612 
49.50947604903086 
46.45937864479138 
619.1469332777174 
757.5811780650039 
787.3398927507228 
779.903970723585 
786.5652303439521 
838.3043877111088 
827.5217630608439 
153.0061389357122 
312.2181703289469 
487.8827443327618 
563.4754936909223 
676.4848408046772 
714.8274904129227 
774.6379549431643 
770.2386392301461 
756.3612145286357 
734.7714658967296 
706.8544484226279 
672.5209884469199 
62.48314386095202 
64.58704521508373 
75.64531175089253 
161.4207854736036 
60.50695778157234 
80.81322326803443 
104.4624444022821 
88.96643470362575 
252.5632676357924 
225.6743090629287 
25.08789825059788 
22.08974750356406 
52.08447493087071 
45.05546015448915 
42.34580598049654 
75.79490843804999 
55.87388424664972 
103.755934744725 
78.11863397432484 
49.03408175219623 
66.74487117314804 
70.32127970107351 
3.638350243780453 
15.0921334752535 
44.49517712942544 
16.67437424231318 
30.57126295263627 
2.120006332155153 
5.471579082688873 
626.3950628464062 
710.5772713826068 
779.1603557119012 
763.475134737126 
778.1283802106972 
740.9664697749987 
485.8018644813545 
408.8065863975316 
556.7482565543531 
185.5956829557114 
468.161731482303 
677.0758012680911 
606.3577360347166 
772.1002020818652 
786.7381417296874 
777.0768856957814 
747.7037751546178 
594.6237899129028 
94.51032142171344 
73.05969847130014 
87.39636942467227 
479.7779931589978 
142.5867351047117 
328.9904674150325 
10.71952865235436 
12.7083387177856 
37.38986272689566 
60.77090144430979 
41.00822099213376 
62.85404753136854 
53.650531188027 
81.19785099361115 
69.11075452754991 
72.97476791606734 
55.63242344826782 
116.0226006490064 
53.91690120727898 
21.82833982261879 
48.51640197631647 
34.28055094115779 
66.85422410578431 
99.5497031833868 
784.53737810601 
773.8772972898282 
745.0256692764738 
768.9859795139903 
517.5874752496047 
669.4364200343994 
546.8674797400197 
339.5043103086424 
766.5624509771025 
730.1989310255977 
179.2453917897874 
270.6709008150347 
656.3423388617038 
698.499218059301 
764.6158240210032 
790.8632542184847 
209.9566778962168 
9.416228136851903 
27.1409327229942 
126.2720733309144 
154.704185902456 
84.7849706123521 
75.82027284646128 
100.1702107610552 
224.0377633119986 
66.5025337455311 
60.14568196902085 
32.4792133804234 
64.67195423653477 
78.12143751915848 
79.16400471318326 
72.35275458518181 
74.31911299497975 
69.52032503727764 
72.58499897423219 
57.31130228277312 
60.93842503228498 
47.17263317241723 
410.1803063134295 
79.40311224518476 
645.899667955467 
339.3088456194388 
633.100087840163 
639.7974432582691 
583.0193724809814 
723.5392055698982 
702.031991405896 
785.3390410562109 
761.9540301813706 
790.7590133365652 
778.0200730344162 
784.6532712684379 
276.7821863174912 
24.72373020160655 
29.51686605685272 
5.167027630557632 
28.61775942072702 
36.48707421110196 
702.0287639014157 
746.5727564452625 
779.7106733717663 
271.0184571704988 
79.17960340496721 
43.94349574933262 
49.56666086277184 
63.12736900333896 
62.27493729516456 
84.01319514438651 
61.11199885132591 
846.0729435122211 
403.3233114590987 
745.6026296958171 
108.3445191318886 
96.43456736539987 
18.64509805297822 
35.39720145418624 
38.21003594144553 
18.36034406725067 
39.30686799394206 
727.167144293694 
785.6579073450715 
712.9438615766975 
48.80564725911501 
44.97942281112715 
15.3229121201372 
9.929145481009982 
734.3654976943043 
42.81892142436474 
39.58989465410898 
187.5047539271204 
48.60331933292115 
46.82505906814453 
66.10760402786904 
129.946326424709 
843.3234536883095 
83.49380385400903 
59.08467177412531 
64.99379889819002 
58.66091874093081 
65.40070250823132 
79.5667922941593 
325.6094757447695 
380.8680725632757 
45.93991577236498 
37.17417411015582 
8.062614681919277 
27.66200249741961 
51.51764842690032 
59.83766492558455 
23.47267136688187 
564.0483843547913 
138.2195476366651 
177.4105208883088 
61.74329158544514 
255.0945991252684 
654.253554740632 
763.3654732682845 
645.347190018183 
691.910543109947 
35.53831611495536 
52.00223799944886 
51.68395854363665 
56.43103473510991 
58.99456274997794 
159.510153881905 
66.55616987190329 
31.44774355734553 
31.22552511225956 
38.56079788181774 
56.04582501963539 
774.3610206612821 
788.9056840851554 
679.4442018085184 
708.5874161169222 
754.0079815596465 
779.1529625131265 
40.23001925343619 
121.6731824698435 
139.7834056094889 
52.79093242930169 
663.7588292998823 
794.5447072754663 
755.0880118888244 
786.5883303518159 
36.65679621298538 
42.16662111971527 
58.00015551723175 
55.62122251690197 
43.73095788102511 
45.62697773483679 
46.47032710614177 
55.84355722244673 
39.48680731858265 
723.8433202421279 
795.8504486490724 
783.3872256191675 
786.018747900235 
272.4315903678745 
264.4538820750299 
42.09358317748326 
41.08206866373638 
53.64110485018476 
210.6847475856886 
58.99829095870416 
53.12009022782704 
46.82378903944269 
47.48697471297871 
46.37726547025872 
355.231678315085 
525.1577496947373 
55.0429901021911 
453.1458805263376 
178.9258964394313 
194.673655297309 
47.97145416960911 
49.83748574425893 
43.48080432138885 
237.3800588990896 
595.6527849183167 
581.5465513059764 
50.57561056205728 
342.1708038813565 
588.2447576292071 
775.5528204783653 
743.1502850568554 
46.81333035391395 
52.3813802920648 
66.51974351105088 
140.5700017193217 
52.00199859885752 
437.7938523412715 
444.6233726907977 
50.96226577235564 
55.95619717121841 
50.04192579990052 
702.6312156517535 
633.5971786182369 
55.3567996471461 
428.6384852579854 
69.45167055384334 
557.5510693994216 
330.3142654512798 
513.0837080396582 
102.0315460312851 
52.2671415062719 
52.28023627770442 
46.19023622507162 
45.39070804861467 
323.9183760121649 
55.4048786216913 
425.7184672578744 
222.3747431830179 
52.94442756922639 
84.41918699557466 
206.1453816768447 
48.80235589353677 
463.6086307562979 
611.4047101818204 
66.42637926736734 
48.31048883372344 
44.01843499084181 
445.1504598619744 
114.2014546776972 
121.9114224498914 
52.96137985093892 
47.64445747538414 
323.2687514992766 
322.9095492273542 
55.71791080298374 
41.86004830327668 
6.427277038999057 
767.1603848090384 
19.05098526200145 
773.4022188214176 
781.7886738783836 
749.3833506852088 
709.7312218893697 
782.7508489408954 
788.3192778255685 
515.1213066122336 
46.12362266617343 
531.8127088515141 
532.1016668902428 
89.11825753912949 
56.10033321576675 
55.90005902101639 
58.44142483915436 
211.4366598815789 
225.9328002261257 
63.88251750293637 
</DataArray>
<DataArray type="Float64" Name="Eta_u" NumberOfComponents="1" format="ascii">
1.033137396871002 
1.061426115184102 
0.8935520480507305 
0.637253947362206 
0.4574985469453751 
0.8884416045523608 
1.011183707895764 
0.8380457914842451 
0.5129105468620976 
0.5798259885965846 
1.55623940391225 
0.7617583546731074 
0.645518399269112 
0.4181113011629581 
0.57255353351545 
0.1403426729927972 
0.2651483272622933 
0.2273918516873631 
0.2434898317015031 
0.3117454540435358 
1.574998610633453 
0.7625506060554249 
0.6451557520585517 
0.4174198456186496 
0.5715096949341547 
0.8899799233446266 
1.018929640086812 
0.8478489546847766 
0.5058673141390044 
0.5806757098898823 
0.977546439922802 
1.027356421387386 
0.8539379953812501 
0.5312964730882418 
0.4159563089426969 
0.9015570997203843 
1.455792261261255 
1.391930952278408 
0.7665604662505553 
1.394396656156834 
1.453575486612831 
0.9449177908454466 
2.109387043876589 
2.884256465683759 
2.697691826704943 
1.689406508621168 
2.708013071972163 
2.884306443406854 
2.181413719625525 
3.192264293531705 
3.852120248744194 
3.326398082930264 
2.029209613931207 
3.346061729538037 
3.856101468123876 
3.125841879418943 
3.634571624422415 
3.910542233777604 
3.053943571510214 
1.7830341293971 
3.080386385610369 
3.91772935952466 
3.832994488149205 
3.7288945467971 
3.428165283644007 
2.469453304058217 
1.398724195856302 
2.499773562150241 
3.43879838547352 
3.66203813888287 
3.240322303720935 
2.759109972534686 
1.884512669283469 
1.086624769654465 
1.913181635778639 
2.774702425015513 
3.220204233107872 
2.693938426871916 
2.126930744513933 
1.428319122851003 
0.8946616439588064 
1.446315098813445 
2.1381811612868 
2.6678138016667 
2.079468969204171 
1.609190434234812 
1.112296497456246 
0.7966432333049762 
1.122768888125391 
1.620219059514562 
2.092529048758203 
1.644324973862707 
1.216073094992101 
0.9103330514210002 
0.7526842361235476 
0.9214291116659739 
1.236899288583062 
1.622240153616924 
1.344934556804176 
0.9620009549833848 
0.7996550800073168 
0.7355123882848066 
0.8090152236642313 
0.974565722478051 
1.277114192956917 
1.107828852763617 
0.8136674478171936 
0.747512386311909 
0.7300990770211642 
0.7541617245727521 
0.820680404104186 
1.002819496749231 
0.8931349129024303 
0.7339542720837186 
0.7262546465074772 
0.7293521073607195 
0.729401347840738 
0.7374601368856774 
0.8118424351282483 
0.6975156603737438 
0.6984158330073224 
0.7200699732772705 
0.7309005992557415 
0.7188750837769836 
0.6919140359581043 
0.6869782120008922 
0.6043943634104983 
0.6794260577380693 
0.719780870316055 
0.7342896480975136 
0.7170966073995089 
0.6740840053698461 
0.6323019898515553 
0.6447733159039052 
0.6738978554307543 
0.7228505591979466 
0.7396690154713838 
0.7219401179012759 
0.6739333367089404 
0.6004394735495222 
0.7423709212598982 
0.6863856605885248 
0.7324274644726226 
0.7492003117404064 
0.7342557452599509 
0.6880655778089835 
0.6160614155296803 
0.811697026145587 
0.7202302836348542 
0.7572371255363923 
0.771052817546487 
0.7631795924300485 
0.7270872881066445 
0.6884691870344302 
0.8500193800346876 
0.7980040950824345 
0.8183483870527691 
0.8246317973705147 
0.8285969917953783 
0.8325515747088026 
0.8792205521190923 
1.228161966725065 
0.9653102590389641 
0.9436897795193994 
0.9420428008634369 
0.949833384243404 
0.9968086661217079 
1.330711944778908 
1.65122806187937 
1.035988271245142 
1.003658578716921 
0.9942952980176158 
1.000351644473512 
1.025825911429705 
1.852854949762287 
1.535827456824265 
0.7518571433323932 
0.8210307276645706 
0.1658642812877469 
0.4946633429363374 
0.7250072581168936 
0.2588210408538944 
0.5185063606864193 
0.6893119880110586 
0.2901935303594687 
0.5330398279965396 
0.6674515106008447 
0.2913133531413183 
0.5202970759671903 
0.638311944048512 
0.2802014217344537 
0.4926688466244327 
0.5932631816242262 
0.2634782269283329 
0.4591953070813835 
0.5431735868062251 
0.2446590888180673 
0.4242394292954822 
0.5003173403707031 
0.2240776433390983 
0.3897126403370637 
0.4619946056113912 
0.2028203597819287 
0.3543155023380191 
0.4211048156858206 
0.1815112932067713 
0.3192800688764507 
0.3814581980421369 
0.161144440657954 
0.2853165489185835 
0.3419273739880894 
0.1418197482594051 
0.2522057765831 
0.3138136058248441 
0.1223955376995558 
0.2205191779953917 
0.269396464434875 
0.1046632745786941 
0.1915115373339712 
0.2387672304730174 
0.08769332203569075 
0.1637754054987599 
0.2092700216885784 
0.07226602716457496 
0.1373928737859632 
0.185575766202341 
0.05815462946780738 
0.1130672991480077 
0.1561377610368228 
0.04588218330587079 
0.09190984556535446 
0.1287197027011776 
0.03537505500298904 
0.07278387882880426 
0.09416476938519325 
0.02585971648544303 
0.05475543730690633 
0.07143426966097667 
0.01768489066020537 
0.03768452681830015 
0.0520147436804196 
0.01182696663127071 
0.02378469166834306 
0.03773252444965245 
0.006487456207600864 
0.01314712677148328 
0.02371543706504851 
0.002306008004963914 
0.004321015064558021 
0.01727114862040927 
0.8665656733224567 
0.7509370046797155 
1.51655762298401 
0.7598371897868499 
0.4944197537470971 
0.1667148423164622 
0.7334559466913763 
0.5190251665070637 
0.259312142553493 
0.7074388528627076 
0.5337925606585764 
0.290884979070416 
0.6795949021443211 
0.5214070642111419 
0.2919058095031859 
0.6188087095395288 
0.4935721099082223 
0.2803455379453809 
0.5731972396088612 
0.4583565776219278 
0.2630049978262817 
0.518784611404588 
0.4207964919005548 
0.2428908870460308 
0.4621084153626159 
0.3847039694407249 
0.22181920363873 
0.4200959212194191 
0.3509686739436674 
0.2008660180100094 
0.3904072245050935 
0.31805279619432 
0.180427295696705 
0.3520192197323823 
0.2857911945431886 
0.1608800350081679 
0.3047767315574144 
0.2538060128090647 
0.1422387315069867 
0.2708509535863924 
0.2225033480814466 
0.1233807306827434 
0.2408739252222498 
0.1935879555336202 
0.105856170496222 
0.2255295862129649 
0.1665036888638152 
0.08921417409279604 
0.2017704567666937 
0.1413330259007171 
0.07373874947783746 
0.1623920709086577 
0.1161880640487872 
0.06000960874230672 
0.1248810444883389 
0.09195297469685601 
0.04653014213332883 
0.09313419922190867 
0.07063478952646522 
0.03475605315234952 
0.07203483248387334 
0.05384505757573396 
0.02533102011206751 
0.05333935489613494 
0.03787352583898242 
0.01756784298031949 
0.03720394034527016 
0.02377238012205108 
0.01171778164748212 
0.02435328217567146 
0.01322917867806303 
0.006438830910779535 
0.01506850603476102 
0.00498739160412461 
0.00254816064614857 
0 
0.02234600415031724 
0.07028341592839135 
0.1024046509819254 
0.1152114393173347 
0.1196282952149433 
0.1176384292898359 
0.1110111227140998 
0.1020354499664235 
0.09229996154098681 
0.08272911267497635 
0.07362022358086119 
0.06537566597349811 
0.05351287015878329 
0.04403001097502458 
0.03581333929359386 
0.02854630782290047 
0.02175134680689134 
0.01583035981696345 
0.01077216802834267 
0.006601616414404967 
0.003806049679529749 
0.002023991682425394 
0.001178297117360533 
0.0004099475811609054 
3.412189975191004 
1.730709142206729 
1.068085785056905 
0.4637331442047619 
2.346546594383248 
1.497514239512805 
0.9966295432023863 
0.9119390866844849 
1.035935006811779 
0.5031006942439646 
0.7288010064164341 
1.325339667497365 
4.209685923705527 
1.920999147288586 
2.172096146016137 
3.047293835528651 
3.653884973820884 
3.90443881295066 
0.6302975267580062 
4.246375128573938 
7.315537288790851 
4.151447030565936 
2.216604048369512 
2.48390600596274 
1.160352558733576 
1.110546477211007 
0.9816438114283963 
0.4204352786501639 
0.712619937584399 
0.7946491415276155 
3.513805415003731 
4.619586375107307 
0.1534481599669132 
0.09955547398446246 
0.1641882588407684 
0.2874965482797594 
0.4720111797404944 
1.106097755126566 
1.053543123367947 
1.254528486379369 
1.003114764353501 
0.871394449523331 
0.7227591094716095 
0.6875880311299037 
0.6027322732714988 
0.5484863197215922 
0.5056536819252709 
0.4800835157492588 
0.4343948799930319 
0.401493467087394 
0.369789012009222 
0.3000346707935235 
0.2831730027341664 
0.2386812557892413 
0.1961076964236096 
0.1732439877046453 
0.1189494432435781 
0.1121466710077236 
0.1502624531288667 
0.799204671991345 
0.9152181566948221 
0.5172374244144098 
0.7591297721681121 
0.9056769203930711 
0.7864963673934847 
0.795091544845799 
0.8408223188708506 
0.6590438655031087 
0.65828351746905 
0.4795183454303724 
0.4822315564476563 
0.4704995618257404 
0.1751292862344019 
0.3578316508913361 
0.3196843203022883 
0.681952630632493 
0.6432976689564214 
0.8722776497881284 
0.6283622465321955 
0.583624629629326 
0.4929717732980302 
0.4706432999942438 
0.1197749014990228 
0.1145726683253353 
0.1489929657791167 
0.1429219653165431 
0.0917055898063842 
2.36895577761894 
2.134469823887847 
0.8346162252991728 
2.348505125337886 
2.82002233951926 
0.7287854328269305 
0.8666971984787737 
1.445960936517424 
0.8440857843419293 
2.25988505345609 
1.672263145899615 
2.5987474017 
3.216789885950788 
2.025833768883549 
2.299477417688543 
0.9234696529162296 
0.7735454463296693 
0.6584822963300797 
1.780269732068723 
0.5214981166718216 
0.295074413428687 
0.08389171418898922 
0.1606241824162252 
0.1694632371994473 
0.4464377178576673 
0.4487870700763626 
0.5266847341545392 
0.4803773255329358 
0.3405819399520715 
0.2816432521441633 
0.4563222678999848 
0.5934712723554794 
0.5396235987649498 
0.4416924355778382 
0.6054704461287089 
0.6173900024524355 
0.2050722223663497 
0.2918800305270601 
0.2075506860134912 
0.2188490164509556 
0.6270927659427259 
1.081509936177848 
0.8506354121011844 
0.8765838471414991 
3.649528343904502 
1.135407143578598 
2.38452478237545 
2.306661371954079 
2.302714201499446 
3.63239210216745 
2.068559160200784 
3.268555709269141 
4.197195062348018 
1.585216481875835 
3.1489338164831 
0.7684650360611691 
1.666196293308799 
2.002069949683451 
0.856376902664882 
0.0869694667832199 
0.9870806258405421 
1.053057465494034 
0.9220257585278091 
0.4094897748358792 
2.848727495820703 
1.73980564110965 
0.5372142799371669 
0.538714822077094 
0.5690923474945145 
0.5627571420311973 
0.3777626206593183 
0.613816810578298 
0.557831701057388 
0.3711640014111589 
0.3101998790506965 
0.3745330122376899 
0.2073889415576032 
2.986764365899201 
0.5076384371259114 
2.576241613329577 
1.493962907437074 
2.17357031150246 
2.590358074999314 
2.827330960329275 
2.397403653346854 
1.270285037959711 
3.238292956504297 
1.8020075098601 
0.9226077741596952 
2.284039006790461 
2.302103916077888 
3.24219024098569 
1.935106657047171 
0.305906967576108 
0.3152313432044714 
0.4824258147870423 
0.4737315024309358 
0.4828588297880463 
3.707425743187879 
3.314684729712384 
0.7068944384762453 
0.9188783284850439 
0.5342939719846538 
0.3363311734239013 
0.4071467635030029 
2.483369916336398 
1.678238251842816 
2.794121722400505 
2.049325899340572 
1.271240775979724 
0.5775990794986087 
0.8878483230156242 
2.840253528992398 
0.4086819080030768 
0.1783672126048416 
1.942916687475111 
3.127359337197876 
0.2181881499536732 
0.3213927870836763 
4.105213331698938 
1.285709673269803 
2.239593957003636 
0.2724060474313599 
3.064840965024191 
0.3340727753663222 
0.8731202181712393 
0.3045309599083213 
1.756923966940489 
1.2151491004055 
2.593814198027743 
2.746660387966419 
0.3653064765628653 
0.2765777370505426 
0.2717848293847532 
0.8804409596215371 
0.7383287653415581 
0.6818425083614079 
1.92879828452035 
0.8033146480196304 
0.5363808490584017 
1.627204342431887 
2.950104185190539 
1.88656054941466 
0.6785861726797424 
0.5190559267485598 
6.893886931275745 
1.694680291109548 
1.259952629327895 
1.565898607820855 
0.7738617475324494 
1.307105177995737 
3.876000002004454 
1.226033912383103 
0.3450480290312374 
1.0135827714122 
0.5814288039463781 
0.8656002201415339 
0.9525723932041127 
0.8145640463736472 
3.023204068822329 
0.4449040638208091 
0.9349486465876314 
0.6753359105281186 
0.7304176762916273 
0.6842926364464867 
0.6487303901550263 
1.229130158992813 
3.488726417497971 
2.376869156547947 
2.593399304538565 
2.71447416159147 
1.715436533303204 
1.792144714736737 
2.196265959109522 
2.099202340533756 
2.731580618618977 
0.6044748087497233 
0.9130952243622926 
0.6411986163773185 
0.4535477447282068 
0.4446771054378947 
0.3279442264880712 
0.8436497148520793 
1.03912800842145 
6.549259583318983 
2.682425296646925 
0.5886243462597822 
0.6118610907605672 
0.4302313549914127 
1.431167383305272 
0.5173949738876239 
0.796630715306838 
1.235384418418199 
1.094628830133964 
2.090507176309048 
5.999955959562991 
4.826592202717171 
2.117370313449287 
1.184201292251331 
2.881828990777002 
2.080108977011329 
6.558132182018066 
0.2647729409565856 
0.4204546837717942 
0.7303615176609876 
0.7323212467742077 
0.4505490276614714 
0.505019652506271 
0.3066959150488884 
0.5048024153800398 
2.064055121955127 
0.8821784742870797 
0.8719769035523043 
0.3954313732842231 
1.748079914025597 
3.73608409131466 
1.676848246864108 
2.441967516324553 
1.352773502385998 
2.044745564744482 
4.562895001845446 
0.4551219660257617 
2.127414783124243 
3.107738896994914 
0.4620456312900449 
4.184770108863813 
0.6555713369521508 
0.9870971102991605 
0.7164463669750604 
1.980150810092681 
1.518926656336465 
2.352680292141261 
0.4525867312976062 
1.016577013150791 
0.9196000508794183 
2.069971869546008 
0.3187963668520121 
3.229522060674575 
1.597854014278602 
2.621112833551197 
0.8223269197108733 
2.297428092877559 
0.849266482521953 
0.4204337524691024 
0.392856615530654 
2.812913806082762 
2.494820198266845 
1.697122601855219 
5.800578305378768 
0.9504573854892661 
1.749727833504157 
4.077750463807493 
3.938789048525383 
0.7032893433008648 
1.196724842307474 
0.5482372657129688 
3.760163815378756 
2.199695941642801 
3.804426898336667 
5.87374803710899 
2.059360048046811 
1.553495093397203 
1.147780046961977 
6.599196325284886 
1.000807864024761 
1.476813771055329 
4.00276457448554 
3.940387410464968 
0.9623041802463053 
7.009468275995268 
6.828030560079736 
0.9564143625862864 
1.127652501718704 
2.854852147034917 
0.8873752876201877 
1.414020467450252 
2.28108465924272 
0.8595269187880734 
0.9242493624953961 
0.8272459691360888 
1.046123918844129 
0.2043818887848755 
0.5868099237854419 
0.7293981355378893 
0.6542537342955309 
0.6586729810910475 
0.5739353992909206 
1.037071358864452 
0.6521910655565387 
1.648486238451895 
1.079685782873904 
1.331131779680411 
2.284144524279768 
2.119583549159601 
0.3614065071038761 
0.7766535080550554 
1.319762701148383 
1.419854676629977 
0.9399106066804812 
1.163535584846116 
1.909791603104638 
0.8446477801636992 
0.110579780652729 
0.203829004170459 
0.08947725776603746 
0.1176553960745579 
0.1074731649985429 
0.1006080131846122 
0.1192875978590029 
0.2718819214256577 
0.3107530002698018 
0.2730169628789507 
0.2943456786902811 
0.1222836218738919 
0.3806500573541759 
0.4239242526305021 
0.4611461618942129 
0.5096815705095959 
0.6794092378348835 
0.7801639757688253 
0.8605397553830348 
1.270894237649675 
0.5184017828111714 
0.8822020293399204 
0.9481367611942577 
0.2764391227700697 
0.3731305509631653 
0.1362982437272958 
5.829372695351528 
3.577426248243591 
2.207592982603568 
3.188556955284731 
3.596104573222946 
0.6636412808012848 
1.150095040029973 
0.6559264514903439 
0.3841646655452529 
0.293477291814184 
0.3097799678707243 
0.8561729988143499 
3.786214950132821 
0.575216785349003 
0.5684282673174884 
0.8313152158242745 
0.5554887057733987 
5.487202308602133 
6.791229492275595 
1.000764719589057 
2.896250178427271 
3.766581519187134 
3.543961247111731 
2.600685197566012 
2.174117151242754 
1.155528584347295 
0.5982671646465884 
0.5745371519655458 
0.6757878985321474 
1.060981337999347 
2.17678673245741 
1.120887748361191 
1.264990994551097 
0.9820940266758108 
0.8471612279630436 
1.032687324905347 
1.126417079718083 
0.996209233196955 
1.137554164729145 
1.680642664154388 
1.992211053112197 
0.3279847929826198 
0.3002940880103119 
0.3771100023687031 
0.4354442118367133 
0.5836462974587309 
1.062719448969043 
0.9014832857343973 
1.052133899178529 
1.066957244979748 
0.4550806060283575 
0.8336298735808279 
0.9010030222631036 
0.09522781574409811 
0.3007694151295407 
0.281054389956562 
0.2986652193299847 
0.2737901707997809 
0.111393814648366 
0.07717107778914893 
3.0941018159903 
2.380631735282602 
1.270531226615515 
1.55697553410339 
0.7056209207199197 
1.664635431961319 
3.559427504871262 
3.110863902961582 
3.584662664352374 
1.179549271838994 
3.347331776115073 
1.725731626370312 
3.057895224207669 
0.4328246052290837 
0.9237589368115782 
0.5631763378736199 
1.111373783248972 
2.72710949592426 
0.9538232806112282 
0.9527814269040835 
0.9668162119998355 
3.357725300059887 
0.8326056900221955 
2.60536912964255 
0.1853015641663139 
0.139916875350921 
0.3387159290825543 
0.3692339572651924 
0.2419934889698296 
0.767791279105086 
0.4978625360404517 
0.9147914084509331 
0.7417200686810359 
0.8164608022573233 
0.3547659379708903 
0.9359415052593033 
0.3245977021046513 
0.3159191010691954 
0.3325201817270651 
0.1441178492129208 
0.3790978622181796 
0.9949913679911579 
0.689227387113815 
0.8150622657946451 
2.25297351928424 
2.384075743446858 
2.760666591893135 
2.785461718371988 
3.475059026295118 
2.165502622050924 
1.934719250123834 
1.980683997605889 
0.7315141032559956 
1.6872299743499 
2.69273515210602 
2.306510255276941 
1.533995240255714 
1.096745644989652 
1.271438798150426 
0.1042749241043963 
0.3632636116359194 
0.9874688812436744 
0.5417805993988644 
0.8484404896923355 
0.8868382759211093 
1.378180971910628 
1.168971430782528 
0.5060315545082631 
0.2336747388352987 
0.2455159906357711 
0.6430810823462078 
0.664033855852063 
0.8758433991332145 
0.6030020205347666 
0.7269297680694994 
0.5631379006832897 
0.8160931011859306 
0.3122634179770862 
0.2113686976408513 
0.1521588535184143 
2.772250909552793 
0.7756413932678462 
2.419618130628865 
2.141517249534008 
1.949234489374946 
2.141305279398963 
2.459014015244046 
1.790089672284179 
2.314973735854554 
1.152385221405779 
2.226917178383127 
1.53137438721598 
1.071227977131763 
0.4654327765289234 
1.724468407673676 
0.2778289394520714 
0.256753136911429 
0.09341729814326487 
0.6575118126093338 
0.1861982994792224 
4.089759497507376 
2.341289598780333 
1.249518023215727 
1.337732826910633 
0.8973608763678929 
0.7230464566941038 
0.1927346198000821 
0.2883264555166213 
0.4921283049179805 
0.749998672060865 
0.4932842194614892 
3.697843881222918 
2.966856509267805 
1.996820363351722 
0.9412173931462802 
0.9845715425054264 
0.4320370319823983 
0.2381752762281452 
0.2373796367406388 
0.515063488964346 
0.8178508441071397 
1.29436998952445 
1.685755277464742 
1.963431840940623 
1.002088925764774 
0.2036604960615983 
0.4309935736235483 
0.3722291813091561 
3.210110903479958 
0.2368219885145461 
0.2311934438009377 
0.7082598489588442 
0.3145793606770617 
0.1633487438648035 
0.6573805884865879 
0.6046350693338284 
2.287142069068846 
1.400597966314471 
0.7374549136224851 
0.4276189327914401 
0.6367854251268137 
0.7207865091558568 
1.109252791884592 
1.655802103702957 
3.737356025133954 
1.075991045037084 
0.4147482035027741 
0.1898549504601539 
0.3324260425795555 
0.2435724145192828 
0.7270137511962516 
0.4587183181896434 
2.842539243811893 
1.083098234477806 
0.8222905286543295 
0.4092795817837483 
3.957152547783485 
2.247199962387879 
2.088621491037532 
3.844201611698415 
5.619863384478149 
0.1996512707608575 
0.239647569488829 
0.635764452620479 
0.5945649748231329 
0.731407973139539 
3.909588901105255 
0.9296406165877662 
0.534521224597861 
0.3420536425192505 
0.6291697072676727 
0.3602556339604684 
2.562976566180903 
0.920263517123321 
2.255137352835721 
6.777058505612487 
4.817839926070685 
1.335572610216013 
0.1298552042783083 
2.24335755062721 
1.927313183925761 
0.8101695441342184 
2.200895118028576 
2.203348331467839 
1.539045352449553 
0.7795820034906471 
0.3591854229078502 
0.4577680601741977 
0.516332644071933 
0.9488888281819385 
0.4235443507139789 
0.4402156761955849 
0.5295177056412531 
0.6406282005670647 
0.9177263022346072 
6.753350530879809 
1.331863860478944 
1.362765475906713 
0.8742076464899957 
3.646829575316664 
1.813978347429252 
0.1380595621770077 
0.3400562183045872 
0.9268835609762177 
4.93397584240622 
0.8154083950017756 
1.75046319622809 
0.3216285957744661 
0.9009751570921807 
0.9919310259206813 
4.730446832159805 
4.211098506295175 
0.3193652082963178 
3.16882264195978 
3.471108965376044 
2.859066194511368 
0.3352051849351049 
0.391357207748286 
0.6240345721312612 
4.334241765386686 
2.637378915976171 
8.816465839218294 
0.2748917717058285 
4.610700735607038 
1.864347275619439 
0.8900729728740105 
1.881220034669982 
1.483125974174951 
1.102166693589528 
1.483924306920407 
4.682159273425257 
0.9034836147426258 
4.596448527885896 
3.882308243226692 
0.2736901557471553 
0.3047760991290888 
0.7100205486240593 
2.677549843357126 
8.52879658115452 
0.2911290834451435 
4.77125674098124 
2.841812780562762 
5.746424640428723 
5.216652919552958 
3.52387967779437 
2.621916397995788 
0.2374523731478118 
0.6435174930452759 
1.085071170787375 
0.2181723864512396 
8.026221936840091 
0.8160555004860367 
4.037040837648265 
4.584201649873994 
0.3314913615688289 
2.987397699250772 
4.712753573915842 
1.243157902485217 
8.939450414262849 
3.261375074830901 
2.342577302915179 
1.245567794143733 
1.017043364608079 
7.829706020608358 
3.766919103260747 
4.865097158905632 
0.852071104625079 
1.011338906651602 
6.629120227210157 
7.618643100435357 
2.394010117738611 
0.8355927817127667 
0.09803084103859344 
0.4378490029596848 
0.2979715949185283 
0.6442126023006005 
0.5226678069942738 
1.733403561919491 
2.168659497505558 
1.759291062194571 
0.6901336129052195 
3.257361120446556 
0.1762100507367851 
3.339452591714758 
3.128472574535716 
0.8918328071249667 
0.2719515562329414 
0.4096992812744276 
0.2657409632253261 
2.010115905782627 
1.310253858017121 
0.3438079625627831 
</DataArray>
<DataArray type="Float64" Name="Eta_phi" NumberOfComponents="1" format="ascii">
0.006519120156264531 
0.005423438388244847 
0.004703029098236173 
0.00447327224065031 
0.004485517753481059 
0.005922044083027409 
0.003846629411750022 
0.003181572594129559 
0.003164497574288218 
0.003426597573794585 
0.02869751183390962 
0.02557741446221215 
0.02486084379684188 
0.02436510758491336 
0.02454179575933348 
0.06390724158244063 
0.08599780281367399 
0.07824052355671854 
0.07720889028868602 
0.07902027779119289 
0.02866600865510582 
0.0255539946564946 
0.02483307131426487 
0.02433431060269354 
0.02451252547469728 
0.00591667872025606 
0.003835149477079117 
0.003156923437749106 
0.003129865962366696 
0.003385685854562919 
0.006478936808346404 
0.005416952969734615 
0.004742211363044685 
0.004521109801039392 
0.004531595111551209 
0.004528865524553801 
0.003621037229119664 
0.02475367150326234 
0.08511554293172616 
0.0247480017558965 
0.003648077916912545 
0.004484089533530669 
0.004172370500895818 
0.003948229587388549 
0.02328262752406485 
0.06776311975174029 
0.02316080885816596 
0.003902272884831225 
0.004094157591723706 
0.003346359646090157 
0.005161137481620242 
0.02135232526837414 
0.04116151679843049 
0.02112922660406822 
0.0050537999124538 
0.003042530184999741 
0.002215323718989763 
0.006108694247321154 
0.01733780097286195 
0.02563911387521646 
0.01715560983512279 
0.005982189971137083 
0.002242899211669654 
0.002292345709284119 
0.006157511913359466 
0.01289781021416499 
0.01663742926147658 
0.01277627863261041 
0.006036442945894656 
0.001682359321348446 
0.002123040597819963 
0.005443182391183461 
0.009293797052209538 
0.01110455062742783 
0.009219953584963492 
0.005350146012571421 
0.002056233404278804 
0.002425043421332885 
0.004455674334681609 
0.00665726059812938 
0.007593775979416722 
0.006619383099374975 
0.004405584515898316 
0.002481752753705443 
0.001987343353396597 
0.003517068972386552 
0.004798628221399303 
0.005309783644977863 
0.004781986473661342 
0.003498082182876078 
0.002325408134356604 
0.001762918597600032 
0.002745849161264895 
0.003500707225841918 
0.003789318916368129 
0.003492133490851253 
0.00273473505986543 
0.001881774600424568 
0.001499938081930419 
0.002142342034379402 
0.002591163099348111 
0.002756479784009194 
0.00258273298797563 
0.002127832844199555 
0.001609929760314625 
0.001349595258164564 
0.001679190747692844 
0.001949242969519547 
0.002044532040014969 
0.001939189808431018 
0.001660391720937729 
0.001444898384645735 
0.001109444049046001 
0.001331463478029152 
0.001494956766138112 
0.001550712516154381 
0.001484861354247311 
0.001310182284607468 
0.001090928205685154 
0.0008967749921947941 
0.001075790140284512 
0.001177163075841448 
0.001211976490922642 
0.001169701413875918 
0.00105577241851742 
0.0008960902913565508 
0.0007854761367054935 
0.0008912498493307584 
0.0009668803267588942 
0.0009929486229633112 
0.0009658455688269293 
0.0008885767926168035 
0.0008172365664385151 
0.0007417946385440369 
0.0007934132977677284 
0.0008567869503191293 
0.0008788271840294117 
0.0008614571192552268 
0.0008076413040162338 
0.0007298276955961242 
0.0007839156634277686 
0.0008030259539960285 
0.0008499863340238923 
0.000866948213517348 
0.000853257217437891 
0.0008125279957702641 
0.0007593142456553599 
0.0008732678758859654 
0.0009076025452488904 
0.0009462012299867003 
0.0009591367202881158 
0.0009434002534339395 
0.0009035736256342023 
0.0008590533100586894 
0.00104697728604468 
0.001105462708272582 
0.001147051267626588 
0.001160325758726781 
0.001141601899360225 
0.00109155190802645 
0.001034704731819779 
0.001337288366184296 
0.001410605715232981 
0.001460155051043386 
0.00147605941456302 
0.001458139647996247 
0.001404196824040969 
0.001308793408027402 
0.001576056530078136 
0.0016604142672807 
0.001710225151244525 
0.001726916382640022 
0.001710701649097823 
0.001662193724298232 
0.001577890871386367 
0.008510323617589882 
0.008810813737613468 
0.007645597080900976 
0.009760247625090925 
0.009670493789044839 
0.008282331462799367 
0.00985197330407217 
0.009853763788464543 
0.008488885500607722 
0.009869320461553772 
0.009897407421042087 
0.008563543891877861 
0.00987909224552575 
0.009914017984997189 
0.00859307187287243 
0.009886538995041477 
0.009927147861674054 
0.008596551751556894 
0.009893098488426694 
0.009938239733563142 
0.008610540906697618 
0.009898209813704225 
0.009946306752987456 
0.00864910618169106 
0.009901779709409435 
0.009951041209309097 
0.008701167959625389 
0.009904510292953502 
0.009954070389828771 
0.00875267935082394 
0.009907364058531241 
0.009958424008280753 
0.008782508885828611 
0.009911243856154276 
0.009965626788222328 
0.00879357036306279 
0.009915700169082399 
0.00997779306504171 
0.008787794142666172 
0.009918325596343055 
0.009985388845513221 
0.008797085633015105 
0.009918102280582236 
0.009979900608057908 
0.008826115951819457 
0.009918331365517966 
0.009975985127194357 
0.008820501530015672 
0.009920671064478441 
0.009987032615578002 
0.008762780946067739 
0.00992184297420114 
0.009991185539350446 
0.00869602562403241 
0.009921040650874785 
0.009982257377321765 
0.008650716207697879 
0.009923351902671181 
0.00998585720335342 
0.008612204649219935 
0.009932743135327852 
0.01001271999213833 
0.008602059612898351 
0.009946352667104408 
0.01005576172656663 
0.008716345469803663 
0.009942055171042498 
0.01007970145785258 
0.009077131161030068 
0.00991020379509216 
0.009954830010699829 
0.009862838445786289 
0.009875611799967673 
0.009836402414290003 
0.01056891126185001 
0.007687869675853374 
0.008811981228561919 
0.008513708188456127 
0.008319448705256499 
0.009669086286415579 
0.009759997339520869 
0.008520830582678735 
0.009852797192600109 
0.009851598576128495 
0.008590860118298247 
0.009896624864901025 
0.009868958569848247 
0.008614899173953222 
0.009913179101368644 
0.009878610569812131 
0.008606452515395749 
0.009924639604833502 
0.009885876877192055 
0.008580627151242311 
0.009936592013401314 
0.009892942571610275 
0.00854646419793146 
0.0099494104802373 
0.009899349413373882 
0.008525145120733045 
0.009957498609521919 
0.009904142011409026 
0.008522643465627358 
0.009961878588490481 
0.009907406637636932 
0.008537229166744233 
0.009966145349819419 
0.009910256671493031 
0.008560781311706766 
0.009972218560770074 
0.009913317380511487 
0.008594099398660224 
0.009978999470642971 
0.009916550908037247 
0.008645063529950167 
0.00998576279755127 
0.009919398199390769 
0.008733961539028071 
0.009989162117451557 
0.009920706736694642 
0.008863613260333077 
0.009983617613698335 
0.009917990539415521 
0.009003191823759121 
0.009959374495046972 
0.009911115311802105 
0.009013333866098998 
0.009940846713585992 
0.009911425678183728 
0.00871266664356817 
0.009996764898880097 
0.009922632899644863 
0.008425699346818126 
0.01002656857065309 
0.009931315834525481 
0.008483590364578112 
0.01000369798423853 
0.009933447955947545 
0.008619860024657944 
0.01003537855379506 
0.009939754509425748 
0.008925477059818967 
0.01006210821403839 
0.009937468950168043 
0.009595020750982432 
0.009960878566822123 
0.009913680639956157 
0.01013573979987802 
0.009875939011047719 
0.009887549975393395 
0.01079999954640001 
0.01079999949240001 
0.01079999954640001 
0.01079999949240001 
0.01080000127439997 
0.01079999760240005 
0.01080000192239997 
0.01079999706240006 
0.01080000570239987 
0.01079999760240006 
0.01079999760240005 
0.01079999760240005 
0.01079999706240007 
0.01080000570239986 
0.01080000570239987 
0.01079998950240023 
0.0108000057023999 
0.01080000516239986 
0.01079998950240023 
0.0108000057023999 
0.01079998950240023 
0.01080000570239987 
0.01080000516239988 
0.01079998950240024 
0.01080000570239987 
0.003867699608596517 
0.00478975070918473 
0.006357108424636734 
0.009374131074769736 
0.003469100506901314 
0.001554881474326419 
0.001042783958346089 
0.001002618227570065 
0.001215457945427015 
0.0007388752207725905 
0.000680067372237048 
0.0009036575907197587 
0.003637410773440111 
0.00146565587722061 
0.003185328165110182 
0.002425210320916905 
0.002797372556747434 
0.003545756302678058 
0.005651327459291654 
0.005167840024180953 
0.00220895993084583 
0.003620880960422959 
0.001363053775597721 
0.001027691060425571 
0.001594547777206947 
0.002086880439439481 
0.003474075412982606 
0.008300357512333809 
0.006719782890953333 
0.004999100401765253 
0.001955473348216548 
0.001528515468603631 
0.02142918503179168 
0.008349928836962903 
0.006191577847719986 
0.007168080823358505 
0.007632546741897006 
0.004288492570511006 
0.003258050533438836 
0.002565135043362094 
0.006935138472609888 
0.007587122621295758 
0.008350680749236075 
0.008527422194032876 
0.008475350493449815 
0.008494899262769228 
0.008712288475798136 
0.009101165210150561 
0.009571183963461129 
0.009546039261145304 
0.009360955824674382 
0.009593583025051138 
0.0097500565759837 
0.009076720571954505 
0.008560636957224707 
0.00854309377554349 
0.007961010203599824 
0.01053750121344947 
0.01535252116595756 
0.005099967651122085 
0.005946147328526615 
0.005345298355957057 
0.005044324030737323 
0.005779216494446734 
0.0063208262194716 
0.008051796435049129 
0.005650970255120476 
0.00513776511043134 
0.008584033432296247 
0.007228131017815512 
0.006537009813185579 
0.0082181129121345 
0.004066512380098709 
0.007766708382394408 
0.009286439815341743 
0.007155976612375914 
0.007461627318744329 
0.005980279713101645 
0.00759569164067081 
0.007478961118719418 
0.007566572777235091 
0.007944294918285227 
0.007107645216052534 
0.005752554472049249 
0.008327075383379857 
0.01125665120591031 
0.006272008237003916 
0.0013524004667551 
0.0009427381262820442 
0.005108151218713165 
0.003958354454202731 
0.004429353132739341 
0.005526966497008649 
0.004603328621726363 
0.004193621763586617 
0.001080006218645051 
0.002373255693704288 
0.001294368067301202 
0.001526786242909165 
0.003873540763545168 
0.0009904088354171349 
0.002291695403385102 
0.005022482133216617 
0.004964954055362032 
0.004684973642705507 
0.004470373028536913 
0.003174615235153659 
0.009367890287296524 
0.005073737060151506 
0.007616192881768433 
0.007778230676215659 
0.008404062517645061 
0.006099345998414888 
0.007392855974660456 
0.006500566349279115 
0.006611465516985389 
0.007668867218779584 
0.006839603709232507 
0.0053940195775277 
0.006458704026977593 
0.006447342676218755 
0.006059417395776135 
0.006330766673509096 
0.004885982865983256 
0.01446171836976784 
0.007097646333136633 
0.004554359260050278 
0.004837868725690558 
0.001377566050387425 
0.0009528982747825222 
0.0009071119358806783 
0.003633003616800595 
0.004172620026078227 
0.001053958174429707 
0.001911718505869954 
0.00145789371777725 
0.002546606040326722 
0.0003856729321075824 
0.003056034469093894 
0.003544133601018182 
0.002170633786484851 
0.0026949758455969 
0.001113648765792229 
0.001147209280025751 
0.001727365348970304 
0.003556113834293672 
0.005110277124481365 
0.001077750784572673 
0.00146204859650814 
0.004592847911865098 
0.005627310710868676 
0.003186173259284524 
0.002777995707476622 
0.0066521692013048 
0.007999508357061706 
0.006327773706767701 
0.005503137554304563 
0.004450012753932464 
0.005615823026929977 
0.005504052270562427 
0.006710538855777769 
0.007364915341039607 
0.007648466373869007 
0.006243044651667039 
0.002601404369022234 
0.004539658967269234 
0.002520222462998724 
0.002811871408424974 
0.002798394106744871 
0.001308336518546677 
0.002013598481910493 
0.001190126539115159 
0.00137980969392989 
0.001627696598758512 
0.002548727271062242 
0.001472564396800492 
0.001988561282412107 
0.00095413786709092 
0.002126110868509687 
0.0006996003050901635 
0.007941698721110724 
0.01107545465013757 
0.004576282219149126 
0.003139426184371475 
0.004846074580248952 
0.0029216853233289 
0.002175945148192571 
0.007891789382735697 
0.008200138014207993 
0.005010496272395123 
0.00498089243756903 
0.005285181085041431 
0.003783711393145817 
0.003358822451893722 
0.002009242534057614 
0.002676666847026965 
0.004820128979615523 
0.004947860500672482 
0.001693009528072472 
0.001294894630884984 
0.008319836432789015 
0.006673219173434749 
0.0006397581334439199 
0.00164540935412388 
0.007499918557079798 
0.008488434966555988 
0.002557727956552196 
0.001534797395780687 
0.001350693937610892 
0.01829527396252119 
0.001477844153435522 
0.006528927552201341 
0.005750129138705426 
0.00801570889157791 
0.003515773545362654 
0.002259894426736654 
0.002330492706689458 
0.001870427997445697 
0.004759096378928884 
0.00322607056166965 
0.007339997809847774 
0.004361480517349372 
0.003947509576350405 
0.004626011163568417 
0.003018319479031506 
0.006012575247673378 
0.004564616703431047 
0.003517631436389577 
0.001072092033784366 
0.001244621489645333 
0.004857217898328372 
0.003187458999694787 
0.002032316071955328 
0.001269366280739114 
0.001402914574620714 
0.0008222616185282076 
0.001309726897664393 
0.001709054811265573 
0.004542331513390718 
0.001101352604070061 
0.009838982219262214 
0.002280820165972686 
0.004315889898392519 
0.006654127479129324 
0.003762683410550324 
0.005411498708319555 
0.001520229810560177 
0.01146041885136992 
0.001529410166366838 
0.006751582179288483 
0.005722438653375894 
0.003411460429610905 
0.00349223475503542 
0.003844976078177301 
0.003087076899475707 
0.002962976436958285 
0.003146676366890625 
0.003096780634689422 
0.0007971384881224638 
0.002075433906825058 
0.0008407560322417467 
0.00109208831267234 
0.001575116765469168 
0.002377252531281122 
0.002879905435239007 
0.007897874376472857 
0.006847045077088975 
0.009594155988696186 
0.004720872118795131 
0.002928971910976644 
0.00362069998121015 
0.003042990968074513 
0.002500783347127757 
0.007663096862744537 
0.004460749567801179 
0.006582719945084371 
0.002130121848906144 
0.005565374521257243 
0.005514988565198093 
0.003399973870008286 
0.003418897274007777 
0.001229274487728311 
0.004697980699714577 
0.003490402911743966 
0.001000375056761977 
0.001339950255283541 
0.001163547798398563 
0.001062998979137595 
0.002703813198726405 
0.003612609337687005 
0.006681012877333738 
0.004043345316837405 
0.005654311493382741 
0.01082491446773363 
0.007287441326035433 
0.004025119941966946 
0.004551621925662381 
0.001651489237636035 
0.004529800026782809 
0.005575584615237297 
0.005824999565177342 
0.00300770968215949 
0.004249490543442107 
0.001573398875037002 
0.001191876992491988 
0.003700104368533637 
0.001643273062055444 
0.004197979621421418 
0.004316301960846351 
0.001245718943247856 
0.001747966900976939 
0.00555050722740325 
0.001741731241628958 
0.00444007843745935 
0.003262520782989429 
0.003773839731104503 
0.00136003278822463 
0.003511078542888525 
0.003789741093099748 
0.005749677396114697 
0.003953092641215599 
0.003622566914214697 
0.00347964156735535 
0.003094968088958296 
0.002982513209794879 
0.001044502387108148 
0.001572436718493796 
0.004667936836010019 
0.001121491742450414 
0.003968567442996352 
0.004349597305190337 
0.004819704424395085 
0.003522695589429314 
0.004028105497629355 
0.003767232462218566 
0.003966623114316503 
0.003749770582353369 
0.001249352451577485 
0.001978255291993162 
0.002588461787231454 
0.003969013141663461 
0.003336395285711839 
0.004250754265489039 
0.003869141696108543 
0.003933329248352926 
0.003827418123657991 
0.002946897680261055 
0.001172015766213187 
0.003832266661823066 
0.002997124271470721 
0.00367137620421783 
0.004495261011935247 
0.003151614725548123 
0.005284525262962624 
0.002452262366372175 
0.002468947310270307 
0.003138150633681364 
0.003730980969765099 
0.00249825999382501 
0.003508002558286887 
0.004622932588318783 
0.00306403693101954 
0.003504157085527096 
0.003443140107005432 
0.0007378803647196993 
0.001589687187202338 
0.003144836453700155 
0.0008303591749047577 
0.008830929378579239 
0.005106601412126657 
0.003549431632017738 
0.0033726545980155 
0.004419696112162781 
0.004239151316072718 
0.005464998327477753 
0.002918982745070825 
0.003641734377646854 
0.004953117904751604 
0.00618201502064906 
0.002255878155026727 
0.001842377636980326 
0.004694136995909563 
0.003983157581494324 
0.004420228068751185 
0.00342211887619788 
0.008751285126084368 
0.005791946110318331 
0.001536840871089352 
0.004923806888327735 
0.0182353256130412 
0.01543313870068667 
0.009397182042451761 
0.007394967015801434 
0.00753046756684871 
0.006257516214590784 
0.007737065218885934 
0.01238591028843335 
0.01098779517518109 
0.007499952417759779 
0.008948109201896896 
0.003130081720656969 
0.007972111104291389 
0.007827113113805205 
0.00774834214006362 
0.007797522892981804 
0.008348145851573289 
0.008675663651925812 
0.008820469455280167 
0.006413872733641164 
0.001891699728069983 
0.002441015715289409 
0.002524981492313826 
0.009443728060184347 
0.01309173879330524 
0.006787401845364941 
0.005422326318349542 
0.001153407600476676 
0.0007238789063617738 
0.001389885180507104 
0.003484280350592645 
0.005173213920684272 
0.006117923560362813 
0.007230517199076845 
0.006506613571131798 
0.006709246979558526 
0.006771947936244156 
0.002498478989199139 
0.004522986222784006 
0.0005623278892702459 
0.0006382707042480374 
0.0007331938862012109 
0.0006549045741956599 
0.003877201629646114 
0.004887902186960263 
0.005019271140639937 
0.004139694016470532 
0.002347219777718653 
0.001846088277668635 
0.001848618081810485 
0.001856836661597027 
0.001070280032342269 
0.0006461076214627978 
0.0006710482775050068 
0.0009541708654618112 
0.001650613993301439 
0.003201736623808238 
0.007993712177251658 
0.007205923049352522 
0.005396971036978188 
0.004302717168283717 
0.00848399061184458 
0.006623170323528773 
0.005152869682941464 
0.005651967441095986 
0.004304369984298036 
0.004734353454415416 
0.008110604029814289 
0.008423168772493697 
0.005340605590803909 
0.006390973350739439 
0.007965023073173311 
0.007461216731760556 
0.008854939318600369 
0.005234913581825636 
0.007113297935691259 
0.006290685987665077 
0.007815432554541259 
0.007907615140693497 
0.007910835753573965 
0.009181012832334707 
0.00519944101537398 
0.009850953991461959 
0.006988599785124647 
0.01392478704097066 
0.005373649477103458 
0.001882753995944981 
0.001489820167291764 
0.0005321699813431179 
0.001776281416405682 
0.0007448937801924447 
0.001337596563210567 
0.002739746185076261 
0.003245797431822257 
0.002194942595373889 
0.004650371198003309 
0.003392964923436098 
0.001509677125628935 
0.002152488557162197 
0.0003627034460892893 
0.0002850043675960866 
0.0005144128512684317 
0.0009918191404358814 
0.002214180899965819 
0.005392983134727356 
0.007723405518060362 
0.005794588113405641 
0.003075319760378471 
0.003843925614668284 
0.003882505627199987 
0.0079264422038864 
0.006823080691024742 
0.006641706088929526 
0.004589387117192453 
0.005147525193799688 
0.007699931037860301 
0.006478686020319872 
0.006466619600244715 
0.006692111894767435 
0.006935342256087601 
0.004313944018699009 
0.0047779663983266 
0.004995948165564135 
0.009828750399326494 
0.005421338404273704 
0.004091031264473928 
0.00391775591258334 
0.004270251571909403 
0.000487046089935351 
0.0005437720372330568 
0.001462053718092411 
0.001692850434302322 
0.002550508327395076 
0.0007809503056162372 
0.002726001571284296 
0.003515694165487691 
0.001126157723494911 
0.001402232217735264 
0.00339363144544036 
0.00379237192272313 
0.001489742975817345 
0.0009056135026695565 
0.001829301474657591 
0.0007086434087909789 
0.004007092263080746 
0.005841186939681674 
0.009819369781827385 
0.004739301535878327 
0.002600099692384761 
0.006081609971577213 
0.006930757012204023 
0.005040842805546899 
0.003283419164608447 
0.005352691115899538 
0.004084038747471846 
0.006535786996729557 
0.006689340289694403 
0.005367832897447489 
0.006558485507338193 
0.005706239883107808 
0.005700160247009469 
0.005466787616996714 
0.006708309837345162 
0.004906173253075934 
0.003954111534222139 
0.003358533800320752 
0.003231968394898279 
0.005405523186300746 
0.003348429209324477 
0.00325220952431361 
0.002820888423809335 
0.00167146757128114 
0.002012575515542801 
0.00247746202517319 
0.00205165916712022 
0.0009008131783179956 
0.00214524094436506 
0.001092134393808755 
0.0005970496468296059 
0.0004236261850975344 
0.003273535142965238 
0.008426638673932393 
0.007196783894881626 
0.00898359433524829 
0.005749999080890965 
0.004672466163133935 
0.003156084105225965 
0.002090726446281547 
0.00118892682514 
0.002569938246940706 
0.005605422036459579 
0.002979146667202336 
0.003495489550588028 
0.0038218125812636 
0.004875250780426334 
0.004976870795647636 
0.005585346264938926 
0.002587798135954105 
0.003409401875354176 
0.001646159692150275 
0.003726466974652822 
0.004714460315258684 
0.01116578905171394 
0.006024740093277305 
0.005465804566504391 
0.008103462517344661 
0.004089942715752486 
0.001563728420405714 
0.001293355429992999 
0.0021831316622181 
0.003101372159013579 
0.004459309281790725 
0.01138620595439298 
0.01084398089935084 
0.001242430813364109 
0.005389637621208993 
0.005133623036349213 
0.002304099474550685 
0.002172929802322459 
0.003292900273758561 
0.005582151472767412 
0.003479213719150334 
0.001533205021079525 
0.005603031615784376 
0.007561392171882495 
0.003485210711674779 
0.004718732237542474 
0.006380543914215832 
0.00590682974723106 
0.002628434857157631 
0.004224429969805887 
0.002619031543405744 
0.005183941377916291 
0.01006416194706874 
0.008784991597191294 
0.003636340849278824 
0.002181128055906113 
0.009336062487191004 
0.002709626832341668 
0.00361514079278878 
0.002432091841025007 
0.004328040857691437 
0.005335168038501907 
0.00261760276287932 
0.001120993012942754 
0.002192418569192078 
0.001644552788099539 
0.005225300821502123 
0.004760336915118448 
0.005319513783570954 
0.005517573843340866 
0.006440983673873599 
0.005377364286836304 
0.005793852276159099 
0.005693642533659933 
0.006341207437780848 
0.003941340818907746 
0.004279241500306974 
0.001247142762857967 
0.0007313459460302046 
0.002028568164303968 
0.00210594597788364 
0.001541587100744726 
0.001333939456678779 
0.00304102020896282 
0.005451284391747484 
0.005350632068756276 
0.006140113686468791 
0.002306558329171857 
0.0008109791800410538 
0.001589492176705609 
0.0006925795413768189 
0.005613082096240401 
0.003610289376331988 
0.008638562282900757 
0.007770904934676233 
0.005286430177538027 
0.002685810307810643 
0.00221334554084204 
0.006229286541687331 
0.002733105177833488 
0.002008070414035309 
0.001002018552868231 
0.001610826504659008 
0.001147276514025831 
0.005688645787845606 
0.00383216736866508 
0.002926652526163266 
0.00577661272279296 
0.005687986501592347 
0.004967239218272606 
0.008125070079581534 
0.005704973815415767 
0.003329448693695653 
0.005713671914610306 
0.005554651798943033 
0.005223271585757301 
0.003232510332605725 
0.005911601473840009 
0.003746930715865554 
0.005479475987829668 
0.005398733063036594 
0.004590894645590693 
0.002280686910125492 
0.00190015195216603 
0.005103336518956098 
0.002561685655226624 
0.003025531209082838 
0.00382532529556853 
0.004957527598072287 
0.002212948757505736 
0.001482143207893895 
0.001117566952071251 
0.005529305155304553 
0.003220776276330479 
0.00567812368220505 
0.005528143827155533 
0.006333128807310343 
0.004771665885861137 
0.004615960195859902 
0.002535696646133894 
0.003180357536299497 
0.002459843501969807 
0.001733613213044261 
0.002684181414779115 
0.003572013690059527 
0.003910878807932694 
0.00605562855883146 
0.003282762377003369 
0.004645907130363293 
0.003137386968605278 
0.005477215431853801 
0.00317388067821366 
0.003648121918841516 
0.003356912422318413 
0.003763710822958742 
0.004452608765757676 
0.003987621695664513 
0.003983618417475095 
0.005036154525068104 
0.00279885979453183 
0.005641803224046988 
0.004648958353389302 
0.003624846063998852 
0.004414517301075796 
0.002536644599768902 
0.005014612574936779 
0.004856158162329876 
0.002752173235091457 
0.004665710207023027 
0.005815281058859281 
0.006171529206947976 
0.003208497389305929 
0.003385372925771562 
0.004476335557804505 
0.00428104165738584 
0.005439338233030735 
0.002745933114044754 
0.005497371821740944 
0.000379285260759653 
0.009189284860241703 
0.0005670428633090409 
0.0004187716026549257 
0.002343290389257608 
0.001749270413697362 
0.0008470780012996596 
0.0005350995653447982 
0.00265900523213107 
0.003956138604505681 
0.002882809445302803 
0.002906364553515427 
0.004830633362372661 
0.004237638959008207 
0.006244500384766188 
0.004431873155552256 
0.003888688305273408 
0.002804050487048652 
0.003309771003317521 
</DataArray>
<DataArray type="Float64" Name="Eta_mix" NumberOfComponents="1" format="ascii">
1.033157964563504 
1.061439970831496 
0.8935644246826044 
0.6372696474752678 
0.4575205354152384 
0.8884613414807054 
1.011191024323128 
0.8380518307531024 
0.5129203087491017 
0.5798361135898138 
1.556503976697334 
0.762187637688287 
0.6459969545975025 
0.4188206282262208 
0.573079268932423 
0.1542083051895702 
0.2787458655097358 
0.2404758485591374 
0.2554378806708916 
0.3216044657945651 
1.57525945912079 
0.7629786585733574 
0.6456335073748378 
0.4181285522286246 
0.572035134680448 
0.8899995904738306 
1.018936857621194 
0.8478548319881536 
0.5058769964874392 
0.580685580090314 
0.9775679100849777 
1.027370702300476 
0.8539511628450188 
0.5313157091126122 
0.4159809927190032 
0.9015684747589451 
1.455796764613376 
1.392151040714896 
0.771271420491406 
1.394616254850154 
1.453580064445786 
0.9449284303666515 
2.109391170349875 
2.884259168028325 
2.69779229604784 
1.690764972363118 
2.708112113823775 
2.884309083162199 
2.181417561655002 
3.192266047477928 
3.852123706233373 
3.326466613077081 
2.029627041536446 
3.346128440764933 
3.856104779873165 
3.125843360138072 
3.634572299558199 
3.910547004998628 
3.053992786060756 
1.783218458505626 
3.080434157647673 
3.917733926784507 
3.832995144371965 
3.728895251409189 
3.428170813558589 
2.469486986082811 
1.398823141117665 
2.499806211553409 
3.438803683634576 
3.66203852532515 
3.240322999222875 
2.759115341694671 
1.884535586120239 
1.086681508571511 
1.913203851926067 
2.77470758305255 
3.220204889602783 
2.693939518365758 
2.126935411570452 
1.428334637198346 
0.8946938708880818 
1.446330246274467 
2.1381856999935 
2.667814956000521 
2.079469918853519 
1.60919427770763 
1.112306848439872 
0.796660928483984 
1.122779071561704 
1.620222835721435 
2.092530340860056 
1.644325918895209 
1.216076195002305 
0.9103397824222286 
0.7526937745502738 
0.9214357290781944 
1.236902311774513 
1.622241245031918 
1.344935393206787 
0.9620033404403212 
0.799659278135204 
0.7355175534963253 
0.8090193462644595 
0.9745680453933313 
1.277115207694995 
1.107829674825021 
0.8136691805143614 
0.7475149277692579 
0.7301019397169265 
0.7541642177057067 
0.8206820837457565 
1.00282053767946 
0.8931356019728077 
0.7339554797839816 
0.7262561851505522 
0.7293537558831313 
0.7294028592246719 
0.7374613007291033 
0.8118431681053392 
0.6975162368518789 
0.69841666154219 
0.7200709354837453 
0.7309016041023693 
0.7188760354030191 
0.691914841444547 
0.6869787964280651 
0.6043948738160697 
0.6794266422946543 
0.7197815197200493 
0.7342903194582768 
0.7170972578399308 
0.6740845910300658 
0.6323025179815766 
0.6447737426113155 
0.673898322492964 
0.7228510669679213 
0.7396695375541875 
0.7219406318691838 
0.6739338206471923 
0.6004399170981994 
0.7423713351524541 
0.6863861303320663 
0.7324279576794996 
0.7492008133412076 
0.7342562410324647 
0.6880660575608669 
0.6160618834683388 
0.811697495900026 
0.7202308554950438 
0.7572377166962734 
0.7710534140963415 
0.7631801755193416 
0.727087849555727 
0.6884697229860139 
0.8500200248205875 
0.7980048607722479 
0.8183491909438656 
0.8246326137076996 
0.8285977782176626 
0.8325522902711125 
0.8792211609614976 
1.228162694780359 
0.9653112896958969 
0.9436909091551882 
0.9420439572599701 
0.9498345034765325 
0.9968096551619368 
1.330712588396701 
1.651228814032775 
1.035989601846001 
1.003660035819967 
0.9942967976917819 
1.000353107208146 
1.025827258093955 
1.852855621627926 
1.535851035336229 
0.751908767350578 
0.8210663255329241 
0.1661512029472069 
0.494757861276682 
0.7250545643857679 
0.2590084797196366 
0.5185999833523658 
0.6893642563933818 
0.290361306907213 
0.5331317069019986 
0.6675064443788821 
0.2914808161475366 
0.5203915208884702 
0.6383697821789523 
0.2803757842526877 
0.4927688511857424 
0.5933254615916266 
0.2636638948794465 
0.4593028398067748 
0.5432418308807282 
0.2448592336400714 
0.4243560090148141 
0.5003920943753569 
0.22429631179718 
0.3898396660931708 
0.4620765368831082 
0.203062053732878 
0.3544552986123476 
0.4211957682475066 
0.1817814771206978 
0.3194353339730591 
0.3815592867640412 
0.161448950166116 
0.2854905371533225 
0.3420404303033793 
0.1421659667649194 
0.2524030706951351 
0.3139366250163948 
0.1227967460130702 
0.2207451377814681 
0.2695400596676596 
0.1051321539700543 
0.1917713934562915 
0.2389303050484596 
0.08825243354566253 
0.1640789557668541 
0.2094558264283405 
0.07294380300286424 
0.1377553722641343 
0.1857825377464058 
0.05899494805949636 
0.113507876048787 
0.1563797342472669 
0.04694253713328497 
0.09245033896203086 
0.1290100645468626 
0.03674054204075857 
0.07346570874531753 
0.09455778054865011 
0.02770170252709925 
0.05566338541906624 
0.07195033225483388 
0.0202900293011576 
0.03900310122824422 
0.05274000605317294 
0.01545061813395321 
0.02583238160212068 
0.03880899008552224 
0.01184479747846277 
0.01649077265889572 
0.02568457781225841 
0.01014127118967925 
0.01074364852570986 
0.02024831992855518 
0.8665997747062687 
0.7509887056477718 
1.516581520083253 
0.7598827331963377 
0.4945142911230719 
0.1670002880137346 
0.7335054398508314 
0.5191186772600305 
0.259499212465449 
0.7074910129586636 
0.53388429551557 
0.2910523447630164 
0.6796495034268227 
0.5215012921644372 
0.29207291652685 
0.6188685563404209 
0.493671881061237 
0.2805197875507466 
0.5732614609909922 
0.4584642713561517 
0.2631909937561079 
0.5188550039081207 
0.4209140985577913 
0.2430925340869516 
0.4621870461710036 
0.38483281549526 
0.2220402016120111 
0.4201823633576671 
0.3511100242299957 
0.2011102033649236 
0.3905005572692771 
0.3182089018556196 
0.1806992590458553 
0.352123299481392 
0.2859651237851331 
0.161185171544147 
0.3048978757605476 
0.2540021113464812 
0.1425839918175542 
0.2709888857169146 
0.2227273116752913 
0.1237788316492191 
0.2410322176310446 
0.1938455052032305 
0.1063200322341971 
0.2257036949130871 
0.1668027308706747 
0.08976377551885646 
0.2019712224225412 
0.1416834971003517 
0.07440183721709506 
0.1626420145023551 
0.1166125493280552 
0.06082260681998836 
0.1251846070111674 
0.0924947829017622 
0.04757638879327536 
0.09351455220546771 
0.07134287328633498 
0.03614711973220053 
0.07253267123478671 
0.05476645139767559 
0.02720907878285274 
0.05403136836672313 
0.039180515338546 
0.02018484150764653 
0.03825960425775174 
0.02581418366670363 
0.01536423430808131 
0.02617530851660894 
0.01655989946585105 
0.01182115084620155 
0.01816020637026079 
0.01106382602732106 
0.01021062031389289 
0.01079999954640001 
0.02481902275517382 
0.07110835777013484 
0.1029725814562585 
0.1157165319956442 
0.1201148157566146 
0.1181331455913351 
0.1115352379420638 
0.1026054246763902 
0.09292966613885736 
0.08343108552692323 
0.07440818011689197 
0.0662617358512909 
0.05459182535694029 
0.04533521798373373 
0.03740635032464446 
0.0305210061022185 
0.02428499947336886 
0.01916350868673287 
0.01525384303061751 
0.0126578478634757 
0.01145103215151011 
0.01098802319975669 
0.01086407646092089 
0.01080778331533203 
3.412192167199005 
1.730715770029789 
1.068104703232856 
0.4638278811880991 
2.346549158715824 
1.497515046735763 
0.9966300887401408 
0.9119396378413664 
1.035935719857239 
0.5031012368155648 
0.7288013237126 
1.325339975568181 
4.209687495171297 
1.920999706410864 
2.172098481619486 
3.04729480058888 
3.653886044638949 
3.904440422962466 
0.6303228615077449 
4.246378273204336 
7.315537622293618 
4.151448609626964 
2.216604467460017 
2.483906218561137 
1.160353654340853 
1.110548437987171 
0.9816499588527695 
0.420517204723509 
0.7126516196044841 
0.7946648659248773 
3.513805959125455 
4.619586627982703 
0.1549372381590629 
0.0999050234565476 
0.1643049602945923 
0.2875858943958591 
0.4720728858659228 
1.106106068632008 
1.053548161067716 
1.254531108843102 
1.00313873746836 
0.8714274789618122 
0.7228073492938278 
0.6876409073654451 
0.6027918586120881 
0.5485520998366712 
0.505728731648765 
0.4801697754985744 
0.4345003099269585 
0.401606935920474 
0.3699074761297858 
0.3001880086103317 
0.2833408072987706 
0.2388537810491402 
0.1962944550966431 
0.1734545004520351 
0.1192155515502027 
0.1126406443071862 
0.1510447110178176 
0.799220944046661 
0.9152374724692606 
0.5172650436955569 
0.7591465314397061 
0.9056953590893392 
0.7865217662386998 
0.7951323135875631 
0.8408413080814825 
0.659063891658168 
0.6583394830946963 
0.4795728197910017 
0.4822758614436625 
0.4705713283425269 
0.1751764922011757 
0.3579159288697782 
0.3198191717386248 
0.6819901747297056 
0.6433409413110667 
0.8722981497546282 
0.6284081535105093 
0.5836725478976917 
0.4930298391499217 
0.470710343684118 
0.1199856060101289 
0.114716991810896 
0.1492254805189032 
0.143364571517215 
0.09191981989245759 
2.368956163651235 
2.134470032078921 
0.8346318570133259 
2.348508461195808 
2.820025818065653 
0.7288063902432494 
0.8667094233278847 
1.445967017742051 
0.8440864752746381 
2.25988629961262 
1.672263646834066 
2.598747850199925 
3.216792218138021 
2.025834010983769 
2.299478559658122 
0.9234833107230472 
0.7735613797922819 
0.658498962457928 
1.780275344758517 
0.5215077793035767 
0.2952230797697201 
0.08404500292892261 
0.1608046466085265 
0.169641650647972 
0.4465168128892378 
0.4488285154592279 
0.5267366168313151 
0.4804213070306495 
0.3406461056548258 
0.2817476406338836 
0.4563735228519341 
0.5934957847857341 
0.5396622491908654 
0.4417394886969777 
0.6055007660395435 
0.6174224596942459 
0.205130420013318 
0.2922380767776232 
0.2076720102665285 
0.2188964005867165 
0.6271114271574912 
1.081510813510265 
0.8506359458285747 
0.8765843164929744 
3.64953015218091 
1.135414810739755 
2.384525015299802 
2.306662164152505 
2.302714663010015 
3.632392994857631 
2.068559196154217 
3.268557137934501 
4.197196558690284 
1.585217967997409 
3.14893496971367 
0.7684658430028413 
1.666196688246953 
2.002070694859836 
0.856384286032561 
0.08711947592155607 
0.9870812142151779 
1.053058480436304 
0.9220371975363701 
0.4095284389648364 
2.848729277615711 
1.739807858959463 
0.5372554643030553 
0.5387742121329766 
0.5691275258647234 
0.562784048663484 
0.3777888301431186 
0.6138424996827638 
0.5578588542776535 
0.3712246587651171 
0.3102872974213534 
0.3746111000674029 
0.2074828876965656 
2.98676549878124 
0.507658735127425 
2.576242846039993 
1.493965553625201 
2.173572112917922 
2.590358405406209 
2.827331677362122 
2.397403948749985 
1.270285787348303 
3.238293365577238 
1.802009312296388 
0.9226089493310857 
2.284039872444509 
2.302104113805502 
3.242190938098846 
1.935106783510632 
0.3060100380546149 
0.315425847758554 
0.4824475195623778 
0.4737419048302977 
0.4828831472966507 
3.707426894423857 
3.314685443918585 
0.7069384891829753 
0.9189149170749815 
0.5343174651572169 
0.3363680536349625 
0.4071810655839389 
2.483372798803384 
1.67824161300949 
2.794122444819827 
2.049327647364729 
1.271249914122676 
0.5776202714250722 
0.8878499371869766 
2.840253824168867 
0.408766585727483 
0.1784920009035628 
1.942916792803987 
3.127359770050558 
0.2183170116105692 
0.3215048632876255 
4.105214128487209 
1.285710589340614 
2.239594364303794 
0.2730197277240969 
3.064841321327054 
0.3341365680914603 
0.8731391523488706 
0.3046364343471051 
1.75692748463718 
1.215151201842436 
2.59381524497921 
2.746661024830828 
0.3653374752432594 
0.2765965512497724 
0.2718839256954114 
0.880451762387694 
0.7383393180392367 
0.6818582009390678 
1.928800646158416 
0.803337148888318 
0.53640027121755 
1.627208144571589 
2.950104379994047 
1.886560959971979 
0.6786035560751601 
0.5190657135543447 
6.893887230838863 
1.694680766506157 
1.259953410376582 
1.565898823707797 
0.7738628558591781 
1.307106295299512 
3.876002663610296 
1.226034407058373 
0.3451882789282577 
1.013585337622968 
0.5814448219428313 
0.8656257958965758 
0.9525798245192152 
0.8145820216300378 
3.023204451049013 
0.4450516455474796 
0.9349498975086851 
0.6753696587134831 
0.7304400920974986 
0.6843011401109503 
0.648739789757247 
1.229136172922569 
3.488727783331914 
2.376871003352583 
2.593401213532776 
2.714475928056467 
1.715436718512544 
1.792145916488031 
2.196266120035087 
2.099202624607563 
2.731581072750296 
0.6044794833099069 
0.9130997659667542 
0.6412472550146738 
0.4535994254563495 
0.4447805930228521 
0.3279782040325567 
0.8436547992197105 
1.039134316320216 
6.549260290253363 
2.682426462367364 
0.588674225750783 
0.6118773510054263 
0.4302817112307034 
1.431168968520472 
0.5174249050806666 
0.7966498049137768 
1.235389097043028 
1.094634169309099 
2.09050753773226 
5.999957798828097 
4.826593464778515 
2.117370549768412 
1.184202050342934 
2.88182922567009 
2.080109248623722 
6.55813273938755 
0.2647975853534664 
0.4205077609732151 
0.7303727097321012 
0.7323430751467472 
0.4506790488806098 
0.5050722287145029 
0.3067223270292239 
0.5048229351323852 
2.064055782648787 
0.88219010399333 
0.8719947290393826 
0.3954742742548255 
1.748082501524819 
3.736086508038106 
1.676848985029735 
2.44196780719056 
1.352778562636923 
2.044746225057914 
4.562896932969125 
0.4551424331149226 
2.127415147842859 
3.107739388572254 
0.462078968927063 
4.184770471324296 
0.6555863727456217 
0.9871025018724309 
0.716456306147192 
1.98015127715028 
1.518930714352043 
2.352683344431937 
0.4526232518737974 
1.016584699180552 
0.9196071860139398 
2.069974794198527 
0.3188113899243789 
3.229523437872654 
1.59785435566934 
2.621113305212886 
0.8223401683704123 
2.297428366606182 
0.849275754901057 
0.4204562512461525 
0.3928861793407076 
2.812916011870107 
2.49482345012911 
1.697126783056662 
5.80057966163122 
0.9504647823094297 
1.749728279539626 
4.077750943666891 
3.938789899057567 
0.7033005427737706 
1.196729493130904 
0.5482537445638269 
3.760165806017227 
2.199699458280332 
3.804428823610325 
5.873748776347831 
2.059360381553535 
1.553499820237181 
1.147783960054302 
6.599197346545774 
1.00081795950381 
1.47681713392486 
4.002768062848966 
3.940388173535893 
0.9623073474832947 
7.009468978472869 
6.828031579423295 
0.9564176254462949 
1.127657958210024 
2.854855890046919 
0.8873805775434379 
1.414024809359832 
2.281087257832605 
0.8595272355130766 
0.9242507296066903 
0.827251946778143 
1.046124248392206 
0.2045725831507308 
0.5868321429770684 
0.7294067716926267 
0.6542624271946882 
0.6586878090059747 
0.5739510545012606 
1.037085758066169 
0.6521975977048976 
1.648490260994755 
1.079697144164517 
1.331146134796947 
2.284145638260288 
2.11958434987225 
0.3614369907731643 
0.7766637220306759 
1.319770103373559 
1.419858800601531 
0.939951346369496 
1.163550000577087 
1.909792221465164 
0.8446621315116112 
0.1120732572446224 
0.2044124377607088 
0.08996936527323558 
0.1178875640711347 
0.1077366657019763 
0.1008024247036299 
0.1195382498666117 
0.2721639027714378 
0.3109471961917251 
0.2731199577217215 
0.2944816585492742 
0.122323675509588 
0.3807335298068671 
0.4239965043110923 
0.4612112525033221 
0.5097412134410899 
0.6794605242356148 
0.7802122123033077 
0.8605849587786815 
1.270910422120533 
0.5184052343000234 
0.8822054064270952 
0.9481401233253834 
0.2766003843047951 
0.373360150105374 
0.1364671391469602 
5.829375217202324 
3.577426434180206 
2.207593101285014 
3.18855725820871 
3.596106261189253 
0.6636614436034678 
1.150111312043419 
0.6559663025976873 
0.3842197629920409 
0.293553972559767 
0.3098539781458972 
0.8561766443299048 
3.786217651695905 
0.5752170602128348 
0.568428625664695 
0.8313155391511907 
0.5554890918297197 
5.487203678397683 
6.791231251278491 
1.000777306425834 
2.896253136917861 
3.766582250545279 
3.543961727935513 
2.600685854582937 
2.174117944171911 
1.155529080007514 
0.5982675135333078 
0.5745375438511146 
0.6757885721470409 
1.060982621963922 
2.176789087100544 
1.120916251938829 
1.265011518375373 
0.9821088557429274 
0.8471721546054746 
1.032722174215729 
1.126436551193962 
0.996222559658651 
1.137568205616076 
1.680648176203729 
1.992216678538016 
0.3280850595890956 
0.3004121985973853 
0.3771478171149871 
0.4354911091658087 
0.5837006442773911 
1.062745640768376 
0.9015267740942701 
1.052146922307347 
1.066980956541538 
0.4551240827657141 
0.8336665083307603 
0.9010377220208153 
0.09555583819794541 
0.3009095081149705 
0.2811024800686177 
0.2988276334811922 
0.2738793496295948 
0.1122607751445308 
0.07735794306883845 
3.094102388816033 
2.380632201453803 
1.270531338066879 
1.55697654734174 
0.705621313896038 
1.664635969365558 
3.559428559283529 
3.110865596252968 
3.584663336350411 
1.179558438844037 
3.347333495724718 
1.725732286706065 
3.057895981788632 
0.4328247572003038 
0.9237589807773166 
0.5631765728093838 
1.111374225811603 
2.727110394787371 
0.9538385266401527 
0.9528127299979665 
0.9668335767013446 
3.357726708392731 
0.8326145631812282 
2.605372022484375 
0.1854710170579061 
0.1400831411629586 
0.3387810397203918 
0.3692624780177718 
0.2420482301513726 
0.7678298881964755 
0.497904687832099 
0.9148142642879462 
0.7417502575974023 
0.8164902575015093 
0.3547921657215138 
0.9359537009008266 
0.3246361466468159 
0.3160719581911384 
0.3325643729654367 
0.1441759029746826 
0.3791181055420388 
0.9950005313694075 
0.68922755920061 
0.8150624471844653 
2.252973993679707 
2.384076344464304 
2.76066777006716 
2.78546182784816 
3.475060095497593 
2.165505475914317 
1.934719577879685 
1.980684493963447 
0.7315219750607708 
1.687234236384968 
2.692735564202613 
2.306510433064094 
1.533996330983575 
1.096745873928527 
1.271445112551306 
0.1044383993646107 
0.3633963009741353 
0.9874802541841947 
0.5417868385291424 
0.8484622858614379 
0.886865357893456 
1.3781901905879 
1.168976042024455 
0.5060598635144181 
0.2337104254033951 
0.2456029685682375 
0.6431158727205241 
0.6640555514019691 
0.8758679543957373 
0.6030290191546462 
0.7269521163958584 
0.5631644350923024 
0.8161206719745208 
0.3123019576351094 
0.2114056795367965 
0.1521959147064275 
2.772252793512163 
0.7756602288575865 
2.41962044751777 
2.141519719012294 
1.949236530537098 
2.141305931758867 
2.45901483883828 
1.7900913866718 
2.314974645001912 
1.152385573486074 
2.226918211663055 
1.531374776656143 
1.071228143514765 
0.4654329693162781 
1.724471514724704 
0.2779567013698424 
0.2568539799424737 
0.09384826348722679 
0.6575369542544677 
0.1862569157615357 
4.089760715288691 
2.341290532269339 
1.249518588852496 
1.337735295481474 
0.8973783835105231 
0.7230525941124638 
0.1927663147873104 
0.2883517837679949 
0.4921524525709659 
0.7500151847369342 
0.4933158392578024 
3.697844786709816 
2.966858468246488 
1.996821041890794 
0.9412247700295571 
0.9845828296530358 
0.4321812951173468 
0.238251463163492 
0.2374425550710673 
0.5151272306614114 
0.81786107062152 
1.29437093409428 
1.685755773612683 
1.963433054647736 
1.002093724982682 
0.203709310281408 
0.4311439506601396 
0.3723871041535006 
3.210111143913126 
0.2368833097490656 
0.2312504325228748 
0.7082635967784829 
0.3145868652501478 
0.1633819308076082 
0.6574042884968408 
0.6046450793617913 
2.287142582967262 
1.40060917361251 
0.7374936774491859 
0.4276331352636217 
0.6368029083538065 
0.7208147495173274 
1.109268518863411 
1.655804189901976 
3.737358412624301 
1.07599423247814 
0.4147805993015924 
0.1901215126436887 
0.3325421023907607 
0.2435995568335982 
0.7270170230111819 
0.4588133144379091 
2.842540535276192 
1.083104267728593 
0.8222941253501328 
0.4093024651803918 
3.957156144309613 
2.24720148691663 
2.088621791863998 
3.844202236886591 
5.619863625102665 
0.1997196377052102 
0.2396948442696434 
0.6357867067206666 
0.5945905758650647 
0.7314363331437506 
3.909592599196503 
0.9296586710905675 
0.5345515476648609 
0.342112416133142 
0.62918205212064 
0.3602810482221858 
2.562976869610321 
0.9202638077285652 
2.255138265216504 
6.777058832819959 
4.817840172705149 
1.335573276369997 
0.1298908075349156 
2.243364173837506 
1.927320611158815 
0.8101928111497473 
2.200896326675418 
2.203348480715055 
1.539046173245607 
0.7795823111339254 
0.3592292787623391 
0.4577822966269324 
0.5164049032422418 
0.9489206474790166 
0.423577340477212 
0.4402238693498407 
0.52952233143283 
0.6406584857571261 
0.9177303719922963 
6.753350829423967 
1.33186423740975 
1.362766427927133 
0.8742083993104716 
3.64683401213919 
1.813982395297403 
0.1380905789817537 
0.3401052790860003 
0.9269010134843937 
4.933978342769009 
0.8154488747942265 
1.750472492807384 
0.3216458282777174 
0.9009932739726904 
0.991946578370359 
4.730449715878692 
4.211099746959754 
0.3194199168839287 
3.168824857212331 
3.471113290310625 
2.85907129168134 
0.3352366213900635 
0.3913638531971458 
0.6240374650551741 
4.334244769837754 
2.63738016005828 
8.816466358351414 
0.274918386553512 
4.61070340082803 
1.864348588985393 
0.8900742069003391 
1.88122036662365 
1.483136281158241 
1.102171399491883 
1.483935170335201 
4.682162536915641 
0.9035058110653696 
4.596451004666507 
3.882310987352051 
0.2737019019122508 
0.3047926922916671 
0.7100248096358777 
2.677550404581872 
8.52879700353707 
0.2911509960646044 
4.77125834380533 
2.841819232535226 
5.746425578101156 
5.216654988355418 
3.523881074436131 
2.621922118974569 
0.2374735838616312 
0.64352783362401 
1.085076363457843 
0.2182048480877267 
8.026223171899591 
0.8160652431027212 
4.037042803099256 
4.584204416205701 
0.3315031770751308 
2.987403026615663 
4.71275586692864 
1.243163187204493 
8.939451504260607 
3.261376061311251 
2.342582670146911 
1.24557726058249 
1.017047088364564 
7.829707410753132 
3.766923592005092 
4.865101073293792 
0.8520771454466429 
1.011344572762965 
6.629121738540247 
7.618644303229344 
2.394016296986145 
0.8355972935566188 
0.09818486080695153 
0.4378491672369597 
0.2981132575625147 
0.6442128518591665 
0.5226679747582194 
1.733405145799743 
2.168660202998165 
1.759291266123618 
0.6901338203516446 
3.257362205728075 
0.1762544553006205 
3.339453836018805 
3.128473924548045 
0.891845889648587 
0.2719845703738828 
0.409746866811496 
0.2657779167568123 
2.01011966722806 
1.310256858462448 
0.3438238934478906 
</DataArray>
</CellData>
</Piece>
</UnstructuredGrid>
</VTKFile>
