<?xml version="1.0"?>
<VTKFile type="UnstructuredGrid" version="0.1" byte_order="LittleEndian">
<UnstructuredGrid>
<Piece NumberOfPoints="1157" NumberOfCells="1117">
<Points>
<DataArray type="Float64" NumberOfComponents="3" format="ascii">
0 -0.0599999987 0
0.0198084321 -0.0599999987 0
0.0396168642 -0.0599999987 0
0.0594252981 -0.0599999987 0
0.0792337283 -0.0599999987 0
0.0990421623 -0.0599999987 0
0 -0.043333333 0
0.0198084321 -0.0432380959 0
0.0396168642 -0.0431428589 0
0.0594252981 -0.0430476181 0
0.0792337283 -0.0429523811 0
0.0990421623 -0.042857144 0
0 -0.0266666673 0
0.0198084321 -0.0264761914 0
0.0396168642 -0.0262857135 0
0.0594252981 -0.0260952376 0
0.0792337283 -0.0259047616 0
0.0990421623 -0.0257142857 0
0 -0.009999999779999999 0
0.0198084321 -0.00971428584 0
0.0396168642 -0.00942857098 0
0.0594252981 -0.009142857040000001 0
0.0792337283 -0.00885714311 0
0.0990421623 -0.008571428250000001 0
0 0.009999999779999999 0
0.0198084321 0.00971428584 0
0.0396168642 0.00942857098 0
0.0594252981 0.009142857040000001 0
0.0792337283 0.00885714311 0
0.0990421623 0.008571428250000001 0
0 0.0266666673 0
0.0198084321 0.0264761914 0
0.0396168642 0.0262857135 0
0.0594252981 0.0260952376 0
0.0792337283 0.0259047616 0
0.0990421623 0.0257142857 0
0 0.043333333 0
0.0198084321 0.0432380959 0
0.0396168642 0.0431428589 0
0.0594252981 0.0430476181 0
0.0792337283 0.0429523811 0
0.0990421623 0.042857144 0
0 0.0599999987 0
0.0198084321 0.0599999987 0
0.0396168642 0.0599999987 0
0.0594252981 0.0599999987 0
0.0792337283 0.0599999987 0
0.0990421623 0.0599999987 0
0.5 0.008571428250000001 0
0.5 0.0257142857 0
0.5 0.042857144 0
0.479952097 0.0599999987 0
0.459904224 0.0599999987 0
0.439856321 0.0599999987 0
0.419808447 0.0599999987 0
0.399760544 0.0599999987 0
0.379712641 0.0599999987 0
0.359664768 0.0599999987 0
0.339616865 0.0599999987 0
0.319568962 0.0599999987 0
0.299521089 0.0599999987 0
0.279473186 0.0599999987 0
0.259425282 0.0599999987 0
0.239377409 0.0599999987 0
0.219329506 0.0599999987 0
0.199281618 0.0599999987 0
0.17923373 0.0599999987 0
0.159185842 0.0599999987 0
0.139137954 0.0599999987 0
0.11909005 0.0599999987 0
0.5 0.0599999987 0
0.439856321 -0.0599999987 0
0.5 -0.008571428250000001 0
0.5 -0.0257142857 0
0.419808418 -0.0599999987 0
0.5 -0.0599999987 0
0.17923373 -0.0599999987 0
0.299521089 -0.0599999987 0
0.5 -0.042857144 0
0.479952097 -0.0599999987 0
0.459904224 -0.0599999987 0
0.319568962 -0.0599999987 0
0.199281618 -0.0599999987 0
0.11909005 -0.0599999987 0
0.139137939 -0.0599999987 0
0.159185842 -0.0599999987 0
0.219329506 -0.0599999987 0
0.239377409 -0.0599999987 0
0.259425282 -0.0599999987 0
0.279473186 -0.0599999987 0
0.339616865 -0.0599999987 0
0.359664768 -0.0599999987 0
0.379712641 -0.0599999987 0
0.399760544 -0.0599999987 0
0.11909005 0.042857144 0
0.11909005 0.0257142857 0
0.11909005 0.008571428250000001 0
0.11909005 -0.008571428250000001 0
0.11909005 -0.0257142857 0
0.11909005 -0.042857144 0
0.139137954 0.042857144 0
0.139137939 0.0257142857 0
0.139137939 0.008571428250000001 0
0.139137939 -0.008571428250000001 0
0.139137939 -0.0257142857 0
0.139137939 -0.042857144 0
0.159185842 0.042857144 0
0.159185842 0.0257142857 0
0.159185842 0.008571428250000001 0
0.159185842 -0.008571428250000001 0
0.159185842 -0.0257142857 0
0.159185842 -0.042857144 0
0.17923373 0.042857144 0
0.17923373 0.0257142857 0
0.17923373 0.008571428250000001 0
0.17923373 -0.008571428250000001 0
0.17923373 -0.0257142857 0
0.17923373 -0.042857144 0
0.199281618 0.042857144 0
0.199281618 0.0257142857 0
0.199281618 0.008571428250000001 0
0.199281618 -0.008571428250000001 0
0.199281618 -0.0257142857 0
0.199281618 -0.042857144 0
0.219329506 0.042857144 0
0.219329506 0.0257142857 0
0.219329506 0.008571428250000001 0
0.219329506 -0.008571428250000001 0
0.219329506 -0.0257142857 0
0.219329506 -0.042857144 0
0.239377409 0.042857144 0
0.239377409 0.0257142857 0
0.239377409 0.008571428250000001 0
0.239377409 -0.008571428250000001 0
0.239377409 -0.0257142857 0
0.239377409 -0.042857144 0
0.259425282 0.042857144 0
0.259425282 0.0257142857 0
0.259425282 0.008571428250000001 0
0.259425282 -0.008571428250000001 0
0.259425282 -0.0257142857 0
0.259425282 -0.042857144 0
0.279473186 0.042857144 0
0.279473186 0.0257142857 0
0.279473186 0.008571428250000001 0
0.279473186 -0.008571428250000001 0
0.279473186 -0.0257142857 0
0.279473186 -0.042857144 0
0.299521089 0.042857144 0
0.299521089 0.0257142857 0
0.299521089 0.008571428250000001 0
0.299521089 -0.008571428250000001 0
0.299521089 -0.0257142857 0
0.299521089 -0.042857144 0
0.319568962 0.042857144 0
0.319568962 0.0257142857 0
0.319568962 0.008571428250000001 0
0.319568962 -0.008571428250000001 0
0.319568962 -0.0257142857 0
0.319568962 -0.042857144 0
0.339616865 0.042857144 0
0.339616865 0.0257142857 0
0.339616865 0.008571428250000001 0
0.339616865 -0.008571428250000001 0
0.339616865 -0.0257142857 0
0.339616865 -0.042857144 0
0.359664768 0.042857144 0
0.359664768 0.0257142857 0
0.359664768 0.008571428250000001 0
0.359664768 -0.008571428250000001 0
0.359664768 -0.0257142857 0
0.359664768 -0.042857144 0
0.379712641 0.042857144 0
0.379712641 0.0257142857 0
0.379712641 0.008571428250000001 0
0.379712641 -0.008571428250000001 0
0.379712641 -0.0257142857 0
0.379712641 -0.042857144 0
0.399760544 0.042857144 0
0.399760544 0.0257142857 0
0.399760544 0.008571428250000001 0
0.399760544 -0.008571428250000001 0
0.399760544 -0.0257142857 0
0.399760544 -0.042857144 0
0.419808418 0.042857144 0
0.419808418 0.0257142857 0
0.419808418 0.008571428250000001 0
0.419808418 -0.008571428250000001 0
0.419808418 -0.0257142857 0
0.419808418 -0.042857144 0
0.439856321 0.042857144 0
0.439856321 0.0257142857 0
0.439856321 0.008571428250000001 0
0.439856321 -0.008571428250000001 0
0.439856321 -0.0257142857 0
0.439856321 -0.042857144 0
0.459904224 0.042857144 0
0.459904224 0.0257142857 0
0.459904224 0.008571428250000001 0
0.459904224 -0.008571428250000001 0
0.459904224 -0.0257142857 0
0.459904224 -0.042857144 0
0.479952097 0.042857144 0
0.479952097 0.0257142857 0
0.479952097 0.008571428250000001 0
0.479952097 -0.008571428250000001 0
0.479952097 -0.0257142857 0
0.479952097 -0.042857144 0
-0.400000006 0.009999999779999999 0
-0.379999995 0.009999999779999999 0
-0.360000014 0.009999999779999999 0
-0.340000004 0.009999999779999999 0
-0.319999993 0.009999999779999999 0
-0.300000012 0.009999999779999999 0
-0.280000001 0.009999999779999999 0
-0.25999999 0.009999999779999999 0
-0.239999995 0.009999999779999999 0
-0.219999999 0.009999999779999999 0
-0.200000003 0.009999999779999999 0
-0.180000007 0.009999999779999999 0
-0.159999996 0.009999999779999999 0
-0.140000001 0.009999999779999999 0
-0.119999997 0.009999999779999999 0
-0.100000001 0.009999999779999999 0
-0.07999999820000001 0.009999999779999999 0
-0.0599999987 0.009999999779999999 0
-0.0399999991 0.009999999779999999 0
-0.0199999996 0.009999999779999999 0
-0.0199999996 -0.009999999779999999 0
-0.0399999991 -0.009999999779999999 0
-0.0599999987 -0.009999999779999999 0
-0.07999999820000001 -0.009999999779999999 0
-0.100000001 -0.009999999779999999 0
-0.119999997 -0.009999999779999999 0
-0.140000001 -0.009999999779999999 0
-0.159999996 -0.009999999779999999 0
-0.180000007 -0.009999999779999999 0
-0.200000003 -0.009999999779999999 0
-0.219999999 -0.009999999779999999 0
-0.239999995 -0.009999999779999999 0
-0.25999999 -0.009999999779999999 0
-0.280000001 -0.009999999779999999 0
-0.300000012 -0.009999999779999999 0
-0.319999993 -0.009999999779999999 0
-0.340000004 -0.009999999779999999 0
-0.360000014 -0.009999999779999999 0
-0.379999995 -0.009999999779999999 0
-0.400000006 -0.009999999779999999 0
-0.419999987 -0.009999999779999999 0
-0.439999998 -0.009999999779999999 0
-0.460000008 -0.009999999779999999 0
-0.479999989 -0.009999999779999999 0
-0.5 -0.0266666673 0
-0.5 -0.043333333 0
-0.479999989 -0.0599999987 0
-0.460000008 -0.0599999987 0
-0.439999998 -0.0599999987 0
-0.419999987 -0.0599999987 0
-0.400000006 -0.0599999987 0
-0.379999995 -0.0599999987 0
-0.360000014 -0.0599999987 0
-0.340000004 -0.0599999987 0
-0.319999993 -0.0599999987 0
-0.300000012 -0.0599999987 0
-0.280000001 -0.0599999987 0
-0.25999999 -0.0599999987 0
-0.239999995 -0.0599999987 0
-0.219999999 -0.0599999987 0
-0.200000003 -0.0599999987 0
-0.180000007 -0.0599999987 0
-0.159999996 -0.0599999987 0
-0.140000001 -0.0599999987 0
-0.119999997 -0.0599999987 0
-0.100000001 -0.0599999987 0
-0.07999999820000001 -0.0599999987 0
-0.0599999987 -0.0599999987 0
-0.0399999991 -0.0599999987 0
-0.0199999996 -0.0599999987 0
-0.100000001 0.0599999987 0
-0.5 0.0599999987 0
-0.5 0.009999999779999999 0
-0.5 -0.009999999779999999 0
-0.140000001 0.0599999987 0
-0.0199999996 0.0599999987 0
-0.400000006 0.0599999987 0
-0.5 -0.0599999987 0
-0.200000003 0.0599999987 0
-0.25999999 0.0599999987 0
-0.340000004 0.0599999987 0
-0.119999997 0.0599999987 0
-0.379999995 0.0599999987 0
-0.360000014 0.0599999987 0
-0.0399999991 0.0599999987 0
-0.280000001 0.0599999987 0
-0.219999999 0.0599999987 0
-0.239999995 0.0599999987 0
-0.0599999987 0.0599999987 0
-0.180000007 0.0599999987 0
-0.300000012 0.0599999987 0
-0.319999993 0.0599999987 0
-0.07999999820000001 0.0599999987 0
-0.159999996 0.0599999987 0
-0.419999987 0.0599999987 0
-0.439999998 0.0599999987 0
-0.460000008 0.0599999987 0
-0.479999989 0.0599999987 0
-0.5 0.043333333 0
-0.5 0.0266666673 0
-0.479999989 0.009999999779999999 0
-0.460000008 0.009999999779999999 0
-0.439999998 0.009999999779999999 0
-0.419999987 0.009999999779999999 0
-0.0199999996 0.0266666673 0
-0.0199999996 0.043333333 0
-0.0399999991 0.0266666673 0
-0.0399999991 0.043333333 0
-0.0599999987 0.0266666673 0
-0.0599999987 0.043333333 0
-0.07999999820000001 0.0266666673 0
-0.07999999820000001 0.043333333 0
-0.100000001 0.0266666673 0
-0.100000001 0.043333333 0
-0.119999997 0.0266666673 0
-0.119999997 0.043333333 0
-0.140000001 0.0266666673 0
-0.140000001 0.043333333 0
-0.159999996 0.0266666673 0
-0.159999996 0.043333333 0
-0.180000007 0.0266666673 0
-0.180000007 0.043333333 0
-0.200000003 0.0266666673 0
-0.200000003 0.043333333 0
-0.219999999 0.0266666673 0
-0.219999999 0.043333333 0
-0.239999995 0.0266666673 0
-0.239999995 0.043333333 0
-0.25999999 0.0266666673 0
-0.25999999 0.043333333 0
-0.280000001 0.0266666673 0
-0.280000001 0.043333333 0
-0.300000012 0.0266666673 0
-0.300000012 0.043333333 0
-0.319999993 0.0266666673 0
-0.319999993 0.043333333 0
-0.340000004 0.0266666673 0
-0.340000004 0.043333333 0
-0.360000014 0.0266666673 0
-0.360000014 0.043333333 0
-0.379999995 0.0266666673 0
-0.379999995 0.043333333 0
-0.400000006 0.0266666673 0
-0.400000006 0.043333333 0
-0.419999987 0.0266666673 0
-0.419999987 0.043333333 0
-0.439999998 0.0266666673 0
-0.439999998 0.043333333 0
-0.460000008 0.0266666673 0
-0.460000008 0.043333333 0
-0.479999989 0.0266666673 0
-0.479999989 0.043333333 0
-0.0199999996 -0.043333333 0
-0.0199999996 -0.0266666673 0
-0.0399999991 -0.043333333 0
-0.0399999991 -0.0266666673 0
-0.0599999987 -0.043333333 0
-0.0599999987 -0.0266666673 0
-0.07999999820000001 -0.043333333 0
-0.07999999820000001 -0.0266666673 0
-0.100000001 -0.043333333 0
-0.100000001 -0.0266666673 0
-0.119999997 -0.043333333 0
-0.119999997 -0.0266666673 0
-0.140000001 -0.043333333 0
-0.140000001 -0.0266666673 0
-0.159999996 -0.043333333 0
-0.159999996 -0.0266666673 0
-0.180000007 -0.043333333 0
-0.180000007 -0.0266666673 0
-0.200000003 -0.043333333 0
-0.200000003 -0.0266666673 0
-0.219999999 -0.043333333 0
-0.219999999 -0.0266666673 0
-0.239999995 -0.043333333 0
-0.239999995 -0.0266666673 0
-0.25999999 -0.043333333 0
-0.25999999 -0.0266666673 0
-0.280000001 -0.043333333 0
-0.280000001 -0.0266666673 0
-0.300000012 -0.043333333 0
-0.300000012 -0.0266666673 0
-0.319999993 -0.043333333 0
-0.319999993 -0.0266666673 0
-0.340000004 -0.043333333 0
-0.340000004 -0.0266666673 0
-0.360000014 -0.043333333 0
-0.360000014 -0.0266666673 0
-0.379999995 -0.043333333 0
-0.379999995 -0.0266666673 0
-0.400000006 -0.043333333 0
-0.400000006 -0.0266666673 0
-0.419999987 -0.043333333 0
-0.419999987 -0.0266666673 0
-0.439999998 -0.043333333 0
-0.439999998 -0.0266666673 0
-0.460000008 -0.043333333 0
-0.460000008 -0.0266666673 0
-0.479999989 -0.043333333 0
-0.479999989 -0.0266666673 0
0.5 0.280000001 0
0.5 0.324000001 0
0.5 0.368000001 0
0.5 0.412 0
0.5 0.456 0
0.423076928 0.5 0
0.346153855 0.5 0
0.269230783 0.5 0
0.192307696 0.5 0
0.115384616 0.5 0
0.0384615399 0.5 0
-0.0384615399 0.5 0
-0.115384616 0.5 0
-0.192307696 0.5 0
-0.269230783 0.5 0
-0.346153855 0.5 0
-0.423076928 0.5 0
-0.5 0.451111108 0
-0.5 0.402222216 0
-0.5 0.353333324 0
-0.5 0.304444432 0
-0.5 0.25555557 0
-0.5 0.206666663 0
-0.5 0.157777771 0
-0.5 0.108888887 0
-0.5 0.5 0
0.5 0.104000002 0
0.5 0.5 0
0.5 0.148000002 0
0.5 0.192000002 0
0.5 0.236000001 0
0.0609144196 0.0817342326 0
0.0213773996 0.0810065791 0
0.00164963992 0.0806389153 0
0.0410537161 0.08140170569999999 0
0.0807928815 0.0816697404 0
-0.11636588 0.08086209 0
-0.155379474 0.08188256620000001 0
-0.195952147 0.0835963339 0
-0.216464236 0.0839877948 0
-0.236886531 0.08373397589999999 0
-0.25717181 0.0831861421 0
-0.0375812575 0.08077736200000001 0
-0.0571756735 0.0809583366 0
-0.07703223820000001 0.08103158320000001 0
-0.018060958 0.0806019977 0
-0.0969315991 0.0810548067 0
-0.135710105 0.0813468769 0
-0.17564556 0.0829808787 0
-0.277441889 0.0833770484 0
-0.297976643 0.0844593644 0
-0.337742865 0.0814660415 0
-0.357280463 0.08131340149999999 0
-0.395812064 0.0801450759 0
-0.431601644 0.0846370831 0
-0.449032396 0.0927124023 0
0.241154492 0.0802461654 0
0.201377258 0.0838236138 0
0.180563569 0.0829863772 0
0.160152987 0.0818641707 0
0.13998118 0.0809370205 0
0.100271612 0.0811994374 0
0.119869255 0.08062074330000001 0
0.373670965 0.07992801820000001 0
0.324530095 0.0833030716 0
0.281531155 0.08239974830000001 0
0.260980189 0.0810246468 0
0.22172907 0.0833596513 0
0.0419940539 0.10293632 0
0.0224408731 0.101743817 0
0.00314544118 0.100968696 0
0.0619302429 0.10367021 0
-0.0159631986 0.101458415 0
0.08237209920000001 0.103876717 0
-0.318290144 0.08418776090000001 0
-0.414466918 0.0801854879 0
-0.376616716 0.08122970910000001 0
-0.235601157 0.107684493 0
-0.214288786 0.108600825 0
-0.255871743 0.10540323 0
-0.0541822873 0.103133552 0
-0.131315932 0.104231022 0
-0.074047327 0.103388585 0
-0.112915099 0.104204893 0
-0.150728151 0.104886316 0
-0.0939841419 0.103821017 0
-0.171428666 0.106402844 0
-0.192837894 0.107991748 0
-0.275017977 0.104476884 0
-0.35379228 0.103946522 0
-0.433073252 0.110083312 0
-0.295674562 0.108139448 0
-0.0348416194 0.102517344 0
0.415305704 0.08237869289999999 0
0.359606773 0.07313796879999999 0
0.302707136 0.083627373 0
0.159252465 0.103709936 0
0.179841861 0.106472507 0
0.139538869 0.1013356 0
0.22791867 0.111114562 0
0.243271112 0.0979152769 0
0.394325763 0.08282602579999999 0
0.201971233 0.109258376 0
0.120320998 0.10044767 0
0.435215741 0.08225522189999999 0
0.259965211 0.10267438 0
0.329683661 0.107562989 0
0.474004507 0.0924669281 0
0.10174416 0.103126459 0
-0.468483716 0.110260278 0
-0.3943865 0.102075562 0
0.442493409 0.110294618 0
0.0621701814 0.126179203 0
0.0225422326 0.122126617 0
0.0418764055 0.12501201 0
0.00457998784 0.120126426 0
0.0835043266 0.12639606 0
-0.0129794497 0.122236557 0
-0.147280753 0.128402263 0
-0.213780656 0.134415403 0
-0.127986699 0.131244153 0
-0.167973459 0.129917011 0
-0.050670296 0.126652241 0
-0.07087001950000001 0.126821682 0
-0.09071145210000001 0.127626732 0
-0.190268174 0.132567599 0
-0.238525629 0.133869201 0
-0.273494035 0.120859079 0
-0.259225488 0.127459198 0
-0.287823677 0.129834697 0
0.106391847 0.128948033 0
-0.030988669 0.12521717 0
0.176051676 0.130309746 0
0.155358881 0.125951976 0
0.136383891 0.121375889 0
0.197837338 0.13508907 0
0.221228063 0.140195116 0
0.24643375 0.148225218 0
0.278431207 0.13069883 0
0.121331833 0.116863862 0
0.304693103 0.108170666 0
0.41313979 0.10605257 0
0.460590839 0.118400961 0
0.3594082 0.102554947 0
-0.32107237 0.11253228 0
-0.419543535 0.104857683 0
0.09811829029999999 0.159849972 0
0.0055290414 0.135468304 0
-0.272256285 0.147958145 0
0.213639542 0.167143762 0
-0.16421552 0.153452978 0
-0.0470549725 0.15146856 0
0.148239896 0.147893965 0
0.190186769 0.161729231 0
-0.0247382168 0.149399027 0
0.121496096 0.157260552 0
0.421064824 0.135523811 0
0.331904501 0.135500565 0
0.281374097 0.10639441 0
-0.403406292 0.127729908 0
-0.310004503 0.140224457 0
0.359246194 0.131814718 0
-0.372643173 0.130347505 0
-0.4354105 0.128464058 0
0.336629719 0.171858773 0
0.449453801 0.147653848 0
0.388494343 0.134514973 0
0.301465511 0.165098608 0
-0.346448064 0.12566866 0
-0.399034619 0.163094714 0
0.0394379087 0.149358913 0
0.27253148 0.157263905 0
-0.213087991 0.160163328 0
-0.247485504 0.166183531 0
-0.29579401 0.164818883 0
-0.0238127075 0.198093072 0
0.111787573 0.184981465 0
-0.100731499 0.16475822 0
-0.129909366 0.165031105 0
0.176729351 0.19246909 0
0.207438558 0.194471538 0
-0.07164825499999999 0.174688131 0
0.137555912 0.174095407 0
0.445077062 0.355614364 0
0.4540672 0.312721372 0
0.471876621 0.18936041 0
0.467166424 0.229818493 0
0.461504996 0.270973593 0
0.424467564 0.448932588 0
0.441845477 0.182664469 0
-0.324829191 0.179232806 0
0.0906601474 0.199683741 0
-0.207740158 0.18316175 0
-0.157712802 0.176730514 0
-0.278921545 0.189274922 0
0.0321525 0.177230626 0
0.245555773 0.214440852 0
-0.433855236 0.164075762 0
-0.366918921 0.159302726 0
0.291913986 0.195489585 0
-0.127964169 0.207778975 0
-0.0366133451 0.228911221 0
-0.100008652 0.206662506 0
0.179677323 0.226686761 0
0.122257464 0.208738238 0
0.146479711 0.202740476 0
0.434536189 0.401015729 0
0.398193419 0.336512506 0
0.424186647 0.257591337 0
0.43396154 0.220088616 0
0.412831038 0.296488136 0
0.369538605 0.193125933 0
-0.443918586 0.348807663 0
-0.435130209 0.398693502 0
-0.427496314 0.449492633 0
-0.452189833 0.300550848 0
-0.4590832 0.253552765 0
-0.357205957 0.190952316 0
0.279544592 0.225700334 0
0.104589514 0.213968039 0
-0.156489298 0.208392248 0
0.0224026144 0.217729628 0
0.212247699 0.248014852 0
-0.427817494 0.204839543 0
-0.234439731 0.195427537 0
0.323903114 0.207895994 0
0.0570687838 0.209155962 0
-0.391568303 0.199478686 0
-0.0962022617 0.246337354 0
-0.0230375547 0.256433278 0
0.184364036 0.258742362 0
0.124597915 0.237763807 0
0.376026452 0.277256101 0
0.38955155 0.242074385 0
0.359942079 0.312979162 0
0.378000379 0.380264699 0
-0.310198665 0.208065987 0
-0.372602284 0.387960404 0
-0.391070276 0.337650061 0
-0.464398772 0.207217991 0
-0.406558216 0.291264862 0
-0.182406142 0.205629736 0
0.475901842 0.151903644 0
0.401581109 0.207892701 0
-0.20234707 0.201936185 0
0.311389863 0.240205288 0
0.0997109637 0.235361338 0
-0.130189374 0.250119895 0
-0.380182773 0.237362921 0
0.0776065663 0.224026397 0
0.0415912047 0.235969722 0
0.356437773 0.225068003 0
0.00237123668 0.23785685 0
0.234924018 0.275154024 0
-0.0526191071 0.272373945 0
0.154033616 0.271343559 0
-0.16381526 0.245097548 0
0.327867359 0.289548635 0
0.343247354 0.258441687 0
-0.217780069 0.218593672 0
0.338168681 0.348227322 0
-0.343999118 0.224389404 0
-0.364733964 0.277306974 0
-0.344146281 0.319903255 0
0.269353002 0.254693568 0
0.0917307809 0.266476959 0
0.0217031389 0.261422962 0
-0.326631218 0.259382397 0
-0.133066654 0.30025813 0
-0.418796331 0.247499421 0
0.0644711778 0.253006309 0
-0.292130858 0.238324136 0
0.196372524 0.288258106 0
0.284591496 0.294490665 0
0.309394062 0.318163514 0
-0.303888261 0.296268225 0
-0.316326559 0.367387414 0
0.259190202 0.283179343 0
-0.212525114 0.264634311 0
-0.240297899 0.24214159 0
0.0789880231 0.303675681 0
0.0470647626 0.284426123 0
0.16370514 0.321180791 0
-0.00354623003 0.285852969 0
0.272422999 0.314563453 0
-0.269069314 0.269261181 0
0.30583939 0.378803372 0
0.221760422 0.304970533 0
-0.273979396 0.334394097 0
-0.0335755982 0.307707399 0
-0.23957935 0.298692495 0
0.0587245151 0.344805092 0
0.117237814 0.317083448 0
0.284336209 0.340413243 0
0.249890372 0.312829316 0
0.343847185 0.433378398 0
0.207801089 0.342838079 0
-0.274291515 0.426623851 0
0.0234502386 0.316493273 0
-0.08737619219999999 0.286369532 0
0.266001195 0.445831895 0
0.12272539 0.273716062 0
0.101134203 0.366993248 0
-0.234703615 0.369619191 0
0.147996157 0.380885184 0
-0.178461179 0.283813536 0
-0.203984484 0.323771179 0
-0.00658131344 0.34660095 0
-0.164417103 0.343546838 0
-0.0673920363 0.326083362 0
0.131059229 0.439091533 0
0.0761057213 0.423675179 0
0.200316936 0.392114729 0
0.029457761 0.387679994 0
-0.041373264 0.371180713 0
0.255755872 0.39359349 0
-0.129968509 0.398406595 0
0.248907045 0.349122852 0
0.195956767 0.446548343 0
-0.354339272 0.442943484 0
-0.193804756 0.443444848 0
-0.00892468356 0.424014986 0
-0.124071665 0.447903305 0
-0.183007032 0.391649544 0
-0.102894232 0.342963189 0
0.454051256 0.0865246058 0
0.477373928 0.124539249 0
-0.468024433 0.160724044 0
-0.0595881864 0.441332847 0
-0.08101215959999999 0.389415085 0
0.430654883 0.100503065 0
0.389429182 0.107357368 0
0.345321238 0.0801729336 0
-0.40980044 0.09662956 0
-0.338144869 0.0994073451 0
0.412171096 0.173297763 0
-0.132147774 0.361322463 0
0.382941902 0.164770678 0
-0.261872202 0.216164798 0
0.298553944 0.269673407 0
0.35991171 0.156175151 0
0.304619789 0.135348052 0
0.253422469 0.12404725 0
-0.374403059 0.104943611 0
-0.337032139 0.151434779 0
-0.109284967 0.131501675 0
-0.19354479 0.23484166 0
-0.06493017819999999 0.238962516 0
-0.0122938436 0.215621114 0
0.00691182632 0.197239071 0
0.0379151069 0.201571897 0
0.150936276 0.234486893 0
0.215393558 0.270183206 0
0.241323069 0.247472897 0
-0.0715796128 0.205469251 0
-0.0449168868 0.201832712 0
-0.015077455 0.176449656 0
0.00735802855 0.160683528 0
0.238734052 0.173370585 0
0.0684622079 0.179729119 0
0.210014313 0.22153379 0
0.169252723 0.153739303 0
0.263142437 0.184926003 0
-0.18295449 0.180039644 0
-0.0454696417 0.176156014 0
0.128362164 0.139589176 0
0.230636895 0.194044158 0
0.0191328265 0.142472118 0
0.0625149161 0.150935873 0
0.0812353119 0.146125689 0
-0.18740344 0.15683043 0
-0.147903278 0.149310306 0
-0.0862699524 0.148439452 0
-0.0688209161 0.151088551 0
-0.00671585044 0.142615706 0
0.161231548 0.173583657 0
0.5 -0.108888887 0
-0.5 -0.104000002 0
0.115384616 -0.5 0
0.346153855 -0.5 0
-0.5 -0.324000001 0
0.5 -0.304444432 0
-0.115384616 -0.5 0
0.0384615399 -0.5 0
0.269230783 -0.5 0
0.192307696 -0.5 0
-0.269230783 -0.5 0
0.5 -0.206666663 0
-0.5 -0.368000001 0
-0.5 -0.412 0
-0.5 -0.456 0
0.5 -0.451111108 0
-0.5 -0.5 0
0.5 -0.5 0
0.5 -0.402222216 0
-0.423076928 -0.5 0
-0.192307696 -0.5 0
-0.5 -0.148000002 0
-0.5 -0.192000002 0
-0.5 -0.236000001 0
-0.5 -0.280000001 0
-0.346153855 -0.5 0
0.5 -0.25555557 0
0.423076928 -0.5 0
-0.0384615399 -0.5 0
0.5 -0.157777771 0
0.5 -0.353333324 0
0.0772511885 -0.08056167509999999 0
0.0374877676 -0.0808010101 0
0.0176463742 -0.0810994208 0
0.0573830791 -0.0807405263 0
0.09732311959999999 -0.0806518868 0
-0.239483774 -0.0795809701 0
-0.219843984 -0.0792642012 0
-0.200446114 -0.07901526239999999 0
-0.181045815 -0.07884178310000001 0
-0.142179415 -0.0802084953 0
-0.102881968 -0.0817045122 0
-0.0223856941 -0.0814301819 0
-0.0627050027 -0.0818454996 0
-0.0425316021 -0.0818034559 0
-0.00224705855 -0.0814203545 0
-0.122754268 -0.081274122 0
-0.08287008849999999 -0.0820686147 0
-0.415999234 -0.07919201250000001 0
-0.381579161 -0.0748587102 0
-0.341950804 -0.08742288500000001 0
-0.319119245 -0.08530327679999999 0
-0.278412133 -0.08144206549999999 0
-0.258917481 -0.08033283049999999 0
-0.161435694 -0.0791214183 0
-0.472487122 -0.10505227 0
0.256461918 -0.08286640050000001 0
0.318938285 -0.08374304320000001 0
0.379224718 -0.0777013451 0
0.415607333 -0.0771136358 0
0.137026802 -0.0809221789 0
0.176194876 -0.0810839683 0
0.195934415 -0.0812368244 0
0.215941653 -0.0814755261 0
0.117289893 -0.08081298319999999 0
0.15661329 -0.081143111 0
0.236094043 -0.082149677 0
0.277177155 -0.0846093968 0
0.298077911 -0.0858106166 0
0.339882791 -0.0815737844 0
0.359948963 -0.0794832781 0
0.397859633 -0.076412484 0
0.432109773 -0.0828129873 0
0.448685735 -0.092795752 0
0.075753212 -0.101484895 0
0.0557561368 -0.102059513 0
0.0359173417 -0.102614924 0
0.0956945047 -0.101622269 0
0.0159939695 -0.10301619 0
0.11527735 -0.102301352 0
-0.397377491 -0.07783801849999999 0
-0.367144257 -0.088626951 0
-0.298090309 -0.0833709612 0
-0.200337872 -0.09863037619999999 0
-0.21885328 -0.09892425689999999 0
-0.18187283 -0.0977715552 0
-0.434422225 -0.0812884495 0
-0.106182195 -0.104892224 0
-0.0242696553 -0.103885174 0
-0.0446307808 -0.104614235 0
-0.08586321030000001 -0.105457388 0
-0.12644203 -0.10389293 0
-0.06511268019999999 -0.105166934 0
-0.145689055 -0.101519272 0
-0.163340643 -0.09789989139999999 0
-0.23776263 -0.099455364 0
-0.338522077 -0.115702689 0
-0.256322116 -0.10120821 0
-0.00407435466 -0.103709199 0
0.418813199 -0.0986522809 0
0.397742271 -0.0922142416 0
0.252526253 -0.1058909 0
0.212309584 -0.103968374 0
0.192341313 -0.104215957 0
0.273252606 -0.109232336 0
0.320911765 -0.107111856 0
0.34232372 -0.102683946 0
0.380523682 -0.09517564620000001 0
0.232309997 -0.104792736 0
0.172806621 -0.104274742 0
0.15369308 -0.103950769 0
0.297904164 -0.116075009 0
0.362232178 -0.09897334870000001 0
0.428666949 -0.112228334 0
0.134589821 -0.103278205 0
0.46945259 -0.110888988 0
-0.411913127 -0.0989815295 0
0.07460499549999999 -0.122705288 0
0.0345189869 -0.125521779 0
0.0545337796 -0.124148242 0
0.0147398924 -0.125232056 0
0.09377242619999999 -0.123138353 0
-0.00542884553 -0.127287924 0
-0.199170411 -0.119690679 0
-0.21721521 -0.119145781 0
-0.181177408 -0.116874449 0
-0.131077215 -0.127389789 0
-0.109915875 -0.129914075 0
-0.0461721793 -0.129090324 0
-0.153852567 -0.125061169 0
-0.0667753816 -0.128979772 0
-0.0885961056 -0.131090179 0
-0.166090339 -0.113361157 0
-0.234963834 -0.118861131 0
-0.251624823 -0.122507848 0
0.112385094 -0.124814384 0
-0.0254358575 -0.127300769 0
0.188759044 -0.129383489 0
0.168846637 -0.129991427 0
0.209063768 -0.128475145 0
0.2286672 -0.12831986 0
0.149858654 -0.129090652 0
0.248147339 -0.129130483 0
0.266228557 -0.132991135 0
0.316227257 -0.145300224 0
0.3464261 -0.123996772 0
0.379398167 -0.140497699 0
0.131228372 -0.127070695 0
-0.31478706 -0.110401563 0
-0.436272234 -0.107960358 0
-0.449050874 -0.118623495 0
-0.367599219 -0.126455709 0
0.437626481 -0.131681964 0
0.409618139 -0.140805781 0
0.09073735030000001 -0.144930616 0
0.0318898484 -0.152542442 0
-0.232055888 -0.134515703 0
-0.196568355 -0.144934669 0
-0.135222897 -0.150460809 0
-0.0468119048 -0.159751192 0
-0.15466474 -0.148551583 0
0.260239989 -0.164158478 0
0.164128304 -0.159461841 0
0.293380171 -0.17444025 0
-0.00580976577 -0.156512246 0
0.126097396 -0.151690036 0
-0.413921267 -0.126558542 0
-0.328458905 -0.140409112 0
-0.274515986 -0.10384129 0
-0.349528015 -0.153568953 0
0.351759881 -0.172270343 0
0.318618536 -0.183061182 0
-0.333783478 -0.167339042 0
-0.441113621 -0.144536555 0
-0.393654108 -0.154271141 0
0.292371094 -0.211694032 0
-0.286774576 -0.130766243 0
0.07354205849999999 -0.143089011 0
-0.257962167 -0.152474642 0
-0.0889976844 -0.161422387 0
0.226948202 -0.154064983 0
0.107703857 -0.148169219 0
0.336992621 -0.211675242 0
-0.00337611185 -0.200795993 0
0.273395419 -0.189953938 0
-0.17049475 -0.148092017 0
-0.129007757 -0.185398072 0
-0.0261532348 -0.181840271 0
0.143847302 -0.157626539 0
-0.448047906 -0.361545205 0
-0.455605984 -0.317959696 0
-0.465123922 -0.189018279 0
-0.462823182 -0.231938973 0
-0.460306674 -0.275001049 0
-0.426925808 -0.452901721 0
-0.424723893 -0.182535723 0
0.0366272852 -0.188651815 0
0.187246516 -0.187728658 0
0.0589350164 -0.166444242 0
-0.103470221 -0.184740975 0
-0.06846610459999999 -0.18379423 0
0.118219182 -0.173072204 0
0.208178952 -0.176860511 0
0.36315757 -0.199747011 0
0.312846452 -0.235824838 0
-0.299318105 -0.15677543 0
-0.198295265 -0.188920036 0
-0.162100241 -0.194625631 0
-0.0246460605 -0.229336455 0
-0.366503626 -0.182237729 0
-0.437883586 -0.40673089 0
-0.402278423 -0.349474549 0
-0.422037065 -0.268937945 0
-0.426025957 -0.228674114 0
-0.415005475 -0.309025466 0
0.440141648 -0.165292025 0
0.380865604 -0.165947661 0
0.454410315 -0.299123228 0
0.445268989 -0.34738335 0
0.435587972 -0.39737919 0
0.427431315 -0.448631287 0
0.461957723 -0.252621621 0
-0.2741943 -0.187123805 0
0.0236531589 -0.21747978 0
0.129730433 -0.192381173 0
-0.122267753 -0.2181191 0
0.286919326 -0.263395518 0
0.352644324 -0.233800679 0
-0.0484154336 -0.206472903 0
-0.238978505 -0.183906317 0
0.382674307 -0.187893778 0
-0.334735453 -0.187197372 0
-0.09211035820000001 -0.204660609 0
-0.199938565 -0.23082687 0
-0.384544611 -0.263622969 0
-0.379169017 -0.298835069 0
-0.363774121 -0.333696634 0
-0.382963866 -0.3914617 0
0.410056442 -0.166615397 0
0.0665235743 -0.19163233 0
0.394013286 -0.33461681 0
0.410622984 -0.288377047 0
0.423467785 -0.245048448 0
0.467720777 -0.206958532 0
0.09609952569999999 -0.198913157 0
-0.470833153 -0.148186505 0
-0.389988542 -0.228198498 0
-0.31124422 -0.183166504 0
0.00482664863 -0.250807226 0
-0.158838674 -0.228567705 0
-0.356113702 -0.222642258 0
-0.10804826 -0.250773847 0
-0.0749890804 -0.230587304 0
0.236951768 -0.25557974 0
-0.238797322 -0.222931072 0
0.200059086 -0.221732855 0
0.0547433943 -0.228673667 0
0.434716195 -0.204581663 0
-0.351000428 -0.291048676 0
-0.342559576 -0.261151582 0
-0.342663676 -0.367414057 0
0.0890857056 -0.235629171 0
0.371275783 -0.274487317 0
0.349839687 -0.316238403 0
-0.265262514 -0.214324355 0
0.125547007 -0.236138836 0
0.384301692 -0.231939763 0
-0.148362547 -0.268382192 0
-0.201895863 -0.284397453 0
0.0395672582 -0.26743412 0
-0.0845435709 -0.286633313 0
0.248264045 -0.20908615 0
0.255116969 -0.290184736 0
0.161755502 -0.2327106 0
-0.283162892 -0.230370551 0
-0.330711573 -0.314092934 0
0.07940530780000001 -0.27783528 0
0.374077588 -0.385226637 0
-0.256944537 -0.263938695 0
0.122180261 -0.280775845 0
-0.0512325764 -0.259115964 0
-0.167743802 -0.330821037 0
-0.123555109 -0.31115067 0
0.203418314 -0.267466187 0
0.0202970076 -0.310064286 0
-0.274711281 -0.308445483 0
-0.320849746 -0.397759885 0
0.338272214 -0.259483725 0
-0.326232761 -0.214808166 0
0.0678861737 -0.32463935 0
0.31976971 -0.3628214 0
-0.0192843862 -0.287305981 0
0.216469511 -0.311700195 0
0.119780473 -0.329584241 0
-0.266494006 -0.385957867 0
0.0543400496 -0.377309233 0
-0.203021392 -0.35156706 0
-0.347021431 -0.440783143 0
0.281908154 -0.327852577 0
0.274117023 -0.422076017 0
0.164584011 -0.276804119 0
0.314772338 -0.292671144 0
-0.14316158 -0.382356316 0
0.238232613 -0.360949397 0
-0.268800765 -0.446109235 0
0.117930107 -0.383022696 0
-0.00502681127 -0.359380454 0
-0.0899545625 -0.35999772 0
0.354485184 -0.440950871 0
-0.202243209 -0.393845558 0
0.180674002 -0.378484547 0
0.116467491 -0.439904302 0
-0.123636782 -0.439212173 0
0.0415827408 -0.435980946 0
-0.0426337756 -0.421091884 0
0.191037983 -0.43673709 0
-0.0501308329 -0.325539827 0
-0.19676277 -0.44627744 0
-0.451890498 -0.0888591111 0
0.470816433 -0.160953358 0
-0.427661389 -0.09695394340000001 0
-0.391985744 -0.096085377 0
0.41114524 -0.0895099714 0
-0.293581456 -0.107031554 0
0.404233605 -0.198149398 0
0.170815691 -0.325417221 0
-0.393289775 -0.197718471 0
-0.390543967 -0.116325445 0
0.407470196 -0.122044012 0
-0.302953094 -0.34384051 0
0.26649943 -0.235712677 0
0.402106464 -0.106607363 0
0.389978588 -0.124477439 0
-0.307111055 -0.134526476 0
-0.268105298 -0.127176061 0
0.283614874 -0.135133982 0
-0.236810908 -0.332041562 0
0.327947587 -0.12534298 0
0.36743632 -0.118909344 0
0.384408504 -0.111650333 0
0.227744669 -0.228958771 0
-0.308642864 -0.288504213 0
-0.310847104 -0.242751881 0
-0.278374851 -0.156388372 0
0.348389834 -0.146922976 0
-0.318303883 -0.161659449 0
0.289174825 -0.154943809 0
0.244689032 -0.15027234 0
0.207649693 -0.154539898 0
0.186118394 -0.157872438 0
0.229213864 -0.186583892 0
-0.242758006 -0.143100053 0
-0.217707261 -0.139593005 0
-0.176148549 -0.134145111 0
0.0545891523 -0.145960584 0
0.0142524652 -0.14502719 0
-0.0255044252 -0.148230761 0
-0.06708924469999999 -0.150351986 0
-0.115150906 -0.15625529 0
0.0140814194 -0.175574467 0
-0.299567908 -0.204695523 0
-0.293376505 -0.266066968 0
0.160018429 -0.193675786 0
-0.180937871 -0.163365349 0
-0.295688331 -0.175879121 0
-0.226377875 -0.15913336 0
0.0429039635 -0.169281721 0
0.101021759 -0.172521606 0
0.0724704266 -0.159666792 0
-0.141519114 -0.169197023 0
-0.160157546 -0.170055762 0
0.0838272274 -0.167311206 0
-0.20788826 -0.164396137 0
</DataArray>
</Points>
<Cells>
<DataArray type="Int32" Name="connectivity" format="ascii">
0 1 7 6 
1 2 8 7 
2 3 9 8 
3 4 10 9 
4 5 11 10 
6 7 13 12 
7 8 14 13 
8 9 15 14 
9 10 16 15 
10 11 17 16 
12 13 19 18 
13 14 20 19 
14 15 21 20 
15 16 22 21 
16 17 23 22 
18 19 25 24 
19 20 26 25 
20 21 27 26 
21 22 28 27 
22 23 29 28 
24 25 31 30 
25 26 32 31 
26 27 33 32 
27 28 34 33 
28 29 35 34 
30 31 37 36 
31 32 38 37 
32 33 39 38 
33 34 40 39 
34 35 41 40 
36 37 43 42 
37 38 44 43 
38 39 45 44 
39 40 46 45 
40 41 47 46 
47 41 94 69 
41 35 95 94 
35 29 96 95 
29 23 97 96 
23 17 98 97 
17 11 99 98 
11 5 83 99 
69 94 100 68 
94 95 101 100 
95 96 102 101 
96 97 103 102 
97 98 104 103 
98 99 105 104 
99 83 84 105 
68 100 106 67 
100 101 107 106 
101 102 108 107 
102 103 109 108 
103 104 110 109 
104 105 111 110 
105 84 85 111 
67 106 112 66 
106 107 113 112 
107 108 114 113 
108 109 115 114 
109 110 116 115 
110 111 117 116 
111 85 76 117 
66 112 118 65 
112 113 119 118 
113 114 120 119 
114 115 121 120 
115 116 122 121 
116 117 123 122 
117 76 82 123 
65 118 124 64 
118 119 125 124 
119 120 126 125 
120 121 127 126 
121 122 128 127 
122 123 129 128 
123 82 86 129 
64 124 130 63 
124 125 131 130 
125 126 132 131 
126 127 133 132 
127 128 134 133 
128 129 135 134 
129 86 87 135 
63 130 136 62 
130 131 137 136 
131 132 138 137 
132 133 139 138 
133 134 140 139 
134 135 141 140 
135 87 88 141 
62 136 142 61 
136 137 143 142 
137 138 144 143 
138 139 145 144 
139 140 146 145 
140 141 147 146 
141 88 89 147 
61 142 148 60 
142 143 149 148 
143 144 150 149 
144 145 151 150 
145 146 152 151 
146 147 153 152 
147 89 77 153 
60 148 154 59 
148 149 155 154 
149 150 156 155 
150 151 157 156 
151 152 158 157 
152 153 159 158 
153 77 81 159 
59 154 160 58 
154 155 161 160 
155 156 162 161 
156 157 163 162 
157 158 164 163 
158 159 165 164 
159 81 90 165 
58 160 166 57 
160 161 167 166 
161 162 168 167 
162 163 169 168 
163 164 170 169 
164 165 171 170 
165 90 91 171 
57 166 172 56 
166 167 173 172 
167 168 174 173 
168 169 175 174 
169 170 176 175 
170 171 177 176 
171 91 92 177 
56 172 178 55 
172 173 179 178 
173 174 180 179 
174 175 181 180 
175 176 182 181 
176 177 183 182 
177 92 93 183 
55 178 184 54 
178 179 185 184 
179 180 186 185 
180 181 187 186 
181 182 188 187 
182 183 189 188 
183 93 74 189 
54 184 190 53 
184 185 191 190 
185 186 192 191 
186 187 193 192 
187 188 194 193 
188 189 195 194 
189 74 71 195 
53 190 196 52 
190 191 197 196 
191 192 198 197 
192 193 199 198 
193 194 200 199 
194 195 201 200 
195 71 80 201 
52 196 202 51 
196 197 203 202 
197 198 204 203 
198 199 205 204 
199 200 206 205 
200 201 207 206 
201 80 79 207 
51 202 50 70 
202 203 49 50 
203 204 48 49 
204 205 72 48 
205 206 73 72 
206 207 78 73 
207 79 75 78 
24 30 312 227 
30 36 313 312 
36 42 283 313 
227 312 314 226 
312 313 315 314 
313 283 292 315 
226 314 316 225 
314 315 317 316 
315 292 296 317 
225 316 318 224 
316 317 319 318 
317 296 300 319 
224 318 320 223 
318 319 321 320 
319 300 278 321 
223 320 322 222 
320 321 323 322 
321 278 289 323 
222 322 324 221 
322 323 325 324 
323 289 282 325 
221 324 326 220 
324 325 327 326 
325 282 301 327 
220 326 328 219 
326 327 329 328 
327 301 297 329 
219 328 330 218 
328 329 331 330 
329 297 286 331 
218 330 332 217 
330 331 333 332 
331 286 294 333 
217 332 334 216 
332 333 335 334 
333 294 295 335 
216 334 336 215 
334 335 337 336 
335 295 287 337 
215 336 338 214 
336 337 339 338 
337 287 293 339 
214 338 340 213 
338 339 341 340 
339 293 298 341 
213 340 342 212 
340 341 343 342 
341 298 299 343 
212 342 344 211 
342 343 345 344 
343 299 288 345 
211 344 346 210 
344 345 347 346 
345 288 291 347 
210 346 348 209 
346 347 349 348 
347 291 290 349 
209 348 350 208 
348 349 351 350 
349 290 284 351 
208 350 352 311 
350 351 353 352 
351 284 302 353 
311 352 354 310 
352 353 355 354 
353 302 303 355 
310 354 356 309 
354 355 357 356 
355 303 304 357 
309 356 358 308 
356 357 359 358 
357 304 305 359 
308 358 307 280 
358 359 306 307 
359 305 279 306 
0 6 360 277 
6 12 361 360 
12 18 228 361 
277 360 362 276 
360 361 363 362 
361 228 229 363 
276 362 364 275 
362 363 365 364 
363 229 230 365 
275 364 366 274 
364 365 367 366 
365 230 231 367 
274 366 368 273 
366 367 369 368 
367 231 232 369 
273 368 370 272 
368 369 371 370 
369 232 233 371 
272 370 372 271 
370 371 373 372 
371 233 234 373 
271 372 374 270 
372 373 375 374 
373 234 235 375 
270 374 376 269 
374 375 377 376 
375 235 236 377 
269 376 378 268 
376 377 379 378 
377 236 237 379 
268 378 380 267 
378 379 381 380 
379 237 238 381 
267 380 382 266 
380 381 383 382 
381 238 239 383 
266 382 384 265 
382 383 385 384 
383 239 240 385 
265 384 386 264 
384 385 387 386 
385 240 241 387 
264 386 388 263 
386 387 389 388 
387 241 242 389 
263 388 390 262 
388 389 391 390 
389 242 243 391 
262 390 392 261 
390 391 393 392 
391 243 244 393 
261 392 394 260 
392 393 395 394 
393 244 245 395 
260 394 396 259 
394 395 397 396 
395 245 246 397 
259 396 398 258 
396 397 399 398 
397 246 247 399 
258 398 400 257 
398 399 401 400 
399 247 248 401 
257 400 402 256 
400 401 403 402 
401 248 249 403 
256 402 404 255 
402 403 405 404 
403 249 250 405 
255 404 406 254 
404 405 407 406 
405 250 251 407 
254 406 253 285 
406 407 252 253 
407 251 281 252 
24 227 228 18 
227 226 229 228 
226 225 230 229 
225 224 231 230 
224 223 232 231 
223 222 233 232 
222 221 234 233 
221 220 235 234 
220 219 236 235 
219 218 237 236 
218 217 238 237 
217 216 239 238 
216 215 240 239 
215 214 241 240 
214 213 242 241 
213 212 243 242 
212 211 244 243 
211 210 245 244 
210 209 246 245 
209 208 247 246 
208 311 248 247 
311 310 249 248 
310 309 250 249 
309 308 251 250 
308 280 281 251 
467 67 66 466 
68 468 470 69 
440 43 44 442 
297 456 446 286 
70 434 515 51 
733 515 550 519 
53 512 501 54 
54 501 509 55 
574 739 549 564 
502 57 56 471 
740 58 57 502 
58 740 472 59 
475 507 510 465 
473 61 60 503 
506 504 541 542 
63 464 475 64 
465 65 64 475 
65 465 466 66 
46 443 439 45 
435 413 596 412 
703 596 413 414 
410 411 614 591 
569 565 514 551 
514 565 749 548 
519 550 573 564 
424 433 425 622 
645 621 620 646 
485 448 447 486 
500 450 453 480 
479 481 524 520 
770 607 626 604 
643 615 591 614 
305 517 432 279 
302 483 462 303 
497 460 459 742 
449 487 496 457 
485 486 527 534 
620 427 428 623 
427 620 621 426 
426 621 622 425 
43 440 441 42 
42 441 453 283 
292 450 451 296 
296 451 452 300 
444 289 278 454 
289 444 455 282 
282 455 445 301 
301 445 456 297 
286 446 447 294 
294 447 448 295 
449 287 295 448 
293 457 458 298 
298 458 482 299 
459 288 299 482 
460 291 288 459 
484 290 291 460 
284 461 483 302 
303 462 463 304 
463 517 305 304 
469 47 69 470 
45 439 442 44 
443 46 47 469 
522 476 479 520 
477 440 442 476 
480 453 441 478 
450 292 283 453 
476 442 439 479 
481 443 469 516 
454 278 300 452 
527 486 495 533 
581 580 600 632 
495 446 456 494 
556 537 535 536 
448 485 487 449 
287 449 457 293 
450 500 488 451 
451 488 490 452 
440 477 478 441 
452 490 493 454 
491 444 454 493 
455 489 492 445 
445 492 494 456 
553 567 571 498 
741 483 461 518 
290 484 461 284 
498 571 517 463 
498 463 462 553 
464 63 62 474 
474 62 61 473 
516 538 524 481 
506 468 467 504 
67 467 468 68 
443 481 479 439 
516 469 470 511 
468 506 511 470 
471 56 55 509 
769 561 587 783 
59 472 503 60 
750 513 566 546 
466 505 504 467 
508 464 474 513 
507 475 464 508 
578 522 520 776 
522 521 477 476 
477 521 523 478 
599 767 554 584 
555 523 521 775 
552 482 458 499 
741 553 462 483 
518 461 484 751 
484 460 497 751 
486 447 446 495 
580 527 533 778 
489 455 444 491 
526 492 489 528 
485 534 536 487 
457 496 499 458 
494 529 533 495 
500 480 525 539 
493 532 753 491 
492 526 529 494 
500 539 530 488 
531 490 488 530 
537 499 496 535 
571 605 735 517 
482 552 742 459 
535 496 487 536 
523 525 480 478 
512 53 52 733 
512 733 519 738 
549 739 509 501 
505 466 465 510 
538 554 777 524 
513 474 473 566 
750 507 508 513 
503 548 566 473 
557 561 543 544 
472 514 548 503 
540 505 510 543 
510 507 544 543 
51 515 733 52 
544 507 750 545 
740 502 471 551 
565 569 748 572 
734 550 515 434 
511 547 538 516 
553 741 518 567 
549 738 519 564 
748 745 619 572 
775 521 522 578 
778 533 529 558 
541 504 505 540 
773 538 547 542 
528 489 491 753 
580 581 534 527 
493 490 531 532 
559 530 539 562 
779 558 529 526 
772 559 562 764 
530 559 781 531 
536 534 581 556 
582 598 752 568 
752 598 625 606 
582 568 537 556 
540 543 561 769 
782 562 539 525 
541 540 769 560 
511 506 542 547 
541 560 773 542 
566 548 749 546 
546 579 545 750 
672 626 653 747 
551 739 574 569 
672 761 604 626 
773 560 590 563 
739 551 471 509 
434 436 650 734 
595 594 438 408 
575 572 633 607 
740 551 514 472 
499 537 568 552 
571 567 577 605 
531 781 780 532 
523 555 782 525 
675 679 693 683 
588 587 561 557 
557 544 545 766 
528 753 585 586 
585 610 608 586 
589 585 780 781 
558 779 586 601 
528 586 779 526 
613 587 611 759 
773 563 554 538 
766 774 588 557 
590 560 769 783 
603 765 775 578 
559 772 589 781 
573 597 743 564 
546 749 575 579 
606 625 635 577 
742 552 576 497 
594 593 437 438 
408 409 592 595 
570 751 497 576 
576 552 568 752 
591 592 409 410 
573 650 593 597 
436 437 593 650 
432 517 735 431 
565 572 575 749 
582 602 644 598 
429 624 623 428 
752 606 570 576 
584 554 563 590 
657 599 627 654 
768 604 761 630 
579 770 766 545 
601 771 778 558 
771 649 652 600 
556 581 602 582 
623 648 646 620 
755 609 637 662 
764 562 782 765 
639 612 613 759 
636 655 608 610 
771 601 628 649 
590 613 612 584 
592 591 615 618 
640 642 665 666 
763 762 589 772 
763 583 756 609 
596 703 643 614 
640 641 616 618 
650 573 550 734 
594 595 616 617 
597 617 651 743 
659 619 651 641 
411 412 596 614 
593 594 617 597 
570 606 577 567 
584 612 627 599 
698 696 683 693 
608 628 601 586 
727 645 684 705 
610 762 755 636 
579 575 607 770 
431 735 647 430 
745 743 651 619 
585 589 762 610 
655 664 628 608 
756 757 629 660 
756 660 637 609 
728 705 711 731 
611 587 588 768 
709 673 654 639 
759 611 638 663 
639 759 663 709 
692 702 685 681 
633 572 619 659 
618 616 595 592 
685 672 747 681 
607 633 653 626 
424 622 727 423 
622 621 645 727 
624 429 430 647 
656 635 625 669 
631 605 577 635 
746 632 667 687 
629 758 634 658 
660 674 691 637 
723 708 726 720 
611 768 630 638 
624 647 631 677 
649 628 664 754 
602 581 632 746 
654 627 612 639 
670 648 677 656 
664 655 676 713 
658 634 657 678 
658 674 660 629 
760 630 761 661 
719 718 417 418 
712 690 704 720 
618 615 642 640 
617 616 641 651 
615 643 668 642 
680 760 661 695 
708 703 414 415 
652 667 632 600 
625 598 644 669 
671 683 696 684 
648 623 624 677 
605 631 647 735 
635 656 677 631 
667 754 686 687 
670 675 683 671 
653 633 659 666 
662 707 636 755 
655 636 707 676 
644 602 746 679 
673 678 657 654 
719 721 699 710 
641 640 666 659 
672 685 661 761 
717 697 715 722 
760 680 638 630 
712 710 700 690 
754 664 713 686 
642 668 682 665 
695 702 725 704 
656 669 675 670 
694 668 643 703 
671 646 648 670 
423 727 705 422 
645 646 671 684 
747 653 666 665 
674 658 678 689 
689 688 699 706 
679 675 669 644 
662 697 717 707 
714 716 731 711 
678 673 688 689 
754 667 652 649 
663 638 680 690 
692 681 682 701 
668 694 701 682 
716 714 713 676 
695 661 685 702 
711 705 684 696 
698 693 687 686 
679 746 687 693 
673 709 700 688 
699 721 715 706 
706 691 674 689 
718 719 710 712 
662 637 691 697 
665 682 681 747 
701 694 723 725 
690 680 695 704 
711 696 698 714 
717 722 737 732 
713 714 698 686 
688 700 710 699 
721 729 722 715 
663 690 700 709 
708 723 694 703 
702 692 701 725 
697 691 706 715 
724 730 728 731 
718 712 720 726 
732 676 707 717 
737 736 730 724 
719 418 729 721 
723 720 704 725 
737 724 744 732 
726 708 415 416 
416 417 718 726 
716 744 724 731 
728 421 422 705 
729 418 419 736 
730 420 421 728 
736 419 420 730 
722 729 736 737 
738 549 501 512 
564 743 745 574 
744 716 676 732 
569 574 745 748 
567 518 751 570 
585 753 532 780 
757 756 583 764 
757 603 758 629 
609 755 762 763 
772 764 583 763 
757 764 765 603 
555 775 765 782 
599 657 634 767 
758 603 767 634 
767 603 578 776 
768 588 774 604 
774 766 770 604 
771 600 580 778 
777 776 520 524 
767 776 777 554 
613 590 783 587 
828 276 275 827 
2 816 818 3 
89 851 852 77 
815 858 861 819 
285 785 839 254 
1029 839 785 805 
870 256 255 1102 
1105 865 833 864 
864 258 257 832 
259 258 864 833 
865 260 259 833 
834 261 260 865 
261 834 835 262 
866 1107 952 836 
836 264 263 866 
940 1135 1149 1136 
266 820 821 267 
267 821 822 268 
823 269 268 822 
838 270 269 823 
271 824 830 272 
825 273 272 830 
273 825 831 274 
1 817 816 2 
800 803 978 798 
1081 978 803 809 
796 797 994 973 
953 951 880 935 
865 935 880 834 
832 900 1105 864 
811 801 799 1004 
1001 1025 1024 1002 
1005 810 795 1027 
892 850 847 886 
845 76 85 849 
4 815 819 5 
860 816 817 862 
875 830 824 877 
867 822 821 868 
879 820 837 881 
962 1127 1006 1013 
1021 995 973 994 
79 899 784 75 
856 843 1106 883 
937 1112 1116 930 
90 853 854 91 
1123 1122 930 1116 
1002 1003 802 814 
802 1003 1004 799 
5 819 848 83 
84 844 849 85 
76 845 846 82 
82 846 847 86 
840 88 87 850 
88 840 851 89 
81 841 853 90 
92 842 855 93 
93 855 843 74 
74 843 856 71 
71 856 857 80 
857 899 79 80 
829 0 277 826 
817 1 0 829 
815 4 3 818 
861 858 901 905 
826 277 276 828 
862 817 829 882 
859 860 902 903 
859 818 816 860 
898 844 848 863 
844 84 83 848 
820 266 265 837 
837 265 264 836 
869 867 907 909 
822 867 869 823 
270 838 824 271 
828 873 872 826 
827 275 274 831 
818 859 858 815 
882 829 826 872 
878 838 823 869 
825 871 874 831 
876 827 831 874 
832 257 256 870 
935 865 1105 1111 
917 908 868 879 
262 835 866 263 
881 837 836 952 
254 839 1102 255 
1104 870 1102 933 
850 87 86 847 
888 851 840 885 
841 889 890 853 
841 81 77 852 
842 92 91 854 
936 899 857 897 
887 846 845 893 
893 845 849 894 
886 847 846 887 
819 861 863 848 
922 946 1133 921 
927 926 1131 945 
923 924 892 886 
1106 884 1115 883 
853 890 896 854 
884 855 842 891 
856 883 897 857 
964 924 923 1132 
860 862 904 902 
873 828 827 876 
862 882 906 904 
887 893 922 921 
1138 961 901 903 
894 849 844 898 
933 934 957 950 
950 1111 1105 900 
868 821 820 879 
878 916 913 877 
879 881 918 917 
830 875 871 825 
877 824 838 878 
872 873 912 920 
871 875 910 911 
911 915 874 871 
909 916 878 869 
1138 903 902 939 
1136 941 907 908 
932 835 834 880 
908 907 867 868 
951 953 956 1129 
970 1142 942 1153 
902 904 1139 939 
842 854 896 891 
936 897 1112 937 
851 888 895 852 
954 1128 928 955 
1133 981 986 1132 
885 840 850 892 
921 923 886 887 
894 898 931 925 
852 895 889 841 
895 888 927 1119 
938 905 901 961 
898 863 919 931 
885 892 924 926 
888 885 926 927 
895 928 1121 889 
890 929 1122 896 
863 861 905 919 
900 1104 933 950 
958 993 953 935 
858 859 903 901 
961 1138 982 1152 
882 872 920 906 
876 874 915 914 
980 1143 967 1007 
938 965 919 905 
942 910 913 944 
1137 913 916 909 
1107 932 1117 960 
910 875 877 913 
943 912 914 1141 
914 912 873 876 
1141 963 984 943 
963 1141 914 915 
1142 911 910 942 
915 911 1142 963 
907 941 1137 909 
941 1147 969 1137 
1144 1006 1148 1031 
893 894 925 922 
943 1140 920 912 
1134 1055 968 945 
925 931 949 972 
945 1131 964 1134 
1131 926 924 964 
986 1134 964 1132 
966 955 959 988 
1130 945 968 947 
1121 929 890 889 
966 987 954 955 
1122 929 1128 930 
999 936 937 1022 
1116 1112 1115 1123 
919 965 949 931 
835 932 1107 866 
880 951 1117 932 
934 933 1102 839 
977 976 807 808 
1129 989 1117 951 
784 899 1103 813 
1103 899 936 999 
1000 954 987 1014 
985 949 965 1151 
971 948 1140 943 
974 973 995 998 
940 1136 908 917 
944 913 1137 969 
963 983 1016 984 
948 906 920 1140 
1147 990 991 1154 
789 1001 1002 814 
946 922 925 972 
955 928 1130 947 
939 1143 980 1150 
1143 939 1139 948 
950 957 979 958 
1107 960 1118 952 
918 881 952 1118 
976 975 806 807 
808 788 974 977 
1011 966 988 1071 
1128 954 1000 930 
959 955 947 968 
973 974 788 796 
962 1135 918 1118 
957 1029 975 979 
805 806 975 1029 
1025 1046 1047 1024 
1118 960 1127 962 
989 1127 960 1117 
938 961 1152 1155 
1019 1020 1059 1042 
1135 940 917 918 
983 963 1142 970 
1150 982 1138 939 
810 1005 1001 789 
992 1032 1007 967 
991 990 1017 1033 
942 944 1154 1153 
970 1009 1016 983 
984 1012 971 943 
948 971 967 1143 
985 1008 972 949 
1146 946 972 1008 
978 1081 1021 994 
997 996 1018 1030 
1029 957 934 839 
1110 993 958 979 
1144 1058 1048 1006 
797 798 978 994 
975 976 997 979 
1134 1039 1124 1055 
1023 982 1150 980 
1152 982 1023 1155 
991 970 1153 1154 
1045 1060 1063 1049 
968 1055 1114 959 
1026 1050 1046 1025 
1074 1047 1085 1082 
1047 1074 1061 1024 
993 1015 956 953 
962 1013 1149 1135 
1016 1009 1035 1036 
984 1016 1036 1012 
1009 970 991 1033 
1060 1053 1068 1073 
992 967 971 1012 
976 977 996 997 
979 997 1030 1110 
998 996 977 974 
1058 1062 1038 1048 
813 1103 1027 795 
1000 1022 937 930 
1071 988 1010 1085 
811 1004 1092 787 
1024 1061 1003 1002 
999 1041 1027 1103 
1031 1129 956 1015 
1032 1053 1040 1007 
980 1007 1040 1023 
1035 1009 1033 1051 
1114 1010 988 959 
1026 1025 1001 1005 
987 966 1011 1050 
1014 1108 1022 1000 
1030 1034 993 1110 
1019 1018 996 998 
990 1013 1038 1017 
1017 1052 1051 1033 
1034 1030 1018 1043 
998 995 1020 1019 
995 1021 1044 1020 
1120 1052 1062 1069 
1088 1081 809 794 
1061 1092 1004 1003 
1041 1026 1005 1027 
1050 1026 1041 1108 
1041 999 1022 1108 
1028 1045 1049 1008 
1008 985 1151 1028 
1129 1031 1148 989 
1034 1072 1015 993 
1064 992 1012 1036 
1079 1097 1095 1089 
1052 1017 1038 1062 
1075 1064 1054 1100 
1018 1019 1042 1043 
1054 1035 1051 1066 
1036 1035 1054 1064 
1008 1049 1057 1146 
1076 1087 1082 1056 
1013 1006 1048 1038 
946 1146 981 1133 
1040 1053 1060 1045 
1023 1040 1045 1028 
1043 1126 1072 1034 
1059 1020 1044 1113 
1044 1021 1081 1070 
1073 1077 1063 1060 
1037 1056 1010 1114 
787 1092 1083 792 
1144 1072 1126 1058 
1084 1057 1049 1063 
1124 1037 1114 1055 
1014 987 1050 1108 
1050 1011 1071 1046 
1066 1091 1100 1054 
1086 1065 1080 1093 
1064 1075 1032 992 
1073 1068 1090 1079 
1065 1066 1051 1052 
1067 1039 1057 1084 
1146 1057 1039 981 
1125 1043 1042 1059 
1069 1062 1145 1125 
1078 1113 1044 1070 
1085 1047 1046 1071 
1092 1061 1074 1083 
1145 1062 1058 1126 
1076 1109 1094 1087 
1100 1091 1098 1090 
1087 1083 1074 1082 
1084 1063 1077 1109 
1037 1067 1076 1056 
1075 1068 1053 1032 
1125 1145 1126 1043 
1113 1078 1120 1069 
1093 1078 1088 1101 
1031 1015 1072 1144 
1099 1094 1089 1095 
1052 1120 1080 1065 
1076 1067 1084 1109 
1073 1079 1089 1077 
1059 1113 1069 1125 
1090 1068 1075 1100 
791 786 1095 1097 
1093 1101 1096 1086 
793 792 1083 1099 
1085 1010 1056 1082 
1098 1096 790 812 
1066 1065 1086 1091 
1070 1081 1088 1078 
1087 1094 1099 1083 
812 791 1097 1098 
1090 1098 1097 1079 
1078 1093 1080 1120 
804 790 1096 1101 
1089 1094 1109 1077 
786 793 1099 1095 
1091 1086 1096 1098 
1101 1088 794 804 
1104 900 832 870 
1106 843 855 884 
958 935 1111 950 
1112 897 883 1115 
1123 1115 884 891 
928 895 1119 1130 
1130 1119 927 945 
929 1121 928 1128 
896 1122 1123 891 
1124 1039 1067 1037 
1127 989 1148 1006 
1132 923 921 1133 
986 981 1039 1134 
1139 904 906 948 
941 1136 1149 1156 
990 1156 1149 1013 
1147 941 1156 990 
1028 1151 1155 1023 
1155 1151 965 938 
1154 944 969 1147 
</DataArray>
<DataArray type="Int32" Name="offsets" format="ascii">
4 8 12 16 20 24 28 32 36 40 44 48 52 56 60 64 68 72 76 80 84 88 92 96 100 104 108 112 116 120 124 128 132 136 140 144 148 152 156 160 164 168 172 176 180 184 188 192 196 200 204 208 212 216 220 224 228 232 236 240 244 248 252 256 260 264 268 272 276 280 284 288 292 296 300 304 308 312 316 320 324 328 332 336 340 344 348 352 356 360 364 368 372 376 380 384 388 392 396 400 404 408 412 416 420 424 428 432 436 440 444 448 452 456 460 464 468 472 476 480 484 488 492 496 500 504 508 512 516 520 524 528 532 536 540 544 548 552 556 560 564 568 572 576 580 584 588 592 596 600 604 608 612 616 620 624 628 632 636 640 644 648 652 656 660 664 668 672 676 680 684 688 692 696 700 704 708 712 716 720 724 728 732 736 740 744 748 752 756 760 764 768 772 776 780 784 788 792 796 800 804 808 812 816 820 824 828 832 836 840 844 848 852 856 860 864 868 872 876 880 884 888 892 896 900 904 908 912 916 920 924 928 932 936 940 944 948 952 956 960 964 968 972 976 980 984 988 992 996 1000 1004 1008 1012 1016 1020 1024 1028 1032 1036 1040 1044 1048 1052 1056 1060 1064 1068 1072 1076 1080 1084 1088 1092 1096 1100 1104 1108 1112 1116 1120 1124 1128 1132 1136 1140 1144 1148 1152 1156 1160 1164 1168 1172 1176 1180 1184 1188 1192 1196 1200 1204 1208 1212 1216 1220 1224 1228 1232 1236 1240 1244 1248 1252 1256 1260 1264 1268 1272 1276 1280 1284 1288 1292 1296 1300 1304 1308 1312 1316 1320 1324 1328 1332 1336 1340 1344 1348 1352 1356 1360 1364 1368 1372 1376 1380 1384 1388 1392 1396 1400 1404 1408 1412 1416 1420 1424 1428 1432 1436 1440 1444 1448 1452 1456 1460 1464 1468 1472 1476 1480 1484 1488 1492 1496 1500 1504 1508 1512 1516 1520 1524 1528 1532 1536 1540 1544 1548 1552 1556 1560 1564 1568 1572 1576 1580 1584 1588 1592 1596 1600 1604 1608 1612 1616 1620 1624 1628 1632 1636 1640 1644 1648 1652 1656 1660 1664 1668 1672 1676 1680 1684 1688 1692 1696 1700 1704 1708 1712 1716 1720 1724 1728 1732 1736 1740 1744 1748 1752 1756 1760 1764 1768 1772 1776 1780 1784 1788 1792 1796 1800 1804 1808 1812 1816 1820 1824 1828 1832 1836 1840 1844 1848 1852 1856 1860 1864 1868 1872 1876 1880 1884 1888 1892 1896 1900 1904 1908 1912 1916 1920 1924 1928 1932 1936 1940 1944 1948 1952 1956 1960 1964 1968 1972 1976 1980 1984 1988 1992 1996 2000 2004 2008 2012 2016 2020 2024 2028 2032 2036 2040 2044 2048 2052 2056 2060 2064 2068 2072 2076 2080 2084 2088 2092 2096 2100 2104 2108 2112 2116 2120 2124 2128 2132 2136 2140 2144 2148 2152 2156 2160 2164 2168 2172 2176 2180 2184 2188 2192 2196 2200 2204 2208 2212 2216 2220 2224 2228 2232 2236 2240 2244 2248 2252 2256 2260 2264 2268 2272 2276 2280 2284 2288 2292 2296 2300 2304 2308 2312 2316 2320 2324 2328 2332 2336 2340 2344 2348 2352 2356 2360 2364 2368 2372 2376 2380 2384 2388 2392 2396 2400 2404 2408 2412 2416 2420 2424 2428 2432 2436 2440 2444 2448 2452 2456 2460 2464 2468 2472 2476 2480 2484 2488 2492 2496 2500 2504 2508 2512 2516 2520 2524 2528 2532 2536 2540 2544 2548 2552 2556 2560 2564 2568 2572 2576 2580 2584 2588 2592 2596 2600 2604 2608 2612 2616 2620 2624 2628 2632 2636 2640 2644 2648 2652 2656 2660 2664 2668 2672 2676 2680 2684 2688 2692 2696 2700 2704 2708 2712 2716 2720 2724 2728 2732 2736 2740 2744 2748 2752 2756 2760 2764 2768 2772 2776 2780 2784 2788 2792 2796 2800 2804 2808 2812 2816 2820 2824 2828 2832 2836 2840 2844 2848 2852 2856 2860 2864 2868 2872 2876 2880 2884 2888 2892 2896 2900 2904 2908 2912 2916 2920 2924 2928 2932 2936 2940 2944 2948 2952 2956 2960 2964 2968 2972 2976 2980 2984 2988 2992 2996 3000 3004 3008 3012 3016 3020 3024 3028 3032 3036 3040 3044 3048 3052 3056 3060 3064 3068 3072 3076 3080 3084 3088 3092 3096 3100 3104 3108 3112 3116 3120 3124 3128 3132 3136 3140 3144 3148 3152 3156 3160 3164 3168 3172 3176 3180 3184 3188 3192 3196 3200 3204 3208 3212 3216 3220 3224 3228 3232 3236 3240 3244 3248 3252 3256 3260 3264 3268 3272 3276 3280 3284 3288 3292 3296 3300 3304 3308 3312 3316 3320 3324 3328 3332 3336 3340 3344 3348 3352 3356 3360 3364 3368 3372 3376 3380 3384 3388 3392 3396 3400 3404 3408 3412 3416 3420 3424 3428 3432 3436 3440 3444 3448 3452 3456 3460 3464 3468 3472 3476 3480 3484 3488 3492 3496 3500 3504 3508 3512 3516 3520 3524 3528 3532 3536 3540 3544 3548 3552 3556 3560 3564 3568 3572 3576 3580 3584 3588 3592 3596 3600 3604 3608 3612 3616 3620 3624 3628 3632 3636 3640 3644 3648 3652 3656 3660 3664 3668 3672 3676 3680 3684 3688 3692 3696 3700 3704 3708 3712 3716 3720 3724 3728 3732 3736 3740 3744 3748 3752 3756 3760 3764 3768 3772 3776 3780 3784 3788 3792 3796 3800 3804 3808 3812 3816 3820 3824 3828 3832 3836 3840 3844 3848 3852 3856 3860 3864 3868 3872 3876 3880 3884 3888 3892 3896 3900 3904 3908 3912 3916 3920 3924 3928 3932 3936 3940 3944 3948 3952 3956 3960 3964 3968 3972 3976 3980 3984 3988 3992 3996 4000 4004 4008 4012 4016 4020 4024 4028 4032 4036 4040 4044 4048 4052 4056 4060 4064 4068 4072 4076 4080 4084 4088 4092 4096 4100 4104 4108 4112 4116 4120 4124 4128 4132 4136 4140 4144 4148 4152 4156 4160 4164 4168 4172 4176 4180 4184 4188 4192 4196 4200 4204 4208 4212 4216 4220 4224 4228 4232 4236 4240 4244 4248 4252 4256 4260 4264 4268 4272 4276 4280 4284 4288 4292 4296 4300 4304 4308 4312 4316 4320 4324 4328 4332 4336 4340 4344 4348 4352 4356 4360 4364 4368 4372 4376 4380 4384 4388 4392 4396 4400 4404 4408 4412 4416 4420 4424 4428 4432 4436 4440 4444 4448 4452 4456 4460 4464 4468 
</DataArray>
<DataArray type="UInt8" Name="types" format="ascii">
9 9 9 9 9 9 9 9 9 9 9 9 9 9 9 9 9 9 9 9 9 9 9 9 9 9 9 9 9 9 9 9 9 9 9 9 9 9 9 9 9 9 9 9 9 9 9 9 9 9 9 9 9 9 9 9 9 9 9 9 9 9 9 9 9 9 9 9 9 9 9 9 9 9 9 9 9 9 9 9 9 9 9 9 9 9 9 9 9 9 9 9 9 9 9 9 9 9 9 9 9 9 9 9 9 9 9 9 9 9 9 9 9 9 9 9 9 9 9 9 9 9 9 9 9 9 9 9 9 9 9 9 9 9 9 9 9 9 9 9 9 9 9 9 9 9 9 9 9 9 9 9 9 9 9 9 9 9 9 9 9 9 9 9 9 9 9 9 9 9 9 9 9 9 9 9 9 9 9 9 9 9 9 9 9 9 9 9 9 9 9 9 9 9 9 9 9 9 9 9 9 9 9 9 9 9 9 9 9 9 9 9 9 9 9 9 9 9 9 9 9 9 9 9 9 9 9 9 9 9 9 9 9 9 9 9 9 9 9 9 9 9 9 9 9 9 9 9 9 9 9 9 9 9 9 9 9 9 9 9 9 9 9 9 9 9 9 9 9 9 9 9 9 9 9 9 9 9 9 9 9 9 9 9 9 9 9 9 9 9 9 9 9 9 9 9 9 9 9 9 9 9 9 9 9 9 9 9 9 9 9 9 9 9 9 9 9 9 9 9 9 9 9 9 9 9 9 9 9 9 9 9 9 9 9 9 9 9 9 9 9 9 9 9 9 9 9 9 9 9 9 9 9 9 9 9 9 9 9 9 9 9 9 9 9 9 9 9 9 9 9 9 9 9 9 9 9 9 9 9 9 9 9 9 9 9 9 9 9 9 9 9 9 9 9 9 9 9 9 9 9 9 9 9 9 9 9 9 9 9 9 9 9 9 9 9 9 9 9 9 9 9 9 9 9 9 9 9 9 9 9 9 9 9 9 9 9 9 9 9 9 9 9 9 9 9 9 9 9 9 9 9 9 9 9 9 9 9 9 9 9 9 9 9 9 9 9 9 9 9 9 9 9 9 9 9 9 9 9 9 9 9 9 9 9 9 9 9 9 9 9 9 9 9 9 9 9 9 9 9 9 9 9 9 9 9 9 9 9 9 9 9 9 9 9 9 9 9 9 9 9 9 9 9 9 9 9 9 9 9 9 9 9 9 9 9 9 9 9 9 9 9 9 9 9 9 9 9 9 9 9 9 9 9 9 9 9 9 9 9 9 9 9 9 9 9 9 9 9 9 9 9 9 9 9 9 9 9 9 9 9 9 9 9 9 9 9 9 9 9 9 9 9 9 9 9 9 9 9 9 9 9 9 9 9 9 9 9 9 9 9 9 9 9 9 9 9 9 9 9 9 9 9 9 9 9 9 9 9 9 9 9 9 9 9 9 9 9 9 9 9 9 9 9 9 9 9 9 9 9 9 9 9 9 9 9 9 9 9 9 9 9 9 9 9 9 9 9 9 9 9 9 9 9 9 9 9 9 9 9 9 9 9 9 9 9 9 9 9 9 9 9 9 9 9 9 9 9 9 9 9 9 9 9 9 9 9 9 9 9 9 9 9 9 9 9 9 9 9 9 9 9 9 9 9 9 9 9 9 9 9 9 9 9 9 9 9 9 9 9 9 9 9 9 9 9 9 9 9 9 9 9 9 9 9 9 9 9 9 9 9 9 9 9 9 9 9 9 9 9 9 9 9 9 9 9 9 9 9 9 9 9 9 9 9 9 9 9 9 9 9 9 9 9 9 9 9 9 9 9 9 9 9 9 9 9 9 9 9 9 9 9 9 9 9 9 9 9 9 9 9 9 9 9 9 9 9 9 9 9 9 9 9 9 9 9 9 9 9 9 9 9 9 9 9 9 9 9 9 9 9 9 9 9 9 9 9 9 9 9 9 9 9 9 9 9 9 9 9 9 9 9 9 9 9 9 9 9 9 9 9 9 9 9 9 9 9 9 9 9 9 9 9 9 9 9 9 9 9 9 9 9 9 9 9 9 9 9 9 9 9 9 9 9 9 9 9 9 9 9 9 9 9 9 9 9 9 9 9 9 9 9 9 9 9 9 9 9 9 9 9 9 9 9 9 9 9 9 9 9 9 9 9 9 9 9 9 9 9 9 9 9 9 9 9 9 9 9 9 9 9 9 9 9 9 9 9 9 9 9 9 9 9 9 9 9 9 9 9 9 9 9 9 9 9 9 9 9 9 9 9 9 9 9 9 9 9 9 9 9 9 9 9 9 9 9 9 9 9 9 9 9 9 9 9 9 9 9 9 9 9 9 9 9 9 9 9 9 9 9 9 9 9 9 9 9 9 9 9 9 9 9 9 9 9 9 9 9 9 9 9 9 9 9 9 9 9 9 9 9 9 9 9 9 9 9 9 9 9 9 9 9 9 9 9 9 9 9 9 9 9 9 9 9 9 9 9 9 9 9 9 9 9 9 9 9 9 9 9 9 9 9 9 9 9 9 9 
</DataArray>
</Cells>
<PointData>
<DataArray type="Float64" Name="phi" NumberOfComponents="1" format="ascii">
0.6262857670256147 
0.6276380857824032 
0.6236671425485898 
0.6125125671532962 
0.5944532737797206 
0.5708063197423676 
0.7300898716808256 
0.7294951574068927 
0.7202765191428154 
0.700603948560644 
0.6720145019409953 
0.6365204097109213 
0.8521009113386564 
0.8470488483841486 
0.8271757411204986 
0.7945346465642217 
0.7489354518380099 
0.6966605399994119 
1 
0.9644668449820546 
0.9276592953240833 
0.8693030033671827 
0.8026270551759663 
0.7348429130349107 
1 
0.9645607637948072 
0.9278435239374262 
0.8695706859289813 
0.8029073623293126 
0.7350922749358876 
0.8522971273130107 
0.8473660185674916 
0.8276577624500293 
0.7951546627560508 
0.7496074221402358 
0.6973074010184577 
0.7304299660832719 
0.7299438148412086 
0.7208442756497024 
0.7012925872031943 
0.6728101626043246 
0.6373725082345011 
0.6267677509873223 
0.6281926135491606 
0.6242700104295101 
0.613180200579192 
0.5952265429231871 
0.5717396172305238 
0.2002673787297098 
0.2006563418588748 
0.2014348143273616 
0.2042302312394453 
0.2087205345190414 
0.2153769905034945 
0.2238196843487814 
0.2337896484025374 
0.24509292811251 
0.2576475265697703 
0.2717363076397962 
0.2874124128880236 
0.3047859568276129 
0.323967129493583 
0.3450961299461407 
0.3682838537581727 
0.3937835955966307 
0.4214380240681821 
0.4510284397272832 
0.4819794847233751 
0.5133674885843484 
0.5438419483633296 
0.2026582262322086 
0.2153335909892776 
0.2002769051228019 
0.2006875106229294 
0.2236738869283391 
0.2026887917710358 
0.4502072274232829 
0.3044583386420703 
0.2014975187597194 
0.2044089561699871 
0.2087672661772226 
0.2871677415103543 
0.4207486626188738 
0.5428061777100922 
0.5123475749768229 
0.4810389910317963 
0.393186890382913 
0.3677850882574688 
0.3445920425515393 
0.3235423513748088 
0.2715609619511269 
0.2574956011419464 
0.2448453828503582 
0.2335585313205584 
0.5970023194895968 
0.6423689028797848 
0.6693228821837329 
0.6691088305769436 
0.6417830640785382 
0.5961565668536992 
0.5554304421958236 
0.5894846335109383 
0.6088568778756002 
0.6086743758335422 
0.5889663173228122 
0.5546367857012139 
0.5148168854603752 
0.5403429014153099 
0.5544120865231531 
0.5542542713641313 
0.5398869236889895 
0.5141018449654955 
0.4764733969320016 
0.4956395308820412 
0.5059564430174831 
0.5058187672835073 
0.4952397152060804 
0.4758454075425758 
0.4410694085846192 
0.4554879254614389 
0.463111253911048 
0.4629925404543031 
0.4551422340658727 
0.4405264668372362 
0.4088428140027061 
0.4196995159989982 
0.4253612771411608 
0.4252616924898029 
0.4194085912408951 
0.408383911482235 
0.3797898850986496 
0.3879482126842319 
0.39215792070751 
0.3920752528775064 
0.3877052462788952 
0.3794005867342317 
0.3537547988500093 
0.3598444455588997 
0.3629601612375261 
0.3628896703474673 
0.3596344994224751 
0.353407441168823 
0.3304566036122666 
0.3349632703180797 
0.3372501466862301 
0.3371888169079755 
0.3347802051997564 
0.3301521849846658 
0.3095933495142438 
0.3128949966135017 
0.3145535834429532 
0.3145007624381617 
0.3127396138270861 
0.3093447462213909 
0.2909107426416382 
0.293280671699127 
0.2944579761590179 
0.2944132941336478 
0.2931517036620878 
0.2907127005612589 
0.2741855270648727 
0.2758189345776474 
0.2766192615641027 
0.2765818200881187 
0.2757116835977717 
0.2740271897618575 
0.2592332416755799 
0.2602633815310554 
0.2607615808840541 
0.2607298783658806 
0.2601705245114932 
0.2590884821258307 
0.2458887937057866 
0.2464231712782826 
0.2466769988751259 
0.2466502143067751 
0.2463398744870543 
0.2457397621499319 
0.2340268198310752 
0.234171070776301 
0.2342316292832376 
0.2342117570823138 
0.2341050613793942 
0.2338942635622544 
0.2236306591716264 
0.2234745505602311 
0.2233843303652309 
0.2233749969082957 
0.2234403994451299 
0.2235537039197621 
0.2148274994225088 
0.2144266703852121 
0.2142161848984259 
0.2142176915527931 
0.2144297601573409 
0.2148203915995749 
0.2078706975714383 
0.2072747592967537 
0.206968991077281 
0.206976646490988 
0.2073002647917163 
0.2079239678086361 
0.2031926825586843 
0.2024573249494882 
0.2020897275528578 
0.2020987952300271 
0.2024875862772123 
0.2032526110002151 
1 
1 
1 
1 
1 
1 
1 
1 
1 
1 
1 
1 
1 
1 
1 
1 
1 
1 
1 
1 
1 
1 
1 
1 
1 
1 
1 
1 
1 
1 
1 
1 
1 
1 
1 
1 
1 
1 
1 
1 
1 
1 
1 
1 
0.8455132727105037 
0.7142962306392411 
0.602945994119232 
0.606114875345097 
0.6072082189326854 
0.6070721084539225 
0.6070715152592678 
0.6073413671312046 
0.6058976973414835 
0.6057110451346218 
0.606319342418574 
0.6068516453993462 
0.6072793478554529 
0.6075909517898529 
0.6079047741008516 
0.6082454308536762 
0.6086834352689807 
0.6092183764820064 
0.6098313063826646 
0.6104994336263205 
0.6113269839632223 
0.6125029559213322 
0.6140789672642237 
0.6162539538801546 
0.6191051302632506 
0.6227122662918604 
0.6125641310013736 
0.6010461231686799 
1 
1 
0.6103319132801472 
0.6230751305770126 
0.6068904054383912 
0.6025890997311857 
0.6082084714065346 
0.6074513683057404 
0.6068486346870271 
0.6113449848578184 
0.6066397808504087 
0.6067144489951917 
0.6193934216242843 
0.6072096618500407 
0.6077931235946188 
0.6075754542019492 
0.6164473052069511 
0.6087659106224141 
0.6068548599344924 
0.6067539593375928 
0.6142238522433623 
0.609508640318692 
0.6072627344002453 
0.6072231239563269 
0.6058311278796027 
0.6017697123183821 
0.7135065992408411 
0.8451758373246202 
1 
1 
1 
1 
0.8528103635458767 
0.7280843980488421 
0.8510483063390214 
0.7254688745293204 
0.8499887083860321 
0.7233768948716026 
0.8492106651411809 
0.7218532582346159 
0.8486284793043806 
0.7207162213043259 
0.8481794601824185 
0.7198467435681321 
0.847820636706255 
0.7191542800555826 
0.8475250306521144 
0.7185765615071967 
0.8472804465090846 
0.7180954886127728 
0.8470852670037263 
0.7177104667952622 
0.8469391223272477 
0.7174313685417423 
0.8468333458090799 
0.7172442931818301 
0.8467481429539345 
0.7170994388066111 
0.8466679416566938 
0.7169379307855815 
0.8465974951107271 
0.7167809614081939 
0.8465500281158446 
0.7166947807990232 
0.8465243342712807 
0.7166623968778848 
0.846512826558857 
0.7166315629384051 
0.8465209060833132 
0.7166367580987607 
0.846544614641346 
0.7167266948418898 
0.8465218919141395 
0.7167862368928836 
0.8463223467443247 
0.7165036511414434 
0.84589099150007 
0.7154737934545913 
0.8453966793866016 
0.714169695277161 
0.7278308406305636 
0.8526802725376804 
0.725281033915809 
0.8509534486806503 
0.7232408929958173 
0.8499208978158318 
0.7217647985877318 
0.849166637928911 
0.7206727518693025 
0.8486096702709716 
0.7198662176789039 
0.8481923347147972 
0.7192589421449798 
0.8478731350475661 
0.7187747487175212 
0.8476179563767974 
0.7183592232352364 
0.8474034291042488 
0.7179986640813608 
0.8472192877872229 
0.7176961602552892 
0.847062444178596 
0.7174417082250498 
0.8469277305863732 
0.7172119225101893 
0.8468039600450193 
0.7169708774570995 
0.8466770246061338 
0.7166919641175097 
0.8465386626883386 
0.7163831762205662 
0.8464082231627078 
0.7161916247397868 
0.8463467419928861 
0.7163500764155161 
0.8463934159194121 
0.7166657808130118 
0.8464993408608965 
0.7168321942432988 
0.8465698195981608 
0.7167959967680049 
0.8465493978647697 
0.71656574726136 
0.8463845150998975 
0.715784222237144 
0.8460548203530672 
0.7147973168737974 
0.8456803747545599 
0.2240353247262054 
0.2259719116622291 
0.2271223847636587 
0.2280267274236272 
0.2287918656223308 
0.2126410896274596 
0.1820850683688988 
0.1496107146437943 
0.1174909938575147 
0.08762490330882185 
0.06029956823301659 
0.0418811547841826 
0.02907039101948899 
0.02157473788390946 
0.01757740061304768 
0.0161816190493043 
0.01576671625698734 
0.01745193177777124 
0.02314543982933267 
0.03420072989187441 
0.05336721949244418 
0.08541598953803803 
0.1382651226336531 
0.2250591960406969 
0.3693670007319781 
0.01570347167961098 
0.2063972075506865 
0.2290546521887343 
0.2117270280496445 
0.2166182965010899 
0.2209206514997623 
0.5141373780340704 
0.5216463555415602 
0.5201619579231958 
0.5199012596564685 
0.5053167893993675 
0.498885509434246 
0.4915433025916834 
0.4815045818897504 
0.4790342756804311 
0.4799596808577218 
0.4825815828821232 
0.5102657318389539 
0.5055748601940939 
0.5022043679204191 
0.5156819751390095 
0.4997247407492226 
0.4952191341767666 
0.4852817531042937 
0.481522841718405 
0.4755791406851032 
0.4902372281325847 
0.4903277655412106 
0.4959893855855921 
0.4745406288136907 
0.4375989390164083 
0.3499071767433537 
0.3869039598118766 
0.4104682765796221 
0.4347752601265074 
0.4584165894916881 
0.4939687114598528 
0.4791790903594547 
0.2472290312365566 
0.2775801905460497 
0.3112574172417368 
0.330320634781963 
0.3662644232389577 
0.4339454726543828 
0.4358780126189304 
0.4345517469086267 
0.4313455990826215 
0.4274230004896241 
0.4273414460144963 
0.4763051219544135 
0.4964168702112581 
0.4902650650868183 
0.3783833923174675 
0.3754890767265894 
0.3872045200680017 
0.4113773001272549 
0.3963895744671723 
0.406738677955615 
0.3980848168078693 
0.3927681932178463 
0.4020651976434111 
0.3858707096941787 
0.378734655401657 
0.3910288282734388 
0.3907860633138857 
0.3671941793609668 
0.3764937471963543 
0.418218292699055 
0.2259402307973105 
0.256210940540414 
0.2935555776306122 
0.3897015204688302 
0.3700758669130674 
0.4083820321260021 
0.3298327691996116 
0.3322973891626154 
0.2358570199219206 
0.3502102522670562 
0.4224821547107991 
0.21787350235173 
0.3153140242646388 
0.2670054900953986 
0.2077781032765468 
0.4232560253800394 
0.361844916136717 
0.3977528029777603 
0.2168706148164477 
0.361494143544267 
0.3666296902968597 
0.3618613832283857 
0.3683605921823735 
0.3621427082051203 
0.3562669208677872 
0.3131007484233056 
0.291336381032238 
0.3052945540737225 
0.3071373164668856 
0.332127308971495 
0.327501575791959 
0.3217252199681068 
0.2979338752844272 
0.2916861243313721 
0.3328374611884294 
0.3111004719520599 
0.3033568060571926 
0.3532577408775449 
0.3415750816948439 
0.3318069902909284 
0.3475579991115558 
0.3639753432689313 
0.3159779125066244 
0.3005227901841588 
0.2829711845446236 
0.2834640319153426 
0.3800645981759403 
0.2816139886410603 
0.2266643607762277 
0.2128353599240451 
0.2518068391623249 
0.3584782106201275 
0.3867662968409262 
0.2868774491754889 
0.323721188404739 
0.2538458212459606 
0.2721506686445125 
0.2445469802842072 
0.2667495234914155 
0.309223606775004 
0.2823323615248429 
0.2777216008237284 
0.2943296152893112 
0.2237435157823093 
0.2564987421817044 
0.2975610618255205 
0.3073299494217461 
0.2727811917942206 
0.2462234028624791 
0.3005243591323334 
0.306687430244644 
0.2421468883842493 
0.2170340204047829 
0.2345542913740889 
0.2541635052703783 
0.3152126035682941 
0.2161683320014333 
0.2971694731262394 
0.2672741989989902 
0.2271808247664502 
0.2116823049922788 
0.2139978939215471 
0.1858199389511319 
0.2461902349326043 
0.2253706752956945 
0.2208777262426374 
0.2448857146234954 
0.2442088008260105 
0.2125085419159071 
0.2663275913119992 
0.2203225725832036 
0.2221706848931103 
0.2172771142419021 
0.2204922554359356 
0.2222223251104526 
0.2135508341651778 
0.219884405616586 
0.1851945393600478 
0.2198346579491538 
0.1818664090915642 
0.1965546252421155 
0.1686294008957039 
0.2375903377487629 
0.2286062720893297 
0.2135027079123223 
0.2251474415528807 
0.2392495367902503 
0.1487136514505575 
0.1419892239075414 
0.1544209200011935 
0.2099569394488986 
0.2160668090535699 
0.2286544908596917 
0.2169811080065751 
0.2104833723148548 
0.2200459905219457 
0.2210319613921858 
0.2166295587237344 
0.229778530607273 
0.0356316942382361 
0.02377715463516618 
0.01761076001660674 
0.0554923398585098 
0.08734325819859012 
0.1644182765058182 
0.2227657422130706 
0.2053946251166976 
0.1456208760124085 
0.1734355924571913 
0.1999887772389342 
0.1419485397925132 
0.1601029876718883 
0.2306762454271851 
0.1959516345918239 
0.1504736744713804 
0.1106754775545836 
0.1189373418575925 
0.1852361413768501 
0.1852066845152394 
0.2136127600777228 
0.2200843058568936 
0.2044588383935076 
0.2006254728843273 
0.1395643037570213 
0.02601837405142995 
0.03962269704704811 
0.1379275500162281 
0.06096345154344757 
0.1478162725374182 
0.2133194404306361 
0.2238175649816248 
0.152434248525816 
0.2175614113123443 
0.1799079877990379 
0.1019674524036906 
0.10351319852145 
0.1847607565782763 
0.1591125284786137 
0.2234604687442227 
0.1440564375224262 
0.1881983908489133 
0.09873267771228664 
0.1666694042467542 
0.1034003210296822 
0.2029070436336879 
0.213976296622533 
0.1289201569552937 
0.1921721774590723 
0.1182704821635015 
0.07025003921291439 
0.04717149946100541 
0.2062553332090308 
0.1491187388400039 
0.1286239296446363 
0.08426839304006153 
0.06678752148408727 
0.09313908802033355 
0.1506705977362433 
0.1041940906178671 
0.1700988102207525 
0.1916391043238832 
0.1904778379884378 
0.05965983764704383 
0.03143429718845985 
0.1901481379594901 
0.08377019814813699 
0.1020431243413261 
0.1196057414371461 
0.1201327612851101 
0.1412805904391269 
0.102729490909966 
0.1811116761092964 
0.07799516877302035 
0.1756082095052201 
0.1692619439506424 
0.04285897634825634 
0.08183029371707751 
0.06028078702315012 
0.09323575165039046 
0.1265152026973157 
0.1767803613483108 
0.1747721751543132 
0.1836221603825835 
0.1491297683977885 
0.02133162964373283 
0.09381210566642582 
0.08220602445823626 
0.1507449189089355 
0.1544838473806349 
0.1005443772954904 
0.03336733851991773 
0.1141843733678938 
0.07249479773360558 
0.04995930027051063 
0.07235612320601398 
0.04561348908621315 
0.06564184480950651 
0.09661457398809764 
0.07873976767097592 
0.1321983166418201 
0.07079891123668314 
0.05625604434682482 
0.1539176587074739 
0.03581517434716375 
0.1620499759609936 
0.1216739905803091 
0.01861299647592071 
0.02400578684822387 
0.05363648101668208 
0.0301236195344061 
0.03174616035210152 
0.05317870967961935 
0.2119696606285054 
0.2105409598636159 
0.2189958526153791 
0.04054725831472672 
0.04443187150107392 
0.220149042326314 
0.2365649453097275 
0.26415038532751 
0.4214598141419594 
0.4106707187506649 
0.2250145294157822 
0.04409416514998242 
0.2325363815852788 
0.1300842779716039 
0.2041641023904991 
0.2406295857924746 
0.2685527781666431 
0.3013419264260553 
0.3863722995844448 
0.2438889439324152 
0.3066603553749044 
0.1117227969134603 
0.1242159612929727 
0.1648813533988356 
0.1965319359218193 
0.200477324143625 
0.1958181727302531 
0.1862055662209953 
0.2057834491321903 
0.1622449736948056 
0.1739605516381047 
0.2235716129798964 
0.2626552214738087 
0.2620491783258107 
0.2443888405156006 
0.2200913089759965 
0.2965729000586078 
0.2494289226855791 
0.1887185470503357 
0.216015481147803 
0.3274681805810095 
0.2445074649440518 
0.3087529529533038 
0.2989235157415911 
0.3139277747486023 
0.2355830885190812 
0.256735355430704 
0.2665379846696969 
0.2625322077589845 
0.3004249215798285 
0.2684583815292938 
0.2068613146158311 
0.3877124727412029 
0.08722607144396655 
0.1825432606583404 
0.04460819770628924 
0.2248138049998769 
0.02882630011826421 
0.06123180754854559 
0.149257268119112 
0.1172241177564529 
0.01787184140225031 
0.2178937014102784 
0.03026000439354679 
0.021715863875024 
0.01718583724911719 
0.2282187288200164 
0.01579943026651855 
0.2284999000910345 
0.227564557255558 
0.01579788390161349 
0.02161686546132334 
0.248623469623143 
0.1609409573838423 
0.1041053172930662 
0.06764838191313058 
0.01615920651203438 
0.2220465058585749 
0.2127291373834595 
0.04151518506303655 
0.2125408664138429 
0.2265034365198216 
0.5110353627774216 
0.52243291054161 
0.5203465262002295 
0.5189817216116096 
0.4973184079310152 
0.5004920746762791 
0.5024649301759682 
0.5042145215385095 
0.505830967738899 
0.5006117079044481 
0.4959527178071017 
0.510413089187634 
0.5002747542883748 
0.504165996010854 
0.5151861392637507 
0.4964435506357542 
0.496352420344326 
0.5009752159275769 
0.5240375054749176 
0.4608635299084243 
0.4713514392216488 
0.4905151308671234 
0.4963673859467512 
0.5052738973217332 
0.3821549171345926 
0.3323033963214421 
0.2810436747869484 
0.2439035970705285 
0.2256339231850677 
0.4602846309404622 
0.4175502328474461 
0.3954727506229583 
0.3736267419405323 
0.4798791662112375 
0.4389997971727195 
0.3523261951084409 
0.3130444629076571 
0.2957510617133704 
0.267283137082732 
0.2549388562832217 
0.2340902456983709 
0.2189461543322109 
0.2137524189456061 
0.4363165716876136 
0.4369771081305293 
0.4342218445268651 
0.429732449366952 
0.4293917822949798 
0.4188526229171449 
0.507411197410064 
0.453520819382702 
0.4808056183855984 
0.415252795193484 
0.4135896764234089 
0.4197687761212894 
0.4911735482344901 
0.3964217519613049 
0.4156588426248659 
0.4078661051177841 
0.3968772225744245 
0.3982925904963497 
0.4015130355703884 
0.4062814773106571 
0.420432252128101 
0.4110701365038891 
0.3480292789617999 
0.4034370123624803 
0.4217635264642465 
0.2244232680645622 
0.2335801304040186 
0.3170153994150033 
0.3487725658653175 
0.3635510841370019 
0.3002986873029389 
0.2720106295609181 
0.2609880668463276 
0.2417197213551346 
0.3327547165339069 
0.3778179470607305 
0.391752182009617 
0.28109968448064 
0.250734775219483 
0.221046509835287 
0.405466737112622 
0.2100202761624424 
0.4106378084346019 
0.3717013258430087 
0.3586099813723667 
0.3662717282972369 
0.3549219722015734 
0.3692201997854065 
0.3426171523266489 
0.3371647013270982 
0.3387218337003479 
0.3478228425371345 
0.3175408049793371 
0.3119153881581096 
0.3260162451204772 
0.3223815513191899 
0.3220882849471035 
0.3113905677669038 
0.3616723197570464 
0.3395540113800424 
0.3267350217389782 
0.3618576967557428 
0.3370950636624582 
0.326804706597897 
0.3339007269765049 
0.3188717429896575 
0.3095518364224454 
0.3422524855387782 
0.2990737838682546 
0.2872876015589654 
0.2585622152501231 
0.2534426503692545 
0.2367875978627026 
0.3520835650312347 
0.3671247773150505 
0.3755479521120772 
0.3383761139778228 
0.3101225792967725 
0.2189294709855092 
0.2269070859937602 
0.3165559486124902 
0.2871274676879123 
0.2913370801310355 
0.2629820540711872 
0.2543171942369652 
0.2473576982123841 
0.2568743757790301 
0.2653954565911452 
0.2872344926634927 
0.2506817036140122 
0.2662777016636291 
0.3031817313156658 
0.3110760389633886 
0.2718099050077889 
0.3924490869785079 
0.2380880942429995 
0.238406352586732 
0.2415835276361789 
0.2086333571032462 
0.2598630275993131 
0.2360056815067682 
0.2302581474313704 
0.2998869386413175 
0.319309101143318 
0.2421037297362896 
0.2348157190156879 
0.2824248951436899 
0.3102208180235215 
0.2280765863385696 
0.1872681085459135 
0.2440001715175949 
0.2574750003026393 
0.1830253976773116 
0.2105240388028852 
0.2918536550803996 
0.03199073046900262 
0.04726025048541765 
0.1663595760366308 
0.1083763729115832 
0.07112208713437224 
0.01747724190107325 
0.1765998696978723 
0.2193786962153313 
0.2497324236686025 
0.2651613525792707 
0.1890848200288208 
0.1965645544386668 
0.2654494475973349 
0.2617995625126214 
0.2289317612196709 
0.2191863705621714 
0.2320049257734817 
0.171307860137848 
0.1655045824327824 
0.1444971560034213 
0.1780157915578316 
0.02248025648496355 
0.03578332436549092 
0.07583804355239331 
0.1122374484191956 
0.05166171197040259 
0.2194380623877073 
0.2325681604680713 
0.2215759670231711 
0.2199523646169387 
0.2170266020379678 
0.2141826463125911 
0.2211369101973036 
0.1723571970232537 
0.1736880783213572 
0.2379491334547449 
0.137164192775071 
0.2046099888360262 
0.2209548771178266 
0.1663055637900938 
0.1781977330552153 
0.2286945463279424 
0.1717847536338095 
0.1596689650472947 
0.1143165866323075 
0.08059026814026685 
0.05725118847602501 
0.04165516755277367 
0.02546337350622511 
0.2255960473564187 
0.2235171210693842 
0.2089364718897757 
0.2163424744083737 
0.2200854583645176 
0.2186443010216683 
0.2218536615754808 
0.2488125068986422 
0.1138639921894525 
0.1788252893413314 
0.1318787312120101 
0.1207142722278187 
0.1200980987196091 
0.1051675276535566 
0.1308798409740761 
0.1997416257589035 
0.121843273450981 
0.2174483576278551 
0.1710072288441092 
0.2208022183808786 
0.0624352761591305 
0.08274812895877602 
0.03134580396154365 
0.1754519721446314 
0.2130167223829154 
0.2009450139349206 
0.1330216690050537 
0.1865018055387326 
0.2212463620099889 
0.08572855093179037 
0.0695546633189206 
0.1293968947067629 
0.08245203734337107 
0.2315173695743842 
0.1857684455704554 
0.2000552167794696 
0.1129454457801923 
0.05035165826187268 
0.1357649105871923 
0.1982152901433181 
0.08192072571704315 
0.1491801923869248 
0.1091238140528463 
0.04974150358894 
0.06284527586052714 
0.1840067715631064 
0.09565420422472631 
0.0538138639579863 
0.02535928171359429 
0.2127314555048389 
0.1307122227343276 
0.1046105862900008 
0.1830114707168936 
0.09696260524794792 
0.1644590578066411 
0.1214439720574944 
0.02821317824204527 
0.08111292459258795 
0.04058655424134705 
0.01875322990163103 
0.1793483853888301 
0.1560535766164463 
0.1663448308061065 
0.1989517861830983 
0.03715389664427386 
0.1544756589185302 
0.02009239645721879 
0.102354988073089 
0.06822295439458224 
0.04973515257648353 
0.1873796738605418 
0.03022506841879945 
0.1277071750866636 
0.09115978910887097 
0.03075612482401225 
0.06610438134778907 
0.04542230508853171 
0.1206418801576831 
0.06939931072520185 
0.02349066958139049 
0.4551115972880995 
0.2146346854451064 
0.4202433920214695 
0.4237831841711086 
0.2276148959358474 
0.3798750123620073 
0.2244799077165229 
0.1423289885570829 
0.1545960153716029 
0.347329648005206 
0.228425830335072 
0.03889812973914097 
0.2157415508303989 
0.2310975328685792 
0.2349169500428673 
0.2887300783643185 
0.3111617205005811 
0.2777300618037533 
0.04481448508312837 
0.2618767950832895 
0.2448447013846744 
0.2383679628214827 
0.2158085102214675 
0.06457171317075765 
0.09986286898576086 
0.2325426279257112 
0.2463100787547743 
0.2205862273344434 
0.2635781252805458 
0.2810520388436829 
0.2870030944069608 
0.2868114813362987 
0.2508848948767756 
0.2668221688051874 
0.2769899976644795 
0.2946167286758259 
0.3091419219404067 
0.301269010447872 
0.2815591626653348 
0.266011725800941 
0.2428963014604846 
0.2344783793765405 
0.1451184615409936 
0.08056417794389362 
0.240881508988139 
0.221193038348964 
0.1929625228385805 
0.2279745998259624 
0.2556579026192835 
0.2632746191579501 
0.2827722016176589 
0.2126751451666898 
0.2084400522741241 
0.2697921949911888 
0.2176762294390744 
</DataArray>
<DataArray type="Float64" Name="displacement" NumberOfComponents="3" format="ascii">
0.0002666810256928936 0.0005716201505545649 0 
0.0002419868466917325 0.0007242864286506659 0 
0.0002089920781355938 0.0009153330136183416 0 
0.0001624937716622614 0.001131580446184073 0 
0.0001024419250391679 0.001351305315392352 0 
3.334903761239698e-05 0.001554660624961857 0 
0.0002186844260700978 0.0005996629572310022 0 
0.0001969442384814835 0.0007861967082136185 0 
0.0001621722482209908 0.00103064261396659 0 
0.0001078188570219255 0.001304241723802914 0 
3.713731241233709e-05 0.001566182540535284 0 
-3.946613818774288e-05 0.001788524829783523 0 
0.0001786203478918144 0.0006258598586074438 0 
0.0001693299890960418 0.0008905685841505146 0 
0.0001323623791099351 0.001243440915462985 0 
6.167387371526954e-05 0.001607759706971246 0 
-2.341847761288808e-05 0.001902702680918738 0 
-0.000105986960860266 0.002114102823452952 0 
0.0001915105362248476 0.0006275223656263942 0 
0.0002856977484726621 0.001276801210427891 0 
0.0001888588652560276 0.001883185497213128 0 
6.072921493707779e-05 0.00225568815456148 0 
-5.451735409819301e-05 0.002447379098103587 0 
-0.0001460653630425512 0.002554408019532975 0 
0.0001939356658313759 0.004989790104572371 0 
0.0002878504447130256 0.004338561405520978 0 
0.0001903754398019267 0.003729249230128283 0 
6.148995083423801e-05 0.00335527854026593 0 
-5.428457888740906e-05 0.003163213536799493 0 
-0.0001460872986416897 0.003056149763938724 0 
0.0001811425834956804 0.004991534945100449 0 
0.0001715622815290979 0.004726404154900762 0 
0.0001340740311490228 0.004372451827496599 0 
6.273106527958806e-05 0.004006622472054512 0 
-2.30114488662823e-05 0.003710256596105858 0 
-0.0001060236075898776 0.003497835275296679 0 
0.0002213134185669076 0.005017821015884241 0 
0.0001991916867103322 0.004831208351861096 0 
0.000164044550651242 0.004586237279942508 0 
0.0001091552140723512 0.00431181551028656 0 
3.785208213172467e-05 0.004048654138496074 0 
-3.929618739075188e-05 0.003824924172421039 0 
0.0002690456111761779 0.005046021012163404 0 
0.0002444009353519517 0.004893312996509353 0 
0.0002109955915621134 0.004702033285053175 0 
0.0001640050003669185 0.004485321549332539 0 
0.0001035166575066836 0.004264657213780706 0 
3.401332922545801e-05 0.004059936217597548 0 
-0.001000355870361619 0.002838709527807556 0 
-0.0009923104612017566 0.002900596549542026 0 
-0.0009763586013143314 0.002963381665692278 0 
-0.0009178916143343673 0.003057642225345753 0 
-0.0008795385250324606 0.003081937184324183 0 
-0.0008396306712159482 0.003102346264669886 0 
-0.0007986048118987712 0.003120465146179712 0 
-0.0007566530242419805 0.003137462947746479 0 
-0.0007139159586938322 0.00315420818337267 0 
-0.0006708427786116603 0.003171489119188974 0 
-0.0006277442915180691 0.003190386716834683 0 
-0.0005843671865306572 0.003211167966391238 0 
-0.0005403326562717122 0.003234841526142028 0 
-0.0004952244723116604 0.003262458468904035 0 
-0.0004487619593298489 0.003295212811513076 0 
-0.0004006774469194977 0.003335036899603128 0 
-0.0003502298892639897 0.00338478765785986 0 
-0.0002967527560440053 0.00344568070764025 0 
-0.0002395039563006426 0.003521105925855852 0 
-0.0001775609529311612 0.003615512863515002 0 
-0.0001105608923924447 0.003733851380316201 0 
-3.91745482472117e-05 0.003881012893174871 0 
-0.0009533279375000274 0.003027442359370249 0 
-0.0008382213872217458 0.002511960867523189 0 
-0.001000334738633236 0.002777155984137607 0 
-0.0009922754034424684 0.002715302284571104 0 
-0.0007970938218558022 0.00249401645940265 0 
-0.0009540771099898004 0.002588946417004012 0 
-0.0002388099969512345 0.002092233578551131 0 
-0.0005397003332592707 0.002380093892728849 0 
-0.0009764802439098684 0.002652605381142845 0 
-0.0009185409379655224 0.002558392701087462 0 
-0.0008787826556887223 0.002532465713143597 0 
-0.000583818942104603 0.002404095128256577 0 
-0.000296259308900041 0.002168213554195778 0 
-3.930630218721136e-05 0.001732331488618583 0 
-0.0001101587129482513 0.001879005983175088 0 
-0.000176854520358146 0.001997382170269305 0 
-0.0003497942661710718 0.002229341108565883 0 
-0.0004002125515508335 0.002278746547551337 0 
-0.0004482691438531292 0.002319080030583231 0 
-0.0004945702103637809 0.002352232837685838 0 
-0.000627301629850604 0.002424888002447535 0 
-0.0006703760410481194 0.002443459605215117 0 
-0.0007130873471543947 0.002460670594755666 0 
-0.0007553594813452528 0.002477260517487069 0 
-0.0001145187363192997 0.0036474422379325 0 
-0.0001801365587847433 0.003352749815281581 0 
-0.0002193912350164044 0.002996994783608172 0 
-0.0002192882242915083 0.002613726807995262 0 
-0.0001799039372344889 0.002258702732824793 0 
-0.0001143506131799465 0.001964981347187438 0 
-0.0001836616154559056 0.003512302693884581 0 
-0.0002444742934155867 0.003252187455781182 0 
-0.0002797500517094749 0.002958920293426293 0 
-0.0002796440096661425 0.00265219089277057 0 
-0.0002442048009011888 0.002359320616805672 0 
-0.0001833219103604131 0.00209982131775833 0 
-0.0002461680519197197 0.003410179851167339 0 
-0.0003009147818145837 0.003180916882892274 0 
-0.0003317161115116378 0.002933202941320761 0 
-0.0003316226878697061 0.002678492116303035 0 
-0.0003006584424183731 0.002431038012458212 0 
-0.0002457604483179243 0.002202204123925063 0 
-0.0003027841944057074 0.003332460985305907 0 
-0.0003515261172662102 0.00312900998456881 0 
-0.0003782509994646806 0.002915044146899629 0 
-0.0003781583096711231 0.002697302327351218 0 
-0.0003512662206517774 0.002483556797365155 0 
-0.0003023735464426754 0.002280480295045068 0 
-0.0003547110136666643 0.003272451581438775 0 
-0.0003980030295887949 0.003090115266480502 0 
-0.0004212510069351119 0.00290170859181993 0 
-0.0004211453979107799 0.002711212174278365 0 
-0.0003977040481063826 0.002522999298124318 0 
-0.0003542735932858 0.002341025949422506 0 
-0.0004030712993300827 0.003225256263631714 0 
-0.0004415907753815379 0.003060203419000275 0 
-0.0004619607026209962 0.002891582835463194 0 
-0.0004618445618867778 0.002721767032967159 0 
-0.0004412582119275311 0.0025532737189135 0 
-0.0004025767839698902 0.002388470549031953 0 
-0.0004487173733367918 0.003187667201291502 0 
-0.0004832136802959373 0.003036776762318357 0 
-0.0005012489891613041 0.002883723988486542 0 
-0.0005011400939075708 0.002729959843533288 0 
-0.0004829019688174801 0.002576953138013444 0 
-0.0004482631895139693 0.002426122080344954 0 
-0.0004925327174279826 0.00315771947054752 0 
-0.0005236402870570293 0.003018246661130299 0 
-0.0005397785006554088 0.002877554294375105 0 
-0.0005396869089546362 0.002736462364624959 0 
-0.0005233784119315262 0.002595799301215484 0 
-0.0004921363469271223 0.002456394404734199 0 
-0.0005352566298933353 0.003133433693299626 0 
-0.0005634847221942104 0.003003344547886649 0 
-0.0005780539192626169 0.002872631637118742 0 
-0.0005779735292961079 0.002741727430183391 0 
-0.0005632470924343826 0.00261105951608888 0 
-0.0005348549097231631 0.002481070606519189 0 
-0.0005772857452144119 0.003113237512756868 0 
-0.0006031435628417117 0.002991055237700549 0 
-0.0006164182271555085 0.002868590280025319 0 
-0.0006163356943400069 0.002746064090171167 0 
-0.000602901522863735 0.002623665022556755 0 
-0.0005768781065607826 0.002501594354435855 0 
-0.0006189095632267913 0.003096027124380552 0 
-0.0006428579994867468 0.002980618207190577 0 
-0.0006550734843024064 0.002865143222447632 0 
-0.0006549753129577202 0.002749687614809975 0 
-0.0006425780465037974 0.002634299966818423 0 
-0.0006184918521948884 0.002519051043937583 0 
-0.0006603774031649929 0.003080924877886623 0 
-0.0006827653301278802 0.002971467442382466 0 
-0.0006941159220066957 0.002862085127933192 0 
-0.000693993790777941 0.002752761549011151 0 
-0.0006824206941393021 0.002643459123623799 0 
-0.0006598868176215876 0.002534159669156555 0 
-0.0007018080811108544 0.00306726772647145 0 
-0.000722908835766672 0.002963213240704002 0 
-0.0007335637500878796 0.002859296868629567 0 
-0.0007334205548290799 0.00275544567437464 0 
-0.0007225019359137901 0.002651570487244475 0 
-0.0007012266556950395 0.002547592514624592 0 
-0.0007432356937507673 0.003054696917291937 0 
-0.0007632720035286381 0.002955600358488433 0 
-0.0007733738569363851 0.002856718974713524 0 
-0.0007732184483608182 0.00275791019930553 0 
-0.0007628183621084931 0.002659038038247228 0 
-0.0007425385648918512 0.002559987469251717 0 
-0.0007846021413935282 0.003042650945942482 0 
-0.0008037590214922154 0.002948321283766418 0 
-0.0008134224790898503 0.002854280646569203 0 
-0.0008132669292582966 0.002760325189288455 0 
-0.0008032800506511661 0.002666262531115793 0 
-0.0007837633640974646 0.002571938742846913 0 
-0.0008256562596844119 0.003030447030156334 0 
-0.0008441300528617264 0.002940972753602947 0 
-0.0008534458057346872 0.002851866547392402 0 
-0.0008533139354237767 0.002762864733699006 0 
-0.0008436906673766878 0.002673684297154473 0 
-0.0008247791220290055 0.002584104234565585 0 
-0.0008660467653065679 0.003017336600819502 0 
-0.0008839626178075275 0.002933071766361066 0 
-0.0008929786310342497 0.002849313573508768 0 
-0.0008928958578623696 0.002765707791723176 0 
-0.0008836790083744424 0.002681841001112511 0 
-0.0008653761759108523 0.002597309236179297 0 
-0.0009052938822905853 0.003002437783562838 0 
-0.0009226098927983281 0.002924062904418769 0 
-0.0009313087580926861 0.002846417496465613 0 
-0.0009312777285220843 0.00276899808244796 0 
-0.0009225164001878288 0.00269129849672468 0 
-0.0009051306964897286 0.002612708013402206 0 
-0.0009425633297545209 0.002984681358453715 0 
-0.0009591140890760262 0.002913398627594474 0 
-0.0009674904531284392 0.002842952621856234 0 
-0.0009674754405608268 0.002772793750274242 0 
-0.0009591056653423527 0.00270240609043692 0 
-0.0009426731412028169 0.00263126246193837 0 
0.0005212292615475159 0.005657412184733561 0 
0.0005179140131536534 0.00564375631044832 0 
0.0005132636033240019 0.005629930593315828 0 
0.0005071088771513355 0.00561577236907202 0 
0.0004992901920905455 0.005601103029255597 0 
0.0004896385044986717 0.005585812941574696 0 
0.0004779971059988289 0.005569562937301083 0 
0.0004643139433400747 0.00555217217785075 0 
0.0004484989409256815 0.005533404400028545 0 
0.0004304019215899026 0.005512951410234028 0 
0.0004099183617706071 0.005490437386151486 0 
0.0003869765261180428 0.005465475354305127 0 
0.0003615444397389737 0.005437715434805287 0 
0.0003336860875233089 0.005406768662478007 0 
0.000303686217304352 0.005372292066670849 0 
0.0002720743078575521 0.005333495324253194 0 
0.0002394123463167807 0.005289442709477677 0 
0.0002066558299638292 0.005238863667423855 0 
0.0001749195097460936 0.005178442441209861 0 
0.0001457806963829575 0.005100647733893794 0 
0.0001432858510962934 0.0005166768370539157 0 
0.0001724105059186216 0.0004390401102024916 0 
0.0002041222725880504 0.0003788568011569862 0 
0.0002368413602488228 0.0003285463685200626 0 
0.0002694529870887974 0.0002846771363564275 0 
0.0003010049178146871 0.0002460900994634096 0 
0.0003309362583764093 0.0002118332170507239 0 
0.0003587169569523807 0.0001809934343959002 0 
0.0003840841797951436 0.0001532553637170138 0 
0.0004069908717353783 0.0001282382951541571 0 
0.0004274758427183809 0.0001055809481431974 0 
0.0004456106895002627 8.493269124476837e-05 0 
0.0004614886411380452 6.597820986686165e-05 0 
0.0004752406984785506 4.844044128673345e-05 0 
0.0004869350637002587 3.202373904308373e-05 0 
0.0004966612502571876 1.652529234523089e-05 0 
0.0005045745128687253 1.800419470674746e-06 0 
0.0005107503350889341 -1.223482816775148e-05 0 
0.0005153765895322923 -2.604797709182067e-05 0 
0.0005186809405432507 -3.9694815331228e-05 0 
0.0005208780219130736 -5.331203897737108e-05 0 
0.0005221338311564732 -6.710004491301445e-05 0 
0.0005226992348079945 -8.107086390593385e-05 0 
0.0005228880875112086 -9.519552099587905e-05 0 
0.0005348207570586477 -0.0001093801483897089 0 
0.0005465880950328687 -0.0001093610402491166 0 
0.0005584211386132823 -9.529477270937262e-05 0 
0.0005584815147878956 -8.1893010602877e-05 0 
0.0005580096217637699 -6.930073840116196e-05 0 
0.0005569546099676166 -5.735854010004807e-05 0 
0.0005551506264454293 -4.59655394626886e-05 0 
0.0005524389678144595 -3.484999294209319e-05 0 
0.000548801605924109 -2.395421026677649e-05 0 
0.0005441520800149 -1.334302234321171e-05 0 
0.0005383363404976923 -2.209777734002133e-06 0 
0.0005310886940799046 9.385557151228022e-06 0 
0.0005223791204880148 2.167383594065424e-05 0 
0.0005121728096919546 3.490491127878498e-05 0 
0.0005004535823706225 4.936248914813916e-05 0 
0.000487191858551401 6.537565371289939e-05 0 
0.0004723774002054791 8.332240789973408e-05 0 
0.0004560078647146324 0.0001035830492226387 0 
0.0004381376919041394 0.0001266488144046171 0 
0.0004189017951480667 0.0001531176765757925 0 
0.0003984822524861995 0.0001835568992789072 0 
0.0003770873916876373 0.0002191192551876463 0 
0.0003550501645515327 0.0002612736464461461 0 
0.0003327674320583647 0.000312052828781671 0 
0.0003107587013208133 0.0003751143873644607 0 
0.0002890332673963084 0.0004573881657847115 0 
0.0003800971672913242 0.005399169552309607 0 
0.0005607719679728027 0.005727006036316111 0 
0.0005254302471374944 0.005727043548209032 0 
0.0005229274077411478 -0.000109365661051916 0 
0.0004220109973611071 0.005465582942092211 0 
0.0002920332772845132 0.005160139592357155 0 
0.0005577237538577629 0.005663631671262693 0 
0.0005583175465416027 -0.0001093212854056577 0 
0.0004751228115768724 0.005535230910504529 0 
0.0005145875690843913 0.005583060624488414 0 
0.0005466505216046828 0.005630899088757826 0 
0.0004015592732951063 0.005434950624974962 0 
0.0005550811717614742 0.005652609614320864 0 
0.0005514359111573756 0.005641771256999408 0 
0.0003138336504258256 0.005242408207601018 0 
0.0005247248265525248 0.005596187634381695 0 
0.0004897951854674108 0.005552995167857955 0 
0.0005029446244273132 0.005568790842390759 0 
0.0003357877957386614 0.005305678861619281 0 
0.0004589131222116313 0.005515068606222705 0 
0.0005333883640278887 0.0056083867817825 0 
0.0005406575737542463 0.005619802646171301 0 
0.0003580194253271228 0.005356794261155358 0 
0.0004411927495875852 0.005492070888774262 0 
0.0005594864861056165 0.005675051581764844 0 
0.0005605106367666784 0.005687010051674858 0 
0.000560960667511382 0.005699502323060815 0 
0.0005608669180599189 0.00571297462563944 0 
0.0005490582963962699 0.005727040195117976 0 
0.0005373067176829353 0.005727059673925772 0 
0.0005253903396746854 0.005712895623445418 0 
0.0005252142547598508 0.005698765550083328 0 
0.0005246700445466492 0.005684823457157257 0 
0.0005234183575222854 0.005671056385126009 0 
0.0001943622921070983 0.005123173009121354 0 
0.0002442010123782338 0.005142314653921632 0 
0.0002204481810852162 0.005203395558317219 0 
0.0002677345173016216 0.005224499398981236 0 
0.0002493636970947376 0.005264977212605403 0 
0.0002930681849854136 0.005287358605122654 0 
0.0002794177409413921 0.005315917443728296 0 
0.0003191581790757167 0.005338474120308604 0 
0.0003091230186342157 0.005359416185023354 0 
0.0003450046244670041 0.005381307056115548 0 
0.0003375729948400991 0.005397109004668248 0 
0.0003698958415586148 0.005417892602930026 0 
0.0003643191323057324 0.005430127446983466 0 
0.0003934167887484595 0.005449554227398012 0 
0.0003891094725316935 0.005459279712237349 0 
0.000415326514126826 0.005477208093228468 0 
0.0004118105371508931 0.00548509936436452 0 
0.0004354921668678051 0.005501456823474178 0 
0.0004323799245944541 0.005508106259570809 0 
0.0004538442993053733 0.005522880718804161 0 
0.0004508246549126516 0.005528697767654596 0 
0.0004703789689346879 0.005541908984041897 0 
0.0004671746265129035 0.005547284137619945 0 
0.0004851011121753521 0.005558953295337466 0 
0.000481491597513384 0.005564269151396239 0 
0.0004980461241765444 0.005574449391139647 0 
0.0004938747109488314 0.005579999979332179 0 
0.0005092787221193585 0.005588767034886578 0 
0.0005044298922266721 0.005594674718354935 0 
0.0005188767827055428 0.005602100969106636 0 
0.0005132570057658804 0.005608445561424842 0 
0.0005269093861884804 0.005614602764897311 0 
0.0005204398652918522 0.005621708325645229 0 
0.0005334749046369643 0.005626679731570623 0 
0.0005261127249269313 0.005634587500950742 0 
0.0005386962931535749 0.005638477244711183 0 
0.0005304153490532179 0.005647256301270108 0 
0.0005426802146881544 0.005650159229214814 0 
0.000533497911047416 0.005659887103424941 0 
0.0005455489567844629 0.005661918407316857 0 
0.0005355391207070315 0.005672670630750229 0 
0.0005474430499621597 0.005673975167431849 0 
0.0005367023535816695 0.005685717179277639 0 
0.0005485463991231045 0.005686435667441142 0 
0.0005371791324181243 0.005699117002735209 0 
0.0005489899335169949 0.005699363976507182 0 
0.0005373009335250395 0.005712990090503817 0 
0.0005490874575364462 0.005713031986688179 0 
0.0002414811955608544 0.0004750664463474159 0 
0.0001917303077388872 0.0004941630267124727 0 
0.0002649139425295707 0.000393018041331863 0 
0.0002178014958561955 0.0004141041550239597 0 
0.0002902357375073914 0.0003304024183141963 0 
0.0002466957239449643 0.0003527689500453821 0 
0.0003163105230687407 0.0002795802543527662 0 
0.0002767179266027608 0.0003021078912549081 0 
0.0003421235763420865 0.0002369425238339243 0 
0.0003063793088504186 0.0002587990308582331 0 
0.0003669715170064054 0.0002005769076253354 0 
0.000334780675882622 0.0002213227532404735 0 
0.0003904556869010242 0.0001691355211159068 0 
0.0003614733502035591 0.0001885287984079054 0 
0.0004123661941573581 0.0001415643379655738 0 
0.0003862180580400563 0.0001594848417022669 0 
0.0004325804370814248 0.0001172875301329836 0 
0.0004089024905030771 0.0001336677214310021 0 
0.0004510133435217702 9.576452622311509e-05 0 
0.0004294854968676937 0.0001105796738977563 0 
0.0004676384797092125 7.654751490329354e-05 0 
0.0004479749901241813 8.981551638386941e-05 0 
0.0004824533094188488 5.927234936697557e-05 0 
0.0004643941117115058 7.100808814893541e-05 0 
0.0004954880908286368 4.357699122048823e-05 0 
0.0004787906900669197 5.382268267842758e-05 0 
0.0005067864473271028 2.913657805123455e-05 0 
0.0004912426667928939 3.794822006039429e-05 0 
0.0005164121354565912 1.56787088890078e-05 0 
0.0005018419288181642 2.312459136466887e-05 0 
0.0005244405038766982 2.957260310771985e-06 0 
0.000510708459227957 9.131500129722725e-06 0 
0.0005310046615821308 -9.190212411965816e-06 0 
0.0005179370445268966 -4.19887383002516e-06 0 
0.0005361649829545966 -2.073895622839695e-05 0 
0.0005236058265699171 -1.689315193434658e-05 0 
0.0005400937064066388 -3.23949412048491e-05 0 
0.0005278714787149098 -2.952138348090178e-05 0 
0.0005429776777295953 -4.420650772110494e-05 0 
0.000530941909183039 -4.216311432383511e-05 0 
0.0005449074248134637 -5.626014650898977e-05 0 
0.0005329973068623682 -5.49372840788951e-05 0 
0.000546021986311271 -6.872022818050733e-05 0 
0.0005341681002861669 -6.79977460221019e-05 0 
0.0005465007004969134 -8.171949945669538e-05 0 
0.0005346735709284411 -8.144380902210795e-05 0 
0.0005466147489441834 -9.535013431732344e-05 0 
0.000534812212089194 -9.529997898053834e-05 0 
-0.0003227784521672249 0.004156771487704808 0 
-0.0002083993019541194 0.004438676714212251 0 
-0.0001164785852877019 0.004728508164812308 0 
-4.973825908786706e-05 0.005022946577964177 0 
-9.480397498952249e-06 0.005319790384126244 0 
0.0002126977443573829 0.005617830769003014 0 
0.0003896881753085727 0.005617830769003014 0 
0.0005417670733710061 0.005617830769003014 0 
0.000661970348499248 0.005617830769003014 0 
0.000751110534804086 0.005617830769003014 0 
0.0008146861514788438 0.005617830769003014 0 
0.0008353480253455996 0.005617830769003014 0 
0.0008431042532302741 0.005617830769003014 0 
0.0008390652793009317 0.005617830769003014 0 
0.0008297426204126449 0.005617830769003014 0 
0.0008188230345218792 0.005617830769003014 0 
0.000808103241689419 0.005617830769003014 0 
0.0007911815811802528 0.005639953511889663 0 
0.0007791775574968676 0.005661236077444304 0 
0.0007595431670214417 0.005680591932994941 0 
0.0007333288260449833 0.005697008402430797 0 
0.0007021248578425495 0.005709736417581323 0 
0.0006677461401502023 0.005718535070220729 0 
0.0006319568454706842 0.005723695172549765 0 
0.0005960461833760955 0.005726031087239486 0 
0.0007951318311415481 0.005617830769003014 0 
-0.0008635660433527433 0.003207468771721849 0 
4.222783084125401e-06 0.005617830769003014 0 
-0.0007372443464708435 0.003409835240260715 0 
-0.0005974598374235677 0.003637217701226771 0 
-0.0004550570369945377 0.003887807916400012 0 
0.0002308908993543081 0.004617267273490712 0 
0.0003015944098811036 0.004940888348477748 0 
0.0003246438345071441 0.005069487927901206 0 
0.0002715338420693273 0.00478857017255448 0 
0.0001778688613433509 0.004436644842947071 0 
0.0004372369860096885 0.005445834096807199 0 
0.0004712486078955093 0.005502003119947213 0 
0.0005028236407836463 0.005545475671504675 0 
0.0005161207913309868 0.005562929912933769 0 
0.0005273082658810444 0.00557783505473983 0 
0.0005368910950937495 0.005590933528440142 0 
0.000365135758302556 0.005252970985463342 0 
0.0003838468911843927 0.005316267894446955 0 
0.0004022989631908964 0.005368175600574527 0 
0.000345203819639681 0.00517285607159816 0 
0.000420420419966245 0.005410984192239306 0 
0.0004545473831862541 0.005475830333815563 0 
0.0004880441184386681 0.005525451328408794 0 
0.0005460096387650428 0.005603121389884574 0 
0.0005547448540460557 0.005614747291878228 0 
0.0005637312454531893 0.005634197687772913 0 
0.0005677532779599931 0.005643850610789087 0 
0.0005723738201426306 0.005663078542371821 0 
0.0005782344814279228 0.005682803087116481 0 
0.0005846821389128395 0.005693089096651712 0 
-0.0003365577970356132 0.003498293397887142 0 
-0.0002095923762498508 0.003659557256181447 0 
-0.0001483738814831058 0.003741564505282267 0 
-8.626611307710206e-05 0.00383677086334377 0 
-2.135386049693842e-05 0.003951807249965942 0 
0.0001156934090156089 0.004260199674733276 0 
4.705855624756316e-05 0.00409377290121933 0 
-0.000656825617694048 0.003276731046412574 0 
-0.0005351774789610725 0.003359760473091198 0 
-0.0004337920745279255 0.003424391890603742 0 
-0.0003861645068894033 0.003456573751785791 0 
-0.0002711440018569997 0.003582807630628739 0 
0.0003299589172139068 0.004859440809048621 0 
0.0003556246311323443 0.004984627830063842 0 
0.0003760983424608774 0.005093530437974455 0 
0.000294664745854579 0.004718169333729354 0 
0.0003957653416635913 0.005185640109365301 0 
0.0002478449263662546 0.00456483242569196 0 
0.0005608801133847076 0.005625006106075288 0 
0.0005740122633259063 0.00567305128167139 0 
0.0005708727821479056 0.005653420106154558 0 
0.0005535802055504129 0.005585630012013847 0 
0.0005448168164394977 0.005571232950793868 0 
0.0005595359158143967 0.005597337036017349 0 
0.0004319768169328902 0.005324103513774203 0 
0.0004901271331882206 0.005482924444266492 0 
0.0004476985936749572 0.005376553186809186 0 
0.000477517063601572 0.005454499560161418 0 
0.0005039097501177502 0.00550889148589675 0 
0.0004633115695383702 0.005420087671782882 0 
0.000518871639069592 0.005532704571061147 0 
0.0005330764845238209 0.005553663977310715 0 
0.0005657835752515933 0.005607763231832257 0 
0.0005854809709640079 0.005645102865388236 0 
0.0005972754085157257 0.005683898907694679 0 
0.0005759118823210966 0.00561908945779414 0 
0.0004148904992530861 0.005261312324011002 0 
-0.0007420845294609704 0.003244339696556479 0 
-0.0006412103681625008 0.003251670455937785 0 
-0.0004820193541939084 0.003395443186233317 0 
9.475071342543721e-06 0.004034336717513659 0 
-4.664909984765036e-05 0.003947525912614495 0 
6.504665004507354e-05 0.004134387013386001 0 
-0.0001791457430162835 0.003784044137012684 0 
-0.0002762501526243083 0.003633000604014676 0 
-0.0006954885517145789 0.003270576428007612 0 
-0.0001061363761374914 0.003868408259920427 0 
0.0001248349482733664 0.004257250350980749 0 
-0.0007845785718778802 0.003219838879453423 0 
-0.0003053640180172924 0.003622631144027633 0 
-0.0004718218602708437 0.00350960622202693 0 
-0.0008403703611705819 0.003211645888391864 0 
0.0001913297166373409 0.004413660971061838 0 
0.0005975738801276666 0.005704564116744837 0 
0.0005891519637172834 0.005663807274376429 0 
-0.0007280596888083015 0.003352558006418054 0 
0.0003559532931155071 0.004806522334617661 0 
0.0004060571659571115 0.005028764395805634 0 
0.0003870621784977013 0.004927054292322254 0 
0.0004210134843050666 0.005116049682168083 0 
0.000312779068180402 0.004669634301371517 0 
0.0004417860442257537 0.005196023729447665 0 
0.0005383104018844125 0.005514439770657876 0 
0.0005759142105822362 0.005578556585828472 0 
0.0005329838834884955 0.005490178695718132 0 
0.000550583584921188 0.005537975869240363 0 
0.000479361357157719 0.005329848665775664 0 
0.0004927654344397916 0.005382712210078822 0 
0.0005062080381802118 0.005426106161134869 0 
0.0005641664059423787 0.005559682200063081 0 
0.0005840876154754731 0.005594311461332898 0 
0.0005816023947983703 0.005610594643803456 0 
0.0005839613143322793 0.00560467534804803 0 
0.0005944351889171887 0.005619365797921418 0 
0.0002647460536103838 0.004537415484600128 0 
0.0004624326518468541 0.005266510115255267 0 
6.121056342140817e-05 0.004145457789574234 0 
0.0001099707183036643 0.004223156544094982 0 
0.0001519555085860793 0.004302273561913227 0 
1.077948578501587e-05 0.004078815967254287 0 
-4.239315479817985e-05 0.004019765249554315 0 
-8.864491087580145e-05 0.003985075424351071 0 
-0.0002504964565380151 0.003772889250086256 0 
0.0001806673956053359 0.004367283350200893 0 
-0.0004057385081935792 0.003559663605964322 0 
-0.0006746841381354036 0.003375880655385076 0 
-0.000743614956598077 0.003361344360985973 0 
-0.0005612873223042571 0.003431150904605557 0 
0.0005865122383786761 0.005631776477587934 0 
0.0005928850704723863 0.005676658717305758 0 
0.0003726812557467244 0.00473362776672316 0 
0.0004545996636916202 0.005134457820167158 0 
0.0006086029561215426 0.005614828038657186 0 
8.131800982599338e-05 0.004225075692810184 0 
0.0005819123298438006 0.005541072598572234 0 
0.0005259983758345772 0.0053366812621867 0 
0.0002089643407772058 0.004402188691245369 0 
0.000132787032878645 0.004287055369876605 0 
0.0005081880116423176 0.005267382590640354 0 
0.000308506592802857 0.004593782913327555 0 
-0.0006031626776082784 0.003524850737752561 0 
-0.0003801946268924221 0.003684122688385894 0 
-0.0003502330972889664 0.003596931946883622 0 
0.000609789472845026 0.005668973605694638 0 
0.0006090146385861502 0.005630541005647577 0 
-0.0004642286607500841 0.003609857621663485 0 
0.0006095124916483472 0.005655355433488767 0 
0.0006113533519427177 0.005684828278500401 0 
-0.000259809700097779 0.003899737561820308 0 
-0.000628492780574775 0.003535662411581907 0 
-0.0005280326147804261 0.003575715380350347 0 
-0.0001862315543980506 0.003939174677873546 0 
0.0006024470696289929 0.005644166382561617 0 
0.0006374988008227914 0.005667012706640094 0 
0.0004479193382156811 0.00500346458016817 0 
-0.0001318703110952634 0.003965914007661137 0 
0.0006063850695992741 0.005583547878869757 0 
0.0006219621092942223 0.005605345169888464 0 
0.0006295066446230413 0.005627058912029639 0 
0.0005943925658827156 0.005311612097816601 0 
0.0004043490298730038 0.004766304330961673 0 
0.0005749987626796277 0.005460721228397752 0 
0.0005864905618510848 0.005504727142880812 0 
0.0002698407208775807 0.004516665345286551 0 
0.0001908104045486388 0.004407762733892249 0 
0.0005787454860018828 0.005409776395218599 0 
0.0003181711855598773 0.004596609496430009 0 
9.705444287564883e-06 0.004745245944093712 0 
-0.0001120680046029477 0.004469670963264098 0 
-0.0005405085085244789 0.003705929834904649 0 
-0.0003928975665123354 0.003946155215796998 0 
-0.0002480149911869619 0.004202156639557872 0 
0.000189308717639257 0.005320150569896418 0 
-0.0004920748741499138 0.003742719175277915 0 
0.0006463387629717375 0.005639008594388333 0 
0.0004778414505930804 0.004910240458061834 0 
0.0006319912872574211 0.005583657308299775 0 
0.0006114846137946024 0.005540089962120482 0 
0.0006505709495964899 0.005621984817259314 0 
0.0005152451125695274 0.005097009645377449 0 
0.0001477088719415415 0.004392296836732849 0 
0.0006386361769460332 0.005682937911588346 0 
0.0006328535872467148 0.005654046249222089 0 
-4.777530228254414e-05 0.004150696291777724 0 
0.0006457615679183112 0.005513967300444812 0 
0.0006479647270753343 0.005371444329086235 0 
0.0006375488271792684 0.005475115607303353 0 
0.000353863717593853 0.004671804260630599 0 
0.0004378760725696064 0.004812164372933426 0 
0.0003711390036343887 0.004689249881804636 0 
0.0001144949122459399 0.005031072695252463 0 
8.922456824977234e-05 0.004714781149145081 0 
-0.0001933876474892894 0.004210349039838741 0 
-0.0003426605835904612 0.003972015879322714 0 
-4.834692269467611e-05 0.004459327471560103 0 
-0.0002712266129941042 0.003956599833118493 0 
0.0007650196576059712 0.005660533884589105 0 
0.0007880060640580663 0.005645772288590333 0 
0.0008028519536553453 0.005631349209126652 0 
0.0007364397525230703 0.005674394707571057 0 
0.0007044027225902897 0.005686353832833577 0 
0.0006586417353597008 0.005650624575251117 0 
8.898709523718262e-05 0.004358064837774591 0 
0.0004818654586841716 0.004900473768384753 0 
0.0006522141979198963 0.005545742849483264 0 
0.0005952506081429789 0.005202719633352239 0 
0.0003294407095367506 0.004666226886817905 0 
0.0006701409591417718 0.005677482693323499 0 
0.000650414571806888 0.005601442030036932 0 
-9.390904413550004e-05 0.004144913112431815 0 
0.0005450216343194466 0.005069745176518611 0 
0.0006664205504922804 0.005662878984051542 0 
0.0006885657085707851 0.005486109293177137 0 
0.0006791957411448415 0.005368540287797307 0 
0.000419152542051661 0.004797259577924657 0 
0.0004946099497004445 0.004908449597960701 0 
-8.338681306856115e-06 0.004425092051137219 0 
-0.0001539552728350852 0.004196723885707343 0 
0.0001294848349424959 0.004653570253039507 0 
0.000223656740679982 0.004986016031899809 0 
0.0006708333369601896 0.005634486297835649 0 
0.0007914623652799258 0.005636754308386648 0 
0.0007643935982919162 0.005648284988265576 0 
0.0006703919637224697 0.005695702870302484 0 
0.0007342269197947841 0.005659506553640381 0 
0.0006534368265107217 0.005568207227061161 0 
-0.0006739552911703092 0.003496945278100977 0 
-0.0003025539581804544 0.003974053808330052 0 
0.0006523240003377372 0.005582248954913933 0 
4.839775809411482e-05 0.004359503761239077 0 
0.0005323724380772657 0.004986171302609188 0 
0.0006982141033351867 0.005528650010666917 0 
0.0006963304479376927 0.005656597742371674 0 
0.0005449032034331113 0.005032236453501465 0 
0.0006066692519539799 0.00517715071151782 0 
-0.0001234476005746859 0.004170757549814898 0 
0.0006406337070672856 0.005289126664318854 0 
0.0003415712522369044 0.004731672250093826 0 
0.0007091365787767439 0.005436156325026955 0 
0.0005046885638014001 0.00493498960047938 0 
0.0006962151660987365 0.005559716797873451 0 
0.0001496700924508483 0.004590554391483903 0 
2.055620680140638e-05 0.004388973429210762 0 
0.0006727586977301068 0.005594154764962541 0 
0.0002601988297146963 0.004875870686480887 0 
0.0006860744094697868 0.005645549313842859 0 
0.0007269285400293066 0.005648621971219525 0 
0.0007575045729202456 0.005639330847929796 0 
0.0002033663180442832 0.004541550380472331 0 
0.0005965055643791168 0.005098479391168659 0 
0.0006600407216005315 0.005274539682483765 0 
0.0007145263479409048 0.005638920600463618 0 
0.0007507851263835849 0.005547198041489378 0 
0.0007026063819231148 0.005669471815222532 0 
0.0006090641279408865 0.005144660630361032 0 
0.0006967901362489625 0.005628440678877258 0 
0.0004549872520744144 0.004887432873594525 0 
0.0002690862738128692 0.004706480855864639 0 
0.0002646967706450163 0.004774115700246237 0 
0.0007436910177454991 0.005630850121706272 0 
0.0007877076613643524 0.005629269123491009 0 
0.0003032030982891166 0.004709402912857965 0 
0.0007187083988995382 0.005595314878067281 0 
0.0006982844367313225 0.005607803753896696 0 
0.0006628798299494318 0.005220284464851385 0 
0.0006697060662570513 0.005253352716210686 0 
0.0005735492761900328 0.005084521468772328 0 
0.0007056255701073754 0.005362380481894355 0 
0.0003420368102439075 0.004828371763514682 0 
0.0007233043994609275 0.005620458456076625 0 
0.0003845986201342438 0.005071506772110228 0 
0.0004351737348392567 0.004895037986899105 0 
0.0007724133150534352 0.005621641013272454 0 
0.0007411655742862354 0.005435873702682145 0 
0.0007484371245174248 0.005610102803816617 0 
0.0007260200353310469 0.005342692417824115 0 
0.0006344105729169733 0.005169749456077963 0 
0.0003670797668165398 0.004926344021511047 0 
0.0003899078181246761 0.004867346935704147 0 
0.0003701235618368091 0.005293246818307786 0 
0.0005269987655502571 0.005072373887241911 0 
0.000818257735999785 0.005619776376037148 0 
0.0007235461835177519 0.005354180821775609 0 
0.0007320563322141098 0.005494180977844653 0 
0.0005306973635050427 0.00540229627782637 0 
0.0005633676307977388 0.00503188065555994 0 
0.0007074280239432292 0.005324573365348639 0 
0.0007973897246141838 0.005611404177592354 0 
0.000665260350527054 0.005294220564482061 0 
0.0007361327434187531 0.005577198215477979 0 
0.000769788205338189 0.005596845745757113 0 
0.0007662934839982295 0.005438929257101211 0 
0.0007857798199999568 0.005579962014658267 0 
0.00076659938991 0.005493717841527252 0 
0.0007245246868156853 0.005465919093739708 0 
0.000767443024486071 0.005472296809413098 0 
0.0006000122711427104 0.005260824428348724 0 
0.0007786509188264164 0.005452202956423267 0 
0.0007952240135106087 0.005501755877995702 0 
0.000504913591315057 0.005199470467438379 0 
0.0008191165178687512 0.005578684791874232 0 
0.0004567019613471691 0.005025541059140313 0 
0.0006452720070322857 0.005446116285473417 0 
0.0008111871643154129 0.005626301839917474 0 
0.0008313543674850833 0.00560882385047001 0 
0.0008139480432836555 0.005530051516993751 0 
0.0008372009360218903 0.005596167806256655 0 
0.0008135111388980823 0.005597561356078489 0 
0.0007845182121043961 0.00553706505012715 0 
-0.0008139579688898941 0.003215618727264854 0 
-0.0007596128764310655 0.00335627181169152 0 
0.0006353496468340885 0.005702062100063717 0 
0.0008325309042729475 0.0055725443480695 0 
0.0008125637828913247 0.005546973728329407 0 
-0.0007285193784815528 0.003320795084882425 0 
-0.000616988853519611 0.003417005555617714 0 
-0.0005917205125540135 0.003312124588311375 0 
0.0005860990386330914 0.005671287042738557 0 
0.0005789063113365532 0.005637346609788463 0 
-0.0004522764057458883 0.003753473320127055 0 
0.0007975651381439656 0.005565842896147644 0 
-0.0004087247630541448 0.003762375906848333 0 
0.0006747490451455413 0.005616255694535117 0 
0.0001699983251239688 0.004548947314122068 0 
-0.0003794948499695092 0.00375621880395902 0 
-0.0003068090943164281 0.003740619014793819 0 
-0.0002034478812648168 0.003796481242453767 0 
0.00058924460466639 0.005654608846297646 0 
0.0006232689334495667 0.00564225182870978 0 
0.0005234678007801152 0.005461383299595823 0 
0.0006876627419160389 0.005580543686291551 0 
0.0006717057166850027 0.005433856871049171 0 
0.0006163410263475335 0.005300371209352197 0 
0.0005741396182791115 0.005220699313700152 0 
0.0005524557801285678 0.005121634537267294 0 
0.0004369094199135136 0.004805084712943766 0 
0.0003742995372831108 0.004759649688427449 0 
0.000255407659648601 0.004579696480576236 0 
0.0006272351639878514 0.005426221002218052 0 
0.0006113929202104072 0.005367914938233138 0 
0.0005533729306297573 0.0052651559056223 0 
0.0005064644891569761 0.005165176037416847 0 
2.836336600359287e-05 0.004172830895678849 0 
0.0004729020960481046 0.004947515110829472 0 
0.0002641908027000768 0.004542828196295016 0 
0.0001670851649006884 0.00433126035822775 0 
-2.130293811537449e-06 0.004167610437692413 0 
0.000622470919018514 0.00556435287581414 0 
0.0005693389034746364 0.005350414052527694 0 
0.0002384165757311201 0.00446196178443696 0 
0.0001225442326329041 0.004324637001398924 0 
0.0004568288756273879 0.005085767100248027 0 
0.0004169824773412689 0.004888344452326811 0 
0.0003709387193012866 0.004766384564659326 0 
0.0005944577596452153 0.005563418000207403 0 
0.0005696734151732454 0.005521723872520938 0 
0.000540780741061096 0.005426374148905001 0 
0.0005370680572257838 0.005390990850318723 0 
0.0004809695837719623 0.005195087889399521 0 
0.0002527252155575905 0.004481967414341239 0 
-0.0008487764690703944 0.002384117992563428 0 
0.0005900506721777788 -0.0001085807405319754 0 
0.0007502126780197777 0 0 
0.0003886326732177714 0 0 
0.0007421146014836145 -7.334264447141985e-05 0 
-0.0002563170285545912 0.001303707900345916 0 
0.0008424246999533549 0 0 
0.0008076403719218594 0 0 
0.0005390760210919832 0 0 
0.0006622971000795154 0 0 
0.0008270830976293203 0 0 
-0.0005493190191343381 0.001897104575943038 0 
0.0007639589649505084 -5.751239211921264e-05 0 
0.0007801228333308325 -3.9409051702158e-05 0 
0.0007898271042945938 -1.99818519837411e-05 0 
-1.575975425527016e-05 0.0003297334314570777 0 
0.0007930450359002437 0 0 
0 0 0 
-6.39685480986088e-05 0.0006586853443624876 0 
0.0008061849505782734 0 0 
0.000836671521348655 0 0 
0.0006222655682891864 -0.0001067509383734788 0 
0.0006545719245246126 -0.0001027373099083422 0 
0.0006861673934006431 -9.604852608248716e-05 0 
0.0007157590495238594 -8.62937806321053e-05 0 
0.0008167879918933691 0 0 
-0.0003941821271515925 0.001610305887794827 0 
0.0002074328524124211 0 0 
0.0008340955731871393 0 0 
-0.0007080199404930767 0.002156935828032441 0 
-0.0001446921181554231 0.0009846256426682862 0 
0.0001823391370627473 0.001156211435141644 0 
0.0002738838425820264 0.0008017327181635834 0 
0.000304546217848201 0.0006499817311824415 0 
0.00023388096709916 0.0009738462385695487 0 
0.0001215591685103933 0.001335299097706977 0 
0.000521507238162281 4.019338740155589e-05 0 
0.0005098699822173224 5.495704377642103e-05 0 
0.0004971905975147573 7.135996249864119e-05 0 
0.0004833852512564054 8.993247516480088e-05 0 
0.0004551606622959886 0.0001346449981637934 0 
0.0004240602353105551 0.0001954911918611175 0 
0.0003492431141742259 0.0004244685316002845 0 
0.0003880291309797516 0.0002852958495867187 0 
0.0003693293202610684 0.0003464659805314201 0 
0.0003286623352581808 0.0005246416742038204 0 
0.0004406177274526012 0.0001620059390715887 0 
0.0004068746960608641 0.0002357667658072947 0 
0.0005708704722505938 -5.617289119598138e-05 0 
0.0005641432530989508 -3.758518492235055e-05 0 
0.0005670534182636832 -1.95577311377616e-05 0 
0.0005595591057632759 -8.051418597504015e-06 0 
0.0005419627460965462 1.473699151326791e-05 0 
0.0005322030121858439 2.692797247014663e-05 0 
0.0004689273891814092 0.00011115125959228 0 
0.0005912297541071878 -8.964889748469259e-05 0 
-0.000367139416887408 0.002133720236062863 0 
-0.0005195546042142061 0.002244747167586067 0 
-0.0006731851224595394 0.002357190467808255 0 
-0.0007532675746263543 0.002399106865672357 0 
-1.191563362273095e-05 0.001642319554303353 0 
-0.0001420725146792735 0.001868975513184972 0 
-0.0002030406575080645 0.001956216737223447 0 
-0.0002612396984592573 0.002029137818152552 0 
5.550798111116005e-05 0.001498945575164389 0 
-7.759029177375295e-05 0.001763717394357778 0 
-0.0003151703379224205 0.002086331967114302 0 
-0.0004147421202484401 0.002166125795940747 0 
-0.0004630236416004926 0.00219654546351793 0 
-0.0005745629459433328 0.002287717087612848 0 
-0.0006258257385629433 0.002325093366097117 0 
-0.0007168297738922915 0.00238422133541031 0 
-0.0007753892319660939 0.002388357761048509 0 
-0.0007865203905094198 0.002360835971947994 0 
0.0002543619054961554 0.001014953365896983 0 
0.0003002092132924795 0.0008600117101860795 0 
0.0003364496909652841 0.000717549198461387 0 
0.0002018629066441667 0.001167904675752081 0 
0.0003644034677946838 0.0005915082691294744 0 
0.000145815174303461 0.001308370811503119 0 
0.0005682699060121948 -4.609989533260099e-05 0 
0.0005727238300882073 -3.191675407687977e-05 0 
0.0005512277365795543 3.244587007759535e-06 0 
0.0005223656589554967 6.208801715381738e-05 0 
0.0005327350777051338 4.721819216725251e-05 0 
0.0005103178013419399 7.920254197922145e-05 0 
0.0005733745379533727 -6.660153898683941e-05 0 
0.00047118480701995 0.0001748855102694671 0 
0.0004064520893735144 0.0003949474026163563 0 
0.0004249992059154795 0.0003217205310376722 0 
0.0004578117245556602 0.0002137760941244366 0 
0.0004834989814105687 0.0001426060190305157 0 
0.0004418887333413839 0.0002623831013008288 0 
0.0004926490485308881 0.0001176229912209242 0 
0.000498716066641355 9.844733008706119e-05 0 
0.0005426523091323222 3.368406747041489e-05 0 
0.0005901771906361197 -2.20568250473541e-05 0 
0.0005526743324682195 2.145913651702285e-05 0 
0.0003876711494175414 0.0004837704302341475 0 
-0.0007069185470444275 0.002287737822641044 0 
-0.0006773696539104457 0.002295494698049646 0 
-0.0002708753359430325 0.001948892461161935 0 
-0.0001598646889678735 0.001830081732307535 0 
-9.65038137251519e-05 0.001744533202988096 0 
-0.0003162883775501745 0.001979131535936794 0 
-0.0004501851489056125 0.002093856363142161 0 
-0.000517908315771418 0.002157307105197616 0 
-0.0006304799607053817 0.002256699872970577 0 
-0.0002167369739607373 0.001895340388015615 0 
-3.329015933176657e-05 0.001649398854023556 0 
2.808212874414871e-05 0.001546598520963588 0 
-0.0003590345367493128 0.001988400426819048 0 
-0.0005770673773036396 0.002209417211747093 0 
-0.0006912145409515397 0.002229529018374384 0 
8.797521409332813e-05 0.001433510620119517 0 
-0.0007849326686111539 0.002308320489572732 0 
0.0005855106474174442 -5.480964912869768e-05 0 
0.0003191605058311082 0.0009048448158846049 0 
0.0003957760379552616 0.0006468783469220462 0 
0.0003620132041377626 0.0007699087527747115 0 
0.0004198783731830482 0.0005421473009093532 0 
0.0002758014810735986 0.001030098705466462 0 
0.0004436507714720392 0.0004467604876704638 0 
0.000548734722180182 5.526630826488537e-05 0 
0.0005562088737220961 4.158418062633116e-05 0 
0.0005362361969774064 7.19652882345844e-05 0 
0.0005255523599756777 0.0001253213582770776 0 
0.0005184072940275236 0.0001563270983177829 0 
0.0004784778241805425 0.0002997526191851656 0 
0.0005340276311516589 9.713425656930306e-05 0 
0.0004917273827311455 0.0002437805230219483 0 
0.0005085310201618066 0.0001947022747097689 0 
0.0005231550258857595 8.868697389673467e-05 0 
0.0005632399734836807 2.960266889582029e-05 0 
0.0005734534129803117 1.853789754808573e-05 0 
0.000232109388617263 0.001142606856451624 0 
0.0004602907470029915 0.0003682893793336679 0 
1.641953918282902e-05 0.001537448703636922 0 
8.137002107398638e-05 0.001436078100983704 0 
-5.079308357783678e-05 0.001632071245209195 0 
-0.0001121073280453591 0.001707829003546875 0 
0.0001370144902534654 0.001340702244200628 0 
-0.000168071425707611 0.001767863988639021 0 
-0.000206260307563966 0.001793963630322478 0 
-0.0003015471525545305 0.001836248224439297 0 
-0.0004580583599541026 0.002030549845843801 0 
-0.0004847389953652623 0.001988857947459414 0 
0.000185941186108411 0.00124619463627266 0 
0.0005804840855230101 -1.077504491412868e-05 0 
0.0005933512213472196 -6.793631335981594e-05 0 
0.0006014610297380489 -7.510260548107293e-05 0 
0.0006035009541310314 -3.552297136336862e-05 0 
-0.0006519444743689897 0.002141029209425786 0 
-0.0005572494703473576 0.002040243246733002 0 
0.0003449255923642546 0.0009086205484892258 0 
0.0004617994438855807 0.0005696801574357121 0 
0.0005799168489997147 2.766914954621655e-05 0 
0.0005799674696269987 5.002882321587563e-05 0 
0.0005637175498546262 0.0001114810153163248 0 
0.0005390090852608221 0.0002753706727344386 0 
0.0005687708517157978 8.887810423312139e-05 0 
-7.017768212830201e-05 0.001570323674909036 0 
0.0001998347789314364 0.001225926974074076 0 
-0.0001286074095910205 0.001598108190236836 0 
0.0005063452175003018 0.0004069413526828278 0 
0.0002794566821399052 0.001076686084821667 0 
0.0006069344350347159 -5.635717201490085e-05 0 
0.0006099152519370465 -2.036141474109171e-05 0 
0.0005623164755625064 1.042431627778613e-05 0 
0.0006241543306485011 -2.960933177284975e-05 0 
-0.0002995129826416649 0.001745971075472396 0 
-0.0001683639429801902 0.001606741738119209 0 
0.000634237900538617 -2.407182423963259e-05 0 
0.0006210416043491687 -7.00365498048543e-05 0 
0.0006280410682429338 -4.743068385888572e-05 0 
6.573847516308763e-06 0.001371037837939116 0 
0.0005924092333583949 -1.227852742662972e-06 0 
0.0003751799000051463 0.0008173231464482467 0 
0.000606963465191894 9.430606718939066e-06 0 
0.0005621464067084124 0.0001795059945787911 0 
-7.548791394618834e-06 0.001524593751367528 0 
0.0003150040269303533 0.0009912218399478173 0 
-0.0001176378789623225 0.001478523195071113 0 
0.0005847329839881253 0.0003600977594230164 0 
-1.456601817380351e-05 0.001448593900239316 0 
0.0005743171485993911 7.274727068777061e-05 0 
0.0006132224317879729 0.0001086726742929772 0 
0.0005668057734699042 0.0003146075091713033 0 
0.0002510453993405375 0.001136051221664626 0 
0.0007685055110375007 -4.093683308394833e-05 0 
0.0007443198277685427 -5.429879405168165e-05 0 
0.000654286645434433 -8.028818971512957e-05 0 
0.0006862723919039564 -7.394887902241773e-05 0 
0.0007166500000397871 -6.547845082722299e-05 0 
0.0008013508972895762 -1.269412377492492e-05 0 
0.0006507463706687606 -5.994053966320893e-05 0 
0.0005278603475019619 0.0005174624452820656 0 
0.0002235955226521808 0.001169589125852023 0 
0.0004545752042095302 0.0006660961634806163 0 
0.0006037862528536439 0.000146463647716487 0 
0.0005902169267733807 0.0002099785024231044 0 
0.0003577338798140659 0.0009336070264457093 0 
0.0001292229036413602 0.001314640252431676 0 
-0.0002307693668863951 0.001606140155966412 0 
2.953055733626868e-05 0.001284058999480015 0 
0.0006199693916930726 -9.967274320757925e-06 0 
0.0006344709144429097 4.015825800777217e-05 0 
0.000633579852547306 6.990265761937909e-05 0 
0.0006413162847564787 0.0002722459743702922 0 
0.0006494753006003365 -3.636547219645326e-05 0 
0.0007883172079755852 -2.653282735040876e-05 0 
0.0007674933135322118 -3.12682201882171e-05 0 
0.0007154518370956791 -5.029334185583723e-05 0 
0.0006859315830958681 -5.679953072663718e-05 0 
0.0007427773865279556 -4.176539309487482e-05 0 
-0.0005482033356426141 0.001964047624555885 0 
-0.0003987906325443516 0.001841828110203576 0 
-0.0001488663016881784 0.001228767074880689 0 
-8.32962393220506e-06 0.0009210972004424979 0 
0.0001047082979413209 0.0006088496246094862 0 
0.0001789258939195879 0.0003001240132683856 0 
-0.000305854625996991 0.001523019502745208 0 
0.0006454304931489373 -2.071466534522061e-06 0 
0.0005915467575792451 0.000418780247724232 0 
0.0003837554788191443 0.0009012809751021659 0 
0.0006556730864118995 0.0001079521041040783 0 
0.0001811654379698544 0.001073020877382244 0 
-8.514957991192568e-05 0.001385859261910907 0 
0.0006178738358095981 0.000238024351561244 0 
0.000636482613413801 1.512488466799167e-05 0 
-0.0003250018083620989 0.001716927784504574 0 
0.0006516887163254418 -2.49348609097551e-05 0 
0.0006300904479755046 0.0001558125725465286 0 
0.0006818702265498325 3.381149082043119e-05 0 
0.0007136533215445824 -3.806340513498523e-05 0 
0.0007388267461051356 -3.278732205447981e-05 0 
0.0007621725424494568 -2.480450677754073e-05 0 
0.0007891707439499761 -2.001383551244936e-05 0 
-0.0004704250726410388 0.00189499198696194 0 
0.0004967647866243961 0.0006296581136821636 0 
9.460960468667293e-05 0.0009052640825910452 0 
-6.581899766384833e-05 0.001198361630136302 0 
-0.0002324140367868494 0.001475516043074871 0 
-0.0004710361314617908 0.001800768873258189 0 
0.0004633276170460295 0.0007338683007793757 0 
0.0006233540420768375 -8.695493237044826e-05 0 
0.0006867300038815495 -4.291896370031564e-05 0 
0.000645994385984022 -1.63472466614026e-05 0 
0.0006550853590917458 0.0003171958983585827 0 
0.0006747000948493318 6.604360484356331e-05 0 
0.0006823443813373728 -3.184290820515649e-05 0 
0.0006937710890448229 0.0001142154948139388 0 
0.0006614545900960058 0.000171359973543788 0 
0.0002861878721504414 0.0009871081067825685 0 
0.0006772388207737705 1.189524204234861e-05 0 
0.0002906211472359312 0.001039293604153623 0 
0.0005789349578512922 0.0004969937219424275 0 
-0.0003984666769146269 0.001733008213365507 0 
0.0007349974451430611 -2.598308040739466e-05 0 
0.0007133318085032171 -2.578023388302828e-05 0 
0.0007828107430198438 -1.667405128203429e-05 0 
0.0005470405372995393 0.0005946687741322522 0 
-4.963988648930436e-06 0.001195529082797443 0 
0.000161261405084184 0.0009255426989831979 0 
0.0006707149627129343 4.19374213329925e-07 0 
0.0004875675801334239 0.0007188197398986835 0 
-0.0001744025277468889 0.001464784413896957 0 
0.0007177447939718963 6.661867670938875e-05 0 
0.0007352479149037013 2.608247995050477e-05 0 
0.0006519448391515385 0.0003770675702372252 0 
0.0007301752183006657 0.0001272056872263718 0 
0.0001215989215747459 0.001263351337718018 0 
0.0003274783947854667 0.0008659415305410139 0 
0.000407456517328555 0.0008586619516016861 0 
0.0006868628232210293 -7.291726698532873e-06 0 
0.0007523188176143487 -1.899820789605332e-05 0 
0.0006261210035805516 0.0004578925560555147 0 
0.0002392382020993153 0.0006008539384510322 0 
0.0007165697718226191 1.840165391378355e-06 0 
0.0005732284736686603 0.0005640486973526088 0 
0.0006913324350065417 0.0001933040368094143 0 
0.0007744042931017298 3.949633219514422e-05 0 
0.0007577535227851755 7.610971425148889e-05 0 
0.000393728069956932 0.0008392449375384204 0 
0.0007167785699358665 0.0002668363395761749 0 
0.0007522341895626866 -4.475218851891939e-06 0 
0.0007984153461411804 -9.909638801056864e-06 0 
3.548260924954491e-05 0.001209458953208079 0 
0.000675124462985207 -2.2238443378979e-05 0 
0.0006956783527857014 0.0003304542195081048 0 
0.0003284844049856983 0.0006383963849962695 0 
0.0007127279681121199 0.0002240288252276408 0 
0.0004562189381180109 0.0006849957339424337 0 
0.0006443898309739088 0.0004196929080792233 0 
0.0008008721291410134 -1.472570897117919e-06 0 
0.0007536271274156873 0.0002105203085032343 0 
0.0007866409305252114 1.890050494693219e-05 0 
0.0008099394123371366 -8.104230575444657e-06 0 
0.0003477616325123172 0.0007440662908345697 0 
0.0005014028959638698 0.0003190804580630295 0 
0.0004937117913576579 0.0006936301846263303 0 
0.0001893663815987697 0.0009814144282263889 0 
0.0008090542882908086 3.845234349886891e-05 0 
0.0004939811920659444 0.0005258338494401302 0 
0.0008209059938475924 -8.310062962349929e-07 0 
0.0007003134475885211 0.0002789043297784028 0 
0.0007736922149470305 0.000164566131713494 0 
0.0007941679073115315 8.221888921727233e-05 0 
0.0003467889499552541 0.0002969675183163646 0 
0.0008106698954813674 1.35354683623963e-05 0 
0.000614549174269034 0.0003761532218285698 0 
0.0007363286172269668 0.0001402122693181791 0 
0.0008330219651959275 2.40800580445289e-05 0 
0.0007928056870189894 0.0001018191883618551 0 
0.0008222443357251525 6.90820912874585e-05 0 
0.0006447960103572917 0.0001990387459013085 0 
0.0007608821622607912 0.0001436183267423464 0 
0.0008299220331035609 7.656083610772225e-06 0 
0.0005793815793226042 -7.712561437995674e-05 0 
-0.0006334376458845104 0.002058754753549597 0 
0.0005847975305537862 -6.316730828820886e-05 0 
0.0005818042588165218 -4.475635082094669e-05 0 
-0.000713625079367451 0.002327053180736764 0 
0.0005716464117102784 -1.188917875884027e-07 0 
-0.0003444281622379968 0.001702593733549687 0 
0.0005632997775116154 0.0005359579668232592 0 
0.0006626431827477433 -4.605299853106738e-05 0 
0.0005976264819870755 -4.505531021809622e-05 0 
-0.0006128926940462953 0.002142043969027688 0 
0.0007735155105840286 -1.051765586986947e-05 0 
0.0001542132338620884 0.00116882847868138 0 
-0.0006471317615511649 0.002220488727648638 0 
-0.0005635779633880441 0.002100180484815989 0 
0.0006006950235545322 -1.086522431831381e-05 0 
0.0005836624558429317 8.577653168859432e-06 0 
-0.0002481856940421512 0.001826189928518104 0 
0.0007718241542016729 7.309513702416356e-06 0 
-0.000405229384700999 0.001987927014309022 0 
-0.0005273229181021448 0.002096820721993724 0 
-0.0005910495328293909 0.002166076028225431 0 
0.0002367443207193031 0.001095223209947381 0 
0.0007352350294021131 -1.479249171847588e-05 0 
0.0006986224410922833 -1.693511887994996e-05 0 
0.0006156075976132068 -9.149494236407744e-07 0 
-0.0003820503773414871 0.001893112330547992 0 
0.0006273418771343516 -1.790645698313588e-05 0 
-0.0001897644177548411 0.001711814167884884 0 
-7.59494195146468e-05 0.001611647447343591 0 
5.29530733107358e-05 0.001449374369416644 0 
0.0001299346898561519 0.001337631407207325 0 
0.0001024924399582266 0.001329829918942586 0 
0.0005929117170181832 1.92634894979091e-05 0 
0.0005809074895957524 3.597015666837464e-05 0 
0.000557549905482925 7.101682910601442e-05 0 
0.0004147483380683801 0.0007019198048532975 0 
0.000463894907212217 0.0005061268575920012 0 
0.0005031249810493818 0.0003492759071109489 0 
0.0005317818785349147 0.0002320416113039743 0 
0.0005644428440897902 0.0001380708417440145 0 
0.0005262665445633612 0.0004544906417158755 0 
0.0006645861056853497 -1.281784072845838e-05 0 
0.000717884531050633 -1.073664714456612e-05 0 
0.0003141586268427508 0.001027719790738646 0 
0.0005983249385784609 5.918464577739547e-05 0 
0.0006374234380920687 -9.879450007652162e-06 0 
0.0006063190990116003 2.622363260329029e-05 0 
0.0004825529726079043 0.0005849630665445679 0 
0.0003947579671860085 0.0008498472556347701 0 
0.0004173997442424248 0.0007543235911964417 0 
0.000593586827599449 9.851984543001869e-05 0 
0.0006007771120568898 7.736510010853671e-05 0 
0.0004159581950254851 0.0007835762195863799 0 
0.0006072977569842441 3.785306290692231e-05 0 
</DataArray>
<DataArray type="Float64" Name="Umag" NumberOfComponents="1" format="ascii">
0.0006307680762250395 
0.0007636415813058795 
0.000938888819053177 
0.001143187881327988 
0.001355182793357912 
0.001555018269061963 
0.0006382934595314594 
0.0008104889247096354 
0.001043323552795074 
0.001308690712138629 
0.001566622778543312 
0.001788960212753664 
0.0006508500528517474 
0.0009065236060264056 
0.001250465957014052 
0.001608942181080263 
0.001902846792852503 
0.002116757894517967 
0.0006560949663322183 
0.001308374768341425 
0.001892631841616233 
0.002256505503688357 
0.002447986231932727 
0.002558580743407393 
0.004993557482413696 
0.004348099923874526 
0.003734105331735055 
0.003355841935613575 
0.003163679297099588 
0.003059639337968962 
0.00499482069184815 
0.004729516872991009 
0.0043745069241695 
0.004007113527231706 
0.003710327955279149 
0.00349944175812031 
0.005022699212245078 
0.004835312964756978 
0.004589170186704 
0.004313196941423719 
0.004048831079865286 
0.003825126026043354 
0.005053188458398098 
0.004899412607548812 
0.004706764935006485 
0.004488318954915325 
0.004265913366376908 
0.004060078693513869 
0.003009814554193057 
0.003065638660153141 
0.003120081251333307 
0.003192444360342507 
0.003204984372058052 
0.003213958930969364 
0.003221035916302432 
0.003227413445404316 
0.003233992155236752 
0.003241662114833911 
0.003251558133954967 
0.003263906358502185 
0.00327965837835079 
0.003299830683429079 
0.003325629980815887 
0.003359019728757837 
0.003402858866326122 
0.0034584357355926 
0.00352924199881233 
0.003619870323402245 
0.003735487898684162 
0.003881210600086003 
0.003173994548786648 
0.002648124335065067 
0.002951824003823355 
0.00289093012244744 
0.002618296518848089 
0.0027591496302166 
0.002105818501642703 
0.002440517032910308 
0.002826628552677952 
0.002718288187020682 
0.002680604697486601 
0.002473968056153342 
0.002188360024015294 
0.001732777357842348 
0.001882232298853198 
0.00200519651293354 
0.002256616451014199 
0.002313623978609309 
0.002362007073143672 
0.002403663665254947 
0.002504713388638952 
0.002533751937094349 
0.002561912047781285 
0.002589862470780731 
0.003649239567364989 
0.00335758551695731 
0.003005014184155645 
0.002622909672891162 
0.002265856010849466 
0.00196830580894565 
0.003517101335256173 
0.003261363354132981 
0.002972115306356971 
0.002666892818213231 
0.002371925327169362 
0.002107808456508921 
0.003419053279358723 
0.003195118451917491 
0.002951900247909669 
0.002698943056866417 
0.002449559412836156 
0.002215874816272341 
0.003346188053138665 
0.003148694030014915 
0.002939482300843095 
0.00272368198442983 
0.002508274770337104 
0.00230043911844612 
0.003291619549109157 
0.003115640988897425 
0.002932126389275443 
0.00274372646233852 
0.002554152299338472 
0.002367680779744004 
0.003250345279880161 
0.003091900285999379 
0.002928251865040206 
0.002760673139125898 
0.00259112243888394 
0.002422160116628242 
0.003219094510467791 
0.00307498106741845 
0.002926963373687474 
0.002775576001666318 
0.002621808876902574 
0.002467186299372336 
0.003195900613663056 
0.003063333487828801 
0.002927743080744348 
0.002789173395955481 
0.002648036815126777 
0.002505208904577871 
0.003178821537952408 
0.003055747618090661 
0.002930214813994083 
0.00280198549282237 
0.002671119443921234 
0.002538066415401392 
0.003166308046047373 
0.003051260983982406 
0.002934072532407008 
0.002814380513620214 
0.00269204539279321 
0.002567248072153234 
0.00315728253445169 
0.003049155834741818 
0.002939075867508986 
0.002826618941354394 
0.00271153883634887 
0.002593867832638065 
0.003150904063565193 
0.003048899351760176 
0.002945051475393862 
0.002838894772152114 
0.002730123466449727 
0.002618666806000795 
0.003146532359370524 
0.003050119652523986 
0.002951896739115012 
0.00285138327389983 
0.002748242182964427 
0.002642337306860822 
0.003143814967993194 
0.003052565745478314 
0.002959552402489428 
0.002864251287216082 
0.002766292671142291 
0.00266550170944936 
0.003142184797099622 
0.003055916713024127 
0.00296792421380132 
0.00287763761597001 
0.002784639065409759 
0.002688708594819888 
0.003140910291896188 
0.003059718334026719 
0.002976829277513574 
0.00289163728864913 
0.002803640787096116 
0.002712536690117707 
0.003139165042227463 
0.003063380468747812 
0.002985966958233984 
0.002906269533643785 
0.002823678406810838 
0.002737679892568957 
0.003135951156743116 
0.003066162566350204 
0.002994900426906662 
0.002921408665052141 
0.002845017417712593 
0.002765050585617573 
0.003129975789379056 
0.003067212317257073 
0.003003067995736011 
0.002936731841630805 
0.002867556861672032 
0.002795026796785884 
0.005681372419676881 
0.005667470354289129 
0.005653278518881822 
0.005638622058137826 
0.005623312710516287 
0.005607232123191535 
0.005590036900227147 
0.005571553044751522 
0.005551550734188305 
0.005529726852721538 
0.005505718459435304 
0.005479157935329401 
0.005449721417818146 
0.005417055821621264 
0.005380868644391458 
0.005340430394905157 
0.00529485811409668 
0.005242938027281246 
0.00518139584975066 
0.005102730574576105 
0.0005361770128161294 
0.0004716795532114266 
0.0004303468112457841 
0.0004050142543074669 
0.0003919770200090455 
0.0003887985308646849 
0.0003929276255931067 
0.0004017915858994551 
0.0004135309706381644 
0.0004267161000243228 
0.0004403213970710559 
0.000453632503948933 
0.0004661811773084314 
0.0004777030435766912 
0.000487986963066714 
0.0004969360952820071 
0.0005045777249809803 
0.0005108968543784086 
0.0005160344234142844 
0.0005201976513278501 
0.0005235991665501398 
0.0005264277288151385 
0.0005289489342491555 
0.0005314829623598541 
0.0005458912520296875 
0.0005574211897264304 
0.0005664938320545826 
0.0005644537780415553 
0.0005622964790249818 
0.0005599003837171294 
0.000557050310888387 
0.0005535371127286492 
0.0005493241364207347 
0.0005443156459535162 
0.0005383408758566276 
0.0005311716197826626 
0.0005228285576421914 
0.0005133608280918316 
0.0005028821367303571 
0.000491558626348025 
0.0004796697112421182 
0.000467624444151349 
0.0004560751684286064 
0.0004460086735235558 
0.0004387268407783619 
0.0004361285922337292 
0.0004408225693806253 
0.0004561919900539259 
0.0004871157706894872 
0.0005410583738023917 
0.005412532282690794 
0.005754395132424021 
0.005751095960570443 
0.0005342414450266838 
0.005481850981081396 
0.00516839666121452 
0.005691026224974458 
0.0005689197010290467 
0.005555584840382289 
0.005606725096076064 
0.005657371416174156 
0.005449764962444255 
0.005679798461138983 
0.005668656320541813 
0.005251793538902889 
0.005620734132015779 
0.005574554211590452 
0.005591456406119564 
0.005316293974791152 
0.005534128927399621 
0.005633693765279847 
0.005645749940793675 
0.005368744980464107 
0.005509763487629063 
0.005702563948245251 
0.005714565206713409 
0.005727041435250005 
0.005740439945942657 
0.005753299436787426 
0.005752209229293905 
0.005737003696478267 
0.00572291698421526 
0.005708983832057152 
0.00569515998899678 
0.0051268585295464 
0.005148109763241621 
0.00520806324240203 
0.00523135505788988 
0.005270879177393741 
0.005295474481122086 
0.005323255821627172 
0.005348005971993267 
0.005368323656872768 
0.005392355127687957 
0.005407655789259926 
0.005430504874363547 
0.005442335208405228 
0.005463736637780109 
0.005473129009813327 
0.005492932241514014 
0.005500536606137674 
0.005518666560678748 
0.005525050856409869 
0.005541496736636299 
0.005547048032561646 
0.005561835269209288 
0.005566921360603842 
0.005580079285169436 
0.00558506269863247 
0.005596653996468288 
0.005601813277811204 
0.005611923180785571 
0.005617369021203047 
0.005626079308336879 
0.005631881956276585 
0.005639272799647668 
0.005645747262498905 
0.005651912974873646 
0.00565909629757264 
0.005664152128552271 
0.005672111086248768 
0.005676160773876593 
0.005684975113807265 
0.005688140620216951 
0.005697893842007226 
0.005700323507800689 
0.005710991968044867 
0.005712832375620496 
0.00572437734877524 
0.005725743592216713 
0.005738200769175098 
0.005739358110184981 
0.0005329177199668461 
0.00053005434426602 
0.0004739647431601792 
0.0004678886008499288 
0.0004397755579319166 
0.000430470338500635 
0.0004221581050127757 
0.0004096852314421625 
0.0004161613882736951 
0.0004010551324504162 
0.0004182095051125987 
0.0004013251325874929 
0.0004255143569099637 
0.0004076838122080806 
0.0004359889217256044 
0.0004178514126923941 
0.0004481988389880679 
0.0004301956607082119 
0.0004610681950833563 
0.0004434925662274666 
0.0004738620788189466 
0.000456889941627151 
0.0004860806591180936 
0.0004697914852090079 
0.0004974006456739254 
0.0004818063989461533 
0.0005076233282414847 
0.00049270622594356 
0.0005166500900602485 
0.0005023744303263437 
0.0005244488416375718 
0.000510790088609414 
0.0005310841841235063 
0.0005179540642129347 
0.0005365659262869254 
0.0005238782684939728 
0.0005410643620824847 
0.0005286963307261475 
0.0005447742411655679 
0.0005326134049537387 
0.0005478040760181085 
0.0005358210842291508 
0.0005503294279760867 
0.0005384786465844479 
0.0005525767749689357 
0.0005408409391654817 
0.00055486875193837 
0.0005432367699202882 
0.004169284726446385 
0.004443566275228156 
0.00472994257106017 
0.005023192831207969 
0.005319798831626887 
0.005621855821667051 
0.005631330164635379 
0.005643893524061735 
0.005656697560542654 
0.00566782053214908 
0.005676595465115372 
0.005679597597770971 
0.005680743554410107 
0.005680145516805476 
0.005678775868555321 
0.005677190653044921 
0.005675654446703564 
0.00569517725015433 
0.00571460511239961 
0.005731145656129861 
0.005744012178301471 
0.005752744499302469 
0.005757389013869906 
0.0057584768717784 
0.00575696995517175 
0.005673822096087566 
0.003321686654819021 
0.00561783235608308 
0.003488625172202808 
0.003685961321480674 
0.003914348898826068 
0.004623036629992564 
0.004950084530611038 
0.005079872190362624 
0.00479626259965688 
0.004440208868317392 
0.00546335841693392 
0.005522147551664327 
0.005568225214283376 
0.005586821089623099 
0.005602704517030232 
0.005616652897182369 
0.005265646047363124 
0.005330107199803714 
0.005383228932006157 
0.005184361640025103 
0.005427292442663123 
0.005494663881284835 
0.005546963082999299 
0.005629662142207681 
0.005642085519091719 
0.005662329600262231 
0.005672335806485603 
0.005691930284802934 
0.005712145485056628 
0.005723033869022469 
0.003514445596171071 
0.003665554293071151 
0.003744505275185828 
0.00383774054621585 
0.003951864943066944 
0.004261770316838669 
0.004094043364996741 
0.003341913560010673 
0.00340211777728713 
0.003451758303293541 
0.003478077792102361 
0.003593052962013578 
0.004870630130044375 
0.004997297617964631 
0.005107396820864232 
0.004727361756222347 
0.005200720483694569 
0.004571555772619891 
0.005652900157881326 
0.005702017267855468 
0.005682169887469919 
0.005612995071714124 
0.005597808674426683 
0.005625234424969127 
0.005341599217065081 
0.005504787468033832 
0.005395160627948583 
0.005475361905648956 
0.005531890313414524 
0.005439853672690185 
0.005556981883043319 
0.005579189377609524 
0.005636232741673665 
0.005675383187783485 
0.005715194196745233 
0.005648525544856097 
0.005277645450118881 
0.003328127028152245 
0.00331428898713702 
0.00342948641763687 
0.004034347844107624 
0.003947801536207145 
0.00413489867386577 
0.003788282358549971 
0.003643488374565775 
0.003343706700206386 
0.003869864002230593 
0.004259080219394338 
0.003314049780116437 
0.003635478453956043 
0.003541179422384523 
0.003319772832041123 
0.004417806042363455 
0.005735777741881534 
0.005694366767045418 
0.003430701983102794 
0.004819684605869784 
0.005045131690109538 
0.00494223442680682 
0.005133343618381574 
0.004680097782529469 
0.005214771088538389 
0.005540651953785786 
0.005608205663065574 
0.005515988934993954 
0.005565277981581264 
0.005351361893089152 
0.005405220486706372 
0.005449667388916873 
0.005588233164363509 
0.00562472035473342 
0.005640658968836108 
0.005635015223906142 
0.005650718995373246 
0.004545132534128271 
0.005286773378118279 
0.004145909673185857 
0.004224588116587994 
0.004304956245785452 
0.00407883021122997 
0.004019988786190603 
0.003986061221054068 
0.003781195811929678 
0.004371018710641348 
0.003582712481438899 
0.003442639813523146 
0.00344261515665178 
0.003476757108046953 
0.005662234797258122 
0.005707535974442254 
0.004748275808362172 
0.005154543428986142 
0.005647715596760409 
0.004225858164763403 
0.005571544444969661 
0.005362540553278384 
0.004407145489888559 
0.004289111346245111 
0.005291840361477097 
0.004604130512114424 
0.003576084162753214 
0.003703688423369003 
0.003613942812628421 
0.005701675625923933 
0.005663381573432171 
0.003639585182152462 
0.00568810606059401 
0.005717606621390582 
0.003908382546698455 
0.003591087838511863 
0.003614492899916374 
0.003943574436301877 
0.005676227323296985 
0.005702757029566558 
0.005023473851683217 
0.00396810580694507 
0.00561637870591575 
0.005639745680346735 
0.005662161302460108 
0.005344766187594019 
0.004783425040000443 
0.005490910663210335 
0.005535882232915469 
0.004524718759874055 
0.004411890856398568 
0.005440645824149179 
0.004607608030854092 
0.004745255869348527 
0.004471075682372408 
0.003745138901165584 
0.003965666335552345 
0.0042094693085036 
0.005323517622488293 
0.003774928410812932 
0.005675929150729889 
0.004933436308283729 
0.005619309737298593 
0.005573733956809893 
0.005659501377855926 
0.005122985931182862 
0.004394779791164017 
0.005718709598630828 
0.005689353447557412 
0.004150971234071075 
0.005551652311967579 
0.005410385611766179 
0.00551211025110841 
0.00468518671776009 
0.004832045261280025 
0.004703914180129514 
0.005032375338728729 
0.004715625335829085 
0.004214787992233114 
0.003986768919957407 
0.004459589546532804 
0.003965885287679101 
0.005711996055242421 
0.005700499828226189 
0.005688291938237661 
0.0057219838173842 
0.005729817022189602 
0.005688880999457583 
0.004358973254490789 
0.004924107784654999 
0.005583963387466204 
0.005236660660169174 
0.004677841867823494 
0.005716895891837397 
0.005639077223365806 
0.004145976799040202 
0.005098957220521659 
0.005701957097184357 
0.005529151644846082 
0.005411333631970227 
0.004815536139569324 
0.004933306848156037 
0.00442509990787143 
0.004199546832564231 
0.004655371351724186 
0.004991029774306452 
0.005674279972514118 
0.005692048120735623 
0.005699773757069303 
0.005735020189310202 
0.0057069346939009 
0.005606416985003572 
0.003561297798911118 
0.003985554236127424 
0.005620233980543367 
0.004359772400853764 
0.005014511409079427 
0.005572564389447954 
0.005699295931229526 
0.005061652222847859 
0.005212574898362216 
0.004172584073380142 
0.005327783067828443 
0.004743984949666541 
0.005482213994135012 
0.004960729069730734 
0.005603138980077338 
0.004592993659667559 
0.004389021567497263 
0.005634462867010893 
0.004882808452342616 
0.005687084063943569 
0.005695204585969945 
0.005689979401580262 
0.004546101375649608 
0.005133255398916636 
0.005315677060945941 
0.005684010330764251 
0.005597774952380848 
0.00571284223408294 
0.005180588008472702 
0.005671407318260093 
0.004908565319260066 
0.004714166890276037 
0.004781448012864671 
0.005679749063382544 
0.005684114198752637 
0.004719153304825687 
0.005641284459001319 
0.005651111757592399 
0.005262202919208123 
0.005295868292933622 
0.005116768251408776 
0.005408607203133807 
0.004840471368190056 
0.005666808847205169 
0.005086068917953144 
0.004914343605475628 
0.00567445768434119 
0.005486168910999582 
0.005659806675032901 
0.005391796302084991 
0.005208530139458467 
0.004940001313105465 
0.004882939104590932 
0.005306171249644348 
0.005099676906517227 
0.005679034446029424 
0.005402848447990452 
0.005542736787079538 
0.005428300356930137 
0.005063319663938767 
0.005371362576855184 
0.005667776214462 
0.005335854450729342 
0.005625569424570633 
0.005649535926328576 
0.005492645734741107 
0.005635017835867807 
0.005546946037859503 
0.005513729006862205 
0.005525848456675689 
0.005294930442549034 
0.005507523429947423 
0.00555892966071025 
0.005223928682175758 
0.005638499434861573 
0.005046250055100667 
0.005484209930150217 
0.00568447860488619 
0.005670101857104311 
0.005589631579788616 
0.005658444973935803 
0.005656367518838791 
0.005592366064061173 
0.003317036534959451 
0.003441158554323667 
0.005737349681404756 
0.005634390669608459 
0.005606173155017896 
0.003399767709800541 
0.003472261829483739 
0.003364565715434011 
0.00570149180515248 
0.00566699296948556 
0.003780623746433919 
0.005622696621211195 
0.003784511645690429 
0.005656643377509577 
0.004552122702344845 
0.003775340520319817 
0.003753180309310005 
0.003801928571750717 
0.005685227384085534 
0.00567657201680576 
0.005486412861201545 
0.005622752696075826 
0.005475215892079106 
0.0053360857580898 
0.0052521745615837 
0.005151344263619607 
0.004824907143124626 
0.004774344489053745 
0.004586812937847972 
0.005462352818690418 
0.00540262085352932 
0.005294156052749403 
0.005189946991664003 
0.00417292728962092 
0.004970064603637728 
0.00455050379642566 
0.004334481946332811 
0.004167610982147262 
0.005599061793872688 
0.005380620533032925 
0.004468326916124111 
0.004326372878384417 
0.005106243200198381 
0.004906096806118278 
0.004780796727711768 
0.00559508711934266 
0.005551032545781259 
0.005453254094007271 
0.005417677034145951 
0.005217304852038009 
0.004489086982649737 
0.002530699527188536 
0.0005999579759882526 
0.0007502126780197777 
0.0003886326732177714 
0.0007457299948595639 
0.001328665762542036 
0.0008424246999533549 
0.0008076403719218594 
0.0005390760210919832 
0.0006622971000795154 
0.0008270830976293203 
0.001975033457146164 
0.0007661207315923034 
0.0007811176021830446 
0.0007900798245032481 
0.0003301098388031564 
0.0007930450359002437 
0 
0.0006617842231602177 
0.0008061849505782734 
0.000836671521348655 
0.0006313558428666693 
0.0006625853599522539 
0.0006928571361607321 
0.0007209421846105834 
0.0008167879918933691 
0.001657849390515447 
0.0002074328524124211 
0.0008340955731871393 
0.00227016836432583 
0.000995200213653634 
0.001170500937059465 
0.0008472235304814569 
0.000717791508501297 
0.001001537220050906 
0.001340820760499332 
0.0005230538288230587 
0.0005128232399442678 
0.0005022855109446109 
0.0004916799276170279 
0.0004746583023947342 
0.0004669516990727453 
0.0005496765295307897 
0.0004816225994285452 
0.0005064018389284356 
0.0006190862758362105 
0.0004694570332202533 
0.000470247792290248 
0.0005736274834707029 
0.0005653938946811454 
0.0005673905921072226 
0.0005596170281398068 
0.0005421630724010734 
0.0005328838164938381 
0.0004819206354094451 
0.0005979879153978504 
0.002165075840984926 
0.002304089154773714 
0.002451433276805014 
0.002514582627773387 
0.001642362779891152 
0.001874367644917166 
0.001966725560822977 
0.002045885252184976 
0.001499972990847481 
0.001765423263848567 
0.002110003179833899 
0.002205473189623512 
0.002244816889187663 
0.002358764942042105 
0.002407844890377426 
0.002489649835009774 
0.002511071734500951 
0.002488405274695165 
0.001046341394532993 
0.0009109037893229309 
0.0007925119852489387 
0.001185221483404011 
0.0006947459390232791 
0.001316471133542425 
0.000570136726083126 
0.0005736124691302567 
0.000551237285494613 
0.0005260425871829228 
0.0005348235416369015 
0.000516427440229934 
0.0005772296993127252 
0.0005025933386632172 
0.00056673340451177 
0.0005330369828820042 
0.0005052640829900021 
0.0005040910053639017 
0.0005139168653608224 
0.0005064960543599002 
0.0005083400357314927 
0.0005436967399276851 
0.0005905892141567711 
0.0005530907812549837 
0.0006199376978855616 
0.00239446824520556 
0.002393350278754197 
0.001967626812379846 
0.001837050860946573 
0.001747200355537797 
0.002004245487537107 
0.002141705193943855 
0.002218603833423467 
0.002343117431439678 
0.001907692350020003 
0.001649734770913965 
0.001546853448456434 
0.002020554888131714 
0.002283534797963981 
0.002334218752687136 
0.001436207622974551 
0.002438126899247519 
0.0005880704174474394 
0.0009594829697892576 
0.0007583470629838055 
0.0008507720303167008 
0.0006857270186817345 
0.001066381638985814 
0.0006296196791486796 
0.0005515107978592902 
0.0005577611991574584 
0.0005410436781438987 
0.0005402876325777002 
0.0005414649426965674 
0.0005646172694320579 
0.0005427896228123041 
0.0005488394686358454 
0.0005445298653370318 
0.0005306190351358401 
0.0005640173629735638 
0.000573752969930676 
0.001165943908039551 
0.0005894952406139937 
0.001537536379271016 
0.001438381518392997 
0.001632861441389941 
0.001711504589055309 
0.001347685229623007 
0.001775835320762051 
0.001805782052573395 
0.001860843418176343 
0.002081573956788499 
0.002047077875607129 
0.001259990157170345 
0.0005805840810239175 
0.0005972277744271111 
0.0006061318104534689 
0.0006045455178326508 
0.002238087950299242 
0.002114975053763526 
0.0009718873213519629 
0.0007333445357736083 
0.0005805765527390585 
0.000582121249378434 
0.0005746350953344753 
0.0006052766321244571 
0.0005756731704479441 
0.001571891011186437 
0.001242107436831853 
0.00160327466564646 
0.0006496050675670238 
0.001112361884658609 
0.0006095453545622564 
0.0006102550300945414 
0.0005624130911162169 
0.0006248562562664418 
0.001771474815840503 
0.001615538743054519 
0.0006346945463779065 
0.0006249782337339095 
0.0006298295429487625 
0.001371053597979282 
0.0005924105058071125 
0.0008993203450872963 
0.0006070367241121733 
0.0005901109935130007 
0.001524612439592577 
0.001040071282639741 
0.00148319570823612 
0.0006867190538387104 
0.001448667131088433 
0.0005789061690532023 
0.0006227772482886177 
0.0006482643516851656 
0.001163458710387154 
0.0007695950524775696 
0.0007462977723702919 
0.0006591943626894697 
0.000690245052570643 
0.0007196350811902932 
0.0008014514341900088 
0.0006535011149444817 
0.0007391914019671675 
0.001190770204977183 
0.0008064258895185174 
0.000621296579129053 
0.0006264558979925593 
0.0009997977838521266 
0.001320975984694319 
0.00162263387777433 
0.001284398523808793 
0.0006200495086633516 
0.0006357405343064424 
0.0006374243571562968 
0.0006967097298406867 
0.0006504925930846318 
0.00078876359659763 
0.0007681299941483816 
0.0007172173669387895 
0.0006882792481102202 
0.0007439506663735636 
0.002039119900528976 
0.001884506502016164 
0.001237751873393516 
0.0009211348627089624 
0.0006177877410930721 
0.0003494122190983677 
0.001553427004395771 
0.0006454338172578844 
0.0007247789057957518 
0.0009795793299191349 
0.0006645004537435652 
0.001088207112278251 
0.001388472666199598 
0.0006621356876911384 
0.0006366622961305956 
0.001747417292074912 
0.0006521655696788131 
0.0006490697423186042 
0.0006827080069595053 
0.0007146676753303489 
0.0007395538988118491 
0.0007625760604820649 
0.0007894244844939116 
0.001952509764282701 
0.0008020253071791203 
0.0009101945047781685 
0.001200167795367134 
0.001493708096606189 
0.001861355305157523 
0.0008678912164588143 
0.0006293897219029565 
0.000688069862496725 
0.0006462011909585762 
0.0007278393130574014 
0.0006779247566879602 
0.0006830869824155954 
0.0007031098799263401 
0.0006832908716586245 
0.001027757711059306 
0.0006773432786603063 
0.001079162567389806 
0.0007629996363514627 
0.001778227533304918 
0.0007354565689653498 
0.0007137975129415442 
0.0007829883034716648 
0.0008080125620167822 
0.001195539388308809 
0.0009394863109225317 
0.0006707150938228122 
0.0008685758249371058 
0.001475130374197466 
0.0007208298255207466 
0.000735710399634672 
0.0007531347992364516 
0.0007411728113491202 
0.001269189859809022 
0.0009257952437591045 
0.0009504320915467508 
0.000686901526567971 
0.0007525586590026808 
0.0007756887932771556 
0.0006467305255636459 
0.0007165721346093413 
0.0008042025963708876 
0.000717848860373052 
0.0007754108391241761 
0.0007615662084788077 
0.0009270134078080413 
0.0007648353747295672 
0.0007522475015118391 
0.0007984768411763163 
0.001209979328358273 
0.0006754906282732457 
0.000770174241146338 
0.0007179498232433193 
0.0007471078041769527 
0.0008230157197872097 
0.0007690126080595676 
0.0008008734829546469 
0.0007824785284396738 
0.0007868679575791732 
0.0008099799566719205 
0.0008213238083752025 
0.0005943207911546322 
0.0008513954227915161 
0.0009995168364818779 
0.0008099675451043095 
0.0007214697882322703 
0.0008209064144629202 
0.0007538080326200167 
0.0007910004141445092 
0.0007984125567322319 
0.0004565657485467433 
0.0008107828860697299 
0.0007205289264746869 
0.0007495594125983147 
0.0008333699320795735 
0.0007993172114300547 
0.0008251412503133909 
0.0006748172473660156 
0.0007743176923091248 
0.000829957346281725 
0.0005844924078650132 
0.002153999625461149 
0.0005881991674409138 
0.0005835232013517971 
0.002434016692604899 
0.000571646424073915 
0.001737082663682218 
0.0007775330099397435 
0.0006642415722579863 
0.0005993224448918105 
0.002228001306028166 
0.0007735870126876921 
0.001178957901739851 
0.002312866123757055 
0.002174483430522877 
0.0006007932792755485 
0.0005837254821356418 
0.001842977426271994 
0.0007718587655780645 
0.002028808682070523 
0.002162111606771964 
0.002245267224699702 
0.001120518519704288 
0.0007353838224160001 
0.0006988276707810152 
0.0006156082775365774 
0.001931278536850555 
0.0006275973804981509 
0.001722300287295236 
0.001613436025646423 
0.001450341370400412 
0.001343927380915897 
0.001333773711528097 
0.0005932245664207494 
0.0005820200715088669 
0.000562054523262905 
0.0008152960176376274 
0.000686558723572416 
0.0006124772696550599 
0.0005802027884409618 
0.0005810845735209909 
0.0006953547435187081 
0.0006647097027356821 
0.0007179648149552275 
0.001074664417897796 
0.0006012450036555105 
0.0006374999944796604 
0.0006068859272821797 
0.0007583133656964971 
0.0009370561405629762 
0.0008621059254692187 
0.0006017071395979383 
0.0006057379772527233 
0.0008871374819666579 
0.0006084763101465244 
</DataArray>
</PointData>
<CellData>
<DataArray type="Float64" Name="sigma_xx" NumberOfComponents="1" format="ascii">
-0.6171758755971546 
16.92955720068539 
36.56400733380613 
58.20602161708245 
81.52005709298075 
10.92036775396908 
31.63182694286264 
57.59021183756529 
88.32693914341817 
118.9235092203886 
15.05473313468669 
37.49398528807244 
71.78103305961726 
109.9011404371408 
145.1785020514687 
9.296176305014662 
40.10906048017757 
77.40322416664802 
116.8806894126189 
153.5321439150798 
15.01781988578709 
37.44324800893396 
71.71367132291101 
109.8357762296167 
145.1590202255578 
10.74798946402083 
31.44776579904072 
57.38288351184603 
88.14923539471725 
118.8310293821887 
-0.6969610413182674 
16.53639174696334 
36.1427097690144 
57.91844333046519 
81.35496271348468 
104.039838877885 
145.2067641794567 
174.0924277579682 
183.8836234618876 
174.0386085398614 
145.1822005805448 
104.3169798503622 
123.5405799747528 
165.6923126021952 
195.037322307919 
205.3619018933666 
194.9254578323784 
165.5912880195323 
123.8977760181425 
138.8521592672362 
179.6371459712537 
207.9458378231171 
217.9787657372183 
207.8135577087831 
179.4687692591728 
138.9494025483276 
149.3527473627997 
187.3965150923839 
213.6202719289576 
222.939179103135 
213.4993312073799 
187.1346764233176 
148.9158193130439 
154.9602033962067 
189.5445436372706 
213.2761324409366 
221.6910243524408 
213.1855471650113 
189.2761115218248 
154.0731982040252 
155.6477901652472 
186.9565582352198 
208.1485650221799 
215.5945929364994 
208.051681864416 
186.7345133263593 
154.9609735195766 
152.2948909611616 
180.6577621235892 
199.2694384089789 
205.7382225212495 
199.1052521468579 
180.3183156237585 
151.9910426825592 
145.8930548322347 
171.0822507669801 
187.3405372748167 
192.922373915212 
187.1430247832154 
170.763550708718 
145.7536956947235 
136.8538452875455 
158.8494373928507 
172.9795495843337 
177.8017171552609 
172.8312833769668 
158.6628933135484 
136.9673697627095 
126.3375715765371 
144.9048148212225 
156.8871407244052 
161.0026289059602 
156.7816849548272 
144.6888950087457 
125.9275489075726 
114.4854297632398 
129.6580234609466 
139.6112089542152 
143.0742550242553 
139.5696813627851 
129.4217378290841 
113.8070926306859 
100.9530067981668 
113.2876837167407 
121.5393958801453 
124.4366632132223 
121.5840142073359 
113.2556260009053 
100.2019399212535 
85.72613514287437 
96.19080590059657 
103.0104349445903 
105.392587403688 
103.1154211692958 
96.35961954321192 
85.66991846537587 
69.41547313554081 
78.74525286567197 
84.28092089888128 
86.19015772186053 
84.42694606428903 
79.16812667752453 
70.77205435512674 
54.11848607274194 
61.3852742862385 
65.67691320925694 
67.12709882364369 
65.81548986613815 
61.97728275468426 
55.94911248792749 
40.33724675661575 
44.80544065477172 
47.74624031564159 
48.70789819251904 
47.68782286355054 
45.02050637880672 
41.29260361509146 
27.05583383205088 
29.4289002061549 
31.24655523106169 
31.77664669027263 
30.76059768808235 
28.67792579928308 
26.61808996475363 
14.40932675756263 
15.8473552540704 
17.166369158234 
17.50381853752142 
16.46180072816501 
13.84741598326751 
11.70123109506742 
3.485621616427371 
5.466662403422471 
6.821922300157738 
7.044046878811739 
6.36109574194314 
4.040983242875011 
-2.521947036036161 
-2.504421621300099 
0.897444614905754 
1.169229634321498 
1.286474376864948 
1.109903362976252 
0.45245665958937 
-4.111224066126089 
-0.0718050530341698 
-4.641063611417257 
-16.83905334636698 
-3.086273153289724 
-16.17338884650445 
-29.95238845340034 
-3.869303530936909 
-19.96532311651521 
-36.8455367844259 
-4.039905048049021 
-21.10986328487157 
-39.84498780364061 
-3.995018650953174 
-20.99276035197379 
-40.51643965307995 
-3.837443981970417 
-20.24720414546609 
-39.72935948818703 
-3.575808141126659 
-19.16549597247657 
-38.00849311313922 
-3.294324618084444 
-17.85180467002697 
-35.74508104393064 
-3.008204325575213 
-16.42025789298392 
-33.06067876096629 
-2.720811032234014 
-14.91930706522338 
-30.28423373766434 
-2.436206824772261 
-13.41467857328553 
-27.40909748301524 
-2.155394646171279 
-11.92814387473786 
-24.54198440523701 
-1.882173944292197 
-10.4710921144093 
-21.71436469236177 
-1.619817806980029 
-9.075030926241622 
-18.89485467448565 
-1.372988416898077 
-7.751554338316645 
-16.12526407162067 
-1.145107580100163 
-6.468034439793894 
-13.53931573087576 
-0.9297119314104757 
-5.261782460110371 
-11.16087506966642 
-0.7333672688202283 
-4.172992857757956 
-8.890983084596916 
-0.5552929624146409 
-3.174505029164429 
-6.76470744860873 
-0.3970569418099307 
-2.27159761188231 
-4.915755692856185 
-0.2633279880247222 
-1.488561921119083 
-3.305263857459404 
-0.151033137360694 
-0.8658463270192981 
-1.949188492700098 
-0.06395066182072313 
-0.3771313482454871 
-0.9739835681680574 
-0.017969587012108 
-0.09665283047706236 
-0.0937917067007438 
-0.002536158962658211 
0.0001463126309583612 
0.02631126023431261 
-16.17607217214173 
-4.610349750830141 
-0.05155746436291263 
-29.936731307602 
-16.12035066836567 
-3.09133503374085 
-36.94912296421494 
-19.98633174182548 
-3.872478171680865 
-39.95239614866453 
-21.11282615798782 
-4.037776702190699 
-40.44870610177293 
-20.96986753260087 
-3.991274980694143 
-39.60624526175446 
-20.20921765024515 
-3.831127771689964 
-37.92582059224055 
-19.11588547022256 
-3.564809988905028 
-35.77036620869156 
-17.81501675964876 
-3.281812543111149 
-33.22506203626913 
-16.41460782439442 
-2.998158227724492 
-30.44443014791553 
-14.94187959732886 
-2.714459775290416 
-27.56964644339186 
-13.44305768159229 
-2.434808989661887 
-24.67944429204984 
-11.96999723305376 
-2.159444394609082 
-21.80464392809645 
-10.52628385910594 
-1.890361663289279 
-18.99993723188371 
-9.125054232998837 
-1.628456583217036 
-16.22024518856126 
-7.779883509472199 
-1.380243865714199 
-13.56865217636588 
-6.480118361957081 
-1.15313051013938 
-10.90639455728564 
-5.290740961044656 
-0.9391769416866355 
-8.745794260856899 
-4.157315980687481 
-0.7362598430351025 
-6.784207790569108 
-3.137223931781054 
-0.5515538071866398 
-4.993770874180491 
-2.280902684608666 
-0.395320100813612 
-3.351063760813024 
-1.508328341546232 
-0.2651877899170224 
-2.012014288771582 
-0.8745715002723015 
-0.1515792944743542 
-0.9941825717122574 
-0.3955699769756165 
-0.0668752828830346 
-0.1414293652143385 
-0.1108432455695286 
-0.01996379894852715 
0.02632852510337413 
-0.002154182525957823 
-0.002641021874424735 
0 
0 
0 
0 
0 
0 
0 
0 
0 
0 
0 
0 
0 
0 
0 
0 
0 
0 
0 
0 
0 
0 
0 
0 
0 
99.7746105541173 
74.74374116359098 
-0.664479557463672 
-45.79492579227414 
4.528359834201551 
5.762572249223697 
24.27495063551351 
34.80634882535932 
11.63760296547037 
61.56372442525159 
70.11184231073435 
79.24112436397886 
55.74884749974392 
98.74516834662852 
-3.369002519534145 
112.7123898693657 
111.7201891057406 
107.3559834919269 
25.98009174737597 
-0.9087217068311541 
-8.057384007711994 
-2.380874226847425 
23.29669324491272 
24.14562172773788 
5.104756393569931 
2.547123411180862 
6.221082443794812 
-47.1932688235387 
-43.94120119372233 
-25.72783808231623 
-57.34397164796972 
-11.39601683430811 
0.1143744280782336 
-3.740015539664051 
-18.26215608147976 
-37.39547743637321 
-48.30756167956045 
0.2835690415761614 
0.9869723995325472 
1.819692051650882 
-13.69263228251426 
-26.89919080675465 
-49.08106411924195 
-54.36097464145612 
-56.16964408498645 
-54.68125645615838 
-52.32217986058289 
-49.36143132380717 
-41.92774997283807 
-37.78925928975202 
-33.58143741241757 
-25.32933149529795 
-21.23411161241147 
-17.62227124010465 
-13.94996954108012 
-10.84384761316636 
-5.647305572625692 
-2.365562076035468 
-1.501965932612936 
58.24389236109274 
12.31955084373553 
41.57533651391714 
-27.31836233545405 
-17.02944027512847 
-33.9327520586551 
-39.82063505165851 
-10.37989706284561 
3.372773809290253 
-56.35634993698626 
-53.49880682980596 
-34.88832865061819 
-56.38588923680731 
-37.87128829060089 
-42.11781290175677 
-29.48248194910929 
-53.95585418634359 
-60.19426484580023 
-24.72794680077235 
-63.90386234986684 
-64.96164785649097 
-62.68842627651229 
-59.98295132899904 
-6.049707696166753 
-7.66542216217816 
-7.989277525327979 
-2.346802906072436 
-4.582442361770158 
111.8156968645073 
106.6669777904829 
-23.25425114721349 
38.2186578925288 
88.74715133458001 
-3.622093428068001 
16.87065917026521 
26.9784813602234 
48.14379457856442 
-62.13683202040902 
88.69814383198486 
29.16883712764676 
45.46309184773663 
75.3509577528545 
66.81434526230976 
-38.48044425699716 
-29.03283525873868 
-32.4637778997388 
-52.82397913817906 
-35.66275431511225 
-27.44332273324271 
-5.878097930222832 
-11.06138653098041 
-14.6223965370073 
-52.06248015477222 
-48.44459972347835 
-64.2283538174355 
-62.98970905805772 
-44.10160509250134 
-32.71868236049558 
-57.89382980561899 
-44.07634001148246 
-62.87133131590517 
-61.08875214294212 
-50.36568543060403 
-57.22135181217053 
-35.63250357281656 
-2.829490890369287 
-22.78689074454789 
-40.02997081235883 
-37.28854857882286 
16.20251510511718 
12.17597106491061 
27.12755737659838 
50.49807160291009 
-46.00392648897714 
69.24093817881295 
37.27346383550854 
62.23126966241619 
-36.08442470416296 
55.81721389119566 
1.605578038728115 
3.245562768442416 
8.595218862593841 
2.508579013551511 
53.02880420552018 
-2.075097550513528 
-2.618431480087493 
-20.77761889658261 
-9.015539028302886 
11.1746428944743 
-17.74076564339788 
-36.31263269238968 
-52.13391641588119 
-0.893100090280348 
-32.2092021069529 
-63.80075595256776 
-42.34263704785468 
-61.36498123955452 
-44.31136749821145 
-55.95073173822789 
-34.2850932563802 
-47.58863277542068 
-39.48575785935915 
-24.09000893854287 
-16.89779681932366 
-30.98128590533769 
-36.50372768672268 
-40.88677997953465 
-36.30334473859185 
-6.898584252269818 
-36.65867691205266 
25.35991358638009 
-6.407867971810961 
-59.3184633944637 
19.7881514985963 
-65.96009340532228 
-53.667595429436 
36.79855482404213 
-1.772836141844065 
-2.172525991811214 
-35.80537043305764 
49.35431625708938 
-30.93511033368477 
-6.880536719021634 
-52.01035163796248 
-38.63813899538188 
0.4895185253785126 
-59.77763414476757 
-36.07154696355567 
-50.24526328470765 
-32.31939476261582 
-43.38303414070201 
-44.30651315939908 
-55.37370753409797 
-69.62456860624903 
-48.01730827560296 
-58.99905606901262 
-57.26597966281866 
-36.84795031465389 
-37.94162242056592 
-2.784837647476886 
-9.382494095105233 
-10.90468933770019 
-22.55590217936381 
-1.71495011268057 
-2.726407544726813 
-17.17189609327654 
-23.85709832650861 
-2.650784886812974 
-2.630074975695271 
2.019702384001263 
-0.5102389185010269 
-8.921483934573388 
-20.78440780742524 
-0.2176155969775587 
-17.93148924577397 
-64.70778302694249 
-53.73678724052564 
-73.44739535692609 
-36.65217878016281 
-42.48374119995987 
-29.24071206946838 
-30.3738108234334 
2.460352802600629 
-3.052721423632223 
-35.95834535208995 
-66.30434231723729 
-9.179750065650623 
-29.37057313673401 
-64.08861213788192 
-12.26685387151809 
-39.6444780596384 
-26.49996615469701 
-20.00814719654623 
-10.87580314976357 
-24.19502605813133 
2.319039154887502 
-9.630447480910027 
-11.99684333341634 
-27.99725358899667 
-1.181688571818596 
-5.928197865102651 
-12.50193566262075 
-60.30250649275989 
10.66482213239748 
-30.92616604337459 
21.60546884810448 
-11.24121333726858 
-37.47078879944061 
-0.6432894480195839 
-16.19084320107898 
-28.91636830821631 
-11.74625716633462 
-23.23347895492551 
-12.51594100071303 
36.84699956519426 
-75.05193072007195 
-50.85094007442959 
-67.28697344731576 
-61.08138337848554 
-56.17180076666752 
-32.04879680082215 
-11.5061056705308 
-59.81309287956593 
-51.97956551889737 
12.17321515292652 
9.561103001744838 
-0.4850525557188115 
-7.949249537900955 
-6.304660447592664 
-16.11436583113315 
-35.27562546015374 
-7.711304554844191 
-20.36178062331306 
-73.67532884294393 
-1.728045999310306 
-13.88785975734899 
-24.59491613761448 
-58.00404422879878 
-0.690261302217458 
8.269621644937009 
-37.86640048163573 
-22.34285541497891 
-71.19198570801264 
11.35571575203291 
-30.08007202925715 
-26.05270037728326 
-19.27729939246175 
-25.6192540010686 
-65.17101218268738 
-14.0634474034044 
-25.00521975960075 
-13.42815916011159 
13.95600490059105 
-0.04421297130847573 
-2.602992031409587 
-4.112658218568162 
-7.185779354567562 
4.254024050882848 
-45.17033948764821 
4.327054903905795 
9.430816206978696 
-14.92106048000998 
-43.22950832949026 
6.791276652850127 
-35.56658573161575 
-66.9284982279469 
24.70725048621654 
-72.98582381426422 
-25.18608270451876 
0.5470063884006928 
-39.15304154575667 
-49.37943229063785 
-2.933150331509254 
-22.95671282196437 
4.435919301970723 
26.25418660115827 
11.29772498181942 
-50.3660149904423 
-23.44158829495976 
-9.267861351505699 
-7.630226090868665 
16.44159878244996 
32.15805104734634 
-27.68313571498712 
-18.07544648865889 
-61.04872496174485 
-47.21314973356924 
-36.40001219701843 
22.8031523534342 
-60.27281162019396 
25.4547371390269 
2.6829393417625 
-6.735942154386976 
-35.5155842806696 
11.44415781879805 
-6.220802809989753 
0.1641293710858889 
5.819426770722662 
-51.5000054314018 
-35.49327418879677 
-51.30199289630275 
21.77278006962101 
34.1584961080222 
12.74026022194223 
-15.86862555175038 
29.05911511099522 
-41.82572256323526 
-20.20270415247025 
-46.94893080370344 
10.88341981757503 
46.87421018180159 
-12.84695547144526 
23.4110089928283 
48.12038357247287 
27.03997961805966 
-33.58827675943682 
39.67492798159983 
-11.97269677802073 
-1.361572300043988 
39.26440085461715 
41.23357938683186 
45.7839255055978 
50.52089253737354 
50.32632353050851 
38.69396360668674 
18.02045937507481 
-0.8571545963987196 
30.96604401806578 
0.9071769050108184 
-11.87733033353006 
-53.71892501853876 
-25.38512397392252 
-32.50028640264529 
-14.50621336737015 
-26.84879954532872 
-34.27724242805856 
-37.46929704797061 
-49.88268684138108 
-43.37265978746326 
-41.12857638580241 
-66.57849808276858 
-59.47650572652987 
-39.35094116113218 
-39.84465417154139 
-53.72207792356713 
-68.50580912309867 
-50.18380992029188 
11.7908929722121 
97.40457452692158 
4.113048532545424 
0.07964165150962062 
-0.419000837788751 
-2.151761373104198 
-11.39428777182736 
-5.649470219806366 
-7.679130540543561 
-10.89964202472394 
-13.26538622319162 
-17.86203103960726 
-32.4689808764924 
-25.23629968850753 
-44.3972662625742 
-36.49051182445744 
-40.37224665369836 
-44.1448789660577 
-47.86660681672866 
-54.06310080404857 
-55.86871055590676 
-56.47089005452456 
-1.528464554815461 
2.570203125091207 
12.57778681061936 
0.8930776369563331 
-20.69209031856549 
-18.77827540908705 
-7.3182092207566 
-1.668285976925291 
-12.57904946492646 
-0.9847708337465614 
66.32797790989272 
100.5029026997096 
40.93568291495547 
-18.83906091205127 
-63.53486900000595 
-49.22065972294849 
-40.74066954452815 
-29.98078488989848 
5.049821679869813 
-1.844968350821723 
23.36177554561115 
7.029493675164662 
68.55479872756624 
16.16246875455037 
-2.091368659647684 
-1.732929528569984 
57.67485757493645 
89.02651130540077 
108.4202829428697 
112.5350967456704 
110.4756709199331 
104.9668736664004 
78.70205275525151 
47.61717042321311 
37.36974184813236 
28.39661996296478 
21.01537691845301 
15.88433815478135 
-29.32770659025231 
-15.04380564592789 
25.58742483460583 
-22.7076535478199 
-41.20376594725491 
-27.59347525161497 
-26.27711000943895 
-11.44548818817576 
24.81204017293769 
74.45489524152322 
-32.63488262628664 
-28.84066342402632 
-56.32586666380121 
-53.28099183696104 
-51.25047322728496 
-47.95220019962064 
-54.69316314641263 
-3.911010022380674 
-37.1070985703812 
-57.14302219833163 
-64.52416231055621 
-62.21919734958529 
-3.640739064034536 
-12.53645747614605 
-48.82152548193462 
-21.60562078664502 
-36.5814461368416 
-1.238906594945523 
-3.942618679765107 
113.3188903557792 
63.64433829367965 
53.39088073607188 
87.46877351916386 
58.15309783051847 
0.3996397249312983 
55.71096745764557 
46.55481851031191 
62.67518592871501 
13.92500903701193 
-34.16597845549874 
-15.88606688416782 
20.47848542480516 
23.67142945030256 
49.40150877831273 
37.92283276655834 
15.40590567132326 
-19.35377689749055 
-32.01545740451414 
-56.27079467758752 
-33.64588555043872 
6.200613922337861 
-38.14303931979229 
36.00913304494505 
-5.240195519945849 
-8.985593911680306 
-45.07864280193922 
-63.75555503844198 
-44.70268250500682 
-64.95412376690338 
-60.93447851648891 
-46.71517704009058 
-64.05309807682238 
-63.01822709041865 
-60.48432289664022 
-38.37560096391975 
-50.69866204605297 
-23.476738238198 
-52.97383173097271 
-21.13661736375504 
-44.99805716854321 
-35.39766856517808 
43.93336557125463 
7.688646935296495 
56.05487802919195 
-13.65251979393602 
-55.74889560948983 
67.26797573388076 
14.5238461801508 
-9.319814515233649 
52.57243574444564 
19.32064305072067 
-39.84820000657793 
-14.48833736608432 
23.55407558944528 
25.46969107751667 
22.27408910453426 
29.96959859100116 
-18.97628932095162 
-5.929141171496607 
-14.44013550372225 
-25.25713295588798 
-44.43550288912127 
-41.82599369936604 
-58.63553046916717 
-32.96027801972887 
-41.05462133890001 
-57.74135687624846 
-59.24964321555099 
-31.31443773992406 
-63.2320233213204 
-45.85060030149496 
-55.38178084361577 
-39.69296654463618 
-51.10295591224268 
-56.36987820365292 
-51.23959127103596 
-55.12697360175564 
-51.21392133271961 
-21.64548483572388 
-2.203620868710419 
-43.53483837400988 
-55.54182994237421 
-42.1127524827883 
-39.64157062805799 
-12.74250407037874 
-48.29187246537459 
-45.99641704860299 
-35.03398277337366 
30.15557146298745 
-31.83566820708068 
9.616328172654738 
-1.004028585673408 
17.02553588452798 
-41.478809986187 
-28.12780513063573 
-26.14225592044087 
-1.953464753121709 
-0.2114233336379018 
-26.15458143274029 
3.638625285045265 
0.4849526397796482 
-18.0947337857612 
-57.68005273634123 
-36.7369500139135 
2.674405601416731 
-48.68440305729706 
-55.30813543355374 
-30.47023155607563 
-38.62683628239952 
-35.25365686446656 
-2.189715890648364 
-40.29238780784795 
-21.57492217983047 
-37.50722214227824 
-37.85865187037027 
-6.835321105227009 
-35.97496982542523 
-40.45452337643071 
-0.3113034135936669 
0.03244312948962881 
-47.65263528601643 
-7.164890830931745 
-45.23502072828578 
0.2321415741345551 
-40.51434451154981 
-2.174610414714291 
-0.4950576437437486 
-27.22553382368553 
-35.95165233324524 
-30.99056509518731 
-48.96576904479311 
6.263363328813782 
-45.25314818073537 
-39.33850897752691 
-44.08167262656368 
-2.095155959639869 
-19.76705549810505 
-19.64422491275417 
-47.37622869029678 
-25.46512786700158 
-30.03300875245639 
-32.84760594802977 
-66.2272190767044 
-60.47535847686257 
10.20757883229615 
-1.95043097726745 
-2.45123542034989 
-8.297163624804075 
-16.48353395686301 
1.721648291603153 
-2.197998199118909 
-63.10023583355465 
-39.09142839389073 
-53.21616983583199 
-34.67780148490997 
-48.83081083953909 
-60.45789006378747 
-24.31609498566597 
-42.09812452844886 
-26.18002688704058 
-15.8105158356681 
-38.05276173539644 
-10.43289117322782 
-19.86455262218155 
-21.00902452391178 
-14.02473079618585 
-22.49385889766701 
-0.8902464156889556 
-4.640818513853934 
0.6717160984265318 
-10.04087239345549 
-0.2882007277331682 
-1.689499410693826 
-53.50378804493237 
-8.545811138201298 
-11.96440797901575 
-3.012581432494622 
-19.66110689273961 
-24.59643383099974 
-37.98342791053339 
-4.093089783215563 
-59.0382165224623 
-11.485362995355 
-33.10769504819081 
-13.32954179075485 
-7.84275945365016 
1.162951782584217 
-21.73305259893177 
0.492986955840468 
-3.409541210350449 
5.017544272705628 
10.53226038929554 
12.11098887630002 
27.06197730768992 
-9.672278800246241 
-8.469725256212453 
-19.35810612060632 
-9.148440279454771 
-57.11479304725726 
-55.95931449252785 
-23.99708251820167 
-12.12924449518396 
-9.818940017970593 
8.855697723019333 
-2.581964102337944 
12.52895226569969 
0.6777795135819922 
12.82234982326055 
2.936090928741214 
-70.11017747522467 
-49.95545118372005 
-21.86994405624601 
-63.51619400837316 
-32.87039559476406 
-49.05267453835278 
-6.002308664644401 
12.39149538201223 
15.09596017058256 
-28.27655145710925 
-64.83029748077817 
-15.09651716416222 
-11.14416481259448 
-59.88775812669423 
-66.53496334002054 
-24.29017880873436 
-39.07255369087305 
25.67419495638585 
36.32771669842059 
-4.128722325248683 
8.39961140994936 
17.55182834920634 
-70.31486621362997 
-67.59570668033415 
4.524195638940982 
4.333778924418913 
22.46926400642181 
-42.03857401509693 
-20.82744220383924 
-2.435456868813072 
-42.16908466061806 
32.77753330590185 
-36.06775568619396 
-45.35321528895093 
-62.9762940647628 
-5.109390232925126 
-0.8174390484589683 
20.91939276210062 
37.50070419263574 
-16.05041686818252 
-10.53920538694884 
23.74092149637145 
-58.48441880571004 
-8.29780935355779 
11.69194920558086 
14.16746407206468 
17.90939488219967 
45.50579435362447 
-14.477224924549 
-55.41068599026073 
50.00879713362662 
33.73241209341938 
25.16781363761981 
-21.22157205067783 
37.52422926647457 
26.42524765661032 
30.2996809448012 
50.52926868101471 
-26.00289444465495 
-0.5103884125920516 
44.9227745687466 
41.42545412677936 
-5.293250150817948 
31.56262540284202 
-12.68157096631833 
13.4934802889443 
26.94316516554629 
3.657723918453353 
-11.41735170501144 
6.539097179370621 
28.65918719627206 
-71.20764452256884 
-27.29765675310498 
-26.66926109165129 
-74.17581979868521 
-38.24058735786577 
-45.71368975034077 
-33.58140896472258 
-41.44304499635237 
-51.61864840104827 
-52.02665628145657 
-47.37249414136161 
</DataArray>
<DataArray type="Float64" Name="sigma_yy" NumberOfComponents="1" format="ascii">
64.5066304148627 
136.7926825872875 
239.3283520242983 
359.0388004599441 
477.8705162200099 
45.72732698450482 
121.0655519863222 
231.0145903917876 
360.7311566117803 
486.6387680336575 
30.63773723421006 
107.9864284030651 
223.7008823376701 
360.9264840025168 
491.527309147233 
20.62569011015878 
101.5227713014907 
217.4133751737475 
358.0507829962941 
492.1139559779701 
30.63440758942801 
107.9596526797963 
223.654490773537 
360.9132225100649 
491.5518415861403 
45.68658753096507 
121.0195302007795 
230.9779530165072 
360.7948431942132 
486.7386236635504 
64.53920246104178 
136.6863154265477 
239.3399263108602 
359.2383970439952 
478.0907925536598 
582.468029802848 
594.6176456586221 
602.1915280171085 
604.4085110538302 
602.2226077777273 
594.6829238225112 
582.6015552607794 
667.1157954246693 
680.00087293243 
688.1144208118126 
690.9485883416967 
688.2497287681089 
680.2957011299936 
667.5723502784006 
731.489772785843 
743.3467060307186 
750.8087428940272 
753.3873565448328 
750.9753885274511 
743.6974031798899 
731.9876181551545 
777.8693530381204 
788.0699055825042 
794.2903219130118 
796.4045796585193 
794.3597850482664 
788.2227290787588 
778.172507373507 
809.6126509358553 
817.8649490281533 
822.7543550978454 
824.3561643655148 
822.6685510417483 
817.6656323115078 
809.3594111100699 
829.5266596213412 
835.9164445625668 
839.7151521839252 
840.9323174232214 
839.5754428335074 
835.5808455446387 
828.8484393853049 
839.4824153008046 
844.9538500490463 
848.1007056762115 
849.116772829206 
848.083010591071 
844.9479688148502 
839.5965378301036 
843.3934048647583 
847.8775640597974 
850.4496021791288 
851.3021567470639 
850.542104629401 
848.1330926481087 
843.9167773668891 
843.8518547605549 
846.8264489866833 
848.6331544373974 
849.2369007037279 
848.6691995932908 
846.8804696260862 
843.7592465201008 
840.4472513411079 
842.4985992343436 
843.6461017622804 
843.9737118163 
843.5203966717584 
842.2632433366566 
840.113851914587 
833.8053025101606 
835.2741699181703 
835.9238624033454 
836.0145751466196 
835.6183415290753 
834.6878842595573 
833.1253724860177 
824.5335157498016 
825.3204265321402 
825.5794502654203 
825.5254740366343 
825.195603600767 
824.5291457744358 
823.3280157190121 
812.1396245112679 
812.4645160396301 
812.5306821668559 
812.4591031609524 
812.2818239289418 
811.9564250660603 
811.4391755601938 
796.9723413861997 
796.7545960967757 
796.6156383882799 
796.5633027604642 
796.6094580023934 
796.7162530107538 
796.840872093586 
779.1820671537982 
777.9551388637183 
777.3419331096644 
777.2179358915366 
777.5484074094878 
778.2212942591475 
779.068463894786 
757.0791895957235 
754.8654191843385 
753.5123601741693 
753.1928234205158 
753.935247019296 
755.5076325396418 
757.5170979444546 
729.3438764146441 
725.6616327960364 
723.2364071904515 
722.5477764470818 
723.7974087358272 
726.9252168843208 
730.9615266926453 
694.1932414979201 
688.0178783781678 
684.0494060345022 
682.8229238969089 
684.4132122525784 
689.1494729901289 
697.5403096755449 
648.3742308314772 
638.6118608764807 
633.3255529440884 
631.4947401622395 
633.0806464560359 
638.2555377133669 
648.4208244879085 
584.9066527205345 
575.090012389588 
568.5760556077756 
566.2230077148675 
568.1287522141421 
573.858863028673 
581.9866354426963 
0.6553742645606442 
12.15587672867804 
26.09462574748293 
0.1805241990039768 
1.799533382199343 
8.158068865924223 
-0.2439740096206311 
-0.1098357618853626 
2.975810021266077 
-0.246819108752995 
-0.3208982555927916 
1.168701955588177 
-0.1922353185773706 
-0.2306274966356558 
0.4811554043874905 
-0.144713640722412 
-0.1654453863310058 
0.1852100828750784 
-0.06355501030207464 
-0.1330731587111978 
0.05853559139878513 
-0.01393358138867245 
-0.08709835007631153 
-0.01507630288101089 
0.007082539866770066 
-0.05001804408630942 
0.01070337092983044 
0.01656662829515462 
-0.0072435420806914 
-0.0206113385664865 
0.02154894311371911 
0.02289742587631746 
-0.01598128130604271 
0.02609797999794829 
0.03567858062228513 
-0.03653360728111846 
0.03125349460708005 
0.04514004851566375 
-0.07573872663907032 
0.03951872643831485 
0.05076006361689942 
-0.0692179917120945 
0.04591246969097491 
0.05130555460009587 
-0.01228226549824702 
0.04355490444331862 
0.07401887775484584 
-0.0223211197498387 
0.04096301138334099 
0.08883255377165075 
-0.06660468403306044 
0.03714159587858592 
0.07944989879156267 
-0.04416351867901828 
0.03350772561718678 
0.07374321657673653 
-0.008704010388542743 
0.02941860350434195 
0.07443831757557842 
-0.02840627317139702 
0.02402136228821703 
0.07934618917685426 
-0.05014922301111861 
0.01978128635622075 
0.06321507274032148 
-0.04047740694895163 
0.0151425809360392 
0.03578992232004623 
-0.1564878489469062 
0.007866022480701226 
0.0159903895950429 
-0.05608616870637644 
0.002661138986804796 
-0.0005148956641413002 
-0.08882809087970689 
26.36478368937292 
12.15854976205013 
0.6679683478273477 
8.0839255727651 
1.842743383892219 
0.1785411428034948 
2.955867953579806 
-0.1213100812506247 
-0.2460863205119761 
1.123848772555736 
-0.3258466950738968 
-0.246162698415729 
0.5075205147733619 
-0.227344401655397 
-0.1926215255398462 
0.221136420227723 
-0.1603147137917402 
-0.1448626016735308 
0.06774099707263768 
-0.1253097608122979 
-0.06149956475778547 
-0.03178364461275607 
-0.08541900797017575 
-0.01201551976583909 
-0.03819075050557925 
-0.05782758202458403 
0.007614962503693885 
-0.03045265544290164 
-0.02169853885229273 
0.0166521881207399 
-0.02830127722119699 
0.02069824077462828 
0.02128014551120663 
-0.03566550286415657 
0.0369960805296134 
0.02522629671330566 
-0.04060406518492607 
0.04387001444596523 
0.02986556353368533 
-0.06399904694341256 
0.04888062866121803 
0.03884176133752636 
-0.04484753608081041 
0.0536219962839898 
0.0455591984532963 
-0.06238121758101314 
0.08495017840643407 
0.04350926936082405 
0.07841578768498583 
0.0893202341557473 
0.04156527293435709 
-0.04053029554289533 
0.08466278642300547 
0.03835676744554788 
-0.09278690347844679 
0.07756088131094155 
0.03469520151734364 
-0.04396094997326968 
0.06191240451115553 
0.02913625798617552 
-0.02257501415259609 
0.07688554276456468 
0.02303069315001701 
-0.06658395276782705 
0.06334270867315225 
0.02013299123119143 
-0.1282541275107303 
0.03759846756408129 
0.01478731854818268 
-0.05844165634332046 
0.0170030570156001 
0.00801933827917262 
-0.09364068240570471 
0.0003223987667155868 
0.002980764312077971 
0 
0 
0 
0 
0 
0 
0 
0 
0 
0 
0 
0 
0 
0 
0 
0 
0 
0 
0 
0 
0 
0 
0 
0 
0 
762.7554881440765 
650.6004904808336 
159.0789818061888 
-0.06391106151221622 
618.0723838794677 
706.6545294687135 
737.965944560361 
763.031685657328 
774.9169562912876 
796.8662124753708 
811.8289328894734 
822.4129970286882 
803.9113368441797 
835.9665978206633 
664.7155222980343 
831.430879328443 
819.249877393023 
796.4590424112582 
362.0232491162603 
876.5506961356808 
782.3148111896545 
879.439122660082 
807.9760848696837 
816.690044861051 
743.1663377312506 
-78.94616666129797 
-41.62546803241943 
-0.006245707463261059 
42.51255923007746 
369.2601361926916 
760.6678068819548 
817.2923912551432 
-1.148237924735598 
-0.596379107743642 
-1.320883227656892 
-0.7490253861773228 
0.5713265042414525 
-59.08554926558498 
-69.62012692928764 
-76.09421045997615 
88.87400611524197 
46.02958319137631 
10.34010089836958 
5.099371389837841 
1.513943053619937 
0.7858361398349964 
0.3635223862436292 
0.001416069996341653 
-0.1519026126879845 
-0.2109955031564475 
-0.3354451987841893 
-0.3160422748874966 
-0.1818572384537902 
-0.3933508470246056 
-0.3678129172234551 
-0.4285669362779404 
-0.5427321733387804 
-0.7551492318496809 
-1.801258203273188 
567.8932254572484 
253.476968283945 
470.5330649164245 
283.6772918530519 
185.0940186293892 
70.37611819655339 
22.05077923330409 
270.4932390261197 
465.5652017431655 
2.723009102664497 
1.13817423801769 
3.112963829020319 
0.4116248800967208 
-1.069317963088114 
-0.3521888148557614 
-0.4610142932572727 
23.87383166561878 
14.13620611030165 
117.335096448635 
8.379801659077518 
5.107384423100324 
1.894514633831139 
0.9675570989865204 
-3.463070059838897 
-1.14973073471922 
-0.4636230708475421 
-2.640692906439226 
-2.441575639260567 
836.0255939310561 
838.65478323592 
466.8077335811375 
693.768902854978 
715.1691102447346 
368.1518220960101 
552.7238183727268 
629.8903581087025 
782.0944141180332 
662.3611260096603 
830.1952862200795 
818.1974892584258 
741.0068014096422 
827.7372668898253 
815.7836684614751 
293.5306865094709 
206.6137337240125 
142.7843734683856 
440.1204992674404 
162.5430783281171 
-0.5519110698475254 
-1.54704321902425 
-1.228655018484197 
-1.136926638062478 
0.270313121414107 
2.405633531115214 
3.286614779934941 
5.73787070637986 
-0.1388420796552438 
-1.098751714935085 
1.853693739085065 
65.05969145778464 
12.32203307040926 
3.213654221066151 
44.23598337455098 
28.31772213504536 
-1.133128051878167 
-7.062271610466047 
-0.6653771465561329 
-0.8010554330485905 
95.81430814961074 
706.1792407457419 
728.8273499538319 
772.1470529498449 
775.1638506463079 
452.1212166387431 
830.2000959790416 
813.1731877469113 
828.861240346654 
742.2384884356306 
823.8459892440928 
749.0221700062185 
775.8509245421993 
669.1397091478947 
794.4172898108666 
803.8817814805667 
802.5532521738005 
682.5658054150076 
536.8503537243751 
-3.15097843812407 
758.3088523386539 
794.8112568487261 
221.2995537288741 
5.1510226817167 
710.7727600923797 
573.7828621422643 
8.453759452399703 
1.169015924657919 
18.3600064429539 
68.2415426353293 
6.864743130403982 
97.54866484370247 
47.83179719746948 
0.7467900643789454 
-3.881444751597398 
-5.989119099614786 
-2.101581118164872 
712.0407615530191 
93.16691426559296 
671.9746326603885 
609.9484959364009 
624.5312172849955 
818.411886589647 
800.159816566504 
747.9370173042278 
796.552388080823 
728.5753378894674 
580.4461569525307 
790.1626872459173 
683.1986528566464 
834.9128586336777 
790.386693123782 
815.7740564091682 
-1.995384675473811 
-6.395682903721153 
31.93767055707463 
120.6576605243983 
-4.411714587964626 
702.2988808639727 
762.8113564924003 
19.68497090306882 
35.11184592296556 
43.78087268605965 
13.51358000336363 
12.28358427688302 
606.3608177531007 
518.8961445405602 
730.9650936046733 
628.7917780528251 
222.0083893757409 
65.58207959353322 
771.2537324879763 
804.6941890258978 
-8.660104937706752 
-2.442708851988168 
794.7440539757898 
861.1662280646174 
-2.568039263158336 
-2.453543258122808 
875.1995953928222 
757.35716965375 
742.9987672106175 
-6.443761451312823 
805.6722728031416 
-3.939076056794621 
-45.41512163542136 
-4.128662522953356 
514.8147971152648 
434.9136052064311 
698.2194635246067 
778.4869520387136 
9.428048832338058 
10.72888497308143 
-1.756375034237925 
-38.7837796056261 
140.1948570817309 
132.3270772468794 
539.8646040648869 
55.31151322195631 
17.26402416750921 
542.1398275850075 
823.8495426047475 
774.193385933124 
83.09279371083194 
139.1926510814855 
800.4690055216686 
799.48033321225 
724.1158280747363 
810.409638497228 
788.3440061775918 
791.6634864567442 
877.0165187749367 
788.8125565404603 
-5.619015710759519 
475.6877350020557 
3.342557832553627 
24.61999898410219 
-13.92970086452859 
78.72192515157433 
786.5679874664874 
-16.69487031195677 
791.6619758286866 
55.06022057765779 
37.15781056281422 
206.7336473229569 
173.2183490677781 
33.79711537473464 
661.1996083600174 
468.3894928747084 
587.7618727831767 
528.263529464861 
696.8494894142174 
792.341957094736 
821.8938007321935 
722.3994549879906 
770.3988444987829 
-39.49149249453507 
-41.20274983729756 
-30.43934829733728 
-11.81693796075624 
-11.77578727902941 
5.15723182130885 
290.1302144342889 
218.5482304644051 
620.676082638408 
645.7052049787279 
-23.78305232142191 
23.95912645737849 
0.6762103660548332 
485.9286269818344 
-21.88614674202668 
50.00841295194575 
341.5404576331965 
256.6713949297791 
677.372835269079 
405.8982892521907 
560.6462169571575 
793.9680594956664 
797.8022476915913 
779.7250270147969 
652.3107656465966 
711.5668731233292 
7.738045565882357 
-7.418312688412525 
-7.536828983146327 
-32.43375105535321 
-14.62251832702785 
-17.34015848576241 
13.56739927197803 
-12.87789418088539 
777.896631233523 
107.3245766084177 
74.57221088689214 
-2.57469485973367 
402.7250003712696 
372.3031125484908 
786.5786399956056 
703.5001830480343 
188.7338648198765 
639.9027328866104 
490.3716394430464 
26.8692824405599 
754.1726556591618 
647.282758526015 
-13.68407971778135 
749.2026457848571 
-23.8741571762095 
-5.399537690385436 
-21.91037533872961 
760.0409954547591 
310.6384479723502 
339.4312143818415 
-7.319621169032865 
142.6925572437724 
42.23297182507336 
373.7948881491448 
14.74130588026634 
574.8859709552759 
711.6270209198307 
723.6867300897636 
49.88147510721839 
675.6492379763889 
6.391603611781113 
10.24120419264333 
1.478094079440912 
442.2437322300707 
296.1476592490219 
273.506862751571 
450.6848339743786 
180.0934642651281 
737.9572411706424 
681.4337983672471 
609.7625092644788 
18.25461598156603 
149.2499309382998 
25.69785586538826 
413.9537657104784 
244.9656487513992 
518.3653365963538 
694.8599051364616 
681.5601924777823 
231.4193847728422 
78.68111089871731 
534.2150656796338 
106.9361542487225 
135.0943222350371 
319.5887839271917 
629.9948163303781 
111.7556740823116 
615.3896678871754 
512.4289319246246 
73.96008976338879 
30.51283302865726 
245.1723892586353 
85.31499358386998 
159.0876856202439 
192.5545347555223 
751.2645366775997 
783.5676401503222 
78.67445197508796 
794.8685323821868 
-2.201399878440179 
25.57185014650801 
155.6405289970968 
247.3819355030592 
107.7950294646901 
119.0948771822786 
187.8595403719193 
158.2730144137127 
370.8344410065934 
304.0340875711324 
302.7056462893992 
714.3395931977823 
745.0600204769171 
6.38833131238186 
366.4991550215058 
381.2150972094133 
606.3571453536798 
9.673142547236878 
244.2247502422682 
835.8818571525403 
442.3180314905028 
-0.9911981178731294 
-5.226973956976681 
-0.6540114490088341 
-1.58729115178872 
-0.5973879380928314 
-0.5076119819622902 
-0.622612002413626 
0.3426227228693441 
-0.7310660236981428 
-0.694326935903593 
-0.3961363692944663 
1.605212156683974 
-0.06113060949570495 
0.03999652728357092 
0.1739308789463307 
0.2579292852325984 
1.137028638276224 
1.878240075989309 
2.870638256460669 
151.6677722748898 
-79.05242063761409 
-38.00613082447703 
-73.00092269890217 
-2.939989193368687 
-1.945871733022086 
-0.875241136322762 
877.2058563414332 
820.3689793746598 
813.710800809969 
812.6441460960862 
759.4313986657188 
461.7409299220764 
166.3722448537022 
2.946926909166473 
0.1846678665011726 
-0.3052066332026088 
-0.2003501524539144 
-46.2822690348201 
632.6725470071505 
753.9717671247907 
781.6339756470484 
811.3933559040971 
790.9016057689672 
877.9600655891717 
878.721917787131 
561.802430834217 
710.9487553488439 
793.5946451788132 
815.9797738148674 
836.0551237445507 
837.3700166263681 
822.0751235540185 
781.1003703229594 
761.1952367768059 
737.0878735102488 
710.0092813179403 
680.8602354593831 
41.84805532653564 
84.05467175635228 
351.6872242553156 
427.0574958896693 
20.02003509057985 
103.9433666686042 
255.3308191441753 
247.7445688377467 
615.9147546659634 
645.6444435251502 
-0.1626711890798509 
-0.226724179806382 
1.392912555069879 
0.4419945194674234 
0.5403490699435933 
35.19096686553991 
5.22229926151588 
342.9902814197262 
62.12546776851767 
0.6821833620561832 
7.289633338616643 
11.81401999363054 
-0.600599001108578 
-1.076158552063758 
0.008526322482417187 
-0.5493419902759631 
-0.4691749610198347 
-1.464695212985244 
-2.126805909099547 
829.3550927131819 
827.6096307207417 
818.0469688000647 
830.5155497894017 
797.7687094894388 
731.3805528368393 
768.7784003431843 
731.1428017809345 
795.5176219044095 
535.7207166551506 
699.9861307981985 
788.9440947508555 
791.0685735752537 
768.7137133591611 
809.7780725171058 
782.8054766246048 
742.5404676051843 
765.8005831753851 
182.8450704965897 
20.29737288016013 
124.790640778538 
737.1998885001003 
337.7666664793934 
680.7026643376961 
-5.144623925783613 
-2.785762614797076 
-0.1567897138234543 
3.087705452841116 
-0.3965899492308763 
4.512552272559574 
1.284533948822051 
54.16653942348256 
8.677354327896674 
13.74425426404459 
1.193626200315243 
262.1129279253202 
2.082473429913964 
-1.232171315444441 
0.4754361067847379 
-3.635500250444211 
23.00959642024566 
204.3982065380202 
797.5985306028484 
765.2145530709051 
826.7697378323653 
801.9184241399663 
703.1940907022271 
823.022718030062 
768.4875265277873 
645.5526117962565 
824.7412276731185 
816.1861967967831 
414.519333456314 
583.3463206134619 
804.4139809817304 
813.4509813471061 
811.6913775389376 
806.6772578695947 
510.0949457234556 
-2.361419521613092 
-5.369322507972085 
338.4341515324671 
340.9271812534653 
82.82103857079797 
22.44902007237926 
226.4892620691756 
484.7830207054907 
8.830693952808513 
2.974776617228789 
-1.508935447653508 
5.839758870960001 
55.1511774327771 
33.71327973707705 
59.88800781882593 
33.9850386372708 
14.54033672539396 
25.53356279044756 
2.306495978553628 
5.228217830283346 
-3.463569106831474 
696.7000554025423 
72.29889800884324 
757.6606325046025 
606.0472944687374 
767.9647945415755 
785.5806771983955 
740.9607832309755 
781.0553312558877 
784.8628004951775 
813.7203019099585 
791.9290262243539 
802.0253512100859 
769.3206879531716 
780.4528997021824 
546.9195029078455 
-0.985962993860774 
-2.070689798028015 
-2.59181290893511 
-38.76035044412519 
-2.898053975468465 
698.5969592277149 
737.9290666940323 
794.8151788562839 
509.8691055328721 
111.2080078121906 
-44.1526242143927 
-0.008391880463871116 
6.332948423057022 
49.63630039049796 
110.0346990805659 
11.3595980323725 
870.0389387545353 
657.2675326129338 
797.6905652911562 
242.743191391147 
189.2350635917267 
-8.269620317859903 
-0.9730543438834652 
-0.645108261821252 
-24.7989879126047 
-52.76247413155416 
777.9356702051823 
796.2147555352834 
781.4209691596202 
-64.74101630999299 
-0.4094404058741511 
-11.08868588611633 
-13.44323943044476 
789.7795214547133 
-1.118254289217663 
-1.784108068771055 
401.2936655205033 
-19.02932605075706 
-0.05639571990694923 
31.41642805632673 
287.4460735297299 
849.8915652746643 
204.8069888251131 
16.87502928976134 
12.43132008082384 
42.96415812070016 
92.01119054424844 
158.4853841914891 
550.6719980946017 
609.5468011562937 
-42.06461978741782 
-21.74439747281606 
-5.63242786160572 
-9.48113742395608 
-1.762867522409563 
-77.21947274817107 
-19.60319398996679 
715.6917806701736 
311.3986901966781 
358.9117262131903 
17.28892647248559 
450.0964660556286 
752.8820131328659 
797.2450127081697 
741.3402767914723 
771.4040068808426 
-5.519705927643617 
1.081328755061991 
65.41294756032326 
82.24440509574193 
29.55587999385064 
337.1420812753037 
143.2124646475928 
-29.29465747948121 
-15.59452526303794 
-38.01418133417435 
3.146312799979427 
760.7177574479473 
787.8772834399257 
757.356263575518 
791.5958759718778 
813.349996907048 
773.5114583367842 
-5.039202172377686 
278.8674939181007 
304.7285214435918 
47.22715123585095 
752.2103669529732 
816.9141803670288 
788.9766654768326 
790.1441008128335 
-11.37596269252679 
-26.72462064091003 
7.686738776155731 
27.35667135060334 
-14.87315773369809 
-29.58542777968191 
-27.98957431836038 
13.35376362463577 
-5.943272552035263 
799.0899036477581 
801.6511110447238 
795.0575624505291 
783.1967897850689 
479.9103180787772 
487.6970385278896 
-3.772187362884061 
-8.582815402025512 
123.7986238969524 
395.2618992556336 
13.72620305608301 
153.6118728713994 
-18.51965375067749 
75.46204966735945 
100.3794083565986 
556.593266071608 
666.5303743129959 
1.712878602174113 
659.8299955740484 
362.3102461596701 
384.6750043054454 
-9.708565750865914 
-14.48753868236898 
-21.2097274351544 
429.1410553698225 
713.7225497096174 
704.899893842305 
-4.866548155436374 
537.1811696828937 
717.6417826424251 
792.8370727936707 
785.1694301617831 
119.3641736800155 
54.28451573074425 
181.2195302423199 
311.9342139940308 
50.45238477999818 
614.1173896064023 
638.701855488336 
-12.02030160766086 
0.8535278075268417 
-5.923230251232306 
769.9345143440041 
739.9773982765741 
-1.810520952540743 
597.407702226511 
189.5206926306623 
685.9399641313504 
519.4765820652519 
662.3246701334339 
253.2084089072515 
-6.928825975389543 
6.877469487101919 
27.33773193916668 
-5.430027071748221 
509.498231339852 
30.79903269352459 
598.0077379004151 
410.9216047826043 
-5.384808217344964 
224.5141783642283 
388.9763189281146 
73.43479879815457 
622.6481825109355 
720.1108642756192 
167.8713730323677 
85.79119755136074 
-1.818942750186585 
610.8081118074488 
263.3941030353694 
281.4825149384684 
25.98985698392785 
84.55766337920885 
511.0447326297975 
508.3697499173504 
129.4157136064713 
32.23833882970823 
-1.309642059245051 
767.6604872107013 
-4.896031683111649 
765.6362298405772 
782.5880129249991 
811.9863218420078 
801.2122517304543 
808.6888643832212 
795.76080963314 
668.6016681038202 
-1.913257693623397 
735.641102957266 
691.5119612177576 
142.44818034259 
1.876238544113735 
3.574085220212276 
6.084587922323752 
419.4937422751333 
459.6053587935326 
10.02518601770035 
</DataArray>
<DataArray type="Float64" Name="sigma_xy" NumberOfComponents="1" format="ascii">
47.88194512416113 
69.63422159498167 
84.38531235725118 
87.15483591312409 
78.36090552585996 
32.9355861440108 
50.87496866228762 
63.06899170301042 
63.98690923648849 
56.02064912777071 
15.78730510671448 
27.84960068809745 
34.73156236281692 
35.13662741659753 
30.26281439090763 
0.003063271019295401 
0.01054428308920592 
0.02866395785416791 
0.04651349031206733 
0.02743909494027242 
-15.75592877432515 
-27.79045040574245 
-34.64684819947812 
-35.06993828277042 
-30.26501214103823 
-32.8603228296741 
-50.79298069265998 
-62.95953651677963 
-63.94749499393279 
-56.11431653440071 
-47.79529916278516 
-69.482502105175 
-84.27324581710889 
-87.18349955460019 
-78.53668327396466 
-62.7240354343806 
-43.51936201133502 
-22.82150543103409 
0.00740389239956624 
22.78523780853308 
43.38273381942449 
62.53163507536742 
-44.13233700567653 
-29.37171301357001 
-14.84649816553333 
0.04180528912421543 
14.90771421747859 
29.38459948147403 
44.10131460787857 
-26.07151397663788 
-15.9938337610479 
-7.536102936775082 
0.1265497794631486 
7.789666518656226 
16.22020815537429 
26.10058581017913 
-9.954236286589387 
-4.503974447298878 
-1.476627593007117 
0.1948322912889122 
1.882086651990002 
4.916220801115698 
10.15847624160032 
3.701972238010928 
4.780182055292207 
3.245556031625281 
0.1843948624054375 
-2.865140762966389 
-4.359865404408449 
-3.279068287715599 
14.58921167554605 
11.94651337718981 
6.815306885109822 
0.1063628110311337 
-6.622639138561 
-11.7936161397934 
-14.28083455410225 
23.01508822206821 
17.6222482029459 
9.613130542248076 
0.05056256998674905 
-9.549312586572697 
-17.67195904984032 
-23.22583487751294 
30.76298100154426 
22.48103991903685 
11.94008528582236 
0.07744505872253869 
-11.7777226857844 
-22.24829760557144 
-30.2222625832473 
36.06055777353841 
26.06731480960302 
13.71306726949803 
0.1206723847358577 
-13.44646844626052 
-25.74222903098436 
-35.7687932828334 
39.59979858358871 
28.45214775543031 
14.88000095594817 
0.09611131168856854 
-14.66317934004659 
-28.23123611925731 
-39.62461118946662 
42.36021210345307 
30.03196526575115 
15.53440071947383 
-0.033981935685843 
-15.56275970508864 
-29.9591869397342 
-42.23231689969987 
44.40985534480238 
30.93408217468135 
15.7958158350481 
-0.2487758371673751 
-16.26153019381072 
-31.274755689589 
-44.51406065172654 
45.40671718300776 
31.28405717876209 
15.83493519221167 
-0.4466085566898464 
-16.7176832062395 
-32.09746596273329 
-45.81708137448226 
45.80447847120553 
31.38314382634326 
15.80305974009801 
-0.5190219717625222 
-16.83389812869212 
-32.30438999383666 
-46.12670438211852 
44.45140650978112 
30.82792475910753 
15.56942265698297 
-0.4497021941929081 
-16.50725234743886 
-31.83191372266204 
-45.56568597900677 
42.06853143354525 
29.2930287294575 
14.89274611794222 
-0.2522210221863002 
-15.53981041889315 
-30.37519336070461 
-43.94705679360649 
38.41457473936298 
26.4642611981641 
13.49974493427213 
0.04831427312035273 
-13.55931001689203 
-27.22042392612208 
-40.49024976591841 
32.17618877727381 
21.68119897136635 
11.05753256025684 
0.3280103528486544 
-10.38542520384797 
-21.15917354338365 
-33.37766582213575 
21.48902779650422 
14.23356208159141 
7.440765425784813 
0.3530306481237996 
-6.537294237409946 
-12.58003784675342 
-18.47551249657062 
5.490243305515685 
5.017696649250994 
2.775857490162376 
0.09876013677562245 
-2.5128778690018 
-4.428537408835436 
-3.234660139702148 
-3.073292846395841 
-13.32956118983496 
-26.08607801607902 
-0.6834622498827461 
-4.26538629841304 
-11.20233832138261 
-0.2512733640482047 
-1.45591999252991 
-4.3171955442168 
-0.03729495182024846 
-0.1867715651751126 
-0.9692683609044137 
0.0796728917771774 
0.4354806904060006 
0.8067629230482826 
0.142017233893349 
0.7516906588615615 
1.776276853632629 
0.1656897223951811 
0.9023100736698048 
2.31163155562185 
0.1660719070175215 
0.9624857175592506 
2.600216317054377 
0.160927771595172 
0.9908615840964177 
2.77098850485221 
0.1534448836068874 
0.9876821375425597 
2.816151578816516 
0.1467614822161148 
0.9756761589020878 
2.820393042003384 
0.1390419981028867 
0.9516134027036087 
2.785378217430715 
0.1289569703574843 
0.9072752042781431 
2.700372115931415 
0.1166358570116049 
0.8480340805212099 
2.572968882845514 
0.1055267585459052 
0.7991231321422698 
2.453053921326355 
0.09836573629020531 
0.7621626295283767 
2.35608031621114 
0.08763541876833945 
0.6854350233164671 
2.153683669588303 
0.07956625799517189 
0.6221671798180916 
1.987900592909751 
0.07142164048602434 
0.5610623544782648 
1.804633564360304 
0.06261505584043925 
0.4914586897605414 
1.582456723705861 
0.05183506411473145 
0.4009478811985641 
1.316264270871557 
0.04016920633109949 
0.307863352159356 
1.034437318496941 
0.02750994514025068 
0.2140891692265812 
0.7824726731443657 
0.01244121514987049 
0.08184462717194281 
0.3263785093940359 
0.005898790678303242 
0.01816155644130448 
0.03572502800516932 
26.19495069723288 
13.39575338238445 
3.085584204171918 
11.3350215058345 
4.273946353221184 
0.6845742187218464 
4.340412151971536 
1.449722395360796 
0.2491027094266808 
0.9113188690302166 
0.1678117488182456 
0.03370622566808359 
-0.8339551102183994 
-0.4399208654948791 
-0.08086273407313962 
-1.799496793851116 
-0.7627888262415271 
-0.1443408253695644 
-2.32209925110513 
-0.9162460359428871 
-0.168705076396668 
-2.552206676119852 
-0.9581060799961125 
-0.16629475622032 
-2.718497336624506 
-0.9777274556453319 
-0.1594387522450953 
-2.789898302350803 
-0.9748526951629869 
-0.1511733118470743 
-2.790270081753203 
-0.9583688484716308 
-0.1433802533138797 
-2.758350029663933 
-0.9339889984493854 
-0.1355612035946485 
-2.691215012236303 
-0.8995120040712263 
-0.1270071283237638 
-2.600169283942181 
-0.8551982189293383 
-0.1167350108556853 
-2.491252797041847 
-0.804015597942987 
-0.1052589875451145 
-2.354313084486277 
-0.7435617797909597 
-0.09527872191733491 
-2.170486468657271 
-0.6867884206792376 
-0.08789857666833348 
-2.078864244756296 
-0.6690120490378886 
-0.0858270019382233 
-1.751794520537435 
-0.5599222044546531 
-0.07255274824187084 
-1.528897339170936 
-0.4773354828664202 
-0.06215704030264407 
-1.32419057804346 
-0.4008276169087734 
-0.05207929119288669 
-1.046545490589252 
-0.3085999696194048 
-0.03965788238168675 
-0.750486993692856 
-0.2047889739407126 
-0.02635541618557793 
-0.3619969095873298 
-0.09129799197622197 
-0.01329570036382289 
-0.0483959388243524 
-0.02072797714339623 
-0.006027748396996885 
0 
0 
0 
0 
0 
0 
0 
0 
0 
0 
0 
0 
0 
0 
0 
0 
0 
0 
0 
0 
0 
0 
0 
0 
0 
-18.57116115134916 
-59.39283589158129 
-85.21461974314239 
6.178398536574011 
12.4191049597082 
47.26422105793905 
50.13999293862001 
54.60237757774564 
72.64021130761648 
57.37872782102221 
57.59437913151996 
56.6404528359006 
11.07560832808981 
49.52281871929738 
-64.91221246861907 
25.87995954723207 
14.37868390541892 
-0.8071771660286835 
-104.5701960980858 
2.875544121016994 
1.667546530433162 
8.028446099356705 
74.45740875232589 
68.22129983571539 
60.06774982547184 
1.85915278301093 
18.66891516107818 
12.10316140203379 
-35.77245042566139 
-121.2880771314395 
25.50940266191672 
16.74496685027168 
0.8436393740702006 
2.636834035379149 
8.67581627035309 
11.22342169517056 
18.10935296802347 
8.891304672779782 
7.911805330131275 
5.364594245907086 
-63.06313437250122 
-40.63497705242252 
-10.65858766749107 
-3.897588047415786 
2.768447785299857 
4.186154210543849 
5.082112285099353 
5.757878560090962 
6.444803015448187 
6.548000047806347 
6.412304519604588 
6.021892813881008 
5.886152613463947 
5.26656992928303 
4.780097296084685 
4.338474711990025 
3.133686813457918 
2.321906179301712 
2.025204010966649 
-80.44609000237971 
-100.5778519578163 
-96.78686503439462 
-117.3663506109104 
-97.78655749414844 
-54.58349830285334 
-22.33768676841911 
-112.3135894452172 
-109.3799571841132 
0.2772687354980176 
16.75603773911352 
26.5247591832735 
10.83592917074889 
20.37523719799374 
11.77424861471452 
6.178046141975962 
-20.67207493985643 
-9.792857911068038 
-76.69712052813135 
-2.33515213958271 
2.733676151211845 
7.834781569405255 
9.602552076731074 
9.049530108285794 
5.892343071363021 
3.777417282936316 
5.327250771120678 
5.089177903509279 
36.64604674679509 
43.77874122605394 
-112.5204545862983 
-51.61502783022339 
-38.08619805358921 
-115.9529433657603 
-94.53466506986722 
-73.11194237362739 
56.74673112076228 
-52.31585273225936 
53.78587978099489 
46.60123208838084 
-29.84080263679077 
38.42375009037884 
28.83920125044006 
-116.138080118027 
-103.7777255560198 
-85.0507376612513 
-105.5250941845148 
-87.91013876416042 
11.32613314809412 
5.15481014836036 
7.326878058243848 
8.262624683485512 
11.65053141136248 
20.7227187821742 
5.700051525756415 
9.678994395932017 
17.47092608756508 
11.12760594025505 
14.94108664470559 
-47.90731138548689 
0.7219635291046672 
12.68627357733504 
-32.0899081975737 
-17.77143915519855 
16.18366325355486 
8.085639550632788 
9.970761909538192 
16.33354329892162 
-65.00864414912654 
43.50610115583062 
55.64328462224562 
67.36518086529465 
-8.86934468207591 
-116.2636137567929 
47.91117660724787 
31.49565034322096 
57.12468426073927 
-13.98181551410064 
63.87363659055568 
-20.79935128596906 
2.132753580388786 
33.00794421975615 
22.3103875293509 
67.57537506288682 
75.98054765085242 
28.24926484246186 
-101.336066810996 
8.498017191487756 
67.91916252291395 
73.97282689684508 
-103.1001345042249 
17.66847920059201 
-43.00934156279025 
-96.25503274062683 
5.694577437062334 
23.33130612885965 
-7.0216039764134 
-42.04861786218361 
13.78844395575275 
-49.05719773348003 
-25.34919253565303 
23.36895856010886 
24.65463891543773 
24.798016931565 
22.80102129615153 
-34.64582073105627 
-58.71098825302955 
-58.25847005327635 
-85.66629499887019 
-77.29680282533442 
58.63142687198278 
38.64346157126855 
26.18685701329686 
77.95958963171459 
10.05100945188364 
-90.66641194134068 
68.20267643240689 
18.44910001230292 
17.27709063954866 
57.15727109503266 
66.9113816104382 
17.19758661275135 
13.33390870791628 
-12.33961473606558 
-73.58788759730766 
33.75461414989246 
-29.40524581368414 
6.730022716031073 
3.969773049964041 
0.437125864904027 
-13.04078312774287 
12.31098347230814 
10.93986231198646 
-61.81453919906874 
-103.7025496438132 
-6.214288698075848 
-70.41226911572954 
-95.92755554987563 
-30.17488877209363 
66.74909015339009 
53.36767953934334 
22.97453011141562 
12.98687852251194 
19.52397714118214 
14.21063125612481 
13.26576349360921 
18.4352898110068 
10.99063138445818 
48.40028641327203 
19.26872128014688 
2.671413300328872 
66.11180784640048 
29.52828380338978 
8.354882860577876 
18.92235838646539 
-104.2869122429636 
-93.64001378032779 
-12.19992411670823 
27.3118315903485 
18.77075708196175 
24.35510065555355 
26.85923940764244 
20.72298749115034 
-38.28760520625591 
-71.92221328434123 
-76.81709892547677 
-1.277900239264688 
19.40238710255583 
-90.21271215008802 
24.87967333921055 
37.72227659610149 
-31.25626885148649 
-52.1382619588451 
10.55810232200008 
46.15422393098282 
41.72051685818776 
41.70128058933913 
64.85948004461288 
64.2242557311495 
4.548989807619967 
47.41950472636207 
16.82560189081938 
-94.23804185053319 
31.03889246601347 
11.8892636022857 
18.65530103076089 
-16.89222167305979 
42.01614798405549 
4.797026387495061 
72.84805086890459 
-14.32666379030102 
10.81466702365895 
-74.57546746208234 
-56.33297607234442 
14.64627666858416 
-39.69570005076774 
-76.08567656251934 
-53.83009460337487 
-66.953262899493 
3.221154419695161 
65.14779407485689 
33.6896546483133 
13.4323359622137 
41.64698751444136 
4.845384747529231 
12.90079890759275 
6.852127051934216 
28.172271895198 
18.99714629338213 
30.97004735733339 
-89.92268279522794 
-59.42137531898894 
-6.095697313734043 
-35.2660389223557 
17.0387552521226 
20.44619751507814 
30.26275975783366 
-85.32640384347054 
27.25709178721654 
12.88386252944426 
-89.37338242755727 
-76.17138736253364 
-16.55720840293745 
-4.940437622794255 
-25.49851665463105 
34.03099836987118 
56.90442365053379 
21.75642827852663 
-22.06055498334558 
0.04926742068916473 
27.70829016416804 
29.93560364330821 
29.03043728399591 
19.94507158920143 
12.73923866355134 
23.96952074907771 
28.21930044163284 
32.09340352128304 
50.18269735366199 
-20.73564507670262 
-2.926240014585939 
32.62705808565986 
-85.49929769944947 
-35.60625921657297 
51.95905975901665 
-0.6295708869427368 
-26.91711696636313 
-32.28895474438212 
-41.03988012397323 
22.1823384799806 
23.85258138730974 
-10.695748321126 
31.4968801072882 
8.280225852796582 
27.86942807273435 
6.553752834812793 
25.10464682250259 
35.65416371976865 
-75.58941717060021 
-57.09812036335756 
33.16164638584502 
-24.09171880996032 
16.83549423536424 
-72.38504551724522 
25.82687825735498 
-43.6711426288718 
10.0752057520182 
11.2310771668948 
13.93445901268307 
-7.87376400904735 
21.11521908763532 
30.45244215028251 
33.07180001220351 
-64.55872502584587 
-41.35556075447474 
-59.80484627435698 
-25.36231125214119 
-41.49744472041179 
21.35968495150573 
1.756234766755909 
-27.09517861293296 
24.80847050447024 
-12.90727460675358 
24.55278387109633 
-50.60553484909168 
-25.72907628111722 
-49.29335609834074 
4.574124082671624 
0.3988988361473851 
-42.96454578509255 
5.798642365808079 
-16.09218228611398 
-7.581300280551326 
-1.991857217381645 
-21.73554672284176 
-8.718814655763973 
-0.8192719847231826 
-1.760108092407535 
-7.054175042515734 
9.091836132656283 
5.078709227281923 
-1.130574900194959 
1.859987329966967 
-2.711200368051399 
-11.85022479070381 
62.30266129984108 
76.97110794749683 
5.210435891740317 
79.23344810448407 
11.59097927005554 
-5.386641507697718 
-67.09064672704578 
-87.12498128022557 
-34.83470804020856 
-52.76754621887359 
-83.57058500041256 
-83.79746438569684 
-102.8455906293571 
-104.8056800709549 
-107.5700361091149 
-8.808390925411718 
9.221040769176694 
23.25074624811465 
-122.5174700408249 
-118.73027748506 
-70.91123868348747 
9.421839843847545 
99.62409251063788 
-49.80948498780626 
111.5490743916111 
-0.6729071421988507 
-2.113812807249016 
-2.042708612078396 
-6.021362862263674 
-3.096996071625084 
-3.479416365848099 
-4.167323077052875 
-5.442287659529047 
-5.592884687451573 
-10.7422281340611 
-5.647994242408794 
-22.27771996769468 
-5.89021897481613 
-5.906620131714523 
-5.859618600911533 
-5.682540024812524 
-4.747553476067744 
-3.382460308667297 
-1.004666725461354 
83.48985107083213 
-1.988311635896892 
-4.673958299222154 
-7.200525522747568 
-17.84647307211605 
-11.24161074306532 
-5.80072848439081 
-1.105472808576182 
-27.5361393780186 
-19.98999792514075 
-20.15209366756502 
20.3738954016143 
97.68507860931908 
93.27911842553743 
-7.351256899186006 
-10.00046617616276 
-10.30023610303027 
-27.75530338039285 
-16.45907265812225 
-13.62499365089597 
-61.22025231131126 
-75.47816305877589 
-58.32215947025185 
-78.01748366852222 
-8.370832662848555 
-4.210923153856059 
81.77493365427797 
40.24913131870309 
2.988680098891294 
-11.94668175792744 
-34.98899462010649 
-43.16471337483896 
-57.14260765564414 
-56.59468486993633 
-54.46632903374644 
-51.71686870918873 
-48.04847455145496 
-39.60198471001216 
38.90041095524392 
61.19329563326809 
104.5468170285217 
118.6886050248152 
20.68557798843359 
71.40171026222232 
113.5384117520711 
109.3775635202524 
78.27295769277227 
61.3263733236499 
-5.816249953629271 
-5.714898629261142 
-13.65660209098028 
-9.67373217896934 
-5.310541468906028 
30.4181260890435 
2.832717559796616 
116.0807605644921 
49.59566367949903 
-9.05756019613051 
-0.5567327195040307 
5.852858418268975 
-2.560800126020307 
-10.23578398562568 
-14.76720484890946 
-5.614647522434876 
-10.47066006711225 
-1.770915237940913 
-4.333244075572536 
-24.65189976313086 
-46.18483733275836 
-67.42187793051323 
-53.70780594761221 
-57.86285615267288 
-53.17369437294514 
14.62805687790325 
34.90862265587587 
-3.93305896633407 
97.68713324697552 
43.45578021728454 
-30.6286522194396 
-11.76511348916538 
-66.55287525427016 
-68.03014297151867 
-65.15419797998976 
-58.48857274964521 
-2.591445593041378 
98.46103291751444 
15.88614468525395 
77.36917553422944 
29.06856215280714 
121.7492174245663 
56.3963410511959 
-8.469778889264665 
-9.446212115624931 
-10.15377341422514 
-11.30356790854105 
-15.18202477510902 
-4.647689626867882 
-8.332487786697172 
38.14987912751239 
-5.659446034338862 
0.7342022147385647 
-11.96797316155514 
112.9374695542989 
-19.41544988178275 
-11.15363296442634 
-14.41110744169369 
-22.97385540176921 
-6.940373969056148 
97.30509258878436 
-67.07263756610338 
-69.85446481563855 
-54.93907083316088 
-70.14697597030855 
30.53754182452541 
-34.29906521053925 
7.695042737103972 
71.25384827547391 
-62.8307793996995 
-53.20823547092932 
120.1648966228082 
91.42128815604161 
-26.98917730935471 
-41.78428249344129 
-68.1994147061171 
-73.98786781924272 
108.1346989949913 
-7.400259940911452 
-19.7189120971426 
120.7816283349225 
119.3561391451894 
57.82346403263473 
9.502607400123363 
85.84087151178187 
113.4127305214615 
-11.43035943654182 
-13.93511693289116 
-16.94114289529194 
-9.865861881277629 
26.58402891686848 
23.00038589407901 
24.77904076745445 
15.42900022100196 
-5.954325254655607 
1.023123078121157 
-17.018460312458 
-19.12733238633411 
-29.81631610782751 
50.4380429716366 
45.44946851961143 
-15.77630830418415 
81.784612296502 
-14.81537547728895 
-18.46397639967444 
4.812838373534777 
-49.78334887705952 
-40.74925632396584 
-71.56029070030695 
-64.81589627450053 
-77.62807728852779 
-68.03298876901586 
-74.21523522499685 
100.6879228278282 
-10.97675515667508 
-17.24279748411877 
-4.327112906316311 
-7.097479880127334 
-22.72061244550264 
-24.64504194932477 
-52.20651783464264 
-73.53938679845152 
105.4932335433119 
56.93951849007053 
-18.44307072967989 
-19.00463225867059 
-16.28204836372667 
13.42655427220448 
60.63557311855934 
-21.09006641794222 
-12.6364480922327 
64.15384987761736 
-58.39904728823113 
96.70460417515551 
90.55931332000357 
-14.3543288179183 
-16.51636499955482 
-15.91140554815089 
-5.980691908148524 
-7.780158947460878 
-49.43921930843546 
-76.986807738736 
-45.22353028158363 
-7.891590530815724 
-21.18587859731583 
-11.19805982886674 
-4.073889982373 
-34.11447670068508 
-22.29382918228024 
-22.7100314679882 
117.0697326632496 
-29.47097250890657 
-19.51861855243607 
1.584620665246085 
111.9023474146858 
-16.67935957116411 
68.4134432382674 
-21.53819072973574 
-13.11551004054949 
2.972612552093949 
39.19973702703543 
71.52456707518927 
95.67822119040031 
73.82963272051757 
-12.84396816855659 
-24.92252470947568 
-6.335789391468575 
-20.85740318001478 
-32.36313631765923 
-4.819136177540588 
-15.23438518977051 
7.289467905124956 
103.3940106247007 
117.7556576113955 
-12.73747419056152 
76.97621527446438 
-23.33615841610633 
-49.10722659444257 
-17.93019876472545 
-19.80184885669084 
-25.32457143909144 
-25.49809789721913 
8.724411217477861 
24.35546972072259 
-11.1372289057056 
62.63054166457692 
54.80173843307661 
-17.66949247617251 
-22.60150025845038 
-18.7717742251859 
-32.54200070097298 
-22.17702992742294 
-76.91213882237447 
-33.07617547379342 
-3.717853875661758 
-17.7914650088103 
-51.34366512299012 
-27.23605176266448 
78.16140688790362 
95.29606761169568 
-6.302932710810127 
-29.2915938386479 
-37.788514384435 
-61.09484692627569 
-73.90136751855286 
-26.79285690549112 
-26.01415576643548 
-28.22294091200528 
-19.59382781438344 
-30.39076843927049 
-25.43003774824011 
-22.83433594063025 
-28.07138856156526 
-5.489421610328885 
-9.347100395050047 
-46.14434539846678 
-60.77502417729913 
-67.4986937814602 
90.59798482077304 
97.57622542592726 
-26.96617796650727 
-29.07782239257635 
36.6558260386829 
24.52426463451666 
-30.16505412506795 
29.48366141455724 
-30.38263647209596 
1.304103904183324 
18.20474904514513 
76.92026086888225 
7.007616169513878 
-31.52824236516193 
51.64207464371258 
81.37486528381415 
97.61815344739348 
-32.69989523726521 
-27.66778187262736 
-17.3765894143827 
59.90865813269645 
-7.552640618252973 
0.2536869572077365 
-33.12951232085438 
63.70843419855384 
-4.123104092087172 
-67.52514383274179 
-50.98208744000615 
11.42824186478944 
-14.07015849787989 
48.9764765382542 
42.49246226542066 
-13.29929515069704 
44.23536459883676 
47.57592085695066 
-32.25067739438994 
-33.41287840782849 
-24.10227643060075 
-35.21718006850573 
-9.060487438127119 
-34.43938311437919 
21.46616509336864 
21.68190745729207 
1.300991681076543 
49.86517707628823 
14.88684664120305 
58.39721380489276 
-33.83301396974858 
-25.78302588201512 
-13.06910269430641 
-30.61429330445614 
19.55141335245886 
-21.87813003168455 
34.11490838358254 
41.62611998047554 
-30.53509436592736 
38.94123645118285 
6.669548989165555 
-7.821947002080347 
3.991657107951339 
-13.39536770905071 
3.368452029502089 
-2.816687790543583 
-16.74738109296457 
7.766585069609466 
8.972739717149326 
22.51982015946641 
-21.8400862152707 
-2.904014355050292 
33.53805063800791 
4.844333965094959 
2.64076392561046 
-4.526742217698461 
-4.805844075643459 
-62.94231202364897 
-13.85746815259271 
-68.24481281406661 
-71.2668637322803 
-58.8446450716938 
-44.79363043103794 
-71.22082280960301 
-73.75757913901036 
22.07169711406422 
-28.16703418740308 
19.42205258742403 
26.85967481319523 
82.34110639139035 
-22.3654120777493 
-26.46093525336292 
-21.96329265805846 
108.9587721050276 
112.9216340199557 
-18.20366468829437 
</DataArray>
<DataArray type="Float64" Name="vonMises" NumberOfComponents="1" format="ascii">
105.2584448691351 
176.7195032342441 
266.8835437438237 
366.3147243510581 
463.1101518645564 
70.46376474402736 
139.9739371221973 
235.1877705546205 
344.0193457825449 
450.0024899569434 
38.10236189890238 
106.512097292448 
206.775156408353 
326.1651469372494 
440.5271937583638 
17.89128175644419 
88.56425455360821 
190.8699585196669 
316.2471231347533 
436.1111743928732 
38.06163030686086 
106.4511661712304 
206.7034337572244 
326.1453198960682 
440.5554258938921 
70.36438762417079 
139.8880819935688 
235.119414007653 
344.1035648787739 
450.1578602893403 
105.1853011828837 
176.5779060781367 
266.918418594141 
366.6103258652225 
463.4634927800256 
548.9046617651017 
542.2125498838963 
538.2084057880187 
536.6395515729823 
538.2462476210952 
542.2494449090902 
548.8733787787928 
619.4617636603998 
616.2566876007911 
614.8123898141257 
614.5640336948649 
614.9739422178585 
616.5728167213592 
619.7802433751824 
674.4089611751507 
672.3604368164849 
671.5638951957355 
671.4796000302644 
671.7660890617567 
672.7657054605171 
674.8683494760032 
715.1973916586533 
713.127571585693 
711.9415445057452 
711.6266315534151 
712.0426787999301 
713.3604699460604 
715.6505850552264 
744.3578990822679 
741.5368640684489 
739.5736417687514 
738.8895286176506 
739.5101110185495 
741.4141801491779 
744.4010146806005 
764.1107625498977 
760.1691608157073 
757.4966687698465 
756.5366906286705 
757.3829425393722 
759.9017130627343 
763.6591546134615 
775.6704579702033 
771.2771194426922 
768.2836725809208 
767.2233978581131 
768.312098520585 
771.381270732767 
775.9064301781732 
782.5541908116501 
777.5762918176075 
774.2512604223266 
773.1100758842244 
774.3949286775991 
777.910454332872 
783.0554471025231 
786.9127321734113 
780.9409633107035 
777.0895181442525 
775.7712476039387 
777.1588630806854 
781.0249195855189 
786.7404028507684 
787.9321872151507 
781.7594039707501 
777.59844298966 
776.1001959372388 
777.4983175156508 
781.5798855577315 
787.7600415186591 
786.2968907694719 
780.3203834796864 
776.0667530530581 
774.4536482218433 
775.7817485970618 
779.8203334569527 
785.8658091211721 
782.7672682929147 
776.7625239461089 
772.5033004517372 
770.8769951922743 
772.1354640304444 
776.0328056996254 
781.8918663423631 
776.8419779067776 
770.8019986355241 
766.7270412029317 
765.2259948045016 
766.4947566559118 
770.3306707143522 
776.2438775222935 
768.7362092655885 
762.3862303701206 
758.4915684686041 
757.1570048832865 
758.491512433831 
762.2864079119787 
768.0839877095368 
757.5045432745417 
751.0515583080735 
747.1597821016748 
745.9235810551043 
747.3660036309155 
751.1839571035594 
756.781659871283 
741.3277188401401 
735.242473914182 
731.2650544300913 
730.0586552341741 
731.7536551057564 
735.9166051567059 
741.6545091461982 
719.2833517734211 
712.8790311594649 
708.5162883780728 
707.1950976338187 
709.3067228142063 
714.5759871246606 
721.439434407529 
689.3583606238869 
681.2684486039562 
675.9012032677088 
674.2416801724303 
676.5717502551195 
683.3146709239888 
694.1754301305682 
647.7087620811985 
636.3738686246576 
630.0741161905322 
628.0026439335228 
630.0259443067339 
636.617666336282 
650.4730913026963 
586.2400069140402 
574.7075327167549 
568.0126920142445 
565.5808937293326 
567.5913024622038 
573.6840497696382 
584.0799710122627 
5.368157722649103 
27.54546445749358 
58.69703914424664 
3.393549748138722 
18.66820669294533 
39.80616109330888 
3.778417465745357 
20.06968842906139 
39.14088496595585 
3.922856031845321 
20.9537547028013 
40.47683628899519 
3.90489283657518 
20.89202237135765 
40.78309325973786 
3.775194636974498 
20.20697795099324 
39.940957230167 
3.556057062331371 
19.16314226989924 
38.24793780214047 
3.299940412904762 
17.88627377729233 
36.02020984322802 
3.024622686692578 
16.48488647004126 
33.41253637914962 
2.742042630640006 
15.01346912479745 
30.66436316727584 
2.460220016641468 
13.53207740984783 
27.83315825542813 
2.181892908319879 
12.0591945296975 
24.99377365412453 
1.911091246206331 
10.61074541148618 
22.17545446455437 
1.652330585495937 
9.218291460385595 
19.3797050292909 
1.408421146956379 
7.899539103968229 
16.66969280106245 
1.179860544793427 
6.637950028486661 
14.13027598365579 
0.9628945653633583 
5.437934071595919 
11.7363223367903 
0.76513910374808 
4.348908085537343 
9.513890888133623 
0.5859887355522747 
3.355799658935114 
7.447990967099682 
0.4265705869666324 
2.461581932232515 
5.615899794009328 
0.2903528435191122 
1.680030278551567 
3.994894565569511 
0.1761551390738934 
1.045351652214328 
2.632918115400853 
0.08693534506807557 
0.5426868260494971 
1.630185970093666 
0.03147190883430614 
0.1767444697979652 
0.5711837876406682 
0.01116467773303555 
0.03146248969459162 
0.1214443248472926 
58.66661827444419 
27.63113189958287 
5.389412610222485 
39.86241562481226 
18.64851014640975 
3.397953104890585 
39.23912721523537 
20.08354336698191 
3.780190238901628 
40.55673743903579 
20.95381927401254 
3.920930385913558 
40.73046027116297 
20.87103828103655 
3.901049845012411 
39.83938396210069 
20.17285017738448 
3.76909019016952 
38.17221534225079 
19.11951602959592 
3.546519758736248 
36.0267188771003 
17.84976972614728 
3.288459684289365 
33.53815735994302 
16.47304859187014 
3.014648197677912 
30.81051343724186 
15.02621153533024 
2.735384977020174 
27.97611072247924 
13.55543759683146 
2.458095694118594 
25.12014176830703 
12.09719189723533 
2.184820762499486 
22.27749319524193 
10.66272620965238 
1.918126251895518 
19.49534236001447 
9.268718058042586 
1.660576055493687 
16.76275480771315 
7.930066763229966 
1.415369187517683 
14.13839292689096 
6.648931499859611 
1.187016849273447 
11.57341174100506 
5.466948257203512 
0.9726235782489472 
9.439338958651865 
4.357194656074472 
0.7706420494878604 
7.389922276194071 
3.321453622526182 
0.5833895212898065 
5.63318119880144 
2.455832620875739 
0.4245415704718458 
4.051534241421258 
1.696738857701758 
0.2917176598668918 
2.684108687857766 
1.053559281357 
0.1764981794827915 
1.602196077858459 
0.5464225909855565 
0.08811185078335183 
0.6389660506120051 
0.1986604466851575 
0.03396007150305087 
0.1376724023797512 
0.03597757716246385 
0.01152100118863572 
0 
0 
0 
0 
0 
0 
0 
0 
0 
0 
0 
0 
0 
0 
0 
0 
0 
0 
0 
0 
0 
0 
0 
0 
0 
718.8059125432062 
625.1574499766913 
217.2483900306592 
46.99755670303129 
616.1962561582534 
708.5360987648497 
731.3077179682874 
752.2065854080601 
779.3865202699185 
774.3414983457882 
785.5026429651678 
791.8950597070558 
777.7739056323605 
795.8647040995173 
675.8241561338529 
782.4820416016804 
769.8995068758379 
748.5784021904522 
393.8720332508373 
877.0195525629855 
786.3797671778705 
880.7417560265621 
806.9551634343684 
813.5161883979715 
747.8990471099584 
80.31463157310087 
55.46099624020736 
51.63690011686784 
97.18644144836308 
436.6321424155357 
792.1336664571401 
823.5604298392338 
1.896850831769169 
5.742090066952201 
23.17192839293537 
41.81947146292319 
57.83936647736712 
61.19724889524071 
71.44535900003864 
77.57863616299473 
145.7184716419253 
95.04762814506714 
58.00162213296013 
57.47955748884075 
57.14325412601406 
55.55357337544571 
53.23764207212737 
50.35951052304149 
43.31508761560286 
39.35388401252064 
35.21240801157546 
27.24810739036145 
23.47337574554709 
19.67174902467919 
16.06716988231483 
13.02276754791913 
7.653863282693715 
4.533599765061743 
3.885789260695836 
558.7785561485829 
302.7000748236886 
481.3215089735995 
360.9616027309888 
257.6596157407341 
132.0240883522263 
66.68517544146825 
337.5278562154094 
501.0828391186052 
57.76800537079031 
61.3726579076639 
58.70417935863373 
59.62381955178756 
51.38416430638026 
46.63796274819294 
31.15031609592518 
77.79030187981554 
70.44004951898239 
186.8897994176187 
68.59872591646347 
67.82554188605019 
65.08719937435541 
62.71805614344564 
16.53249047776387 
12.46701756011579 
10.15608843682768 
9.561504037253219 
9.668034193312721 
788.6631458472056 
794.3630486170341 
516.9990741796883 
681.361411674275 
678.3991209517252 
420.9722309063969 
568.5717475235016 
629.7080948840718 
765.5044606110324 
701.3922686395532 
795.0682710729574 
808.0514263846131 
721.207967710732 
795.5407643343334 
786.1019001145111 
373.3635770845715 
286.0772132566347 
218.5805990939795 
503.1421063943587 
238.0617477008013 
33.51325366366463 
10.37149504420766 
16.47187491789092 
20.08221577692599 
55.9629585267817 
61.29844606289418 
66.6681999902913 
68.14031267479598 
53.42796519953134 
37.51320519855462 
64.28185864033827 
126.2078117062625 
69.86346053617649 
66.492901499748 
99.04941565577406 
81.5109009880232 
44.90340710464092 
15.29809683064602 
28.33322289078178 
48.69628258434459 
163.7741292988919 
702.273525240846 
729.2132095336741 
767.8637346856045 
751.3459700935168 
517.5722081536279 
802.1403342891039 
797.0609079254282 
805.6626390541639 
761.3079414830364 
805.0419317768605 
749.0874545316668 
774.2420576471014 
667.3372453571658 
794.106746573165 
787.4696038717867 
814.2975719946 
685.6269026152653 
574.9795466843555 
16.71674994018249 
761.9202028190514 
813.9755318035581 
300.3614196057234 
62.84541934982875 
715.1104220456533 
613.6288680827188 
69.12773241805718 
58.96451699484279 
73.33021871814448 
122.2642232933649 
64.28110174688553 
145.792663230955 
93.57645703392112 
56.81104657841023 
48.22285521835249 
45.4425692328135 
49.5863564956334 
733.4355520371189 
156.5312692108475 
698.1725535440198 
631.117010977383 
657.4206988325041 
812.4033599496546 
806.1662748138391 
780.6101401957669 
798.3470870565744 
763.8931355993451 
628.9755926925858 
781.4020579726719 
684.8327163262263 
836.5366488386659 
814.9196883550831 
800.6825762036913 
42.26708083338254 
24.03373001798973 
76.43938271461363 
192.2464457136949 
58.65138019890241 
735.7804391334347 
781.558690938463 
62.83660081501402 
58.41876280985112 
78.79330956756293 
56.56062681112427 
65.24081003630577 
652.8412854475328 
573.3563667182922 
762.2551799625015 
670.4778390623915 
293.9937724477831 
104.6921110420232 
781.2516974293646 
814.6871394484112 
41.02390784198038 
31.07434776496434 
796.3212642137019 
862.8837823720484 
28.02342200571022 
39.1947231597601 
876.7346840586239 
763.2931737114822 
742.7411808645646 
7.739760628398255 
818.2221640165202 
54.60215378589274 
47.56164204212885 
36.5884959227281 
578.9310640304267 
491.6438779339338 
737.9931263623389 
798.8468990253797 
57.89057887112379 
55.34763983446738 
55.10500575124576 
53.79575549180727 
156.4919008806656 
197.6869621583389 
591.0567012623374 
60.46715025834678 
52.88751513462351 
597.6478330042528 
831.1688041195987 
797.4387039895527 
112.8693041595297 
175.2572457877681 
806.1693840629696 
815.774654628453 
726.5615335494489 
818.4608271370314 
802.314210466214 
813.6667563920214 
877.6433278469857 
796.0417439336674 
31.09543048314228 
534.0812689513194 
54.5848136002904 
52.42173251337209 
44.78673171887599 
89.8024375558301 
809.2358444417453 
18.36919346694959 
809.7709662871571 
77.94668530240973 
48.02097156812079 
254.4921184746571 
204.5713773957031 
43.5679279958437 
705.1023098860102 
512.9909080183321 
631.0572958738518 
573.1566778507274 
726.5871594580665 
816.6757091693444 
829.7611617579234 
754.4460267589162 
800.914893579202 
47.52827412715809 
51.79108858941724 
32.44810398883002 
49.89915343541536 
34.45069333089707 
56.98075856277504 
346.284135503813 
245.1546139816545 
631.1916860031938 
688.2346181593633 
37.39624384759799 
48.51591858210944 
58.0474149467573 
538.0694293652242 
51.89624146138554 
51.51367871720327 
393.6743078926741 
299.1996336688428 
716.2040194297208 
400.432680575432 
577.9652177816748 
809.458684065831 
813.6054656719987 
793.7401740879664 
688.2792695706715 
718.7018060749475 
56.4081370526938 
53.14276653092701 
53.71272431026267 
47.37017850818943 
25.87268668376397 
44.38349561996858 
52.17459954582279 
57.69470859159868 
806.1366464279346 
111.1880827383736 
70.51501086815121 
58.17580837190201 
450.9946893188318 
374.0731649049811 
809.9667198256516 
739.2410508465163 
183.6883737214804 
681.6406648299248 
508.4309584208984 
46.73037884539442 
775.5928992986513 
673.5866314457052 
55.96320501104167 
761.0759039148979 
55.00610565081047 
31.44921016657092 
52.40200767453486 
788.8554649490437 
348.5238757832627 
358.0863443795531 
57.92263126702881 
141.5154798370165 
48.0617903428105 
408.112206961821 
53.02420647206669 
612.4037785982326 
736.5763917048765 
742.8109189295965 
49.52976765108511 
707.8445961647001 
43.1700947539945 
53.54117663948408 
57.78188213596312 
474.3953065736245 
299.2926519189772 
295.4251064717797 
452.7390157593632 
191.2736119456863 
765.9025073126038 
699.8623891869636 
638.6913888652047 
47.49959835499681 
137.2733942528303 
47.99806499425124 
431.1161922251027 
236.0509952378089 
547.195141493214 
705.2228399205327 
706.2064129912764 
238.102084704684 
69.28684307052445 
541.4708605429574 
98.24643250838784 
118.6472043345988 
309.2632844038831 
647.6188187303819 
98.14043967163076 
621.4699965773548 
513.2565219737406 
65.99828704865487 
38.08500476206395 
225.7975829863066 
74.37202262218049 
140.9162305845778 
177.6092818440218 
750.2198836191243 
795.2510763180937 
69.23709019952558 
806.1820751305685 
22.86531838922727 
70.7133823675956 
205.7250532735027 
305.0677981587418 
130.5153897195635 
162.6506811984281 
252.700556582106 
231.1941154463796 
436.1608991067657 
374.7764304110795 
374.8146987411003 
750.0041141921683 
776.6727355840466 
58.8428908203672 
442.2034040790898 
459.3270246020483 
654.9704052703296 
57.99769659138984 
294.4146825863361 
796.3732592127171 
480.803983565444 
1.557616519775561 
6.221842631743174 
4.021008185797503 
14.93431173585679 
7.594248794325507 
9.573281143385628 
12.82588550204955 
16.41610092669871 
20.00923196339608 
37.12625912882557 
26.88364273578004 
59.44620601908217 
37.86046145581823 
41.66772292068722 
45.38153962706119 
48.99488298533851 
55.25577606536319 
57.13229007611913 
57.9856667686447 
210.1164768889921 
80.4421039059997 
46.32750123691152 
74.50282207747239 
36.48919593010094 
26.43844483178344 
12.20091752042134 
878.0432757086695 
828.1048687770434 
814.9394798653944 
782.3727925385356 
715.3720078425908 
473.9260068339755 
239.3155087563656 
66.29268063803018 
52.26686226686795 
44.33672940998009 
56.6034587740671 
56.69188257477075 
634.0363852543112 
750.0992180143955 
789.0484483700709 
785.8997729270701 
794.5211364003555 
879.127181513697 
879.6199012212051 
553.7218657651083 
674.4928040812497 
745.3404988754239 
766.2172969209379 
788.9879481440613 
793.6624307645451 
791.8954192067141 
764.7223476877452 
749.1787234020688 
728.8333146920849 
704.6699090228785 
676.5448320630034 
91.53364143257157 
140.6764527890046 
384.8765522223155 
484.6154876549806 
64.8624111758035 
172.4192412456223 
333.5664589977294 
316.597982194556 
618.9220374448013 
620.9763777064998 
34.07696526033738 
30.38546681984641 
61.74551651480199 
56.06561013206361 
52.33738320511913 
89.44880728985412 
57.69151962262007 
399.278469862429 
122.1515285758491 
59.58934946128696 
68.4674639137358 
69.63207797922659 
5.57693174636739 
21.42763376474485 
55.1195855236655 
23.44799675618488 
40.62220322390757 
3.357681253320929 
8.247022091580467 
780.0721699877377 
801.694925108189 
801.2567067002118 
795.874533776138 
776.8322246052229 
736.9584176713614 
742.9242844527979 
711.5860897233458 
766.1355348028937 
555.3008232620302 
721.6154259441328 
798.7694995621168 
781.2965019094461 
765.8801556766052 
795.0226904304868 
772.8334638477952 
741.9076215990002 
775.6715685633239 
263.4291230926901 
74.01110565448852 
197.1329734629171 
735.8437165881688 
415.8043716750398 
670.5840021554275 
15.56211529569192 
18.19786827353297 
48.31498831643238 
68.22371318356555 
51.69371432739383 
67.80349001163825 
63.25523032917274 
109.6036544561866 
69.49816736741897 
70.90808956649926 
64.51101361066948 
344.2371725314648 
61.73450192416989 
29.94926887143626 
58.77651412903632 
44.34552259245003 
61.10777515177951 
280.484731986065 
785.2060780052531 
770.9525937169715 
805.8540664697787 
817.9055887716386 
734.5677551445015 
793.761664702319 
761.4461681288998 
661.8706798337007 
807.122307303018 
811.9466127055671 
482.9604676369508 
611.5783807260842 
794.2761904010507 
804.2826852587439 
809.4521739093553 
802.4170956218383 
552.5540714359303 
13.82104804488415 
36.41867482304488 
409.2530748576326 
419.6341161499481 
148.6723558517937 
74.35921448126182 
286.2776283116925 
543.3138915739351 
65.68029423760312 
65.40784679309752 
42.38662996535296 
68.51026943517107 
98.95845741125365 
87.50932295354967 
96.85680331532957 
78.85044723247141 
65.68853430202071 
67.74162830912296 
63.56364730984333 
63.3681471188582 
55.43095534877267 
703.2517859633072 
128.3234047675004 
787.3773318024531 
643.9373379334716 
788.950693308159 
792.6742029659777 
766.2942392565249 
809.6443621092405 
806.0492361233131 
808.6250757495102 
816.0759666225199 
808.5189879784531 
778.789581100654 
782.7085486272279 
594.9295570803636 
33.55413582322938 
39.05784163842886 
7.851256067938971 
40.56275737446814 
46.53323702220698 
698.0910776928214 
743.2080755181429 
814.0421863966802 
571.0422376029611 
165.9174307288647 
55.63388598394337 
58.76470675192729 
65.15116995647718 
73.79325154033648 
169.941101479173 
55.737786693282 
871.4107684414029 
687.352976004512 
814.995198307236 
312.2355086927863 
262.6981897447431 
26.01389997599362 
45.59068574207081 
48.68681093046301 
26.73336358961488 
54.47186547717347 
807.3772814570901 
810.8606354309728 
808.7941857812092 
66.28207727068211 
54.51161251335893 
21.9035144466803 
14.96998092128417 
805.9072427007494 
52.38905579933512 
49.55344828676447 
473.497489314969 
55.9119594984408 
56.46439521912559 
61.4647764617031 
367.1592962613016 
851.43133656723 
245.8175500576146 
48.92688459795886 
59.19496294288768 
60.12477589729186 
129.3880668377137 
216.216878973786 
609.5556866438292 
654.5376819512124 
52.89524913404681 
47.93337845096227 
12.01470239599691 
37.21776652022482 
58.20544720116592 
78.53934070371319 
32.28448701676351 
749.3437754812794 
377.8111537912008 
438.575740348275 
50.86972184672882 
494.6977515518561 
785.899401335703 
814.132254201156 
763.8921189903842 
785.5706543239546 
46.01273652219864 
58.65823456403963 
72.7907352844707 
102.8205118120281 
48.04147129687102 
361.0506297156894 
182.3372597594312 
42.06569772150914 
41.53117497616442 
50.28123352980818 
57.61298080170681 
761.8308807975658 
799.8943790712017 
787.5625019419047 
795.9292417733195 
819.9769657747646 
780.1075784320894 
50.38138482686043 
321.8055719890929 
364.857325416836 
50.59291502090228 
785.0408257441871 
825.3164017536461 
812.9570947731045 
807.1071006437203 
47.48972528403132 
52.69578874239865 
55.57041485885143 
43.43844249799486 
54.34079100458083 
54.67156427959214 
52.47245904173091 
50.272063207242 
31.92038627921241 
804.1326708204942 
809.872771849876 
811.7652882696545 
796.4384191726335 
534.4249021540555 
544.8251072853731 
51.77926358909387 
51.50960581351447 
143.7672802550762 
393.2103650104981 
54.40870540290063 
156.3228875773135 
55.90440947735216 
69.97453005739065 
103.8468191378269 
609.4953101411637 
692.9664007831756 
59.16738261274517 
699.5144970567112 
405.1222835120508 
444.7901451847051 
57.27005845554219 
53.28675881313038 
43.63209060958998 
455.9203656983701 
748.3614219030687 
712.5682364426609 
58.19223183088759 
580.0836339353158 
753.1506484112584 
813.706166988948 
810.2430456030802 
110.6083419795414 
53.74371796341484 
201.9946914447881 
316.496775966247 
49.98591767126436 
656.6096505236854 
680.0537830067503 
57.78976354183952 
58.00924477313326 
49.15081172571249 
794.1373284686479 
750.7719001810896 
59.69098188576229 
620.6840734900617 
179.4178200261225 
704.6700718581045 
550.3929272526717 
696.4306067964847 
275.0728058565268 
58.96635859466419 
48.32536979236664 
40.50770963009416 
54.87851802963601 
515.9612411656904 
47.08473289785571 
632.0595681945628 
421.34708928247 
55.00756951302909 
227.9820090669311 
380.5133917059444 
65.6146836194556 
630.0494956685245 
749.7133756152574 
149.4010429790593 
75.01907999618903 
39.03755279983077 
621.8361299047151 
247.269874348268 
272.0549239796771 
47.29722036926817 
73.86385066990445 
527.736595309652 
508.6943403181593 
113.9021096273553 
38.48850606495148 
9.596343485570607 
760.2332842497387 
26.43467922963018 
768.1288150479885 
779.3083033260507 
816.5495825562332 
810.7025091196455 
814.8310014366776 
792.1939778825325 
707.9334351333335 
55.46837488294371 
750.0864849282389 
732.9042487031795 
218.0396800906299 
60.66025437294735 
57.97457385889096 
58.76964108239792 
485.7048761496976 
525.4612022897958 
61.7551280947904 
</DataArray>
<DataArray type="Float64" Name="Eta_u" NumberOfComponents="1" format="ascii">
0.8561007469243107 
1.695794643061427 
2.926887426441851 
3.953660011689241 
4.06038986435323 
1.002197955287416 
2.637132580421938 
3.951532138743363 
4.408346885937299 
4.12712660384322 
0.9693888330371788 
2.529555897882195 
3.594460682739233 
3.669118152632239 
3.15096229888093 
0.4727189828458331 
1.531894942404266 
2.22886981344849 
2.195805843584879 
1.807801735960268 
0.9690206166145422 
2.526625537416754 
3.586393356481373 
3.654289677591052 
3.131263760229444 
1.002870996868843 
2.638456734244507 
3.952325100070946 
4.406820243127111 
4.120732524440383 
0.7857853874331616 
1.60451165355111 
2.985273787752361 
3.852768689546623 
3.98013327110475 
3.749077698821297 
3.488887220156661 
2.47792425066322 
1.398844904901293 
2.497757195158084 
3.49999194209994 
3.804688913555325 
3.218899607195215 
2.699935327876636 
1.822384565235981 
1.052673537131579 
1.838740861453942 
2.713574524477463 
3.243116551590522 
2.603018764788337 
2.035295892183777 
1.36011936426873 
0.8624470555403098 
1.37331156550918 
2.048647880868813 
2.550110780651276 
2.050559938347909 
1.520660653229421 
1.04813084794346 
0.761840745061535 
1.059511170623544 
1.531211617577455 
1.956814061104225 
1.622159686668914 
1.149145092620471 
0.8536372968617537 
0.7091059154455105 
0.8638948581648563 
1.158797929921911 
1.447400065823924 
1.250509208861709 
0.8976570319377795 
0.7402433718571912 
0.677705299064464 
0.7473382751378047 
0.9069941135896347 
1.081077503695038 
0.943233542804869 
0.7442684489966307 
0.6762382981548379 
0.6546726637788935 
0.6782327360279934 
0.7454432019413498 
0.8367107805274618 
0.7510480893019835 
0.6479751239514143 
0.6361798482808553 
0.635145498519085 
0.6360953971951622 
0.6471467365959478 
0.6857718670835785 
0.6344874999721883 
0.5852986317879753 
0.6079674061510693 
0.6176918096894043 
0.608749874911808 
0.5897475406333794 
0.6021531412248613 
0.5862001687993447 
0.5531025875063592 
0.5883074059770116 
0.6018736317952463 
0.589339624622319 
0.5567931654121516 
0.5605871930438873 
0.5568665236820212 
0.5379907969009613 
0.5744133499022377 
0.5876526441263987 
0.5744763886751046 
0.5394373994984126 
0.5452903617189814 
0.519114588760206 
0.5319730555267213 
0.5639285191992699 
0.5750954403089388 
0.5624784125615667 
0.5292699795490772 
0.5136897859401194 
0.4760146710362549 
0.5292977126028573 
0.5550617110838828 
0.564201892309108 
0.5525494444918423 
0.5215291083515315 
0.4942114573036382 
0.4804921384593253 
0.5239059214843106 
0.5469359861827735 
0.5549938328725179 
0.5445637203268145 
0.5160540304364106 
0.5002205758206116 
0.541842294439039 
0.5170071394665702 
0.5398852865667828 
0.5477231123502991 
0.5394799268836995 
0.5142610102958903 
0.4798169444761297 
0.6170142617709965 
0.5179055302287948 
0.5374730405658654 
0.5447227655472964 
0.5402867195385241 
0.5209470581774575 
0.4980760397523181 
0.6611615016134547 
0.5385027723924658 
0.5493445871056687 
0.5539359616556216 
0.5564003060884675 
0.5481410135855065 
0.5557806914272078 
0.6801442395834905 
0.5952460587790478 
0.5917327731419341 
0.5904451293786032 
0.6019802140167616 
0.6292119470508253 
0.7035667919562828 
0.9581393557615094 
0.7083821482975426 
0.6766706916279102 
0.6705934824804763 
0.6820350659414819 
0.737309648617764 
1.056238249244981 
1.244808978939259 
0.7388539345499099 
0.7081848683536843 
0.6991579568410543 
0.7053704477016165 
0.7310890250853452 
1.427932820387645 
0.6576846221938277 
0.6783168779592202 
0.3242651720050525 
0.3317495670874236 
0.5052421644406125 
0.4239934658307214 
0.4066044475483834 
0.6427548004400384 
0.7095865096575912 
0.4259893118158379 
0.680776332310369 
0.8207968057125289 
0.4232206301100596 
0.6826562666791846 
0.8376310149742283 
0.4119154760645574 
0.6646678037420363 
0.8096025237443273 
0.3939880204695938 
0.6358186231535232 
0.7670954004122755 
0.3668851711259238 
0.5955151215578214 
0.7142559069171859 
0.3363718462305462 
0.5512040755809822 
0.6633956661061875 
0.3046150584938854 
0.504588524961273 
0.6072594640228383 
0.2725638422739582 
0.4577621702889474 
0.552280378406747 
0.2416568883386817 
0.4113370952115214 
0.4961218068996652 
0.2127364499415314 
0.366808683568062 
0.4514430421956774 
0.1860055269670586 
0.3246390858061704 
0.3919423028535512 
0.1603747823651576 
0.2841303270639657 
0.3485332641867372 
0.1361355491291406 
0.2456276652134649 
0.3066860506565146 
0.1124856021612724 
0.2071457540239151 
0.2709831731424117 
0.09116952042436467 
0.171786744466439 
0.2306171155679808 
0.07257491859660682 
0.1405696395538328 
0.1923876060673813 
0.05638215471954892 
0.1120948827288781 
0.1434800953452899 
0.04204940252232536 
0.08571281770376797 
0.1095723728092984 
0.02925843219956854 
0.06068717158330578 
0.08064830897636663 
0.01965495596706882 
0.03938477421125534 
0.0591376442731976 
0.01110698616681119 
0.02266467305618593 
0.03846352323775912 
0.00459810328744305 
0.008546803282538937 
0.02844419427222093 
0.3813750417430974 
0.6778809954598808 
0.6565939926912573 
0.5169331196442578 
0.5082142805342137 
0.3342776741493691 
0.7436260833085497 
0.6402098063695045 
0.4062803088722247 
0.8372477701592042 
0.6776481445230613 
0.4252171111633645 
0.8577651361642729 
0.6821861048839686 
0.4225210060119483 
0.8240416107667706 
0.6647195708940244 
0.4112430995712539 
0.7756093440124675 
0.6336522310606052 
0.3925601011659366 
0.7122889915551469 
0.5897995655555244 
0.3639186398034467 
0.6460523502119363 
0.5433975961067674 
0.332528957951519 
0.5907242903736922 
0.4979959335832365 
0.3008642161082851 
0.5482207315777912 
0.4538829009468541 
0.2699742973027628 
0.497317355538389 
0.4099605428153137 
0.2402268715416954 
0.4365914813207087 
0.3676592535256875 
0.2123236393053374 
0.3900830793714541 
0.3263019002191898 
0.186595845022516 
0.3489840848725543 
0.2861416199586513 
0.1616388896861302 
0.3274052398970135 
0.2489190448019962 
0.1381860375015363 
0.2970653355424031 
0.2131710597347925 
0.1147281030925307 
0.2428367915377216 
0.1766746887865793 
0.09385588904427855 
0.1868591406951246 
0.1407774116438381 
0.07345366295859622 
0.1412266177065704 
0.1087604247212325 
0.05545038936720972 
0.11076853098992 
0.08439688606962462 
0.04135147038645211 
0.08305697804647842 
0.06100811768197788 
0.02913891644124141 
0.05873956085110777 
0.0394438308838471 
0.0195622370951062 
0.0400495139412461 
0.02287951946661995 
0.01116710669844496 
0.02562070780202817 
0.009528460024043544 
0.004904041796067392 
0 
0.1810311598376436 
0.2043538817583169 
0.2117014326906298 
0.2166975202542363 
0.2149673510305427 
0.2105132276307574 
0.1912575256985075 
0.1704079690508976 
0.1502293179066017 
0.131721481813009 
0.1153328158569616 
0.1009029966213334 
0.08834098245863441 
0.0738589990643389 
0.05927526123797571 
0.04754688207909696 
0.0368012427591077 
0.02729616503782691 
0.01905395756058788 
0.01237731703118589 
0.007468833584583228 
0.00442973885813277 
0.002544128471563653 
0.0009098841841100778 
2.592913830784916 
3.384064923768975 
1.23343750297803 
0.6384949399515619 
1.83040580985758 
1.286961249002199 
0.8607300851993768 
0.8264981357501325 
0.9789458818121543 
0.4191241304560039 
0.436962502108007 
0.634107521626074 
2.460365832384457 
0.7882092991761589 
2.642001512945863 
1.307498052224355 
1.850896274965997 
2.252175832466057 
3.205676614077536 
3.406742977808527 
5.28997327168531 
3.617157640862808 
0.9458548632217105 
1.028169439852025 
1.201743005811301 
1.77311934780895 
1.458101822930357 
0.557774846958923 
0.503117616677117 
2.54649226026501 
1.983792739177336 
3.510406656367214 
0.2377963792828149 
0.1461181519477045 
0.2286580482445913 
0.3861882243883913 
0.6001629952437876 
1.588483237182045 
1.522061275950344 
1.940579050931829 
0.7964391186413977 
0.5524961727849619 
0.7476223890113087 
0.8711988098356016 
0.835112532527433 
0.7868714625411901 
0.7142716018247623 
0.6730156233948128 
0.5964896623069171 
0.5525828861864251 
0.5088412833173298 
0.4189393548203082 
0.3956810825636414 
0.3318261328978294 
0.2752611201768844 
0.2444821675623736 
0.1723588275569821 
0.168005612333601 
0.2303071387680892 
3.595734673086693 
2.543186720737774 
3.510200149197853 
1.615936419746426 
1.275129351043934 
0.6259688930607524 
0.5476927101618921 
2.008778492161714 
3.01490515399082 
0.8807733152290095 
0.607996507393526 
0.5393832375721455 
0.6250215599195177 
0.2265491384553091 
0.4783395771881966 
0.4439486255780581 
0.583323203857782 
0.6613337723654027 
0.6458022861549357 
0.7412057688015414 
0.7346562708772009 
0.672588928432598 
0.6348266863379718 
0.1670002536763809 
0.1586106562798842 
0.2120749079921001 
0.1975718912781408 
0.129300330894377 
0.9509753497647747 
0.7983497023169834 
2.870477169234279 
2.930239610627253 
2.999153311742154 
2.702810062876049 
3.105255679689633 
3.018128765686216 
0.7623084226515534 
1.864511087160003 
0.7392297899920994 
1.033951695633658 
2.751033678934982 
0.8308082059497559 
1.210954802507425 
2.086167866566224 
1.478057510805304 
0.7876678248919106 
2.443029525572744 
0.8365805059540462 
0.4090253582106199 
0.1175012311637007 
0.2234884566173249 
0.2363318072746439 
0.5839598161194772 
0.5129413095865405 
0.7008794126884503 
0.5585440460411685 
0.4321558875538105 
0.3858943440006541 
0.5588477088486056 
0.535163061730529 
0.6096437026127354 
0.5543443212734165 
0.5462169909267788 
0.5767691776870084 
0.2652466632961318 
0.4058105933171409 
0.2836868658605942 
0.2914221490308271 
0.5972972299173938 
0.8892517096873351 
0.746725244912536 
0.8232919668449864 
2.532391575735222 
2.43163415143664 
0.9048745905486089 
0.9168589328036594 
0.9093025554265987 
2.47511537063981 
0.8135194234956795 
2.540772589692071 
2.565744487371164 
1.275838185619952 
1.588391671901249 
0.5761810233874379 
0.770899355108673 
1.777595573659704 
2.13892074645848 
0.1199059099088797 
0.9304515109326131 
0.3660397469465505 
1.790546102032246 
0.4532527864573706 
2.650138168042095 
2.347434574736167 
0.6061776602879514 
0.6617539258330516 
0.5665312587151405 
0.6670663239944373 
0.4386806788926642 
0.9368898746755597 
0.5321178961459149 
0.4850279550879751 
0.3586005841797653 
0.4456422544516237 
0.2404181957834483 
2.437290915451359 
0.6667692589477118 
2.594497078635773 
2.247788130321816 
2.451778223874537 
1.046838457863345 
1.260990512407568 
1.434884392680716 
0.8928270452700594 
2.077602578125942 
1.825012185923405 
0.9012238395879444 
2.268750098744697 
2.55344918199031 
1.370227053656525 
0.8236986251041049 
0.3938853124045474 
0.4227044572106612 
0.5287691066401203 
0.529143136667018 
0.4758888080675059 
3.12483919735675 
1.977274010727428 
0.676427848577928 
0.9851731461178368 
0.7138976710891596 
0.4267547785754671 
0.4928062613078696 
2.874521600610939 
2.339923956717156 
1.829560957494233 
2.29829390108371 
2.431167995185528 
0.6313026127289479 
1.097219126284308 
1.199237331540808 
0.5118702291713145 
0.2232633051055865 
2.386244942161179 
3.00069456679564 
0.288377490918743 
0.3966350827926095 
3.698749544409211 
1.595456650731211 
2.430714427953281 
0.3977930090271576 
1.265448492090522 
0.3592072422401437 
1.229406529663766 
0.3877922416453348 
1.965420474599054 
1.761921712574645 
2.489823436153834 
1.40398530145058 
0.4025714626076699 
0.3306126205434309 
0.305730420422324 
1.222162940066747 
1.388288484422963 
1.171286125810799 
2.551067568025074 
1.095564457280939 
0.5907044938043686 
2.140463050196297 
2.331091976662346 
1.17026750026747 
0.8764645897097297 
0.9212916182569046 
5.189553716451996 
1.176959673167783 
1.390031421073556 
1.628106863508644 
0.8796733584115104 
0.5708976239199538 
3.281784991432763 
1.597223358935838 
0.4532360053922476 
1.415269546259101 
0.6716946750322624 
0.9188826565805902 
1.326635492833292 
1.154761147112616 
1.399967230994539 
0.6332457311446468 
0.5177927495062896 
0.9330010405737512 
1.010820135682597 
1.445262523899194 
1.381844788144178 
1.959949546484067 
3.289705452057369 
3.158967610999488 
3.134427750569366 
3.324338534317854 
1.283238037185499 
0.7383698997501755 
1.886862366216425 
1.409991726250175 
1.408105039126415 
0.8534197400863431 
1.40282042534475 
0.9012403534621967 
0.5421928498762894 
0.5858385122519904 
0.3908853278025943 
1.659755223491757 
1.909746405859556 
5.675849920658237 
2.782090734903615 
0.801486308176859 
0.7483432398457389 
0.4511932040816029 
2.03627161859413 
0.6270378207733869 
1.516656269526908 
2.19055550965349 
1.877839654276564 
1.889875963420963 
7.12103457424353 
4.857162673834458 
1.444725616140233 
0.9041849044823664 
2.146697423382157 
1.753521439741939 
4.880223671848307 
0.3488465130732343 
0.4724498293086427 
0.8376250210947793 
0.9965554053740799 
0.6191249453117149 
0.6427090557048509 
0.529975519180624 
0.5466300421776017 
1.019267857700029 
1.462467516691591 
1.565476021624118 
0.4207628027654283 
2.565150214366105 
5.054483329461039 
0.9162586887382909 
1.847882298275688 
2.56258950578687 
2.175678627605965 
5.553364540012704 
0.8073903746513109 
1.483112961939307 
2.684041357447896 
0.5223982282837273 
3.300259023958375 
0.8077078741824806 
1.085113982229727 
0.9132408514203332 
1.161582403512348 
2.458992398672581 
3.49850704816813 
0.4826348051140049 
1.907988244265133 
1.824963639752292 
3.114947153039589 
0.4812004882921613 
3.471088797856182 
1.25660759126217 
2.076168564169243 
1.670897566996623 
1.97314767453706 
1.082194105158671 
0.5931068593037824 
0.4066915872206418 
3.800835022693943 
3.770680301157643 
2.65831524146624 
6.882911471106821 
1.89098558942331 
1.176702729714339 
3.192086732412081 
3.658201786499368 
0.9175240815928595 
2.299141194122782 
1.00323613200569 
4.790914171087973 
3.629175950582323 
4.772829900167726 
4.678356077051538 
1.625716193440817 
2.652969342281541 
2.10962482927681 
6.657688835208057 
1.98212113877195 
2.835173280489412 
5.672517396693696 
3.54957358279522 
1.667381964409549 
5.934077566296829 
6.970800431214358 
1.823588395313131 
1.407934215227673 
4.811102474763164 
1.915725611694661 
3.232521385923181 
3.992586104195908 
0.8171389260100774 
0.7796590199269894 
1.582522751813348 
0.5447380474760178 
0.2789559962329325 
0.7281229680320827 
1.642961073157383 
1.396390474145711 
1.068060195779896 
0.8272182389108345 
2.437878001399279 
1.000378539537282 
2.459519373523015 
2.372119669521445 
2.859235966514778 
2.145791583376852 
1.22440106115897 
0.3882358966318247 
2.150585348882421 
2.421262646754225 
2.076689320129557 
0.8655623681015974 
2.711591555762205 
0.7947865794235527 
3.387793357521184 
0.1732353740102095 
0.3054463682120844 
0.1345266119163774 
0.1647808089379375 
0.1579148878450115 
0.1485952194164125 
0.1728447264653406 
0.3956995454790722 
0.4430272213382533 
0.3681322303785568 
0.411337721771188 
0.1688342714045477 
0.5266606709156294 
0.5834339678261681 
0.6323040641856267 
0.693777112230076 
0.8679689568206855 
0.974775059974074 
1.00668384878837 
1.780599732894419 
0.8504360086794509 
1.401720265814897 
1.377434137191475 
0.341643379190787 
0.5216507454473136 
0.1920312099647314 
4.80536857479807 
2.4431412520534 
2.663352546472444 
1.367380087431259 
2.403118751905217 
3.778926783846586 
1.685546158103493 
0.7919824110193816 
0.5132998593143552 
0.3992259017673329 
0.3288519768184772 
1.273888788190318 
3.196297079753413 
0.4855400373484146 
0.5275063348030533 
0.5222707245294061 
0.4043432713950523 
4.539541140375437 
5.669509018866273 
3.792427682499006 
2.967223102146989 
1.86378787823393 
1.456941365719458 
0.9526465781203403 
0.8441669437484227 
0.6499853139699868 
0.5012570894353149 
0.4989671617723067 
0.5656296257940295 
0.8702757954176592 
1.770201585549825 
0.7652929436344632 
1.044183995549491 
3.65115980426114 
2.780031991804351 
0.8756850196659082 
0.9803195348523281 
1.847191992103488 
2.399733905363709 
3.376100745823802 
3.503961874965904 
0.4621034511173217 
0.421493313586531 
0.4863569601682837 
0.5794639531241736 
0.7661671901783657 
0.8905928260954412 
0.9633390818745333 
3.156711009384988 
0.7408103883947321 
0.5943736013174972 
0.8989720017999385 
0.9072065539124423 
0.1404821737487665 
0.4142320250781928 
0.3608993526244548 
0.4202088933806878 
0.3724083218519033 
0.1717517555843779 
0.1103721151592247 
1.14721582812616 
0.9022780978213109 
0.6379844283358608 
0.8089580911560542 
0.5319727765759049 
1.756004912929845 
2.246155821382628 
2.682454478116234 
1.789503669165902 
3.525818684661011 
3.150732675547343 
0.8432513510843737 
1.669338278178937 
0.3641190712333368 
0.4751330081051415 
0.4814771268347861 
1.007018857339022 
1.834927651397354 
1.314664394179072 
0.8712839212417369 
1.013017066568132 
2.664891214932501 
2.102759287014559 
3.094678215146423 
0.2524734531724566 
0.1952825677805971 
0.4530157539392898 
0.4493748427344823 
0.3178879551784183 
0.8885356508191113 
0.6118057897743364 
0.8281890693442033 
0.8115629921036205 
0.851466489030833 
0.4593937018188856 
1.738911468234776 
0.3869074119780549 
0.4320137748353555 
0.4233478316202142 
0.1635477960985546 
0.5832212235899648 
1.538917547745212 
0.4744774058329527 
0.7713390566484385 
0.8775208586405426 
1.150344703590829 
2.346566815848409 
1.048573383538899 
2.221897275399972 
3.01979738091225 
0.863581823303201 
0.6591039247492944 
2.101907479203408 
3.106278125812499 
1.246272804746315 
0.9562142455283623 
0.8003611288550188 
0.5247079894552387 
3.053922772190858 
0.1465127452139832 
0.4391168660232221 
2.627830774500286 
1.239481331545483 
0.7451114971405275 
0.8712612592873146 
2.697571674520384 
2.536719634596046 
0.5498558315666108 
0.3067499497626418 
0.30708357037723 
0.7349216140715448 
0.9391358205650637 
0.8448912746809113 
1.070790628379859 
0.8060636089258281 
0.5986621408787927 
0.8680371201811032 
0.3904462452933609 
0.3167359457782932 
0.155853585255094 
2.880265034916052 
0.8691814779549344 
1.9332998916795 
2.826045232831871 
1.630974319101124 
1.262897895203227 
1.660401364075979 
1.032559860925613 
1.395764343146898 
0.5816436144211452 
1.109124434141457 
0.6680185223440778 
1.109871326596619 
0.3933048464690925 
2.828156465952745 
0.3745368421388338 
0.3208773216231537 
0.1310545972218266 
0.9269752536354114 
0.2142954975539773 
3.916130717145287 
2.645155251831579 
0.5532385339217165 
2.246627516157788 
1.576758028887227 
1.016202668319718 
0.2397481536889146 
0.3439475013732879 
0.8963594992744736 
1.019459771741785 
0.5753862639502777 
3.199162945812254 
3.319910843343491 
1.079013046316711 
1.786269249311002 
1.886516678994703 
0.5726668847410795 
0.3006545919848576 
0.3052673226023945 
0.7306155906260424 
1.163129765329316 
0.8039898059683389 
0.7596775473904629 
1.062283660747513 
1.447924181103178 
0.2433838279129986 
0.6076174003989715 
0.5424323358413129 
1.938771939744762 
0.2790549976588185 
0.2618628775836178 
1.507900931079547 
0.374869699450418 
0.2032653689727047 
0.8254577182636917 
1.296294727078634 
2.435725513535794 
2.93664316353354 
0.8227203098250117 
0.5074032834533897 
0.7614627642605626 
1.599258413287316 
2.260860249967768 
2.156434351478611 
4.593574441350953 
1.735464909890453 
0.5301895585254114 
0.2776647591487807 
0.3981752099589056 
0.263146296076495 
1.08911844525198 
0.6326719217159275 
2.00880387020263 
2.241894251385874 
1.172044585829334 
0.4539918256986143 
5.662893380641336 
1.667348380088199 
1.072958001314607 
2.756369791344337 
3.885760043506998 
0.2263012763326828 
0.2817696707339826 
1.134217043489371 
1.241199193902129 
0.822683145491904 
5.873085964389681 
2.06246760746992 
0.7321643641561268 
0.4311504845008005 
0.8719071976924266 
0.4210767863522999 
2.973506610441482 
0.6725175245328516 
1.550653427803164 
4.920615167732332 
3.43739244599258 
1.96658865081059 
0.156063864487182 
4.057215160545473 
3.483751340160699 
1.152519700324148 
1.579876020771405 
1.621758673447959 
0.8195860018999781 
0.4011187259158276 
0.4316248668949825 
0.6020385762162671 
0.5752146237887357 
1.218735797916732 
0.4949442659306572 
0.5638552220159839 
0.6463108263511801 
0.9456405342817064 
1.318696929296153 
4.934814783637857 
1.582494679021588 
0.8945202360826191 
0.9700219916181738 
5.06835509966692 
3.110990094215464 
0.1624132220639523 
0.3825554118102458 
2.008157162626114 
6.50046747692162 
1.009085351261974 
3.240445894789537 
0.3930274360299371 
1.85558925368394 
1.953704480734253 
5.653413658191362 
3.620973596845585 
0.3746054745093629 
3.468859022106379 
5.3111081618944 
4.577661882766715 
0.353276868974536 
0.4542977105881854 
0.8110654578278372 
5.967410268726231 
2.170158157384318 
6.723569966321507 
0.2745757116487677 
5.625103251170515 
1.635511948903271 
0.5000580217523343 
0.9588835077201775 
2.931359632928744 
1.879798453881506 
2.984050888791785 
7.015017963180477 
1.808555252909863 
5.048988001459334 
4.612514049801482 
0.32732106259532 
0.4204067074989966 
1.015586052817863 
1.619343867803849 
6.553263030717296 
0.3388191832470992 
4.589330316194957 
4.865045323127817 
4.690313597115708 
6.134101594376808 
3.377901520904203 
4.461889867459097 
0.2819712442069346 
0.921555525943876 
1.643606206989984 
0.2333873039697366 
8.418917422810988 
1.357062532021137 
4.466846138928084 
6.175006954844439 
0.4124340375954762 
4.945133097561969 
6.38784982560171 
2.179603126651883 
7.512330987849026 
2.579219912075338 
5.202851248554418 
2.628055798331745 
1.580649711156947 
6.960186576172631 
6.562228401316182 
7.256772554262755 
1.427743142790702 
2.348825484684842 
7.272084367040337 
7.777782541869337 
4.577642073284307 
1.156026844475825 
0.1393202635343978 
0.3890717796701664 
0.3818957036101149 
0.5899910984363594 
0.4051310006196143 
1.057715231252148 
1.291461600711066 
0.6450961038067744 
0.4459168407087024 
2.683405649174679 
0.1994630954931926 
2.568849624647631 
2.42279379371855 
1.000022738809108 
0.3103162476786018 
0.3613781048947157 
0.3394707640792603 
3.45398157789596 
2.407334170359453 
0.4491487054999377 
</DataArray>
<DataArray type="Float64" Name="Eta_phi" NumberOfComponents="1" format="ascii">
0.006947771546870251 
0.005628275991649992 
0.004180901265352486 
0.003017087617970937 
0.002231760381828891 
0.006730735485325851 
0.004454121346070255 
0.004599151942010387 
0.005876319272499864 
0.006679289961727076 
0.03089655328133 
0.02604390673342771 
0.02384027587082004 
0.02072738577112487 
0.01620026632218629 
0.07443614479114093 
0.08691547083710507 
0.0592879622814351 
0.03640524743320142 
0.02284788119346781 
0.03086607878266924 
0.02606323468782204 
0.02393966477586398 
0.02086429118405555 
0.01630528170801704 
0.006719583723606742 
0.004452002278029782 
0.004639740651291986 
0.005954772399088452 
0.006766132364970949 
0.006940865319090048 
0.005697363905964545 
0.004430604273034277 
0.003200490607188484 
0.002414363904419368 
0.002435705236080815 
0.006496250917949911 
0.01212510071303621 
0.01503566534148734 
0.01206290626721344 
0.006431354581517053 
0.002357132964931089 
0.002653663160862023 
0.005373418006811695 
0.008656751966589498 
0.01015187161218984 
0.00862487699834294 
0.005336011346171542 
0.002655511344541728 
0.002547987951238435 
0.004344992516896262 
0.006234688140822146 
0.007024812190229257 
0.006217908539301383 
0.004323314497666551 
0.002359535736709462 
0.002088245666912788 
0.003431971745840367 
0.004537649323210968 
0.004973978161046482 
0.004526378268743541 
0.003415961045193675 
0.00238655491658232 
0.001968780927449782 
0.002686835943927522 
0.003345307055933595 
0.003594473294448394 
0.003336246342919335 
0.002671370001388664 
0.001944692288658484 
0.001531586232429921 
0.00209905642510656 
0.002499181161730934 
0.002646009506979257 
0.002492261340187966 
0.002085876174128644 
0.001663081124962422 
0.001372627960415363 
0.001643541528661927 
0.001892164101500296 
0.001981453303031311 
0.00188747125924818 
0.001634103451348674 
0.00147202785280199 
0.001034878812387484 
0.001290965936289342 
0.001451025729563363 
0.001507455215751887 
0.001448605781078333 
0.001287222825955913 
0.001213950184729497 
0.0008492421751317094 
0.001019238735211793 
0.001127011371946606 
0.001164315255411989 
0.001126336089454757 
0.001020311420335263 
0.0009422150859115977 
0.0007000304497119076 
0.000817492747153704 
0.0008899289140416088 
0.0009148604293132417 
0.0008891579024281173 
0.0008164719469972061 
0.0007674514970804539 
0.0006152048932935031 
0.0006701782458221108 
0.0007190464052152804 
0.0007355467304113509 
0.0007174277170913771 
0.0006666507833296958 
0.0006611484669181057 
0.0005217366777406305 
0.0005657293969809966 
0.0005994378475378579 
0.000610837703316675 
0.0005975664218581721 
0.0005608393933318349 
0.0005203658440758239 
0.0004530307949826542 
0.0004967731353187077 
0.0005222327409917869 
0.0005312734032377568 
0.0005209062910768569 
0.0004915593416416825 
0.0004489784733654077 
0.0004217337658732606 
0.000459090691267555 
0.0004837371833451162 
0.0004922360597306348 
0.0004838089084999169 
0.0004589466976045465 
0.0004324877672520465 
0.0004237404399757133 
0.000459989660490152 
0.0004843525336856915 
0.0004923953215813364 
0.0004851752519004969 
0.000463898384071937 
0.0004313067448598448 
0.000478759134922604 
0.0005052644320606439 
0.0005264723559962895 
0.0005333001630679156 
0.0005258032428513069 
0.0005060056903971763 
0.0004779859362570198 
0.0005669921844859035 
0.0005945286796774378 
0.0006144164429950077 
0.000620467538686043 
0.0006111467422660437 
0.0005884837997626153 
0.0005589499241068685 
0.0006989727948147529 
0.0007341962006438221 
0.000756340268325744 
0.0007631811316689189 
0.0007529098733401572 
0.0007242157166422839 
0.0006833422544212688 
0.0008977293611644126 
0.0009373553683514259 
0.0009626625451507595 
0.000970695427063162 
0.0009622536147716423 
0.000935170304229428 
0.0008794517941552447 
0.001073722768299152 
0.001113180175042395 
0.001136323254062942 
0.001144385404466808 
0.00113752984176106 
0.001116162776913293 
0.001075912231717031 
0.009597758326971101 
0.009475688480948518 
0.008007514703849163 
0.009843748336254085 
0.00985653681570799 
0.00849167082008378 
0.009886399078753501 
0.009930767417962916 
0.008588738837170663 
0.009884607041983795 
0.009933741717405641 
0.008615370107562748 
0.009886575648816093 
0.009932424272847417 
0.008619655186433341 
0.009890387351914295 
0.009936912486762961 
0.008610403968624633 
0.009895142360351026 
0.009943554005340213 
0.008617633915004037 
0.009899305258548577 
0.009949206248779506 
0.008652613992078688 
0.009902359492259476 
0.009952608336267543 
0.008702964362301927 
0.009904807156817384 
0.009954887002747787 
0.008753666179006091 
0.009907506561505228 
0.009958832804466579 
0.008783016678774474 
0.009911305422027733 
0.009965815419108725 
0.008793816827515153 
0.009915721059338 
0.009977875520008056 
0.008787891250911627 
0.009918325265936513 
0.009985413714912489 
0.008797132177158029 
0.009918088690694682 
0.009979879939165118 
0.008826137534702129 
0.009918310707938126 
0.009975938394148096 
0.00882046080371213 
0.009920649075605609 
0.009986984147075368 
0.008762693585159322 
0.009921821864909692 
0.009991138526517342 
0.008695934446550205 
0.009921020193829339 
0.00998220803803042 
0.00865059200939512 
0.009923332683847477 
0.009985809434043988 
0.008612072806391886 
0.00993272629842352 
0.01001267960966466 
0.008601941081970354 
0.009946338862473467 
0.0100557293195959 
0.008716242164265952 
0.009942043184608156 
0.01007967689640699 
0.009077043678439662 
0.009910190889997922 
0.009954799371670106 
0.009862801394323349 
0.009875596732826383 
0.009836360399812703 
0.01056894173657667 
0.008040732461679854 
0.009480172408446274 
0.009606604760299588 
0.008531556946901395 
0.009856075681924764 
0.009843864601323856 
0.008627906939455768 
0.009930213764831851 
0.009886171254432852 
0.008650246983048629 
0.009933182122346158 
0.009884322864459033 
0.00864780932186851 
0.009931639581837959 
0.009886122936850147 
0.008625317450210092 
0.009934375879718061 
0.009889723607183924 
0.008591160556239909 
0.00994186939420124 
0.009894983335752118 
0.00855229998273439 
0.00995234717583067 
0.009900452745724708 
0.008528364133039965 
0.009959112360356421 
0.009904735480764881 
0.008524342007623755 
0.009962720998229884 
0.009907711335506927 
0.008538052414925361 
0.009966556478832529 
0.00991040028994577 
0.008561164583013339 
0.009972401455692481 
0.009913375744387391 
0.008594262145714255 
0.009979066122788371 
0.009916566210820035 
0.00864509234519991 
0.009985768935832176 
0.009919392225832177 
0.008733943540229801 
0.009989136011300163 
0.009920690257326682 
0.008863620775907426 
0.009983573003996609 
0.009917968539025769 
0.009003280405247987 
0.009959314251225012 
0.009911088988917141 
0.009013477583417237 
0.009940771763589127 
0.009911398918144215 
0.008712708204438016 
0.009996714921586903 
0.009922611594453514 
0.008425641109972858 
0.01002654092003773 
0.009931300267580831 
0.00848348430134018 
0.01000366173389209 
0.00993343389477506 
0.008619771467755779 
0.01003534627936236 
0.009939740998971332 
0.008925411947873278 
0.01006208214476106 
0.00993745669733305 
0.009594990419553154 
0.009960846906822156 
0.009913667678122217 
0.0101357514322062 
0.009875899615488569 
0.009887535437946493 
0.01079999954640001 
0.01079999949240001 
0.01079999954640001 
0.01079999949240001 
0.01080000127439997 
0.01079999760240005 
0.01080000192239997 
0.01079999706240006 
0.01080000570239987 
0.01079999760240006 
0.01079999760240005 
0.01079999760240005 
0.01079999706240007 
0.01080000570239986 
0.01080000570239987 
0.01079998950240023 
0.0108000057023999 
0.01080000516239986 
0.01079998950240023 
0.0108000057023999 
0.01079998950240023 
0.01080000570239987 
0.01080000516239988 
0.01079998950240024 
0.01080000570239987 
0.002063963453810107 
0.002058807218994248 
0.00641855496433327 
0.009372160990257714 
0.002447938413242283 
0.001064813957829651 
0.0006832623643511107 
0.0006056858894473567 
0.0007613210854574929 
0.0003810510937154475 
0.0003658188834603968 
0.000495591878779398 
0.00177027037811336 
0.000859943887293665 
0.001445287716763649 
0.001450360169683888 
0.001721327460215063 
0.002108530162741751 
0.004666432139120503 
0.00535386558121234 
0.002115795177051097 
0.003907034357172636 
0.0007903743798488409 
0.0005739902729979281 
0.001070730966709907 
0.00208195482154612 
0.003468529552119632 
0.008299386592382444 
0.006780180958093832 
0.004206069560517353 
0.00124599785596901 
0.001666224331489741 
0.02142882029950385 
0.008349557089358476 
0.006190881425977202 
0.007167336584602794 
0.00763151719008426 
0.004285645226108598 
0.003254433076706659 
0.002560820253545655 
0.007123004060941316 
0.007753188435406505 
0.008418018297878516 
0.00856456795556604 
0.008483546348588158 
0.008496336584132963 
0.008710857593802884 
0.009098911658531742 
0.009569496791687834 
0.009544632513084723 
0.009359781756926385 
0.00959284063664243 
0.00974957332345461 
0.009076334382208581 
0.008560245970737882 
0.008542690666724787 
0.007960684429846557 
0.0105371260976165 
0.01535198998142271 
0.002257325983260197 
0.005623988189677567 
0.003312475392709356 
0.00454552049335259 
0.005650549801993654 
0.006391044593988565 
0.00816612752524651 
0.005231365841968733 
0.003757726505944094 
0.008602790780011395 
0.007226622804448433 
0.006529518131933241 
0.008216350688564564 
0.004062545638084562 
0.00776595520580668 
0.009285496413736334 
0.007199045912816575 
0.00748974600162034 
0.00601371322076415 
0.007612481049646885 
0.007487384745652599 
0.007565570535714761 
0.007942269627078261 
0.007107321956521283 
0.005752300130356226 
0.008326727764681973 
0.01125642366284661 
0.006271539974301443 
0.0009431412791123037 
0.0007877185260707029 
0.003908562059332527 
0.001738680223699669 
0.002039762686959248 
0.004664252607447337 
0.002725295379878676 
0.002036634133704126 
0.0005692924133780758 
0.001519205638725182 
0.0007027587771452378 
0.001183406180032116 
0.00182028435930669 
0.0008142339364726048 
0.001245944532382144 
0.004487010514761245 
0.004714390385787642 
0.004604849530191574 
0.003941102493981914 
0.003036928923360411 
0.009366842442198171 
0.005073319202096026 
0.007615884426672979 
0.007777668511087692 
0.008402785648002467 
0.006095730267065418 
0.007394867935796812 
0.006500912311561382 
0.006610601247377254 
0.007667916217560499 
0.006837105308044543 
0.005392996091795574 
0.006461137604248641 
0.006444668519073442 
0.006063991642644151 
0.006336600780013052 
0.004884459035271063 
0.01446073031070221 
0.007096887763699606 
0.004553549388777579 
0.004823533429585906 
0.000930991031967554 
0.0006313760377114336 
0.0005759124791231363 
0.001669160430763268 
0.003145696048957617 
0.0009483061166482056 
0.001432833006770144 
0.0009436304303659433 
0.001246503672958365 
0.0004296934931801657 
0.00106730410922848 
0.0017609068314902 
0.001483547672554267 
0.001749857824168461 
0.0005560498864768217 
0.000599696995794121 
0.00127410995218967 
0.002504111297199677 
0.005109578785827379 
0.0006928808670082679 
0.001247481124045325 
0.004232278178288083 
0.005623884367969657 
0.001350333115632232 
0.001767497447790232 
0.006653672488590576 
0.007995341885917223 
0.006332079622576396 
0.005470760109124595 
0.004445843338690468 
0.005508987941107543 
0.00547848553815093 
0.006703469880219129 
0.007360329852317327 
0.007645418078401204 
0.006237513983195596 
0.001166532723480854 
0.00449215501173065 
0.001043209739848179 
0.001539991524773303 
0.001610725310807122 
0.0008910675848653875 
0.001266126853053054 
0.0007627941442552784 
0.0008103591039033372 
0.0009772552425262805 
0.00172247671482549 
0.0007969914908068326 
0.001588649524229949 
0.0008741520795858623 
0.001368201090517594 
0.0003161550839993046 
0.007939034741396995 
0.01107420653776508 
0.004556921012270405 
0.003094916740041826 
0.004833602374630567 
0.001714358221830311 
0.001095723273195112 
0.007875229593634183 
0.008152876322606674 
0.004973248870536807 
0.004979281746595163 
0.005272122867281574 
0.002880720640292391 
0.002293393575610675 
0.001207662358711608 
0.001750840392293221 
0.004361219350320687 
0.004893529117862241 
0.00115974801547585 
0.0007683037153991975 
0.008317719077803258 
0.006671960261300745 
0.000611204342405741 
0.001864027014595968 
0.007499150297942044 
0.008485120748604885 
0.002908904514719589 
0.00116181814548738 
0.001228063966722095 
0.01829451333599093 
0.0008307783330370258 
0.006521414312912218 
0.005748002176106762 
0.008013866306772057 
0.002870294681182563 
0.001936891042339945 
0.001509551456912977 
0.001119358398147728 
0.004755029085951941 
0.003220134942722928 
0.007330417214683304 
0.004357678838523782 
0.003826947863501041 
0.00449399634984808 
0.00242049775191092 
0.005948053489112987 
0.004549887277216352 
0.002912425003678643 
0.001318355071262544 
0.001041898029011068 
0.004772461996357421 
0.003072289648773735 
0.002044278959693819 
0.00114064203826604 
0.001035867987143958 
0.0008109672751523945 
0.000994806627022316 
0.001336059156825273 
0.004759756865254453 
0.0008614386767318225 
0.009837747777132234 
0.001982407494824585 
0.00429764860664545 
0.00661868905656861 
0.003746775082260257 
0.005330204565610921 
0.0008923002224635289 
0.01145942147882796 
0.001185259583908465 
0.006667044288784999 
0.005677868170541064 
0.003208306186887839 
0.003339110096989547 
0.003801752214034677 
0.002036979260287641 
0.002475898663498077 
0.002443596738796627 
0.002518472722429763 
0.00057067629332925 
0.001631468005242596 
0.001062762369471712 
0.0007697117335447557 
0.00106920678347932 
0.002368553070798931 
0.002872371121023786 
0.007896349252606231 
0.006843733467327792 
0.009592660868843413 
0.004705927316101869 
0.002661998433291985 
0.003419442873291735 
0.002666743492748649 
0.001814984679104833 
0.00766129204514629 
0.00443660343776135 
0.006567790831989298 
0.001752155890069722 
0.005561612947090479 
0.005441056553760295 
0.002980139418292513 
0.003174076845774677 
0.0008037457701396967 
0.004442814542640215 
0.002987741440537916 
0.0009680215649771728 
0.001086838558629689 
0.001038048536843899 
0.0007595094664173004 
0.00231413660276065 
0.003604811042898085 
0.006676226408132474 
0.004029462955639506 
0.005651647559240671 
0.01082376191572617 
0.007285060369101804 
0.004005052055311413 
0.004542440828908177 
0.001268064671628219 
0.004428248542680847 
0.005487646026693872 
0.00581396622090834 
0.002580036047445087 
0.003944578713506621 
0.001287349209659401 
0.0007545737172247579 
0.003559672930912379 
0.001225518006727184 
0.003676076679126803 
0.004279290752692368 
0.00104195279509104 
0.001384465911791239 
0.00554508121219301 
0.001458163619131673 
0.004434274816257579 
0.003247663256827384 
0.003764519180793079 
0.001039404492972961 
0.003191158892569007 
0.003465412889867796 
0.005742438432352822 
0.003836484178529905 
0.003574030369030045 
0.003089182057425883 
0.003082130345215687 
0.002424044826775899 
0.000841761131520885 
0.001304722223104461 
0.004602802749141295 
0.0007788324558923543 
0.003945330375993666 
0.004327997577633476 
0.004802571159543308 
0.003041182809466771 
0.00377961787372891 
0.003504972050121668 
0.003636882911086236 
0.003598903746335809 
0.0009770698632860363 
0.001648777630930067 
0.002097785680702095 
0.003939476118652373 
0.003242141992454166 
0.004216718904566131 
0.003469971257949017 
0.003759385822597746 
0.003214875476756511 
0.002538614622591018 
0.0009312353512445564 
0.00363422123029146 
0.002943335085546464 
0.003303776483686466 
0.00440230068150143 
0.003074329801139011 
0.005041975994996281 
0.002054856420039501 
0.00241179990369042 
0.002829747619078323 
0.003454462723013816 
0.002451764620413485 
0.003467731025636383 
0.004466761077782742 
0.003007375052606368 
0.003418674466698525 
0.003330607171399987 
0.0004907948730959171 
0.001092331417117736 
0.003076083789996264 
0.0006277634456031509 
0.008830518128702067 
0.005075895150638085 
0.003316281744350417 
0.003171267632151119 
0.004321589489968239 
0.004141398086478812 
0.005104203911631375 
0.002762735073721289 
0.003112423211473944 
0.004430014522899333 
0.005523222117849364 
0.001420270044743155 
0.001226419266170964 
0.004689555183164557 
0.003428811614020899 
0.003933876469696698 
0.002527875007181142 
0.008821031012846559 
0.005278391892671392 
0.0009596633708748521 
0.00327214734458383 
0.01823499343790884 
0.01543265770850646 
0.009396885148745522 
0.007394639761989077 
0.007530214641387189 
0.00625723051625075 
0.007736831143389916 
0.01238592756706339 
0.01098737438238999 
0.007498623096622467 
0.008947362518243972 
0.003126026465763938 
0.007971917711030544 
0.007827402025382778 
0.007749638634139493 
0.007800604684937945 
0.008358138582818113 
0.008692758616729617 
0.008848476468791429 
0.006318704923317488 
0.001887105808083421 
0.002432136359007119 
0.002521858897961006 
0.009441836412266789 
0.01309072062692451 
0.006787198930818558 
0.00561441177375497 
0.001440227731021676 
0.0006077570129409488 
0.001038768853568898 
0.002140620045793968 
0.002930308586679095 
0.005882448732176337 
0.007237901285465165 
0.00650661690524034 
0.006708328408340506 
0.006766424824885697 
0.00249418490313678 
0.003198709182954483 
0.0003427398568501936 
0.0003995584201650659 
0.0004164989266461852 
0.000335462215110704 
0.004203294211830932 
0.005123171918104854 
0.002039875181629811 
0.002125056199923008 
0.001830198928158091 
0.001648562655405349 
0.001318335759632698 
0.001201923508434789 
0.0005679833765304942 
0.0003792654889632215 
0.0004213574079888374 
0.0006204670557744941 
0.001101787139145027 
0.00218478254763106 
0.008114070824818397 
0.007307890387049792 
0.004424371135142283 
0.003210562288581188 
0.008584055642686755 
0.006553191698385911 
0.004653280726743086 
0.005131517055760754 
0.001782563520915738 
0.00235469225458356 
0.008110117737840662 
0.008422461003183779 
0.005340875905803581 
0.006391888449093757 
0.007970686595898136 
0.007492891959606072 
0.008901204090945304 
0.004283291451911217 
0.007119893541302425 
0.006293234186201243 
0.007835369600420547 
0.007935438164059427 
0.007910555541178189 
0.009180102624014478 
0.005198559729461222 
0.009850263106632428 
0.006987416906071964 
0.01392430039070574 
0.005373221482442327 
0.001521053878436448 
0.001146811107153816 
0.0002472254006652797 
0.0009073420847935959 
0.0004036211737836747 
0.0009492686495727556 
0.001026972837719355 
0.0006399925324846144 
0.001205182092145434 
0.002579711645015899 
0.001927151439053227 
0.001006398543792171 
0.001024725359213317 
0.0002276751417072878 
0.0002101851772825127 
0.0003007530811397258 
0.0006315845228002428 
0.0008713960285658504 
0.005117824587497245 
0.0077572685725159 
0.00564636423829819 
0.001252402339522773 
0.003303802678807523 
0.001260802891904449 
0.007925538695911742 
0.006822228808936188 
0.006641227997275822 
0.004586212417800027 
0.005146152896613148 
0.007713406296777148 
0.00648357402956723 
0.006431023850145235 
0.006691898608647053 
0.006933378792964517 
0.004313349133034825 
0.004358577713386878 
0.004993117408026709 
0.009827783291516573 
0.005420885700459852 
0.00408923556545244 
0.003889353734600998 
0.003960741551207042 
0.0002911142194671012 
0.0003714331509339064 
0.001144753605332904 
0.000825601028600981 
0.001507930045320907 
0.0009355935789524139 
0.001284921912948248 
0.001405988263194506 
0.0005944949979807688 
0.001046907794216543 
0.002620662489759205 
0.001951215075802757 
0.0008595692384119754 
0.0006989353856290974 
0.00114418527862171 
0.0003739480967798264 
0.002573533473022636 
0.005840777129984168 
0.009815187938533103 
0.003992118008858758 
0.002288651469855861 
0.006013851725659354 
0.006926659744143037 
0.004621940958549199 
0.002344855984431932 
0.005347273513118251 
0.004080573354225372 
0.006533851521453206 
0.006687484680822755 
0.005300897686535825 
0.006547962383185202 
0.005612705753601678 
0.005667719777776588 
0.005452274620825215 
0.006669669863632574 
0.004901831570935929 
0.003945446672638211 
0.003354378028735672 
0.001007621930480386 
0.005333872881827076 
0.002279792535309408 
0.001934055132599132 
0.001645803070268863 
0.0007348472627781647 
0.001080692710953653 
0.001864025376752726 
0.001290311990909543 
0.0005445408246693582 
0.00145454467175441 
0.000551723714006358 
0.000482828493651482 
0.0002445897122449631 
0.002129475318484939 
0.008425408295955719 
0.007195043824013128 
0.008983117823690793 
0.005748488434803661 
0.004670634944248307 
0.002528369080903113 
0.001614283116085467 
0.0007738070395202764 
0.001822626996954027 
0.005413080008518407 
0.002976271915135788 
0.003494104422622308 
0.00381515734870431 
0.004774664170965218 
0.004826971008616656 
0.005570105763991393 
0.002971191262125735 
0.001997138211185484 
0.0008060795658841284 
0.003410678268001407 
0.004384197704572474 
0.01116299273365798 
0.006022644529971428 
0.005463975320008027 
0.008102185110686241 
0.004088038958871985 
0.001203818102821336 
0.0007516702244955946 
0.001561663539076759 
0.003098952224261406 
0.004455569232649399 
0.01138486330176077 
0.01084314980070011 
0.001146367470138394 
0.005387051210633524 
0.005132028219087168 
0.001856114622977861 
0.002169215724489737 
0.003290297061876457 
0.00553690524413832 
0.003180574892794304 
0.001613143081793485 
0.005220716343553472 
0.007537667796380325 
0.003479837811908253 
0.004666316072301056 
0.006169092143715749 
0.005561722442068928 
0.001760537622731109 
0.002815044520965676 
0.002611393561088836 
0.005182002900362309 
0.01006353985604291 
0.008782014518567626 
0.00362783181767425 
0.002177191736818187 
0.009334470655291924 
0.002070234695267546 
0.003216637056819385 
0.00214770112940909 
0.004323842370928145 
0.004476012403352056 
0.001890003108661614 
0.001053468168752357 
0.001779622927778535 
0.001399276516273425 
0.005223090668392921 
0.004748979010152512 
0.005234037153938804 
0.005382885759918578 
0.006403355882566931 
0.004872580336159811 
0.005519776216494272 
0.005691976180302875 
0.006339111139585005 
0.003939200119657223 
0.004265197245564641 
0.001223035245304621 
0.000459970832088995 
0.001614422849901218 
0.00209072932981002 
0.001690619777817865 
0.001038793046162325 
0.003039495729995382 
0.004938335017736941 
0.004740420456311773 
0.006081496715955118 
0.001744329517377897 
0.001024935877625389 
0.001132458547497563 
0.0005318560695300493 
0.005610142004549564 
0.003607977912926085 
0.008623004684083667 
0.007729688907382582 
0.005283349349951235 
0.002682453920066817 
0.002207947164369041 
0.006198456737665219 
0.002718919007849772 
0.002003444161285087 
0.0008795189448801313 
0.001323694989839799 
0.000882922845488649 
0.004596976616109998 
0.003002939391682659 
0.002924652999549875 
0.005773939422110938 
0.005487058004205109 
0.004624687387623865 
0.008091961183966583 
0.005489797362893564 
0.003327168147523184 
0.00561778708593257 
0.005414831504983124 
0.003893659821702802 
0.002626600976742374 
0.005904655946974141 
0.002403171785078203 
0.004807732991694977 
0.004557659984489271 
0.004585946414721423 
0.002272735413527065 
0.001892072228837117 
0.00447298250272255 
0.001952378693028136 
0.002582999977710691 
0.003819375721398272 
0.003976462851851493 
0.001633805486053257 
0.001125454600186278 
0.0008160733722082798 
0.005382117511963075 
0.003174743208016176 
0.005379966704068019 
0.005138825955433827 
0.006268000505699309 
0.003594882078751058 
0.003298724655991101 
0.002528985233405324 
0.00316823881853181 
0.002447446676078064 
0.001442832884056955 
0.002253674200170444 
0.003562118492387669 
0.003307298986287659 
0.005833754226828337 
0.00275402746868052 
0.003908521307027431 
0.002439873077513333 
0.005086669909854384 
0.003166011393817471 
0.00362664257662961 
0.003324591794844601 
0.00376059526505301 
0.004033548112844359 
0.003943523930928715 
0.003192747627139412 
0.004565272215743792 
0.00278824310393679 
0.005347564592713252 
0.004400754887686766 
0.003564737542305773 
0.003952235958902877 
0.002000324053014962 
0.004889686084593202 
0.004767811267365482 
0.002737814142454715 
0.004112249172298924 
0.005590210834411545 
0.005864460397974627 
0.003177875610411826 
0.003324354591815626 
0.003923798944581934 
0.00396513985826769 
0.005298597732825143 
0.002714611907296858 
0.005497115622667593 
0.0002418598621934629 
0.009187035883141173 
0.0003460410822196541 
0.000242381146688441 
0.001356143070366451 
0.0008623190647146674 
0.0004726673552730028 
0.0002790405985606051 
0.001955450352170829 
0.003953723125250723 
0.001458256314741524 
0.002104577034408188 
0.004659078917179448 
0.004233324876210607 
0.006242051188836206 
0.004414246814180156 
0.00316967942592884 
0.002093607801290909 
0.003301642945434241 
</DataArray>
<DataArray type="Float64" Name="Eta_mix" NumberOfComponents="1" format="ascii">
0.8561289391288149 
1.695803983049477 
2.926890412536622 
3.953661162877803 
4.060390477687687 
1.002220556755074 
2.637136341928463 
3.951534815197797 
4.408350802497605 
4.127132008679256 
0.9698810785977059 
2.529689966297953 
3.594539742235686 
3.669176698183983 
3.151003944395803 
0.4785435992615164 
1.534358632665325 
2.229658204248667 
2.196107612290931 
1.807946111535404 
0.9695120784412361 
2.526759960607437 
3.586473255855021 
3.654349239795661 
3.131306212802864 
1.002893508387668 
2.638460490286802 
3.952327823428128 
4.406824266356581 
4.12073807934064 
0.7858160412684776 
1.604521768732601 
2.985277075598772 
3.852770018868363 
3.980134003385823 
3.749078490037144 
3.488893268107877 
2.477953916054974 
1.398925708964049 
2.497786323861909 
3.499997851011664 
3.804689643716898 
3.218900701035942 
2.699940674966284 
1.822405125916009 
1.052722487778398 
1.838761089452249 
2.713579770876503 
3.243117638776137 
2.603020011848315 
2.03530053006924 
1.360133653871923 
0.8624756643502807 
1.373325641771783 
2.048652442664818 
2.550111872252422 
2.050561001659631 
1.520664526024788 
1.048140670269052 
0.7618569821788479 
1.059520839236447 
1.531215427885322 
1.956815516439804 
1.622160881402375 
1.149148233684889 
0.8536438517746967 
0.7091150256186086 
0.8639013002093109 
1.158801009064538 
1.447401372244478 
1.250510146781834 
0.8976594861222262 
0.7402475906647606 
0.6777104645395152 
0.747342430785605 
0.9069965121022576 
1.081078782898972 
0.9432345415535536 
0.7442702636815518 
0.6762409453562676 
0.654675662337118 
0.6782353623689731 
0.7454449930173667 
0.8367120753980271 
0.7510488022880514 
0.6479764099509329 
0.6361815030589304 
0.6351472874147259 
0.6360970466772976 
0.6471480167854868 
0.6857729415472357 
0.6344880683143141 
0.5852995192382061 
0.6079684507412302 
0.6176929070236967 
0.6087509169094764 
0.5897484232437709 
0.6021538783867757 
0.5862005867815305 
0.5531031916384332 
0.5883080790715629 
0.6018743270982779 
0.5893402953742017 
0.5567937640420588 
0.5605877183694136 
0.5568668635093669 
0.5379912143232569 
0.5744137999505612 
0.587653104456822 
0.5744768366502858 
0.539437811430453 
0.5452907625303337 
0.5191148509461453 
0.5319733563405095 
0.5639288377907397 
0.5750957647095238 
0.5624787299831067 
0.5292702766949091 
0.5136900495043848 
0.4760148866145419 
0.529297945726379 
0.555061956756544 
0.5642021424424116 
0.5525496900294196 
0.5215293400073766 
0.4942116612463281 
0.4804923235397052 
0.5239061226313235 
0.5469362001032529 
0.5549940511598902 
0.544563935242907 
0.5160542345158453 
0.5002207627837664 
0.5418424601292544 
0.5170073440966707 
0.5398855038326869 
0.547723333678465 
0.5394801450521296 
0.5142612195297839 
0.4798171383265895 
0.6170144475124688 
0.5179057766946759 
0.5374732984142171 
0.5447230266057776 
0.5402869753924761 
0.5209473039238287 
0.498076269105353 
0.6611617447311177 
0.5385031005841311 
0.5493449307037092 
0.5539363091505239 
0.5564006417283152 
0.5481413294833085 
0.555780972495751 
0.6801445987446878 
0.5952465115698291 
0.5917332565107737 
0.59044562260411 
0.6019806848570338 
0.6292123638326688 
0.7035671238057475 
0.9581397763255036 
0.7083827684675343 
0.6766713763913544 
0.6705941850291465 
0.6820357447420338 
0.7373102416814435 
1.056238615372285 
1.244809442014473 
0.7388547731252635 
0.7081857800010269 
0.699158893408438 
0.7053713649312111 
0.7310898771146986 
1.427933225724279 
0.6577546497252155 
0.6783830596326325 
0.3243640270856166 
0.3318955779217321 
0.5053382986145364 
0.4240784921927352 
0.4067246213998735 
0.6428315126300385 
0.7096384862187619 
0.4261039770263892 
0.6808488039634543 
0.82084201943491 
0.4233360912192765 
0.6827285196095867 
0.8376753641490771 
0.4120341966189965 
0.6647420789757721 
0.809648309767696 
0.3941122608037977 
0.6358963719153452 
0.7671438046076905 
0.3670186984837425 
0.5955982259115683 
0.7143083145918068 
0.3365175711015105 
0.5512939210165302 
0.6634527499356406 
0.3047760473955375 
0.5046867140096227 
0.6073225529460258 
0.2727438483291776 
0.4578704870358807 
0.5523502129583 
0.2418600538673197 
0.4114578026651335 
0.4961997364930624 
0.2129674121969188 
0.3669443668198593 
0.4515285676228317 
0.1862697754290107 
0.3247926177118625 
0.3920410160948562 
0.160681172829763 
0.284305541207125 
0.348645001324332 
0.1364963758639468 
0.2458301634565251 
0.3068128651084893 
0.1129222297497944 
0.2073863622866515 
0.2711248142926015 
0.09170781866082983 
0.1720770421161221 
0.2307810071665216 
0.07324988362441592 
0.1409236248526449 
0.1925819921759324 
0.05724875459233561 
0.1125387894197106 
0.1437383232068472 
0.04320661181120242 
0.08629565963410417 
0.1099095003784367 
0.03090283986212107 
0.06151463636347513 
0.08111795496814268 
0.02202638228924641 
0.04065415508908683 
0.05983020718770379 
0.01488546355294094 
0.024754503333212 
0.03970790187362589 
0.01089357446715291 
0.01303080320875969 
0.03034426992410591 
0.381459795841016 
0.6779472823712569 
0.6566642658872701 
0.5170035180238939 
0.5083098436650193 
0.3344225846216146 
0.7436761341840747 
0.6402868148861834 
0.4064005730303321 
0.8372924551251058 
0.6777209424849018 
0.4253319779473511 
0.8578087277621864 
0.68225839618252 
0.4226366476632988 
0.8240867505161158 
0.6647938024332474 
0.411361998218113 
0.7756569232329157 
0.6337302191746373 
0.3926847892682185 
0.7123403325136397 
0.5898835281170288 
0.3640532864306558 
0.6461086380858502 
0.5434888511953302 
0.3326764368891597 
0.5907857916742456 
0.4980955788552313 
0.3010273065327472 
0.5482872138493917 
0.4539923127322505 
0.2701561349257638 
0.4973910389811158 
0.4100818155639435 
0.2404313307981296 
0.4366760617478819 
0.3677946552952459 
0.2125550895492192 
0.3901788646679535 
0.3264546609682483 
0.1868593153198328 
0.349093358951582 
0.2863159260516493 
0.1619430478722281 
0.3275251973288164 
0.2491191734794099 
0.1385414994155798 
0.2972017372744918 
0.2134035816213241 
0.1151554051017867 
0.2430040125234182 
0.1769541313479016 
0.09437777141258696 
0.1870621547656715 
0.1411319026243256 
0.07412083932936427 
0.1414777331489017 
0.1092216164885142 
0.05633272943840033 
0.1110929204024989 
0.08498769102837972 
0.04252784043498438 
0.08350306618543737 
0.061827975852722 
0.03078757708063888 
0.05941379458863263 
0.04070701772276433 
0.02194160809458866 
0.04118285332612812 
0.02495377490730791 
0.01493268491754579 
0.02755275168422162 
0.01372315356049779 
0.01103689190733621 
0.01079999954640001 
0.1813530281555792 
0.2046390700230393 
0.2119767359695424 
0.2169664843054387 
0.2152384769442964 
0.2107900829001282 
0.1915622120170445 
0.17074986395082 
0.150617023961087 
0.1321634923843446 
0.1158373789487126 
0.1014793312143545 
0.08899870395083639 
0.07464443626927518 
0.06025111092819967 
0.04875803645159865 
0.03835324732174109 
0.02935507450210677 
0.02190190452660577 
0.01642673887728296 
0.01313101665089448 
0.01167316143378115 
0.01109560106221272 
0.01083826611595985 
2.59291465224385 
3.384065550040466 
1.233454203284625 
0.6385637209749517 
1.830407446762294 
1.286961689508303 
0.8607303563920498 
0.8264983576836927 
0.9789461778498201 
0.4191243036742649 
0.4369626552372016 
0.6341077152929715 
2.460366469252512 
0.7882097682795239 
2.642001908262901 
1.307498856640075 
1.850897075380268 
2.252176819489008 
3.205680010486468 
3.4067471847386 
5.289973694805505 
3.617159750932997 
0.9458551934476128 
1.028169600071146 
1.201743482812028 
1.773120570099596 
1.458105948389926 
0.5578365887227726 
0.5031633005940387 
2.546495733868554 
1.983793130475901 
3.510407051806209 
0.2387599471005235 
0.1463565148266415 
0.2287418414716826 
0.3862547286053278 
0.6002115134805539 
1.58848901839558 
1.522064755219777 
1.940580740581501 
0.7964709705250648 
0.5525505704213375 
0.7476697797711501 
0.871240907030446 
0.8351556217514383 
0.7869173312979341 
0.714324716227383 
0.6730771274726829 
0.5965664191922524 
0.5526653111205094 
0.5089273593771162 
0.4190491684859142 
0.3958011789759154 
0.331950240728555 
0.2753941940058154 
0.2446313712912223 
0.1725425684676367 
0.1683357264575327 
0.2308182440014948 
3.595735381637317 
2.543192939157411 
3.510201712141606 
1.615942812855533 
1.275141870776264 
0.6260015179939311 
0.5477535854772992 
2.008785304048211 
3.014907495773114 
0.8808153273125444 
0.6080394535553458 
0.5394227577520666 
0.6250755624585437 
0.2265855609078044 
0.4784026140865467 
0.4440457212903828 
0.5833676254481066 
0.66137618249089 
0.6458302854075854 
0.7412448593902121 
0.7346944244170664 
0.6726314774879639 
0.6348763669673638 
0.1671514246226134 
0.158714930747946 
0.2122383117986121 
0.1978922921614153 
0.1294523378817264 
0.9509758174505323 
0.7983500909313485 
2.87047983026403 
2.930240126456854 
2.999154005376474 
2.702814087434875 
3.105256875602988 
3.018129452846779 
0.7623086352254914 
1.864511706085094 
0.7392301240355822 
1.033952372865357 
2.751034281151307 
0.8308086049448183 
1.210955443479889 
2.086172691978502 
1.478065029261122 
0.7876812851713243 
2.443032704469806 
0.8365860182190553 
0.4091325963506977 
0.117610704838938 
0.2236181833769212 
0.2364597539903308 
0.5840202681833396 
0.5129775287552506 
0.7009184226443865 
0.5585818769248798 
0.4322064451119089 
0.3859705191731808 
0.5588895308505333 
0.5351902344471917 
0.6096779399277182 
0.5543817820603465 
0.5462506505000674 
0.5768039847636224 
0.2652916326041942 
0.406068159758345 
0.2837756220638716 
0.2914577220760871 
0.5973167060628208 
0.8892521970319501 
0.7467255118350973 
0.8232921682772586 
2.532392125827132 
2.43163618615874 
0.9048750874595916 
0.9168600523920162 
0.9093030450535903 
2.475115684518372 
0.8135195369757513 
2.540772813863651 
2.565745091638759 
1.275839048156039 
1.588392635769774 
0.5761812916984302 
0.7708995883663804 
1.777596030275366 
2.13892221228447 
0.120014728373 
0.9304517689169485 
0.3660418726783174 
1.7905511039011 
0.4532876752204444 
2.650138512061782 
2.347435240153389 
0.6062141760052798 
0.6618022241178467 
0.5665666442120539 
0.6670887570808124 
0.4387032066861615 
0.9369060711820162 
0.5321460976109347 
0.4850742765033596 
0.3586761121535749 
0.4457078318476346 
0.24049909655643 
2.437291194613462 
0.6667843910398099 
2.594497288365536 
2.247788657856771 
2.451778752967201 
1.046838837101082 
1.260991148049466 
1.434884595433937 
0.8928274130242317 
2.077602807964835 
1.825012998774244 
0.9012241919950182 
2.268750654955582 
2.55344933161965 
1.370227736745416 
0.8236986857780154 
0.3939653126871109 
0.4228494959157464 
0.5287887420001517 
0.5291521875523508 
0.4759133548828269 
3.124839667624771 
1.977274314329608 
0.6764736902296473 
0.9852068804185485 
0.7139149935327413 
0.426783826173987 
0.4928344615220896 
2.874523044077101 
2.339925080611121 
1.829561356072976 
2.298294567978757 
2.431171906930614 
0.6313215784888264 
1.097219739204303 
1.199237577651617 
0.5119378047795955 
0.2233629746855969 
2.386245020437038 
3.000695145760992 
0.2884749807587841 
0.3967258325040337 
3.69875068827203 
1.59545707375155 
2.430714738179154 
0.3982134694470806 
1.265448764797222 
0.3592664355633712 
1.229419966776577 
0.387875037523036 
1.965422570483184 
1.761922777192258 
2.489823893765679 
1.403985747667155 
0.4025995439735207 
0.3306283020729532 
0.3058182875306059 
1.222170708795402 
1.388293759083919 
1.171294747072685 
2.551068716330223 
1.095580603788506 
0.5907220162436058 
2.140465031593611 
2.33109234946187 
1.170267964072236 
0.8764775829469637 
0.9212967409223329 
5.189554119095127 
1.176960225890185 
1.390031807044089 
1.628107065481836 
0.8796739209157054 
0.5708991872927475 
3.281788443102138 
1.597223591237894 
0.4533427598023905 
1.415270934665133 
0.6717084235367625 
0.9189064933982295 
1.326640783772513 
1.154773448760213 
1.399967515358197 
0.6333494093733314 
0.5177941060707089 
0.9330248609716952 
1.010836082106464 
1.445266084918641 
1.381848822475696 
1.959953233646914 
3.289706082704119 
3.158968581264778 
3.134428703082008 
3.324339488297703 
1.283238164079889 
0.738371702156127 
1.886862665513232 
1.409991936342227 
1.408105445063099 
0.8534230268821499 
1.402823366030193 
0.9012749453081365 
0.5422360400644209 
0.585917043257977 
0.3909136544599665 
1.659757358213492 
1.909749467150876 
5.675850547130093 
2.782091326934816 
0.8015229239334156 
0.7483563910817366 
0.4512410035511353 
2.036272372435039 
0.6270624850992215 
1.516666029484309 
2.190557536816646 
1.877842336815673 
1.889876134333564 
7.121035960179726 
4.857163592745216 
1.444725940445982 
0.9041855576770946 
2.14669767435947 
1.753521604226556 
4.880224220514544 
0.3488651377624443 
0.4724969980992665 
0.8376347130675402 
0.9965714310075473 
0.6192195505063146 
0.6427503421932987 
0.5299906521559958 
0.5466489154656494 
1.019268646495328 
1.462474220888432 
1.565485639837999 
0.4208029686138592 
2.565151511869909 
5.054484868658801 
0.9162595931047052 
1.847882452338929 
2.562591978142515 
2.175678972761322 
5.553365756710994 
0.8074017150148557 
1.483113327948344 
2.684041714511272 
0.5224276570393522 
3.300259346090823 
0.8077200460614606 
1.085118842222863 
0.9132486103507618 
1.161582868551023 
2.458994469335913 
3.498508764483602 
0.4826689659658914 
1.907992101363314 
1.824967139460602 
3.114948684854251 
0.4812103588453592 
3.47108964427541 
1.256607873196534 
2.076168974131117 
1.670903906629098 
1.973147828245771 
1.082201296835276 
0.5931226501460122 
0.4067199427195418 
3.800836239372823 
3.770682195445483 
2.658317552107119 
6.882912431958667 
1.890989014117956 
1.176703135367071 
3.192087158225619 
3.658202387984013 
0.9175325388098832 
2.299143480080577 
1.003244993648141 
4.790915427706076 
3.629177897715524 
4.77283098290306 
4.678356765815242 
1.625716460153793 
2.652971831484402 
2.109626882536965 
6.657689654932337 
1.982126027531524 
2.835174947318916 
5.672519637455172 
3.549574177575756 
1.66738370869366 
5.934078240999093 
6.970801287164266 
1.823590043477556 
1.407938485718474 
4.811104548295201 
1.915727972236035 
3.232523193696502 
3.992587493388515 
0.8171390734021414 
0.7796597851251779 
1.582525741433098 
0.5447384091974128 
0.2790957288901592 
0.728140660372314 
1.642964420075817 
1.39639407518912 
1.06806893876056 
0.8272286056253454 
2.437883344748907 
1.000382354438458 
2.459521342845655 
2.372123806119572 
2.859241301148656 
2.145792053405441 
1.224401675379215 
0.3882642184921665 
2.1505880822642 
2.421265842478136 
2.076690858672087 
0.8656073149308379 
2.71159669322373 
0.7947871587950931 
3.387794937745332 
0.1741924504510392 
0.3058359867280177 
0.1348544058019549 
0.1649466449839179 
0.158094326070381 
0.148726904651261 
0.173017796838995 
0.395893346109834 
0.4431634475478686 
0.3682085935877054 
0.4114350211733855 
0.1688632086695297 
0.5267210018228743 
0.5834864720247189 
0.6323515529233884 
0.6938209645778615 
0.8680091983872974 
0.9748138189417651 
1.006722735884705 
1.780610944259185 
0.8504381024077919 
1.401722375823206 
1.377436445747217 
0.3417738240704455 
0.5218149740974 
0.1921511167540935 
4.805371854630649 
2.443141676559297 
2.663352615815232 
1.367380481996233 
2.403119705302394 
3.778927919976976 
1.685556422757937 
0.7920154838000901 
0.5133410967725927 
0.3992822589496987 
0.3289215820865682 
1.273891229907533 
3.196298680314565 
0.4855401583174241 
0.5275064861253197 
0.5222708906035514 
0.4043434105526523 
4.539543086351682 
5.669511333606849 
3.792428231104122 
2.967223863104814 
1.86378877684137 
1.456942298412435 
0.9526474903203014 
0.8441677993963479 
0.649985562133328 
0.5012572329168672 
0.4989673396818439 
0.5656299661043969 
0.8702764928600217 
1.770202933778468 
0.7653359574213484 
1.044209567962106 
3.651162484923423 
2.780033845687112 
0.875727092009011 
0.980341437834044 
1.847197853158339 
2.399739391896431 
3.376101216415873 
3.50396266615245 
0.4621746136951493 
0.4215774558103219 
0.4863862844073368 
0.5794992055285668 
0.7662086498797974 
0.8906243457948941 
0.9633802043332308 
3.156713915349007 
0.7408446020844002 
0.5944069167999759 
0.8990061473855248 
0.9072412593354342 
0.1407047192888309 
0.4143337361168748 
0.3609367919013124 
0.4203243292500354 
0.3724738677807747 
0.1723152682953153 
0.1105028294380761 
1.147216836482141 
0.9022788266294175 
0.6379844762370271 
0.8089586000015735 
0.5319729296946694 
1.756005169509681 
2.246156056155555 
2.682454554462439 
1.789504074994551 
3.525819628400873 
3.15073326492015 
0.8432519516393963 
1.66933859269337 
0.3641191424133013 
0.4751330545950778 
0.4814772207669814 
1.007019055398357 
1.83492785830769 
1.314674355667872 
0.8713184530526616 
1.013032802325479 
2.664891509224351 
2.102761882438932 
3.094678471978273 
0.252597820102322 
0.1954016992886832 
0.4530644316501737 
0.4493982450199176 
0.3179296068898765 
0.8885691303512862 
0.6118401434472868 
0.8282140379448895 
0.8115905813026476 
0.8514947173552989 
0.4594139508674096 
1.738916930608851 
0.3869396292252922 
0.432125545382263 
0.4233825368851609 
0.1635989103148433 
0.5832341920003049 
1.538922644654946 
0.4744774951390817 
0.771339146079005 
0.8775216053237961 
1.15034499985723 
2.346567300354704 
1.048573800932276 
2.221897646934741 
3.019797708219456 
0.8635820279301692 
0.659104756192711 
2.101909112926415 
3.106278738642346 
1.246273101173864 
0.9562145009682966 
0.8003619467103816 
0.5247081227076039 
3.053923856545941 
0.1466291212127377 
0.4392265473993177 
2.627833806848708 
1.239483444494243 
0.7451357658732913 
0.8712887928523633 
2.697575634067177 
2.536720718347742 
0.5498818317073525 
0.3067770896893744 
0.3071530732571816 
0.7349520401229462 
0.9391507807507262 
0.8449166478672951 
1.070805338188044 
0.8060835345558236 
0.5986869684736091 
0.8680627434168529 
0.3904770139411963 
0.3167605182113398 
0.1558896785833704 
2.880265211167528 
0.86919784388817 
1.933301235871423 
2.826045894634587 
1.630975149484235 
1.262898108997413 
1.660401715767033 
1.032561543437159 
1.395764939560141 
0.5816438693234921 
1.109125387911488 
0.6680187501813266 
1.109871431619309 
0.3933049225222127 
2.828157267652465 
0.374631597204885 
0.3209579788503136 
0.131362109677066 
0.9269930776288032 
0.2143463904587365 
3.916131533339894 
2.645155744413203 
0.5532390750780215 
2.246628255481196 
1.576767320531318 
1.01620702678865 
0.2397736139840237 
0.3439686600935081 
0.8963722158554059 
1.019471199126748 
0.5754132244056271 
3.199164325544353 
3.319911444046471 
1.079013347408611 
1.786272505459438 
1.886521773347637 
0.5727756744885597 
0.3007149080586388 
0.3053162184934369 
0.7306605139662391 
1.16313694939915 
0.8039907072093756 
0.7596779192640229 
1.062284808647919 
1.447927497400404 
0.2434246080140031 
0.6077240495323547 
0.5425407015734979 
1.938772278659886 
0.2791069903085718 
0.2619131618877033 
1.507902073449088 
0.3748759755744639 
0.203291997575815 
0.8254762879458033 
1.29629862898505 
2.435726047715508 
2.936647804182078 
0.8227548387182975 
0.5074152159035814 
0.7614770619401636 
1.599270311788517 
2.260867090883681 
2.156435070139998 
4.593575303911799 
1.735466874601014 
0.5302148820274946 
0.2778470682004483 
0.3982720447192131 
0.2631713022015807 
1.089120621396891 
0.6327407785737689 
2.008804936974409 
2.241896558976569 
1.17204655359418 
0.4540124154844332 
5.662895149585457 
1.667349451283231 
1.072958518480662 
2.756370365842259 
3.885760295449306 
0.2263615434342404 
0.2818096878163983 
1.13422912010171 
1.241210866211861 
0.8227080653810391 
5.87308798564692 
2.062474993737421 
0.7321864890401779 
0.4311970832639235 
0.8719160961270546 
0.4210983874492088 
2.973506861965246 
0.6725176818322036 
1.550654268210306 
4.920615611899248 
3.437392861743052 
1.966588925166622 
0.1560934602504736 
4.057218165949765 
3.483754565358698 
1.152535745318804 
1.57987698372182 
1.621758997322733 
0.8195867842838565 
0.4011190785181072 
0.4316613249011574 
0.602049387307329 
0.5752792536066275 
1.218760309993043 
0.4949724640401633 
0.5638616026594894 
0.6463145977690942 
0.9456608487943867 
1.318699732257376 
4.934815190318606 
1.582494923431103 
0.8945212154721266 
0.9700223934402956 
5.068357184385656 
3.110991543535875 
0.1624395527461291 
0.3825989825937295 
2.008164658988925 
6.500469122013362 
1.009117795882772 
3.240450545052871 
0.3930415188248542 
1.855597757575457 
1.953711984515968 
5.653414999025938 
3.620974549494313 
0.3746520071936584 
3.468859854546368 
5.311110337927262 
4.577664151638894 
0.3533066331912977 
0.4543033955100121 
0.8110676647597279 
5.96741194512929 
2.170159035611045 
6.723570462478212 
0.2746022743138308 
5.625104656678479 
1.635512764953469 
0.5000592882518183 
0.9588838549863589 
2.931364573838105 
1.879801134750625 
2.984055738578082 
7.015019845394378 
1.808566114538863 
5.048989281238125 
4.612515229373278 
0.3273308323162366 
0.4204186454563571 
1.015589001847401 
1.619344510584657 
6.553263418237774 
0.3388379075965161 
4.589331507896622 
4.8650488208009 
4.6903144056615 
6.134102839590718 
3.377902402069599 
4.461892766925817 
0.2819890178495477 
0.9215626619682855 
1.643609569382767 
0.2334175994457353 
8.41891838905811 
1.357068261804325 
4.466847279960906 
6.175008642430194 
0.4124434623883779 
4.945135988933965 
6.387851341498437 
2.179606041711302 
7.512332027484262 
2.579220687754778 
5.202853546239243 
2.628060123202928 
1.580652082213799 
6.960187790981429 
6.562230782401508 
7.256774923903658 
1.427746679449567 
2.348827837206983 
7.272085425622461 
7.77778355259013 
4.577645139833425 
1.156030031732109 
0.1394286703352758 
0.3890718548441964 
0.3820061911333151 
0.5899911999162128 
0.405131073125316 
1.057716100637034 
1.291461888599644 
0.6450962769704297 
0.4459169280160666 
2.683406361662106 
0.1995022766543721 
2.568850038551055 
2.42279470779627 
1.000033592011602 
0.310345121780309 
0.3614320100659876 
0.3394994627970614 
3.453983032284949 
2.407335080742576 
0.4491608403438671 
</DataArray>
</CellData>
</Piece>
</UnstructuredGrid>
</VTKFile>
