<?xml version="1.0"?>
<VTKFile type="UnstructuredGrid" version="0.1" byte_order="LittleEndian">
<UnstructuredGrid>
<Piece NumberOfPoints="1157" NumberOfCells="1117">
<Points>
<DataArray type="Float64" NumberOfComponents="3" format="ascii">
0 -0.0599999987 0
0.0198084321 -0.0599999987 0
0.0396168642 -0.0599999987 0
0.0594252981 -0.0599999987 0
0.0792337283 -0.0599999987 0
0.0990421623 -0.0599999987 0
0 -0.043333333 0
0.0198084321 -0.0432380959 0
0.0396168642 -0.0431428589 0
0.0594252981 -0.0430476181 0
0.0792337283 -0.0429523811 0
0.0990421623 -0.042857144 0
0 -0.0266666673 0
0.0198084321 -0.0264761914 0
0.0396168642 -0.0262857135 0
0.0594252981 -0.0260952376 0
0.0792337283 -0.0259047616 0
0.0990421623 -0.0257142857 0
0 -0.009999999779999999 0
0.0198084321 -0.00971428584 0
0.0396168642 -0.00942857098 0
0.0594252981 -0.009142857040000001 0
0.0792337283 -0.00885714311 0
0.0990421623 -0.008571428250000001 0
0 0.009999999779999999 0
0.0198084321 0.00971428584 0
0.0396168642 0.00942857098 0
0.0594252981 0.009142857040000001 0
0.0792337283 0.00885714311 0
0.0990421623 0.008571428250000001 0
0 0.0266666673 0
0.0198084321 0.0264761914 0
0.0396168642 0.0262857135 0
0.0594252981 0.0260952376 0
0.0792337283 0.0259047616 0
0.0990421623 0.0257142857 0
0 0.043333333 0
0.0198084321 0.0432380959 0
0.0396168642 0.0431428589 0
0.0594252981 0.0430476181 0
0.0792337283 0.0429523811 0
0.0990421623 0.042857144 0
0 0.0599999987 0
0.0198084321 0.0599999987 0
0.0396168642 0.0599999987 0
0.0594252981 0.0599999987 0
0.0792337283 0.0599999987 0
0.0990421623 0.0599999987 0
0.5 0.008571428250000001 0
0.5 0.0257142857 0
0.5 0.042857144 0
0.479952097 0.0599999987 0
0.459904224 0.0599999987 0
0.439856321 0.0599999987 0
0.419808447 0.0599999987 0
0.399760544 0.0599999987 0
0.379712641 0.0599999987 0
0.359664768 0.0599999987 0
0.339616865 0.0599999987 0
0.319568962 0.0599999987 0
0.299521089 0.0599999987 0
0.279473186 0.0599999987 0
0.259425282 0.0599999987 0
0.239377409 0.0599999987 0
0.219329506 0.0599999987 0
0.199281618 0.0599999987 0
0.17923373 0.0599999987 0
0.159185842 0.0599999987 0
0.139137954 0.0599999987 0
0.11909005 0.0599999987 0
0.5 0.0599999987 0
0.439856321 -0.0599999987 0
0.5 -0.008571428250000001 0
0.5 -0.0257142857 0
0.419808418 -0.0599999987 0
0.5 -0.0599999987 0
0.17923373 -0.0599999987 0
0.299521089 -0.0599999987 0
0.5 -0.042857144 0
0.479952097 -0.0599999987 0
0.459904224 -0.0599999987 0
0.319568962 -0.0599999987 0
0.199281618 -0.0599999987 0
0.11909005 -0.0599999987 0
0.139137939 -0.0599999987 0
0.159185842 -0.0599999987 0
0.219329506 -0.0599999987 0
0.239377409 -0.0599999987 0
0.259425282 -0.0599999987 0
0.279473186 -0.0599999987 0
0.339616865 -0.0599999987 0
0.359664768 -0.0599999987 0
0.379712641 -0.0599999987 0
0.399760544 -0.0599999987 0
0.11909005 0.042857144 0
0.11909005 0.0257142857 0
0.11909005 0.008571428250000001 0
0.11909005 -0.008571428250000001 0
0.11909005 -0.0257142857 0
0.11909005 -0.042857144 0
0.139137954 0.042857144 0
0.139137939 0.0257142857 0
0.139137939 0.008571428250000001 0
0.139137939 -0.008571428250000001 0
0.139137939 -0.0257142857 0
0.139137939 -0.042857144 0
0.159185842 0.042857144 0
0.159185842 0.0257142857 0
0.159185842 0.008571428250000001 0
0.159185842 -0.008571428250000001 0
0.159185842 -0.0257142857 0
0.159185842 -0.042857144 0
0.17923373 0.042857144 0
0.17923373 0.0257142857 0
0.17923373 0.008571428250000001 0
0.17923373 -0.008571428250000001 0
0.17923373 -0.0257142857 0
0.17923373 -0.042857144 0
0.199281618 0.042857144 0
0.199281618 0.0257142857 0
0.199281618 0.008571428250000001 0
0.199281618 -0.008571428250000001 0
0.199281618 -0.0257142857 0
0.199281618 -0.042857144 0
0.219329506 0.042857144 0
0.219329506 0.0257142857 0
0.219329506 0.008571428250000001 0
0.219329506 -0.008571428250000001 0
0.219329506 -0.0257142857 0
0.219329506 -0.042857144 0
0.239377409 0.042857144 0
0.239377409 0.0257142857 0
0.239377409 0.008571428250000001 0
0.239377409 -0.008571428250000001 0
0.239377409 -0.0257142857 0
0.239377409 -0.042857144 0
0.259425282 0.042857144 0
0.259425282 0.0257142857 0
0.259425282 0.008571428250000001 0
0.259425282 -0.008571428250000001 0
0.259425282 -0.0257142857 0
0.259425282 -0.042857144 0
0.279473186 0.042857144 0
0.279473186 0.0257142857 0
0.279473186 0.008571428250000001 0
0.279473186 -0.008571428250000001 0
0.279473186 -0.0257142857 0
0.279473186 -0.042857144 0
0.299521089 0.042857144 0
0.299521089 0.0257142857 0
0.299521089 0.008571428250000001 0
0.299521089 -0.008571428250000001 0
0.299521089 -0.0257142857 0
0.299521089 -0.042857144 0
0.319568962 0.042857144 0
0.319568962 0.0257142857 0
0.319568962 0.008571428250000001 0
0.319568962 -0.008571428250000001 0
0.319568962 -0.0257142857 0
0.319568962 -0.042857144 0
0.339616865 0.042857144 0
0.339616865 0.0257142857 0
0.339616865 0.008571428250000001 0
0.339616865 -0.008571428250000001 0
0.339616865 -0.0257142857 0
0.339616865 -0.042857144 0
0.359664768 0.042857144 0
0.359664768 0.0257142857 0
0.359664768 0.008571428250000001 0
0.359664768 -0.008571428250000001 0
0.359664768 -0.0257142857 0
0.359664768 -0.042857144 0
0.379712641 0.042857144 0
0.379712641 0.0257142857 0
0.379712641 0.008571428250000001 0
0.379712641 -0.008571428250000001 0
0.379712641 -0.0257142857 0
0.379712641 -0.042857144 0
0.399760544 0.042857144 0
0.399760544 0.0257142857 0
0.399760544 0.008571428250000001 0
0.399760544 -0.008571428250000001 0
0.399760544 -0.0257142857 0
0.399760544 -0.042857144 0
0.419808418 0.042857144 0
0.419808418 0.0257142857 0
0.419808418 0.008571428250000001 0
0.419808418 -0.008571428250000001 0
0.419808418 -0.0257142857 0
0.419808418 -0.042857144 0
0.439856321 0.042857144 0
0.439856321 0.0257142857 0
0.439856321 0.008571428250000001 0
0.439856321 -0.008571428250000001 0
0.439856321 -0.0257142857 0
0.439856321 -0.042857144 0
0.459904224 0.042857144 0
0.459904224 0.0257142857 0
0.459904224 0.008571428250000001 0
0.459904224 -0.008571428250000001 0
0.459904224 -0.0257142857 0
0.459904224 -0.042857144 0
0.479952097 0.042857144 0
0.479952097 0.0257142857 0
0.479952097 0.008571428250000001 0
0.479952097 -0.008571428250000001 0
0.479952097 -0.0257142857 0
0.479952097 -0.042857144 0
-0.400000006 0.009999999779999999 0
-0.379999995 0.009999999779999999 0
-0.360000014 0.009999999779999999 0
-0.340000004 0.009999999779999999 0
-0.319999993 0.009999999779999999 0
-0.300000012 0.009999999779999999 0
-0.280000001 0.009999999779999999 0
-0.25999999 0.009999999779999999 0
-0.239999995 0.009999999779999999 0
-0.219999999 0.009999999779999999 0
-0.200000003 0.009999999779999999 0
-0.180000007 0.009999999779999999 0
-0.159999996 0.009999999779999999 0
-0.140000001 0.009999999779999999 0
-0.119999997 0.009999999779999999 0
-0.100000001 0.009999999779999999 0
-0.07999999820000001 0.009999999779999999 0
-0.0599999987 0.009999999779999999 0
-0.0399999991 0.009999999779999999 0
-0.0199999996 0.009999999779999999 0
-0.0199999996 -0.009999999779999999 0
-0.0399999991 -0.009999999779999999 0
-0.0599999987 -0.009999999779999999 0
-0.07999999820000001 -0.009999999779999999 0
-0.100000001 -0.009999999779999999 0
-0.119999997 -0.009999999779999999 0
-0.140000001 -0.009999999779999999 0
-0.159999996 -0.009999999779999999 0
-0.180000007 -0.009999999779999999 0
-0.200000003 -0.009999999779999999 0
-0.219999999 -0.009999999779999999 0
-0.239999995 -0.009999999779999999 0
-0.25999999 -0.009999999779999999 0
-0.280000001 -0.009999999779999999 0
-0.300000012 -0.009999999779999999 0
-0.319999993 -0.009999999779999999 0
-0.340000004 -0.009999999779999999 0
-0.360000014 -0.009999999779999999 0
-0.379999995 -0.009999999779999999 0
-0.400000006 -0.009999999779999999 0
-0.419999987 -0.009999999779999999 0
-0.439999998 -0.009999999779999999 0
-0.460000008 -0.009999999779999999 0
-0.479999989 -0.009999999779999999 0
-0.5 -0.0266666673 0
-0.5 -0.043333333 0
-0.479999989 -0.0599999987 0
-0.460000008 -0.0599999987 0
-0.439999998 -0.0599999987 0
-0.419999987 -0.0599999987 0
-0.400000006 -0.0599999987 0
-0.379999995 -0.0599999987 0
-0.360000014 -0.0599999987 0
-0.340000004 -0.0599999987 0
-0.319999993 -0.0599999987 0
-0.300000012 -0.0599999987 0
-0.280000001 -0.0599999987 0
-0.25999999 -0.0599999987 0
-0.239999995 -0.0599999987 0
-0.219999999 -0.0599999987 0
-0.200000003 -0.0599999987 0
-0.180000007 -0.0599999987 0
-0.159999996 -0.0599999987 0
-0.140000001 -0.0599999987 0
-0.119999997 -0.0599999987 0
-0.100000001 -0.0599999987 0
-0.07999999820000001 -0.0599999987 0
-0.0599999987 -0.0599999987 0
-0.0399999991 -0.0599999987 0
-0.0199999996 -0.0599999987 0
-0.100000001 0.0599999987 0
-0.5 0.0599999987 0
-0.5 0.009999999779999999 0
-0.5 -0.009999999779999999 0
-0.140000001 0.0599999987 0
-0.0199999996 0.0599999987 0
-0.400000006 0.0599999987 0
-0.5 -0.0599999987 0
-0.200000003 0.0599999987 0
-0.25999999 0.0599999987 0
-0.340000004 0.0599999987 0
-0.119999997 0.0599999987 0
-0.379999995 0.0599999987 0
-0.360000014 0.0599999987 0
-0.0399999991 0.0599999987 0
-0.280000001 0.0599999987 0
-0.219999999 0.0599999987 0
-0.239999995 0.0599999987 0
-0.0599999987 0.0599999987 0
-0.180000007 0.0599999987 0
-0.300000012 0.0599999987 0
-0.319999993 0.0599999987 0
-0.07999999820000001 0.0599999987 0
-0.159999996 0.0599999987 0
-0.419999987 0.0599999987 0
-0.439999998 0.0599999987 0
-0.460000008 0.0599999987 0
-0.479999989 0.0599999987 0
-0.5 0.043333333 0
-0.5 0.0266666673 0
-0.479999989 0.009999999779999999 0
-0.460000008 0.009999999779999999 0
-0.439999998 0.009999999779999999 0
-0.419999987 0.009999999779999999 0
-0.0199999996 0.0266666673 0
-0.0199999996 0.043333333 0
-0.0399999991 0.0266666673 0
-0.0399999991 0.043333333 0
-0.0599999987 0.0266666673 0
-0.0599999987 0.043333333 0
-0.07999999820000001 0.0266666673 0
-0.07999999820000001 0.043333333 0
-0.100000001 0.0266666673 0
-0.100000001 0.043333333 0
-0.119999997 0.0266666673 0
-0.119999997 0.043333333 0
-0.140000001 0.0266666673 0
-0.140000001 0.043333333 0
-0.159999996 0.0266666673 0
-0.159999996 0.043333333 0
-0.180000007 0.0266666673 0
-0.180000007 0.043333333 0
-0.200000003 0.0266666673 0
-0.200000003 0.043333333 0
-0.219999999 0.0266666673 0
-0.219999999 0.043333333 0
-0.239999995 0.0266666673 0
-0.239999995 0.043333333 0
-0.25999999 0.0266666673 0
-0.25999999 0.043333333 0
-0.280000001 0.0266666673 0
-0.280000001 0.043333333 0
-0.300000012 0.0266666673 0
-0.300000012 0.043333333 0
-0.319999993 0.0266666673 0
-0.319999993 0.043333333 0
-0.340000004 0.0266666673 0
-0.340000004 0.043333333 0
-0.360000014 0.0266666673 0
-0.360000014 0.043333333 0
-0.379999995 0.0266666673 0
-0.379999995 0.043333333 0
-0.400000006 0.0266666673 0
-0.400000006 0.043333333 0
-0.419999987 0.0266666673 0
-0.419999987 0.043333333 0
-0.439999998 0.0266666673 0
-0.439999998 0.043333333 0
-0.460000008 0.0266666673 0
-0.460000008 0.043333333 0
-0.479999989 0.0266666673 0
-0.479999989 0.043333333 0
-0.0199999996 -0.043333333 0
-0.0199999996 -0.0266666673 0
-0.0399999991 -0.043333333 0
-0.0399999991 -0.0266666673 0
-0.0599999987 -0.043333333 0
-0.0599999987 -0.0266666673 0
-0.07999999820000001 -0.043333333 0
-0.07999999820000001 -0.0266666673 0
-0.100000001 -0.043333333 0
-0.100000001 -0.0266666673 0
-0.119999997 -0.043333333 0
-0.119999997 -0.0266666673 0
-0.140000001 -0.043333333 0
-0.140000001 -0.0266666673 0
-0.159999996 -0.043333333 0
-0.159999996 -0.0266666673 0
-0.180000007 -0.043333333 0
-0.180000007 -0.0266666673 0
-0.200000003 -0.043333333 0
-0.200000003 -0.0266666673 0
-0.219999999 -0.043333333 0
-0.219999999 -0.0266666673 0
-0.239999995 -0.043333333 0
-0.239999995 -0.0266666673 0
-0.25999999 -0.043333333 0
-0.25999999 -0.0266666673 0
-0.280000001 -0.043333333 0
-0.280000001 -0.0266666673 0
-0.300000012 -0.043333333 0
-0.300000012 -0.0266666673 0
-0.319999993 -0.043333333 0
-0.319999993 -0.0266666673 0
-0.340000004 -0.043333333 0
-0.340000004 -0.0266666673 0
-0.360000014 -0.043333333 0
-0.360000014 -0.0266666673 0
-0.379999995 -0.043333333 0
-0.379999995 -0.0266666673 0
-0.400000006 -0.043333333 0
-0.400000006 -0.0266666673 0
-0.419999987 -0.043333333 0
-0.419999987 -0.0266666673 0
-0.439999998 -0.043333333 0
-0.439999998 -0.0266666673 0
-0.460000008 -0.043333333 0
-0.460000008 -0.0266666673 0
-0.479999989 -0.043333333 0
-0.479999989 -0.0266666673 0
0.5 0.280000001 0
0.5 0.324000001 0
0.5 0.368000001 0
0.5 0.412 0
0.5 0.456 0
0.423076928 0.5 0
0.346153855 0.5 0
0.269230783 0.5 0
0.192307696 0.5 0
0.115384616 0.5 0
0.0384615399 0.5 0
-0.0384615399 0.5 0
-0.115384616 0.5 0
-0.192307696 0.5 0
-0.269230783 0.5 0
-0.346153855 0.5 0
-0.423076928 0.5 0
-0.5 0.451111108 0
-0.5 0.402222216 0
-0.5 0.353333324 0
-0.5 0.304444432 0
-0.5 0.25555557 0
-0.5 0.206666663 0
-0.5 0.157777771 0
-0.5 0.108888887 0
-0.5 0.5 0
0.5 0.104000002 0
0.5 0.5 0
0.5 0.148000002 0
0.5 0.192000002 0
0.5 0.236000001 0
0.0609144196 0.0817342326 0
0.0213773996 0.0810065791 0
0.00164963992 0.0806389153 0
0.0410537161 0.08140170569999999 0
0.0807928815 0.0816697404 0
-0.11636588 0.08086209 0
-0.155379474 0.08188256620000001 0
-0.195952147 0.0835963339 0
-0.216464236 0.0839877948 0
-0.236886531 0.08373397589999999 0
-0.25717181 0.0831861421 0
-0.0375812575 0.08077736200000001 0
-0.0571756735 0.0809583366 0
-0.07703223820000001 0.08103158320000001 0
-0.018060958 0.0806019977 0
-0.0969315991 0.0810548067 0
-0.135710105 0.0813468769 0
-0.17564556 0.0829808787 0
-0.277441889 0.0833770484 0
-0.297976643 0.0844593644 0
-0.337742865 0.0814660415 0
-0.357280463 0.08131340149999999 0
-0.395812064 0.0801450759 0
-0.431601644 0.0846370831 0
-0.449032396 0.0927124023 0
0.241154492 0.0802461654 0
0.201377258 0.0838236138 0
0.180563569 0.0829863772 0
0.160152987 0.0818641707 0
0.13998118 0.0809370205 0
0.100271612 0.0811994374 0
0.119869255 0.08062074330000001 0
0.373670965 0.07992801820000001 0
0.324530095 0.0833030716 0
0.281531155 0.08239974830000001 0
0.260980189 0.0810246468 0
0.22172907 0.0833596513 0
0.0419940539 0.10293632 0
0.0224408731 0.101743817 0
0.00314544118 0.100968696 0
0.0619302429 0.10367021 0
-0.0159631986 0.101458415 0
0.08237209920000001 0.103876717 0
-0.318290144 0.08418776090000001 0
-0.414466918 0.0801854879 0
-0.376616716 0.08122970910000001 0
-0.235601157 0.107684493 0
-0.214288786 0.108600825 0
-0.255871743 0.10540323 0
-0.0541822873 0.103133552 0
-0.131315932 0.104231022 0
-0.074047327 0.103388585 0
-0.112915099 0.104204893 0
-0.150728151 0.104886316 0
-0.0939841419 0.103821017 0
-0.171428666 0.106402844 0
-0.192837894 0.107991748 0
-0.275017977 0.104476884 0
-0.35379228 0.103946522 0
-0.433073252 0.110083312 0
-0.295674562 0.108139448 0
-0.0348416194 0.102517344 0
0.415305704 0.08237869289999999 0
0.359606773 0.07313796879999999 0
0.302707136 0.083627373 0
0.159252465 0.103709936 0
0.179841861 0.106472507 0
0.139538869 0.1013356 0
0.22791867 0.111114562 0
0.243271112 0.0979152769 0
0.394325763 0.08282602579999999 0
0.201971233 0.109258376 0
0.120320998 0.10044767 0
0.435215741 0.08225522189999999 0
0.259965211 0.10267438 0
0.329683661 0.107562989 0
0.474004507 0.0924669281 0
0.10174416 0.103126459 0
-0.468483716 0.110260278 0
-0.3943865 0.102075562 0
0.442493409 0.110294618 0
0.0621701814 0.126179203 0
0.0225422326 0.122126617 0
0.0418764055 0.12501201 0
0.00457998784 0.120126426 0
0.0835043266 0.12639606 0
-0.0129794497 0.122236557 0
-0.147280753 0.128402263 0
-0.213780656 0.134415403 0
-0.127986699 0.131244153 0
-0.167973459 0.129917011 0
-0.050670296 0.126652241 0
-0.07087001950000001 0.126821682 0
-0.09071145210000001 0.127626732 0
-0.190268174 0.132567599 0
-0.238525629 0.133869201 0
-0.273494035 0.120859079 0
-0.259225488 0.127459198 0
-0.287823677 0.129834697 0
0.106391847 0.128948033 0
-0.030988669 0.12521717 0
0.176051676 0.130309746 0
0.155358881 0.125951976 0
0.136383891 0.121375889 0
0.197837338 0.13508907 0
0.221228063 0.140195116 0
0.24643375 0.148225218 0
0.278431207 0.13069883 0
0.121331833 0.116863862 0
0.304693103 0.108170666 0
0.41313979 0.10605257 0
0.460590839 0.118400961 0
0.3594082 0.102554947 0
-0.32107237 0.11253228 0
-0.419543535 0.104857683 0
0.09811829029999999 0.159849972 0
0.0055290414 0.135468304 0
-0.272256285 0.147958145 0
0.213639542 0.167143762 0
-0.16421552 0.153452978 0
-0.0470549725 0.15146856 0
0.148239896 0.147893965 0
0.190186769 0.161729231 0
-0.0247382168 0.149399027 0
0.121496096 0.157260552 0
0.421064824 0.135523811 0
0.331904501 0.135500565 0
0.281374097 0.10639441 0
-0.403406292 0.127729908 0
-0.310004503 0.140224457 0
0.359246194 0.131814718 0
-0.372643173 0.130347505 0
-0.4354105 0.128464058 0
0.336629719 0.171858773 0
0.449453801 0.147653848 0
0.388494343 0.134514973 0
0.301465511 0.165098608 0
-0.346448064 0.12566866 0
-0.399034619 0.163094714 0
0.0394379087 0.149358913 0
0.27253148 0.157263905 0
-0.213087991 0.160163328 0
-0.247485504 0.166183531 0
-0.29579401 0.164818883 0
-0.0238127075 0.198093072 0
0.111787573 0.184981465 0
-0.100731499 0.16475822 0
-0.129909366 0.165031105 0
0.176729351 0.19246909 0
0.207438558 0.194471538 0
-0.07164825499999999 0.174688131 0
0.137555912 0.174095407 0
0.445077062 0.355614364 0
0.4540672 0.312721372 0
0.471876621 0.18936041 0
0.467166424 0.229818493 0
0.461504996 0.270973593 0
0.424467564 0.448932588 0
0.441845477 0.182664469 0
-0.324829191 0.179232806 0
0.0906601474 0.199683741 0
-0.207740158 0.18316175 0
-0.157712802 0.176730514 0
-0.278921545 0.189274922 0
0.0321525 0.177230626 0
0.245555773 0.214440852 0
-0.433855236 0.164075762 0
-0.366918921 0.159302726 0
0.291913986 0.195489585 0
-0.127964169 0.207778975 0
-0.0366133451 0.228911221 0
-0.100008652 0.206662506 0
0.179677323 0.226686761 0
0.122257464 0.208738238 0
0.146479711 0.202740476 0
0.434536189 0.401015729 0
0.398193419 0.336512506 0
0.424186647 0.257591337 0
0.43396154 0.220088616 0
0.412831038 0.296488136 0
0.369538605 0.193125933 0
-0.443918586 0.348807663 0
-0.435130209 0.398693502 0
-0.427496314 0.449492633 0
-0.452189833 0.300550848 0
-0.4590832 0.253552765 0
-0.357205957 0.190952316 0
0.279544592 0.225700334 0
0.104589514 0.213968039 0
-0.156489298 0.208392248 0
0.0224026144 0.217729628 0
0.212247699 0.248014852 0
-0.427817494 0.204839543 0
-0.234439731 0.195427537 0
0.323903114 0.207895994 0
0.0570687838 0.209155962 0
-0.391568303 0.199478686 0
-0.0962022617 0.246337354 0
-0.0230375547 0.256433278 0
0.184364036 0.258742362 0
0.124597915 0.237763807 0
0.376026452 0.277256101 0
0.38955155 0.242074385 0
0.359942079 0.312979162 0
0.378000379 0.380264699 0
-0.310198665 0.208065987 0
-0.372602284 0.387960404 0
-0.391070276 0.337650061 0
-0.464398772 0.207217991 0
-0.406558216 0.291264862 0
-0.182406142 0.205629736 0
0.475901842 0.151903644 0
0.401581109 0.207892701 0
-0.20234707 0.201936185 0
0.311389863 0.240205288 0
0.0997109637 0.235361338 0
-0.130189374 0.250119895 0
-0.380182773 0.237362921 0
0.0776065663 0.224026397 0
0.0415912047 0.235969722 0
0.356437773 0.225068003 0
0.00237123668 0.23785685 0
0.234924018 0.275154024 0
-0.0526191071 0.272373945 0
0.154033616 0.271343559 0
-0.16381526 0.245097548 0
0.327867359 0.289548635 0
0.343247354 0.258441687 0
-0.217780069 0.218593672 0
0.338168681 0.348227322 0
-0.343999118 0.224389404 0
-0.364733964 0.277306974 0
-0.344146281 0.319903255 0
0.269353002 0.254693568 0
0.0917307809 0.266476959 0
0.0217031389 0.261422962 0
-0.326631218 0.259382397 0
-0.133066654 0.30025813 0
-0.418796331 0.247499421 0
0.0644711778 0.253006309 0
-0.292130858 0.238324136 0
0.196372524 0.288258106 0
0.284591496 0.294490665 0
0.309394062 0.318163514 0
-0.303888261 0.296268225 0
-0.316326559 0.367387414 0
0.259190202 0.283179343 0
-0.212525114 0.264634311 0
-0.240297899 0.24214159 0
0.0789880231 0.303675681 0
0.0470647626 0.284426123 0
0.16370514 0.321180791 0
-0.00354623003 0.285852969 0
0.272422999 0.314563453 0
-0.269069314 0.269261181 0
0.30583939 0.378803372 0
0.221760422 0.304970533 0
-0.273979396 0.334394097 0
-0.0335755982 0.307707399 0
-0.23957935 0.298692495 0
0.0587245151 0.344805092 0
0.117237814 0.317083448 0
0.284336209 0.340413243 0
0.249890372 0.312829316 0
0.343847185 0.433378398 0
0.207801089 0.342838079 0
-0.274291515 0.426623851 0
0.0234502386 0.316493273 0
-0.08737619219999999 0.286369532 0
0.266001195 0.445831895 0
0.12272539 0.273716062 0
0.101134203 0.366993248 0
-0.234703615 0.369619191 0
0.147996157 0.380885184 0
-0.178461179 0.283813536 0
-0.203984484 0.323771179 0
-0.00658131344 0.34660095 0
-0.164417103 0.343546838 0
-0.0673920363 0.326083362 0
0.131059229 0.439091533 0
0.0761057213 0.423675179 0
0.200316936 0.392114729 0
0.029457761 0.387679994 0
-0.041373264 0.371180713 0
0.255755872 0.39359349 0
-0.129968509 0.398406595 0
0.248907045 0.349122852 0
0.195956767 0.446548343 0
-0.354339272 0.442943484 0
-0.193804756 0.443444848 0
-0.00892468356 0.424014986 0
-0.124071665 0.447903305 0
-0.183007032 0.391649544 0
-0.102894232 0.342963189 0
0.454051256 0.0865246058 0
0.477373928 0.124539249 0
-0.468024433 0.160724044 0
-0.0595881864 0.441332847 0
-0.08101215959999999 0.389415085 0
0.430654883 0.100503065 0
0.389429182 0.107357368 0
0.345321238 0.0801729336 0
-0.40980044 0.09662956 0
-0.338144869 0.0994073451 0
0.412171096 0.173297763 0
-0.132147774 0.361322463 0
0.382941902 0.164770678 0
-0.261872202 0.216164798 0
0.298553944 0.269673407 0
0.35991171 0.156175151 0
0.304619789 0.135348052 0
0.253422469 0.12404725 0
-0.374403059 0.104943611 0
-0.337032139 0.151434779 0
-0.109284967 0.131501675 0
-0.19354479 0.23484166 0
-0.06493017819999999 0.238962516 0
-0.0122938436 0.215621114 0
0.00691182632 0.197239071 0
0.0379151069 0.201571897 0
0.150936276 0.234486893 0
0.215393558 0.270183206 0
0.241323069 0.247472897 0
-0.0715796128 0.205469251 0
-0.0449168868 0.201832712 0
-0.015077455 0.176449656 0
0.00735802855 0.160683528 0
0.238734052 0.173370585 0
0.0684622079 0.179729119 0
0.210014313 0.22153379 0
0.169252723 0.153739303 0
0.263142437 0.184926003 0
-0.18295449 0.180039644 0
-0.0454696417 0.176156014 0
0.128362164 0.139589176 0
0.230636895 0.194044158 0
0.0191328265 0.142472118 0
0.0625149161 0.150935873 0
0.0812353119 0.146125689 0
-0.18740344 0.15683043 0
-0.147903278 0.149310306 0
-0.0862699524 0.148439452 0
-0.0688209161 0.151088551 0
-0.00671585044 0.142615706 0
0.161231548 0.173583657 0
0.5 -0.108888887 0
-0.5 -0.104000002 0
0.115384616 -0.5 0
0.346153855 -0.5 0
-0.5 -0.324000001 0
0.5 -0.304444432 0
-0.115384616 -0.5 0
0.0384615399 -0.5 0
0.269230783 -0.5 0
0.192307696 -0.5 0
-0.269230783 -0.5 0
0.5 -0.206666663 0
-0.5 -0.368000001 0
-0.5 -0.412 0
-0.5 -0.456 0
0.5 -0.451111108 0
-0.5 -0.5 0
0.5 -0.5 0
0.5 -0.402222216 0
-0.423076928 -0.5 0
-0.192307696 -0.5 0
-0.5 -0.148000002 0
-0.5 -0.192000002 0
-0.5 -0.236000001 0
-0.5 -0.280000001 0
-0.346153855 -0.5 0
0.5 -0.25555557 0
0.423076928 -0.5 0
-0.0384615399 -0.5 0
0.5 -0.157777771 0
0.5 -0.353333324 0
0.0772511885 -0.08056167509999999 0
0.0374877676 -0.0808010101 0
0.0176463742 -0.0810994208 0
0.0573830791 -0.0807405263 0
0.09732311959999999 -0.0806518868 0
-0.239483774 -0.0795809701 0
-0.219843984 -0.0792642012 0
-0.200446114 -0.07901526239999999 0
-0.181045815 -0.07884178310000001 0
-0.142179415 -0.0802084953 0
-0.102881968 -0.0817045122 0
-0.0223856941 -0.0814301819 0
-0.0627050027 -0.0818454996 0
-0.0425316021 -0.0818034559 0
-0.00224705855 -0.0814203545 0
-0.122754268 -0.081274122 0
-0.08287008849999999 -0.0820686147 0
-0.415999234 -0.07919201250000001 0
-0.381579161 -0.0748587102 0
-0.341950804 -0.08742288500000001 0
-0.319119245 -0.08530327679999999 0
-0.278412133 -0.08144206549999999 0
-0.258917481 -0.08033283049999999 0
-0.161435694 -0.0791214183 0
-0.472487122 -0.10505227 0
0.256461918 -0.08286640050000001 0
0.318938285 -0.08374304320000001 0
0.379224718 -0.0777013451 0
0.415607333 -0.0771136358 0
0.137026802 -0.0809221789 0
0.176194876 -0.0810839683 0
0.195934415 -0.0812368244 0
0.215941653 -0.0814755261 0
0.117289893 -0.08081298319999999 0
0.15661329 -0.081143111 0
0.236094043 -0.082149677 0
0.277177155 -0.0846093968 0
0.298077911 -0.0858106166 0
0.339882791 -0.0815737844 0
0.359948963 -0.0794832781 0
0.397859633 -0.076412484 0
0.432109773 -0.0828129873 0
0.448685735 -0.092795752 0
0.075753212 -0.101484895 0
0.0557561368 -0.102059513 0
0.0359173417 -0.102614924 0
0.0956945047 -0.101622269 0
0.0159939695 -0.10301619 0
0.11527735 -0.102301352 0
-0.397377491 -0.07783801849999999 0
-0.367144257 -0.088626951 0
-0.298090309 -0.0833709612 0
-0.200337872 -0.09863037619999999 0
-0.21885328 -0.09892425689999999 0
-0.18187283 -0.0977715552 0
-0.434422225 -0.0812884495 0
-0.106182195 -0.104892224 0
-0.0242696553 -0.103885174 0
-0.0446307808 -0.104614235 0
-0.08586321030000001 -0.105457388 0
-0.12644203 -0.10389293 0
-0.06511268019999999 -0.105166934 0
-0.145689055 -0.101519272 0
-0.163340643 -0.09789989139999999 0
-0.23776263 -0.099455364 0
-0.338522077 -0.115702689 0
-0.256322116 -0.10120821 0
-0.00407435466 -0.103709199 0
0.418813199 -0.0986522809 0
0.397742271 -0.0922142416 0
0.252526253 -0.1058909 0
0.212309584 -0.103968374 0
0.192341313 -0.104215957 0
0.273252606 -0.109232336 0
0.320911765 -0.107111856 0
0.34232372 -0.102683946 0
0.380523682 -0.09517564620000001 0
0.232309997 -0.104792736 0
0.172806621 -0.104274742 0
0.15369308 -0.103950769 0
0.297904164 -0.116075009 0
0.362232178 -0.09897334870000001 0
0.428666949 -0.112228334 0
0.134589821 -0.103278205 0
0.46945259 -0.110888988 0
-0.411913127 -0.0989815295 0
0.07460499549999999 -0.122705288 0
0.0345189869 -0.125521779 0
0.0545337796 -0.124148242 0
0.0147398924 -0.125232056 0
0.09377242619999999 -0.123138353 0
-0.00542884553 -0.127287924 0
-0.199170411 -0.119690679 0
-0.21721521 -0.119145781 0
-0.181177408 -0.116874449 0
-0.131077215 -0.127389789 0
-0.109915875 -0.129914075 0
-0.0461721793 -0.129090324 0
-0.153852567 -0.125061169 0
-0.0667753816 -0.128979772 0
-0.0885961056 -0.131090179 0
-0.166090339 -0.113361157 0
-0.234963834 -0.118861131 0
-0.251624823 -0.122507848 0
0.112385094 -0.124814384 0
-0.0254358575 -0.127300769 0
0.188759044 -0.129383489 0
0.168846637 -0.129991427 0
0.209063768 -0.128475145 0
0.2286672 -0.12831986 0
0.149858654 -0.129090652 0
0.248147339 -0.129130483 0
0.266228557 -0.132991135 0
0.316227257 -0.145300224 0
0.3464261 -0.123996772 0
0.379398167 -0.140497699 0
0.131228372 -0.127070695 0
-0.31478706 -0.110401563 0
-0.436272234 -0.107960358 0
-0.449050874 -0.118623495 0
-0.367599219 -0.126455709 0
0.437626481 -0.131681964 0
0.409618139 -0.140805781 0
0.09073735030000001 -0.144930616 0
0.0318898484 -0.152542442 0
-0.232055888 -0.134515703 0
-0.196568355 -0.144934669 0
-0.135222897 -0.150460809 0
-0.0468119048 -0.159751192 0
-0.15466474 -0.148551583 0
0.260239989 -0.164158478 0
0.164128304 -0.159461841 0
0.293380171 -0.17444025 0
-0.00580976577 -0.156512246 0
0.126097396 -0.151690036 0
-0.413921267 -0.126558542 0
-0.328458905 -0.140409112 0
-0.274515986 -0.10384129 0
-0.349528015 -0.153568953 0
0.351759881 -0.172270343 0
0.318618536 -0.183061182 0
-0.333783478 -0.167339042 0
-0.441113621 -0.144536555 0
-0.393654108 -0.154271141 0
0.292371094 -0.211694032 0
-0.286774576 -0.130766243 0
0.07354205849999999 -0.143089011 0
-0.257962167 -0.152474642 0
-0.0889976844 -0.161422387 0
0.226948202 -0.154064983 0
0.107703857 -0.148169219 0
0.336992621 -0.211675242 0
-0.00337611185 -0.200795993 0
0.273395419 -0.189953938 0
-0.17049475 -0.148092017 0
-0.129007757 -0.185398072 0
-0.0261532348 -0.181840271 0
0.143847302 -0.157626539 0
-0.448047906 -0.361545205 0
-0.455605984 -0.317959696 0
-0.465123922 -0.189018279 0
-0.462823182 -0.231938973 0
-0.460306674 -0.275001049 0
-0.426925808 -0.452901721 0
-0.424723893 -0.182535723 0
0.0366272852 -0.188651815 0
0.187246516 -0.187728658 0
0.0589350164 -0.166444242 0
-0.103470221 -0.184740975 0
-0.06846610459999999 -0.18379423 0
0.118219182 -0.173072204 0
0.208178952 -0.176860511 0
0.36315757 -0.199747011 0
0.312846452 -0.235824838 0
-0.299318105 -0.15677543 0
-0.198295265 -0.188920036 0
-0.162100241 -0.194625631 0
-0.0246460605 -0.229336455 0
-0.366503626 -0.182237729 0
-0.437883586 -0.40673089 0
-0.402278423 -0.349474549 0
-0.422037065 -0.268937945 0
-0.426025957 -0.228674114 0
-0.415005475 -0.309025466 0
0.440141648 -0.165292025 0
0.380865604 -0.165947661 0
0.454410315 -0.299123228 0
0.445268989 -0.34738335 0
0.435587972 -0.39737919 0
0.427431315 -0.448631287 0
0.461957723 -0.252621621 0
-0.2741943 -0.187123805 0
0.0236531589 -0.21747978 0
0.129730433 -0.192381173 0
-0.122267753 -0.2181191 0
0.286919326 -0.263395518 0
0.352644324 -0.233800679 0
-0.0484154336 -0.206472903 0
-0.238978505 -0.183906317 0
0.382674307 -0.187893778 0
-0.334735453 -0.187197372 0
-0.09211035820000001 -0.204660609 0
-0.199938565 -0.23082687 0
-0.384544611 -0.263622969 0
-0.379169017 -0.298835069 0
-0.363774121 -0.333696634 0
-0.382963866 -0.3914617 0
0.410056442 -0.166615397 0
0.0665235743 -0.19163233 0
0.394013286 -0.33461681 0
0.410622984 -0.288377047 0
0.423467785 -0.245048448 0
0.467720777 -0.206958532 0
0.09609952569999999 -0.198913157 0
-0.470833153 -0.148186505 0
-0.389988542 -0.228198498 0
-0.31124422 -0.183166504 0
0.00482664863 -0.250807226 0
-0.158838674 -0.228567705 0
-0.356113702 -0.222642258 0
-0.10804826 -0.250773847 0
-0.0749890804 -0.230587304 0
0.236951768 -0.25557974 0
-0.238797322 -0.222931072 0
0.200059086 -0.221732855 0
0.0547433943 -0.228673667 0
0.434716195 -0.204581663 0
-0.351000428 -0.291048676 0
-0.342559576 -0.261151582 0
-0.342663676 -0.367414057 0
0.0890857056 -0.235629171 0
0.371275783 -0.274487317 0
0.349839687 -0.316238403 0
-0.265262514 -0.214324355 0
0.125547007 -0.236138836 0
0.384301692 -0.231939763 0
-0.148362547 -0.268382192 0
-0.201895863 -0.284397453 0
0.0395672582 -0.26743412 0
-0.0845435709 -0.286633313 0
0.248264045 -0.20908615 0
0.255116969 -0.290184736 0
0.161755502 -0.2327106 0
-0.283162892 -0.230370551 0
-0.330711573 -0.314092934 0
0.07940530780000001 -0.27783528 0
0.374077588 -0.385226637 0
-0.256944537 -0.263938695 0
0.122180261 -0.280775845 0
-0.0512325764 -0.259115964 0
-0.167743802 -0.330821037 0
-0.123555109 -0.31115067 0
0.203418314 -0.267466187 0
0.0202970076 -0.310064286 0
-0.274711281 -0.308445483 0
-0.320849746 -0.397759885 0
0.338272214 -0.259483725 0
-0.326232761 -0.214808166 0
0.0678861737 -0.32463935 0
0.31976971 -0.3628214 0
-0.0192843862 -0.287305981 0
0.216469511 -0.311700195 0
0.119780473 -0.329584241 0
-0.266494006 -0.385957867 0
0.0543400496 -0.377309233 0
-0.203021392 -0.35156706 0
-0.347021431 -0.440783143 0
0.281908154 -0.327852577 0
0.274117023 -0.422076017 0
0.164584011 -0.276804119 0
0.314772338 -0.292671144 0
-0.14316158 -0.382356316 0
0.238232613 -0.360949397 0
-0.268800765 -0.446109235 0
0.117930107 -0.383022696 0
-0.00502681127 -0.359380454 0
-0.0899545625 -0.35999772 0
0.354485184 -0.440950871 0
-0.202243209 -0.393845558 0
0.180674002 -0.378484547 0
0.116467491 -0.439904302 0
-0.123636782 -0.439212173 0
0.0415827408 -0.435980946 0
-0.0426337756 -0.421091884 0
0.191037983 -0.43673709 0
-0.0501308329 -0.325539827 0
-0.19676277 -0.44627744 0
-0.451890498 -0.0888591111 0
0.470816433 -0.160953358 0
-0.427661389 -0.09695394340000001 0
-0.391985744 -0.096085377 0
0.41114524 -0.0895099714 0
-0.293581456 -0.107031554 0
0.404233605 -0.198149398 0
0.170815691 -0.325417221 0
-0.393289775 -0.197718471 0
-0.390543967 -0.116325445 0
0.407470196 -0.122044012 0
-0.302953094 -0.34384051 0
0.26649943 -0.235712677 0
0.402106464 -0.106607363 0
0.389978588 -0.124477439 0
-0.307111055 -0.134526476 0
-0.268105298 -0.127176061 0
0.283614874 -0.135133982 0
-0.236810908 -0.332041562 0
0.327947587 -0.12534298 0
0.36743632 -0.118909344 0
0.384408504 -0.111650333 0
0.227744669 -0.228958771 0
-0.308642864 -0.288504213 0
-0.310847104 -0.242751881 0
-0.278374851 -0.156388372 0
0.348389834 -0.146922976 0
-0.318303883 -0.161659449 0
0.289174825 -0.154943809 0
0.244689032 -0.15027234 0
0.207649693 -0.154539898 0
0.186118394 -0.157872438 0
0.229213864 -0.186583892 0
-0.242758006 -0.143100053 0
-0.217707261 -0.139593005 0
-0.176148549 -0.134145111 0
0.0545891523 -0.145960584 0
0.0142524652 -0.14502719 0
-0.0255044252 -0.148230761 0
-0.06708924469999999 -0.150351986 0
-0.115150906 -0.15625529 0
0.0140814194 -0.175574467 0
-0.299567908 -0.204695523 0
-0.293376505 -0.266066968 0
0.160018429 -0.193675786 0
-0.180937871 -0.163365349 0
-0.295688331 -0.175879121 0
-0.226377875 -0.15913336 0
0.0429039635 -0.169281721 0
0.101021759 -0.172521606 0
0.0724704266 -0.159666792 0
-0.141519114 -0.169197023 0
-0.160157546 -0.170055762 0
0.0838272274 -0.167311206 0
-0.20788826 -0.164396137 0
</DataArray>
</Points>
<Cells>
<DataArray type="Int32" Name="connectivity" format="ascii">
0 1 7 6 
1 2 8 7 
2 3 9 8 
3 4 10 9 
4 5 11 10 
6 7 13 12 
7 8 14 13 
8 9 15 14 
9 10 16 15 
10 11 17 16 
12 13 19 18 
13 14 20 19 
14 15 21 20 
15 16 22 21 
16 17 23 22 
18 19 25 24 
19 20 26 25 
20 21 27 26 
21 22 28 27 
22 23 29 28 
24 25 31 30 
25 26 32 31 
26 27 33 32 
27 28 34 33 
28 29 35 34 
30 31 37 36 
31 32 38 37 
32 33 39 38 
33 34 40 39 
34 35 41 40 
36 37 43 42 
37 38 44 43 
38 39 45 44 
39 40 46 45 
40 41 47 46 
47 41 94 69 
41 35 95 94 
35 29 96 95 
29 23 97 96 
23 17 98 97 
17 11 99 98 
11 5 83 99 
69 94 100 68 
94 95 101 100 
95 96 102 101 
96 97 103 102 
97 98 104 103 
98 99 105 104 
99 83 84 105 
68 100 106 67 
100 101 107 106 
101 102 108 107 
102 103 109 108 
103 104 110 109 
104 105 111 110 
105 84 85 111 
67 106 112 66 
106 107 113 112 
107 108 114 113 
108 109 115 114 
109 110 116 115 
110 111 117 116 
111 85 76 117 
66 112 118 65 
112 113 119 118 
113 114 120 119 
114 115 121 120 
115 116 122 121 
116 117 123 122 
117 76 82 123 
65 118 124 64 
118 119 125 124 
119 120 126 125 
120 121 127 126 
121 122 128 127 
122 123 129 128 
123 82 86 129 
64 124 130 63 
124 125 131 130 
125 126 132 131 
126 127 133 132 
127 128 134 133 
128 129 135 134 
129 86 87 135 
63 130 136 62 
130 131 137 136 
131 132 138 137 
132 133 139 138 
133 134 140 139 
134 135 141 140 
135 87 88 141 
62 136 142 61 
136 137 143 142 
137 138 144 143 
138 139 145 144 
139 140 146 145 
140 141 147 146 
141 88 89 147 
61 142 148 60 
142 143 149 148 
143 144 150 149 
144 145 151 150 
145 146 152 151 
146 147 153 152 
147 89 77 153 
60 148 154 59 
148 149 155 154 
149 150 156 155 
150 151 157 156 
151 152 158 157 
152 153 159 158 
153 77 81 159 
59 154 160 58 
154 155 161 160 
155 156 162 161 
156 157 163 162 
157 158 164 163 
158 159 165 164 
159 81 90 165 
58 160 166 57 
160 161 167 166 
161 162 168 167 
162 163 169 168 
163 164 170 169 
164 165 171 170 
165 90 91 171 
57 166 172 56 
166 167 173 172 
167 168 174 173 
168 169 175 174 
169 170 176 175 
170 171 177 176 
171 91 92 177 
56 172 178 55 
172 173 179 178 
173 174 180 179 
174 175 181 180 
175 176 182 181 
176 177 183 182 
177 92 93 183 
55 178 184 54 
178 179 185 184 
179 180 186 185 
180 181 187 186 
181 182 188 187 
182 183 189 188 
183 93 74 189 
54 184 190 53 
184 185 191 190 
185 186 192 191 
186 187 193 192 
187 188 194 193 
188 189 195 194 
189 74 71 195 
53 190 196 52 
190 191 197 196 
191 192 198 197 
192 193 199 198 
193 194 200 199 
194 195 201 200 
195 71 80 201 
52 196 202 51 
196 197 203 202 
197 198 204 203 
198 199 205 204 
199 200 206 205 
200 201 207 206 
201 80 79 207 
51 202 50 70 
202 203 49 50 
203 204 48 49 
204 205 72 48 
205 206 73 72 
206 207 78 73 
207 79 75 78 
24 30 312 227 
30 36 313 312 
36 42 283 313 
227 312 314 226 
312 313 315 314 
313 283 292 315 
226 314 316 225 
314 315 317 316 
315 292 296 317 
225 316 318 224 
316 317 319 318 
317 296 300 319 
224 318 320 223 
318 319 321 320 
319 300 278 321 
223 320 322 222 
320 321 323 322 
321 278 289 323 
222 322 324 221 
322 323 325 324 
323 289 282 325 
221 324 326 220 
324 325 327 326 
325 282 301 327 
220 326 328 219 
326 327 329 328 
327 301 297 329 
219 328 330 218 
328 329 331 330 
329 297 286 331 
218 330 332 217 
330 331 333 332 
331 286 294 333 
217 332 334 216 
332 333 335 334 
333 294 295 335 
216 334 336 215 
334 335 337 336 
335 295 287 337 
215 336 338 214 
336 337 339 338 
337 287 293 339 
214 338 340 213 
338 339 341 340 
339 293 298 341 
213 340 342 212 
340 341 343 342 
341 298 299 343 
212 342 344 211 
342 343 345 344 
343 299 288 345 
211 344 346 210 
344 345 347 346 
345 288 291 347 
210 346 348 209 
346 347 349 348 
347 291 290 349 
209 348 350 208 
348 349 351 350 
349 290 284 351 
208 350 352 311 
350 351 353 352 
351 284 302 353 
311 352 354 310 
352 353 355 354 
353 302 303 355 
310 354 356 309 
354 355 357 356 
355 303 304 357 
309 356 358 308 
356 357 359 358 
357 304 305 359 
308 358 307 280 
358 359 306 307 
359 305 279 306 
0 6 360 277 
6 12 361 360 
12 18 228 361 
277 360 362 276 
360 361 363 362 
361 228 229 363 
276 362 364 275 
362 363 365 364 
363 229 230 365 
275 364 366 274 
364 365 367 366 
365 230 231 367 
274 366 368 273 
366 367 369 368 
367 231 232 369 
273 368 370 272 
368 369 371 370 
369 232 233 371 
272 370 372 271 
370 371 373 372 
371 233 234 373 
271 372 374 270 
372 373 375 374 
373 234 235 375 
270 374 376 269 
374 375 377 376 
375 235 236 377 
269 376 378 268 
376 377 379 378 
377 236 237 379 
268 378 380 267 
378 379 381 380 
379 237 238 381 
267 380 382 266 
380 381 383 382 
381 238 239 383 
266 382 384 265 
382 383 385 384 
383 239 240 385 
265 384 386 264 
384 385 387 386 
385 240 241 387 
264 386 388 263 
386 387 389 388 
387 241 242 389 
263 388 390 262 
388 389 391 390 
389 242 243 391 
262 390 392 261 
390 391 393 392 
391 243 244 393 
261 392 394 260 
392 393 395 394 
393 244 245 395 
260 394 396 259 
394 395 397 396 
395 245 246 397 
259 396 398 258 
396 397 399 398 
397 246 247 399 
258 398 400 257 
398 399 401 400 
399 247 248 401 
257 400 402 256 
400 401 403 402 
401 248 249 403 
256 402 404 255 
402 403 405 404 
403 249 250 405 
255 404 406 254 
404 405 407 406 
405 250 251 407 
254 406 253 285 
406 407 252 253 
407 251 281 252 
24 227 228 18 
227 226 229 228 
226 225 230 229 
225 224 231 230 
224 223 232 231 
223 222 233 232 
222 221 234 233 
221 220 235 234 
220 219 236 235 
219 218 237 236 
218 217 238 237 
217 216 239 238 
216 215 240 239 
215 214 241 240 
214 213 242 241 
213 212 243 242 
212 211 244 243 
211 210 245 244 
210 209 246 245 
209 208 247 246 
208 311 248 247 
311 310 249 248 
310 309 250 249 
309 308 251 250 
308 280 281 251 
467 67 66 466 
68 468 470 69 
440 43 44 442 
297 456 446 286 
70 434 515 51 
733 515 550 519 
53 512 501 54 
54 501 509 55 
574 739 549 564 
502 57 56 471 
740 58 57 502 
58 740 472 59 
475 507 510 465 
473 61 60 503 
506 504 541 542 
63 464 475 64 
465 65 64 475 
65 465 466 66 
46 443 439 45 
435 413 596 412 
703 596 413 414 
410 411 614 591 
569 565 514 551 
514 565 749 548 
519 550 573 564 
424 433 425 622 
645 621 620 646 
485 448 447 486 
500 450 453 480 
479 481 524 520 
770 607 626 604 
643 615 591 614 
305 517 432 279 
302 483 462 303 
497 460 459 742 
449 487 496 457 
485 486 527 534 
620 427 428 623 
427 620 621 426 
426 621 622 425 
43 440 441 42 
42 441 453 283 
292 450 451 296 
296 451 452 300 
444 289 278 454 
289 444 455 282 
282 455 445 301 
301 445 456 297 
286 446 447 294 
294 447 448 295 
449 287 295 448 
293 457 458 298 
298 458 482 299 
459 288 299 482 
460 291 288 459 
484 290 291 460 
284 461 483 302 
303 462 463 304 
463 517 305 304 
469 47 69 470 
45 439 442 44 
443 46 47 469 
522 476 479 520 
477 440 442 476 
480 453 441 478 
450 292 283 453 
476 442 439 479 
481 443 469 516 
454 278 300 452 
527 486 495 533 
581 580 600 632 
495 446 456 494 
556 537 535 536 
448 485 487 449 
287 449 457 293 
450 500 488 451 
451 488 490 452 
440 477 478 441 
452 490 493 454 
491 444 454 493 
455 489 492 445 
445 492 494 456 
553 567 571 498 
741 483 461 518 
290 484 461 284 
498 571 517 463 
498 463 462 553 
464 63 62 474 
474 62 61 473 
516 538 524 481 
506 468 467 504 
67 467 468 68 
443 481 479 439 
516 469 470 511 
468 506 511 470 
471 56 55 509 
769 561 587 783 
59 472 503 60 
750 513 566 546 
466 505 504 467 
508 464 474 513 
507 475 464 508 
578 522 520 776 
522 521 477 476 
477 521 523 478 
599 767 554 584 
555 523 521 775 
552 482 458 499 
741 553 462 483 
518 461 484 751 
484 460 497 751 
486 447 446 495 
580 527 533 778 
489 455 444 491 
526 492 489 528 
485 534 536 487 
457 496 499 458 
494 529 533 495 
500 480 525 539 
493 532 753 491 
492 526 529 494 
500 539 530 488 
531 490 488 530 
537 499 496 535 
571 605 735 517 
482 552 742 459 
535 496 487 536 
523 525 480 478 
512 53 52 733 
512 733 519 738 
549 739 509 501 
505 466 465 510 
538 554 777 524 
513 474 473 566 
750 507 508 513 
503 548 566 473 
557 561 543 544 
472 514 548 503 
540 505 510 543 
510 507 544 543 
51 515 733 52 
544 507 750 545 
740 502 471 551 
565 569 748 572 
734 550 515 434 
511 547 538 516 
553 741 518 567 
549 738 519 564 
748 745 619 572 
775 521 522 578 
778 533 529 558 
541 504 505 540 
773 538 547 542 
528 489 491 753 
580 581 534 527 
493 490 531 532 
559 530 539 562 
779 558 529 526 
772 559 562 764 
530 559 781 531 
536 534 581 556 
582 598 752 568 
752 598 625 606 
582 568 537 556 
540 543 561 769 
782 562 539 525 
541 540 769 560 
511 506 542 547 
541 560 773 542 
566 548 749 546 
546 579 545 750 
672 626 653 747 
551 739 574 569 
672 761 604 626 
773 560 590 563 
739 551 471 509 
434 436 650 734 
595 594 438 408 
575 572 633 607 
740 551 514 472 
499 537 568 552 
571 567 577 605 
531 781 780 532 
523 555 782 525 
675 679 693 683 
588 587 561 557 
557 544 545 766 
528 753 585 586 
585 610 608 586 
589 585 780 781 
558 779 586 601 
528 586 779 526 
613 587 611 759 
773 563 554 538 
766 774 588 557 
590 560 769 783 
603 765 775 578 
559 772 589 781 
573 597 743 564 
546 749 575 579 
606 625 635 577 
742 552 576 497 
594 593 437 438 
408 409 592 595 
570 751 497 576 
576 552 568 752 
591 592 409 410 
573 650 593 597 
436 437 593 650 
432 517 735 431 
565 572 575 749 
582 602 644 598 
429 624 623 428 
752 606 570 576 
584 554 563 590 
657 599 627 654 
768 604 761 630 
579 770 766 545 
601 771 778 558 
771 649 652 600 
556 581 602 582 
623 648 646 620 
755 609 637 662 
764 562 782 765 
639 612 613 759 
636 655 608 610 
771 601 628 649 
590 613 612 584 
592 591 615 618 
640 642 665 666 
763 762 589 772 
763 583 756 609 
596 703 643 614 
640 641 616 618 
650 573 550 734 
594 595 616 617 
597 617 651 743 
659 619 651 641 
411 412 596 614 
593 594 617 597 
570 606 577 567 
584 612 627 599 
698 696 683 693 
608 628 601 586 
727 645 684 705 
610 762 755 636 
579 575 607 770 
431 735 647 430 
745 743 651 619 
585 589 762 610 
655 664 628 608 
756 757 629 660 
756 660 637 609 
728 705 711 731 
611 587 588 768 
709 673 654 639 
759 611 638 663 
639 759 663 709 
692 702 685 681 
633 572 619 659 
618 616 595 592 
685 672 747 681 
607 633 653 626 
424 622 727 423 
622 621 645 727 
624 429 430 647 
656 635 625 669 
631 605 577 635 
746 632 667 687 
629 758 634 658 
660 674 691 637 
723 708 726 720 
611 768 630 638 
624 647 631 677 
649 628 664 754 
602 581 632 746 
654 627 612 639 
670 648 677 656 
664 655 676 713 
658 634 657 678 
658 674 660 629 
760 630 761 661 
719 718 417 418 
712 690 704 720 
618 615 642 640 
617 616 641 651 
615 643 668 642 
680 760 661 695 
708 703 414 415 
652 667 632 600 
625 598 644 669 
671 683 696 684 
648 623 624 677 
605 631 647 735 
635 656 677 631 
667 754 686 687 
670 675 683 671 
653 633 659 666 
662 707 636 755 
655 636 707 676 
644 602 746 679 
673 678 657 654 
719 721 699 710 
641 640 666 659 
672 685 661 761 
717 697 715 722 
760 680 638 630 
712 710 700 690 
754 664 713 686 
642 668 682 665 
695 702 725 704 
656 669 675 670 
694 668 643 703 
671 646 648 670 
423 727 705 422 
645 646 671 684 
747 653 666 665 
674 658 678 689 
689 688 699 706 
679 675 669 644 
662 697 717 707 
714 716 731 711 
678 673 688 689 
754 667 652 649 
663 638 680 690 
692 681 682 701 
668 694 701 682 
716 714 713 676 
695 661 685 702 
711 705 684 696 
698 693 687 686 
679 746 687 693 
673 709 700 688 
699 721 715 706 
706 691 674 689 
718 719 710 712 
662 637 691 697 
665 682 681 747 
701 694 723 725 
690 680 695 704 
711 696 698 714 
717 722 737 732 
713 714 698 686 
688 700 710 699 
721 729 722 715 
663 690 700 709 
708 723 694 703 
702 692 701 725 
697 691 706 715 
724 730 728 731 
718 712 720 726 
732 676 707 717 
737 736 730 724 
719 418 729 721 
723 720 704 725 
737 724 744 732 
726 708 415 416 
416 417 718 726 
716 744 724 731 
728 421 422 705 
729 418 419 736 
730 420 421 728 
736 419 420 730 
722 729 736 737 
738 549 501 512 
564 743 745 574 
744 716 676 732 
569 574 745 748 
567 518 751 570 
585 753 532 780 
757 756 583 764 
757 603 758 629 
609 755 762 763 
772 764 583 763 
757 764 765 603 
555 775 765 782 
599 657 634 767 
758 603 767 634 
767 603 578 776 
768 588 774 604 
774 766 770 604 
771 600 580 778 
777 776 520 524 
767 776 777 554 
613 590 783 587 
828 276 275 827 
2 816 818 3 
89 851 852 77 
815 858 861 819 
285 785 839 254 
1029 839 785 805 
870 256 255 1102 
1105 865 833 864 
864 258 257 832 
259 258 864 833 
865 260 259 833 
834 261 260 865 
261 834 835 262 
866 1107 952 836 
836 264 263 866 
940 1135 1149 1136 
266 820 821 267 
267 821 822 268 
823 269 268 822 
838 270 269 823 
271 824 830 272 
825 273 272 830 
273 825 831 274 
1 817 816 2 
800 803 978 798 
1081 978 803 809 
796 797 994 973 
953 951 880 935 
865 935 880 834 
832 900 1105 864 
811 801 799 1004 
1001 1025 1024 1002 
1005 810 795 1027 
892 850 847 886 
845 76 85 849 
4 815 819 5 
860 816 817 862 
875 830 824 877 
867 822 821 868 
879 820 837 881 
962 1127 1006 1013 
1021 995 973 994 
79 899 784 75 
856 843 1106 883 
937 1112 1116 930 
90 853 854 91 
1123 1122 930 1116 
1002 1003 802 814 
802 1003 1004 799 
5 819 848 83 
84 844 849 85 
76 845 846 82 
82 846 847 86 
840 88 87 850 
88 840 851 89 
81 841 853 90 
92 842 855 93 
93 855 843 74 
74 843 856 71 
71 856 857 80 
857 899 79 80 
829 0 277 826 
817 1 0 829 
815 4 3 818 
861 858 901 905 
826 277 276 828 
862 817 829 882 
859 860 902 903 
859 818 816 860 
898 844 848 863 
844 84 83 848 
820 266 265 837 
837 265 264 836 
869 867 907 909 
822 867 869 823 
270 838 824 271 
828 873 872 826 
827 275 274 831 
818 859 858 815 
882 829 826 872 
878 838 823 869 
825 871 874 831 
876 827 831 874 
832 257 256 870 
935 865 1105 1111 
917 908 868 879 
262 835 866 263 
881 837 836 952 
254 839 1102 255 
1104 870 1102 933 
850 87 86 847 
888 851 840 885 
841 889 890 853 
841 81 77 852 
842 92 91 854 
936 899 857 897 
887 846 845 893 
893 845 849 894 
886 847 846 887 
819 861 863 848 
922 946 1133 921 
927 926 1131 945 
923 924 892 886 
1106 884 1115 883 
853 890 896 854 
884 855 842 891 
856 883 897 857 
964 924 923 1132 
860 862 904 902 
873 828 827 876 
862 882 906 904 
887 893 922 921 
1138 961 901 903 
894 849 844 898 
933 934 957 950 
950 1111 1105 900 
868 821 820 879 
878 916 913 877 
879 881 918 917 
830 875 871 825 
877 824 838 878 
872 873 912 920 
871 875 910 911 
911 915 874 871 
909 916 878 869 
1138 903 902 939 
1136 941 907 908 
932 835 834 880 
908 907 867 868 
951 953 956 1129 
970 1142 942 1153 
902 904 1139 939 
842 854 896 891 
936 897 1112 937 
851 888 895 852 
954 1128 928 955 
1133 981 986 1132 
885 840 850 892 
921 923 886 887 
894 898 931 925 
852 895 889 841 
895 888 927 1119 
938 905 901 961 
898 863 919 931 
885 892 924 926 
888 885 926 927 
895 928 1121 889 
890 929 1122 896 
863 861 905 919 
900 1104 933 950 
958 993 953 935 
858 859 903 901 
961 1138 982 1152 
882 872 920 906 
876 874 915 914 
980 1143 967 1007 
938 965 919 905 
942 910 913 944 
1137 913 916 909 
1107 932 1117 960 
910 875 877 913 
943 912 914 1141 
914 912 873 876 
1141 963 984 943 
963 1141 914 915 
1142 911 910 942 
915 911 1142 963 
907 941 1137 909 
941 1147 969 1137 
1144 1006 1148 1031 
893 894 925 922 
943 1140 920 912 
1134 1055 968 945 
925 931 949 972 
945 1131 964 1134 
1131 926 924 964 
986 1134 964 1132 
966 955 959 988 
1130 945 968 947 
1121 929 890 889 
966 987 954 955 
1122 929 1128 930 
999 936 937 1022 
1116 1112 1115 1123 
919 965 949 931 
835 932 1107 866 
880 951 1117 932 
934 933 1102 839 
977 976 807 808 
1129 989 1117 951 
784 899 1103 813 
1103 899 936 999 
1000 954 987 1014 
985 949 965 1151 
971 948 1140 943 
974 973 995 998 
940 1136 908 917 
944 913 1137 969 
963 983 1016 984 
948 906 920 1140 
1147 990 991 1154 
789 1001 1002 814 
946 922 925 972 
955 928 1130 947 
939 1143 980 1150 
1143 939 1139 948 
950 957 979 958 
1107 960 1118 952 
918 881 952 1118 
976 975 806 807 
808 788 974 977 
1011 966 988 1071 
1128 954 1000 930 
959 955 947 968 
973 974 788 796 
962 1135 918 1118 
957 1029 975 979 
805 806 975 1029 
1025 1046 1047 1024 
1118 960 1127 962 
989 1127 960 1117 
938 961 1152 1155 
1019 1020 1059 1042 
1135 940 917 918 
983 963 1142 970 
1150 982 1138 939 
810 1005 1001 789 
992 1032 1007 967 
991 990 1017 1033 
942 944 1154 1153 
970 1009 1016 983 
984 1012 971 943 
948 971 967 1143 
985 1008 972 949 
1146 946 972 1008 
978 1081 1021 994 
997 996 1018 1030 
1029 957 934 839 
1110 993 958 979 
1144 1058 1048 1006 
797 798 978 994 
975 976 997 979 
1134 1039 1124 1055 
1023 982 1150 980 
1152 982 1023 1155 
991 970 1153 1154 
1045 1060 1063 1049 
968 1055 1114 959 
1026 1050 1046 1025 
1074 1047 1085 1082 
1047 1074 1061 1024 
993 1015 956 953 
962 1013 1149 1135 
1016 1009 1035 1036 
984 1016 1036 1012 
1009 970 991 1033 
1060 1053 1068 1073 
992 967 971 1012 
976 977 996 997 
979 997 1030 1110 
998 996 977 974 
1058 1062 1038 1048 
813 1103 1027 795 
1000 1022 937 930 
1071 988 1010 1085 
811 1004 1092 787 
1024 1061 1003 1002 
999 1041 1027 1103 
1031 1129 956 1015 
1032 1053 1040 1007 
980 1007 1040 1023 
1035 1009 1033 1051 
1114 1010 988 959 
1026 1025 1001 1005 
987 966 1011 1050 
1014 1108 1022 1000 
1030 1034 993 1110 
1019 1018 996 998 
990 1013 1038 1017 
1017 1052 1051 1033 
1034 1030 1018 1043 
998 995 1020 1019 
995 1021 1044 1020 
1120 1052 1062 1069 
1088 1081 809 794 
1061 1092 1004 1003 
1041 1026 1005 1027 
1050 1026 1041 1108 
1041 999 1022 1108 
1028 1045 1049 1008 
1008 985 1151 1028 
1129 1031 1148 989 
1034 1072 1015 993 
1064 992 1012 1036 
1079 1097 1095 1089 
1052 1017 1038 1062 
1075 1064 1054 1100 
1018 1019 1042 1043 
1054 1035 1051 1066 
1036 1035 1054 1064 
1008 1049 1057 1146 
1076 1087 1082 1056 
1013 1006 1048 1038 
946 1146 981 1133 
1040 1053 1060 1045 
1023 1040 1045 1028 
1043 1126 1072 1034 
1059 1020 1044 1113 
1044 1021 1081 1070 
1073 1077 1063 1060 
1037 1056 1010 1114 
787 1092 1083 792 
1144 1072 1126 1058 
1084 1057 1049 1063 
1124 1037 1114 1055 
1014 987 1050 1108 
1050 1011 1071 1046 
1066 1091 1100 1054 
1086 1065 1080 1093 
1064 1075 1032 992 
1073 1068 1090 1079 
1065 1066 1051 1052 
1067 1039 1057 1084 
1146 1057 1039 981 
1125 1043 1042 1059 
1069 1062 1145 1125 
1078 1113 1044 1070 
1085 1047 1046 1071 
1092 1061 1074 1083 
1145 1062 1058 1126 
1076 1109 1094 1087 
1100 1091 1098 1090 
1087 1083 1074 1082 
1084 1063 1077 1109 
1037 1067 1076 1056 
1075 1068 1053 1032 
1125 1145 1126 1043 
1113 1078 1120 1069 
1093 1078 1088 1101 
1031 1015 1072 1144 
1099 1094 1089 1095 
1052 1120 1080 1065 
1076 1067 1084 1109 
1073 1079 1089 1077 
1059 1113 1069 1125 
1090 1068 1075 1100 
791 786 1095 1097 
1093 1101 1096 1086 
793 792 1083 1099 
1085 1010 1056 1082 
1098 1096 790 812 
1066 1065 1086 1091 
1070 1081 1088 1078 
1087 1094 1099 1083 
812 791 1097 1098 
1090 1098 1097 1079 
1078 1093 1080 1120 
804 790 1096 1101 
1089 1094 1109 1077 
786 793 1099 1095 
1091 1086 1096 1098 
1101 1088 794 804 
1104 900 832 870 
1106 843 855 884 
958 935 1111 950 
1112 897 883 1115 
1123 1115 884 891 
928 895 1119 1130 
1130 1119 927 945 
929 1121 928 1128 
896 1122 1123 891 
1124 1039 1067 1037 
1127 989 1148 1006 
1132 923 921 1133 
986 981 1039 1134 
1139 904 906 948 
941 1136 1149 1156 
990 1156 1149 1013 
1147 941 1156 990 
1028 1151 1155 1023 
1155 1151 965 938 
1154 944 969 1147 
</DataArray>
<DataArray type="Int32" Name="offsets" format="ascii">
4 8 12 16 20 24 28 32 36 40 44 48 52 56 60 64 68 72 76 80 84 88 92 96 100 104 108 112 116 120 124 128 132 136 140 144 148 152 156 160 164 168 172 176 180 184 188 192 196 200 204 208 212 216 220 224 228 232 236 240 244 248 252 256 260 264 268 272 276 280 284 288 292 296 300 304 308 312 316 320 324 328 332 336 340 344 348 352 356 360 364 368 372 376 380 384 388 392 396 400 404 408 412 416 420 424 428 432 436 440 444 448 452 456 460 464 468 472 476 480 484 488 492 496 500 504 508 512 516 520 524 528 532 536 540 544 548 552 556 560 564 568 572 576 580 584 588 592 596 600 604 608 612 616 620 624 628 632 636 640 644 648 652 656 660 664 668 672 676 680 684 688 692 696 700 704 708 712 716 720 724 728 732 736 740 744 748 752 756 760 764 768 772 776 780 784 788 792 796 800 804 808 812 816 820 824 828 832 836 840 844 848 852 856 860 864 868 872 876 880 884 888 892 896 900 904 908 912 916 920 924 928 932 936 940 944 948 952 956 960 964 968 972 976 980 984 988 992 996 1000 1004 1008 1012 1016 1020 1024 1028 1032 1036 1040 1044 1048 1052 1056 1060 1064 1068 1072 1076 1080 1084 1088 1092 1096 1100 1104 1108 1112 1116 1120 1124 1128 1132 1136 1140 1144 1148 1152 1156 1160 1164 1168 1172 1176 1180 1184 1188 1192 1196 1200 1204 1208 1212 1216 1220 1224 1228 1232 1236 1240 1244 1248 1252 1256 1260 1264 1268 1272 1276 1280 1284 1288 1292 1296 1300 1304 1308 1312 1316 1320 1324 1328 1332 1336 1340 1344 1348 1352 1356 1360 1364 1368 1372 1376 1380 1384 1388 1392 1396 1400 1404 1408 1412 1416 1420 1424 1428 1432 1436 1440 1444 1448 1452 1456 1460 1464 1468 1472 1476 1480 1484 1488 1492 1496 1500 1504 1508 1512 1516 1520 1524 1528 1532 1536 1540 1544 1548 1552 1556 1560 1564 1568 1572 1576 1580 1584 1588 1592 1596 1600 1604 1608 1612 1616 1620 1624 1628 1632 1636 1640 1644 1648 1652 1656 1660 1664 1668 1672 1676 1680 1684 1688 1692 1696 1700 1704 1708 1712 1716 1720 1724 1728 1732 1736 1740 1744 1748 1752 1756 1760 1764 1768 1772 1776 1780 1784 1788 1792 1796 1800 1804 1808 1812 1816 1820 1824 1828 1832 1836 1840 1844 1848 1852 1856 1860 1864 1868 1872 1876 1880 1884 1888 1892 1896 1900 1904 1908 1912 1916 1920 1924 1928 1932 1936 1940 1944 1948 1952 1956 1960 1964 1968 1972 1976 1980 1984 1988 1992 1996 2000 2004 2008 2012 2016 2020 2024 2028 2032 2036 2040 2044 2048 2052 2056 2060 2064 2068 2072 2076 2080 2084 2088 2092 2096 2100 2104 2108 2112 2116 2120 2124 2128 2132 2136 2140 2144 2148 2152 2156 2160 2164 2168 2172 2176 2180 2184 2188 2192 2196 2200 2204 2208 2212 2216 2220 2224 2228 2232 2236 2240 2244 2248 2252 2256 2260 2264 2268 2272 2276 2280 2284 2288 2292 2296 2300 2304 2308 2312 2316 2320 2324 2328 2332 2336 2340 2344 2348 2352 2356 2360 2364 2368 2372 2376 2380 2384 2388 2392 2396 2400 2404 2408 2412 2416 2420 2424 2428 2432 2436 2440 2444 2448 2452 2456 2460 2464 2468 2472 2476 2480 2484 2488 2492 2496 2500 2504 2508 2512 2516 2520 2524 2528 2532 2536 2540 2544 2548 2552 2556 2560 2564 2568 2572 2576 2580 2584 2588 2592 2596 2600 2604 2608 2612 2616 2620 2624 2628 2632 2636 2640 2644 2648 2652 2656 2660 2664 2668 2672 2676 2680 2684 2688 2692 2696 2700 2704 2708 2712 2716 2720 2724 2728 2732 2736 2740 2744 2748 2752 2756 2760 2764 2768 2772 2776 2780 2784 2788 2792 2796 2800 2804 2808 2812 2816 2820 2824 2828 2832 2836 2840 2844 2848 2852 2856 2860 2864 2868 2872 2876 2880 2884 2888 2892 2896 2900 2904 2908 2912 2916 2920 2924 2928 2932 2936 2940 2944 2948 2952 2956 2960 2964 2968 2972 2976 2980 2984 2988 2992 2996 3000 3004 3008 3012 3016 3020 3024 3028 3032 3036 3040 3044 3048 3052 3056 3060 3064 3068 3072 3076 3080 3084 3088 3092 3096 3100 3104 3108 3112 3116 3120 3124 3128 3132 3136 3140 3144 3148 3152 3156 3160 3164 3168 3172 3176 3180 3184 3188 3192 3196 3200 3204 3208 3212 3216 3220 3224 3228 3232 3236 3240 3244 3248 3252 3256 3260 3264 3268 3272 3276 3280 3284 3288 3292 3296 3300 3304 3308 3312 3316 3320 3324 3328 3332 3336 3340 3344 3348 3352 3356 3360 3364 3368 3372 3376 3380 3384 3388 3392 3396 3400 3404 3408 3412 3416 3420 3424 3428 3432 3436 3440 3444 3448 3452 3456 3460 3464 3468 3472 3476 3480 3484 3488 3492 3496 3500 3504 3508 3512 3516 3520 3524 3528 3532 3536 3540 3544 3548 3552 3556 3560 3564 3568 3572 3576 3580 3584 3588 3592 3596 3600 3604 3608 3612 3616 3620 3624 3628 3632 3636 3640 3644 3648 3652 3656 3660 3664 3668 3672 3676 3680 3684 3688 3692 3696 3700 3704 3708 3712 3716 3720 3724 3728 3732 3736 3740 3744 3748 3752 3756 3760 3764 3768 3772 3776 3780 3784 3788 3792 3796 3800 3804 3808 3812 3816 3820 3824 3828 3832 3836 3840 3844 3848 3852 3856 3860 3864 3868 3872 3876 3880 3884 3888 3892 3896 3900 3904 3908 3912 3916 3920 3924 3928 3932 3936 3940 3944 3948 3952 3956 3960 3964 3968 3972 3976 3980 3984 3988 3992 3996 4000 4004 4008 4012 4016 4020 4024 4028 4032 4036 4040 4044 4048 4052 4056 4060 4064 4068 4072 4076 4080 4084 4088 4092 4096 4100 4104 4108 4112 4116 4120 4124 4128 4132 4136 4140 4144 4148 4152 4156 4160 4164 4168 4172 4176 4180 4184 4188 4192 4196 4200 4204 4208 4212 4216 4220 4224 4228 4232 4236 4240 4244 4248 4252 4256 4260 4264 4268 4272 4276 4280 4284 4288 4292 4296 4300 4304 4308 4312 4316 4320 4324 4328 4332 4336 4340 4344 4348 4352 4356 4360 4364 4368 4372 4376 4380 4384 4388 4392 4396 4400 4404 4408 4412 4416 4420 4424 4428 4432 4436 4440 4444 4448 4452 4456 4460 4464 4468 
</DataArray>
<DataArray type="UInt8" Name="types" format="ascii">
9 9 9 9 9 9 9 9 9 9 9 9 9 9 9 9 9 9 9 9 9 9 9 9 9 9 9 9 9 9 9 9 9 9 9 9 9 9 9 9 9 9 9 9 9 9 9 9 9 9 9 9 9 9 9 9 9 9 9 9 9 9 9 9 9 9 9 9 9 9 9 9 9 9 9 9 9 9 9 9 9 9 9 9 9 9 9 9 9 9 9 9 9 9 9 9 9 9 9 9 9 9 9 9 9 9 9 9 9 9 9 9 9 9 9 9 9 9 9 9 9 9 9 9 9 9 9 9 9 9 9 9 9 9 9 9 9 9 9 9 9 9 9 9 9 9 9 9 9 9 9 9 9 9 9 9 9 9 9 9 9 9 9 9 9 9 9 9 9 9 9 9 9 9 9 9 9 9 9 9 9 9 9 9 9 9 9 9 9 9 9 9 9 9 9 9 9 9 9 9 9 9 9 9 9 9 9 9 9 9 9 9 9 9 9 9 9 9 9 9 9 9 9 9 9 9 9 9 9 9 9 9 9 9 9 9 9 9 9 9 9 9 9 9 9 9 9 9 9 9 9 9 9 9 9 9 9 9 9 9 9 9 9 9 9 9 9 9 9 9 9 9 9 9 9 9 9 9 9 9 9 9 9 9 9 9 9 9 9 9 9 9 9 9 9 9 9 9 9 9 9 9 9 9 9 9 9 9 9 9 9 9 9 9 9 9 9 9 9 9 9 9 9 9 9 9 9 9 9 9 9 9 9 9 9 9 9 9 9 9 9 9 9 9 9 9 9 9 9 9 9 9 9 9 9 9 9 9 9 9 9 9 9 9 9 9 9 9 9 9 9 9 9 9 9 9 9 9 9 9 9 9 9 9 9 9 9 9 9 9 9 9 9 9 9 9 9 9 9 9 9 9 9 9 9 9 9 9 9 9 9 9 9 9 9 9 9 9 9 9 9 9 9 9 9 9 9 9 9 9 9 9 9 9 9 9 9 9 9 9 9 9 9 9 9 9 9 9 9 9 9 9 9 9 9 9 9 9 9 9 9 9 9 9 9 9 9 9 9 9 9 9 9 9 9 9 9 9 9 9 9 9 9 9 9 9 9 9 9 9 9 9 9 9 9 9 9 9 9 9 9 9 9 9 9 9 9 9 9 9 9 9 9 9 9 9 9 9 9 9 9 9 9 9 9 9 9 9 9 9 9 9 9 9 9 9 9 9 9 9 9 9 9 9 9 9 9 9 9 9 9 9 9 9 9 9 9 9 9 9 9 9 9 9 9 9 9 9 9 9 9 9 9 9 9 9 9 9 9 9 9 9 9 9 9 9 9 9 9 9 9 9 9 9 9 9 9 9 9 9 9 9 9 9 9 9 9 9 9 9 9 9 9 9 9 9 9 9 9 9 9 9 9 9 9 9 9 9 9 9 9 9 9 9 9 9 9 9 9 9 9 9 9 9 9 9 9 9 9 9 9 9 9 9 9 9 9 9 9 9 9 9 9 9 9 9 9 9 9 9 9 9 9 9 9 9 9 9 9 9 9 9 9 9 9 9 9 9 9 9 9 9 9 9 9 9 9 9 9 9 9 9 9 9 9 9 9 9 9 9 9 9 9 9 9 9 9 9 9 9 9 9 9 9 9 9 9 9 9 9 9 9 9 9 9 9 9 9 9 9 9 9 9 9 9 9 9 9 9 9 9 9 9 9 9 9 9 9 9 9 9 9 9 9 9 9 9 9 9 9 9 9 9 9 9 9 9 9 9 9 9 9 9 9 9 9 9 9 9 9 9 9 9 9 9 9 9 9 9 9 9 9 9 9 9 9 9 9 9 9 9 9 9 9 9 9 9 9 9 9 9 9 9 9 9 9 9 9 9 9 9 9 9 9 9 9 9 9 9 9 9 9 9 9 9 9 9 9 9 9 9 9 9 9 9 9 9 9 9 9 9 9 9 9 9 9 9 9 9 9 9 9 9 9 9 9 9 9 9 9 9 9 9 9 9 9 9 9 9 9 9 9 9 9 9 9 9 9 9 9 9 9 9 9 9 9 9 9 9 9 9 9 9 9 9 9 9 9 9 9 9 9 9 9 9 9 9 9 9 9 9 9 9 9 9 9 9 9 9 9 9 9 9 9 9 9 9 9 9 9 9 9 9 9 9 9 9 9 9 9 9 9 9 9 9 9 9 9 9 9 9 9 9 9 9 9 9 9 9 9 9 9 9 9 9 9 9 9 9 9 9 9 9 9 9 9 9 9 9 9 9 9 9 9 9 9 9 9 9 9 9 9 9 9 9 9 9 9 9 9 9 9 9 9 9 9 9 9 9 9 9 9 9 9 9 9 9 9 9 9 9 9 9 9 9 9 9 9 9 9 9 9 9 9 9 9 9 9 9 9 9 9 9 9 9 9 9 9 9 9 9 9 9 9 9 9 9 9 9 9 9 9 9 9 9 9 9 9 9 9 9 9 9 9 9 9 9 9 9 9 9 9 9 9 9 9 9 9 9 9 9 9 9 9 9 9 9 
</DataArray>
</Cells>
<PointData>
<DataArray type="Float64" Name="phi" NumberOfComponents="1" format="ascii">
0.6447596237133478 
0.6558377789238601 
0.6653824409956175 
0.671373833543854 
0.6728934010940318 
0.6692047546791264 
0.746498439191942 
0.7574333756856568 
0.7658984501387196 
0.7702915879310813 
0.77022111076758 
0.7642957985095502 
0.8636080713062799 
0.8719366134838673 
0.8760484054033207 
0.8784626410349834 
0.8773887806302092 
0.869946825065547 
1 
0.9844390075585696 
0.9867184844991882 
0.9862404540753713 
0.9852070825015076 
0.9788894959347756 
1 
0.9844892392034376 
0.9867850844669825 
0.986330273349291 
0.9853268246776417 
0.979066480462023 
0.8637748908027405 
0.8721817648569907 
0.8763863791858422 
0.8789023655578541 
0.8779541273055091 
0.8706720487994178 
0.7467991092471823 
0.7578121935720443 
0.7663623403395166 
0.7708646937273779 
0.7709496164348727 
0.7652219598518042 
0.6451984743204769 
0.6563332833671652 
0.6659134389335153 
0.6719704856506339 
0.6736409179976613 
0.6702138115931443 
0.2421210932109741 
0.2422374211050176 
0.2424768188371265 
0.2453364146003434 
0.2522817819371975 
0.262711355978992 
0.2760808218672248 
0.2920055650793931 
0.3101503019604848 
0.3303294401637343 
0.352997835896041 
0.3781065351734799 
0.4055914770325268 
0.4352839169031405 
0.4668663580527495 
0.4996975500400064 
0.5330266115630597 
0.5656027660839761 
0.596065621437555 
0.6229600040687422 
0.6448878490091384 
0.6607696606320541 
0.2429611767549473 
0.2625510904041141 
0.2421326553255933 
0.2422771626610442 
0.2757420475570573 
0.2429549870346313 
0.594754351752942 
0.4049388154433605 
0.2425642817553169 
0.2456331861134816 
0.2523045294880015 
0.3776332788801681 
0.564407407320168 
0.6594995615111388 
0.6434882283556798 
0.6215408725305404 
0.5318713434157352 
0.49857713017372 
0.4657910477142347 
0.434404992840679 
0.3526663617604041 
0.3300240531298229 
0.3096426699927959 
0.2915176409617873 
0.7512510784728313 
0.8513653896365906 
0.9489495773848425 
0.948641134813289 
0.8504423165622296 
0.7501247372910533 
0.7284541954415296 
0.8186989437780929 
0.892249743657632 
0.8918221984940811 
0.8176297815676724 
0.7271885312732878 
0.6973328873417484 
0.7722790662024126 
0.8249694359979578 
0.8245398646136871 
0.7712170723668371 
0.6960302682863619 
0.6595367670637535 
0.7183036908316116 
0.7558326034710487 
0.7554569339667554 
0.7173407001272382 
0.6582965499478312 
0.6176173884666678 
0.6623793285162028 
0.6891314110508896 
0.6888185678830205 
0.6615452254413497 
0.616489998228828 
0.5743344603045859 
0.6079784360788925 
0.6271786295726604 
0.6269269070232102 
0.6072833513809648 
0.5733353361177854 
0.5318768905074079 
0.5570333078400407 
0.5709324147346226 
0.570731498691876 
0.5564614549016625 
0.5310027683802122 
0.4916454774718866 
0.5104222810061544 
0.5205529362142186 
0.5203871808420742 
0.5099378509354365 
0.4908669231230554 
0.454307374736728 
0.4683334444908638 
0.4757585372230254 
0.475618978145104 
0.4679236005902894 
0.4536479820407938 
0.4201192250273301 
0.4306068304999893 
0.4360712544327044 
0.4359554328327611 
0.4302715494621726 
0.419599843189114 
0.3891342803766045 
0.3969514368713239 
0.4009720357526735 
0.4008777870308317 
0.3966828359907012 
0.3887331491487284 
0.3612699138352529 
0.3670396953088125 
0.3699740711277049 
0.3698974891192752 
0.3668227115767221 
0.3609558397423507 
0.3363911537836008 
0.3405510224613077 
0.3426495396927922 
0.3425845688177515 
0.3403625280616234 
0.3361018335340931 
0.3143068940744176 
0.3171931915698499 
0.3186414023322596 
0.318583662479482 
0.3170156805368199 
0.3139950470037962 
0.2948171699486881 
0.2967327729567771 
0.2976851830362915 
0.2976378289313183 
0.2965799757291541 
0.2945242330930964 
0.2778850409433287 
0.27907355248948 
0.2796530445757284 
0.2796237136764668 
0.27897530110812 
0.2776877419057344 
0.2636940726120295 
0.264312402719433 
0.264606163624848 
0.2645969498020403 
0.2642822926746026 
0.2636229444417312 
0.2526023919467206 
0.2527785290371903 
0.2528536028407497 
0.252857841551743 
0.2527953254424923 
0.2526499028199578 
0.2452251454225859 
0.2450891785463713 
0.2450226287359173 
0.2450323061909719 
0.2451238966930104 
0.245300156373473 
1 
1 
1 
1 
1 
1 
1 
1 
1 
1 
1 
1 
1 
1 
1 
1 
1 
1 
1 
1 
1 
1 
1 
1 
1 
1 
1 
1 
1 
1 
1 
1 
1 
1 
1 
1 
1 
1 
1 
1 
1 
1 
1 
1 
0.8455198353918999 
0.7143092798647823 
0.6029659265950889 
0.6061364376898059 
0.6072329422730599 
0.6071016110173643 
0.607107693329499 
0.6073866000602511 
0.6059558172070804 
0.6057853804324991 
0.6064151887703425 
0.6069762412489629 
0.6074423814641955 
0.6078055292221184 
0.6081887458965051 
0.6086233131702874 
0.609189243888256 
0.6099003506475303 
0.610759000512853 
0.6117748471129468 
0.6131003468309392 
0.6149998494107843 
0.6176519853262628 
0.6214635681501689 
0.6268913603306159 
0.6346338654204822 
0.615058688825056 
0.6010655607688334 
1 
1 
0.6116063752786731 
0.6349745888022637 
0.6069265857069955 
0.6026084871912167 
0.608713879223826 
0.6076647957218384 
0.606922096640281 
0.6131156027403113 
0.6066850203733055 
0.6067717524496695 
0.6271674030397123 
0.60737158029628 
0.6081703208173711 
0.6078584780641592 
0.62165245358481 
0.6094479313126904 
0.6069786133714631 
0.6068490166846422 
0.6177931829906077 
0.6104361743053355 
0.6072922260595873 
0.6072478445986086 
0.6058526595900328 
0.601789658039412 
0.7135196635708906 
0.8451824047704961 
1 
1 
1 
1 
0.8581642727439623 
0.7376478374721407 
0.8542321390052657 
0.7313321841591764 
0.8520103158788515 
0.7271885892256907 
0.8505536044859811 
0.7244172916749385 
0.8495475266009034 
0.7224855417288002 
0.8488223578352235 
0.7210916013881373 
0.8482780978259067 
0.7200438941142266 
0.8478550800875737 
0.7192206080340348 
0.8475213174793803 
0.7185668058145785 
0.8472627387996605 
0.7180585208632114 
0.8470709238555669 
0.7176903189316252 
0.8469318877946629 
0.7174381698044777 
0.846822264919347 
0.7172454207935811 
0.8467240294475487 
0.7170485094344486 
0.8466402003105922 
0.7168652542601168 
0.846582752580478 
0.7167594386966597 
0.8465495868738511 
0.7167123252817447 
0.8465324807433718 
0.7166704541850121 
0.846536372759591 
0.71666739336354 
0.8465569637771084 
0.7167511734554989 
0.8465319508001681 
0.716806181935803 
0.8463307791793425 
0.7165203670989557 
0.8458983513178906 
0.715488389519379 
0.8454034385879219 
0.7141831220132127 
0.7374147032020228 
0.8580461316030842 
0.7311545248010153 
0.8541431954922604 
0.7270576718136899 
0.8519454875357029 
0.7243315768072174 
0.8505111951595419 
0.722444025815137 
0.8495297322393675 
0.7211124704502735 
0.8488359234190564 
0.7201493839372378 
0.8483310152195103 
0.7194190994467277 
0.8479482162325204 
0.7188306981813255 
0.8476444192266843 
0.7183469740386667 
0.8473969003414333 
0.7179555472173776 
0.847194456796739 
0.7176361733983596 
0.847026552211214 
0.7173585834585339 
0.846878400013761 
0.7170821226556288 
0.8467334309778828 
0.7167768497620219 
0.8465816632512531 
0.716448376054593 
0.8464412178415779 
0.7162420694789612 
0.8463722312079834 
0.7163893424162767 
0.8464132442946254 
0.716696581642532 
0.8465149006062801 
0.7168567016662805 
0.8465822017070121 
0.7168159522771501 
0.8465594654387897 
0.7165824717677701 
0.8463929516434084 
0.715798823367364 
0.8460621814774677 
0.7148107371778606 
0.8456871312950939 
0.2356379272888685 
0.2329741976520125 
0.231307196940492 
0.2306972687216736 
0.230710429102685 
0.2143288414484326 
0.1837404545434707 
0.1512747181649101 
0.1190582117637608 
0.08898610158063819 
0.06131380814730703 
0.04267564804949404 
0.02959013969135579 
0.02189141800980496 
0.01777221922750204 
0.01629512281802013 
0.01583045404976012 
0.01750234219674966 
0.02319803527414362 
0.03425620942712265 
0.05342514469743712 
0.08547441773419619 
0.1383206228283526 
0.2251071381326127 
0.3694025482675606 
0.01575298044280572 
0.2429975899278203 
0.2307489294545976 
0.2429889508510484 
0.2412431943015777 
0.2386853500364301 
0.5625101405355618 
0.548651690491509 
0.5394046266029374 
0.5566760808993637 
0.5665658902458551 
0.5013119904261123 
0.4928692278769643 
0.4822419765234735 
0.4795854924280122 
0.4803714431197253 
0.4828898075200835 
0.5197100589683173 
0.5122129270387242 
0.506891484733528 
0.529164632602421 
0.5030695540730767 
0.4970086390833874 
0.4862692428528041 
0.4817567400941417 
0.4757593448591012 
0.490341157088217 
0.4904095226963855 
0.4960412054093756 
0.4745791563702814 
0.4376357851903981 
0.4562718094050598 
0.4925566221811838 
0.5157411690292888 
0.5372984886768932 
0.5549918007394496 
0.5683362827809484 
0.5660994673051277 
0.3092180564502329 
0.3543141393568491 
0.4034981540772711 
0.4304432541554706 
0.4716433265979058 
0.4651585246084962 
0.4601833185238251 
0.4529911868459174 
0.4704844591990195 
0.4411460651996612 
0.475199442022486 
0.4764436021675006 
0.496459527946913 
0.4903302260169825 
0.3788967599444175 
0.3761816978231954 
0.3875870932774981 
0.4188302391677886 
0.3986325574253251 
0.4121608462164852 
0.4010526367056076 
0.3944485971598739 
0.4060303984094235 
0.387122101500892 
0.379665577223736 
0.3913214277257454 
0.3908935100682642 
0.3672432737716104 
0.376722982734753 
0.4283821464527061 
0.2757201706085731 
0.3248261765222646 
0.3776742422946887 
0.465046250325153 
0.4463024371892079 
0.480859623499397 
0.4038580293152552 
0.4189923084402338 
0.2909203067306025 
0.4258216683513375 
0.4890301136711054 
0.2633646937448521 
0.394955020589336 
0.3295703060685922 
0.2466031214949454 
0.4799274302386208 
0.3618835774531549 
0.3978195219843939 
0.2570033198774641 
0.3925866404700215 
0.3876216622029434 
0.3874285328366437 
0.3853283966246711 
0.3995225981409952 
0.3695375965156101 
0.3150141182348803 
0.2921167118731543 
0.3078347704109548 
0.3085771039844713 
0.3398087435779175 
0.3332294762425092 
0.3260128325858001 
0.2990009288747981 
0.2922490099407194 
0.3331698668873103 
0.3115152989810833 
0.3036455446566974 
0.3955454178762048 
0.3517880435215997 
0.3869914248271498 
0.4028977239635011 
0.4186570662639048 
0.3696380349430106 
0.3517551462991889 
0.3296698655147454 
0.3397501562485056 
0.4341149103155367 
0.3491052412390118 
0.2720004468904393 
0.2497280169602883 
0.3097186952751738 
0.3586495204285376 
0.3868189432009142 
0.3144861013589499 
0.3392702748936378 
0.2542229536419833 
0.3085930292770829 
0.2461149554156783 
0.2741043319070565 
0.3500071827147987 
0.3201690523442356 
0.2875985175553009 
0.3270951584921426 
0.2613287735067971 
0.3047483808835286 
0.3706994978008198 
0.3074024239140195 
0.2730098891343561 
0.2927610767201015 
0.3006272097750632 
0.3067414583753332 
0.2749223109562872 
0.2497656858102776 
0.2762728297406762 
0.2910950838283916 
0.3153490412737902 
0.2162574774486738 
0.3169704588831525 
0.3086944465408522 
0.2280033026782431 
0.2122160525215089 
0.2142915383802403 
0.1929179156158285 
0.2685387153037292 
0.2288898243159281 
0.2232921625103987 
0.2700967019729192 
0.270199442303662 
0.21736609961597 
0.2945591158571061 
0.2249964137490194 
0.2297788007487426 
0.2422494727445593 
0.2387705287537342 
0.2344104244366871 
0.2155528247200408 
0.2462624600232302 
0.1854067675227644 
0.2368583016203062 
0.1827510623723809 
0.1982141029351936 
0.1689995548621918 
0.2518491361302824 
0.2495566856600453 
0.2135676612939364 
0.2252716834882285 
0.2652963473848112 
0.1508886490551253 
0.1469233307266369 
0.1574167311945237 
0.2268338844796804 
0.2338432735625518 
0.2493712995968357 
0.2198928976125925 
0.2160275448313885 
0.2332369131719514 
0.2403303516007862 
0.2252494863896222 
0.2551211891303641 
0.03569709585792056 
0.02384137847404833 
0.01767422123715005 
0.05555826123585657 
0.08740782460862238 
0.164567098684223 
0.2412450980959876 
0.2210027029227531 
0.1471773872764693 
0.1824483984114081 
0.2138436161610364 
0.1420242676259747 
0.1607388065935668 
0.2528923898473326 
0.2083810509453991 
0.1505781615336739 
0.113142927850172 
0.1233538258380566 
0.1969690596327873 
0.1980348598929919 
0.2239481950283178 
0.2351827989900359 
0.2114701032639563 
0.2041093675918711 
0.1398215184023412 
0.02612072613147541 
0.03971945230870778 
0.1379878001404323 
0.06105439273685499 
0.148980054594968 
0.2442348006941542 
0.2453157658633899 
0.1533635861662881 
0.2330981105342957 
0.191882989333127 
0.1036802822469315 
0.1036330947335457 
0.1968473141503718 
0.1677063296526933 
0.2415796232716112 
0.1504287934241037 
0.1984555147037141 
0.1017655960717219 
0.1761498131146925 
0.1046373184529482 
0.2118988498541824 
0.2265953259569778 
0.1296718850039428 
0.1969732680680628 
0.1184461360773705 
0.0703857260949609 
0.04732489141446039 
0.2194678686218929 
0.1572977027661625 
0.1344932141541109 
0.08447425553897121 
0.06800113356526696 
0.09322325788185175 
0.1589338159210846 
0.1045035746790734 
0.1786215638559154 
0.2001266634475981 
0.1970595517742015 
0.05990179258409115 
0.03161125254078756 
0.1996565779345406 
0.08446120267358971 
0.1025941541145298 
0.1248024322994943 
0.1255709029039317 
0.1467635685502429 
0.106657978857293 
0.1879107678219788 
0.07836954499902016 
0.1790862809928407 
0.1764924215815677 
0.04314546852487048 
0.0844473227758176 
0.06073866894560785 
0.09635991599167328 
0.1317005667505537 
0.1819318319961369 
0.1815602265579762 
0.185763302564995 
0.1538668834676208 
0.02153580602739735 
0.09728734368776405 
0.08422434636284291 
0.1527309678538535 
0.1629405841463023 
0.1034546016477672 
0.03371163882586802 
0.1170379038212526 
0.07337881204081072 
0.05052091258130442 
0.07456703284853292 
0.0463136892025358 
0.06739621812291716 
0.09832311666649707 
0.08035988908969229 
0.1350416066917669 
0.07263923163221314 
0.05770973031392709 
0.1568755529058078 
0.03647840961212878 
0.1666501922350551 
0.1235221298069244 
0.01872228346967768 
0.02435102008144486 
0.05479927590069248 
0.03066633686126929 
0.03221021964819 
0.05436463852412883 
0.2537582902118378 
0.2453491987221181 
0.2190480462833226 
0.0413584255934232 
0.04541583030933715 
0.2635385442434575 
0.286162299826862 
0.3350590617894648 
0.4215135297956472 
0.4107954478695089 
0.254289244316626 
0.04492264739093607 
0.2655526808079365 
0.1305338114951491 
0.215359319809262 
0.2781170479547115 
0.3198004730980026 
0.3638815021949716 
0.3864575250521197 
0.2440602641507701 
0.3099758618703409 
0.112665476768812 
0.1277292596777348 
0.171717040240072 
0.2060623872393891 
0.2123623960703443 
0.2102426546187994 
0.1969607901035623 
0.219980453637516 
0.1663525343179944 
0.1795420356935453 
0.2327026299933213 
0.2757543641614376 
0.2964024958010973 
0.2627404796076671 
0.2390027503222448 
0.3368989694686855 
0.2792758793149989 
0.1899272326983399 
0.2225695927519106 
0.3695337128056897 
0.2712450555663394 
0.3259042597134357 
0.3229302418023882 
0.3433747026606408 
0.2367339483680827 
0.2586785058762007 
0.2709735447414323 
0.2680931266014813 
0.3132457380664794 
0.2994536664869583 
0.2427171831506102 
0.3877467652909725 
0.0885723756257237 
0.1842050667323604 
0.04466579182949725 
0.233531585493939 
0.02934089704154527 
0.06229117316480252 
0.1508286124335428 
0.1187446332382348 
0.01806292946778855 
0.2400437279060508 
0.03031510404707 
0.02176814933082153 
0.01723596330082131 
0.2301645638726165 
0.01584865153841172 
0.2301671292140658 
0.230453035110869 
0.01586133912736595 
0.02193318747827534 
0.248669524579046 
0.1609945587042254 
0.1041629594916014 
0.06770713170206304 
0.01627242942683899 
0.2367643537815806 
0.2144083771567661 
0.04227303692623938 
0.2422271810155694 
0.2313882150045112 
0.5706819843672339 
0.5574048223132546 
0.5457035964603362 
0.5655761108412475 
0.570233662991403 
0.5008729251865061 
0.5029655870545027 
0.5048741062212869 
0.5067047080965976 
0.5022144848374144 
0.4990072624447438 
0.522897873219608 
0.5063335758380589 
0.5128408576115957 
0.5331349744680055 
0.498647231023477 
0.5006354378465415 
0.5010167318794532 
0.5240940635569431 
0.4609702658713069 
0.4714908076591 
0.4907433580798841 
0.4966609722000231 
0.5064497855736151 
0.3821914933621396 
0.4312743550330301 
0.3592348177366637 
0.304409248758141 
0.2760800235037931 
0.5551993080468649 
0.5246191495101744 
0.5044501037299857 
0.4818003228446548 
0.5648400588676904 
0.5411452075726477 
0.4567927889551838 
0.404429278358163 
0.3795756830280236 
0.3393927201429551 
0.321084334221507 
0.2893846360776094 
0.2648079544966673 
0.2553052346084142 
0.4824705911894758 
0.4740219356947457 
0.463126929561422 
0.4847704487850117 
0.4513716259081914 
0.4815560980977878 
0.5074606719651666 
0.4536008139431474 
0.4809851449458875 
0.4160466167736094 
0.4142021172070109 
0.4207945779351014 
0.4912095542711759 
0.3997302788681383 
0.4276249022498863 
0.4165394104435743 
0.4014144521460241 
0.4007103847151709 
0.4077890010311631 
0.4080717181299823 
0.4217731165375962 
0.4115426059312804 
0.3481711204543957 
0.4038089471757068 
0.4380905466832216 
0.2701687628025062 
0.2852750749999053 
0.3944216526443236 
0.4299298639693706 
0.4432974057404835 
0.3722834269711501 
0.3367156534197538 
0.3228615225996243 
0.2968146575818338 
0.4127920135895589 
0.4548991732679807 
0.4652213247433779 
0.3443720812847914 
0.3091402749501978 
0.2624638849168021 
0.4741933608053567 
0.2469758706008682 
0.4106916997627056 
0.4077140110086622 
0.3820183220485477 
0.3956346836364756 
0.3735109321985646 
0.4109642059676242 
0.35685585876023 
0.3380797971704153 
0.3394319872040885 
0.3489810219688607 
0.3199602219928555 
0.3151963568300552 
0.3341509582639115 
0.3241273715645214 
0.3281409165241647 
0.3158453338872865 
0.3630826086269933 
0.3401095887834308 
0.3271883300508968 
0.4080397848528167 
0.3479610324781567 
0.3836800782434983 
0.3880832003807119 
0.3778355060329687 
0.369174751776102 
0.3941118459379879 
0.3579035487656004 
0.3425991797647821 
0.3032933854475905 
0.3047993479335246 
0.2774646383391622 
0.4015723588458537 
0.3673092890353944 
0.3755942884715187 
0.3384222359804464 
0.3102296397880366 
0.2554418957310526 
0.2642324956404388 
0.3481398303139632 
0.3048979213153608 
0.2919562474344128 
0.2640026227141484 
0.2566368228119804 
0.2544330711780852 
0.2586751649034949 
0.3035447437522038 
0.3238949906516345 
0.2840557327711523 
0.2779068009573343 
0.3387144448651279 
0.3111406416542728 
0.2719935856464367 
0.3927466438492316 
0.2382381800149583 
0.2704935192378928 
0.2708370813148722 
0.2088213714904784 
0.2599199894056963 
0.2360972774296871 
0.2517617705295696 
0.3001849339758569 
0.347832930242869 
0.2425699841326021 
0.2389717754822966 
0.3254195498405435 
0.3439697387509626 
0.2490711460269418 
0.19567851026248 
0.2718553104956653 
0.2589291017224834 
0.1853641809309309 
0.218310964324756 
0.3270632850583509 
0.0320543677352467 
0.0473246054295034 
0.1664170481930355 
0.1084389756842554 
0.07118651661544079 
0.01754032991956927 
0.1766738504985728 
0.2326957781644226 
0.2770136329643549 
0.2850046032099353 
0.192281244378998 
0.2013848444502611 
0.2920392443030777 
0.2941873117990957 
0.2524591762520903 
0.2354246223493697 
0.2322820292455315 
0.1723083566775276 
0.1670371310261118 
0.1499581532109941 
0.1781481578366899 
0.02254323696514347 
0.03587040367909164 
0.07591978267157216 
0.1123164748815252 
0.05174547563127387 
0.2490966066914779 
0.2651888467266243 
0.2303326496996662 
0.2250048977473084 
0.2200163372812889 
0.216157745364956 
0.2356556475972847 
0.1727484136420657 
0.1827632031960868 
0.2597723543749816 
0.1393725939103181 
0.2165611556178401 
0.2374331052539043 
0.1714950521417991 
0.1788024835580477 
0.2551059079811364 
0.1719759254507855 
0.1629534243357389 
0.1152147429581086 
0.0807033400656324 
0.05736663670896136 
0.04177933579365439 
0.02555790654328778 
0.2564073998095165 
0.239463342725825 
0.2144981112202627 
0.2255887071721428 
0.2349122930604311 
0.2404657997398453 
0.2394746430971771 
0.2488615124621726 
0.1139719825044212 
0.1790769775772914 
0.137610316223809 
0.1221237208054711 
0.1202528856638241 
0.1072902903325057 
0.134240887220755 
0.2126906411749429 
0.1224298881560442 
0.2357497186697324 
0.181022018769514 
0.2427580292301831 
0.0625887839738954 
0.082920533339383 
0.03148341401927871 
0.1866832784104816 
0.2235033121554093 
0.2075990076663613 
0.1334572578174277 
0.1994522950473639 
0.2377646083897088 
0.0870091384823507 
0.0702503220285001 
0.1355282449954928 
0.08451697933431329 
0.2538138065005081 
0.1945265491763672 
0.2151324274329904 
0.1132947219694414 
0.05052906923427148 
0.142533604554478 
0.2014851880550985 
0.08235354578584432 
0.156922019917453 
0.1125202264962598 
0.05049223833368061 
0.06408558706310613 
0.1948065872994525 
0.09923359684877987 
0.0541271557903592 
0.02551532972043122 
0.225127860686027 
0.1309264866014987 
0.1085454164748012 
0.1870367319226358 
0.1003993931893354 
0.1711086671570174 
0.1259560987507967 
0.02846043307249012 
0.08333670027587976 
0.04107612952325326 
0.01886830448561195 
0.1851617243673085 
0.1582847621512664 
0.1754129772534391 
0.2075537001005054 
0.03780829889137907 
0.158438539937186 
0.02029689814420995 
0.1049753142425579 
0.07016910016236112 
0.05087745997944875 
0.1894425670093074 
0.030617410177629 
0.1308151865415221 
0.09280950461417675 
0.03131105802499574 
0.06744635677327772 
0.04639087232652025 
0.1225802510858742 
0.07138175413103981 
0.02382259284885614 
0.4551461943940425 
0.2441325101272 
0.4202888226626001 
0.4238474053664873 
0.2767866245410379 
0.3801119899481537 
0.2479377426415049 
0.1476590142500006 
0.1546986768950556 
0.3474065624921223 
0.2708065706562025 
0.03911092035706062 
0.2321543177435022 
0.2782984367700408 
0.2793141866331277 
0.2889635366506692 
0.3115351727703454 
0.3308895524889229 
0.04521117096044331 
0.3155808095177162 
0.294678397389547 
0.2876103704524667 
0.2334719097768514 
0.06480704997921112 
0.1001117528687339 
0.2329049621312486 
0.2878747647813052 
0.2208090845350207 
0.3057742906192079 
0.3266525735993052 
0.3293850794191789 
0.3262047177669086 
0.2796960252334497 
0.2673733705026928 
0.2777523937547491 
0.2959252361349132 
0.3327253220423946 
0.3171942928585779 
0.2913468080150103 
0.2717257582740309 
0.2458989343422909 
0.2467523316013412 
0.1454099678729266 
0.08085504716212324 
0.2647290457150022 
0.222467254064109 
0.1932631880946394 
0.2286842104534706 
0.2725953227674316 
0.2875456138549963 
0.3064042806114908 
0.2147844136788999 
0.2101053415946595 
0.2930520438384506 
0.218583979919472 
</DataArray>
<DataArray type="Float64" Name="displacement" NumberOfComponents="3" format="ascii">
0.0001196343997621097 0.0002578253459094762 0 
9.044716858971006e-05 0.000310137783683926 0 
5.888851369337659e-05 0.000372752130199021 0 
2.593786960064675e-05 0.0004514730795059353 0 
-8.234245399676926e-06 0.0005572000651922182 0 
-4.316633148185721e-05 0.0007033341252419857 0 
8.556884498505489e-05 0.000281032893057855 0 
5.176922092558862e-05 0.0003372587515697478 0 
1.397356775913773e-05 0.0004021795049046354 0 
-2.465259189168734e-05 0.0004820824956889469 0 
-6.357578559649529e-05 0.0005953125037976613 0 
-9.620612960809076e-05 0.0007657646786315894 0 
5.627799161633543e-05 0.0003078514435166188 0 
1.723697758734374e-05 0.0003744248194235936 0 
-3.187073893519043e-05 0.0004433067275696044 0 
-8.343379617418527e-05 0.0005249758027160357 0 
-0.0001196592758867086 0.0006477870722263683 0 
-0.000137233438800138 0.0008591303336430686 0 
5.201406887187135e-05 0.0003299551619619163 0 
9.217021149921905e-06 0.0005212223438186228 0 
-9.886063291899513e-05 0.0005951263055844709 0 
-0.0001467779382182946 0.0006805273716941222 0 
-0.000165442440596762 0.0008105954344986064 0 
-8.31672587177998e-05 0.001152976534254664 0 
5.58671319625463e-05 0.005407772665976833 0 
1.273601535576372e-05 0.005215967532879188 0 
-9.584342207621265e-05 0.005141624361814119 0 
-0.0001440611413274375 0.005055641284120857 0 
-0.0001627582776363048 0.004924786969591434 0 
-7.973061917399201e-05 0.004579689885807065 0 
6.011688316983621e-05 0.00542991376387887 0 
2.09529507140487e-05 0.00536331363551357 0 
-2.838731823664929e-05 0.005294336055094106 0 
-8.02438066865254e-05 0.005212340039010039 0 
-0.0001166902983100206 0.005089056702069081 0 
-0.0001344180667653952 0.004876870077561139 0 
8.939053866223599e-05 0.005456803656871703 0 
5.55092208559605e-05 0.005400624072125306 0 
1.755531198607091e-05 0.005335710441869175 0 
-2.135164496311014e-05 0.005255470917006554 0 
-6.044609283726934e-05 0.005141790646809178 0 
-9.34486425847301e-05 0.004971017681639159 0 
0.000123415194823803 0.005480111138449937 0 
9.40824148336344e-05 0.005427798787737402 0 
6.263486570916283e-05 0.005365207512614322 0 
2.975566909127288e-05 0.005286316882817345 0 
-5.413562592737465e-06 0.005180047734372455 0 
-4.025836098096272e-05 0.005033756506354697 0 
-0.001269287014979017 0.002897632187759149 0 
-0.001256517541926928 0.002959124473744121 0 
-0.001231341824649398 0.003022130898307619 0 
-0.001157659168830296 0.003133570788050254 0 
-0.001115928194832855 0.003170328768438842 0 
-0.001071790896805579 0.003201714223549317 0 
-0.001025748497469563 0.00323065000489192 0 
-0.0009778813021365754 0.003259201388302248 0 
-0.0009282044930462045 0.003288899982184651 0 
-0.0008771298777090626 0.003321255146909873 0 
-0.0008246254290848181 0.003359224336443716 0 
-0.0007702477080724541 0.003403481051492539 0 
-0.0007131230577747135 0.003456381321977289 0 
-0.0006522314211333166 0.003520867914655934 0 
-0.0005866601391064174 0.003600393961147539 0 
-0.0005161650184806127 0.003700211060371179 0 
-0.0004402842694688742 0.00382743779400674 0 
-0.0003605881329142993 0.003983853673913231 0 
-0.0002792028783005064 0.0041715646647847 0 
-0.0002013105084945318 0.004387664908237742 0 
-0.0001334656399092415 0.004619148085806468 0 
-8.051279254085493e-05 0.004842523486813515 0 
-0.001195263799962207 0.003087303204269242 0 
-0.001069918276188257 0.002530560608114547 0 
-0.001269258865329241 0.002836698817371378 0 
-0.001256471883871498 0.002775248181164617 0 
-0.001023714893894083 0.002502008154071203 0 
-0.001196199258638845 0.00264771735474999 0 
-0.0002792801079303069 0.001562666009990703 0 
-0.0007120388988648588 0.002276837732083756 0 
-0.001231504231699849 0.002712356917491385 0 
-0.001158515363438371 0.002600973350933033 0 
-0.00111495551115686 0.002562036223213117 0 
-0.0007693965988464485 0.002330358631317575 0 
-0.0003605792995675631 0.001750030963734759 0 
-8.314803121817417e-05 0.0008939746704951135 0 
-0.0001352534327115425 0.001116425719762112 0 
-0.0002019800368847974 0.001347016363347419 0 
-0.0004403776660282471 0.001905589429015036 0 
-0.0005158058084058286 0.002031317433976866 0 
-0.0005860170409033058 0.002131913781153483 0 
-0.0006511059169736879 0.00221204666996389 0 
-0.0008239701715764494 0.002374551092717265 0 
-0.0008764175667651264 0.002411859166511724 0 
-0.0009270854435346529 0.002444417637532889 0 
-0.0009761426823982239 0.00247392618668991 0 
-0.0001315763049324162 0.004730650314386176 0 
-0.0001627385612264863 0.004532430099512425 0 
-8.607726261448149e-05 0.003897696783916962 0 
-8.919450160289344e-05 0.001828861922123987 0 
-0.0001651342375971223 0.00120145101114069 0 
-0.0001338856738789634 0.00100502227701297 0 
-0.0001897266260506148 0.004446727332864287 0 
-0.0002329932145349646 0.004141256689199688 0 
-0.0002236668954923557 0.003443995189690622 0 
-0.0002252576762639334 0.002280872733904175 0 
-0.0002346881494653902 0.00159014496474338 0 
-0.0001913904304721334 0.00128743090253801 0 
-0.0002682535917816994 0.004168416319335195 0 
-0.0003294915295498437 0.003819694951687 0 
-0.0003590366486527588 0.003237788314867374 0 
-0.0003596283880878199 0.002488440039287472 0 
-0.0003304039449860389 0.001910505967052774 0 
-0.0002692283557406504 0.001564611222356573 0 
-0.0003555706213603975 0.003931003232038856 0 
-0.0004253476117993968 0.003592836925891098 0 
-0.0004672955248387036 0.003129364198995557 0 
-0.0004674163712501534 0.002598527427817241 0 
-0.0004256087182986085 0.002137384006061835 0 
-0.0003559273280835597 0.001801604623369587 0 
-0.0004411696755540111 0.00374315123237106 0 
-0.0005113840040468915 0.003437290626758771 0 
-0.0005534581397125053 0.00306541496273132 0 
-0.0005533511536639757 0.002663687203441908 0 
-0.000511138989535184 0.002293213480846468 0 
-0.0004410189180450208 0.001989230886569095 0 
-0.0005204289593116498 0.003598842730337031 0 
-0.0005863830987507218 0.003329400786199022 0 
-0.000624590688485272 0.00302453878651169 0 
-0.0006243881229864421 0.002705306507923464 0 
-0.0005858759868180629 0.002401198320552614 0 
-0.0005198515044924729 0.002132909336536279 0 
-0.000592002858879168 0.003489269650171808 0 
-0.0006521245807774039 0.003252938815884761 0 
-0.0006858248213305657 0.002996932868275189 0 
-0.0006856269060727294 0.002733478136431661 0 
-0.0006516084883097102 0.00247779492473831 0 
-0.0005914177190000614 0.002241912107949508 0 
-0.0006569963353560404 0.003406682840276217 0 
-0.0007110736618497071 0.003197657702547984 0 
-0.0007406669594206448 0.002977578309868535 0 
-0.0007405077855346936 0.002753490057906093 0 
-0.0007106508632827686 0.002533600875612246 0 
-0.0006564264006198607 0.002324951844723681 0 
-0.0007169087634466357 0.003343399284270798 0 
-0.0007654080104025091 0.003156610520847286 0 
-0.0007914730981834855 0.002963532462491052 0 
-0.0007913367719398308 0.002768274197255261 0 
-0.0007650150537342757 0.002575374507207843 0 
-0.0007162536287965875 0.002388942976841741 0 
-0.0007728595006115453 0.003293655838920117 0 
-0.0008166090270541026 0.003125113871768642 0 
-0.0008397604847979135 0.002952921999749744 0 
-0.0008396182968787177 0.002779541489770694 0 
-0.00081619749398342 0.002607533904759214 0 
-0.0007721748471916357 0.002439299187508584 0 
-0.0008258142917809148 0.003253601228757024 0 
-0.0008656780989189267 0.00310013060127296 0 
-0.0008864779183679227 0.002944550392948247 0 
-0.0008863103291884771 0.002788330091919027 0 
-0.0008652020297255118 0.002632942052267149 0 
-0.0008251199103214223 0.002479826842765282 0 
-0.0008766458408174626 0.003220504437509469 0 
-0.0009133069299049681 0.003079697192463088 0 
-0.0009322391734250117 0.002937679692035317 0 
-0.0009320407219551189 0.002795312407831598 0 
-0.0009127499053775579 0.002653440296538478 0 
-0.0008758510273389735 0.002512910091292701 0 
-0.0009258995603882509 0.00319254569028991 0 
-0.000959988263512703 0.003062567983645772 0 
-0.0009774600794583588 0.00293188769403476 0 
-0.0009772428515294411 0.002801008190349329 0 
-0.0009593784035867202 0.002670395578183567 0 
-0.0009250535545792339 0.002540518830025972 0 
-0.0009740906930248419 0.00316858248757086 0 
-0.001006081486612428 0.003047882787690259 0 
-0.001022415526039604 0.00292691426693859 0 
-0.001022189577905351 0.002805863511735809 0 
-0.001005433384344379 0.002684931783145881 0 
-0.000973125022100123 0.002564355135668644 0 
-0.001021438998693329 0.003146987115591408 0 
-0.001051746538890469 0.003034742553274012 0 
-0.001067195449901622 0.002922501665920218 0 
-0.001066970597590268 0.002810257720734372 0 
-0.001051062213669322 0.002698015635058498 0 
-0.001020264829890036 0.002585846607099435 0 
-0.001067766875428957 0.003126344413154256 0 
-0.00109683737320816 0.003022255375658253 0 
-0.001111623585940424 0.002918371294363132 0 
-0.001111430828290127 0.00281453840180823 0 
-0.001096204762740844 0.002710567293319656 0 
-0.00106653850109889 0.002606362405116937 0 
-0.00111277307771463 0.003105299460176691 0 
-0.001140916780442993 0.003009518184991733 0 
-0.001155191009308799 0.002914213178259436 0 
-0.001155068001562354 0.002819049614222246 0 
-0.001140505399314719 0.002723595513347275 0 
-0.001111844280063612 0.002627447751026302 0 
-0.001155945394961034 0.003082256874439268 0 
-0.001183197985263428 0.002995506370659903 0 
-0.001196982375331244 0.002909661301342042 0 
-0.001196934448136122 0.002824095579817895 0 
-0.001183057647204804 0.002738169229747869 0 
-0.001155716407519872 0.002651114830525775 0 
-0.001196219808127529 0.003055132646358132 0 
-0.001222340881928657 0.002979101200328732 0 
-0.001235640088184978 0.002904287771034632 0 
-0.001235618015188146 0.002829890564962973 0 
-0.0012223260385071 0.002755148255260148 0 
-0.001196362455105166 0.002679289752691368 0 
0.0003536326107634857 0.005774221748503545 0 
0.0003515229945663198 0.005765972520016802 0 
0.0003485106396545653 0.005757680306132679 0 
0.0003444646940504912 0.005749248282446308 0 
0.000339264732830691 0.00574055891676919 0 
0.0003327724957838481 0.005731535490093605 0 
0.000324862136050532 0.00572199079294554 0 
0.000315443859556534 0.005711770904721092 0 
0.0003043838235076837 0.005700835458755921 0 
0.0002916567152964246 0.005688908227734079 0 
0.000277141937717032 0.005675762973660795 0 
0.0002607576837224029 0.005661183451987959 0 
0.0002424461811914067 0.005644966790142408 0 
0.0002221824003117705 0.00562683232125793 0 
0.0001999954280856509 0.005606538070114299 0 
0.0001759958761125397 0.005583747268226 0 
0.0001503768965356962 0.005557996527686114 0 
0.0001234127755945479 0.005528775222307562 0 
9.558048713507821e-05 0.00549529923145251 0 
6.740458370652109e-05 0.005456142643451979 0 
6.355527074296914e-05 0.000281533780263037 0 
9.170995534222286e-05 0.0002423935598581675 0 
0.000119538438618183 0.0002089498995309001 0 
0.0001465115148418889 0.0001798216801209307 0 
0.000172143777142749 0.0001541496847827433 0 
0.0001961497369378153 0.0001314885445545202 0 
0.0002183315868446595 0.0001113220458361942 0 
0.0002385894287058115 9.322639534149575e-05 0 
0.000256910270487692 7.699088020652256e-05 0 
0.0002733272400188342 6.23592324456515e-05 0 
0.0002878974521584671 4.910560275509737e-05 0 
0.0003006972235558091 3.70417669157253e-05 0 
0.0003118375779378286 2.598103852535379e-05 0 
0.0003213302440924167 1.567441252503523e-05 0 
0.0003292900871709217 6.028499848443917e-06 0 
0.0003358394964067665 -3.118140052768503e-06 0 
0.0003411033467860369 -1.183651052353767e-05 0 
0.0003451566912858948 -2.018188383853905e-05 0 
0.0003481492114572724 -2.845565205856748e-05 0 
0.000350252397127297 -3.668708040588281e-05 0 
0.0003516115549810976 -4.496514097032015e-05 0 
0.0003523494510476116 -5.341054862886352e-05 0 
0.0003526534756879372 -6.19935650152086e-05 0 
0.0003527414658939458 -7.068763372760022e-05 0 
0.000360058286012897 -7.941013781234293e-05 0 
0.0003672925957780459 -7.939904853018186e-05 0 
0.0003745723043728216 -7.071222773718678e-05 0 
0.0003746270689652574 -6.243852102168855e-05 0 
0.0003743357448876571 -5.472990301056126e-05 0 
0.0003736595783297665 -4.750771892896666e-05 0 
0.0003724730883812106 -4.073343652018344e-05 0 
0.0003706593388249746 -3.424233571621762e-05 0 
0.0003681795655511268 -2.800131112949469e-05 0 
0.0003649674236163447 -2.207852678053646e-05 0 
0.0003608961274769484 -1.595640819650994e-05 0 
0.0003557599890379266 -9.689903338709311e-06 0 
0.0003495153471234091 -3.13023704473665e-06 0 
0.0003421063589215358 3.870050184189656e-06 0 
0.0003334889773210249 1.148200665365211e-05 0 
0.0003236001557010967 1.989363774507386e-05 0 
0.0003123847981295065 2.93338783345036e-05 0 
0.0002997846999652333 4.001995161956594e-05 0 
0.0002857618345437141 5.220781593866261e-05 0 
0.0002703179800483914 6.619221654969967e-05 0 
0.0002534518526822607 8.219551356192861e-05 0 
0.0002351380848259679 0.000100774301585494 0 
0.0002153508733016636 0.0001225268361092707 0 
0.0001940373713322356 0.0001480544404531754 0 
0.0001711326753564896 0.0001783228144546261 0 
0.0001464304850573534 0.0002143327694209053 0 
0.0002391494521843949 0.005637116833568795 0 
0.0003778305875110169 0.005816926392314213 0 
0.000356106456009509 0.005816936087160294 0 
0.000352758612358716 -7.940404358254986e-05 0 
0.0002743390998760131 0.005671936558491258 0 
0.0001503280640855318 0.005523451885423071 0 
0.0003758883287237074 0.005778232180323191 0 
0.0003745101539410242 -7.938602035695039e-05 0 
0.0003160199040242659 0.005708580251251198 0 
0.0003454359981922012 0.00573369379958974 0 
0.0003683321002012805 0.005759483496027254 0 
0.0002574899557175409 0.005655828632611016 0 
0.0003741178686490409 0.005771794393163783 0 
0.0003716369630705435 0.005765590543815759 0 
0.0001750817639138713 0.005559429797353946 0 
0.0003527833135514605 0.005740657607027085 0 
0.000327101903606346 0.005717906476655877 0 
0.0003368888791754879 0.005726189513262587 0 
0.0001980160297634187 0.00558967697839063 0 
0.0003035726351407883 0.005697976243122435 0 
0.0003589886381829508 0.005747195856089692 0 
0.0003641385948002611 0.005753368405560488 0 
0.0002193441654148044 0.005615292403735282 0 
0.0002897046891646363 0.005685878817632301 0 
0.0003770454556591103 0.0057850320636505 0 
0.0003776992772333171 0.00579227076632467 0 
0.0003779707842726459 0.005799913183011578 0 
0.0003778880678955788 0.005808241621254455 0 
0.0003706218604712655 0.005816932548808973 0 
0.0003633975993864922 0.005816943785449544 0 
0.0003560881653191513 0.00580823341067258 0 
0.0003560080837525989 0.00579953336622498 0 
0.0003557217575397414 0.005790962822811399 0 
0.0003549866280317554 0.005782523698308305 0 
9.057398109852245e-05 0.005479693447957312 0 
0.0001193955100177954 0.005502638417315865 0 
0.0001190011905297869 0.005518566757391626 0 
0.0001466486165862716 0.005540345498566604 0 
0.0001464417765333403 0.005551349982762669 0 
0.0001720995832335198 0.005571944667309463 0 
0.000172458779909784 0.005579561024051864 0 
0.0001958912287396373 0.005598836441590316 0 
0.0001967709616649204 0.005604033404689737 0 
0.0002179999706898652 0.00562189908737674 0 
0.000219235712888918 0.005625408653357484 0 
0.0002384031177284895 0.005641831880670189 0 
0.0002398101060190878 0.005644173758240578 0 
0.0002571051620918791 0.005659157445462698 0 
0.0002585059750295787 0.005660735898524193 0 
0.0002741147147509338 0.005674301717788866 0 
0.0002753607883037903 0.005675384407570753 0 
0.0002894719841605131 0.005687575426475066 0 
0.0002904302300140915 0.005688432042499122 0 
0.0003032207416375151 0.005699296439248642 0 
0.000303777818629425 0.005700098836120318 0 
0.0003154305534658181 0.005709692479019454 0 
0.0003154788389719429 0.00571061830125757 0 
0.0003261627677328437 0.005718996618642523 0 
0.0003256196227779137 0.005720246809818754 0 
0.0003354860945732732 0.005727476539657611 0 
0.0003342996740011888 0.005729202898282349 0 
0.0003434834738208786 0.005735361813191398 0 
0.0003416268696710197 0.005737591693891196 0 
0.0003502439102125401 0.00574276020300733 0 
0.0003476658230322898 0.005745518289720536 0 
0.0003558383991269346 0.005749740857881072 0 
0.000352517285785434 0.005753210518852012 0 
0.0003603553409128215 0.005756578489736468 0 
0.000356299871106013 0.005760752580861199 0 
0.0003639007224931844 0.005763352104444391 0 
0.000359123821563575 0.005768246769679631 0 
0.0003665662681003864 0.005770154296249819 0 
0.0003611090920447569 0.005775801167302465 0 
0.0003684476554900671 0.005777108310313708 0 
0.0003623913083688782 0.005783524542370184 0 
0.0003696610269904468 0.00578434421411093 0 
0.0003630848413475409 0.005791485353483353 0 
0.0003703462067211947 0.005791916997265388 0 
0.0003633448821612643 0.005799713991476962 0 
0.0003706001292769116 0.0057998448418079 0 
0.0003633975717652823 0.005808272638634824 0 
0.0003706442725767272 0.005808286320142377 0 
0.0001155012289222264 0.0002350962485949264 0 
8.668961052042851e-05 0.0002580067897959244 0 
0.0001427158124673228 0.0001973799377695367 0 
0.0001150928481847943 0.0002191413091376853 0 
0.0001681540277327924 0.0001657795779444954 0 
0.0001425288776107242 0.0001863736786633299 0 
0.000191941311042842 0.0001389724408497214 0 
0.0001685526703181446 0.000158248790710219 0 
0.0002140470633705396 0.0001159843866308112 0 
0.0001928734519993446 0.0001338537823167957 0 
0.0002344540333870925 9.618912295268939e-05 0 
0.0002153428621645905 0.0001126151456119505 0 
0.0002531649187925934 7.899246733119172e-05 0 
0.0002359199302265534 9.398460444399917e-05 0 
0.0002702172704028801 6.385623524297627e-05 0 
0.000254628626054289 7.745595584346194e-05 0 
0.0002856538407698613 5.052238117337771e-05 0 
0.0002715230607358039 6.277030779613234e-05 0 
0.0002995074219087013 3.871371805825086e-05 0 
0.0002866582024238717 4.965058685097995e-05 0 
0.0003118209577105187 2.819201804677585e-05 0 
0.0003000871641485539 3.785953023080539e-05 0 
0.0003226497123448842 1.874278675216485e-05 0 
0.000311875366288768 2.719366276110669e-05 0 
0.0003320597294660298 1.014366352019106e-05 0 
0.0003221011908408162 1.743815238630825e-05 0 
0.0003401199693244608 2.203851217340709e-06 0 
0.0003308494386001175 8.405535164621221e-06 0 
0.0003469089225308893 -5.245378212977131e-06 0 
0.0003382150445102655 -6.114901687709733e-08 0 
0.0003525048074365898 -1.235146918000653e-05 0 
0.0003442843475118965 -8.116207713501416e-06 0 
0.0003570197115704984 -1.922046477676663e-05 0 
0.0003491663271561264 -1.584046096987093e-05 0 
0.000360520950760715 -2.58181490926663e-05 0 
0.0003529449696942603 -2.324970373335739e-05 0 
0.0003631490011288465 -3.259763064705024e-05 0 
0.0003557435188602097 -3.070962431257937e-05 0 
0.0003650429679616021 -3.957959939005637e-05 0 
0.0003577212772383177 -3.826287148365229e-05 0 
0.0003662799508920726 -4.680425203247741e-05 0 
0.0003590121477510914 -4.597276453982622e-05 0 
0.0003669737060289507 -5.437084592439644e-05 0 
0.0003597110310512905 -5.393594506350736e-05 0 
0.0003672537488017537 -6.234294743249415e-05 0 
0.0003599913131055665 -6.219136585890154e-05 0 
0.0003673114712279879 -7.075357279196947e-05 0 
0.0003600563823592185 -7.073315372613125e-05 0 
-0.000350660661739924 0.004304554013267896 0 
-0.0002214234987641516 0.004592020347409128 0 
-0.000121580799591444 0.0048797943334307 0 
-5.083169817080827e-05 0.005166496583936541 0 
-8.639097223478983e-06 0.005452264354230634 0 
0.0002010686509610413 0.005737636545226619 0 
0.0003538083668284092 0.005737636545226619 0 
0.0004719358838286508 0.005737636545226619 0 
0.0005482032025085415 0.005737636545226619 0 
0.0005912912102799179 0.005737636545226619 0 
0.0006124118589111935 0.005737636545226619 0 
0.0006031542587706859 0.005737636545226619 0 
0.0005905386718162189 0.005737636545226619 0 
0.0005754901815899207 0.005737636545226619 0 
0.0005617400826653457 0.005737636545226619 0 
0.0005495901693411116 0.005737636545226619 0 
0.0005399751953889494 0.005737636545226619 0 
0.0005271214445524056 0.005754218515715014 0 
0.0005189449375802107 0.005770093586496518 0 
0.0005056480127908978 0.005784389716428182 0 
0.0004880674795144386 0.005796332919196431 0 
0.0004674279151539253 0.005805385541608157 0 
0.0004450757875760391 0.005811455837829868 0 
0.0004222296037913964 0.005814876718682695 0 
0.0003996853343124576 0.005816344155144095 0 
0.0005298167119246756 0.005737636545226619 0 
-0.001058554316883516 0.003278531193212311 0 
5.607798362648057e-06 0.005737636545226619 0 
-0.000877273352536434 0.003499695865306629 0 
-0.0006882582743521971 0.003750226725893889 0 
-0.0005081036268740606 0.004021596074455283 0 
8.775663520395751e-05 0.005313223585879961 0 
0.0001401576435960617 0.005450453164710153 0 
0.0001639435849623436 0.00550010854015716 0 
0.000114959357569888 0.005390044463917469 0 
5.694808632142899e-05 0.005212614695774661 0 
0.0002787190154600588 0.005667209285512878 0 
0.0003074142988347468 0.00569555187179738 0 
0.0003325055229621288 0.005717491181554888 0 
0.0003428507076476076 0.005726188417776805 0 
0.0003515149158481637 0.005733504798586467 0 
0.0003588609424547398 0.005739925240448348 0 
0.0002078531720715915 0.005575390881739487 0 
0.0002276817963477789 0.005604289142470823 0 
0.0002462149340262174 0.005628972122218766 0 
0.0001866302409847902 0.005541230151175056 0 
0.0002634123515163972 0.005649913197961222 0 
0.000293563346003752 0.005682349931802063 0 
0.0003208383991828036 0.005707444671658478 0 
0.00036564157499711 0.005746037021011743 0 
0.000371952707977425 0.005751999149899945 0 
0.0003787295277226631 0.005761981905843163 0 
0.0003815863631195922 0.005767217609886808 0 
0.0003848637314228861 0.0057780543342182 0 
0.0003886289327529689 0.005789751637890421 0 
0.0003926421998664015 0.005795994139976494 0 
-0.000426506351760421 0.003905984526144532 0 
-0.0002582932968698119 0.004221220230575914 0 
-0.0001848396496121955 0.004388864866207267 0 
-0.000119470577734513 0.00456761163260948 0 
-6.317890523836827e-05 0.004751737301381375 0 
2.348302841668257e-05 0.005086283047627348 0 
-1.595039315843911e-05 0.00493066535184573 0 
-0.0008455186702154886 0.00343939543258654 0 
-0.0006928841293851233 0.003584633347730656 0 
-0.0005600114589652122 0.003726730946526041 0 
-0.0004953943627630462 0.003807196587392428 0 
-0.0003387637238377815 0.004064461911228732 0 
0.0001655472032828023 0.005411628034893101 0 
0.0001846897196831386 0.005469048073563222 0 
0.0002033162956737666 0.005515766358791837 0 
0.0001432516158769164 0.005338193268885885 0 
0.0002229454768297832 0.00555496734628724 0 
0.0001164948576373487 0.005243610819365329 0 
0.0003764407769480147 0.005757229872754174 0 
0.000385974345914834 0.005783908612939738 0 
0.0003837696049672034 0.005772540332932912 0 
0.0003678049202257079 0.005739763523926944 0 
0.0003606224318963708 0.005733206730726095 0 
0.000372854738776898 0.00574499262195208 0 
0.0002593148183804845 0.005616012625063199 0 
0.0003154062392482355 0.005690800703871185 0 
0.0002753441700278703 0.005640141642271971 0 
0.0003038439873463168 0.005677209216819127 0 
0.0003273799919229912 0.005703301061153808 0 
0.0002905283093252587 0.005660721136217259 0 
0.0003397283534405613 0.005714825459229863 0 
0.0003511774662673157 0.005724919859084686 0 
0.0003777916461911607 0.005749849441010283 0 
0.0003925002674277609 0.005768372712149051 0 
0.0004004677343197375 0.005790412372796804 0 
0.0003850037560240602 0.005755494142654013 0 
0.0002419559937870531 0.005587867545174371 0 
-0.0009433559145131555 0.003375639187122208 0 
-0.0008317410812385439 0.003419184626466928 0 
-0.0006238295546355205 0.003656785813339722 0 
-3.791025248096727e-05 0.00471444553315522 0 
-8.922948269503179e-05 0.004568992979772345 0 
4.969352277261102e-06 0.004858746398452142 0 
-0.0002340099554487829 0.004262640799343739 0 
-0.000351329296643737 0.004059002994661299 0 
-0.0008890099743281275 0.003418378870459068 0 
-0.0001513129241924795 0.004422194517531961 0 
4.427412446994256e-05 0.005000272710063509 0 
-0.0009918104103034829 0.003336831280615602 0 
-0.0003889106716489002 0.004007158500499285 0 
-0.0006011003424682918 0.003757206808542064 0 
-0.001044594443646477 0.003304659228438167 0 
8.492213038309353e-05 0.005131854652022656 0 
0.0004006392501161525 0.005802996625916595 0 
0.0003952582178245686 0.005778629682206018 0 
-0.000903001065346869 0.003481277320119783 0 
0.0001967508913240416 0.005364333850568784 0 
0.000227313499978591 0.005486426316428764 0 
0.0002150899262496054 0.005433856680426924 0 
0.0002393584726217449 0.005527467805105248 0 
0.0001726110877488012 0.005275454656891986 0 
0.000257789710830483 0.005563893755559633 0 
0.0003494431671009289 0.005709616184989449 0 
0.0003805888773718784 0.005739182638957689 0 
0.0003433566212839977 0.005699015200332187 0 
0.0003599722340023696 0.005720557769558802 0 
0.0002926613535791109 0.005624750376293636 0 
0.0003060692710181349 0.005648683446890524 0 
0.000319142762399589 0.00566877153804497 0 
0.0003710582203255632 0.005730624288473422 0 
0.0003874827702327878 0.005745963816503792 0 
0.0003876950829673666 0.005752253692542675 0 
0.0003885205937473334 0.005750051563723802 0 
0.0003964219428442724 0.00575677167883139 0 
0.0001480473432607519 0.005166016687623622 0 
0.0002765906177050648 0.005596066058118412 0 
6.808603138154595e-06 0.004733541407745631 0 
4.556793225877497e-05 0.004852701414869421 0 
7.373198545492909e-05 0.004962554116640639 0 
-3.875906196615543e-05 0.004617289839715663 0 
-9.175588063209062e-05 0.004504197610456698 0 
-0.0001413726803460696 0.004412792398671768 0 
-0.0003235067886876667 0.004133681072119056 0 
8.945761824682142e-05 0.005045252626930078 0 
-0.000517465160865852 0.003850628449973405 0 
-0.000845810463899723 0.003527171303577463 0 
-0.0009126861432749487 0.003478687498020584 0 
-0.0007140706548892485 0.003633200174857389 0 
0.0003924520345464388 0.005761843913455922 0 
0.0003977011131683208 0.005786110760484507 0 
0.0002343865680657049 0.005269499390012086 0 
0.0002673310960054128 0.00553542343645808 0 
0.000404983451992766 0.005755670540716473 0 
2.658816834445437e-05 0.004697351737051185 0 
0.0003807064971986571 0.005724523673505924 0 
0.0003276671067578196 0.005631478200375004 0 
0.0001252919946692527 0.004982878372827757 0 
7.109546659043844e-05 0.00479982975787762 0 
0.000311796778916181 0.005599003096108606 0 
0.0001955018660512531 0.005153427718667815 0 
-0.0007397376633255704 0.003688005657865967 0 
-0.000478755013582517 0.003952833753616641 0 
-0.000446696580369274 0.003933502579076064 0 
0.000408220009756599 0.005781651875914691 0 
0.0004063847083855343 0.005762225556511956 0 
-0.0005804595921376688 0.003837546030864208 0 
0.0004078124885725006 0.00577415883709973 0 
0.0004093004392407909 0.005790912347927777 0 
-0.0003287758884714958 0.004177546598598007 0 
-0.0007581559342190923 0.003678224301063993 0 
-0.0006543082450243223 0.00377083663307118 0 
-0.0002483448443813931 0.004266524798196562 0 
0.0004030089057773295 0.005768349184824582 0 
0.0004257640461926513 0.005780506009212563 0 
0.0002677914551994928 0.005462796964541465 0 
-0.000188775545672746 0.004342296584287089 0 
0.0004007348342101823 0.005743280146639867 0 
0.0004127689599051786 0.005752671779847888 0 
0.0004192584304014384 0.005761424525210086 0 
0.0003844890961196894 0.005617833607065427 0 
0.000271967703258414 0.005258858471295118 0 
0.0003699369270636262 0.005689904079492564 0 
0.0003808438520153005 0.005709663340216712 0 
0.000188737996187956 0.004993158734299038 0 
0.0001263062441353551 0.004854530686081735 0 
0.0003709082804080981 0.005667041280452529 0 
0.0002127111028910683 0.005121015302417641 0 
-5.481546508035738e-07 0.004912706144193528 0 
-0.0001278463060393289 0.004640592058009666 0 
-0.0006283091973414579 0.003844905672719788 0 
-0.0004453963264704922 0.004102607024267321 0 
-0.000276960747974018 0.004369446861740976 0 
0.0001778220721984836 0.005460850569818055 0 
-0.0005807326313681196 0.00390731815662528 0 
0.0004308174783870557 0.00576670410035707 0 
0.000323086637066261 0.005359716066288406 0 
0.0004179135945019533 0.005744594772828994 0 
0.0004008361490023302 0.005725970127056407 0 
0.0004327995134401486 0.005759936187163329 0 
0.0003254923219573888 0.005504708589210688 0 
9.415467301237231e-05 0.004777102947477372 0 
0.0004265496709109055 0.005789629567657935 0 
0.0004225947328754869 0.005773650400390464 0 
-9.697948623521006e-05 0.00448862206277124 0 
0.0004246801828067769 0.005715911162524122 0 
0.000429470487681581 0.005645530211080127 0 
0.0004177005932772327 0.005698300691623705 0 
0.0002632974667117827 0.005093030304413502 0 
0.0003076033259556073 0.005265216700862893 0 
0.0002631952739034988 0.005157400240104189 0 
0.0001047952525402586 0.005188400695428456 0 
7.118247970362167e-05 0.004908456911773149 0 
-0.0002267560778675056 0.004403219354944097 0 
-0.000397870226981337 0.004153978662702475 0 
-6.984118086953734e-05 0.004655814944855457 0 
-0.0003346468709077401 0.004197716025348739 0 
0.0005099240053270576 0.005771621356620713 0 
0.000525806495765439 0.005760296190046108 0 
0.0005362248050965035 0.005748789861604852 0 
0.0004904973599095052 0.005781872363891623 0 
0.0004691273841952712 0.005790450684430895 0 
0.0004391954261016891 0.005771913993526834 0 
4.225866736181071e-05 0.004696033847232596 0 
0.0003357644470999695 0.005335859682624767 0 
0.0004304433154907943 0.005729725975414649 0 
0.0003957304019274279 0.005551898539805548 0 
0.0002540345315393463 0.005042775076911457 0 
0.0004468218249360964 0.005786004034783156 0 
0.0004315302857048149 0.005752144330882238 0 
-0.0001418146700678248 0.004439207067622689 0 
0.0003645905391633645 0.005469088283265936 0 
0.0004444128588806992 0.005777949563322476 0 
0.0004588955776102429 0.005702292430887918 0 
0.0004600575098027523 0.005639631916169741 0 
0.0003237191583057032 0.005172451438729938 0 
0.0003593547708737901 0.005314836430823817 0 
-3.68687398997376e-05 0.004651910932812631 0 
-0.0001928684504384704 0.004418854512787039 0 
0.000102750656136494 0.004878295313457554 0 
0.0002021544556581571 0.005169783378200257 0 
0.0004468346408141804 0.00576486740965156 0 
0.0005293659279850768 0.00575631129852653 0 
0.0005101454306610735 0.00576540113337539 0 
0.0004468839746227601 0.00579697154357561 0 
0.0004893774062902306 0.005773589002543207 0 
0.0004321214551105286 0.005739056864319364 0 
-0.0008044808547620797 0.003615544892118895 0 
-0.0003617249429178314 0.004183926928416848 0 
0.0004319510713803779 0.005744614313091327 0 
7.06365376514862e-06 0.004656613094704807 0 
0.0003782917371373398 0.005385490303159021 0 
0.0004656361037970914 0.005721912549271816 0 
0.0004640982803102259 0.005773981605836673 0 
0.0003762160104440547 0.005431860695661817 0 
0.0004146085580660973 0.005527647171717421 0 
-0.0001676975188740431 0.00442615857093751 0 
0.0004311662911963254 0.005597706066051454 0 
0.0002730291019043713 0.005064450410193599 0 
0.0004813390176539987 0.005674472715030579 0 
0.0003852615732883453 0.005297127980182034 0 
0.0004636053402482637 0.005735683853426427 0 
0.0001146889682716836 0.004848417037553233 0 
-1.466051731678345e-05 0.004648730572782743 0 
0.0004467955020978593 0.005749660390400762 0 
0.0002276270751331471 0.005093780646158868 0 
0.0004572423712645927 0.005769186272755263 0 
0.000484746196814177 0.005768803398629432 0 
0.0005060610337547422 0.005762523621651488 0 
0.0001527130509642235 0.004868836445078299 0 
0.0004325205909319404 0.005450739502349012 0 
0.0004562734787927103 0.005581484397249776 0 
0.0004764813160872091 0.005765497180857308 0 
0.0005080080159669153 0.005727693312553316 0 
0.0004681425211227189 0.005780552600117277 0 
0.0004285440228900523 0.005495733353942919 0 
0.000464315068285824 0.005762214197491115 0 
0.0003616526246492227 0.005222070017043301 0 
0.0002204355254534546 0.004990901955879445 0 
0.0002236062331157131 0.00502628427949378 0 
0.0004969619122464959 0.00576084927922153 0 
0.0005280831262001929 0.005755150942610422 0 
0.0002451694222601539 0.005019673423201597 0 
0.0004801166682506971 0.005749535421173741 0 
0.0004651878380784361 0.005754715683962825 0 
0.0004874772833960678 0.005522580661570518 0 
0.0004769529045942235 0.005557784439376859 0 
0.0004528824713198975 0.005385130429265972 0 
0.0004901646779311473 0.005629503626954875 0 
0.0002860437889757109 0.005103481969108601 0 
0.0004829109830120559 0.005758513765227964 0 
0.000337903109673073 0.005281878324619634 0 
0.0003542757172203724 0.005202475403028725 0 
0.0005183183256216401 0.005755245756317726 0 
0.000514722313913348 0.005668571858526279 0 
0.0005016192034179176 0.005753549419017121 0 
0.0005368914595500107 0.005595091949708799 0 
0.0004827098437301306 0.00547044153449394 0 
0.0003139929331062528 0.005174700813987575 0 
0.0003232403546173786 0.005155170871895515 0 
0.0003360176646877056 0.005456079385339512 0 
0.0004320702857642984 0.005343724511100162 0 
0.0005523533529047686 0.005746287018562385 0 
0.0005176453660516362 0.005614972187593981 0 
0.0004965902403549632 0.005703056413663725 0 
0.0004602494840885032 0.005568314773036476 0 
0.0004205316560827693 0.005386813775306273 0 
0.0005420692882030936 0.00556786215970204 0 
0.0005388946464417602 0.005748957072920583 0 
0.000528356758892533 0.005529390288517008 0 
0.0004940473086259321 0.005741598913530874 0 
0.0005191204275771111 0.005747122417532049 0 
0.0005469867053442191 0.005661644363373679 0 
0.0005346598673819557 0.005738664639481628 0 
0.000530444289620565 0.005698041716030337 0 
0.000574399440115597 0.005642939229137894 0 
0.0005859749686040517 0.005657925248346402 0 
0.0004954099181440513 0.00548360306392884 0 
0.0005738206342567149 0.005657966995322309 0 
0.0005634966885025314 0.005694666401017109 0 
0.0004323853010453904 0.005411978837807936 0 
0.0005668198345225086 0.005732328740661759 0 
0.0003848306182007654 0.005279915464399946 0 
0.0005346507084837426 0.005616393424866189 0 
0.000543862531516902 0.005746734276820429 0 
0.0005691177920509942 0.005740573456455008 0 
0.0005922900833997318 0.005699955705830924 0 
0.0005836436728014328 0.005734299891634472 0 
0.0005556415172315102 0.005741507485421949 0 
0.0005402749724125356 0.005718516837813062 0 
-0.001020946982270193 0.003321704501591063 0 
-0.0009245103539523241 0.003460342957310125 0 
0.0004244176008619207 0.005801291095815384 0 
0.0005936500532511716 0.005722647625392106 0 
0.0005698332189777999 0.005717213744557048 0 
-0.0009122018528439865 0.003453332328861333 0 
-0.0007773370828940033 0.003591107906014403 0 
-0.0007662082974975327 0.003504979395810934 0 
0.0003934433318743586 0.005782927616409519 0 
0.0003881361249607267 0.005764204950006521 0 
-0.0005431359501124317 0.003943731335161465 0 
0.0005479550301943448 0.005730403866688145 0 
-0.0004994898012011086 0.003980313750747463 0 
0.0004488861745614842 0.005757992800483325 0 
0.0001273829855731288 0.00484103097673272 0 
-0.0004710011603717379 0.003997645101437305 0 
-0.0003905975394751453 0.00405395270486204 0 
-0.0002667057119248122 0.00420991657507869 0 
0.0003951264232296293 0.005773515946861651 0 
0.0004160749047383892 0.005767849819615381 0 
0.0003340478329031699 0.005685870802438354 0 
0.0004572949900596794 0.005744329048896934 0 
0.000446863222035427 0.005676950015970737 0 
0.0004054046912364502 0.005609056724838789 0 
0.0003713282712375549 0.005568679081185438 0 
0.0003627031028767033 0.005507611790009722 0 
0.0003229835317588553 0.005220186465067531 0 
0.0002958630453888317 0.005108050790093271 0 
0.0001944644235445537 0.00493634624851863 0 
0.0004093052781132443 0.005675127287284597 0 
0.000397010152321099 0.005646543750682872 0 
0.0003494285316532359 0.005596914459210787 0 
0.0003113876431892375 0.005547373137810549 0 
-2.294043665970672e-05 0.004600018098087608 0 
0.0003046066367813049 0.005407088369907854 0 
0.00019404465700009 0.004953640796603149 0 
9.710003484990489e-05 0.004882951404687447 0 
-5.194856515265344e-05 0.004550692691393649 0 
0.0004100859789264298 0.005736467567975503 0 
0.0003623429062764701 0.005638866381928371 0 
0.0001404137637934323 0.005070048128584948 0 
6.668203980411437e-05 0.00474490132589426 0 
0.0002703649935537789 0.005510191243359186 0 
0.0002510286927166777 0.005391529838907426 0 
0.0002216769013499657 0.0053140195181486 0 
0.0003910670315675424 0.005734533179490955 0 
0.0003708946188191832 0.005715510137911234 0 
0.0003434479011876398 0.005672235411345726 0 
0.0003384251057184587 0.005656424222874664 0 
0.0002889637411570163 0.005564540136385493 0 
0.000167657968499922 0.005000218337538516 0 
-0.001037129074163684 0.00242893946578867 0 
0.0003941469425721527 -7.895289619502943e-05 0 
0.0005892598571569632 0 0 
0.0003526646126394608 0 0 
0.0004922294673305932 -5.450451935162412e-05 0 
-0.0002755195961995698 0.001271092229709062 0 
0.0005885457306312483 0 0 
0.0006052273801676385 0 0 
0.000467082473384428 0 0 
0.0005475800989627008 0 0 
0.0005579813121460028 0 0 
-0.0006263309585326615 0.001895363226196688 0 
0.0005069503411865345 -4.291371815866871e-05 0 
0.0005179053203704937 -2.948378567526155e-05 0 
0.0005244987684366384 -1.498003800776689e-05 0 
-1.631356499863669e-05 0.0003154256931097261 0 
0.0005266944759760503 0 0 
0 0 0 
-6.663242769935256e-05 0.0006324291669729445 0 
0.0005369236615930585 0 0 
0.0005722668823086012 0 0 
0.0004143051155517758 -7.782384892919463e-05 0 
0.0004348351533541511 -7.519855391418857e-05 0 
0.0004552443147610657 -7.064823339444141e-05 0 
0.000474671317768329 -6.380964630309485e-05 0 
0.0005466487087607468 0 0 
-0.0004350331093526124 0.001588293224681127 0 
0.0001941840772367332 0 0 
0.0006014210891612364 0 0 
-0.0008368411028363687 0.0021804097281828 0 
-0.0001525900470972464 0.0009513553070082909 0 
5.64453172192867e-05 0.0005071547814173936 0 
0.0001144143657660391 0.0003365793895343812 0 
0.0001411336532208874 0.0002771219694900593 0 
8.66074828990102e-05 0.000410954301954057 0 
2.407563406851206e-05 0.0006316367312344007 0 
0.0003463034599105952 4.534525057251539e-06 0 
0.0003374579329527787 1.195064213479789e-05 0 
0.0003276501855360625 2.020335214870212e-05 0 
0.0003167586054728113 2.958179986493684e-05 0 
0.0002931776186278697 5.188845503116766e-05 0 
0.000265253555767467 8.18991565616684e-05 0 
0.0001888797963750131 0.0001877074634341181 0 
0.0002303357728997831 0.00012546280290541 0 
0.0002106347098670958 0.0001537633856628808 0 
0.0001660846151323826 0.0002282835226311219 0 
0.0002802649279591062 6.534396258076096e-05 0 
0.0002489033227330769 0.0001015898893044246 0 
0.0003822187467256349 -4.686961611285281e-05 0 
0.0003778574693941268 -3.601377012024816e-05 0 
0.0003790340497443799 -2.628360581713095e-05 0 
0.0003738310507120215 -2.02000663113847e-05 0 
0.00036137167138276 -8.390336697070824e-06 0 
0.0003542532320662158 -2.177666384397409e-06 0 
0.0003049851809012007 4.024982966605288e-05 0 
0.0003948793007355843 -6.719194301517436e-05 0 
-0.0004694403481104395 0.001886527254899099 0 
-0.0006726573905224021 0.002129829617815293 0 
-0.0008667243654866832 0.002320595420105232 0 
-0.0009603796411632122 0.002390604226607807 0 
-5.782726062860445e-05 0.0009571888511363758 0 
-0.0001781558162717986 0.001322775444762444 0 
-0.0002497659238008136 0.001493988958939189 0 
-0.000324870151107073 0.001648070440087477 0 
-1.271177855951199e-05 0.0007839474820657446 0 
-0.0001127148551232508 0.001139631443847482 0 
-0.0003980384644519606 0.001777337456109756 0 
-0.0005340692200563454 0.001969075036162254 0 
-0.0005980015911247141 0.002041533563544428 0 
-0.0007437792942349464 0.00220531886108055 0 
-0.000808504639144512 0.002268225272214411 0 
-0.0009189494256578544 0.002363791448998799 0 
-0.0009807558404234854 0.00238697767620009 0 
-0.0009844008798236444 0.002365461462516912 0 
0.0001159198913892388 0.0004652849212894312 0 
0.0001433119449198283 0.0003770207056330376 0 
0.0001679113464712203 0.0003072794451362016 0 
8.73029541754782e-05 0.0005723974811396301 0 
0.0001902650911584035 0.000250839577513162 0 
5.635696309430435e-05 0.0006959611471862407 0 
0.0003805175007255742 -4.093984596031271e-05 0 
0.0003829586259099589 -3.300902418639199e-05 0 
0.0003679655329840548 -1.432550607217818e-05 0 
0.0003433491840229232 1.283529084316067e-05 0 
0.0003515924968101218 5.712808861413458e-06 0 
0.0003337325326622455 2.117897180556023e-05 0 
0.0003838099833602582 -5.311295114520065e-05 0 
0.0002965059781374577 6.575626017017474e-05 0 
0.0002309569405984605 0.0001661059761700223 0 
0.0002498755469166431 0.0001338554428559366 0 
0.0002831517657801105 8.400010203280523e-05 0 
0.0003084407875963425 5.055923218315157e-05 0 
0.0002671915416709251 0.0001066973185306651 0 
0.0003175732533761644 3.909037157449445e-05 0 
0.0003240185764971745 3.04879514880626e-05 0 
0.0003592965340384333 -7.75043940636127e-07 0 
0.0003933380946106721 -2.840001763608873e-05 0 
0.0003667795943537967 -6.735070348749584e-06 0 
0.0002118492824920169 0.0002044388235998421 0 
-0.0008893475231837216 0.002265306069694941 0 
-0.0008603730457179504 0.002260613522668029 0 
-0.0003461380647835095 0.001662047700083627 0 
-0.0002103015986026189 0.001425895443223082 0 
-0.000140172033073663 0.001277855703038999 0 
-0.0004039426496697915 0.001740987225748255 0 
-0.000574658729568666 0.001952069798842776 0 
-0.0006612109754109304 0.002051725394251868 0 
-0.0008028266187370098 0.002203429565116158 0 
-0.0002784634669983621 0.001552334932848229 0 
-7.729866046618393e-05 0.001125717460261979 0 
-2.403223682314614e-05 0.0009763684001625048 0 
-0.0004574989686428221 0.001795456845061404 0 
-0.0007359741134434237 0.002132804139500372 0 
-0.0008598240379934944 0.002206257891599134 0 
2.025291718135926e-05 0.0008318382328708318 0 
-0.0009657742766583047 0.002321061014486409 0 
0.000391268794429308 -4.612816817922711e-05 0 
0.0001707312156602822 0.0004287277462134072 0 
0.0002192977206149988 0.0002817917664717179 0 
0.0001966914531233046 0.0003475880382629949 0 
0.0002366963824296852 0.0002296657483208777 0 
0.0001472296077666766 0.0005185620050389522 0 
0.0002569334082981743 0.0001850200240945042 0 
0.0003600272227339651 6.986739725852736e-06 0 
0.0003663464336456765 8.425254895386323e-07 0 
0.0003502416703835097 1.501039685467806e-05 0 
0.0003370534873325517 3.815203329632362e-05 0 
0.0003290356028717024 5.198038823853849e-05 0 
0.0002895317236138191 0.0001177744443386104 0 
0.0003456998447550651 2.54191385805709e-05 0 
0.0003028373033574502 9.231087455793969e-05 0 
0.0003186645349063005 6.940959759776089e-05 0 
0.0003400989536763661 2.331159364775118e-05 0 
0.0003721148404421598 -4.547178754016413e-06 0 
0.0003796193809526593 -9.842267035116123e-06 0 
0.0001241242009814297 0.0006160495778462297 0 
0.0002722553711914712 0.0001490720781199456 0 
-3.43967433127483e-05 0.001093133784125104 0 
2.216606721407916e-05 0.0009562640902715294 0 
-9.980692573162336e-05 0.00123191082466603 0 
-0.0001647032091773951 0.001354654440982308 0 
6.493457062806331e-05 0.0008342847498262816 0 
-0.0002276027154990214 0.001460816124067919 0 
-0.0002722726847080576 0.001525628294985641 0 
-0.0003838549995166832 0.00165631817481024 0 
-0.0005775075144769448 0.001910029469742893 0 
-0.0006007573150034616 0.001898490521630645 0 
9.752568797927106e-05 0.0007226058318555387 0 
0.0003866803327287529 -2.265029339682583e-05 0 
0.0003962174023164805 -5.391890700003143e-05 0 
0.0004012882324739241 -5.824461551267034e-05 0 
0.0004021644177463791 -3.550611255872008e-05 0 
-0.0007988200743161734 0.002114338250318521 0 
-0.0006842840261256786 0.001981912233465923 0 
0.0002041009646229232 0.0004653613435667593 0 
0.0002763405813145564 0.0002517259908926282 0 
0.0003826726211834356 -6.744986348767437e-06 0 
0.0003802737450340394 2.003550097499359e-06 0 
0.000363739794672871 2.865469624462873e-05 0 
0.0003362630615156348 0.000102537545967988 0 
0.0003691734209920401 1.876688344775528e-05 0 
-0.0001232298542654394 0.001292096325480337 0 
0.0001219756071936983 0.000802167243542394 0 
-0.00018567582184834 0.001377910897718972 0 
0.0003088014377873344 0.0001663724973676996 0 
0.0001719524059965501 0.000622189157069852 0 
0.0004046628693976503 -4.705487200480107e-05 0 
0.0004055990478654296 -2.819254999466838e-05 0 
0.0003737830372672309 -1.216712353992872e-05 0 
0.0004150653482008769 -3.282901968041267e-05 0 
-0.0003747583188340331 0.001607565125361609 0 
-0.0002263910946710444 0.001421957377365231 0 
0.0004213139528381608 -3.033328268797214e-05 0 
0.0004135791587423587 -5.510746747990755e-05 0 
0.0004179494619102953 -4.205078239680611e-05 0 
-4.073158524499942e-05 0.001158945323066529 0 
0.000393274177840281 -1.914455526542575e-05 0 
0.0002191642440490803 0.0003966579696250352 0 
0.0004015070358699774 -1.572166654634299e-05 0 
0.0003576784745155586 5.800122225547476e-05 0 
-6.020732043856287e-05 0.001182474096081076 0 
0.0001901916502374171 0.000537884875547028 0 
-0.0001669871591274365 0.001319176126809618 0 
0.0003776577578529793 0.0001490612506992626 0 
-6.54614495865796e-05 0.001202392895362817 0 
0.0003744435194284 1.17289909581494e-05 0 
0.0003987023005345448 2.429952802330529e-05 0 
0.0003589809386681421 0.0001220908054828545 0 
0.0001572517540300975 0.000697419398193522 0 
0.0005105883015830165 -3.240203981908221e-05 0 
0.0004940796598975249 -4.232459052636646e-05 0 
0.0004347256567623936 -6.102910244175584e-05 0 
0.0004554628188721785 -5.659115625053232e-05 0 
0.0004755055197477286 -5.048923919047101e-05 0 
0.0005335278653402271 -1.043237881646135e-05 0 
0.0004325143296991468 -4.883075628503813e-05 0 
0.0003381995975515746 0.0002369946970259896 0 
0.0001492200784747674 0.0008147820641729556 0 
0.0002818062206272692 0.0003188513289710265 0 
0.0003903746981503141 4.159549550506807e-05 0 
0.000378062660341056 7.083212420341603e-05 0 
0.0002339335340624042 0.0005335343481260371 0 
6.890787023179721e-05 0.0009673959133160357 0 
-0.0002899731034404261 0.001476017341297691 0 
-1.333329853761937e-05 0.001105677484993459 0 
0.0004113718787465307 -2.396221879721138e-05 0 
0.0004175025484807892 -4.952325440448271e-06 0 
0.0004153013403540181 7.26049608512369e-06 0 
0.0004242095104882547 0.0001058505853759532 0 
0.0004315201004748161 -3.611169196995492e-05 0 
0.0005243371770306812 -2.142698247015192e-05 0 
0.0005104872155581073 -2.75252590503824e-05 0 
0.0004749601879847683 -4.157042697690337e-05 0 
0.0004553875517448245 -4.633076864959275e-05 0 
0.0004934120388517424 -3.52887983832504e-05 0 
-0.00065548344883702 0.001923228404130198 0 
-0.000488955651034366 0.00174047708095221 0 
-0.0001686559328796121 0.001176316633838524 0 
-2.017747300932268e-05 0.0008713751572269252 0 
9.417258817035654e-05 0.0005702585631678669 0 
0.0001668955447865277 0.0002790657116532029 0 
-0.0003441930553403036 0.001477066009431061 0 
0.0004275123713689845 -2.152728562531974e-05 0 
0.0003916459021232678 0.0001881132630046072 0 
0.0002631728557879327 0.0005357791515842377 0 
0.0004306495569151163 2.331037025508e-05 0 
0.0001345388490564938 0.0008864129772837565 0 
-0.0001279398323308414 0.001247499486781192 0 
0.0004010012052539878 8.523014008334339e-05 0 
0.0004204383451122085 -1.475692451078053e-05 0 
-0.0003967896134844511 0.001610673058208582 0 
0.0004327007766626581 -3.075654717455576e-05 0 
0.0004102773622244864 4.529095242631743e-05 0 
0.0004514250126809387 -8.242590717122556e-06 0 
0.0004739790422889262 -3.518031976976167e-05 0 
0.0004910779439161428 -3.114528698278067e-05 0 
0.000507391084134143 -2.543639025012225e-05 0 
0.0005258789597198037 -1.895889667356678e-05 0 
-0.000568682865154266 0.001824345818515235 0 
0.0003243457071536681 0.0003130501834294412 0 
7.474862666655053e-05 0.0008283411205164752 0 
-9.002502997649659e-05 0.001118062249358957 0 
-0.000272211125033641 0.001401197372015277 0 
-0.000541929177633385 0.001770217215646898 0 
0.0003124257566040905 0.0003981353371101072 0 
0.0004150154033226833 -6.54252775497042e-05 0 
0.0004560087069370346 -3.870978667533998e-05 0 
0.0004286287063717604 -2.711461989574753e-05 0 
0.0004443571779059727 0.0001364153624526796 0 
0.0004455999362603672 4.928331971467407e-06 0 
0.0004530483341480701 -3.349399846731005e-05 0 
0.0004612717208795815 2.712035512181925e-05 0 
0.0004361385557002163 5.355950944455683e-05 0 
0.00022148815066114 0.0007549222746107976 0 
0.0004486472453409395 -1.66698940595087e-05 0 
0.0002139993148963242 0.0007415154108975706 0 
0.0003940155322591763 0.0002448291492085403 0 
-0.0004661602728173793 0.001673701436092465 0 
0.0004887830669874215 -2.849140102363832e-05 0 
0.0004739446751337775 -2.971263156980276e-05 0 
0.0005224076849841893 -1.949487106808891e-05 0 
0.0003839926503848062 0.0003225664793654893 0 
-3.536282867603174e-05 0.001083367790379165 0 
0.0001314069523835462 0.0008155370443141448 0 
0.0004444881568197753 -2.079136629205282e-05 0 
0.0003523435032128755 0.0004295275720469183 0 
-0.0002181376327199591 0.001355935433092554 0 
0.0004790074500825497 6.300211980350449e-06 0 
0.0004910636906334332 -1.003420559636342e-05 0 
0.0004554151571999594 0.0001810689965925991 0 
0.0004938999205708208 3.610145219049841e-05 0 
6.789687134101993e-05 0.0009976032274564277 0 
0.0002659725493098579 0.0006789589788227205 0 
0.0003014934385496769 0.0005610532023009899 0 
0.0004557258641829093 -2.360201862426009e-05 0 
0.0005010532063597897 -2.437591291056683e-05 0 
0.0004519926842017867 0.000246167678953746 0 
0.0002152502532321159 0.0005381920289057067 0 
0.0004766360268521709 -1.963620415942552e-05 0 
0.0004280273422850297 0.0003381280622182821 0 
0.0004643829354236882 6.736625558654628e-05 0 
0.0005233469433877871 -1.504201412817764e-06 0 
0.0005132973142983185 1.338929624520785e-05 0 
0.0003075810639823467 0.0006018436443027227 0 
0.0005089484645901485 0.0001225194552886571 0 
0.0005020800951976284 -1.969062832725008e-05 0 
0.0005343380047201351 -1.419172325197124e-05 0 
-1.308603365136921e-06 0.001065115597894334 0 
0.0004481239819951643 -2.947035705766068e-05 0 
0.0005117203479882232 0.000174603808001909 0 
0.0002878611918194392 0.0005411863435431877 0 
0.0004909742743789859 8.93059942335095e-05 0 
0.0003702708358841186 0.0005024518325341624 0 
0.000492368533649294 0.0002523783853993658 0 
0.0005382811084173969 -1.256010763833549e-05 0 
0.0005605433607258614 0.0001082228423592668 0 
0.0005310774019347232 -8.100927570983252e-06 0 
0.0005415178101834077 -9.265292476937787e-06 0 
0.0002941851408261284 0.0006038592523000502 0 
0.0004356862671431348 0.0002542014541250313 0 
0.0003797060201904774 0.0004584297118675421 0 
0.0001500901394808015 0.0008353108333890952 0 
0.000554933495686792 3.025751245429331e-06 0 
0.0004142276011003312 0.0003991786590816111 0 
0.000553416176591073 -6.194251647873768e-06 0 
0.0005436137734711128 0.0001679365302777156 0 
0.0005538503322093029 6.994692348783626e-05 0 
0.0005497138875304831 2.193809279589568e-05 0 
0.0003146855605990583 0.0002613516423555498 0 
0.000550162688170631 -6.401898199312626e-06 0 
0.000497838813298498 0.0002578321579309894 0 
0.0005767215692220175 8.439332468210762e-05 0 
0.0005788132783779401 3.315305204360793e-06 0 
0.0005924860763900699 5.076484702768795e-05 0 
0.0005874000977054907 2.460639889546554e-05 0 
0.0005306316033078336 0.0001385636635298109 0 
0.0005277491844944455 4.999570500679876e-05 0 
0.0005662045095369344 -3.147390140298962e-06 0 
0.0003875412405560801 -5.952040682077661e-05 0 
-0.0007522428793665743 0.002049400511661835 0 
0.0003908798558354987 -5.10736088024078e-05 0 
0.0003888603785756471 -4.032248388017706e-05 0 
-0.000904613144009539 0.002305318565637498 0 
0.0003804412478640563 -1.736643300855672e-05 0 
-0.0004119897180314349 0.001615765917161376 0 
0.0004459470216116202 0.0003600586150918813 0 
0.0004402307223692312 -4.096135480068187e-05 0 
0.0003987233006595224 -4.061873463562013e-05 0 
-0.0007620798818000302 0.002093034624053945 0 
0.0005167354306573909 -1.925156409959743e-05 0 
0.0001030063328626427 0.0009437051740232725 0 
-0.0008137594282844238 0.00217761029456773 0 
-0.0007029486487182758 0.002031804410133572 0 
0.0003992093846245826 -2.363634215256172e-05 0 
0.0003869452750581901 -1.459855553530476e-05 0 
-0.0003221473714809993 0.00159316919215981 0 
0.0005179078983546493 -1.410201062550816e-05 0 
-0.0005128964763267703 0.001839060425508277 0 
-0.0006636788927178776 0.002007701469817063 0 
-0.000744127681338457 0.002102068811140999 0 
0.0001720766077777707 0.0008291090861306927 0 
0.0004893650129952361 -2.434526974107484e-05 0 
0.0004639776897729898 -2.688961827225781e-05 0 
0.0004079066408162159 -2.015471694661841e-05 0 
-0.0004779072995290903 0.001760828713155785 0 
0.0004165777657758233 -2.750641392400781e-05 0 
-0.0002542856975257344 0.001484892250111184 0 
-0.0001297881207565409 0.001301788030163806 0 
-1.242905943925757e-06 0.00107317568500136 0 
6.648753966284043e-05 0.000934228060626967 0 
4.773062431830209e-05 0.001018497632933777 0 
0.0003916851591708613 -1.100586905243611e-05 0 
0.0003824065800598304 -3.531909819447496e-06 0 
0.0003637129193889178 1.239778025318693e-05 0 
0.0002437916002222685 0.0003253845727785397 0 
0.0002746117485730037 0.0002155867725004072 0 
0.0003065485687546272 0.000138633892183648 0 
0.0003328366466685481 8.367911258542607e-05 0 
0.0003622248468752675 4.004753209128691e-05 0 
0.000329183146689017 0.000195455443846889 0 
0.0004408289116400229 -2.582560575428355e-05 0 
0.0004773756197570655 -2.380817164032793e-05 0 
0.0002185606655771921 0.0006661969268915857 0 
0.0003916363111413246 4.443285824119923e-06 0 
0.0004227191387376302 -2.434884746053539e-05 0 
0.0003997310760196965 -9.157747234448548e-06 0 
0.0002993776496384397 0.0002693443762021661 0 
0.0002544544745730775 0.0004606256027697288 0 
0.0002559976662088031 0.0003719197689702825 0 
0.0003853579691741575 2.108202617239182e-05 0 
0.0003918233537237813 1.177205875945077e-05 0 
0.000261655694129802 0.0004019375797124678 0 
0.0003993303116464913 -4.63725040826902e-06 0 
</DataArray>
<DataArray type="Float64" Name="Umag" NumberOfComponents="1" format="ascii">
0.0002842293063703694 
0.0003230574796754799 
0.0003773751550021846 
0.0004522175522887107 
0.0005572609042876723 
0.0007046575224202966 
0.0002937711936397851 
0.0003412089063105289 
0.0004024221847280004 
0.0004827124226044546 
0.0005986976346137106 
0.0007717844015098454 
0.0003129532291184008 
0.0003748213691836917 
0.0004444508957227407 
0.0005315644756578279 
0.0006587461068191155 
0.0008700218082959539 
0.0003340297475763532 
0.0005213038319201737 
0.0006032816459496885 
0.0006961761750968813 
0.000827306569284082 
0.001155972180229494 
0.00540806123701645 
0.005215983081849187 
0.005142517577953014 
0.005057693387913877 
0.004927475718133648 
0.004580383872755361 
0.005430246543464049 
0.005363354563985997 
0.005294412158503159 
0.005212957677823476 
0.005090394360223372 
0.004878722165699143 
0.00545753578257172 
0.005400909334734231 
0.005335739321635819 
0.005255514289985742 
0.005142145931977585 
0.004971895960292219 
0.005481500652200679 
0.005428614112362799 
0.00536557310823509 
0.005286400626645956 
0.005180050563173795 
0.005033917490473709 
0.00316344145226875 
0.003214848983122148 
0.003263353774207836 
0.003340574895867287 
0.003360993935730003 
0.003376345612604449 
0.003389581011595567 
0.003402740885018961 
0.003417371310484911 
0.0034351262819939 
0.003458958693140039 
0.00348955080198865 
0.003529180689401355 
0.003580770405815934 
0.003647877025652595 
0.003736039108145992 
0.003852678328764669 
0.004000139234670535 
0.004180897750451639 
0.004392280645383585 
0.004621075861273642 
0.004843192751698331 
0.003310603664981845 
0.002747446470645556 
0.003107712703531819 
0.003046428082528309 
0.002703338119255408 
0.002905391515271635 
0.001587426356548809 
0.002385579479232872 
0.002978839156543703 
0.002847318074888464 
0.002794128737355383 
0.002454086892689989 
0.001786792043106036 
0.0008978331173343436 
0.001124588759861402 
0.001362075261659829 
0.001955812762181068 
0.002095782944286824 
0.002210988996467691 
0.002305881476836241 
0.00251344777856483 
0.00256615907348339 
0.002614319224252408 
0.002659542312803028 
0.004732479764459822 
0.004535350752287663 
0.003898647139008073 
0.001831035660305727 
0.001212746407373681 
0.001013900957175976 
0.004450772985165036 
0.004147805781839417 
0.003451250461318525 
0.002291968902272309 
0.001607370379345786 
0.001301579281367886 
0.004177038975255528 
0.003833879783194597 
0.003257634185565886 
0.002514292426637697 
0.001938865600552702 
0.00158760580266606 
0.003947051668913716 
0.003617927274961459 
0.003164061535035212 
0.002640231591590243 
0.002179346959632798 
0.001836426824521841 
0.003769059807303331 
0.003475123084496251 
0.00311497749689321 
0.002720556380051961 
0.002349487419706482 
0.002037532136226094 
0.003636277670831795 
0.003380644129991083 
0.003088356909305677 
0.002776426449582192 
0.002471639950833198 
0.002195346857470754 
0.003539134085695426 
0.003317661436726758 
0.003074404381746365 
0.002818153114484869 
0.0025620424100893 
0.002318608379635906 
0.003469457040936478 
0.003275765641073977 
0.00306831552096211 
0.00285132588095875 
0.002631379494939429 
0.002415842854929681 
0.003419397161660088 
0.00324808241932253 
0.003067401884557425 
0.002879158890685509 
0.002686596710490075 
0.002494006376769266 
0.00338311699368173 
0.003230044429197072 
0.003070007493221157 
0.002903585675989294 
0.002732290506819077 
0.002558600109594202 
0.003356767820430664 
0.003218727748023578 
0.00307509676536619 
0.0029258042827789 
0.002771454203633517 
0.002613496515495679 
0.003337687337400066 
0.003212267788568921 
0.00308204994272722 
0.002946603360610298 
0.002806039521649855 
0.002661171198741529 
0.003324099574398431 
0.003209501537705546 
0.003090532908313258 
0.002966589030059509 
0.002837502328677626 
0.002703693770484411 
0.003314931018705872 
0.003209640080320973 
0.003100348469752312 
0.002986258793150507 
0.00286701150512186 
0.002742788648523162 
0.003308604771463337 
0.003211827072978891 
0.003111257320698045 
0.003005989805882461 
0.002895517249823175 
0.002779845858776742 
0.003303657895412924 
0.003215132933326611 
0.003122914985807617 
0.003026037822190413 
0.002923839929522469 
0.002816137312194349 
0.003298658615234401 
0.003218523078322158 
0.003134821321276357 
0.003046509940190552 
0.002952748734008946 
0.002853012335669677 
0.003291886570974119 
0.00322071667319488 
0.003146251054092965 
0.003067273694517966 
0.002982816810893321 
0.002892073695334258 
0.003280972007835468 
0.003220118195568948 
0.003156215120125859 
0.003087884792074332 
0.003014120577029974 
0.002934259140372955 
0.005785040434109924 
0.005776677896273755 
0.005768218284148107 
0.005759558293711343 
0.00575057538302394 
0.005741187734968501 
0.005731205287022341 
0.005720474778945391 
0.005708955634774366 
0.005696379592614769 
0.005682525229756608 
0.005667185601926461 
0.005650170812690975 
0.005631217185525807 
0.005610104036726604 
0.005586520214214743 
0.005560030450706418 
0.005530152454678079 
0.005496130390804382 
0.005456558981959216 
0.0002886183325230885 
0.0002591627939531204 
0.0002407270213774232 
0.0002319514186694691 
0.0002310748911664605 
0.0002361439320622916 
0.0002450740290264613 
0.000256156351235987 
0.000268198588208503 
0.00028035059123805 
0.0002920553084285206 
0.0003029701515833056 
0.0003129180234134609 
0.0003217123139957454 
0.0003293452661257724 
0.0003358539714580419 
0.0003413086523515178 
0.0003457462219239695 
0.0003493101738747368 
0.0003521685442542043 
0.0003544750336747373 
0.0003563745534664189 
0.0003580609948292014 
0.0003597544764461133 
0.0003687111868575734 
0.0003757766089325854 
0.0003811884446762801 
0.0003797946941557709 
0.0003783154929211102 
0.0003766675773615412 
0.0003746937608487509 
0.0003722376700623802 
0.0003692428278442077 
0.0003656346286198167 
0.0003612486979774341 
0.0003558919274540786 
0.0003495293639435082 
0.0003421282480342406 
0.0003336865811977125 
0.0003242110695095192 
0.0003137590453206982 
0.000302444148333006 
0.0002904917935620115 
0.0002783041858636066 
0.0002664468879116053 
0.000255822944232272 
0.0002477676819093589 
0.0002440709298778262 
0.000247154645373476 
0.0002595773930868534 
0.005642187399917232 
0.0058291842144901 
0.005827826117011331 
0.0003615849011373488 
0.005678567272232534 
0.00552549719549611 
0.005790445506642231 
0.0003828315499446771 
0.005717320794280718 
0.005744090059905125 
0.005771249316833316 
0.005661686903985244 
0.005783906525575891 
0.005777555568859376 
0.005562186017723799 
0.005751487270909872 
0.005727255025850178 
0.005736091043446794 
0.005593183268121426 
0.005706057273809471 
0.005758396743069982 
0.005764880304596509 
0.005619574774157621 
0.005693254494199575 
0.005797306206601265 
0.005804572109504881 
0.005812216001168159 
0.005820521464845778 
0.005828727549032674 
0.005828283865626307 
0.005819138607589063 
0.00581044998443787 
0.005801878004919695 
0.005793409689257139 
0.005480441946562186 
0.0055039335787719 
0.005519849666352828 
0.005542285995889593 
0.005553281176478761 
0.005574601837091822 
0.005582225653974107 
0.005602262299569419 
0.005607486889171742 
0.005626124184184722 
0.005629679104094227 
0.005646866654728903 
0.005649265996584021 
0.00566499479760663 
0.005666635355479167 
0.005680918839531565 
0.005682060518635164 
0.005694937072651186 
0.005695841361961969 
0.005707356894446979 
0.005708187777625352 
0.005718398782791479 
0.005719325858918775 
0.005728289838608008 
0.005729507108292969 
0.005737293650492394 
0.005738947823575691 
0.005745637999822316 
0.005747753244867986 
0.005753430763108717 
0.005756027444515698 
0.00576074134978131 
0.005764000321912461 
0.005767846381468648 
0.00577176055428923 
0.005774829107050238 
0.005779415257198077 
0.005781786180017321 
0.005787078615378394 
0.005788845662472945 
0.005794867003873304 
0.005796144171964171 
0.005802855607511577 
0.005803745240449867 
0.005811084398485915 
0.005811673136444081 
0.005819629613633401 
0.005820100270059529 
0.0002619365953545857 
0.000272181175236242 
0.0002435706118605326 
0.0002475263159218969 
0.0002361326862300426 
0.0002346265736259961 
0.0002369700533834905 
0.0002311983616564439 
0.0002434512749600571 
0.0002347701078217916 
0.00025341870717428 
0.0002430117678353019 
0.0002652023491644254 
0.0002539514113971348 
0.0002776598494622324 
0.000266148759722677 
0.000290087276084287 
0.0002786842012963065 
0.0003019990856679711 
0.0002909262892753628 
0.0003130927970251868 
0.0003024659486884738 
0.0003231936399923019 
0.0003130586836235629 
0.0003322146261720934 
0.0003225728852518761 
0.0003401271093186492 
0.0003309561965629539 
0.0003469485761955794 
0.0003382150500381128 
0.0003527211335556914 
0.0003443800005362405 
0.0003575367124032395 
0.0003495254557588576 
0.00036144423188091 
0.0003537099098925152 
0.0003646091092453403 
0.0003570665655539092 
0.0003671823976528458 
0.0003597618094283881 
0.000369258230015011 
0.0003619436659375127 
0.0003709796352943881 
0.000363732198230891 
0.0003725076631473672 
0.0003653238446897023 
0.0003740638781792457 
0.0003669383838107595 
0.004318813280616868 
0.004597355678737986 
0.004881308700278202 
0.005166746637233809 
0.005452271198538717 
0.005741158570142384 
0.005748534899046699 
0.00575701281947202 
0.005763766119158607 
0.005768023788133536 
0.005770227154112316 
0.005769251960609214 
0.005767946692544108 
0.005766425415647588 
0.005765069387751801 
0.005763898201682299 
0.005762989357681947 
0.005778311842043879 
0.005793382763564684 
0.005806448510437295 
0.005816844950204517 
0.005824172914893426 
0.005828474192422343 
0.005830186025488026 
0.005830060694156051 
0.00576204641367585 
0.003445185630217749 
0.005737639285675123 
0.003607974457325721 
0.0038128598122437 
0.004053566859164495 
0.005313948259117078 
0.005452254934039431 
0.005502551358466365 
0.005391270256340359 
0.005212925766893447 
0.005674058985892059 
0.005703842097697191 
0.00572715158992306 
0.005736443184030997 
0.005744270189630515 
0.005751132318244427 
0.005579263968062817 
0.005608912175529627 
0.005634354350451662 
0.005544372140751519 
0.005656050319032514 
0.005689927959611424 
0.005716455366609008 
0.005757658830479961 
0.005764012754793437 
0.005774415255108784 
0.00577982760229986 
0.005790857620503415 
0.005802780064402538 
0.005809278437788792 
0.003929201291175155 
0.004229115233974034 
0.004392755457557055 
0.00456917380335807 
0.004752157294893158 
0.005086337257123731 
0.004930691151038957 
0.003541799368030341 
0.003650984066579375 
0.003768572194076588 
0.003839291787518885 
0.004078555073603587 
0.005414159571397553 
0.005472165670326715 
0.005519512300997822 
0.005340115017621804 
0.005559439441522532 
0.00524490471570467 
0.005769523677590921 
0.005796772812396813 
0.005785283139573542 
0.005751535948765728 
0.005744537227282095 
0.005757079197172141 
0.005621996262885716 
0.005699534520198776 
0.005646858609603991 
0.00568533426107758 
0.005712689441346313 
0.00566817170527995 
0.005724914443342647 
0.005735680692451084 
0.005762247402031442 
0.00578171083730384 
0.005804244124196491 
0.005768356847341995 
0.005593103468142041 
0.003504976505353785 
0.003518894249062857 
0.003709615316697865 
0.004714597954473995 
0.004569864193801714 
0.004858748939689487 
0.004269059292570083 
0.004074179375696358 
0.003532089018761548 
0.004424782475096083 
0.005000468715340938 
0.003481110582167869 
0.004025986929765928 
0.00380498680994696 
0.003465826044076453 
0.005132557251284722 
0.00581681026415105 
0.005792131737351135 
0.003596484770383152 
0.005367940813160566 
0.005491133321353126 
0.005438111997724428 
0.005532647902667477 
0.005278277789633392 
0.005569862588804641 
0.005720299599402727 
0.005751788005211295 
0.005709349176832406 
0.005731872399496715 
0.005632358960816876 
0.005656969425570248 
0.005677748044193294 
0.005742624742964901 
0.005759014071679119 
0.005765303983375717 
0.005763162433703246 
0.005770404710153666 
0.005168137617425866 
0.005602897259153286 
0.004733546304402143 
0.004852915356600197 
0.004963101829125217 
0.004617452515059141 
0.004505132101911596 
0.004415056396981081 
0.004146320760423915 
0.005046045653282107 
0.003885242547442117 
0.003627165938528675 
0.003596423599217813 
0.003702707173239294 
0.005775193839383116 
0.005799762400996261 
0.005274709554527848 
0.005541875001818503 
0.005769900776413702 
0.004697426984240808 
0.005737169051504325 
0.005641002787993456 
0.004984453326326048 
0.00480035626490131 
0.005607678031197607 
0.005157134691974147 
0.003761462154933073 
0.003981720864998125 
0.003958785214495939 
0.005796045375135839 
0.005776538054520987 
0.003881197350960946 
0.005788542243250246 
0.005805358961420483 
0.004190464075528867 
0.003755547154480865 
0.003827182801071619 
0.004273746484684957 
0.005782410267025529 
0.005796164658252291 
0.005469356720792794 
0.004346398029697161 
0.005757243719883422 
0.005767461384432449 
0.005776659085592203 
0.005630975608338992 
0.005265886331162883 
0.005701917376096518 
0.005722350696893062 
0.004996724544850537 
0.004856173539878572 
0.005679166296810504 
0.005125431078542446 
0.004912706174774791 
0.004642352779230623 
0.003895904526496597 
0.004126713254298264 
0.004378215747710064 
0.005463745019237551 
0.003950238672058856 
0.005782774410329252 
0.005369445156278333 
0.005759776113399178 
0.005739982884494464 
0.005776173499733856 
0.00551432334051814 
0.004778030731718567 
0.005805321279003704 
0.005789095374424493 
0.004489669591756969 
0.005731665872635692 
0.005661842126376175 
0.005713589463531953 
0.005099831687188425 
0.005274194413669682 
0.005164111635976888 
0.005189458914114021 
0.004908973029071392 
0.004409054207718949 
0.004172989270020427 
0.004656338753922944 
0.004211034119747542 
0.005794103517836828 
0.005784244520077694 
0.005773744185058039 
0.005802640406953708 
0.005809423347581765 
0.005788599465412988 
0.004696223982022299 
0.005346413406817399 
0.00574587166591737 
0.005565984184967167 
0.005049169636636679 
0.005803231206299313 
0.005768308486097215 
0.004441471691891965 
0.005481227317983097 
0.005795015439620234 
0.005720727586462396 
0.005658365582233645 
0.005182571560477826 
0.005326971197384288 
0.004652057032195916 
0.004423061546525542 
0.00487937730275477 
0.005173734299464759 
0.005782158545655267 
0.005780601011249235 
0.005787926968194277 
0.005814170995404249 
0.005794292037520651 
0.005755302133151486 
0.003703964674859327 
0.004199534435703623 
0.005760831132244755 
0.00465661845215826 
0.005398760083927256 
0.005740827484141431 
0.005792603110720357 
0.005444873653592901 
0.005543174497651797 
0.004429334278751164 
0.005614286915768844 
0.005071804693380535 
0.00569485099397189 
0.005311119591788534 
0.005754389557369516 
0.004849773327639106 
0.004648753689871402 
0.00576699408926681 
0.005098864124147291 
0.005787277497738244 
0.005789133918589575 
0.005784701916259498 
0.004871230810057915 
0.005467873003650329 
0.005600102995855728 
0.005785152736709184 
0.005750177634382665 
0.005799478061240145 
0.005512416446277936 
0.005780891016132846 
0.005234578099887163 
0.004995767624107752 
0.005031255649017898 
0.005782244854736863 
0.005779328175524123 
0.005025657103425164 
0.005769546739083033 
0.005773487016348423 
0.005544053685290202 
0.005578212253740477 
0.005404140289910609 
0.005650802818838173 
0.005111491881850952 
0.00577872683225584 
0.00529267580223968 
0.005214524101289676 
0.005778538535156481 
0.005691893004591389 
0.005775374684149061 
0.005620792325378508 
0.005491697312812349 
0.005184218366959896 
0.005165294865280503 
0.005466416571220031 
0.005361163715311546 
0.005772773053408884 
0.005638782616172455 
0.005724635737254097 
0.005587303374546615 
0.005403203635214681 
0.005594186995681756 
0.005774159234576683 
0.005554576295939558 
0.005762815355971371 
0.005770520089249085 
0.005688005920631963 
0.005763517417187676 
0.005722678615999068 
0.005672098188549673 
0.005688188180757227 
0.00550593621010317 
0.005686990473040669 
0.005722477954245562 
0.005429223884630386 
0.005760284499555984 
0.00529392122305522 
0.005641783980529769 
0.005772412086950377 
0.005768715513022357 
0.005730645913972365 
0.005763925327760611 
0.005768331275232691 
0.005743982231010718 
0.003475061659380585 
0.003581716456780301 
0.005816795395946831 
0.005753356953130149 
0.005745541131904168 
0.003571780563513223 
0.003674276654401695 
0.003587750788476431 
0.005796296185671354 
0.005777257857944304 
0.003980956355480296 
0.005756542642113383 
0.004011531829101355 
0.005775463608069073 
0.004842706613320621 
0.004025296069870787 
0.004072726233262223 
0.00421835625639841 
0.005787020933001714 
0.005782837527372721 
0.005695675090512825 
0.005762502488497062 
0.005694510358497737 
0.005623688318722488 
0.005581045725870069 
0.005519541753650431 
0.005230168744109665 
0.005116611946962487 
0.004940175168684655 
0.005689868235519482 
0.005660483494315818 
0.005607811673233697 
0.005556105740033482 
0.004600075300075823 
0.005415661533290646 
0.004957439910950143 
0.004883916751676564 
0.004550989191914764 
0.005751106908113153 
0.005650496124675322 
0.005071992118608858 
0.004745369857756669 
0.005516820168188518 
0.005397370601357311 
0.005318641188109647 
0.00574785213883079 
0.00572753166336382 
0.005682623603807893 
0.005666539203191292 
0.0055720379551066 
0.005003028344658659 
0.002641095160145005 
0.0004019768303727951 
0.0005892598571569632 
0.0003526646126394608 
0.0004952379136721168 
0.001300610050828737 
0.0005885457306312483 
0.0006052273801676385 
0.000467082473384428 
0.0005475800989627008 
0.0005579813121460028 
0.001996169388813274 
0.0005087634377933868 
0.0005187438813960204 
0.000524712644816441 
0.000315847273657247 
0.0005266944759760503 
0 
0.0006359296593643057 
0.0005369236615930585 
0.0005722668823086012 
0.0004215510410786865 
0.0004412895116624836 
0.0004606935630156208 
0.0004789410515640187 
0.0005466487087607468 
0.001646793603886345 
0.0001941840772367332 
0.0006014210891612364 
0.002335484877739648 
0.0009635147340056505 
0.0005102862394289211 
0.0003554944901865312 
0.0003109908263044475 
0.0004199813024274397 
0.0006320954013440372 
0.0003463331463541197 
0.0003376694750198722 
0.0003282724775546385 
0.0003181369155321797 
0.0002977339883685269 
0.0002776092950403451 
0.0002662886954182193 
0.0002622889307428398 
0.0002607875759527425 
0.0002823073964467556 
0.0002877816243085699 
0.0002688370690147686 
0.0003850817202401086 
0.0003795698339109782 
0.0003799442574909844 
0.000374376411056357 
0.000361469061785182 
0.0003542599252812007 
0.0003076296626749189 
0.0004005551389703776 
0.001944057438429015 
0.002233526844689279 
0.002477170609696004 
0.002576299210774225 
0.000958934037779233 
0.001334718836361408 
0.001514723085624655 
0.001679784745308297 
0.0007840505366054966 
0.001145191890632898 
0.00182136296549424 
0.002040217250649786 
0.002127314079788432 
0.002327367379158316 
0.002408012798352687 
0.002536134472238557 
0.002580609316654181 
0.002562118854161573 
0.0004795075382087389 
0.0004033397154170879 
0.0003501640725102879 
0.0005790169964886686 
0.0003148353515101143 
0.0006982392324139349 
0.0003827135212475403 
0.0003843785957055643 
0.000368244285208153 
0.0003435890086429362 
0.0003516389056948371 
0.0003344038758804949 
0.000387467532712554 
0.0003037098629001341 
0.000284486034332086 
0.0002834696959624617 
0.0002953488439217534 
0.0003125571234382636 
0.0002877075559002924 
0.0003199700429880172 
0.0003254497704734077 
0.0003592973699669133 
0.0003943620388344753 
0.000366841426241555 
0.0002944067782631197 
0.00243362910205926 
0.002418804513942278 
0.001697708490066934 
0.001441320428419429 
0.0012855206714189 
0.001787234227638016 
0.002034897824222029 
0.002155638431514399 
0.002345129512027146 
0.001577113073369714 
0.001128368239205866 
0.0009766641189490955 
0.001852827727768314 
0.002256216167198693 
0.002367883286936857 
0.0008320847470780985 
0.002513969806187725 
0.0003939785240260376 
0.0004614722400904149 
0.0003570687467676011 
0.0003993807357338037 
0.0003298052962083667 
0.0005390576133152631 
0.0003166183595681831 
0.000360095009187199 
0.0003663474024667114 
0.000350563175029503 
0.0003392058828612475 
0.0003331161790105275 
0.0003125690943104539 
0.0003466331133487601 
0.0003165939510895052 
0.0003261361342227076 
0.0003408969473171576 
0.0003721426222725839 
0.0003797469481316088 
0.0006284297093818816 
0.0003103956694569125 
0.001093674817277143 
0.0009565209589332451 
0.001235947289472061 
0.001364630280180834 
0.000836807948250584 
0.001478440646234859 
0.001549733560744855 
0.001700216032409023 
0.001995426647252075 
0.001991274871094286 
0.0007291573547921362 
0.0003873431495588651 
0.0003998693266937311 
0.0004054931328127086 
0.0004037287491996534 
0.002260207899262916 
0.002096716654575112 
0.0005081519298854105 
0.0003738048840934833 
0.0003827320601207146 
0.0003802790230543973 
0.0003648667288826624 
0.0003515491357875949 
0.0003696501192767394 
0.001297959364272268 
0.0008113879068378292 
0.00139036468340927 
0.0003507679230771967 
0.0006455129565727519 
0.0004073894928057522 
0.0004065776770858736 
0.0003739810126783873 
0.0004163616070320271 
0.001650669388404049 
0.001439866560063731 
0.0004224044920390222 
0.000417234410755017 
0.0004200595446020586 
0.001159660865897592 
0.0003937398798093227 
0.0004531782328583977 
0.0004018147217961155 
0.0003623507043113151 
0.001184005873860916 
0.000570519941073293 
0.001329703111547039 
0.0004060106384401374 
0.001204173524123892 
0.0003746271726274309 
0.000399442100327061 
0.0003791747342723571 
0.0007149279202284358 
0.0005116153886445038 
0.000495889182466888 
0.000438988551094833 
0.0004589650731164225 
0.0004781784840251494 
0.0005336298507601216 
0.0004352620913363247 
0.0004129714932080514 
0.0008283335342227538 
0.0004255360336925828 
0.0003925845007157834 
0.0003846408259185767 
0.0005825665618529795 
0.0009698469712694106 
0.001504231229741749 
0.00110575787479509 
0.0004120691817560927 
0.0004175319191573524 
0.0004153648012328994 
0.0004372162568033314 
0.0004330284648966259 
0.0005247748000754991 
0.0005112287522568152 
0.0004767759228081558 
0.0004577383121476804 
0.0004946723555801022 
0.002031862703568442 
0.001807854556649501 
0.001188345760601976 
0.0008716087396586215 
0.0005779820976717043 
0.0003251642573993957 
0.001516638670073097 
0.0004280540289495318 
0.0004344802784571341 
0.0005969248288485758 
0.0004312799719817916 
0.0008965649269308383 
0.001254042890102321 
0.0004099587093766605 
0.0004206972413288556 
0.001658827808365934 
0.0004337924933866056 
0.0004127696504414604 
0.0004515002573373748 
0.0004752828499201611 
0.0004920646054149252 
0.0005080282691029875 
0.0005262206001659967 
0.001910925918672435 
0.0004507777224910519 
0.0008317069009735491 
0.001121680747567631 
0.001427393769054146 
0.001851312027763838 
0.0005060845779565084 
0.0004201407525312741 
0.0004576487609366343 
0.0004294854718590836 
0.0004648251850638648 
0.0004456271890844007 
0.0004542847576219893 
0.0004620683003032605 
0.0004394149073713957 
0.0007867430594462416 
0.0004489568310204984 
0.0007717776955669872 
0.0004638852788822466 
0.001737406658537705 
0.0004896127515761001 
0.0004748751368122622 
0.0005227713069101071 
0.000501497247409988 
0.00108394478590148 
0.0008260559652852723 
0.0004449741593231358 
0.0005555536692389333 
0.001373369915763615 
0.0004790488804971615 
0.0004911661974733993 
0.0004900907537737418 
0.0004952175747993258 
0.0009999110883320477 
0.0007291959214850123 
0.0006369293440411607 
0.0004563366285631687 
0.0005016457921020065 
0.00051468039862949 
0.0005796406917169731 
0.0004770403364572162 
0.0005454704320154085 
0.0004692437779070419 
0.0005233491050677645 
0.0005134719136620899 
0.0006758859986033849 
0.00052348787620431 
0.0005024660613788573 
0.0005345264336748517 
0.001065116401770516 
0.0004490919785348079 
0.0005406886389725197 
0.0006129818302310054 
0.0004990303585033754 
0.0006241460854024976 
0.0005532825881452866 
0.0005384276255755716 
0.0005708949490599492 
0.0005311391831462313 
0.0005415970682994105 
0.0006717074464908549 
0.0005044213542827063 
0.000595259995709311 
0.0008486879511024951 
0.0005549417445153699 
0.0005752635112533458 
0.0005534508408758259 
0.0005689627517766171 
0.0005582497313870991 
0.0005501514682879598 
0.0004090619549792999 
0.0005501999343472237 
0.00056064329630328 
0.0005828636218334491 
0.0005788227729410936 
0.0005946568930146562 
0.0005879152572021097 
0.0005484248237268667 
0.0005301120374540453 
0.0005662132572491178 
0.0003920853120940088 
0.002183096838611954 
0.0003942024546017967 
0.0003909453884269038 
0.002476452832053894 
0.0003808374142226588 
0.001667463650825398 
0.0005731587497248545 
0.0004421322443622976 
0.0004007869160691537 
0.00222745587694414 
0.0005170939257204247 
0.0009493101495760512 
0.002324691592906282 
0.00214996882855847 
0.0003999085013383573 
0.0003872205621006919 
0.001625412871795734 
0.0005180998531960916 
0.001909242269618788 
0.002114553112254413 
0.002229892215535513 
0.0008467775597220188 
0.0004899702114441176 
0.0004647562244638672 
0.0004084042607970291 
0.001824530938081633 
0.0004174848952306366 
0.001506507952320997 
0.001308241962240654 
0.001073176404741235 
0.0009365909791329627 
0.001019615437696743 
0.0003918397543235019 
0.0003824228900837764 
0.0003639241578758076 
0.0004065826663068744 
0.000349126436884211 
0.0003364392680224735 
0.0003431944452473676 
0.0003644319477219494 
0.0003828372690758663 
0.00044158474979363 
0.0004779689439443715 
0.0007011327334658808 
0.0003916615158441013 
0.0004234198113311897 
0.0003998359632027544 
0.0004027075490908636 
0.0005262347627791582 
0.0004515076075275611 
0.0003859342123128816 
0.0003920001554729123 
0.0004796014181126499 
0.0003993572359317318 
</DataArray>
</PointData>
<CellData>
<DataArray type="Float64" Name="sigma_xx" NumberOfComponents="1" format="ascii">
-37.85164212099024 
-36.64515601730366 
-30.87293724197941 
-22.17473497753573 
-9.980070540082194 
-17.48174272913523 
-14.25180814491681 
-11.38371773642488 
-6.18257993014052 
4.812830883031596 
0.2601608374789849 
0.8671448396819783 
2.209552319177587 
3.921024414855155 
11.08371166847129 
2.31961096563959 
5.754017000605027 
5.16374397407083 
5.724485294111543 
8.753943369319616 
0.2560474355451405 
0.8681736790306581 
2.212610042043245 
3.925812734330877 
11.07745537428669 
-17.48498029595476 
-14.27189473299895 
-11.41515691421086 
-6.17321360458037 
4.760150540804524 
-37.94052587157047 
-36.49239980752108 
-30.79586167499744 
-22.67242391150564 
-9.926593225623371 
5.452471630037985 
20.90553698978036 
26.54488718624466 
24.93677564649842 
26.57862419490526 
20.99662188233885 
5.574441249672909 
21.28780687988611 
41.53978829394002 
52.95081931828275 
57.84371478510153 
53.00587839331357 
41.64841039491849 
21.71785952403486 
38.87449505651507 
67.2008389071929 
87.71805478684456 
94.56521403481071 
87.76122335344293 
67.25459956010545 
39.42045998778337 
59.36173767854036 
95.14176124075395 
120.9446997881031 
129.5334084183973 
120.9434423217039 
95.10325324737097 
59.40635600688427 
80.14377237742123 
119.8280305564914 
148.5433749673219 
158.5026021071718 
148.5099979685237 
119.6838677187812 
79.56882522887338 
98.10019751885838 
139.0574512567625 
168.6707280953743 
179.1620762728226 
168.5537178816442 
138.8728128434585 
97.21035472918818 
110.7508129698308 
152.2483658469343 
180.9281118411126 
191.1309989665618 
180.6870487043856 
151.7804116046769 
110.7421335966982 
119.3697043651269 
158.7384071454861 
185.6171740586144 
195.0886234550159 
185.3246485506534 
158.3527372879443 
119.3969435006468 
123.1025779250249 
159.1113938435404 
183.5567662891972 
192.1509553942421 
183.3447140069428 
158.8779249020923 
123.3888757676463 
123.0431868383423 
154.5349689662121 
176.0532321615928 
183.636165799332 
175.8813448110272 
154.1798342521981 
122.3471118964318 
118.6535692462418 
145.74883922891 
164.2505357069602 
170.7976043174428 
164.12751531091 
145.2997946715527 
117.4112936722507 
109.9714517289337 
133.210028564052 
149.040195947566 
154.5964656298476 
148.9671108438217 
132.9711869232447 
108.7510049022323 
97.34978621508498 
117.8076278354913 
131.0867544237008 
135.7153227300947 
131.0407697811563 
117.6489316180341 
97.15267019762243 
82.44145736854038 
99.92336278402054 
110.9230983398867 
114.7065098224017 
110.9469872537824 
100.1406985102391 
83.52996844219216 
66.7567942508674 
80.52321915595421 
89.23348748326661 
92.21231967638882 
89.32070542679196 
81.07249280194661 
68.51909113979747 
51.48767267065571 
60.8164641182983 
67.02591473241006 
69.12004456204058 
66.90132853113556 
60.93279675160878 
52.35691422730859 
35.78417123303637 
41.41801485821967 
45.43793946532334 
46.7014734887254 
44.79877020192092 
40.38760334851614 
35.05985714130082 
19.93925253769597 
23.29912148506211 
25.94215716134214 
26.72348784558027 
25.04812191092857 
20.83728406419137 
16.61293939783143 
5.702444475145595 
8.55320189345097 
10.74580058463952 
11.18436205659804 
10.16275952816272 
6.833343888330954 
-1.291782547728262 
-3.04882943905874 
1.527317524646793 
1.952542968305572 
2.141924392960874 
1.873385346565067 
0.9898404921153566 
-4.770619000426874 
-3.450514652459107 
-16.24520765767864 
-39.12147312181308 
-3.428997627588626 
-18.35442693513003 
-38.74920870372186 
-3.226605819216338 
-18.54531187410482 
-38.31039847280002 
-3.122830588057858 
-17.98841749004583 
-36.92111751543855 
-2.987950503559175 
-17.07256392851623 
-35.03735937761923 
-2.82258022089911 
-15.95244165300456 
-32.91275834192849 
-2.61944685979527 
-14.75492570266024 
-30.49807812340279 
-2.400392079671624 
-13.49541814555831 
-28.01141812029307 
-2.176055730102032 
-12.22668006628694 
-25.39919371493934 
-1.952397247448068 
-10.96765102901883 
-22.89510270169842 
-1.732835691543255 
-9.759426299477223 
-20.4137542048584 
-1.518963753070998 
-8.58467205656935 
-18.04593312323377 
-1.310281655834528 
-7.460206362123837 
-15.76934115889531 
-1.118582725466108 
-6.395785985119523 
-13.55879900923347 
-0.9432554324626731 
-5.395371256536095 
-11.44906142231573 
-0.7768325290307554 
-4.452644935213178 
-9.507035768188214 
-0.6233575527191821 
-3.581637676099048 
-7.739421555253432 
-0.4860025895047957 
-2.804530606623182 
-6.082850134405966 
-0.3625693505262909 
-2.102457153633932 
-4.560679125966382 
-0.2546329293488979 
-1.471980249465357 
-3.266301709545814 
-0.1646864210038529 
-0.9406159332419473 
-2.154399346108858 
-0.08940815816845142 
-0.5296007149930805 
-1.235720999717978 
-0.0342874817993962 
-0.2150340717809085 
-0.5909879623478147 
-0.007832940304193639 
-0.04475875995257815 
-0.02240076402735571 
-0.001000511173288952 
0.004895632607414196 
0.02236831766364785 
-39.05129926727623 
-16.23292661052279 
-3.443767369484037 
-38.75631947919705 
-18.35622135588781 
-3.433495542270632 
-38.31109214273808 
-18.56645493711209 
-3.231149114489754 
-36.93705495549658 
-18.0058764439055 
-3.127803835324042 
-35.03881740896438 
-17.07928891933252 
-2.991274858699449 
-32.86189470250734 
-15.95768119116844 
-2.823951995556552 
-30.52144699166616 
-14.74293021022199 
-2.617780647119054 
-28.0935338978986 
-13.50437518295847 
-2.397424557072943 
-25.59778384383694 
-12.26461701106342 
-2.175742043440818 
-23.07593728244715 
-11.02334039477721 
-1.955545673091794 
-20.58808684835316 
-9.813654340626549 
-1.738637824058039 
-18.18694933539608 
-8.640898760448277 
-1.527067593110292 
-15.86542460040399 
-7.519922281040694 
-1.319994750544621 
-13.65915200411107 
-6.445226841902063 
-1.12729374523606 
-11.52820719043321 
-5.423358670303505 
-0.9494409138919107 
-9.53442911395639 
-4.459247598258028 
-0.7829495560330167 
-7.564032356263588 
-3.600533063072916 
-0.6296416924328654 
-5.986931766959139 
-2.791864398119772 
-0.4873027520032509 
-4.577558329379482 
-2.076955158325572 
-0.3597577212509584 
-3.311141132936102 
-1.479476268720771 
-0.2536286921217074 
-2.188092955461044 
-0.9538513336824151 
-0.1658266657402432 
-1.279572665675408 
-0.5362180987390535 
-0.08983929430629385 
-0.6117437519742106 
-0.2286404165129396 
-0.03657890918617154 
-0.05985489640281413 
-0.05588336996271348 
-0.00920923083541287 
0.02065562509675613 
0.002848278578627184 
-0.00103025150124377 
0 
0 
0 
0 
0 
0 
0 
0 
0 
0 
0 
0 
0 
0 
0 
0 
0 
0 
0 
0 
0 
0 
0 
0 
0 
20.10666186496726 
-2.778012352188036 
-55.99996607045805 
-35.87420286712445 
6.339830716300332 
4.443237333693761 
28.15793226046971 
39.15369232225158 
0.2007592923339239 
65.79880517759776 
71.68252842650064 
75.20504582065188 
-4.040654883482961 
79.89759589683187 
-41.98161497163711 
61.97146628654787 
47.40834861783291 
34.040043131321 
-39.40426126960251 
1.522107469633065 
3.997932360451698 
-1.349653184908184 
-2.593679211563547 
-10.67453719962513 
-2.014026418168846 
2.071564723240872 
4.798990998287937 
-37.23405339919678 
-72.20548724766691 
-57.64599982676923 
-77.05807076100186 
-6.60287291689998 
0.09048128613193916 
-2.478053846404133 
-13.14190202039062 
-28.44431424772629 
-40.03293317607619 
0.1494322442055449 
0.7383497295602419 
1.457798446138024 
-58.91034308157253 
-59.26659390828214 
-57.25371370007658 
-55.24077696567721 
-49.44419960083345 
-46.28935166357496 
-42.89717145689583 
-39.50506062012489 
-32.27134273274425 
-28.61768568133629 
-25.05609613545471 
-18.43380479162467 
-15.26772291845433 
-12.51607474813369 
-9.771381668260126 
-7.507951862625734 
-3.79557453651201 
-1.552262698570898 
-1.003419966758356 
-14.18244445430139 
-49.71454862744442 
-26.92008032930688 
-65.19868358876742 
-68.70990559374252 
-72.71848396684568 
-58.68661902549925 
-61.86370757985544 
-42.55077405155358 
-52.59434393094999 
-45.55414543250487 
-33.01732287321469 
-46.52531880255039 
-30.50881160853706 
-32.58745015399593 
-21.70288516385875 
-70.86506710969125 
-68.63731015876196 
-71.94649286803404 
-65.67814602990534 
-62.23169271295261 
-54.87959244254237 
-50.76122682014892 
-4.380526206565225 
-5.303892574991403 
-5.455122678353831 
-1.591347472628447 
-3.175941769417174 
71.20457725336203 
78.18335023426782 
-52.15663435262179 
-20.676064558294 
8.05754429405482 
-51.96382624526843 
-32.62841176273816 
-26.29917478916293 
52.31780213690459 
-72.18616536338797 
78.21678615246712 
-19.18019811279596 
-17.11176706575573 
26.33070593814333 
7.540404706754949 
-62.2212450909118 
-71.26114542213114 
-75.27949059638624 
-47.94783260821576 
-71.60941061989375 
-20.45099085395186 
-4.054316396063997 
-7.811723510829009 
-10.46566023727879 
-41.94675338954929 
-43.99038828874387 
-58.35928475664685 
-59.22147029489259 
-35.450021535205 
-24.58626062566375 
-50.7371208767842 
-76.21905228133255 
-66.54812892956495 
-55.45174535570931 
-74.95671598285168 
-73.07369607722471 
-27.68578191618434 
-2.087111423508453 
-16.61838678915595 
-31.42760026946695 
-76.37069865530835 
19.49653814877912 
10.45659824970033 
22.64213040829497 
-13.17715527431504 
-56.07704878839893 
27.93133001035595 
-17.20068743812892 
28.86919429603267 
-68.77913831340966 
30.39359866343447 
-45.81199646294399 
-47.24730471454136 
10.64923451067912 
-45.36808945823134 
45.50750367805637 
-34.00376299171372 
-3.74781571296635 
-48.35674819758321 
-6.436395365507598 
4.111614588291647 
-47.49063750423909 
-67.26045307593661 
-49.15122410996823 
-44.26002258867327 
-50.60046573546147 
-63.66817472303559 
-37.25432904536381 
-70.47928799251137 
-70.17759242419444 
-54.27135089488606 
-57.47049281737733 
-68.49353047621054 
-33.17221466990785 
-19.75295423357082 
-13.87190830846337 
-25.20649583260871 
-65.40742498158264 
-71.93225607165415 
-59.21874974758927 
-42.08352907898408 
-57.11196997603735 
-16.77297953678779 
-52.11416663614192 
-65.92686857844814 
1.67761783394242 
-72.38153527211281 
-60.34826626649358 
29.18123065888643 
-2.325913957395323 
-3.198433775454895 
-67.78838684134772 
33.69026260793537 
-23.94024036505176 
-5.19652772171278 
-67.52424494144978 
-73.68725166264385 
-2.16617912245408 
-73.42405751109879 
-71.9838369883322 
-56.42428859775273 
-43.19454630071795 
-57.97534855831348 
-48.81488656278804 
-57.46345445630055 
-56.19934877617496 
-57.79785147433772 
-80.68557060540097 
-65.67615109789955 
-58.01586731321144 
-58.14934120045783 
-13.11047023624158 
-51.37894479956499 
-8.948177616796951 
-16.86180531546895 
-3.001601753280073 
-3.296279509249747 
-12.71536939599956 
-18.47575158168641 
-2.617479544724688 
-7.704574414983448 
0.9778461572886543 
-0.3397914942168463 
-45.21209834612869 
-18.31801581046302 
-0.2535333671940392 
-13.90066098946671 
-59.33525647276419 
-36.16404424113526 
-70.9283966603746 
-72.91531851809461 
-43.59857314276727 
-31.53135576500091 
-26.51650306035253 
1.568397771077901 
-7.063611457639848 
-61.09845046843258 
-46.12890154713097 
-18.90686187425163 
-33.77378112621611 
-53.43435738820954 
-11.2019893845705 
-41.4074332780796 
-42.75687691523853 
-29.47101337729159 
-0.7450798713059575 
-29.55652281075602 
-0.6125771891310527 
-13.9817959295846 
-24.53094071678251 
-44.70876493341126 
0.7837121575760683 
-11.42462673248113 
-9.580335495925077 
-45.65819940024996 
6.463577488153156 
-37.47030131182231 
18.30150787913989 
-21.65003064943217 
-71.95952828461377 
-0.4903900127317238 
-36.29528874637418 
-42.83363567693446 
-19.38245788515851 
-26.73122108321602 
-15.66241575510309 
34.52048450032906 
-73.76306056897776 
-23.15090240173008 
-44.67330258265746 
-32.95835040102629 
-41.30124160339727 
-55.7969007198831 
-13.45198957533211 
-54.55419979272563 
-71.41051738434808 
10.14231009231159 
7.796632852085598 
-0.4289795199922034 
-7.258940332740813 
-5.131294857750712 
-18.00058250519303 
-29.76191213508665 
-1.314411855447149 
17.40426357892211 
-59.602591648957 
-1.612672693946881 
-19.77359213970757 
-23.39263327082842 
-37.13263624972505 
-1.413984166419371 
1.51944787316601 
-23.03043205350851 
-15.47973147653587 
-59.63526498905585 
54.78898830547752 
8.483809408885165 
-25.51303065353351 
-29.19340673488813 
-18.04122704861788 
-42.88554472567106 
12.57749482365342 
-26.32511677352496 
-12.05877446965954 
10.25080615812802 
-0.4213171054697122 
-2.110105537326187 
-3.827997411795059 
-11.3781869685622 
1.771941402512162 
-60.82455374942565 
-0.8225145017486842 
3.779553049682647 
-14.8859686431113 
-20.42789414982118 
43.52040093227039 
-45.70677256533472 
-58.6863209412459 
36.91015590291541 
-51.92295929703931 
15.77912416980181 
-5.307706819809964 
-31.92908263632791 
-21.65848185066354 
-3.811632190969189 
-7.393828493430833 
2.648780054601909 
22.97590056187796 
8.561604089437669 
-55.05447500515275 
-6.263528539651053 
19.01255579723534 
-8.252050224349478 
18.61954011416815 
28.78516995503843 
-0.9912141283909902 
-22.08147637704648 
-30.13446260100435 
-32.69756468622089 
-20.29112866195287 
17.48136115816163 
-41.51004360573675 
21.32113435412733 
-1.537301488406213 
-9.136438248209405 
-1.99179085501988 
38.47138250960832 
11.15780477662608 
42.26344482583622 
10.39489273175844 
-45.93672417991532 
-9.997396078132544 
-18.73097258109765 
16.99887831576588 
42.6991111248642 
7.450105779268493 
20.75191163433674 
52.7221320801845 
-7.038516350878646 
5.892458579906964 
-25.21409159860785 
26.42830339016047 
48.5995673516055 
31.08651366703983 
22.6503563045931 
57.52411390263639 
60.96178603395347 
0.2986373761100252 
44.21839101808931 
27.45421315957778 
43.81273067842994 
39.41021697718959 
39.04852221705131 
70.99954213284165 
54.04412766735923 
64.08388895815978 
56.60380711418421 
16.18997071895167 
-19.47870914719122 
29.99618911381356 
-23.86214960716477 
-8.676188864466077 
-64.64214184224966 
-37.52837486829635 
-37.87365257556446 
-24.99563641700385 
-45.02605607586848 
-49.36403476120294 
-66.88719689232745 
-39.99114909912493 
-42.56822800697302 
-52.36786414940984 
-75.04720868921879 
-82.22637209638344 
-38.67633377212684 
-58.48383157297317 
-56.56084015369591 
-65.34460946860877 
-57.42620430264943 
-50.58221058119342 
76.84187958538472 
-43.4555488010181 
0.06444812442501822 
-0.2832771862387226 
-1.403036909716205 
-8.043943200678953 
-3.812019801520965 
-5.220329395874497 
-7.504601854909438 
-9.337193643615823 
-12.72185399173118 
-24.3901521970531 
-18.36497311759911 
-38.22381172840597 
-27.57421426165142 
-30.97964860138899 
-34.45968764713284 
-38.10799178717975 
-45.52683053915271 
-49.06330137238591 
-52.3995507387958 
-56.36217786296119 
2.057793942106994 
10.467271598451 
0.7176228046338213 
-15.81149170442393 
-13.75720484253896 
-5.062493770888142 
0.6140076653163932 
-11.82478262073663 
-2.276485494449614 
7.517028954500272 
20.57678490603786 
-27.88843254228983 
-69.65811639497538 
-56.41896306465353 
-39.01937688119529 
-31.28056689483551 
-26.76875943290489 
3.928057036626467 
-1.889248041164493 
23.33374790272909 
-9.528758781324113 
67.95200663390257 
-3.458594539347526 
-1.335523325972534 
-0.06473372807494571 
-14.86652355489654 
8.256285807457607 
34.22407226482874 
47.75144882357331 
68.71408859299004 
74.12892068228209 
72.9759594786495 
52.71897504877779 
42.93741375974452 
33.44017876640266 
24.92629105425386 
18.74044160708889 
-59.54920294718323 
-59.15929886414929 
-40.48441946933045 
-53.36516241704661 
-58.88147449154691 
-72.72782855790678 
-66.7118690846184 
-63.31753009409658 
-27.50553521551964 
-2.996642083786508 
-24.32234919196551 
-21.22930024355752 
-47.42078929853947 
-43.03734771856161 
-41.84418213205628 
-72.58010030252929 
-55.17423408030683 
-53.90611949902869 
-73.19121422815239 
-47.24174948142635 
-64.58149458043265 
-68.09820357138351 
-2.413810241212079 
-9.035990169726778 
-39.43304154978529 
-15.55461964112947 
-27.75249922329694 
-0.817873350324702 
-2.706424080303562 
59.71620299363141 
18.57161932069435 
33.61586593777162 
75.21553251602865 
61.24923540903812 
-2.723017849593301 
-9.16281973202031 
-16.35353942584187 
-0.6362529698307524 
-34.50594543193618 
-61.52711085135309 
-61.47275081574434 
-33.37438666485836 
19.25011951697536 
37.45387794163008 
35.68402770626395 
13.92022453551283 
-63.68866313715489 
-73.60340404902044 
-70.57690448316556 
-74.50317573060222 
-41.52452776223911 
-60.21327894520604 
-22.08011933790727 
-3.84426585278833 
-6.456390574598901 
-35.12338778596064 
-56.75230120220504 
-35.52910551051882 
-60.67748257203242 
-51.83308257459866 
-74.91953835559833 
-64.14159562207234 
-68.06874338801076 
-51.91844643048448 
-64.01447074071423 
-43.84621758994829 
-17.31451666627747 
-43.66392345539784 
-16.97932684386315 
-51.93692087472151 
-66.77195549154622 
37.68630800651334 
-2.438643370889408 
17.55292901476865 
-46.68378027548477 
-75.35596591665781 
15.1686497647306 
-38.21068147908151 
-44.59717735101759 
24.59691573592217 
-25.37237696736384 
-57.34401428884852 
-45.24156795817317 
-28.79166609495503 
-23.27440029800173 
-17.71134311377394 
9.551795920895907 
-48.04307363544295 
-4.173332281449778 
-11.338223786548 
-60.1656465237282 
-56.97518949774208 
-77.01035797228334 
-70.64926166920633 
-39.83926352074238 
-55.09103411092777 
-57.67915352066058 
-53.85540542611717 
-24.2528010530064 
-59.36685009438116 
-67.94915605803722 
-74.51503728858088 
-58.89072379218281 
-66.37685817490868 
-60.27434948900934 
-61.48443892399642 
-48.94508343424254 
-47.7500212578789 
-19.66393112486318 
-43.75387944618774 
-70.0820267057057 
-80.21414517127315 
-57.44924764672021 
-76.31475372496251 
-57.41936485438218 
-73.24215498666976 
-67.71502407697811 
-74.57324956190281 
2.42857436392546 
-62.33662879208386 
-15.41237460519831 
-12.81856176395584 
4.189803088175926 
-54.61677530634363 
-20.92637971453209 
-20.08526997496046 
-1.320142647193054 
-0.2275666395515815 
-21.03161100286247 
4.479165744494088 
-4.509917790136171 
-43.50801771018429 
-57.36919117223771 
-61.04448276551563 
1.84781527296621 
-40.77925139327419 
-52.38879066409789 
-45.07350603148546 
-69.53227702492676 
-37.73132500418281 
-2.291179040687824 
-59.63688494395607 
-59.53975754494019 
-51.03754506256166 
-60.75507343294736 
-5.233577721341191 
-28.09474898703234 
-31.87324004138585 
-0.2929844992290453 
-0.04479510185323168 
-63.42593303523324 
-34.30709543209786 
-76.52758605114037 
0.1352824754761673 
-33.48157890002327 
-1.764872051142391 
-0.3939204178851609 
-26.46593627107987 
-29.59350499978701 
-25.16406634966133 
-56.2299189861489 
3.872289330757339 
-37.39287480861806 
-50.64452370858051 
-57.84563559165421 
-2.968477094370307 
-22.26995265239617 
-24.91762195113025 
-50.37793508256524 
-36.69908892937421 
-47.30647250421396 
-49.47504933233281 
-62.88067871399567 
-60.27495440022295 
8.431368019162987 
-2.208031183640094 
-1.777724483487307 
-6.779225529794241 
-16.12003485503442 
1.400301445890231 
-1.88346453870873 
-67.91880950358525 
-45.09468896984558 
-52.81422382743595 
-41.14764855549718 
-20.44885128100677 
-77.63000753451361 
-31.04835743641118 
-30.45235513987895 
-16.45756403308845 
-12.98819934747385 
-33.82023852171596 
-20.10653671560248 
-32.59956553232856 
-29.21866524997413 
11.40408498651249 
-34.02069115388462 
-0.9880280920647422 
-4.10643649044127 
0.1934363507327484 
-12.50228606480267 
-1.558683324554094 
-20.98969620186201 
-57.89574462879423 
2.745363870953445 
-6.763055205428033 
-9.443726838738241 
-16.62093004090843 
-14.73897212145738 
-34.12238112766683 
-12.02921824436241 
-69.39497723528554 
-14.35351465979138 
-49.2934333459308 
-33.38065744752464 
-6.983605788179629 
0.1776036780587592 
-23.75685949862837 
-5.798579296433759 
-3.865207507241454 
3.309263715322628 
8.192784372406024 
6.944649080604217 
24.0328233190982 
-0.7168381540745453 
-14.21120161978692 
-31.18795728228038 
-22.63607695854074 
-38.27717681106925 
-48.77359246883884 
-20.18538618399322 
-10.84303587915387 
-17.76995506810137 
49.37506381146245 
-6.901171534630508 
14.79986577728688 
-0.7597545755563743 
7.33381695516298 
-3.187133426333091 
-53.33921467561191 
-26.26851781118448 
-21.43047199848393 
-71.61107031195907 
-12.10423913339682 
-34.91384170711463 
-6.62777109886481 
9.129949703027023 
12.5382926467929 
5.895320857523604 
-61.26750934078597 
9.809080246389437 
-11.57675811208844 
-31.54609355377097 
-68.64660771563629 
-44.8046786602572 
-49.91767969218229 
27.8354282090061 
34.47420096158687 
-3.185099447517424 
35.9679163747368 
12.30035949823761 
-49.93360116951585 
-60.08550161031872 
1.851871202806515 
0.7758386599188583 
18.54030777057467 
-42.71962005555122 
-0.5206834590434634 
-4.673082973208176 
-6.727553462988275 
46.54761514742984 
-10.9918231377665 
-9.371578967426663 
-43.84203926206957 
7.993509771943364 
-2.668794003938413 
16.58563275338636 
34.63768290726434 
-14.46528995570939 
33.50416295607947 
19.1935909539944 
-28.78594053870966 
29.84576610221435 
7.892727506744643 
28.91264207648936 
59.59211439036335 
46.46382903824406 
24.4837826280511 
-45.99129318486103 
63.74524630899073 
33.85689520815798 
21.5840289220753 
16.03457355268702 
66.72338464121027 
54.65591618624526 
26.77356926586611 
53.72012924810959 
14.99238789321114 
44.89280141947371 
54.20203710067886 
39.21997258585684 
-3.623096143738642 
31.61351728229 
-9.475202928532573 
6.269303245975807 
18.18824514147363 
-34.63277063832256 
-52.62076428340246 
-25.19205563312724 
15.07431031386492 
-64.79909656911596 
-23.43398561592323 
-61.97368980941439 
-83.69819359356944 
-70.28829413778831 
-41.59797112658438 
-32.14090567860461 
-40.42559734020949 
-46.74196210631042 
-54.98762930129052 
-47.93274323174216 
</DataArray>
<DataArray type="Float64" Name="sigma_yy" NumberOfComponents="1" format="ascii">
6.968546454831357 
9.769460644451124 
15.25405793915161 
26.61113063494157 
49.84612534135471 
4.848924902940637 
10.35143401921957 
13.11586228232523 
18.00747511462194 
34.83336318213544 
7.337740457124174 
12.60308459102393 
12.77109194283047 
13.81746294083534 
23.96988699095157 
5.505708266222262 
14.03775325625307 
12.28619759219653 
13.45987691525799 
19.70177422420524 
7.33631993143789 
12.602904931435 
12.77177452478295 
13.81332715485895 
23.96004700081479 
4.850062691137254 
10.35222154862605 
13.11061606407284 
17.98504650976664 
34.77695984231514 
6.911870372381368 
9.827860741592721 
15.32599214931155 
26.42797596212629 
49.78250799987929 
101.1346771331316 
82.78513715432348 
66.82108593739548 
58.41513201519344 
66.86842593151826 
82.88266868210212 
101.2852412846606 
187.6256201571165 
175.1542740027835 
164.2761787224921 
159.2312761864015 
164.4218420081949 
175.3767913273994 
187.8767557161642 
300.276239481211 
298.8277018016586 
297.8160739391963 
294.6553184496037 
297.9908170004566 
299.0982820591516 
300.6051081624891 
419.7757440684175 
426.8439264515037 
430.6966269222629 
431.1067096456709 
430.7633563325333 
426.9428300653084 
419.8818891137155 
529.0463383718985 
540.0520176618138 
546.8473262254672 
548.9132571639661 
546.7496445529799 
539.7838143572427 
528.657059386043 
619.44403987594 
631.5746483320488 
639.3470868539472 
641.9501461897046 
639.1962544566235 
631.2181685829593 
618.6595556983588 
687.8725440196195 
700.5012703634521 
708.303224296906 
710.9565434135642 
708.334950519505 
700.6249302823179 
688.3898889586739 
738.6103762577804 
750.1233625269265 
757.2544000926115 
759.7000803491529 
757.4537340549076 
750.6345908171195 
739.5059644087695 
775.4867733358051 
784.6967087224887 
790.4489858702124 
792.4307622842512 
790.5673593889518 
784.8795099022577 
775.4624001863534 
799.392992293627 
806.7943819432104 
811.2210674994843 
812.6522445088874 
811.0889422083818 
806.5381191175406 
799.0408720560249 
812.4457844548541 
818.5312330335597 
821.9025131377919 
822.8780929716412 
821.5096435971527 
817.7546720268494 
811.5548396608767 
816.8966844777094 
821.5580842474909 
824.1896266553713 
824.8890471365103 
823.7022920641092 
820.5529433570823 
815.2419164478868 
813.1291660497729 
817.1251034076613 
819.3231753637519 
819.936528909197 
819.033619327824 
816.5888080151743 
812.600322165787 
803.8202894111386 
806.5345348741494 
808.16214145079 
808.6834927130194 
808.134959402987 
806.4927665594585 
803.7500249134547 
789.1605033606003 
789.9708953522313 
790.6303971549992 
790.9304103536207 
790.7908594920784 
790.0722601374455 
788.5846701695959 
766.5119633450262 
765.8429859830878 
765.3783072536544 
765.3556720724866 
765.7982156509528 
766.4215295740063 
766.7364519747132 
734.9459361343445 
732.0417880719402 
730.0098520508778 
729.4535181438526 
730.6619815854141 
733.5262962326682 
736.894227307957 
692.3910966413679 
685.6077091669334 
681.0866306088349 
679.696733432767 
681.5630972490158 
687.0513803081095 
696.5354062137271 
634.6646324812323 
621.6065343219435 
614.4559402438286 
611.9909076782396 
614.2162882549489 
621.2893602622169 
634.8297710137406 
551.0882109146473 
535.7985342135532 
525.654324984751 
522.0349240171555 
525.1531969764758 
534.3759769089955 
547.6627294682193 
-0.683975549651721 
3.42216839234112 
3.444581189120369 
-0.2857848445852039 
0.6463045151547547 
2.086552729895285 
-0.02959897593737127 
0.1867775605480911 
0.954747649226605 
0.01736978068926622 
0.08254911193665655 
0.5422244165658809 
0.02358232705677545 
0.04779658312403954 
0.3218348181009725 
0.01521801325912858 
0.04282050766468226 
0.138765594131409 
0.01765777000578705 
0.02605490565354215 
0.08489028866881917 
0.02050224078388929 
0.03070589024202365 
0.01693412641291876 
0.02250599699578587 
0.04041656622922127 
0.03498569985174003 
0.02393756740216986 
0.05521494438232328 
-0.005644002994668182 
0.02515565008383778 
0.05012956977990664 
0.002409916862669424 
0.0277081861397008 
0.04924972152957813 
-0.02263249782531557 
0.03591226023396964 
0.0472871408153887 
-0.05260574327671185 
0.03674510905306454 
0.04996222680485055 
-0.04612395285930906 
0.03349670772326776 
0.06111045707365319 
-0.01163979815155376 
0.03154390196143767 
0.06744022416747039 
-0.01737782332767273 
0.02894025097049316 
0.06794674703385875 
-0.0443814609059266 
0.02560251574994588 
0.05919781016136653 
-0.02569332681398974 
0.02288843796783282 
0.0525780005822203 
-0.0002573170008963128 
0.01979121870303674 
0.05542209478532561 
-0.02375842659945338 
0.01589646263195501 
0.05716474652428059 
-0.04133942450192221 
0.01331373366333925 
0.04146454419282659 
-0.03218808141993265 
0.009596521485074002 
0.02158638784866577 
-0.1079859126804676 
0.004440941963384279 
0.009138816957268764 
-0.03385514168851567 
0.001109212038093741 
8.655975438247955e-05 
-0.04673736847539128 
3.459946127325094 
3.434145901870008 
-0.6752073003720072 
2.070256693887659 
0.6510911841900799 
-0.288360531420798 
0.9648680111771004 
0.1791400558759326 
-0.03152740043264732 
0.5397097905501633 
0.07912525041496418 
0.01545228218154469 
0.3183216928248266 
0.05034645639262195 
0.02272087244946327 
0.176872622936173 
0.04164531999923975 
0.01470293783219864 
0.07071695947622246 
0.03651153016799153 
0.01817178938848464 
0.00899185081761158 
0.029414252898697 
0.02155400252248929 
-0.004599743704735404 
0.02910649431961186 
0.02248652949559412 
-0.007156868890316714 
0.0440906662519602 
0.02328016764474031 
-0.006346781464430953 
0.04913173363483336 
0.02467118449690682 
-0.02065838213861075 
0.05049520007863132 
0.02721299531635667 
-0.02601767065509279 
0.04596498879124137 
0.03516194766945007 
-0.04320542340568413 
0.0485121547232463 
0.03663336305054932 
-0.03273246954752816 
0.06112315395033126 
0.03365124276442828 
-0.04750238719131215 
0.0789690032418896 
0.03156991253773576 
0.05466253125440224 
0.06863287188549805 
0.02954199246331423 
-0.02901233636436092 
0.06322315441776447 
0.02664585562282935 
-0.05901262390753351 
0.05506959880506339 
0.02359454894574271 
-0.02683501372317399 
0.04683279110089344 
0.01942291061489021 
-0.02498871427859534 
0.05558392215727402 
0.01530694288481195 
-0.04899550904372729 
0.04112148957802645 
0.0134896806621996 
-0.08977855235341421 
0.0228613556422179 
0.009257574663219163 
-0.03366418199491989 
0.009688982573052727 
0.004650918035462403 
-0.05099637389756854 
0.0008766960644650567 
0.001323508043065681 
0 
0 
0 
0 
0 
0 
0 
0 
0 
0 
0 
0 
0 
0 
0 
0 
0 
0 
0 
0 
0 
0 
0 
0 
0 
414.3044290059507 
203.7426864582101 
14.01645871748254 
-0.1766364747153605 
599.1821997403914 
705.218271187397 
742.4948878140619 
769.8902043214987 
771.0251291909541 
799.0879953811985 
808.4134334414837 
810.3298621525199 
592.5085243131405 
787.5785976277612 
306.0770529675659 
672.1439909638647 
605.1517453175372 
517.4989839670235 
40.57318882704431 
824.120246667023 
703.3182336724133 
840.823912251937 
781.0509790014595 
770.2592117341288 
741.7625795308089 
-61.4742236548869 
-35.439626413836 
-0.411283442827052 
6.54764691444469 
80.15210589946018 
628.1388143854754 
760.635564767449 
-0.6989022962844552 
-0.4228444706763099 
-1.086111723671898 
-0.816225800063617 
-0.6765151216726291 
-44.0441784489008 
-52.94221255283267 
-58.72252886163034 
8.946887445961428 
5.556257313759795 
2.271279092696179 
1.348761956826642 
0.50617005497854 
0.1668520672814961 
0.01726197108757475 
-0.1985346595748518 
-0.2142184000671646 
-0.2300668473854059 
-0.3087821949549998 
-0.2826428784093819 
-0.1780035671026239 
-0.3249386736090638 
-0.2895738724659042 
-0.3402877971168753 
-0.3922223952685659 
-0.5196824468697411 
-1.221355732396881 
122.9486428670878 
22.67180977354958 
70.08693121292629 
51.46056445752046 
22.04203467633123 
9.371051937631186 
3.50207804461183 
35.69917116337397 
95.29137676051961 
0.7912947558115525 
-0.6540947939293615 
-2.218417429809105 
-0.4071464966086247 
-1.933220566282706 
-0.5776177597050305 
-0.388909028558472 
4.593675756299864 
3.038224044251771 
14.22704344266895 
1.969558819476127 
1.206447046744751 
0.1348701625449484 
-0.1724702597017768 
-2.575858838078057 
-0.8707357822366648 
-0.3540049974085619 
-1.890438208891059 
-1.782435205514875 
723.1927762559062 
762.8797379240431 
124.3759108899267 
310.3819332276042 
305.7525669440353 
60.06415549090119 
146.5382013505796 
220.0932372551319 
787.990870329428 
400.2663619030561 
802.7506380656348 
712.7281570358577 
406.9075051831899 
707.6157497008132 
649.8626448993492 
68.85095212444526 
33.63163809988258 
22.00377990087211 
174.1486952708518 
31.86040255069533 
-0.6211148115109505 
-1.147907514818616 
-0.9700070137440377 
-0.9495970152455614 
-0.3339816440638103 
-1.366802859798673 
0.8325763647170846 
1.127040083831134 
-0.9247866012113386 
-1.017040919424562 
-0.5194034203417617 
11.32490434064154 
2.936231269598651 
-0.1835461526164413 
8.579742161153602 
5.953134817939254 
-1.433851312542748 
-5.041082672647758 
-0.6394725609222743 
-1.250722307396451 
15.1924123391432 
705.53503373764 
729.4912228393184 
774.2957526922904 
499.7683989700348 
148.9039680293536 
743.2537478408755 
674.5557979175433 
770.1063717045795 
513.875004884434 
787.5689925497866 
477.5141940113596 
557.6963037704411 
660.7460124390689 
625.4824167603348 
796.3734308247554 
761.1201652164376 
678.9796718257721 
169.4925513330608 
-2.438641983303269 
757.2400046009724 
755.6578188525527 
47.08856159150445 
-0.1304498567080171 
389.8525171271066 
222.8295318429302 
1.795935108951712 
-1.388558405819751 
3.784321836986847 
14.65707845664675 
0.2408843338667696 
23.68278332187247 
10.75753388716722 
-1.254823054274431 
-4.230264726732824 
-5.647361153043573 
-2.874253149722327 
442.0877302247873 
19.10410246290808 
364.2954907882026 
232.1120366543034 
287.5783376977593 
745.5417265219284 
675.9918827465372 
628.7855564145522 
783.3677665793296 
578.0120780356816 
271.6532398796434 
788.5847967366841 
684.969381626889 
836.2666275157271 
708.8548812090394 
799.1311328249021 
-2.102305308865452 
-4.864848181594566 
6.81085267858175 
22.85200435496612 
-10.50928855577142 
470.3490379565987 
577.1118931569988 
5.345974133692258 
7.41229292623883 
11.03079123528792 
1.780424742283748 
1.701623263162071 
365.3342278978952 
194.9050188653068 
533.6337344607531 
332.3532938048771 
59.11650657490959 
15.48890056594005 
764.3029493740617 
713.2937113248939 
-7.35943733121039 
-2.154631040158643 
805.3526626339806 
849.0691814999652 
-2.119815370796542 
-2.392901347129352 
848.9885678569771 
757.2526610224437 
754.7837323539499 
-4.245083775564616 
745.7961916471676 
-5.396280762308777 
-33.05368717118181 
-3.645133610744832 
223.8909653740244 
197.9811963154509 
520.93959509134 
634.0094721445899 
0.5284690169362258 
-0.1789338284868422 
-3.778665196208397 
-31.44511158278843 
48.80103287340428 
32.696803200849 
293.8775784637842 
14.58292707966658 
2.407531836921947 
270.8992024303893 
780.1147152811734 
695.9690699512246 
23.13116558314448 
44.15024533174841 
730.726706660512 
753.2219669116059 
725.4792880322085 
793.093246778741 
769.8039328828412 
746.4395826073201 
828.8461601832836 
782.4544565366791 
-4.559389909055714 
217.6872870743106 
-9.284182243760505 
5.270694783536028 
-22.07764802277179 
23.04376128947946 
676.508901503385 
-11.42509943249058 
762.9321464244382 
14.47003702161245 
7.959673090432214 
70.96046647075994 
60.76561340416887 
-0.4168698049707722 
439.1191032791292 
248.1597881007159 
369.3789107522 
305.8605808928415 
556.4834043048979 
732.582601901282 
791.486395637143 
590.034532026521 
666.7792264759051 
-37.28592245242577 
-37.34799617012575 
-21.5362833857048 
-10.70694318030636 
-9.221723217069449 
-3.634703024299381 
110.542103615421 
86.43629855897819 
476.5722598867702 
441.2779435956977 
-17.93417628662343 
3.683958790062247 
-3.59134653366688 
244.0367828634054 
-18.85344579690323 
12.08139510813515 
144.7008102566491 
99.67151319547843 
503.6807863633249 
251.6297655044968 
389.8489199123001 
732.9561941869414 
765.8917702672612 
703.7819826711033 
479.1040231763987 
602.3752636954673 
-1.47863853226202 
-7.880916889647233 
-15.72377589692177 
-25.28358613658385 
-10.69898505296517 
-14.12510536059494 
-1.424229523835779 
-15.79804636551257 
697.5394263592514 
35.34366958319266 
22.11073661081924 
-6.435468604103914 
191.1828674102012 
212.5213220558493 
724.5674189180536 
550.1738112469782 
80.41768465574856 
450.7361191815019 
311.3816151124578 
2.956171319613653 
660.2011681266385 
490.146801468696 
-13.77415205579357 
655.4645712861341 
-22.41533466713206 
-20.03001480522935 
-23.95054702114058 
662.9190897086488 
137.1817526535466 
172.451231250339 
-9.685842943641898 
53.79922506448761 
5.215119309069506 
185.4823363926306 
0.392469543901196 
379.4518174857789 
587.0045071206249 
612.8014279723786 
10.43754036511761 
518.5252215278508 
-11.93587344029459 
-4.507816048243891 
-6.499765747856868 
245.0235055446831 
149.6270531287423 
122.7275408219662 
285.6304210617876 
70.49984445381827 
626.5079044784002 
550.6157337905611 
433.324799123474 
-4.48292254141315 
59.3437010292315 
0.7882228316292214 
236.0302675989833 
118.6660033474745 
318.1965746858499 
576.275590823496 
542.1405051889378 
102.7555560754502 
21.70551741494718 
373.6656738042277 
36.7163225836298 
52.70683168217084 
176.5522181276489 
478.6964096162004 
39.35785284089066 
475.0913620686661 
356.7231629257899 
20.23766153537458 
-2.685288834619712 
124.0357391709608 
24.81529425565469 
67.09961796000776 
86.60021688816296 
754.0341745051256 
769.2760502834657 
23.07443960944568 
771.1178899548174 
-1.77353286137872 
5.098538777462233 
46.09653632423634 
79.32253868219138 
33.12074454037442 
33.03768979960039 
52.62007697252275 
35.6107708356994 
143.8283394213121 
107.3152908774846 
88.44791381739056 
523.7154234146509 
581.4995664079457 
-0.62455378714136 
96.35759184835398 
123.9803853215359 
336.3280469165842 
2.249730598810479 
21.10676188570104 
784.2233347077942 
83.97145830206405 
-0.5965532698118726 
-3.383970162241224 
-0.4463180116304363 
-1.240387150142418 
-0.4453377996152231 
-0.3945095823605345 
-0.4804521130506056 
0.1766074295607735 
-0.5664656321343998 
-0.7673662041793213 
-0.3531696428881017 
-0.9104126401502193 
-0.1328308268602394 
-0.0753242145254497 
0.0003155072628974249 
0.03240421151364554 
0.4628049134168402 
0.7317320952622661 
0.9712584818008902 
13.67438163571092 
-61.51921536191085 
-36.82572480519378 
-55.55427003538258 
-2.69974883978502 
-1.63410927248515 
-0.6570682361887596 
824.6149009112942 
776.8057628515669 
819.9172465179664 
628.9543522189257 
404.3739330801642 
66.53799024877409 
19.67161489015842 
0.8267515068343837 
-0.2442206642960192 
-0.4977603115525595 
-2.962704198452629 
-38.59045687421428 
617.5320226913665 
757.8556591120376 
772.6212832483191 
807.2356606339305 
775.8437418704976 
841.0624062398822 
831.5991728065392 
119.0723874087174 
297.7008415147726 
505.9744078913031 
593.6978873278555 
718.1155839647471 
756.7675885661777 
806.8618062742644 
787.2896925469545 
768.025423833285 
741.6586670123281 
710.0866572691419 
675.1452641158048 
5.490182551399772 
8.703579129964339 
36.8575103483383 
101.0839783635297 
3.544965701282477 
13.13243992853089 
43.95917804413574 
30.89098097229963 
205.453055441682 
198.1557764667489 
-0.1989239712633319 
-0.23608354420657 
-0.09125291697776826 
-0.1207600394611221 
0.1386586180951409 
6.039536465714193 
1.505643617200683 
50.78809604284985 
8.933004002121038 
-0.1222762303853607 
1.929313812992875 
2.893393561411886 
-0.4306657492451773 
-0.9511535185794834 
-0.753359591422252 
-0.4493879193319992 
-0.6023466100090872 
-0.9795841887055201 
-1.540855296533186 
664.3531584962673 
728.0094196025373 
793.3680580539245 
799.9213460799998 
800.512528286999 
730.8845326537222 
474.2826075673397 
383.1072166606788 
558.0795172439222 
134.6941506673972 
417.3782256900207 
651.1531224043435 
592.0409701006348 
770.3817487514854 
799.4858149311597 
784.7639398508027 
744.0111607170386 
560.2895239962086 
28.74577763348579 
4.251470846540047 
20.73049572555279 
444.292328861618 
83.04368903583571 
290.6253070075763 
-3.770915088657186 
-2.144855359914191 
-0.4357785895079854 
0.06076273343920142 
-0.9511024224397848 
1.287605142642983 
0.09667278378117236 
10.6221221017114 
1.806286671285683 
3.217223723785224 
-0.4557799052482802 
58.34381688872985 
-0.251930450452867 
-1.111391724497947 
-0.558042344944724 
-3.698412275663184 
5.011475838191477 
44.48631907996885 
794.9665708387739 
761.4956621384978 
759.3511337706785 
746.5449779110925 
465.6557266481699 
685.8261788713004 
522.6723182166198 
284.6512059301229 
780.8381548240395 
724.5513562671126 
116.8795047245215 
211.0349247217868 
648.372059420578 
694.7448066259983 
757.905122089595 
790.061745379792 
148.6983625652372 
-1.795896499334722 
-4.69464340815658 
66.7256111449904 
98.8837603996746 
13.74059359541054 
5.42442592471373 
73.54580725451287 
159.2547274774483 
1.061374734149445 
-0.337320135978918 
-1.740546395528401 
1.546089206424476 
13.31633170632497 
6.743723131107938 
15.62871148231358 
7.514953022922324 
2.835021472687944 
6.797110789591686 
-0.5743383995696695 
0.02913334138973273 
-5.639667244728409 
363.6333874751371 
15.45296247227512 
607.6947702140523 
277.2299636386279 
596.0633827081992 
613.9542571504355 
543.7259770062224 
693.9345705972289 
669.1830971059833 
784.6378504168159 
731.7539317641189 
777.5878032954075 
762.2977211898491 
775.9064456538431 
212.22161917182 
-0.962955129166343 
-2.09853723783303 
-1.822912155841548 
-27.7887457527812 
-3.236092209298144 
701.6199978259309 
736.7519929836581 
755.3567959268505 
207.1828746066042 
29.01034894058991 
-35.38243080131724 
-1.418128654432924 
0.9096267119090737 
12.35251137253816 
24.147250016404 
0.740750421191876 
847.314137742135 
346.0559139938327 
719.7338686543633 
68.86749092991856 
48.737062236526 
-6.333020106532983 
-1.367577899515017 
-1.138273530622351 
-17.31836155613964 
-38.67771519796747 
699.1904794915555 
764.1303549397451 
678.9791790748673 
-48.40797738821181 
-1.711091831056983 
-8.025740680005647 
-9.08105640376338 
725.807286998526 
-2.267245113737248 
-2.546799845141964 
129.2437242847608 
-20.25413200072894 
-1.479694031011315 
6.993010886349858 
79.36809691909069 
842.8659813792561 
72.93594870629676 
1.384619284688239 
1.775155698719908 
10.14587564081511 
24.93492191406417 
43.73777698195666 
259.6929563220004 
326.2223216450498 
-37.60553515698562 
-17.92831922198725 
-3.924958596021294 
-7.768352812298101 
-5.569914034065872 
-59.71711671863449 
-14.62180917312659 
529.7297821711755 
100.4421235150888 
123.4567483056572 
2.303203916581279 
236.2730700600856 
619.2472992751051 
750.102284435636 
636.8185553785503 
689.7192369219556 
-5.294300391182404 
-2.677551773018215 
18.48354344709816 
23.81933024727131 
5.739835450373381 
166.265660059921 
44.76414032549745 
-22.29013932911149 
-12.51725445529661 
-29.59819352422887 
-5.819329699592865 
771.7433066448119 
770.2245287874803 
656.0678236387151 
715.7363446869324 
755.3160213329755 
769.7568603424227 
-5.496199430812224 
113.2216347144778 
113.2816771840098 
11.06525804786391 
634.1269443977984 
788.9903398907881 
732.0069558440339 
764.3414884103654 
-10.00881332644983 
-22.69833479763196 
-1.984391498416664 
3.258872372031257 
-13.96913025057485 
-26.5196159445321 
-27.5673604230983 
-4.777492076619914 
-20.08856613690822 
728.9018621773065 
787.5597172968296 
766.0925858046885 
768.4107368368657 
234.9201236176104 
212.284703418486 
-4.692565866917383 
-8.551370948559443 
40.90080112439601 
237.6632081685083 
-1.714604090409154 
58.88324350317355 
-18.26000709668387 
22.51846960241866 
32.81983779221769 
307.4778308543517 
517.6550343719974 
-4.03505557068238 
396.9147648410628 
167.8159764034415 
162.1108524447193 
-11.12144238092014 
-19.72015887874297 
-26.19311286478596 
239.6003142790097 
569.1350499612001 
593.9979543555723 
-8.124752835047575 
317.6120607124139 
556.5734799536245 
751.6410109420428 
721.2846236893765 
42.91195486882925 
10.77132479326504 
68.55679970140164 
160.0743909453046 
11.1292477338121 
405.6947861361297 
402.5168382355403 
-15.33106573320389 
-9.382672392278412 
-16.95815239202826 
686.7058330605231 
640.4153439912776 
-8.177238931945844 
430.5585175647564 
83.34917293514931 
558.9984133623694 
324.7306424568871 
493.3719280527674 
109.5886771724509 
-11.44538700753353 
-10.3302714071811 
-3.494036159480781 
-6.717555636046886 
346.9534733346907 
1.656252468225308 
411.5017343536857 
240.0826702681807 
-13.90657955631669 
100.0449824383233 
237.1305381354895 
18.85144065515071 
484.1325794709877 
594.5074522535532 
72.01620671660439 
26.3167255220618 
-17.37627854293492 
461.152783313825 
137.4186237029569 
145.6404778224324 
-2.561351302031699 
24.3487357921454 
335.1573947840952 
352.043457678587 
49.3797082068637 
-2.230608734362129 
-0.9604530009705152 
771.8048356824436 
-3.916789368427359 
765.1474552696117 
780.1596393942971 
737.2749721397718 
689.9548492954901 
769.6972695373755 
787.3084575398428 
478.672060603049 
-3.672609870568291 
490.8602980454023 
478.5695556540978 
28.86918092073807 
-1.580504384314594 
-1.398258510152392 
-1.070760131470868 
164.3069256919813 
166.4668023292467 
1.476525354767606 
</DataArray>
<DataArray type="Float64" Name="sigma_xy" NumberOfComponents="1" format="ascii">
4.01316636963974 
4.931341480765778 
7.599389674517637 
15.12877325210877 
30.53200899602693 
3.3978420386315 
2.640613705886425 
2.516714967156024 
6.477074180886674 
17.62223843615497 
2.308092103454673 
0.5995286281542884 
0.1003504541343466 
1.357771449700095 
6.375870942462758 
0.001142548223589136 
0.002693640175514668 
0.002073907361999431 
0.002255979103939872 
0.003888293915038876 
-2.30186009677326 
-0.5918860845900817 
-0.09589253999992325 
-1.348289803084232 
-6.345783775571096 
-3.384947732862207 
-2.625113419797784 
-2.531647483592514 
-6.4737653235658 
-17.54179714168918 
-4.026294303520257 
-4.898488986621417 
-7.520043282434297 
-15.17854783927233 
-30.45021730557342 
-51.36949015573255 
-36.10387780822245 
-18.41650103296437 
0.01234793656387469 
18.49346761922671 
36.21158663264013 
51.57178456897363 
-70.32735604446241 
-52.98065190993956 
-29.20374690656407 
0.06347695818617721 
29.37428254612231 
53.15416958781093 
70.56393080269631 
-78.12102607902182 
-58.08583603187597 
-31.53075730450217 
0.1704115556241251 
31.83502779708178 
58.35721603714693 
78.28102636210279 
-72.8479405352104 
-52.4138411125834 
-28.25841206584948 
0.2303544685767199 
28.67200755477269 
52.78745871103958 
72.98653340204318 
-59.02256558103249 
-41.27527102692886 
-21.72296474087601 
0.196416905459642 
22.0761392111724 
41.5903883838274 
59.16708718341511 
-41.72041701367773 
-28.16324320621414 
-14.26366007364605 
0.09377554690955069 
14.38765659463841 
28.13698811168696 
41.74365567730496 
-24.00235119757705 
-14.91592692110032 
-7.047614663856399 
0.03507151588222276 
7.055757035782 
14.7396776922807 
23.64561245608181 
-6.076950172881663 
-2.272483311763621 
-0.4683346942311701 
0.1026988399798868 
0.6877687413290053 
2.613007306306967 
6.820889351079763 
8.587279642545255 
8.262113390679026 
5.022943267879926 
0.2013115112527254 
-4.58339127634904 
-7.761530326910792 
-8.222958891505673 
20.38944096195156 
16.47783825796302 
9.228603992809878 
0.1985070865354202 
-8.809808509386805 
-16.09931192605556 
-20.50432957751864 
30.43816381169386 
22.91634006071624 
12.32630459405232 
0.03758672141479721 
-12.22009363554272 
-22.71657765412204 
-30.16174158420838 
38.61704799030436 
27.89758520430339 
14.61489008218727 
-0.2407942589078495 
-15.08478911726828 
-28.29999838472396 
-38.7382813668547 
44.79027947957159 
31.86235204558289 
16.43659086496173 
-0.4860744263897465 
-17.40649215683719 
-32.80184395663077 
-45.43161450398965 
50.18793220384229 
35.19628685207503 
17.96608764514028 
-0.5743050979045167 
-19.07698945028942 
-36.0649848178392 
-50.19292890490236 
52.1603433914024 
36.98441083355516 
18.93267911617485 
-0.5258907653988651 
-20.0070767516249 
-38.08388662916201 
-53.33501350750578 
52.35145244692123 
37.15460002339739 
19.11432902600092 
-0.3441443057764889 
-19.97245854561079 
-38.53900914184442 
-54.66621151086979 
50.52001148836622 
35.43073558758448 
18.24395543668814 
-0.01658670641743176 
-18.46621729458268 
-36.47808738538989 
-53.11218992435776 
44.70584744962433 
30.71774886858825 
15.77282536381843 
0.326162241371352 
-15.0955390279566 
-30.18646534555206 
-46.10644520200862 
31.82986624315919 
21.45964706551052 
11.24115413104637 
0.3859643900761837 
-10.22255612328931 
-19.51893234944492 
-28.18531508356547 
9.229050640092588 
8.076805104248557 
4.44133326211187 
0.1081867393696379 
-4.137215938831553 
-7.366058591632407 
-6.601878286326857 
-0.854186576119693 
-2.058356703676153 
-2.136771568965947 
-0.3059120279890141 
-0.7492217774490395 
-0.4678245405287973 
-0.1477574807239054 
-0.01819731143983237 
0.7452223420822839 
-0.04165074477310579 
0.3764103158734249 
1.496934006193128 
0.02786060812767288 
0.5977258076891202 
1.94432367354583 
0.06976759323965541 
0.7117133166642715 
2.19340867007535 
0.09177348901994219 
0.7658880657163609 
2.329271871408446 
0.1011903638302687 
0.7816884874992176 
2.379413430988817 
0.1048229763090225 
0.7814410127793445 
2.381651067689797 
0.1035763679402788 
0.7613742364345536 
2.320797364855599 
0.1008998607507465 
0.7386646335853613 
2.254958238491927 
0.09636465721875401 
0.7108113758338911 
2.177090811350618 
0.08859952744791827 
0.6684131522244708 
2.071693171430115 
0.07888298338565472 
0.6151746905786722 
1.939151701788239 
0.07269443879742486 
0.570399339115322 
1.81655020328488 
0.06817262306689126 
0.5370861601912864 
1.720560293887379 
0.0611854705568993 
0.4804065849808239 
1.55095143669618 
0.05517762381215717 
0.4321346549380204 
1.409006586423358 
0.04883501132366854 
0.3855774714356037 
1.259742689618951 
0.04178854299283448 
0.3315186545983391 
1.084696917199133 
0.03362321990074575 
0.2640310625990099 
0.8848346905478698 
0.02477081691134939 
0.1962415537847297 
0.6771093151308374 
0.01612397809626847 
0.1316582716304717 
0.4974582872986295 
0.006212029163617358 
0.0426440164506974 
0.1842129394102343 
0.00261941579194916 
0.005311686084278816 
0.001869380155578657 
2.183040416026002 
2.076187854002554 
0.8579174151475124 
0.4823621746239473 
0.7543631935277475 
0.3072942584863732 
-0.7282989388333941 
0.02341199132669707 
0.1486689949954468 
-1.51590162770012 
-0.3840341158655174 
0.04047892726791106 
-1.95065130785056 
-0.6010638277617364 
-0.02866118053004404 
-2.214658423465271 
-0.7251999432084424 
-0.07220055192553589 
-2.334501244149178 
-0.7785679412528407 
-0.0942342429136907 
-2.333101064087328 
-0.7762775158928478 
-0.101060199369617 
-2.337880033714167 
-0.7702488333203581 
-0.1034565858444337 
-2.306699907033459 
-0.7532191115939814 
-0.1022859589150716 
-2.246462850694432 
-0.729178058682361 
-0.09904936369777996 
-2.171458542842202 
-0.7012727570498812 
-0.09456121298051287 
-2.075327664561613 
-0.665154650075733 
-0.08775455024840433 
-1.970985920644814 
-0.62352833696969 
-0.07956249169837339 
-1.85674897598242 
-0.5777217251881503 
-0.0729573539669678 
-1.727506217528645 
-0.5275333142754449 
-0.06640322200497026 
-1.56543067758622 
-0.4828845508626942 
-0.06135084949233176 
-1.469342184902992 
-0.4635700790229531 
-0.05931688163254853 
-1.222281472529242 
-0.383999852371627 
-0.04970022350248997 
-1.048965700431409 
-0.3217909795178794 
-0.04168760735458565 
-0.8893566511670988 
-0.2641019068621707 
-0.03389911177257266 
-0.6839753933831859 
-0.1966437434723048 
-0.02454376462892377 
-0.4739218798738928 
-0.1250919811120649 
-0.01535291858720773 
-0.2099291129073364 
-0.04942412047687519 
-0.006771995816843436 
-0.01227736093942117 
-0.00712829947376954 
-0.002628638620649595 
0 
0 
0 
0 
0 
0 
0 
0 
0 
0 
0 
0 
0 
0 
0 
0 
0 
0 
0 
0 
0 
0 
0 
0 
0 
-88.58956867892532 
-83.29869490009084 
-8.835511035675514 
5.467013745736895 
19.01014042086734 
60.76736194609845 
63.71280621924476 
65.47682981338315 
76.92073912676666 
60.54822548712558 
54.64944696858058 
47.10708431089854 
-64.8268787367987 
21.73701318049715 
-104.772674717457 
-34.51676559879223 
-55.56604229897534 
-74.62538986429999 
-27.28155656065127 
1.354315742736458 
-3.807738827717764 
1.090121660125607 
56.74567553955878 
36.36372340135416 
69.78983776393748 
1.544709702732691 
15.45578772765811 
10.32624248640789 
0.9983079705684235 
-49.82176538948207 
-30.35835147742373 
-0.5004905220225646 
0.5042877733956169 
1.768949276954106 
6.38607994602666 
8.960756829125369 
16.20328222243626 
6.963903757511633 
6.322202005613761 
4.372284888674805 
-5.30304253971036 
-2.1338267418844 
2.127770393934554 
3.450660804743723 
4.857471118246671 
5.150349121063416 
5.324527740732717 
5.450128303486689 
5.428419825054487 
5.320250150996536 
5.070615560491537 
4.559792719742213 
4.378678114998562 
3.85319144767958 
3.439572333243352 
3.075504407941505 
2.14337935448519 
1.531412655558144 
1.315481427830097 
-65.18416259746412 
-15.39926170392607 
-44.8104593767914 
-33.93895054015484 
-14.47805032291122 
-2.670478460172333 
0.3153101875895399 
-25.00450685472465 
-58.85171978527114 
4.343668800331944 
16.17006415704683 
26.58051291237353 
10.44176087797083 
16.92817576161775 
9.681555787349579 
4.7737101618006 
3.810706686693945 
6.003014137296529 
-7.730372587249686 
7.555886741694933 
8.683574131240297 
9.757526355185083 
10.2075334318209 
6.356600996228141 
4.114111555047577 
2.630856507159865 
3.618702770714206 
3.475105641304526 
-12.03666105318228 
5.77620183839052 
-68.44452865141987 
-101.5483876906896 
-92.0192177023747 
-40.26162687476073 
-76.83907255509767 
-93.057229605773 
63.47600395319207 
-98.93251291218048 
35.67424081424997 
-10.61327694344608 
-99.38684500657111 
-21.10284602640809 
-40.6429730140831 
-39.29273784859938 
-20.12186266601394 
-10.50048604137993 
-67.51300849160339 
-12.33364292634346 
8.67845494318612 
3.548188902289758 
5.208817593021552 
5.980917411680011 
10.47490196161509 
21.58784008672591 
9.270957227004445 
14.94397422300054 
14.89439751116821 
8.680756018706131 
15.88793148788391 
1.090026158797621 
12.84190892824157 
15.38276493193183 
5.162844020350513 
8.60448539432231 
12.9949218266382 
5.616325919267609 
7.449236700525123 
13.38891849768947 
-3.765207731349806 
58.2513804709686 
70.07771991596609 
76.10856579367295 
-87.10243836479297 
-72.20514511166127 
-0.5515395374286994 
-36.00909686351805 
20.39334665758269 
-83.46067584969029 
38.74567697934286 
-94.45769599249091 
-74.91951951384911 
46.08992586716348 
-49.98427971689188 
64.88734411741343 
51.2770486365883 
36.59491363791317 
-86.33653242459653 
6.008659257719755 
78.34657265882163 
50.80127459952097 
-23.35635701205533 
20.93435545619691 
-103.7235832367871 
-93.49503374507351 
14.20141485413048 
21.92177893628855 
10.94667644919553 
5.472950411490373 
19.83558214598542 
4.806032837817131 
10.69952381862624 
20.35136174004688 
19.81680982021756 
19.43113573116073 
18.76053241801868 
-97.27409873174975 
-0.4948196967738659 
-104.59980860608 
-97.89257368142782 
-103.2708269686577 
13.46274449360777 
-24.97459515950634 
-20.06576875487671 
73.02836395375057 
-41.85300995837116 
-100.1575059543959 
70.03548253914349 
24.22878081875672 
12.89829427674741 
12.84417130340972 
54.59152698066923 
13.59757138218779 
9.584710987660735 
14.02259917514397 
-6.315074092951686 
30.86508069252643 
-85.10774415003468 
-63.55040040036411 
19.65290529751571 
23.43380525659067 
17.27574874697797 
22.74228961167032 
20.38081575596377 
-85.26411739389071 
-88.44067188538223 
-69.99185430120191 
-100.6615070988862 
-21.26658372466162 
11.90880682884417 
68.9478095525041 
1.224794416832311 
17.52430544719265 
9.791493826324022 
18.41222595352807 
7.638724384383308 
9.823897321591357 
14.25621931737076 
3.499792985296907 
52.22660201904795 
21.74065388065089 
1.779905654503464 
28.36572951975669 
24.88403444756892 
6.365506154807148 
14.35171632865605 
-90.43568433067479 
-62.42155334436577 
-61.00881815472136 
-37.48782132951121 
25.10952097838574 
29.54219014007207 
23.40269237992529 
16.66800338512872 
7.528860116765324 
-6.36006348919685 
-78.77999551621019 
25.30152279251594 
28.99161011526818 
-86.96709685110959 
6.775960697892923 
5.041251691282199 
12.3216112854452 
1.73883036588329 
-2.671483367355715 
22.96129962840615 
50.81683015931893 
30.40641894362705 
56.19736267865816 
40.17649557232065 
-0.2534234287886897 
43.29883030786198 
12.44796500756014 
-72.60517093317242 
31.10916070706688 
26.97343991778025 
17.21635268303234 
18.94016321627981 
-14.18153986347001 
3.373896410730613 
57.75414971412474 
18.60759415034166 
29.15396403081214 
-13.51968874272139 
-2.693071441756496 
18.49749183240821 
-84.02133250996289 
-59.67213082496632 
-72.48854389838577 
-68.16638242005743 
-33.16392132997137 
32.6774324191496 
17.67677549875822 
-28.50454776184161 
-5.741985272933285 
4.094501717503011 
10.90818803990847 
5.037890835512683 
22.27366620478529 
14.11514726316536 
31.67838734111498 
-32.83116579499752 
-9.385454724025275 
-16.68702363276667 
-71.33548811498123 
12.81143128088109 
31.50197142515373 
28.16953753711056 
-69.34787043857901 
21.78535869351132 
30.33254581838077 
-41.79247945238895 
-21.45705241935412 
-57.11972557036547 
-2.673045956734593 
-35.55873621144227 
8.291569998082741 
39.58903599613097 
-3.119227881927883 
-53.56843238618663 
-6.079705913873039 
30.16182075295442 
24.39857235823138 
27.06157758588185 
15.5326658151176 
9.221830673651729 
18.4479962401516 
32.95910274799999 
27.92641311906728 
11.49953470893734 
16.34926497109489 
23.90856715509777 
29.09496413648566 
-51.82892456268362 
-19.31287348005615 
21.70340470730028 
-43.73512796645453 
4.304592489568762 
-63.68194756127396 
-38.25259730735666 
32.43340339442013 
-7.773395761030078 
-36.63871486972749 
25.98717215855348 
-12.78262052248966 
23.24060203889195 
6.583479018111071 
22.0036563722788 
-3.770244366700733 
-30.0568779656085 
-25.81532157687175 
28.40236789144366 
11.69737672535386 
25.33161707148377 
-39.17178024409613 
31.85824596120754 
-60.92746984050222 
-23.74431700677007 
-17.144642602529 
28.27641490306588 
-42.7142544315152 
22.40086371272173 
32.99869879928238 
31.97632884286674 
-47.11630537356249 
-13.49434055474997 
-17.48255932803356 
-20.18033799298208 
1.918148745281646 
-16.17458212333907 
-22.08106092033035 
-46.88627924662536 
28.96946088962712 
11.54950773876795 
32.06656339710646 
-32.78636306085684 
-3.085782437868713 
-49.65712134671666 
-11.28826600036258 
-29.78802402927285 
-5.550653524577362 
13.79141023403518 
-19.74883383210083 
19.37200463679489 
10.35675052736229 
-9.950847687967679 
-26.64260656204282 
16.99561786331363 
-5.036790791237856 
-7.55718398698193 
21.36735192120843 
6.593743592147435 
4.309754176015962 
4.632929292876393 
2.242437281062126 
5.166871302030869 
74.86409574598227 
73.43296073490936 
23.52563177860482 
65.8012150034822 
8.374001726509366 
16.15880859697216 
-6.755762449446536 
-22.51080642777801 
10.92427060129198 
2.922671963061843 
-15.26946579532907 
-11.50955898334846 
-55.82744179910322 
-41.56977614560558 
-39.42822850912045 
-64.34500257680186 
-53.26116696583913 
26.12109410975287 
-56.12577765536766 
-64.79956083050415 
-96.35291685373676 
-2.409951004348081 
14.44747842234923 
-20.48524433268502 
53.61475164077394 
-0.3965901391638392 
-1.383035568011783 
-1.337988612675535 
-4.27312423431679 
-2.117402468782383 
-2.424584231120513 
-2.942818970281196 
-3.913521276952614 
-4.116503911897068 
-8.441905000268038 
-4.328106501475721 
-20.94122917279947 
-4.821257609070237 
-4.984545137620922 
-5.128476128395244 
-5.248712656224828 
-5.468505137398609 
-5.24932742095749 
-4.697844119104084 
8.501264105005578 
-1.55242045879329 
-4.155461850570461 
-5.760039163126159 
-13.60218324504697 
-8.319911897170932 
-4.046783358589392 
0.7899655536892769 
-8.930135777597528 
-16.98447092926165 
52.57048025171933 
89.13404676565641 
43.14893512190331 
12.58004927044071 
-9.705901556217787 
-8.81535613717441 
-8.466145449380358 
-24.88529742733505 
-13.65264495209891 
-20.39580098950448 
-73.73379049843474 
-74.77496250482017 
-54.90992201062208 
-73.46059644286723 
-1.159373323770837 
0.9416105478529612 
64.07733767007923 
92.00693585834632 
76.48296608022089 
57.79776663720453 
15.75986556480848 
-3.297821955179997 
-46.32438376439789 
-64.10199123282273 
-65.82107437948437 
-65.76067586840897 
-63.35827495247787 
-53.59803003596784 
2.051420063299063 
5.12048362040961 
25.56538014159466 
60.92173854801 
-0.5697662976863137 
6.175262363913512 
28.51616055759972 
21.73172531176695 
90.78350479030352 
82.65038804385154 
-4.638635395658286 
-4.464197903971157 
-13.34754735208194 
-8.937197838514718 
-5.34169707380341 
-2.333266939462824 
-3.83432982543331 
35.70411204811874 
1.553012002618969 
-8.969705723246216 
-8.606255610625828 
-7.241897194737533 
-1.720398781736362 
-7.365028566412859 
-13.02022361328651 
-4.221211650209427 
-8.400896788036786 
-1.138781462248496 
-2.929762501025188 
36.71993035370361 
6.697235313388775 
-50.37911604189753 
-33.88004620438094 
-60.36100037266465 
-64.76392300827976 
90.94946486242884 
100.5750852474517 
73.88569187997867 
73.58859681665109 
101.3589117623017 
35.72301044424273 
65.4146125609611 
-75.52176986632119 
-60.22520977915685 
-71.073038804601 
-71.42798411919543 
72.52290650310302 
16.9906136998823 
-4.992861652590626 
7.48421720362267 
99.1019931203712 
48.8666179529753 
100.485578094195 
-5.920358830517236 
-6.721053691995701 
-8.612715094190099 
-13.47782376137432 
-12.92131909776487 
-9.33845126339039 
-9.240088562375863 
-4.306298257844941 
-14.1857180957064 
-13.01971197871568 
-12.82701223886864 
34.110992290066 
-18.78674985714565 
-8.403325504292004 
-13.32089769994337 
-18.00509634738691 
-22.27745394101154 
18.83961100796397 
-66.82816567746069 
-76.47070088510134 
-13.13581480368667 
-36.4201866413407 
91.3213684978286 
29.21219289331101 
85.06350942542265 
103.4061331739621 
-33.1741557102117 
-0.6817051436774335 
64.51190367408071 
93.90702404905618 
43.94267797039553 
20.65915377985059 
-33.05136490906302 
-62.39460448684223 
78.93394407066947 
-5.140250364472821 
-14.8826207394905 
43.68140780153685 
51.83680199883038 
1.48861897914115 
-11.1009189181184 
19.90477690955661 
80.06265367816009 
-18.99600678387298 
-16.3443107628174 
-13.40890157928235 
-14.52980708258246 
-11.18669728947659 
-7.589254470678717 
-13.62915999402198 
-13.48300882822459 
-18.72159193860725 
-18.48840585596674 
-18.08297610669561 
-22.26586997560547 
-25.62559072113288 
105.4804602173984 
-4.283389089998454 
45.11114603849509 
100.6165907257658 
54.13975739212586 
54.71393257106165 
68.72660652751883 
-6.277990330766306 
19.45005374565883 
-50.21887267844149 
-30.28583303622305 
-63.4287942216809 
-71.02271804785804 
-76.74660077751602 
92.53231525143298 
-8.445366795272522 
-13.34517612231158 
-2.90151123146024 
-5.329506464785379 
-18.13303425142891 
-31.05711117267148 
-60.74201153106981 
-50.86162855062197 
87.86740260730518 
-1.313583138820309 
-14.91269594272457 
-17.41061403637998 
-20.41040659905464 
-18.87543442799321 
0.2756716789847549 
-27.70819883984414 
-5.002418211757191 
103.9450597931571 
-12.98212112299736 
26.57778634621267 
17.07346671777991 
-10.43053847997817 
-13.39921585772915 
-13.19812986900415 
-4.329404719134717 
-6.011296707683437 
-11.67964481726655 
-58.4338734626289 
7.195890378204429 
-6.236654942149184 
-18.3383699562033 
-7.975173113859477 
-2.827167936597723 
-7.441090392960689 
-18.87210068972232 
-18.58559918461039 
63.71805142471588 
-25.230020864183 
-17.35364943973353 
-21.32897498850797 
38.78939028739919 
-10.50160630283154 
10.52908131231495 
-30.69449743640119 
-23.19625024666039 
-22.78312688972751 
-8.85695165660603 
7.768877514593168 
96.66487359871077 
95.03500792854533 
-10.86279131977954 
-19.47628364701319 
-4.330722375931587 
-15.68382377779584 
-28.91042589141206 
-3.888226378970383 
-11.27361225545781 
59.87140163710365 
39.78052695001195 
59.22096738860282 
-25.85924423776192 
57.37111072371566 
30.5844669298754 
-25.54950802451956 
13.64900488329992 
5.222200784597252 
-19.78576053106817 
-23.80018743079095 
-22.22812609534282 
-15.69707478118183 
-28.18060172903072 
27.76601094324894 
-0.8807236940899282 
-13.50177163885006 
-17.18152441276791 
-14.74899935606046 
-31.96541208996032 
-23.85922286255725 
-70.61485611688938 
7.545660831465888 
0.6089022992500517 
-0.2904032905277613 
-51.32623927132109 
-21.98058113922276 
25.4279072703472 
36.58979173255628 
-27.78042459101024 
18.17976891229722 
-22.24370047648988 
-31.49681401363661 
-61.49168065399623 
-20.87042062194432 
-20.88989525700352 
-30.94574856569681 
-31.58058252380251 
-24.55991984462079 
-21.0689378705924 
-19.58063352549027 
-31.72530487817286 
-5.453039956102328 
2.997903642471893 
-37.14441715197981 
-44.86744890837159 
-62.09323237652311 
71.94309755965097 
80.08618601634879 
-22.24909228722492 
-23.36655268593539 
-9.598985287246633 
14.95300038842448 
-33.94736390725214 
-9.114998197969294 
-25.33972240629685 
-24.48632663524605 
-17.845462631282 
85.9059144640555 
36.68552869598929 
-29.95509597253534 
96.44705314231243 
41.54053008837761 
54.5403751608892 
-27.470978276543 
-24.97155076973675 
-15.70825220938641 
41.71701244870955 
37.0036055439915 
7.356514241907452 
-28.91138817489331 
67.73373818140973 
45.48035446825852 
-45.121154043659 
-19.83691347228107 
-16.51813303385638 
-24.2655478265677 
0.2340411379274497 
14.63702259034139 
-28.92610269972117 
71.56145174352517 
82.17352744157176 
-28.18666836530048 
-32.02498212049317 
-22.95506297112223 
-1.507256370714114 
8.995863365433493 
-31.96521572413753 
38.66913580252264 
-4.092868571774539 
25.16985015313841 
51.75896008995978 
50.41203693613112 
13.29149324264081 
-29.88387420622103 
-27.01534357341986 
-16.07989091402228 
-25.53450635126497 
20.62791102338141 
-30.00869029142755 
54.96198452143813 
26.92490927282758 
-28.7244861648322 
2.882119037324276 
3.614008529605983 
-15.46697499107003 
9.226202896547015 
24.66382576036858 
-3.409133868701939 
-21.22891953478796 
-16.28984389384641 
20.51578674163136 
1.722647235523578 
4.106402063275144 
-25.80196524371969 
-5.598075252128059 
34.99916606370275 
5.16282573318593 
-12.68670402811049 
-5.543544221062918 
-3.294065542254412 
-73.2611557486257 
-10.13928384069393 
-76.52893609964512 
-75.52242289681517 
-13.24364464064525 
13.97199487052451 
-43.64594245079258 
-70.69185078013298 
66.41839222247769 
-23.83732872606932 
88.83882719188482 
83.36773390736012 
10.9612579636501 
-22.62628645881783 
-26.9604697581273 
-24.93891502647683 
65.42115422012031 
75.36968350553147 
-24.15232411816173 
</DataArray>
<DataArray type="Float64" Name="vonMises" NumberOfComponents="1" format="ascii">
42.348493366254 
43.23502765971809 
42.77866619326313 
49.76550265613167 
76.67018055664123 
21.17845723339191 
21.87947429788023 
21.6777238122698 
24.48843765262695 
44.72705342526451 
8.245180013137084 
12.23680045364145 
11.82348196106528 
12.55582474271359 
23.5304913123392 
4.787726098365614 
12.22267478938259 
10.68513627552665 
11.69987889949181 
17.09746360187639 
8.240411654537031 
12.23504864388969 
11.822964826112 
12.54771426370066 
23.49860492906193 
21.17603617557344 
21.89234907123314 
21.70441239730961 
24.46068090534596 
44.60601243918483 
42.40436993513602 
43.11507737391991 
42.71886490577302 
50.02827137870528 
76.50263566937488 
132.7516175584968 
97.31506893529206 
66.43367297240353 
50.76894566550915 
66.53242759034444 
97.48833706028306 
133.0568027619166 
215.6390899584026 
183.1653643091392 
153.7870944015035 
139.6065120954927 
154.0045016751843 
183.476270071853 
215.9325467900683 
313.5484704515284 
289.5761884317796 
270.6429203037271 
260.5768221862791 
270.9039085682659 
289.9722784932052 
313.7692931844992 
413.2037523133963 
398.5958373635377 
387.8560869235361 
383.1309654610334 
388.0111265289282 
398.8492249259953 
413.3610590371684 
504.3453904015714 
496.3995497663229 
491.2150716423897 
489.3105097096212 
491.1768240470838 
496.2626935582227 
504.2292096259523 
581.1959774591876 
576.8690103429151 
574.4438435005028 
573.7472832998357 
574.3381550665704 
576.5744203546139 
580.7555272447624 
641.0774325373953 
638.6696138263367 
637.5150828318673 
637.2632381630879 
637.6116460005088 
638.9234854633664 
641.5512756511955 
686.8314931270861 
684.7080003350736 
683.6148023475226 
683.3703035772453 
683.8917725887369 
685.3344582030081 
687.727797356741 
722.0046976863418 
718.6208741850656 
716.5794553488815 
715.9624963610779 
716.7487076388019 
718.8593299896773 
721.862982958472 
746.3619152634133 
742.2498528486035 
739.2643447195686 
738.1691457925949 
739.1731487859929 
742.0921835523876 
746.2814955607975 
761.9230115158533 
757.3054881790437 
753.6311198824651 
752.1665871644694 
753.2805528241694 
756.6791107973569 
761.4789281486396 
770.7479667102168 
765.2435216409878 
761.1208329011134 
759.4848583036851 
760.6936098119503 
764.382914721359 
769.6036311495106 
772.9919653426552 
767.0424565508416 
762.8120814123964 
761.207802396517 
762.6073136866223 
766.6913554704686 
772.6601637187799 
770.8514909224031 
763.9419659065585 
759.4435284106028 
757.869581960578 
759.4886451614656 
763.9358889421685 
770.3324829552874 
763.3551261093234 
755.665630241105 
750.7221000883253 
749.0936708878492 
750.9295731423183 
755.7016242983409 
762.2738444862542 
747.628033878575 
740.1213764773649 
734.9097346086174 
733.2433582926169 
735.4498447485462 
740.8578305612 
747.9620729997208 
723.0376334658671 
714.8754610811521 
709.0891147786357 
707.2601426950101 
710.0451439740403 
716.9787787996172 
725.8578398285551 
687.0175266743788 
676.3560178713511 
669.0511815701459 
666.7370141162546 
669.9010481322495 
678.8896632608646 
692.9960131489811 
634.2333915236875 
618.492250512933 
609.4652117781776 
606.4764464133463 
609.4557407754721 
618.8252144758522 
637.3490447514316 
552.8500806350328 
535.2193679373953 
524.7371679866449 
520.9672979267359 
524.2679898968904 
534.0341692805911 
550.1823958179472 
3.493237808084154 
18.54514333938864 
41.11945120510588 
3.337737056738386 
18.73097024876182 
39.84173344702039 
3.22208842263904 
18.6394291732021 
38.81805000407257 
3.132382452232764 
18.04161745018182 
37.2854514732919 
3.00019929410182 
17.12783005085917 
35.36011249460543 
2.832798493674477 
16.02138968609827 
33.20043976835253 
2.633122549025436 
14.82743076644974 
30.80593268496888 
2.417071443631094 
13.57846652895585 
28.32135246764682 
2.194917523102371 
12.32150354202715 
25.74928463784342 
1.972649956700282 
11.07416218996778 
23.24252225499716 
1.754276287996033 
9.867878537614601 
20.7852128198532 
1.54206510842276 
8.696986317004688 
18.42462925484847 
1.337435049880066 
7.572979287844187 
16.14685937967065 
1.145577381142844 
6.508720458072241 
13.94627909347622 
0.9686600209177866 
5.515391672907572 
11.8679165018988 
0.8018170892759366 
4.582168384716052 
9.954888380745897 
0.6470574055678029 
3.710589884790331 
8.17150414341047 
0.5083607039092145 
2.931746826493025 
6.542272994149269 
0.3839708786030142 
2.231511479221112 
5.055637996149244 
0.27478712491069 
1.606577588339438 
3.757843974640563 
0.1827123670533204 
1.072815650317317 
2.627333467645057 
0.1058404968227399 
0.6478334047370657 
1.692246449985672 
0.04875154559048604 
0.3214796020081829 
1.019560492215354 
0.01521941101402035 
0.08917086463332052 
0.3204571811430625 
0.004891336245273417 
0.01040158515013817 
0.061160798706566 
41.06564975386601 
18.54667546565033 
3.492599117932131 
39.84057996549442 
18.73588929246728 
3.341444017123369 
38.82302353968666 
18.6567140791271 
3.225795445355257 
37.30236559350563 
18.05782416038696 
3.136342287350447 
35.36083697207303 
17.13617108941291 
3.003110101655648 
33.17321076820853 
16.02783924751522 
2.83409248249163 
30.82323473388724 
14.82268920722169 
2.631979438855456 
28.3871348028864 
13.58580346289063 
2.414626817651466 
25.91381609845352 
12.35145770413908 
2.194400548373787 
23.41572921371187 
11.12223093441763 
1.97525024466108 
20.94942668159729 
9.919046789857763 
1.759487634076237 
18.56166847450836 
8.750963118689086 
1.549534618297331 
16.25486228868514 
7.630484202329365 
1.346528378326934 
14.0583963250601 
6.559141489213665 
1.154305125444024 
11.95264974927131 
5.545208316096068 
0.9749300735380659 
9.970331993330474 
4.591093745187256 
0.8074357431729684 
8.061188637725417 
3.730307789205533 
0.6536161262554329 
6.492102755554535 
2.935933601632543 
0.5115799544999099 
5.016901933943918 
2.207605068298481 
0.3819436850517263 
3.765170424361407 
1.603427468443519 
0.273577301985058 
2.665813824486997 
1.084061893563198 
0.1836260717032799 
1.726406808605078 
0.6536644390049783 
0.1061704423246428 
1.000587318902394 
0.3239909300223098 
0.04969393923026875 
0.3673031676764725 
0.1052925043586704 
0.01693670956731861 
0.06732642686398115 
0.01260246691698739 
0.004990577204899552 
0 
0 
0 
0 
0 
0 
0 
0 
0 
0 
0 
0 
0 
0 
0 
0 
0 
0 
0 
0 
0 
0 
0 
0 
0 
432.7429880636682 
250.8003529775458 
65.96648613699971 
37.01780189255375 
596.9463498013322 
710.8425402698309 
737.1311768290508 
759.5930093661851 
782.3524781147798 
775.4291293382115 
780.8208702955789 
779.7477939544348 
605.0490669013222 
751.7682687950958 
375.8020322465337 
646.1721750965602 
590.7873531492886 
517.7403612292824 
83.84799327351791 
823.363589617448 
701.3588234121588 
841.5016688903189 
788.500710041355 
778.2045494299992 
752.5434037257565 
62.59295305130495 
46.53725395791932 
41.12327794080184 
75.71175576477334 
147.697307282548 
672.0597965411458 
763.9588940266189 
1.150133616902438 
3.8287415136542 
16.79171536101308 
32.05329535754684 
48.61737951670436 
45.73818396368278 
54.42815092608345 
59.94511497182697 
64.51283830716967 
62.3406869097831 
58.5386011501929 
56.24580372785966 
50.40632234666343 
47.22323241023606 
43.8857595775314 
40.52107849530284 
33.51082752305706 
29.95590206943183 
26.4064357708165 
19.92611330358083 
16.96867128999439 
14.04393137666371 
11.32370034097706 
9.072290485097042 
5.182059465611863 
2.984724412469619 
2.542538669763744 
172.6503633716135 
69.45558203755741 
116.3939271557825 
117.0887534593366 
85.73360114060627 
77.9656179386274 
60.51617291947282 
95.84210093750984 
159.1738403882756 
53.52579906359616 
53.19985151525312 
56.04810238637862 
49.72845813106172 
41.65614083562355 
36.39574188354638 
23.04541066695877 
73.56667173742099 
70.97150987141264 
81.12686646064891 
67.95681917945357 
64.61835430712905 
57.48754158850264 
53.67083294108505 
11.65159088413431 
8.663077389788217 
6.9797392621976 
6.510209563656239 
6.620562560598064 
690.6648182530334 
727.0170084497352 
196.801095348063 
366.2214441244552 
341.3041907762283 
119.5495761104528 
212.2076711507909 
284.429066978438 
771.056692427334 
472.9488588252123 
769.1266683274528 
722.7430373419912 
449.9585221702146 
695.7854003990863 
649.948952886799 
132.3921699304758 
99.09861277043987 
90.21298131547215 
233.7751786501582 
94.23828220151502 
25.13708689945538 
7.132329654641098 
11.6525470766494 
14.41553808311153 
45.55000473455956 
57.22762219562725 
60.93389701615592 
65.15492944373649 
43.47763544442071 
28.40035080490765 
57.49305420264137 
82.48839516010857 
71.6060017732773 
61.43810030039891 
80.09491505708003 
77.6681011976173 
35.1491839876692 
10.67129785302551 
20.79485716548825 
38.57124032068415 
85.24129584985793 
703.2666479442305 
734.419123177296 
774.5272200905587 
528.4771708710765 
222.0537572694046 
729.6897558215146 
686.1590025372061 
756.9098819606141 
570.1219376490648 
775.7288930032444 
527.9784011358065 
597.030925042392 
660.3295417521888 
655.1020867864963 
782.7334857166076 
783.727706957949 
683.8053046522847 
248.2422187564471 
11.83173927580115 
767.2876952193357 
785.4317792773188 
107.4479288153088 
61.02614024850721 
451.0815459344616 
299.5206996015959 
69.11039225300257 
52.72358571372028 
74.88562353451239 
79.10867502379588 
64.3339850206477 
72.76047590727184 
76.72906331641705 
47.98832067594759 
38.76379714915392 
35.75877457939374 
40.3367282152415 
506.9736318194509 
83.15137957033114 
436.5942605151063 
306.8615038899393 
366.5812787422112 
754.4285860295283 
704.8268274801007 
665.1160770309638 
792.687268856148 
621.6345179808216 
352.0309304988776 
783.8498309388171 
687.4174459140999 
838.1682072756187 
745.3975819088921 
788.5197321410534 
32.89235388983663 
17.34907443945833 
75.2044474518042 
88.06569728862554 
54.31695955174746 
531.8686199469091 
626.0179698898419 
68.35665754303331 
62.35632472297893 
70.83563966521645 
63.43981009249811 
68.18253605800521 
423.0471837927814 
275.7877928345065 
590.7861247721273 
408.6538521806153 
107.9217325711099 
70.33761672730908 
780.1363055564137 
740.3245863595826 
31.45920361855843 
23.24332158584471 
807.4876463343509 
850.8249879424085 
20.70620381304843 
30.20907297801709 
850.3219363358202 
766.4907804048577 
755.2346287945719 
5.118392675316097 
770.9662430410054 
46.08107967636779 
34.72447707298994 
27.8165578951571 
302.4372726538119 
243.6258276509436 
569.6705513727928 
676.5572165697951 
61.77070086997273 
60.05696780812477 
47.54223690429021 
43.29018788917491 
54.27889235474764 
83.19361046860249 
347.3715872752837 
52.59610007425506 
61.23166113743039 
336.7592033336121 
785.8632395359026 
717.6225033699181 
61.70643449862459 
64.24957475536074 
731.1141738481325 
769.4551355129894 
731.1033000608679 
801.9070442214481 
788.3896926593759 
772.9073478561734 
828.4546984072975 
791.7885543939565 
23.10294089634731 
274.2738927150927 
55.59966317273642 
61.741376795112 
45.9959822292004 
50.74274576391437 
715.6305451666273 
12.62220882895486 
788.0864648050706 
60.84927518810866 
56.06402548837436 
90.52707799794403 
70.08041981746243 
47.25145278700888 
501.8327389993523 
280.2617657443413 
413.1605335814802 
344.4670885308255 
581.087398235558 
764.1137645758781 
798.8843110372362 
621.0823610221786 
705.2715502423944 
43.83567825038418 
45.86735892326398 
23.04122247625697 
39.7235245658702 
25.7247571780299 
57.29193606897464 
140.1032790589312 
88.60493532416595 
469.0042732555828 
489.7410102339335 
28.06620299053358 
58.77528569102979 
53.44783011518674 
290.554460571324 
41.88793210478686 
53.75966691645989 
173.3236322159805 
114.4470890192006 
545.0466270827357 
229.2471752757498 
390.563724130829 
746.1781835320713 
783.9026240787388 
712.9942806893495 
510.4264911124318 
596.279018915804 
58.18487008167364 
43.57016975758541 
52.06231341816682 
36.77738368447143 
18.74756842523069 
34.36694625218933 
58.08781094583817 
51.18949996654705 
730.1267834362112 
45.61597950032296 
46.20021366800911 
52.02653120345274 
221.2066077070728 
197.3050575360774 
749.4116393333607 
586.6525956327813 
70.11934744189742 
491.3540142733345 
310.9404210179698 
56.64254724555697 
676.8647896090207 
505.3276152277401 
46.66640283792054 
659.5642892826912 
46.78902974834124 
38.97855456646167 
48.00487006299033 
692.1213920988095 
149.7583206798512 
169.7688377341489 
50.02066902312203 
51.47633368032024 
51.29071897984831 
197.9692335540852 
59.50844852178307 
409.2222061129093 
605.4159047542204 
623.9018904895894 
51.29078614528158 
545.5172006746194 
48.54830884193247 
57.29307284836375 
55.98029625733228 
259.2071753906297 
136.5951477414679 
121.384082912087 
269.2971384695507 
66.00364706621382 
651.2963297358989 
556.9964789455306 
450.3696208061796 
53.87905071541181 
56.66691314087985 
55.99148589011781 
233.3831326624934 
103.1187908161828 
333.0701453887406 
573.6853427144808 
557.5694012995285 
92.91896349572798 
48.46418952417335 
360.7582200714262 
46.42534746257263 
58.11115935499781 
156.2726612240677 
480.7669607796088 
51.28858389144979 
462.0588538188492 
337.2140085504964 
50.34728094707613 
42.03911021722138 
108.0511028573334 
47.53775063003339 
65.75853300352099 
76.69273922130955 
757.2554118411903 
789.5104592429577 
48.99410089152492 
791.5694110657076 
16.53498958894024 
72.92121332150528 
73.48549962729419 
110.6838840660648 
53.92271053741839 
68.05892726738227 
92.21002925025255 
92.31109679759085 
193.3593896528808 
151.9242782733143 
140.9290977740568 
575.8768505496796 
633.42543163485 
59.32139650436059 
166.7057707068522 
195.3961324878568 
408.9197375611778 
58.73199561482773 
68.54101689690819 
749.6056655408041 
145.6442278829359 
0.9329133503547403 
4.038720171596909 
2.629097236066271 
10.53777732167018 
5.146101811747632 
6.556205680395449 
8.883964874446031 
11.61078547931829 
14.34561858568532 
28.11671169743315 
19.67507390261985 
52.37074021507459 
28.74762260248108 
32.123945184124 
35.58629999477037 
39.19313589333927 
46.72997082716499 
50.26241618593112 
53.51410082273568 
65.96374921608276 
62.63124037723423 
43.62300121568919 
56.79958684892307 
27.74280130823505 
19.41939814019446 
8.477236852218033 
824.3092041685517 
782.937941309978 
821.5847004420166 
631.8252772756341 
423.6220028134257 
112.4553283532041 
84.16820166023849 
59.27091149231215 
41.78724194371938 
34.32460141323003 
50.0386876918831 
47.06827649361284 
619.4868889376819 
757.3084355312262 
788.1436743782025 
781.3058956924556 
787.9201611166251 
841.7333578480886 
831.6331407591734 
168.7813823459966 
334.1135776938692 
507.3596516917775 
580.0251662502723 
686.8857839084291 
722.583242489741 
777.1150469524516 
770.3417686347843 
756.1262389647303 
734.4031760374529 
706.5319293134697 
672.4121190775588 
62.57643840848741 
64.5688053802087 
80.31429003444289 
172.030662522306 
60.73962074739493 
80.81641826190676 
108.4204592347197 
91.30228143412315 
270.8201302256454 
245.6862907881143 
25.52114334570634 
22.48364349045531 
52.71511510364614 
45.679877467447 
42.92269846908115 
75.88827002205673 
56.33508727301381 
109.7608329275483 
78.08844568279117 
49.67281112222132 
67.24055748203978 
70.71143602448905 
3.721790345611346 
15.38473707515836 
45.104364814179 
16.98864229164048 
31.07366427187167 
2.172048768760495 
5.592788517880929 
639.768361117727 
718.9971245797904 
781.9893309397767 
767.3386467669903 
778.7627030024402 
740.7920920861224 
504.1717273090343 
428.5437900598098 
572.8747843368989 
200.5661194006214 
484.2428440253399 
686.7574986644377 
619.8569018975546 
772.1005623264865 
788.3639672126961 
777.3534482368647 
747.459328829684 
607.8185610592529 
96.05004303441932 
73.30768107831406 
87.70977673240607 
497.0237460693518 
150.6189400874061 
348.7975005921647 
10.93863458069324 
12.9597472208821 
37.9614651460531 
61.39406330284377 
41.5970140461568 
63.42841218950062 
54.29388872717058 
81.09996179797625 
69.5483203492652 
73.28871284866476 
56.26425294457084 
121.3564228935717 
54.50077044532263 
22.21783308535631 
49.14084096899569 
34.80990844624161 
66.87072697660211 
102.3364938418081 
785.3857413413182 
774.1330060572606 
751.0732734022174 
773.5241502917809 
531.6225084198488 
680.2533609582681 
562.4281961154212 
357.4749539662487 
770.978985327348 
737.5658680352684 
190.0969535141666 
287.3772386763484 
667.5896015933519 
707.5748827382846 
769.0478278992857 
792.7304395368652 
224.1762006007095 
9.613199007681375 
27.60150861874053 
133.4578506536517 
163.4602502154652 
84.75974951769778 
75.98463963234238 
105.426580662132 
237.4882806141839 
66.87133380320019 
60.69399845733263 
32.99106939621781 
65.20694448971274 
77.94018597030151 
79.20396274573744 
72.04180806257682 
74.20616802051048 
69.73813621165003 
72.59419357890651 
57.86900803298541 
61.39025487699043 
47.72411031196049 
428.2900843055479 
79.29881279881809 
656.1844297448398 
355.604579017544 
644.5132024163057 
651.5140214000139 
595.8154520914977 
730.2318456485751 
710.2149385065032 
788.2402606001266 
766.6266628555456 
793.0538717179429 
778.566870034453 
785.1545031569723 
292.0591658818468 
25.15277612464779 
29.99922363558399 
5.283519994919055 
29.17453175415855 
37.0291981433292 
701.4568015767521 
746.468556161921 
782.9952933377731 
285.0682775929224 
79.65003119696398 
44.58560897378005 
50.16489461307207 
63.58318287102781 
61.72376004076182 
84.24410064675409 
61.28118750066584 
848.506286645104 
419.9555652079877 
751.6117420981432 
113.9365005863858 
99.50886279957938 
18.99319682000976 
35.93578145740774 
38.77486980003073 
18.73949602001528 
40.03301327239691 
733.2436337489046 
788.372260959471 
720.4062583796626 
49.66474526041556 
45.55810951628494 
15.62603724531027 
10.14998427563946 
739.5079056537277 
43.38535193239893 
40.14850029044527 
198.2752592591235 
49.12551481089589 
47.4187095338245 
65.82327256172306 
136.9319567308887 
844.5500304818204 
88.16160269084475 
59.02341054839852 
65.15147178695574 
58.1319097036552 
65.38021602531761 
81.88875801438969 
340.2298840976918 
395.9950340911632 
46.43631179750603 
37.74507408944567 
8.237328342310645 
28.13518745929084 
52.04354362814092 
60.80355048296308 
23.89744929806899 
576.1588124546386 
146.2840676292298 
187.2766729041531 
61.63851630988423 
266.3624693208766 
663.6053323248146 
767.3755361861427 
653.0059182112781 
698.1521251444473 
36.0886196662332 
52.53350495414875 
50.98845958784722 
56.0873109866688 
58.62444355414003 
167.9019631897756 
68.45779503553796 
31.97963006589788 
31.74519668757655 
39.17160693765719 
56.4161283732937 
773.6283680259492 
790.4508489920427 
686.9725268370412 
714.3683977562232 
758.720322615666 
779.6071639328093 
40.79888992401005 
129.0150448151935 
147.9153623535892 
52.11050184554627 
672.256931046943 
797.1956540691813 
759.8179452610759 
788.7902642423513 
37.22597021085746 
42.76026689513821 
58.258916362325 
55.27332248461731 
44.33567220918163 
46.1920132485824 
46.93759840374506 
55.89020930531081 
39.40963056303377 
729.2790312950301 
797.3603700127998 
786.0042401026471 
787.3550441585745 
284.9072019320697 
277.5588907090316 
42.65929041148135 
41.66487613613033 
54.69802363526433 
218.7643436125398 
59.12701419444048 
55.35393272883525 
47.39658803257018 
46.84507003363566 
46.33877840246313 
368.6838655769424 
535.0628787126176 
55.50672916221846 
467.9733638279604 
188.4591366055274 
205.1408663149178 
48.55787679040358 
50.22967001701199 
43.72587816035578 
247.4903474144244 
605.5127581270222 
589.2924309193136 
51.12318199528127 
354.4793009099579 
599.0815174995224 
778.9457350481155 
748.2838013328362 
47.33202353540673 
51.95776735163545 
70.204730569983 
147.6573283942356 
51.46283613463274 
450.2249990817841 
458.3371734165295 
51.48132654869676 
56.32685279931813 
50.2646601239077 
709.0363141903348 
640.8652855946665 
55.8195044216252 
439.0995429969856 
72.69329129763089 
566.2552622993485 
341.4938145128187 
524.0157780466194 
108.293894467172 
52.78931499545094 
52.37001216486675 
45.92048952098759 
45.96990125033419 
333.3937432303969 
55.14446620084877 
437.1158100927887 
231.3868175012545 
53.29856716405865 
89.31570099694467 
213.7526262596057 
48.53901579211792 
472.6370507458649 
620.2591307465115 
68.5125258814594 
47.95683320404853 
44.03331126995837 
454.738717728012 
119.0619798789261 
127.6279429397518 
52.81273785309817 
47.58898325151153 
333.4745360305416 
332.0025707515642 
56.41447517703121 
41.50733580905032 
6.566740855233451 
767.0620862558862 
19.40163822479434 
773.4746442032933 
782.2410431005235 
755.5354860781744 
718.1213270145138 
786.2402226498078 
789.4337992787496 
526.8563277349471 
46.70364633101966 
546.7010206018696 
544.9221519606792 
90.35201662578133 
56.59496388339051 
56.30854676290046 
58.80423265159239 
222.938079306509 
238.6005407506957 
64.19116911596826 
</DataArray>
<DataArray type="Float64" Name="Eta_u" NumberOfComponents="1" format="ascii">
1.023163328968941 
1.036678189267129 
0.8443868441501964 
0.5779277403187767 
0.5131339697713631 
0.8907285110982713 
1.006351123052132 
0.8135253193758274 
0.4808847472415843 
0.7049823939486168 
1.562150848873877 
0.7639118643728797 
0.6351549169992756 
0.432987828924396 
0.7036226505340296 
0.1428198137877904 
0.2714135984486771 
0.2352116188442837 
0.2566552668303235 
0.3667165109285662 
1.581490585971406 
0.7646510431623575 
0.635795633989071 
0.4322210733155755 
0.7025849897207698 
0.8929410908874275 
1.015149458063762 
0.8227274002235229 
0.4784019227929063 
0.706329262695503 
0.9671994140935778 
1.000800165640296 
0.7961539271627055 
0.4564340496768733 
0.4829140774797174 
1.106513155601124 
1.78217700890118 
1.708207363694134 
0.9742555785728009 
1.711853211336281 
1.779936252081773 
1.155848633408118 
2.391977717945856 
3.202433376731557 
2.957275302343401 
1.858226240433048 
2.969618145219933 
3.203250980543248 
2.468221645178917 
3.387042529254695 
3.950709648359462 
3.332941418686167 
2.010719579110597 
3.354194473585047 
3.955897869097994 
3.32874750708795 
3.688376485379467 
3.845519653318014 
2.942843950153679 
1.702753693632837 
2.969840381268471 
3.853913079884018 
3.870557894654886 
3.667164793208092 
3.291936561267947 
2.336522980297839 
1.320677982869048 
2.366403590204492 
3.30338265373127 
3.593446492599649 
3.133975805117354 
2.613444591530641 
1.771168325929952 
1.033848792374796 
1.798609381850996 
2.6292764592892 
3.097234946653201 
2.570242750170056 
2.002141559125935 
1.346220617259537 
0.8652148710328246 
1.362616284819253 
2.012762496279366 
2.531102892872065 
1.972400198631325 
1.513803374110413 
1.058571848222027 
0.7814177658529776 
1.067608226206819 
1.523709231168247 
1.970566320775059 
1.554662726552108 
1.148485199565441 
0.8776898703841897 
0.7438556695992037 
0.8875710319583109 
1.168200263952218 
1.524980600718836 
1.274360210120818 
0.9170500035451765 
0.7800891527477871 
0.7286285664011121 
0.7885360275422372 
0.9289641690786102 
1.202588325796216 
1.054706280969522 
0.7851125578950182 
0.7346269205574328 
0.7231674781375247 
0.7405760203768442 
0.7916657956587099 
0.9504931098041357 
0.8570186821114838 
0.7159064551657808 
0.7161497486867456 
0.721687278787668 
0.7188056523568185 
0.7187928070044712 
0.7785518112289218 
0.6764321737436256 
0.6859240054477558 
0.7107068502654632 
0.7223212524582415 
0.7093436775422614 
0.6792249145926318 
0.6671767177893198 
0.5948037949995398 
0.6697986687679874 
0.710301803492401 
0.7247409875087291 
0.7075720154557767 
0.6641065373598076 
0.6214226243449644 
0.6402290689668958 
0.6651229860742188 
0.7127981962651119 
0.729117141063057 
0.7118648422490779 
0.6647433155637802 
0.592669041760609 
0.7375556918219996 
0.6770726692381469 
0.7214967531161788 
0.7376443540520321 
0.723404193069399 
0.6788336861155572 
0.6101237900400444 
0.8055237773132097 
0.7102331382385819 
0.7453852099458618 
0.7585390283439178 
0.7514867988528166 
0.7174217261964174 
0.6825955980235445 
0.8424721860943776 
0.7869418362898588 
0.8053515494045247 
0.8110167199770181 
0.815708758026254 
0.8217958278420247 
0.8715560612734902 
1.215200423162679 
0.9509650498347515 
0.9281808798962964 
0.9261029754777812 
0.9343238528077709 
0.982541950609748 
1.318397561361605 
1.629839043277205 
1.018561958877858 
0.9860743769932085 
0.9766587302041702 
0.9827876439944295 
1.008527440000446 
1.831703506093672 
1.54090279886727 
0.7512819050172641 
0.8193817678761532 
0.1683025509634826 
0.4957381808809903 
0.7283241355441958 
0.2626337859053697 
0.5242829594198302 
0.697391600734106 
0.2948849423222112 
0.539872418273516 
0.6768605344897721 
0.2960830243990421 
0.527753247709979 
0.6479236154018253 
0.2851651563406196 
0.5004777716865193 
0.6028344965894847 
0.2684313119776006 
0.46682290523192 
0.5526143239913259 
0.2493749952670546 
0.4315439578752551 
0.5092812021128851 
0.2284788282816443 
0.3965938716169411 
0.4704410781713785 
0.2068845757284976 
0.3607740235655937 
0.4289821291864337 
0.1851824203381613 
0.3252406636246109 
0.3887301809908904 
0.1644383127325748 
0.2908332611260057 
0.3485305570056726 
0.1447986323392927 
0.2572560570417919 
0.3198017775611314 
0.1250569061205971 
0.2250220122686272 
0.2747264317657773 
0.1069798295930075 
0.1954946123231416 
0.2435381585351852 
0.08969143121170196 
0.1672730908322836 
0.2135038940281664 
0.07394119385027535 
0.1403816558622053 
0.1893293788756055 
0.05954716691281358 
0.1155698582117446 
0.159395177741828 
0.046992606429303 
0.09397703256237024 
0.1314815092889278 
0.03624473231273355 
0.07444852949806417 
0.0962674275368821 
0.02654940595533867 
0.05608803852846693 
0.07305857762283839 
0.01815759648330922 
0.03864950592339663 
0.05322807848067262 
0.01215270614993731 
0.02441685279135903 
0.03863480097749261 
0.006676634467046103 
0.0135227583760302 
0.02431991236364809 
0.002389662427224818 
0.004477519624782917 
0.01771925834864646 
0.8649633595034467 
0.7500745547182129 
1.521067503063525 
0.7638662287269214 
0.4955086007701427 
0.1690465914122236 
0.7413978059273642 
0.5249582224770534 
0.2631957915690332 
0.7167586519364708 
0.5407841629665664 
0.2955761328826235 
0.6892875895300409 
0.5289967080353594 
0.2967184763120729 
0.6285417423298361 
0.501467784701803 
0.285342698537104 
0.5823969468453696 
0.4660183792785026 
0.2679638060758985 
0.527418732780131 
0.4280715502650957 
0.2475881242738167 
0.4701500223526135 
0.3915030255477864 
0.226178237750237 
0.4275856533851267 
0.3573395761535608 
0.204878749164018 
0.3973897943920264 
0.3239429742650986 
0.1840503635691773 
0.3584448815302793 
0.2912672970116715 
0.1641377181047546 
0.3105644902440891 
0.258840201608435 
0.1451558974847193 
0.2760794831328637 
0.2269948022603662 
0.126031405664484 
0.2456202955487598 
0.1976311013023576 
0.1082216984450618 
0.2300208467753335 
0.1700410190189725 
0.09123802346540154 
0.2059362827098922 
0.144406176802271 
0.07543508171302674 
0.1658905085603576 
0.118759283358954 
0.06142117829157604 
0.1275930499881427 
0.09402367531924322 
0.04766179962848512 
0.09520191857510613 
0.07224979362758645 
0.03560820941998328 
0.07368479031138292 
0.05515526157206128 
0.026003875021193 
0.05459535524395884 
0.0388413061243842 
0.01803731075315818 
0.03810762568513622 
0.02440623585859747 
0.01204101881058664 
0.02499291061676732 
0.01360856041511732 
0.006627566414236165 
0.0154850493613467 
0.005157782337276062 
0.002633822628605524 
0 
0.02228304149070937 
0.07099222434809953 
0.1041289663191112 
0.1178909351384454 
0.1224978088691343 
0.1203788324486052 
0.113533236192846 
0.1043318146994356 
0.09434135973520962 
0.08453831464170138 
0.07521690835130566 
0.06683473192073426 
0.05490768355298357 
0.04516581624275148 
0.0367478262968958 
0.0292951217789051 
0.02233205016765565 
0.01628049918186279 
0.01110759537754953 
0.006822359424454067 
0.0039482853219596 
0.002107760696735541 
0.001230389458114249 
0.0004286257933684987 
3.522055782132255 
1.9405446411224 
1.026696080819234 
0.4713532556147611 
2.321355276299542 
1.492345075553692 
0.9931559916623753 
0.9110755482223556 
1.013362940546556 
0.4971481543618101 
0.7045024985550217 
1.269900091720444 
4.186214408091819 
1.830493349612812 
2.276486156871313 
2.955625970746209 
3.602706936740991 
3.911324161250886 
0.5781327892289199 
4.206325673828946 
7.217846418975961 
4.121024320384417 
2.11859016454555 
2.388548305852556 
1.171129819372079 
1.13859489185022 
1.001825585943346 
0.4270183328026071 
0.7134363320851893 
0.7871525892699698 
3.445691311055478 
4.55765378357354 
0.1570374076123981 
0.1016272285952701 
0.1671669472899606 
0.2921968741833134 
0.4787839799786043 
1.128142512398395 
1.074753606084694 
1.284160781569952 
0.985126895219902 
0.8673564645925429 
0.7304500429924775 
0.6969666368211047 
0.6123446428475448 
0.557877387173137 
0.5142236175974871 
0.4881839434514147 
0.4416012789163067 
0.4082374358494614 
0.3760232693613392 
0.3054377521626527 
0.2883166242561221 
0.2429925448106284 
0.1997509645072764 
0.1765142818798684 
0.1213513945341516 
0.1145895170953746 
0.1537060224690046 
0.9276078300177947 
0.8492143451983587 
0.5590649351068145 
0.7142513250338642 
0.8797545381791743 
0.7796150256162744 
0.79875072853615 
0.7828910954261472 
0.7095376951591623 
0.667881463683049 
0.4862381086473466 
0.4864799668121358 
0.4775398513542619 
0.1776714700285759 
0.3635598608886538 
0.3252933106802782 
0.6864465030397267 
0.6487422815326823 
0.8550258126831513 
0.6356158252510143 
0.5915391928587107 
0.5006336239738524 
0.4778655792533776 
0.1219943578960921 
0.1166613908018811 
0.1518726576308909 
0.1455266761103824 
0.09345176427480277 
2.272712480396908 
2.03523770795827 
0.8897815440929243 
2.499335465274587 
3.002232932706361 
0.6919464695829169 
0.9613363343649991 
1.590001991392932 
0.843937535300182 
2.274113523733803 
1.59602476069734 
2.505436068113188 
3.315081071797238 
1.947702775040474 
2.24924921954804 
0.9284275464056361 
0.7732789548698397 
0.6476721689943982 
1.843224685144268 
0.5320568454414608 
0.3003221705335233 
0.08546166977197966 
0.1635768516088034 
0.1725665082968056 
0.4531205838081948 
0.4533387872265276 
0.5344219991832857 
0.4850761840879139 
0.3454584488484755 
0.2864851414919265 
0.4619514047841474 
0.5905906187877199 
0.5448178106354035 
0.4475116481964468 
0.605751535248395 
0.620513785138529 
0.2080637650886403 
0.2972731146086749 
0.2111608380988467 
0.22239579906693 
0.6198866562367584 
1.074121698786044 
0.8491703104675675 
0.8702528114027608 
3.692787804327981 
1.18917816852808 
2.284841527384388 
2.218353894139468 
2.202818916447867 
3.623198779485132 
1.977636595315857 
3.314758489908267 
4.177893962786342 
1.57207763006563 
3.076465714567974 
0.7572539462105404 
1.594987765328414 
1.998933742363135 
0.9116783865167959 
0.08852842644932409 
0.9890975156107026 
0.9894166166523632 
0.9334899535972903 
0.4131600183126027 
2.928695961832833 
1.819960439644875 
0.542497574145248 
0.5457643058954749 
0.5729890184941209 
0.5601546780656986 
0.3820465453293918 
0.6177867869553684 
0.5567837765313514 
0.3768674115972223 
0.3134132323094709 
0.3789787732785611 
0.209262124241241 
3.021280133406858 
0.5081652753572374 
2.646700394960153 
1.580837552993304 
2.245832140236389 
2.492536534522579 
2.745210343365335 
2.35407918984988 
1.227289073680854 
3.191494092006082 
1.837592862170269 
0.9154349445259131 
2.299748223716589 
2.312413004133402 
3.135341979796764 
1.851464968199496 
0.3103591031288765 
0.3205764611940725 
0.4854702117497036 
0.473605760889433 
0.4842442016516821 
3.726709604012228 
3.272672936007578 
0.708697125604374 
0.9216143720266051 
0.5355722366570687 
0.3395987024927349 
0.412046553680218 
2.51513421171879 
1.756003229321339 
2.763600288433229 
2.100612247808139 
1.291197000474119 
0.5759356234181529 
0.8928350625886476 
2.749651447205827 
0.4144303865308494 
0.1808142198273108 
1.979604977839584 
3.111563247747377 
0.2217034481891078 
0.3256270905498607 
4.079561410958434 
1.312812667040874 
2.268055412288352 
0.2780293100490811 
2.955166466307161 
0.3365341554797259 
0.8897278962593114 
0.3089634251397183 
1.794015456740225 
1.253773281736157 
2.61258175544905 
2.68389472671416 
0.3670669411034943 
0.2791552829026043 
0.2736629435674007 
0.8962642535777814 
0.7593538173820173 
0.700729964289507 
1.974187580595654 
0.8045275718030068 
0.5403715094437169 
1.670734818519922 
2.907357037841807 
1.844356340338176 
0.6745899452241949 
0.5294979656236847 
6.809053940209706 
1.651376519659077 
1.279408756310223 
1.553407056178362 
0.7486263450464344 
1.246225965546595 
3.844882271113477 
1.244347020111485 
0.3505786255904357 
1.040326760802153 
0.5827398142231649 
0.8708700069251152 
0.9624174357718819 
0.8137517410771273 
2.941291624799028 
0.4535808994536873 
0.8715713985178279 
0.6740050533161325 
0.7381016030439587 
0.7141256459817097 
0.6750808392481876 
1.249304657179068 
3.523047510263945 
2.434670809929428 
2.637545002675739 
2.765564097131087 
1.699131126868865 
1.723382615682666 
2.164729566788827 
2.069675067726799 
2.662658375389887 
0.6119305107036669 
0.9329209691865648 
0.6533415157510987 
0.4590035773727676 
0.4518722737138224 
0.329499876557949 
0.8798346232646719 
1.078244118568217 
6.53781559875784 
2.710828719265706 
0.5989386233089855 
0.6178489872433547 
0.4326856798234031 
1.472861733275871 
0.523758627563915 
0.8174174640659617 
1.285550366155441 
1.134711969042443 
2.100040933887238 
6.092451791750749 
4.863044750081382 
2.0730016278673 
1.143721726580394 
2.838061963085264 
2.078078542396773 
6.484029473502765 
0.267597358547234 
0.4244713337049379 
0.7349135091808121 
0.7450402449546356 
0.4586469628575481 
0.5124094190374864 
0.311500415381249 
0.5081724458519861 
2.002949874299324 
0.8976291125615445 
0.8874807409309093 
0.3977813390712706 
1.801801726131289 
3.82136794259996 
1.625933967404185 
2.427102968233613 
1.405323304457649 
2.066942427554127 
4.639728047171415 
0.4640008078880529 
2.093428227811362 
3.103332857092553 
0.466347489191456 
4.142787785650042 
0.6635493096082348 
0.982785716297512 
0.7240968262688329 
1.93690250322833 
1.570375190946607 
2.419709356150136 
0.4555750395318977 
1.049011485188012 
0.94487697891455 
2.133786586672385 
0.3237172796583975 
3.26577922894052 
1.58376671919039 
2.59730819234395 
0.8475670027591623 
2.296167866993716 
0.8520466996909724 
0.422524486269642 
0.3938305479551009 
2.882032553931985 
2.566485875060941 
1.748983498606878 
5.890483295878533 
0.9889637456634026 
1.720399934445567 
4.047093631892052 
3.956402345545045 
0.7050135994371557 
1.238923147145717 
0.5582974641515539 
3.834508690460289 
2.267211499346924 
3.879372116075379 
5.825879341291125 
2.044957565902075 
1.605908400177961 
1.175475371937291 
6.643241503096288 
1.030473251665744 
1.529239114513137 
4.096129448947401 
3.94085349885822 
0.9848994444020999 
6.988690622827836 
6.878278772760427 
0.9853092039299997 
1.12491579300244 
2.945137647353935 
0.9070213907238954 
1.484774150514919 
2.359240245145504 
0.8618886566037615 
0.8711895901246274 
0.8516822638714382 
0.9927657018739315 
0.2079785093377501 
0.5930023307926002 
0.755145242789395 
0.6780405967674773 
0.6620365136925215 
0.5701447931233466 
1.067610438894863 
0.6810564235375257 
1.710196304395293 
1.124573194071183 
1.365135885561862 
2.300618505901736 
2.08124193141276 
0.3636732580558712 
0.8036626953103988 
1.390531625926467 
1.444311390285544 
0.9465050091498902 
1.125533192064925 
1.812968740741458 
0.862615266483624 
0.1132315245671948 
0.2082832825292754 
0.09144659760532753 
0.1198479744881855 
0.1097096895804681 
0.1027216057910478 
0.1216934235187573 
0.2773932760779461 
0.3167338691537063 
0.2775012392958118 
0.2996624082990697 
0.124130120411223 
0.3872694874657923 
0.4311807192351314 
0.4689706936308344 
0.5181853614464249 
0.6892824205610417 
0.7911232566682771 
0.871316352923624 
1.250469779867146 
0.5316870973593035 
0.9002190094194005 
0.9675337608188912 
0.2800461089419324 
0.380017216416023 
0.1388835314189291 
5.785151823092274 
3.50311225206814 
2.222923037800212 
3.104487859809185 
3.681247776990292 
0.6726188259805502 
1.135609020351139 
0.6644026042468985 
0.3903295929482708 
0.2984043954608963 
0.3119358844522106 
0.8741744179926499 
3.767015114871775 
0.5726771231430389 
0.5443875695788186 
0.7991492301175405 
0.5394895424499412 
5.436012016152043 
6.741390514510152 
1.154121330629953 
3.084000149853972 
3.749326458526369 
3.4553206841736 
2.478654541379732 
2.061957618300938 
1.105899537790507 
0.5913952473100363 
0.5719626957841316 
0.6720149941923775 
1.053702259214052 
2.160408297576468 
1.118419432962394 
1.253779107736844 
0.9346196372376032 
0.8825706201823952 
1.035753760549284 
1.116929739461692 
0.9692569302319604 
1.100355136989479 
1.844930669925513 
2.213843840495024 
0.3339538820776664 
0.3057677682607849 
0.38267409391737 
0.4423816810743249 
0.5926046293621802 
1.064581137332742 
0.9110184397105466 
1.002455219319443 
1.062916985286233 
0.4620561686437205 
0.8420179128698884 
0.9082884327307159 
0.09723459731128661 
0.3061811170731483 
0.2850912369769282 
0.3041898529507779 
0.2783646446414351 
0.1139844852858606 
0.07868998706764903 
2.974134162993552 
2.274972904524456 
1.215663201790352 
1.482259183809269 
0.6893197721382262 
1.679400113770224 
3.579612257974675 
3.213954807020857 
3.535414107706951 
1.306737974031507 
3.408832529210516 
1.675293503865647 
3.011996163168664 
0.4272008293942052 
0.8817210432458523 
0.5558979910182456 
1.110175463850482 
2.713580747072002 
0.9491786750600533 
0.9572915028701682 
0.9586976404464665 
3.406324833955516 
0.8364170753622882 
2.75596325605821 
0.188569228806321 
0.1425136779530924 
0.3441703991879405 
0.3739616252695542 
0.2455930983015711 
0.7767336837268791 
0.5044670039164362 
0.914023289959861 
0.7488124131273158 
0.8227151507078073 
0.3601202257455493 
0.9146456278513447 
0.3283470321038783 
0.3213888499588373 
0.3372579609585866 
0.1455338347730895 
0.3843414512690389 
0.9915135742177489 
0.666332914826138 
0.803179125148298 
2.143436993293217 
2.30811934641413 
2.785617772648494 
2.683566065954325 
3.468077856232155 
2.286815931554204 
1.855874255884089 
1.884362477078055 
0.7731790554744464 
1.805451198939569 
2.624947812711198 
2.229943584602978 
1.477459689803165 
1.04836349129658 
1.374494146799317 
0.1062471478850765 
0.3678101525653671 
0.9655607958733067 
0.5641508482653949 
0.8431986150373659 
0.8921013790370207 
1.421721749221946 
1.245278060665592 
0.5103109610709008 
0.2369133028592758 
0.2488283525942483 
0.6502332492117475 
0.6700018049353348 
0.8775115421714853 
0.6219504457824107 
0.7336276790558768 
0.5668689463941519 
0.8206583601737503 
0.316091553563868 
0.2149919494743314 
0.1528329230294263 
2.86939423061254 
0.7837236214472907 
2.403062605836046 
2.23110497719553 
1.940453125787219 
2.111928940768517 
2.444515373449843 
1.745797079446315 
2.286152387152826 
1.099463466376413 
2.166185208461612 
1.467918327204186 
1.059861462790455 
0.4551565492593126 
1.81629601544877 
0.282433192400709 
0.2602285583513905 
0.09518370289002252 
0.6701084645130779 
0.1881045187197896 
4.106992141019181 
2.375531791002267 
1.199046289630291 
1.401364750119603 
0.9328093170613351 
0.7365737519038236 
0.195243387184158 
0.291179863200992 
0.5027956826029029 
0.7581183970279868 
0.4960435635751107 
3.65598438833965 
3.059150772836066 
1.95200171590145 
0.9540481613413031 
1.003785001769379 
0.4391252603768427 
0.2413788447884935 
0.2406948200640373 
0.5250721187206275 
0.833832565688554 
1.264975874765812 
1.6165684660473 
1.912242938774406 
1.022427421105874 
0.2057555630349431 
0.439221958598959 
0.3798987175594385 
3.133949833410998 
0.2392112491375095 
0.2333675780619168 
0.7424799680473672 
0.317759834524158 
0.165408192617601 
0.6652313410104057 
0.6154740691310926 
2.267916674582726 
1.456919840057782 
0.7398242561782875 
0.432003783724106 
0.6399780962421058 
0.7525387863858449 
1.149036350822004 
1.705632726134084 
3.840632308791952 
1.102358436558428 
0.4208341320220974 
0.1937991255177691 
0.3364783767714732 
0.2449526933812227 
0.7428097651733239 
0.4670264079634349 
2.826805468956613 
1.111718452410332 
0.8454576711946348 
0.4116891947157613 
4.062414051703427 
2.229600093867936 
2.015947499694636 
3.787246647773644 
5.528906061790961 
0.2016806188424032 
0.2418218166198105 
0.6429813963047415 
0.6078495674108861 
0.734431824207876 
4.020845754670272 
0.9600749127584853 
0.5440323018586616 
0.3469021137733797 
0.6406409315312028 
0.3606095530258425 
2.604378396262986 
0.8815555136171241 
2.21928349050098 
6.687606792520402 
4.741824305308697 
1.371969899000635 
0.1313920072452363 
2.325560674449385 
1.992557874789392 
0.8139463081734958 
2.175302442193536 
2.143616807149438 
1.49987063989287 
0.7370100270061951 
0.3636002932387853 
0.4649423494685184 
0.517524024013622 
0.9515677383098186 
0.4280777765020189 
0.4463082022997207 
0.5353051419005478 
0.6469672429925283 
0.9259679609912294 
6.661727530120348 
1.309648866213399 
1.296623758712296 
0.8425619361555785 
3.743393659048709 
1.882748654550857 
0.1395365820281177 
0.3433830047646558 
0.9594779323761644 
5.036256415310664 
0.8218573600838747 
1.812124620894714 
0.3254291252957769 
0.9288121608938518 
1.022535959370221 
4.839249309879637 
4.199241390203748 
0.3218437192308222 
3.235691237631738 
3.575579210299714 
2.958739923267156 
0.3373081475073716 
0.3937948861061529 
0.631713423702457 
4.435693806716176 
2.624994668706389 
8.734318963761492 
0.2760257302588277 
4.698926155729994 
1.862145590738592 
0.8580531176630974 
1.830244511624157 
1.536767832019981 
1.125358968997454 
1.543658815254242 
4.812283359720076 
0.924673261587677 
4.657969100558146 
3.962782223112189 
0.2760338651437945 
0.3054542589169235 
0.7206961598567186 
2.615117077797069 
8.443901646110099 
0.2923404239155485 
4.784036976410947 
2.937624759775839 
5.709761976075663 
5.298525873653818 
3.537648807806369 
2.711368312516304 
0.2388286209012039 
0.6489634735023282 
1.098365375149216 
0.2197587442499585 
8.098404914367745 
0.83030064110835 
4.083667832529252 
4.684821772272983 
0.3328353522602142 
3.084225232145032 
4.821185388343327 
1.267596464396072 
8.908671886616924 
3.235336305762585 
2.463860547359378 
1.290204570940709 
1.034230110417912 
7.82158364329666 
3.903263194256689 
4.995084854891165 
0.8696664665071252 
1.043751706084416 
6.707524147101876 
7.674710212035578 
2.484283742140482 
0.8329476920971167 
0.09993310733772881 
0.4363034364061957 
0.3024372210557457 
0.6376626547928916 
0.5109963677962029 
1.69698395293074 
2.133588510486214 
1.682298971957415 
0.6654928710207945 
3.251359845620745 
0.177588201130064 
3.356237808574785 
3.134999617751667 
0.8902705634985121 
0.2746459877914727 
0.4098768900441226 
0.2679697556379508 
2.094641822718817 
1.374390569084152 
0.3481757702246426 
</DataArray>
<DataArray type="Float64" Name="Eta_phi" NumberOfComponents="1" format="ascii">
0.006522589151164333 
0.005432523490119647 
0.004726803355818742 
0.004516371881752831 
0.004515092506161174 
0.005922555253601699 
0.003848443294386353 
0.003198944780301218 
0.003225177142361648 
0.003514411840566045 
0.028721369899612 
0.02560094618377123 
0.02491758283946799 
0.02450559427403902 
0.0247448680107115 
0.06392094136391779 
0.085977351463611 
0.07839704532587426 
0.07769848022877766 
0.08081588880239327 
0.02868983268205537 
0.02557772710514291 
0.02489018175688943 
0.02447561603464271 
0.0247202311759697 
0.005917167344828549 
0.003836987709221371 
0.003174136122492374 
0.003189514850207371 
0.003472691819758283 
0.006482106336587168 
0.005426132267987749 
0.004767190278494323 
0.004566799227847796 
0.004566551006159534 
0.004486711828416039 
0.003643534535846042 
0.02456691039731325 
0.08403738706084883 
0.02454195641320232 
0.003659647649618159 
0.004434111247253559 
0.004013389266676344 
0.004164904945754042 
0.02292951474110056 
0.06113186563017067 
0.02277629690978204 
0.004100410424223279 
0.00392651155518407 
0.003114571316136579 
0.005454570893362933 
0.02065376591177958 
0.03681640456543246 
0.02043607103506581 
0.005342215993511113 
0.00276975576523769 
0.002058151367172307 
0.00622153984762022 
0.01631320067305136 
0.02320380997831132 
0.01615091776402114 
0.006098700881751557 
0.002130353762638416 
0.002326684229697414 
0.006053619001995122 
0.01200821358436149 
0.01516462371362391 
0.0119019193348824 
0.005941369365495655 
0.001766550374613145 
0.002158991742715732 
0.005240356256296441 
0.008631014605333599 
0.01018322302689463 
0.008566510711497321 
0.005155879480399758 
0.002128079066865109 
0.002400731900520127 
0.004244750783468964 
0.006189033197043819 
0.007002084746183941 
0.006156020620562724 
0.004199958504774872 
0.002471618985288815 
0.001943124232942826 
0.003334932109658305 
0.00447228907961182 
0.004920800667036768 
0.004457950118828108 
0.003318622812803527 
0.002277807432022517 
0.001706979804056816 
0.002599058359958517 
0.003272622001590611 
0.003528102319787367 
0.003265367260311786 
0.002590003036406691 
0.001830092593361572 
0.00144499287030705 
0.002028242751044997 
0.002430591985758683 
0.002577949122607324 
0.002423192082077572 
0.002015412742577399 
0.001555647260860715 
0.001295227635247488 
0.001592480008183069 
0.001835566713113537 
0.001920922620871876 
0.001826419198704405 
0.001575225644687234 
0.001389116369668347 
0.001064906838694346 
0.001266557946114534 
0.001414274077687189 
0.001464442469357115 
0.001404940064451636 
0.001246721786560748 
0.001049453351853727 
0.0008638819621701364 
0.001027869730985485 
0.001119983347724111 
0.001151588469843751 
0.001113048468790345 
0.001008956280383282 
0.0008628638954598897 
0.0007584312048066686 
0.0008566441399916536 
0.0009265495878770461 
0.0009506356146361219 
0.0009256493351846068 
0.0008541948164762399 
0.00078835002267333 
0.000718036552716795 
0.0007683255551510689 
0.0008279180548541064 
0.0008485935533502389 
0.0008323196936097152 
0.0007818652459836211 
0.0007086651385306108 
0.0007622900766883451 
0.0007825960819328827 
0.0008272910514511592 
0.0008433528217316325 
0.0008302339770932814 
0.0007914277369862984 
0.0007404751683551787 
0.0008532463633838357 
0.0008875483270418204 
0.0009246417107379852 
0.0009370102986047684 
0.0009217649216789939 
0.0008832805580786217 
0.0008396739848279584 
0.001025131553388381 
0.001082136156215362 
0.001122218676332409 
0.00113498979739403 
0.001116911992542553 
0.001068454054623537 
0.001012213945279828 
0.001309484597654346 
0.001380448058421612 
0.001428095810215842 
0.001443390389722281 
0.001426220167045698 
0.001374403311892085 
0.001281302302901614 
0.001543994397585389 
0.001625105583542594 
0.001672735468939366 
0.001688358394441183 
0.001673293978460875 
0.001627025455538522 
0.00154557732135161 
0.008517095624565152 
0.00881494149074101 
0.007647636027537784 
0.009760804171104292 
0.009671779414062599 
0.00828386007121586 
0.009852264534878004 
0.00985439105148484 
0.008489693798790899 
0.009869459542157264 
0.009897741777176207 
0.008563992544518822 
0.009879163760405573 
0.009914197767895032 
0.008593307116820641 
0.00988657648102117 
0.009927246381581659 
0.008596669170096164 
0.009893118229907592 
0.009938293755860191 
0.008610592357009221 
0.009898219840110327 
0.009946335247508247 
0.008649121466957012 
0.009901784294424726 
0.00995105509060411 
0.008701169630788069 
0.009904511885598391 
0.009954075874669828 
0.008752677148774481 
0.009907364091505248 
0.00995842513392751 
0.008782504756307633 
0.009911243194303084 
0.009965625815802525 
0.008793565803920062 
0.009915699284631803 
0.009977791465877579 
0.008787789665848826 
0.009918324673143903 
0.009985387081636958 
0.008797082283871403 
0.009918101339143316 
0.009979898531310835 
0.008826113502321849 
0.009918330445559636 
0.009975982915749936 
0.008820498513434274 
0.009920670235612166 
0.009987030677447288 
0.008762777398024599 
0.009921842247750817 
0.009991183846468991 
0.008696022406123527 
0.009921039994391263 
0.009982255768282334 
0.00865071242026382 
0.009923351312670001 
0.009985855724903575 
0.00861220082420004 
0.009932742628488532 
0.0100127187591318 
0.008602056228417684 
0.009946352252895743 
0.01005576073636086 
0.008716342533133291 
0.00994205481467492 
0.01007970069790465 
0.009077128650316672 
0.009910203423163972 
0.009954829119387405 
0.009862837218429231 
0.009875611376690057 
0.009836401241320946 
0.01056891176251705 
0.007690198765303514 
0.008816137961797272 
0.008520526612196188 
0.008321275263557925 
0.009670384353229091 
0.009760558850224362 
0.008521888350509738 
0.009853432621592172 
0.009851892975970312 
0.008591521103060887 
0.009896964700922722 
0.009869099668492254 
0.00861529798572676 
0.009913361295537146 
0.00987868309377596 
0.008606695910430754 
0.009924738322651479 
0.009885914622383659 
0.008580764247200372 
0.009936645574427168 
0.009892962364255652 
0.008546539022326148 
0.009949439730744934 
0.009899359627827245 
0.008525184820162787 
0.009957513489193069 
0.009904146888994252 
0.008522661748649353 
0.009961884671048056 
0.009907408411862299 
0.008537234832056302 
0.009966146566862916 
0.009910256741586708 
0.008560781389789539 
0.009972217474578257 
0.009913316653276782 
0.008594097250750044 
0.009978997508799088 
0.009916549894773983 
0.008645060085711965 
0.009985760580231954 
0.009919397139594392 
0.008733958191404902 
0.009989159890554069 
0.009920705720407437 
0.008863611364261616 
0.009983615436900562 
0.009917989581102309 
0.009003192559407298 
0.009959372257519351 
0.009911114370737681 
0.009013336496569839 
0.009940844312585092 
0.009911424805414622 
0.008712667022622286 
0.009996763251968372 
0.009922632215716629 
0.008425697428117083 
0.01002656758473194 
0.009931315332001417 
0.008483587316525404 
0.01000369685638283 
0.00993344751816194 
0.008619857476246627 
0.0100353775692482 
0.009939754103249779 
0.008925475142077723 
0.01006210741644834 
0.009937468587182545 
0.009595019724138463 
0.009960877648258768 
0.009913680266277116 
0.01013573984590518 
0.009875937903719325 
0.009887549565144243 
0.01079999954640001 
0.01079999949240001 
0.01079999954640001 
0.01079999949240001 
0.01080000127439997 
0.01079999760240005 
0.01080000192239997 
0.01079999706240006 
0.01080000570239987 
0.01079999760240006 
0.01079999760240005 
0.01079999760240005 
0.01079999706240007 
0.01080000570239986 
0.01080000570239987 
0.01079998950240023 
0.0108000057023999 
0.01080000516239986 
0.01079998950240023 
0.0108000057023999 
0.01079998950240023 
0.01080000570239987 
0.01080000516239988 
0.01079998950240024 
0.01080000570239987 
0.003680396448294952 
0.004690563143015107 
0.006365960921688425 
0.009374046916310941 
0.003408307514372587 
0.001524591907679612 
0.001020195272638052 
0.0009758409383933606 
0.001188338349748332 
0.0007131620486101931 
0.0006575732444351498 
0.0008734434371975736 
0.003476062535150318 
0.001436244594974385 
0.003107709114660909 
0.002369934162057476 
0.002685595553675319 
0.003387773701200601 
0.005674804258709704 
0.005177320305277286 
0.00220173583447763 
0.003634697255340984 
0.001320707313468755 
0.0009721777427533925 
0.001562533114117415 
0.002086740640744518 
0.003473919511679232 
0.008300314467636332 
0.006720009158066896 
0.004992600140998239 
0.001904877683681978 
0.001530693743137192 
0.02142917456062011 
0.008349918882390159 
0.006191558683329917 
0.007168054751446426 
0.007632506597583016 
0.004288413663122863 
0.0032579494934375 
0.002565013513664454 
0.006938216233491884 
0.007588109951383471 
0.008350912705962343 
0.008527511211745921 
0.00847529645003944 
0.008494788208692329 
0.00871216503486575 
0.00910105416229664 
0.00957111932566054 
0.009545989579274463 
0.009360917093080869 
0.009593560069291631 
0.00975004140599473 
0.009076708785849893 
0.008560625762058743 
0.008543082541864347 
0.007961001330979109 
0.01053749111632051 
0.01535250673838893 
0.005063497812169088 
0.005964139598570193 
0.005352839729194904 
0.005043260762720092 
0.005784940856433511 
0.006321789243437259 
0.008052210588915644 
0.005659311773618723 
0.005133218289380254 
0.008584028280260966 
0.007228063624259326 
0.006536794120044331 
0.008218022248754158 
0.004066407658068774 
0.007766678001661684 
0.0092864100202172 
0.007156005775224539 
0.007461613096190882 
0.00598307548306616 
0.007595645735726676 
0.007478884140245614 
0.007566432557669841 
0.007944171835438468 
0.007107635711444614 
0.005752547378423362 
0.008327065769566877 
0.01125664442798731 
0.006271995679775193 
0.001344676436661952 
0.0009628285631062867 
0.005090626300056088 
0.003854434768925557 
0.004277845157894134 
0.005533599003698748 
0.004573405688957126 
0.004126946414296461 
0.001042987262826694 
0.002330249998735037 
0.001256840762973508 
0.00147465818137916 
0.003744526812173606 
0.0009715636725569915 
0.002206173523573052 
0.005015370992159043 
0.004965651272095608 
0.004685942150790163 
0.004454898786677581 
0.003173226216921498 
0.009367858914277067 
0.005073725884693462 
0.007616183950911792 
0.007778214723130362 
0.008404000240318531 
0.006099225968698632 
0.007392728967266741 
0.00650046493538571 
0.006611436328160255 
0.007668837850127581 
0.006839493903796768 
0.005393716285441604 
0.006458540759546229 
0.006447207580675346 
0.006059081262972444 
0.00633052346635222 
0.00488593963084777 
0.01446169090562378 
0.007097625145116951 
0.004554333523273548 
0.004838093196280077 
0.00135028433248 
0.0009321407672212976 
0.0008870943587772078 
0.003479147174622765 
0.004145053540301143 
0.001049969631080256 
0.001855067921061617 
0.00142817627688891 
0.0024653547955628 
0.0003864318584341035 
0.002936575013444616 
0.003416890691484678 
0.002128812808471994 
0.002610127398198829 
0.00107163950169689 
0.001098406094845787 
0.001701409713817138 
0.00353671692703466 
0.005110258685571942 
0.001051931427043664 
0.001444593738440405 
0.004588098845355097 
0.005627166407823237 
0.003089209600422212 
0.002739408892904019 
0.006652031473647689 
0.007999387662525732 
0.006327568536637005 
0.005502316280798556 
0.004449821354013802 
0.005613396004336007 
0.005503403383270034 
0.006710357661863918 
0.007364789139629601 
0.007648381322517181 
0.006242895758940411 
0.002521922435064347 
0.004538558886092375 
0.002446166275145571 
0.002768597340371436 
0.002745324995150619 
0.001254393646496234 
0.001938892898614824 
0.001160087505434994 
0.001346609703810444 
0.001587928440569686 
0.00251314858743644 
0.001428870050812181 
0.001971569692412178 
0.0009545316862739983 
0.002052915072060488 
0.0006567273491719247 
0.007941624811501964 
0.01107541989369144 
0.004575735191645437 
0.003138700971485815 
0.004845720397230377 
0.002858563182178101 
0.00209830496018299 
0.007891353412840609 
0.008198923335162775 
0.005009788778341006 
0.00498075199540402 
0.005284758644922722 
0.003747810030005666 
0.003317161750929686 
0.001963524477010874 
0.002635054222311545 
0.004808809876805851 
0.004946698774984793 
0.001664719988853956 
0.001203239612015638 
0.008319776846920224 
0.006673183857426247 
0.0006393918308517463 
0.001666331435807015 
0.007499896358338446 
0.008488344947354228 
0.002574623182144915 
0.001516615814357932 
0.001351684530590405 
0.01829525247021395 
0.001384006258896957 
0.006528722509784285 
0.00575007035878146 
0.008015657460511803 
0.003495563909491927 
0.002248063678692132 
0.002289588054229842 
0.001807734157601056 
0.004758914326075589 
0.003225866249656718 
0.007339742030869518 
0.00436137469752367 
0.003943880857013309 
0.004622169787418816 
0.00299598697908871 
0.006010924685676478 
0.004564151496260863 
0.003498787251849747 
0.001075174770135632 
0.001226997803306377 
0.004855200600684226 
0.003184463515055289 
0.002029501145577789 
0.001248981073845973 
0.001383379537635402 
0.0008071457263985172 
0.001289113404541205 
0.001675217872325393 
0.004553193078774265 
0.001087885865585531 
0.009838947163650368 
0.00227165378541324 
0.00431530604631687 
0.006653239959684332 
0.003762125431643466 
0.005409400498646886 
0.001451591107520954 
0.01146039082622441 
0.001506142266261965 
0.006749584020274947 
0.005721298085691841 
0.00340505007141003 
0.003487414245068566 
0.003843634602642746 
0.003036646714133598 
0.002943902120607511 
0.003117039969291811 
0.003073610267507094 
0.0007848142832618207 
0.002034501363226229 
0.0008343802670978054 
0.001073002400842897 
0.001530798350794331 
0.002376992220326508 
0.00287968888010746 
0.007897832054310073 
0.006846952196705146 
0.009594113733960446 
0.004720422223847594 
0.002920397849506014 
0.003613968616186125 
0.003024487625112612 
0.002469577612328609 
0.007663046510985013 
0.00446009348864503 
0.006582309312617317 
0.002116188249303123 
0.005565268858326879 
0.005512926442104989 
0.003385194978289334 
0.00341089435864164 
0.001207601165006024 
0.004686873504725387 
0.00346630812364426 
0.0009882487050409746 
0.001311567752442724 
0.00115150532428505 
0.001047762639318027 
0.002683504848185962 
0.003612362950082642 
0.006680879790417252 
0.004042917726331515 
0.005654237269111831 
0.01082488193029407 
0.00728737455023261 
0.00402446966083199 
0.004551360258227202 
0.001616655768801233 
0.004526839831219618 
0.005573086200142173 
0.005824696355603098 
0.002991498338326319 
0.004236915489095175 
0.001546978024270371 
0.001167949229167175 
0.003695145781338117 
0.001623769406974538 
0.004175092936004165 
0.004315284379031402 
0.001232323300029221 
0.001729803631189272 
0.005550354908589589 
0.00172498549588574 
0.004439915298710437 
0.00326197524722471 
0.003773561782039299 
0.001336671398013447 
0.003499745005795021 
0.0037771965392272 
0.005749476270145897 
0.0039493095619601 
0.003621098870282908 
0.003464736033494769 
0.003094564146038594 
0.002958468810563437 
0.001033543401662347 
0.001557887041350473 
0.00466603320054427 
0.001103556548003445 
0.003967682562752154 
0.00434888791439442 
0.004819205102453795 
0.003503118331935368 
0.004018588914392709 
0.003757936954575917 
0.003952012644075946 
0.003744706416706299 
0.001233063294786985 
0.001961489464904825 
0.002565414348607392 
0.003968028628235822 
0.003333119141813771 
0.004249746359451093 
0.003852681762961517 
0.003926726551175254 
0.003801434849792329 
0.002925669462757244 
0.001159704682836199 
0.003825199641414136 
0.002995334312865895 
0.003654181482102202 
0.004492335933683684 
0.003148883293550863 
0.005274570954072157 
0.002432645157825675 
0.002467019290229906 
0.003122966895842036 
0.003718138852735806 
0.00249676952952184 
0.003506753218289018 
0.004616726252869994 
0.003062069455826576 
0.003500972892920496 
0.003438975028746956 
0.0007224096050064006 
0.001564975251422486 
0.003142573503765202 
0.0008230667887733645 
0.008830916953345515 
0.005105704130082788 
0.00354259069297713 
0.003365830899031344 
0.004417156526224773 
0.00423716444572114 
0.005454147834242194 
0.002915262507322671 
0.003622201707648721 
0.004939992387920196 
0.006167543857447876 
0.002213256417544049 
0.001804051505759233 
0.004693976046873915 
0.003974945263520571 
0.004409397608444206 
0.003386966321974549 
0.008751976864184243 
0.00580754620047536 
0.001516976455600293 
0.004908595401312167 
0.01823531619390153 
0.01543312488788821 
0.009397174012642714 
0.007394957449357796 
0.007530460570340048 
0.006257508453565297 
0.007737058610439509 
0.01238590861939599 
0.01098778185824667 
0.007499913136911261 
0.008948086310515017 
0.003129982788386338 
0.007972094156760111 
0.007827102169953099 
0.007748346757354429 
0.00779755515803321 
0.008348268816777842 
0.008675873603103476 
0.008820790299763119 
0.006421915690315901 
0.001891569490408337 
0.002440742449388753 
0.002524894273103524 
0.009443675954245091 
0.01309170891226859 
0.00678739593615969 
0.005432093258842569 
0.001154642940858341 
0.0007169250785898805 
0.001277756531499578 
0.003320885630784747 
0.005170218058679389 
0.006122087274665006 
0.007230612434737292 
0.006506592835775474 
0.006709213911756627 
0.006771789591016333 
0.002498358844057699 
0.004445133926981092 
0.0005464031633856718 
0.0006242102946914638 
0.0007128556740190325 
0.0006322303823113075 
0.003892704005750724 
0.004899572895277113 
0.004970408023197662 
0.003980872749937102 
0.002190578254149565 
0.001779079228656581 
0.001843276097942738 
0.001843747682491866 
0.00103789669212935 
0.0006275004151630474 
0.0006544748194662027 
0.00093270630272838 
0.001616145077967096 
0.003139527034045153 
0.00799505265425615 
0.007209097726412021 
0.005415858194927826 
0.004285908677011723 
0.008484882227082678 
0.006625175803307368 
0.005151260008394232 
0.005657541029632583 
0.004219000321139095 
0.004636238329956519 
0.008110583781548414 
0.008423145412592646 
0.005340582541819876 
0.006390966854179804 
0.007965089646394334 
0.007461747138734544 
0.008855431007379302 
0.005236627465644764 
0.007114177402894905 
0.006290708629315956 
0.007815671453549593 
0.007907961727429086 
0.007910828150777338 
0.009180988134599995 
0.005199404223366129 
0.009850933283285139 
0.00698856273023038 
0.01392477388065404 
0.005373638076645574 
0.001883320229744591 
0.001471175626458483 
0.0005088556829965192 
0.001721700733846512 
0.0007203719356738851 
0.001310909101747139 
0.002583774271204865 
0.003088205734719769 
0.00206098036790556 
0.004607991784279672 
0.003319280375691409 
0.001462466641715568 
0.002055635888248341 
0.0003527903121162141 
0.0002805741362275778 
0.0004993139299014563 
0.0009665513010200484 
0.002134351241751964 
0.005392955337265038 
0.007723819423645212 
0.005794387012554405 
0.00296783696742316 
0.003836087225580531 
0.003760709947339153 
0.007926417395294334 
0.00682305770185716 
0.006641679468395895 
0.004589275781484391 
0.005147480257301304 
0.007700106296122415 
0.006478748322571564 
0.006466275582711923 
0.006692031214135943 
0.006935231313242457 
0.004313894076899638 
0.004772898059223453 
0.004995864840165962 
0.009828721926931485 
0.005421305996881518 
0.004090981995194263 
0.003917044570340413 
0.004265566061026103 
0.0004741057742703621 
0.0005293692240982137 
0.001458679009183113 
0.001610932864740202 
0.002498549319926067 
0.0007273173306497885 
0.002621924275318017 
0.003429740099311005 
0.001083758485403182 
0.001370607581860341 
0.00337728300206932 
0.003730587200094409 
0.001405811704012897 
0.0008341327396098955 
0.001792121897416369 
0.0006837614676448089 
0.003971744877064675 
0.005841175948548447 
0.00981925915548636 
0.004733585120782623 
0.00259467731144876 
0.006081333579494088 
0.006930638393368665 
0.00502833152842626 
0.003257047741543624 
0.005352529394731007 
0.004083914583847011 
0.006535731535826845 
0.006689253953584589 
0.005366328331514189 
0.006558305408312156 
0.005703827600599449 
0.005699294620474929 
0.005466426176253443 
0.00670744687952676 
0.004906029700629663 
0.003953885580180803 
0.003358418913226728 
0.003126811417735091 
0.005403912468856594 
0.003289347887626333 
0.003198251738367398 
0.002755647020063994 
0.001605594060937242 
0.001959530000292619 
0.002436613485219171 
0.001997762580783186 
0.0008810040466798843 
0.002090947352086076 
0.00105026881155341 
0.0005888984092771479 
0.0004113443594308866 
0.003232898413744701 
0.008426602798214815 
0.007196734754283421 
0.008983581277651939 
0.005749957309856535 
0.00467241418317449 
0.003129231138435418 
0.00206680085830109 
0.00115657344385207 
0.002542930400826364 
0.005600690431559866 
0.002979066662431749 
0.003495445028653465 
0.003821605005298217 
0.004872615213324065 
0.004974114778014302 
0.005584896429908135 
0.002607552798731454 
0.003344781799491607 
0.001571077203751708 
0.003717486750391832 
0.004706540595109565 
0.01116571345514416 
0.006024679545162049 
0.005465750102244826 
0.008103427136222013 
0.004089890193473185 
0.00153882859382891 
0.00125180886946449 
0.002139572902196977 
0.003101305168166976 
0.004459203082431132 
0.0113861688066558 
0.01084395760307452 
0.001224593632690167 
0.005389560357048968 
0.00513357478727677 
0.002292719082855915 
0.002172825205149083 
0.003292825725129934 
0.005581146451430067 
0.003474260873280709 
0.001548031138911108 
0.005591030799068046 
0.007560623460154152 
0.003485018932361201 
0.004717408738067632 
0.006374768821046547 
0.005897109584562021 
0.002591266971543794 
0.004162879296151571 
0.002618812060138496 
0.005183887264788098 
0.01006414449885772 
0.008784911033810728 
0.003636103748187027 
0.002181017289467107 
0.009336018158898189 
0.00267896928089651 
0.003604032797397708 
0.002424197857219838 
0.004327885426627955 
0.005301925312381107 
0.002576383613128268 
0.001093874140102555 
0.002168401619429041 
0.001625990428926476 
0.005225240255927485 
0.004760037430756822 
0.005317031686625512 
0.005513778162921701 
0.006439964265847914 
0.005358614432238371 
0.005785838010510898 
0.005693596318873085 
0.006341150484279264 
0.003941281493450546 
0.004278819741363563 
0.001254285130137086 
0.0007118871971948757 
0.002002443077186432 
0.002103171921726756 
0.001542499657721793 
0.001318767353424804 
0.003040976977511834 
0.005434040001867535 
0.005331494302096141 
0.006138450335054112 
0.002272962797730169 
0.0007956673343329358 
0.001557040437252701 
0.0006785185637656499 
0.00561300060610115 
0.003610224877050771 
0.008638073025369597 
0.007769990305637784 
0.005286344407892087 
0.00268571601340138 
0.002213191509738802 
0.006228307129726834 
0.002732604108835565 
0.002004449134801914 
0.0009854492227436965 
0.001581257176212776 
0.001131900106333328 
0.005648819640692938 
0.003803007045342803 
0.002926596130796342 
0.005776537683530298 
0.005681933482597161 
0.004952905186016546 
0.008124029413956426 
0.005697940396462484 
0.003329384550394537 
0.005710724954708105 
0.005550352973118966 
0.005168379289899643 
0.003203105981902766 
0.005911399993218047 
0.00368630184067976 
0.005455415853885899 
0.005369307299066525 
0.004590754897278638 
0.002280449362024578 
0.001899887071131326 
0.005078238130863218 
0.002530468687133325 
0.003002123057763104 
0.003825158861890578 
0.004917155306820506 
0.002183690388770439 
0.001455808717491079 
0.001089546521143854 
0.005524465069437834 
0.003219308084514488 
0.00566842657848462 
0.00551326575481744 
0.006331150072449366 
0.004719460462861214 
0.004558239911547285 
0.002535511484218721 
0.003179999649715592 
0.002459428713810391 
0.001712193347815707 
0.002660010921829775 
0.003571738711258086 
0.00388331398658059 
0.006047622700671424 
0.003255986516228437 
0.004614687006266431 
0.003104371093722192 
0.005463643880553298 
0.003173660995138559 
0.003647378412907929 
0.003355899296714672 
0.003763623272977183 
0.004433828372039541 
0.003986268687452959 
0.003948035704647056 
0.005016897335252695 
0.00279854192399547 
0.005631445934586966 
0.004638361771568946 
0.003622831824708822 
0.004391933711416789 
0.002507865685682219 
0.005009965506109573 
0.004853246203695202 
0.002751655039283588 
0.004639260727380133 
0.005806375675946476 
0.006159614018081794 
0.003207550127793221 
0.003383236655401465 
0.004452250004249232 
0.004266602234292714 
0.005434355945157598 
0.002744984699660322 
0.00549736478970018 
0.0003698223363212615 
0.009189224600843097 
0.0005504738730490587 
0.0004052325069851336 
0.00228113942438847 
0.001683190443029124 
0.0008043547707340292 
0.0005153232727151143 
0.002624955733060079 
0.00395607097098232 
0.002803210067845119 
0.002868436354022074 
0.004828098741779928 
0.00423751887144955 
0.006244417474795171 
0.004431388845943548 
0.003864424608948383 
0.002780863589483972 
0.003309555642178858 
</DataArray>
<DataArray type="Float64" Name="Eta_mix" NumberOfComponents="1" format="ascii">
1.023184119264974 
1.036692423245026 
0.8444000741614679 
0.5779453872512018 
0.5131538336538638 
0.8907482007526455 
1.006358481548239 
0.8135316087978692 
0.4808955623596479 
0.704991153751668 
1.562414859032736 
0.7643407257075561 
0.6356434964057436 
0.4336807398852131 
0.7040576274974945 
0.1564716778053732 
0.2847058945430478 
0.2479326568953267 
0.2681584975748602 
0.3755159214607844 
1.581750795800497 
0.765078713553806 
0.6362826489442061 
0.4329135156106163 
0.7030197419776543 
0.8929606960357301 
1.015156709420683 
0.8227335232131245 
0.4784125549532847 
0.7063377994475787 
0.9672211351730891 
1.000814875217707 
0.7961681994652574 
0.456456895401546 
0.4829356681962705 
1.106522251968476 
1.782180733371302 
1.708384011417027 
0.9778733122466519 
1.712029124982086 
1.779940014297063 
1.155857138531388 
2.391981084884007 
3.202436085051111 
2.957364194091846 
1.859231525558171 
2.969705488448374 
3.203253604964322 
2.468224768375586 
3.38704396126394 
3.950713413800623 
3.333005412302851 
2.011056606230621 
3.354256728342036 
3.955901476276396 
3.328748659405098 
3.688377059614058 
3.845524686127132 
2.942889164659843 
1.702911788078812 
2.969884297806479 
3.853917905385838 
3.870558480927838 
3.667165531306768 
3.291942127333902 
2.336553837311134 
1.320765043543867 
2.366433520599419 
3.303387996715279 
3.593446926820674 
3.133976548780528 
2.613449845383387 
1.771189355543507 
1.033898942608048 
1.79862978224764 
2.629281514495085 
3.097235677744006 
2.570243871370068 
2.002146058780039 
1.346234843727707 
0.8652432041034128 
1.362630190566944 
2.012766878225142 
2.531104099638287 
1.972401155772495 
1.513807047559314 
1.058581295516698 
0.7814332595109219 
1.067617533568895 
1.523712845126897 
1.970567637250661 
1.55466366366185 
1.148488140437344 
0.8776959716381185 
0.7438640364346555 
0.8875770385689828 
1.168203135081292 
1.524981698843525 
1.274361029356897 
0.917052246478283 
0.7800929393425899 
0.7286331268872001 
0.7885397508001474 
0.9289663553221051 
1.202589331974863 
1.054707076268661 
0.7851141729436776 
0.7346292137621911 
0.7231700293703429 
0.7405782725440259 
0.7916673628183556 
0.9504941248789627 
0.8570193437225788 
0.7159075755410504 
0.7161511451608912 
0.7216887646040331 
0.71880702536682 
0.7187938882020214 
0.7785525185369143 
0.6764327253818898 
0.6859247755881667 
0.7107077327403682 
0.7223221704397883 
0.7093445507974764 
0.6792256639704831 
0.6671772757627703 
0.5948042785351725 
0.669799216573557 
0.7103024078086011 
0.7247416109781468 
0.7075726209251187 
0.6641070867057647 
0.6214231244036071 
0.6402294716167862 
0.6651234298447501 
0.7127986770800733 
0.7291176348868437 
0.7118653288272838 
0.6647437753751368 
0.5926694654423468 
0.7375560857488666 
0.6770731215207827 
0.7214972274150969 
0.7376448361568199 
0.7234046694892459 
0.6788341474639425 
0.6101242393777706 
0.8055242292112 
0.7102336928041765 
0.745385783449302 
0.7585396070801015 
0.7514873641656421 
0.7174222699381387 
0.6825961144729152 
0.8424728097911179 
0.7869425803207726 
0.8053523312830392 
0.8110175141660759 
0.8157095226936687 
0.8217965224145363 
0.8715566490593889 
1.21520112870449 
0.9509660517831608 
0.9281819785272208 
0.9261041002849609 
0.9343249413504501 
0.9825429118834822 
1.318398183986848 
1.629839774612662 
1.018563255297017 
0.9860757957715489 
0.9766601895429597 
0.9827890684683361 
1.008528752413973 
1.83170415816668 
1.540926337134538 
0.7513336169770753 
0.8194174564070869 
0.1685853551139076 
0.495832519405724 
0.7283712437719377 
0.2628185165003653 
0.5243755625131771 
0.6974432734461463 
0.2950500558210896 
0.5399631406909011 
0.6769147103720546 
0.2962477936017223 
0.5278463619139677 
0.6479805987238942 
0.2853364869505565 
0.500576218145673 
0.6028957895018986 
0.2686135570635386 
0.4669286824901078 
0.5526814031439168 
0.249571358573949 
0.4316585654930246 
0.5093546408227724 
0.2286932887191193 
0.396718694419019 
0.4705215387035888 
0.2071215272009465 
0.3609113183404287 
0.4290714119101817 
0.1854472557509037 
0.3253930846009567 
0.3888293790379078 
0.1647367337177494 
0.2910039509613023 
0.348641471953972 
0.1451377449860405 
0.2574494808835828 
0.3199224940176457 
0.1254496031591082 
0.2252434548673775 
0.2748672424416295 
0.1074385995530584 
0.1957491808975729 
0.2436980404973846 
0.09023816327713448 
0.1675703051012343 
0.213686017229055 
0.07460375222418614 
0.1407364561311919 
0.1895320552654614 
0.060368104500073 
0.1160009305209949 
0.1596322132059715 
0.04802845087643032 
0.09450570395194251 
0.1317657850516306 
0.03757863118444285 
0.07511525050868645 
0.09665188879481454 
0.02834661060347719 
0.05697475408389457 
0.07356324582037664 
0.02070333869667807 
0.0399362320720121 
0.05393702778147451 
0.01570136047305216 
0.02641558377916787 
0.03968680021247447 
0.01194945938923761 
0.01679177229754794 
0.02624373630740783 
0.0101606193994018 
0.01080754233720953 
0.02063186885063853 
0.8649975447598327 
0.7501263639709558 
1.521091367489033 
0.7639115518248832 
0.4956029557727878 
0.1693281387636442 
0.7414467811076989 
0.5250506884870219 
0.2633801140839223 
0.7168101417813864 
0.5408747182349543 
0.295740848477367 
0.6893414280597946 
0.5290895877301151 
0.2968828768464517 
0.6286006658169563 
0.5015659872085695 
0.2855138996902912 
0.5824601558989887 
0.466124303969053 
0.2681463631508403 
0.5274879742862953 
0.4281871594260132 
0.2477859491627158 
0.4702273091754465 
0.3916296350992327 
0.2263949808573536 
0.4276705820419118 
0.3574784075042935 
0.2051181576566347 
0.3974814877016472 
0.3240962428864465 
0.1843169810913539 
0.3585470960323897 
0.2914379581143224 
0.1644368096008434 
0.3106833775858088 
0.2590324890047114 
0.1454942354061146 
0.2762148042209084 
0.2272143386047379 
0.1264211598324375 
0.2457755309447003 
0.1978833886846033 
0.1086754637272131 
0.2301915583979093 
0.1703338507936766 
0.09177550568209372 
0.2061329910825301 
0.1447492072324149 
0.07608338676163716 
0.1661351891238411 
0.1191746104234429 
0.06221573341526209 
0.1278901754315936 
0.09455361863014218 
0.04868373212803474 
0.09557404290669781 
0.07294220134298134 
0.0369672233515182 
0.07417155503958091 
0.05605512313675623 
0.02783657478415587 
0.05527164514581476 
0.04011677784176461 
0.02059473939721177 
0.03913892233915366 
0.02639905972654392 
0.01561215603041877 
0.02677143971855691 
0.01686451897017757 
0.01192500285103042 
0.01850729520884167 
0.01114167259063185 
0.01023233394891599 
0.01079999954640001 
0.02476234898212436 
0.07180902386255598 
0.1046875427915013 
0.1183845961911607 
0.1229729772183742 
0.1208623321933397 
0.1140457612406897 
0.1048893115700986 
0.09495752790010953 
0.08522538700804561 
0.07598830995712802 
0.06770170845306835 
0.05595975193231696 
0.04643911153376928 
0.03830199095084721 
0.03122249642826067 
0.02480646238782452 
0.01953700148084629 
0.01549254008364122 
0.01277436344278619 
0.01149909040556997 
0.01100376147790233 
0.01086984965262142 
0.01080850791009612 
3.522057705059539 
1.940550309982059 
1.026715816488687 
0.4714464596687767 
2.321357778405525 
1.492345854321256 
0.9931565156475944 
0.9110760708273502 
1.013363637309528 
0.4971486658791933 
0.7045028054400069 
1.269900392099723 
4.186215851282191 
1.830493913066981 
2.276488278090326 
2.955626920898069 
3.602707937713676 
3.911325628402166 
0.578160639774955 
4.206328860058148 
7.217846754785307 
4.121025923265223 
2.118590576203186 
2.38854850369857 
1.171130861745267 
1.138596804068023 
1.001831608988008 
0.4270989952806958 
0.7134679799838624 
0.7871684221629992 
3.44569183759114 
4.55765404061624 
0.1584927661187475 
0.1019696755770939 
0.1672815700104873 
0.2922847828598314 
0.4788448126910375 
1.128150663152891 
1.074758544058597 
1.284163343277122 
0.9851513277309769 
0.8673896564307817 
0.730497777580969 
0.6970188026798044 
0.6124032921808987 
0.5579420584127323 
0.514297414648996 
0.488268770075088 
0.4417049873678854 
0.4083490295641595 
0.3761397690619989 
0.3055883781183066 
0.2884814363695947 
0.2431620107581124 
0.1999343195527602 
0.1767208985006662 
0.1216122464950597 
0.1150730035550376 
0.1544708412820828 
0.9276216498769397 
0.8492352883929332 
0.5590905602486534 
0.7142691298045518 
0.8797735577906196 
0.7796406564475089 
0.7987913146951454 
0.7829115499897187 
0.7095562632954364 
0.6679366250423225 
0.4862918292596588 
0.4865238820314011 
0.4776105584271893 
0.177717998338257 
0.3636428106487998 
0.3254258369957732 
0.6864838016691468 
0.6487851905817729 
0.8550467458254661 
0.6356612078329703 
0.5915864690777826 
0.5006907991513748 
0.4779316077655014 
0.1222012350342107 
0.1168031331136723 
0.1521007697554503 
0.1459613836037268 
0.09366199963635424 
2.2727128781935 
2.035237935705325 
0.889796106242613 
2.499338437396329 
3.002235980429558 
0.6919685957369716 
0.9613472129308583 
1.590007347253526 
0.8439381797922028 
2.27411471761959 
1.596025255566999 
2.505436502092844 
3.315083186598697 
1.947703017360792 
2.249250301509167 
0.9284410928384086 
0.77329489830022 
0.6476891202913237 
1.843230068669775 
0.5320663080347621 
0.3004682394107644 
0.08561214688680521 
0.1637540614464955 
0.1727417158940787 
0.4531985113509515 
0.4533798149029532 
0.534473129027684 
0.4851197382231194 
0.3455217083934323 
0.2865877655616525 
0.4620020336090603 
0.5906152480045107 
0.5448560906645874 
0.4475580875786836 
0.6057818377283516 
0.6205460765118916 
0.2081211251866018 
0.2976246716470128 
0.2112800885774803 
0.2224424271501718 
0.619905536131244 
1.074122547510663 
0.8491708220764507 
0.8702532635335593 
3.692789443260816 
1.189185392599762 
2.284841768634417 
2.218354669776844 
2.202819379419936 
3.623199618243082 
1.977636633070412 
3.314759790677409 
4.177895360038181 
1.572079071419991 
3.076466821806676 
0.7572547044836747 
1.594988143543166 
1.998934466447787 
0.9116852465673064 
0.08867579733741811 
0.9890980749890231 
0.9894176712384304 
0.9335012287715994 
0.4131983370414886 
2.928697591092652 
1.819962501326181 
0.5425383557650143 
0.5458229271407943 
0.5730239553792161 
0.5601817016320155 
0.3820724587145816 
0.617812288928716 
0.5568109744404405 
0.3769271478998831 
0.3134997516837 
0.3790559435394433 
0.2093552253692598 
3.021281185956006 
0.5081855424898071 
2.646701525372983 
1.580839977380725 
2.245833818190493 
2.492536850165559 
2.745211028067915 
2.354079475694754 
1.227289812446149 
3.191494487043093 
1.837594580699166 
0.9154360596616149 
2.299749068827871 
2.312413201142046 
3.135342651886104 
1.851465084672345 
0.3104606936467277 
0.3207677234347874 
0.4854917752638516 
0.4736161612439415 
0.4842684460497536 
3.726710700338899 
3.272673608681466 
0.7087410594135126 
0.9216508411919612 
0.5355956671421631 
0.3396352258308741 
0.4120804424789896 
2.515137004029467 
1.756006362445494 
2.763600985970406 
2.100613900542486 
1.291205955177482 
0.5759568665714706 
0.8928366145495578 
2.749651710472921 
0.4145138887502948 
0.180937319186933 
1.979605081098039 
3.111563693931503 
0.2218302670609361 
0.3257377075192745 
4.079562223384478 
1.312813543069427 
2.268055815067513 
0.2786306040429101 
2.955166790396047 
0.336597477741682 
0.8897464766387956 
0.3090673855951006 
1.794018862216862 
1.253775297166823 
2.612582758711903 
2.683895335512705 
0.3670977887656627 
0.2791739210339922 
0.2737613531801998 
0.8962748651114734 
0.7593640590447092 
0.7007452085506667 
1.974189853918842 
0.8045500264165176 
0.5403907842454032 
1.670738482027343 
2.907357236647928 
1.844356748481497 
0.6746074170734081 
0.5295075414075795 
6.809054242665439 
1.651376991978224 
1.279409504209741 
1.553407265873618 
0.7486274549540332 
1.246227091487528 
3.844884967107591 
1.244347495660272 
0.3507166628521776 
1.040329240986728 
0.5827557918606405 
0.8708954211406277 
0.9624247888876761 
0.8137697203262179 
2.941291982994828 
0.453725658197887 
0.8715726998815697 
0.6740388481238521 
0.738123776657985 
0.7141337638109425 
0.675089847041232 
1.249310569864942 
3.52304881896352 
2.434672589750439 
2.637546844527683 
2.765565805114852 
1.699131308118393 
1.723383816575119 
2.164729727591916 
2.069675345870478 
2.6626588154282 
0.6119351272986917 
0.9329254136082078 
0.6533892499537326 
0.4590546424940959 
0.4519741129419248 
0.3295336872577295 
0.8798394700278491 
1.07825017505035 
6.537816298343563 
2.710829844163837 
0.5989876432557623 
0.617865085169543 
0.4327357442136338 
1.472863253530724 
0.5237881939917138 
0.817436054329624 
1.285554823205697 
1.134717095530205 
2.100041281094863 
6.092453594537274 
4.863045985448431 
2.073001863428004 
1.143722478603095 
2.838062196689123 
2.078078806536568 
6.484030028805451 
0.2676217395271544 
0.4245239066201369 
0.7349246295778891 
0.745061700130371 
0.4587746882809228 
0.512461236140032 
0.3115264116230622 
0.5081928271860887 
2.00295052673089 
0.897640527158218 
0.8874982393295606 
0.3978239821842923 
1.801804209494473 
3.821370291424728 
1.625934703332123 
2.427103249248745 
1.405328162442534 
2.066943065362575 
4.639729925664866 
0.4640208738839641 
2.093428590522766 
3.103333339190431 
0.4663805175120274 
4.142788144777155 
0.6635641635361458 
0.982791129712172 
0.7241066589813404 
1.936902964451911 
1.570379090715264 
2.419712304273836 
0.4556113180353086 
1.049018919325279 
0.9448839175473966 
2.133789399603149 
0.323732070509993 
3.265780568978424 
1.58376705642814 
2.597308659560706 
0.8475798464050325 
2.29616813218273 
0.8520559376937624 
0.4225468664225506 
0.3938600325501872 
2.882034682956083 
2.566489021200789 
1.748987535830175 
5.890484621610344 
0.9889708352943147 
1.720400376332614 
4.04709410722584 
3.956403177279221 
0.7050247659781383 
1.238927630742273 
0.5583136383988621 
3.834510625930282 
2.267214899817028 
3.87937397860661 
5.8258800759048 
2.044957894738933 
1.605912955895939 
1.175479188271217 
6.643242508105762 
1.030483043761862 
1.529242356470327 
4.096132844968885 
3.940854249680586 
0.9849025341462694 
6.98869132059243 
6.878279777703376 
0.985312367326856 
1.124921258873012 
2.94514126588569 
0.9070265594237368 
1.484778278009378 
2.359242751575909 
0.8618889593549008 
0.8711909957575629 
0.851688061652507 
0.992766043061596 
0.2081659084494613 
0.5930243102437879 
0.7551535523694981 
0.6780489508010743 
0.6620512493258549 
0.5701605376454985 
1.067624370724966 
0.6810626629005676 
1.710200140308885 
1.124584044146214 
1.365149817655924 
2.300619570507368 
2.081242713301971 
0.3637035496611229 
0.8036725253630504 
1.3905386170434 
1.444315361563889 
0.9465454714089888 
1.125548174905334 
1.812969375395854 
0.8626292322193976 
0.1146904743756115 
0.2088542724604291 
0.09192816267616025 
0.1200759025974761 
0.1099678308608664 
0.1029120241193315 
0.1219391299118417 
0.2776696604701055 
0.3169243998483574 
0.2776025693464897 
0.2997959759506768 
0.1241695759256684 
0.3873515331159303 
0.4312517549744048 
0.4690346984627663 
0.5182440261921063 
0.6893329738861518 
0.7911708273338937 
0.8713610005122089 
1.250486269961458 
0.5316904621426818 
0.9002223181768773 
0.9675370553190393 
0.2802052928640811 
0.3802426562273439 
0.1390492863807178 
5.785154373382359 
3.503112442356116 
2.222923153409603 
3.10448812276104 
3.681249274889889 
0.6726386966404981 
1.135625522368827 
0.6644419480182164 
0.3903838199535085 
0.2984798096717711 
0.3120093798962587 
0.8741779880949313 
3.767017737532973 
0.5726773838102953 
0.5443879274473536 
0.7991495480576021 
0.5394899129067227 
5.436013409925869 
6.741392294989367 
1.154132033508718 
3.084002719137448 
3.749327098458998 
3.455321142180682 
2.478655226764937 
2.061958442615853 
1.105900024828104 
0.5913955802148593 
0.5719630702291367 
0.6720156414551884 
1.053703498617002 
2.160410578771371 
1.118448009026288 
1.253799833341601 
0.9346353287941435 
0.8825810266611929 
1.035788513992307 
1.116949388221502 
0.9692706187037536 
1.1003696811843 
1.844935493938884 
2.213848695101726 
0.3340523565610957 
0.30588376466531 
0.3827113585685249 
0.4424278429387971 
0.5926581555960924 
1.064607287047687 
0.9110614777011293 
1.002468896778352 
1.062940792861998 
0.4620989893916381 
0.8420541849038177 
0.9083228571885124 
0.09755587176751175 
0.3063187343198072 
0.2851386455837107 
0.3043493182590814 
0.2784523574965506 
0.1148318867454067 
0.07887325307660098 
2.974134759283857 
2.274973380213088 
1.215663308289461 
1.482260183719557 
0.6893201485495849 
1.679400625406015 
3.579613190462349 
3.213956290708872 
3.535414708434275 
1.306746098660429 
3.408834145250539 
1.675294142204023 
3.011996864636758 
0.4272009750645487 
0.8817210878868669 
0.55589821526294 
1.110175884604349 
2.713581586452684 
0.9491939955330669 
0.9573226618303331 
0.958715150979932 
3.406326126852556 
0.8364258721027261 
2.755965821936527 
0.1887357468667106 
0.1426769165636846 
0.3442344776215004 
0.3739897841204288 
0.2456470363883197 
0.7767718500775496 
0.504508604703877 
0.9140461625700093 
0.7488423154011297 
0.8227443811035954 
0.3601460629704733 
0.9146580809807916 
0.3283850364388221 
0.3215391059460435 
0.337301530961031 
0.1455913225348472 
0.3843614111767166 
0.991522749568499 
0.6663330834927698 
0.8031792995998843 
2.143437489632557 
2.308119908582716 
2.785618893180448 
2.683566164515433 
3.468078847341093 
2.286818503495035 
1.855874572320493 
1.884362975539714 
0.7731864315059035 
1.805455053174458 
2.624948189157998 
2.229943740610826 
1.477460776702434 
1.048363714277301 
1.374499885173858 
0.106407592634056 
0.367941199351909 
0.9655723988161578 
0.5641568150336528 
0.8432205447088188 
0.8921283003180057 
1.421730641270937 
1.245282320092535 
0.5103390309980493 
0.2369484995310565 
0.2489141716364819 
0.6502676560455103 
0.6700232951893299 
0.8775360494099413 
0.6219765997674163 
0.7336498166264908 
0.5668953026804475 
0.820685770539925 
0.3161296243028215 
0.2150283040670568 
0.1528698182746197 
2.869395934272957 
0.7837422516902016 
2.403064857089183 
2.23110726951459 
1.94045508244017 
2.111929551094903 
2.444516158831937 
1.745798779839349 
2.286153260028709 
1.099463819352218 
2.166186217622738 
1.467918702928236 
1.059861626397361 
0.4551567351339834 
1.816298892629523 
0.2825588713956346 
0.2603280537567293 
0.09560670493447758 
0.6701331332064847 
0.1881625398879989 
4.106993333142974 
2.375532690098839 
1.199046847432701 
1.401367057331091 
0.9328261304925718 
0.7365797762848602 
0.1952746741774042 
0.2912049405462843 
0.5028192924134238 
0.7581347147638796 
0.4960750024264755 
3.655985318230209 
3.059152601376529 
1.952002348145562 
0.9540554039815825 
1.003796035707218 
0.439267193696493 
0.2414540193806049 
0.240756870784282 
0.5251346450093736 
0.8338425959403557 
1.264976810749103 
1.616568950723713 
1.912244135738108 
1.022432124653248 
0.2058038780294405 
0.4393695184643552 
0.3800534528455219 
3.133950072666504 
0.2392719563065633 
0.2334240349248153 
0.7424835079060088 
0.3177672632701368 
0.1654409649581308 
0.6652547529016346 
0.615483874899579 
2.267917202909043 
1.456930568002261 
0.7398628880115982 
0.4320178404984024 
0.6399954824956752 
0.7525657862888813 
1.149051483359993 
1.705634694512312 
3.840634564873445 
1.102361547237632 
0.4208660586955975 
0.1940602691329318 
0.3365930372076009 
0.2449796792494898 
0.742812967087453 
0.4671197137461574 
2.82680673838864 
1.111724294275351 
0.8454611466632315 
0.4117119425496157 
4.062417511518168 
2.2296015824197 
2.015947796468373 
3.787247268536646 
5.528906300883902 
0.2017482965290832 
0.2418686605363487 
0.6430033800999428 
0.6078745745227639 
0.73446005851173 
4.020849325403599 
0.9600923466155207 
0.5440620943464782 
0.3469600650361698 
0.6406530549782604 
0.3606349373422894 
2.6043786982988 
0.8815558010540984 
2.219284393895584 
6.687607123231533 
4.741824556193691 
1.371970532814442 
0.1314271931866081 
2.325567023187296 
1.992565007525905 
0.8139694546859724 
2.175303629697023 
2.143616954817268 
1.499871448087325 
0.7370103393407136 
0.3636436153971835 
0.4649563657516356 
0.5175961086956157 
0.9515994605617497 
0.4281104158650094 
0.4463162830443373 
0.5353097170440906 
0.6469972220304004 
0.92597199304702 
6.661727831679983 
1.30964923696546 
1.296624722898441 
0.8425626964541498 
3.743397921109833 
1.882752495437372 
0.1395672694044073 
0.3434315890374863 
0.9594947561529141 
5.036258850776794 
0.8218975119672491 
1.812133579010546 
0.3254461559033366 
0.9288297166885945 
1.022551022992645 
4.83925206982598 
4.199242611839454 
0.3218980028801174 
3.235693337463869 
3.575583372079256 
2.95874479517849 
0.3373393860867445 
0.3938014890432116 
0.6317162806646375 
4.435696713645192 
2.624995888379397 
8.734319479699977 
0.2760522334726488 
4.698928728489055 
1.862146871117016 
0.858054352655112 
1.830244835928235 
1.5367777618269 
1.125363573716315 
1.543669222654907 
4.812286517897498 
0.9246949357255247 
4.657971491439329 
3.962784844697612 
0.2760455098796376 
0.3054708115160254 
0.7207003563352937 
2.615117638308445 
8.443902065090461 
0.2923622423852712 
4.78403855249879 
2.937630984822359 
5.709762904437246 
5.298527883206346 
3.537650169885897 
2.711373817370442 
0.2388497064802112 
0.648973723127134 
1.09837050187392 
0.2197909700930854 
8.098406128114943 
0.8303102100799349 
4.08366974098299 
4.684824458527966 
0.3328471173843649 
3.084230373331958 
4.821187619578305 
1.267601641470952 
8.90867296921828 
3.235337277746447 
2.463865640936703 
1.290213698917746 
1.03423377091473 
7.821585019152189 
3.903267512948277 
4.995088652707572 
0.8696723816155203 
1.043757189313872 
6.70752562473561 
7.674711398001739 
2.484289685944063 
0.8329522151425702 
0.100084199361363 
0.436303593141766 
0.302576791126958 
0.6376628923961338 
0.5109965284757785 
1.696985486119877 
2.133589174421554 
1.682299164249799 
0.6654930705406145 
3.251360905237614 
0.1776322596775133 
3.356238979228618 
3.13500093002063 
0.8902836552298479 
0.2746786762312278 
0.4099244537007292 
0.2680063938486674 
2.09464538747263 
1.374393382401765 
0.3481914992214368 
</DataArray>
</CellData>
</Piece>
</UnstructuredGrid>
</VTKFile>
