<?xml version="1.0"?>
<VTKFile type="UnstructuredGrid" version="0.1" byte_order="LittleEndian">
<UnstructuredGrid>
<Piece NumberOfPoints="1157" NumberOfCells="1117">
<Points>
<DataArray type="Float64" NumberOfComponents="3" format="ascii">
0 -0.0599999987 0
0.0198084321 -0.0599999987 0
0.0396168642 -0.0599999987 0
0.0594252981 -0.0599999987 0
0.0792337283 -0.0599999987 0
0.0990421623 -0.0599999987 0
0 -0.043333333 0
0.0198084321 -0.0432380959 0
0.0396168642 -0.0431428589 0
0.0594252981 -0.0430476181 0
0.0792337283 -0.0429523811 0
0.0990421623 -0.042857144 0
0 -0.0266666673 0
0.0198084321 -0.0264761914 0
0.0396168642 -0.0262857135 0
0.0594252981 -0.0260952376 0
0.0792337283 -0.0259047616 0
0.0990421623 -0.0257142857 0
0 -0.009999999779999999 0
0.0198084321 -0.00971428584 0
0.0396168642 -0.00942857098 0
0.0594252981 -0.009142857040000001 0
0.0792337283 -0.00885714311 0
0.0990421623 -0.008571428250000001 0
0 0.009999999779999999 0
0.0198084321 0.00971428584 0
0.0396168642 0.00942857098 0
0.0594252981 0.009142857040000001 0
0.0792337283 0.00885714311 0
0.0990421623 0.008571428250000001 0
0 0.0266666673 0
0.0198084321 0.0264761914 0
0.0396168642 0.0262857135 0
0.0594252981 0.0260952376 0
0.0792337283 0.0259047616 0
0.0990421623 0.0257142857 0
0 0.043333333 0
0.0198084321 0.0432380959 0
0.0396168642 0.0431428589 0
0.0594252981 0.0430476181 0
0.0792337283 0.0429523811 0
0.0990421623 0.042857144 0
0 0.0599999987 0
0.0198084321 0.0599999987 0
0.0396168642 0.0599999987 0
0.0594252981 0.0599999987 0
0.0792337283 0.0599999987 0
0.0990421623 0.0599999987 0
0.5 0.008571428250000001 0
0.5 0.0257142857 0
0.5 0.042857144 0
0.479952097 0.0599999987 0
0.459904224 0.0599999987 0
0.439856321 0.0599999987 0
0.419808447 0.0599999987 0
0.399760544 0.0599999987 0
0.379712641 0.0599999987 0
0.359664768 0.0599999987 0
0.339616865 0.0599999987 0
0.319568962 0.0599999987 0
0.299521089 0.0599999987 0
0.279473186 0.0599999987 0
0.259425282 0.0599999987 0
0.239377409 0.0599999987 0
0.219329506 0.0599999987 0
0.199281618 0.0599999987 0
0.17923373 0.0599999987 0
0.159185842 0.0599999987 0
0.139137954 0.0599999987 0
0.11909005 0.0599999987 0
0.5 0.0599999987 0
0.439856321 -0.0599999987 0
0.5 -0.008571428250000001 0
0.5 -0.0257142857 0
0.419808418 -0.0599999987 0
0.5 -0.0599999987 0
0.17923373 -0.0599999987 0
0.299521089 -0.0599999987 0
0.5 -0.042857144 0
0.479952097 -0.0599999987 0
0.459904224 -0.0599999987 0
0.319568962 -0.0599999987 0
0.199281618 -0.0599999987 0
0.11909005 -0.0599999987 0
0.139137939 -0.0599999987 0
0.159185842 -0.0599999987 0
0.219329506 -0.0599999987 0
0.239377409 -0.0599999987 0
0.259425282 -0.0599999987 0
0.279473186 -0.0599999987 0
0.339616865 -0.0599999987 0
0.359664768 -0.0599999987 0
0.379712641 -0.0599999987 0
0.399760544 -0.0599999987 0
0.11909005 0.042857144 0
0.11909005 0.0257142857 0
0.11909005 0.008571428250000001 0
0.11909005 -0.008571428250000001 0
0.11909005 -0.0257142857 0
0.11909005 -0.042857144 0
0.139137954 0.042857144 0
0.139137939 0.0257142857 0
0.139137939 0.008571428250000001 0
0.139137939 -0.008571428250000001 0
0.139137939 -0.0257142857 0
0.139137939 -0.042857144 0
0.159185842 0.042857144 0
0.159185842 0.0257142857 0
0.159185842 0.008571428250000001 0
0.159185842 -0.008571428250000001 0
0.159185842 -0.0257142857 0
0.159185842 -0.042857144 0
0.17923373 0.042857144 0
0.17923373 0.0257142857 0
0.17923373 0.008571428250000001 0
0.17923373 -0.008571428250000001 0
0.17923373 -0.0257142857 0
0.17923373 -0.042857144 0
0.199281618 0.042857144 0
0.199281618 0.0257142857 0
0.199281618 0.008571428250000001 0
0.199281618 -0.008571428250000001 0
0.199281618 -0.0257142857 0
0.199281618 -0.042857144 0
0.219329506 0.042857144 0
0.219329506 0.0257142857 0
0.219329506 0.008571428250000001 0
0.219329506 -0.008571428250000001 0
0.219329506 -0.0257142857 0
0.219329506 -0.042857144 0
0.239377409 0.042857144 0
0.239377409 0.0257142857 0
0.239377409 0.008571428250000001 0
0.239377409 -0.008571428250000001 0
0.239377409 -0.0257142857 0
0.239377409 -0.042857144 0
0.259425282 0.042857144 0
0.259425282 0.0257142857 0
0.259425282 0.008571428250000001 0
0.259425282 -0.008571428250000001 0
0.259425282 -0.0257142857 0
0.259425282 -0.042857144 0
0.279473186 0.042857144 0
0.279473186 0.0257142857 0
0.279473186 0.008571428250000001 0
0.279473186 -0.008571428250000001 0
0.279473186 -0.0257142857 0
0.279473186 -0.042857144 0
0.299521089 0.042857144 0
0.299521089 0.0257142857 0
0.299521089 0.008571428250000001 0
0.299521089 -0.008571428250000001 0
0.299521089 -0.0257142857 0
0.299521089 -0.042857144 0
0.319568962 0.042857144 0
0.319568962 0.0257142857 0
0.319568962 0.008571428250000001 0
0.319568962 -0.008571428250000001 0
0.319568962 -0.0257142857 0
0.319568962 -0.042857144 0
0.339616865 0.042857144 0
0.339616865 0.0257142857 0
0.339616865 0.008571428250000001 0
0.339616865 -0.008571428250000001 0
0.339616865 -0.0257142857 0
0.339616865 -0.042857144 0
0.359664768 0.042857144 0
0.359664768 0.0257142857 0
0.359664768 0.008571428250000001 0
0.359664768 -0.008571428250000001 0
0.359664768 -0.0257142857 0
0.359664768 -0.042857144 0
0.379712641 0.042857144 0
0.379712641 0.0257142857 0
0.379712641 0.008571428250000001 0
0.379712641 -0.008571428250000001 0
0.379712641 -0.0257142857 0
0.379712641 -0.042857144 0
0.399760544 0.042857144 0
0.399760544 0.0257142857 0
0.399760544 0.008571428250000001 0
0.399760544 -0.008571428250000001 0
0.399760544 -0.0257142857 0
0.399760544 -0.042857144 0
0.419808418 0.042857144 0
0.419808418 0.0257142857 0
0.419808418 0.008571428250000001 0
0.419808418 -0.008571428250000001 0
0.419808418 -0.0257142857 0
0.419808418 -0.042857144 0
0.439856321 0.042857144 0
0.439856321 0.0257142857 0
0.439856321 0.008571428250000001 0
0.439856321 -0.008571428250000001 0
0.439856321 -0.0257142857 0
0.439856321 -0.042857144 0
0.459904224 0.042857144 0
0.459904224 0.0257142857 0
0.459904224 0.008571428250000001 0
0.459904224 -0.008571428250000001 0
0.459904224 -0.0257142857 0
0.459904224 -0.042857144 0
0.479952097 0.042857144 0
0.479952097 0.0257142857 0
0.479952097 0.008571428250000001 0
0.479952097 -0.008571428250000001 0
0.479952097 -0.0257142857 0
0.479952097 -0.042857144 0
-0.400000006 0.009999999779999999 0
-0.379999995 0.009999999779999999 0
-0.360000014 0.009999999779999999 0
-0.340000004 0.009999999779999999 0
-0.319999993 0.009999999779999999 0
-0.300000012 0.009999999779999999 0
-0.280000001 0.009999999779999999 0
-0.25999999 0.009999999779999999 0
-0.239999995 0.009999999779999999 0
-0.219999999 0.009999999779999999 0
-0.200000003 0.009999999779999999 0
-0.180000007 0.009999999779999999 0
-0.159999996 0.009999999779999999 0
-0.140000001 0.009999999779999999 0
-0.119999997 0.009999999779999999 0
-0.100000001 0.009999999779999999 0
-0.07999999820000001 0.009999999779999999 0
-0.0599999987 0.009999999779999999 0
-0.0399999991 0.009999999779999999 0
-0.0199999996 0.009999999779999999 0
-0.0199999996 -0.009999999779999999 0
-0.0399999991 -0.009999999779999999 0
-0.0599999987 -0.009999999779999999 0
-0.07999999820000001 -0.009999999779999999 0
-0.100000001 -0.009999999779999999 0
-0.119999997 -0.009999999779999999 0
-0.140000001 -0.009999999779999999 0
-0.159999996 -0.009999999779999999 0
-0.180000007 -0.009999999779999999 0
-0.200000003 -0.009999999779999999 0
-0.219999999 -0.009999999779999999 0
-0.239999995 -0.009999999779999999 0
-0.25999999 -0.009999999779999999 0
-0.280000001 -0.009999999779999999 0
-0.300000012 -0.009999999779999999 0
-0.319999993 -0.009999999779999999 0
-0.340000004 -0.009999999779999999 0
-0.360000014 -0.009999999779999999 0
-0.379999995 -0.009999999779999999 0
-0.400000006 -0.009999999779999999 0
-0.419999987 -0.009999999779999999 0
-0.439999998 -0.009999999779999999 0
-0.460000008 -0.009999999779999999 0
-0.479999989 -0.009999999779999999 0
-0.5 -0.0266666673 0
-0.5 -0.043333333 0
-0.479999989 -0.0599999987 0
-0.460000008 -0.0599999987 0
-0.439999998 -0.0599999987 0
-0.419999987 -0.0599999987 0
-0.400000006 -0.0599999987 0
-0.379999995 -0.0599999987 0
-0.360000014 -0.0599999987 0
-0.340000004 -0.0599999987 0
-0.319999993 -0.0599999987 0
-0.300000012 -0.0599999987 0
-0.280000001 -0.0599999987 0
-0.25999999 -0.0599999987 0
-0.239999995 -0.0599999987 0
-0.219999999 -0.0599999987 0
-0.200000003 -0.0599999987 0
-0.180000007 -0.0599999987 0
-0.159999996 -0.0599999987 0
-0.140000001 -0.0599999987 0
-0.119999997 -0.0599999987 0
-0.100000001 -0.0599999987 0
-0.07999999820000001 -0.0599999987 0
-0.0599999987 -0.0599999987 0
-0.0399999991 -0.0599999987 0
-0.0199999996 -0.0599999987 0
-0.100000001 0.0599999987 0
-0.5 0.0599999987 0
-0.5 0.009999999779999999 0
-0.5 -0.009999999779999999 0
-0.140000001 0.0599999987 0
-0.0199999996 0.0599999987 0
-0.400000006 0.0599999987 0
-0.5 -0.0599999987 0
-0.200000003 0.0599999987 0
-0.25999999 0.0599999987 0
-0.340000004 0.0599999987 0
-0.119999997 0.0599999987 0
-0.379999995 0.0599999987 0
-0.360000014 0.0599999987 0
-0.0399999991 0.0599999987 0
-0.280000001 0.0599999987 0
-0.219999999 0.0599999987 0
-0.239999995 0.0599999987 0
-0.0599999987 0.0599999987 0
-0.180000007 0.0599999987 0
-0.300000012 0.0599999987 0
-0.319999993 0.0599999987 0
-0.07999999820000001 0.0599999987 0
-0.159999996 0.0599999987 0
-0.419999987 0.0599999987 0
-0.439999998 0.0599999987 0
-0.460000008 0.0599999987 0
-0.479999989 0.0599999987 0
-0.5 0.043333333 0
-0.5 0.0266666673 0
-0.479999989 0.009999999779999999 0
-0.460000008 0.009999999779999999 0
-0.439999998 0.009999999779999999 0
-0.419999987 0.009999999779999999 0
-0.0199999996 0.0266666673 0
-0.0199999996 0.043333333 0
-0.0399999991 0.0266666673 0
-0.0399999991 0.043333333 0
-0.0599999987 0.0266666673 0
-0.0599999987 0.043333333 0
-0.07999999820000001 0.0266666673 0
-0.07999999820000001 0.043333333 0
-0.100000001 0.0266666673 0
-0.100000001 0.043333333 0
-0.119999997 0.0266666673 0
-0.119999997 0.043333333 0
-0.140000001 0.0266666673 0
-0.140000001 0.043333333 0
-0.159999996 0.0266666673 0
-0.159999996 0.043333333 0
-0.180000007 0.0266666673 0
-0.180000007 0.043333333 0
-0.200000003 0.0266666673 0
-0.200000003 0.043333333 0
-0.219999999 0.0266666673 0
-0.219999999 0.043333333 0
-0.239999995 0.0266666673 0
-0.239999995 0.043333333 0
-0.25999999 0.0266666673 0
-0.25999999 0.043333333 0
-0.280000001 0.0266666673 0
-0.280000001 0.043333333 0
-0.300000012 0.0266666673 0
-0.300000012 0.043333333 0
-0.319999993 0.0266666673 0
-0.319999993 0.043333333 0
-0.340000004 0.0266666673 0
-0.340000004 0.043333333 0
-0.360000014 0.0266666673 0
-0.360000014 0.043333333 0
-0.379999995 0.0266666673 0
-0.379999995 0.043333333 0
-0.400000006 0.0266666673 0
-0.400000006 0.043333333 0
-0.419999987 0.0266666673 0
-0.419999987 0.043333333 0
-0.439999998 0.0266666673 0
-0.439999998 0.043333333 0
-0.460000008 0.0266666673 0
-0.460000008 0.043333333 0
-0.479999989 0.0266666673 0
-0.479999989 0.043333333 0
-0.0199999996 -0.043333333 0
-0.0199999996 -0.0266666673 0
-0.0399999991 -0.043333333 0
-0.0399999991 -0.0266666673 0
-0.0599999987 -0.043333333 0
-0.0599999987 -0.0266666673 0
-0.07999999820000001 -0.043333333 0
-0.07999999820000001 -0.0266666673 0
-0.100000001 -0.043333333 0
-0.100000001 -0.0266666673 0
-0.119999997 -0.043333333 0
-0.119999997 -0.0266666673 0
-0.140000001 -0.043333333 0
-0.140000001 -0.0266666673 0
-0.159999996 -0.043333333 0
-0.159999996 -0.0266666673 0
-0.180000007 -0.043333333 0
-0.180000007 -0.0266666673 0
-0.200000003 -0.043333333 0
-0.200000003 -0.0266666673 0
-0.219999999 -0.043333333 0
-0.219999999 -0.0266666673 0
-0.239999995 -0.043333333 0
-0.239999995 -0.0266666673 0
-0.25999999 -0.043333333 0
-0.25999999 -0.0266666673 0
-0.280000001 -0.043333333 0
-0.280000001 -0.0266666673 0
-0.300000012 -0.043333333 0
-0.300000012 -0.0266666673 0
-0.319999993 -0.043333333 0
-0.319999993 -0.0266666673 0
-0.340000004 -0.043333333 0
-0.340000004 -0.0266666673 0
-0.360000014 -0.043333333 0
-0.360000014 -0.0266666673 0
-0.379999995 -0.043333333 0
-0.379999995 -0.0266666673 0
-0.400000006 -0.043333333 0
-0.400000006 -0.0266666673 0
-0.419999987 -0.043333333 0
-0.419999987 -0.0266666673 0
-0.439999998 -0.043333333 0
-0.439999998 -0.0266666673 0
-0.460000008 -0.043333333 0
-0.460000008 -0.0266666673 0
-0.479999989 -0.043333333 0
-0.479999989 -0.0266666673 0
0.5 0.280000001 0
0.5 0.324000001 0
0.5 0.368000001 0
0.5 0.412 0
0.5 0.456 0
0.423076928 0.5 0
0.346153855 0.5 0
0.269230783 0.5 0
0.192307696 0.5 0
0.115384616 0.5 0
0.0384615399 0.5 0
-0.0384615399 0.5 0
-0.115384616 0.5 0
-0.192307696 0.5 0
-0.269230783 0.5 0
-0.346153855 0.5 0
-0.423076928 0.5 0
-0.5 0.451111108 0
-0.5 0.402222216 0
-0.5 0.353333324 0
-0.5 0.304444432 0
-0.5 0.25555557 0
-0.5 0.206666663 0
-0.5 0.157777771 0
-0.5 0.108888887 0
-0.5 0.5 0
0.5 0.104000002 0
0.5 0.5 0
0.5 0.148000002 0
0.5 0.192000002 0
0.5 0.236000001 0
0.0609144196 0.0817342326 0
0.0213773996 0.0810065791 0
0.00164963992 0.0806389153 0
0.0410537161 0.08140170569999999 0
0.0807928815 0.0816697404 0
-0.11636588 0.08086209 0
-0.155379474 0.08188256620000001 0
-0.195952147 0.0835963339 0
-0.216464236 0.0839877948 0
-0.236886531 0.08373397589999999 0
-0.25717181 0.0831861421 0
-0.0375812575 0.08077736200000001 0
-0.0571756735 0.0809583366 0
-0.07703223820000001 0.08103158320000001 0
-0.018060958 0.0806019977 0
-0.0969315991 0.0810548067 0
-0.135710105 0.0813468769 0
-0.17564556 0.0829808787 0
-0.277441889 0.0833770484 0
-0.297976643 0.0844593644 0
-0.337742865 0.0814660415 0
-0.357280463 0.08131340149999999 0
-0.395812064 0.0801450759 0
-0.431601644 0.0846370831 0
-0.449032396 0.0927124023 0
0.241154492 0.0802461654 0
0.201377258 0.0838236138 0
0.180563569 0.0829863772 0
0.160152987 0.0818641707 0
0.13998118 0.0809370205 0
0.100271612 0.0811994374 0
0.119869255 0.08062074330000001 0
0.373670965 0.07992801820000001 0
0.324530095 0.0833030716 0
0.281531155 0.08239974830000001 0
0.260980189 0.0810246468 0
0.22172907 0.0833596513 0
0.0419940539 0.10293632 0
0.0224408731 0.101743817 0
0.00314544118 0.100968696 0
0.0619302429 0.10367021 0
-0.0159631986 0.101458415 0
0.08237209920000001 0.103876717 0
-0.318290144 0.08418776090000001 0
-0.414466918 0.0801854879 0
-0.376616716 0.08122970910000001 0
-0.235601157 0.107684493 0
-0.214288786 0.108600825 0
-0.255871743 0.10540323 0
-0.0541822873 0.103133552 0
-0.131315932 0.104231022 0
-0.074047327 0.103388585 0
-0.112915099 0.104204893 0
-0.150728151 0.104886316 0
-0.0939841419 0.103821017 0
-0.171428666 0.106402844 0
-0.192837894 0.107991748 0
-0.275017977 0.104476884 0
-0.35379228 0.103946522 0
-0.433073252 0.110083312 0
-0.295674562 0.108139448 0
-0.0348416194 0.102517344 0
0.415305704 0.08237869289999999 0
0.359606773 0.07313796879999999 0
0.302707136 0.083627373 0
0.159252465 0.103709936 0
0.179841861 0.106472507 0
0.139538869 0.1013356 0
0.22791867 0.111114562 0
0.243271112 0.0979152769 0
0.394325763 0.08282602579999999 0
0.201971233 0.109258376 0
0.120320998 0.10044767 0
0.435215741 0.08225522189999999 0
0.259965211 0.10267438 0
0.329683661 0.107562989 0
0.474004507 0.0924669281 0
0.10174416 0.103126459 0
-0.468483716 0.110260278 0
-0.3943865 0.102075562 0
0.442493409 0.110294618 0
0.0621701814 0.126179203 0
0.0225422326 0.122126617 0
0.0418764055 0.12501201 0
0.00457998784 0.120126426 0
0.0835043266 0.12639606 0
-0.0129794497 0.122236557 0
-0.147280753 0.128402263 0
-0.213780656 0.134415403 0
-0.127986699 0.131244153 0
-0.167973459 0.129917011 0
-0.050670296 0.126652241 0
-0.07087001950000001 0.126821682 0
-0.09071145210000001 0.127626732 0
-0.190268174 0.132567599 0
-0.238525629 0.133869201 0
-0.273494035 0.120859079 0
-0.259225488 0.127459198 0
-0.287823677 0.129834697 0
0.106391847 0.128948033 0
-0.030988669 0.12521717 0
0.176051676 0.130309746 0
0.155358881 0.125951976 0
0.136383891 0.121375889 0
0.197837338 0.13508907 0
0.221228063 0.140195116 0
0.24643375 0.148225218 0
0.278431207 0.13069883 0
0.121331833 0.116863862 0
0.304693103 0.108170666 0
0.41313979 0.10605257 0
0.460590839 0.118400961 0
0.3594082 0.102554947 0
-0.32107237 0.11253228 0
-0.419543535 0.104857683 0
0.09811829029999999 0.159849972 0
0.0055290414 0.135468304 0
-0.272256285 0.147958145 0
0.213639542 0.167143762 0
-0.16421552 0.153452978 0
-0.0470549725 0.15146856 0
0.148239896 0.147893965 0
0.190186769 0.161729231 0
-0.0247382168 0.149399027 0
0.121496096 0.157260552 0
0.421064824 0.135523811 0
0.331904501 0.135500565 0
0.281374097 0.10639441 0
-0.403406292 0.127729908 0
-0.310004503 0.140224457 0
0.359246194 0.131814718 0
-0.372643173 0.130347505 0
-0.4354105 0.128464058 0
0.336629719 0.171858773 0
0.449453801 0.147653848 0
0.388494343 0.134514973 0
0.301465511 0.165098608 0
-0.346448064 0.12566866 0
-0.399034619 0.163094714 0
0.0394379087 0.149358913 0
0.27253148 0.157263905 0
-0.213087991 0.160163328 0
-0.247485504 0.166183531 0
-0.29579401 0.164818883 0
-0.0238127075 0.198093072 0
0.111787573 0.184981465 0
-0.100731499 0.16475822 0
-0.129909366 0.165031105 0
0.176729351 0.19246909 0
0.207438558 0.194471538 0
-0.07164825499999999 0.174688131 0
0.137555912 0.174095407 0
0.445077062 0.355614364 0
0.4540672 0.312721372 0
0.471876621 0.18936041 0
0.467166424 0.229818493 0
0.461504996 0.270973593 0
0.424467564 0.448932588 0
0.441845477 0.182664469 0
-0.324829191 0.179232806 0
0.0906601474 0.199683741 0
-0.207740158 0.18316175 0
-0.157712802 0.176730514 0
-0.278921545 0.189274922 0
0.0321525 0.177230626 0
0.245555773 0.214440852 0
-0.433855236 0.164075762 0
-0.366918921 0.159302726 0
0.291913986 0.195489585 0
-0.127964169 0.207778975 0
-0.0366133451 0.228911221 0
-0.100008652 0.206662506 0
0.179677323 0.226686761 0
0.122257464 0.208738238 0
0.146479711 0.202740476 0
0.434536189 0.401015729 0
0.398193419 0.336512506 0
0.424186647 0.257591337 0
0.43396154 0.220088616 0
0.412831038 0.296488136 0
0.369538605 0.193125933 0
-0.443918586 0.348807663 0
-0.435130209 0.398693502 0
-0.427496314 0.449492633 0
-0.452189833 0.300550848 0
-0.4590832 0.253552765 0
-0.357205957 0.190952316 0
0.279544592 0.225700334 0
0.104589514 0.213968039 0
-0.156489298 0.208392248 0
0.0224026144 0.217729628 0
0.212247699 0.248014852 0
-0.427817494 0.204839543 0
-0.234439731 0.195427537 0
0.323903114 0.207895994 0
0.0570687838 0.209155962 0
-0.391568303 0.199478686 0
-0.0962022617 0.246337354 0
-0.0230375547 0.256433278 0
0.184364036 0.258742362 0
0.124597915 0.237763807 0
0.376026452 0.277256101 0
0.38955155 0.242074385 0
0.359942079 0.312979162 0
0.378000379 0.380264699 0
-0.310198665 0.208065987 0
-0.372602284 0.387960404 0
-0.391070276 0.337650061 0
-0.464398772 0.207217991 0
-0.406558216 0.291264862 0
-0.182406142 0.205629736 0
0.475901842 0.151903644 0
0.401581109 0.207892701 0
-0.20234707 0.201936185 0
0.311389863 0.240205288 0
0.0997109637 0.235361338 0
-0.130189374 0.250119895 0
-0.380182773 0.237362921 0
0.0776065663 0.224026397 0
0.0415912047 0.235969722 0
0.356437773 0.225068003 0
0.00237123668 0.23785685 0
0.234924018 0.275154024 0
-0.0526191071 0.272373945 0
0.154033616 0.271343559 0
-0.16381526 0.245097548 0
0.327867359 0.289548635 0
0.343247354 0.258441687 0
-0.217780069 0.218593672 0
0.338168681 0.348227322 0
-0.343999118 0.224389404 0
-0.364733964 0.277306974 0
-0.344146281 0.319903255 0
0.269353002 0.254693568 0
0.0917307809 0.266476959 0
0.0217031389 0.261422962 0
-0.326631218 0.259382397 0
-0.133066654 0.30025813 0
-0.418796331 0.247499421 0
0.0644711778 0.253006309 0
-0.292130858 0.238324136 0
0.196372524 0.288258106 0
0.284591496 0.294490665 0
0.309394062 0.318163514 0
-0.303888261 0.296268225 0
-0.316326559 0.367387414 0
0.259190202 0.283179343 0
-0.212525114 0.264634311 0
-0.240297899 0.24214159 0
0.0789880231 0.303675681 0
0.0470647626 0.284426123 0
0.16370514 0.321180791 0
-0.00354623003 0.285852969 0
0.272422999 0.314563453 0
-0.269069314 0.269261181 0
0.30583939 0.378803372 0
0.221760422 0.304970533 0
-0.273979396 0.334394097 0
-0.0335755982 0.307707399 0
-0.23957935 0.298692495 0
0.0587245151 0.344805092 0
0.117237814 0.317083448 0
0.284336209 0.340413243 0
0.249890372 0.312829316 0
0.343847185 0.433378398 0
0.207801089 0.342838079 0
-0.274291515 0.426623851 0
0.0234502386 0.316493273 0
-0.08737619219999999 0.286369532 0
0.266001195 0.445831895 0
0.12272539 0.273716062 0
0.101134203 0.366993248 0
-0.234703615 0.369619191 0
0.147996157 0.380885184 0
-0.178461179 0.283813536 0
-0.203984484 0.323771179 0
-0.00658131344 0.34660095 0
-0.164417103 0.343546838 0
-0.0673920363 0.326083362 0
0.131059229 0.439091533 0
0.0761057213 0.423675179 0
0.200316936 0.392114729 0
0.029457761 0.387679994 0
-0.041373264 0.371180713 0
0.255755872 0.39359349 0
-0.129968509 0.398406595 0
0.248907045 0.349122852 0
0.195956767 0.446548343 0
-0.354339272 0.442943484 0
-0.193804756 0.443444848 0
-0.00892468356 0.424014986 0
-0.124071665 0.447903305 0
-0.183007032 0.391649544 0
-0.102894232 0.342963189 0
0.454051256 0.0865246058 0
0.477373928 0.124539249 0
-0.468024433 0.160724044 0
-0.0595881864 0.441332847 0
-0.08101215959999999 0.389415085 0
0.430654883 0.100503065 0
0.389429182 0.107357368 0
0.345321238 0.0801729336 0
-0.40980044 0.09662956 0
-0.338144869 0.0994073451 0
0.412171096 0.173297763 0
-0.132147774 0.361322463 0
0.382941902 0.164770678 0
-0.261872202 0.216164798 0
0.298553944 0.269673407 0
0.35991171 0.156175151 0
0.304619789 0.135348052 0
0.253422469 0.12404725 0
-0.374403059 0.104943611 0
-0.337032139 0.151434779 0
-0.109284967 0.131501675 0
-0.19354479 0.23484166 0
-0.06493017819999999 0.238962516 0
-0.0122938436 0.215621114 0
0.00691182632 0.197239071 0
0.0379151069 0.201571897 0
0.150936276 0.234486893 0
0.215393558 0.270183206 0
0.241323069 0.247472897 0
-0.0715796128 0.205469251 0
-0.0449168868 0.201832712 0
-0.015077455 0.176449656 0
0.00735802855 0.160683528 0
0.238734052 0.173370585 0
0.0684622079 0.179729119 0
0.210014313 0.22153379 0
0.169252723 0.153739303 0
0.263142437 0.184926003 0
-0.18295449 0.180039644 0
-0.0454696417 0.176156014 0
0.128362164 0.139589176 0
0.230636895 0.194044158 0
0.0191328265 0.142472118 0
0.0625149161 0.150935873 0
0.0812353119 0.146125689 0
-0.18740344 0.15683043 0
-0.147903278 0.149310306 0
-0.0862699524 0.148439452 0
-0.0688209161 0.151088551 0
-0.00671585044 0.142615706 0
0.161231548 0.173583657 0
0.5 -0.108888887 0
-0.5 -0.104000002 0
0.115384616 -0.5 0
0.346153855 -0.5 0
-0.5 -0.324000001 0
0.5 -0.304444432 0
-0.115384616 -0.5 0
0.0384615399 -0.5 0
0.269230783 -0.5 0
0.192307696 -0.5 0
-0.269230783 -0.5 0
0.5 -0.206666663 0
-0.5 -0.368000001 0
-0.5 -0.412 0
-0.5 -0.456 0
0.5 -0.451111108 0
-0.5 -0.5 0
0.5 -0.5 0
0.5 -0.402222216 0
-0.423076928 -0.5 0
-0.192307696 -0.5 0
-0.5 -0.148000002 0
-0.5 -0.192000002 0
-0.5 -0.236000001 0
-0.5 -0.280000001 0
-0.346153855 -0.5 0
0.5 -0.25555557 0
0.423076928 -0.5 0
-0.0384615399 -0.5 0
0.5 -0.157777771 0
0.5 -0.353333324 0
0.0772511885 -0.08056167509999999 0
0.0374877676 -0.0808010101 0
0.0176463742 -0.0810994208 0
0.0573830791 -0.0807405263 0
0.09732311959999999 -0.0806518868 0
-0.239483774 -0.0795809701 0
-0.219843984 -0.0792642012 0
-0.200446114 -0.07901526239999999 0
-0.181045815 -0.07884178310000001 0
-0.142179415 -0.0802084953 0
-0.102881968 -0.0817045122 0
-0.0223856941 -0.0814301819 0
-0.0627050027 -0.0818454996 0
-0.0425316021 -0.0818034559 0
-0.00224705855 -0.0814203545 0
-0.122754268 -0.081274122 0
-0.08287008849999999 -0.0820686147 0
-0.415999234 -0.07919201250000001 0
-0.381579161 -0.0748587102 0
-0.341950804 -0.08742288500000001 0
-0.319119245 -0.08530327679999999 0
-0.278412133 -0.08144206549999999 0
-0.258917481 -0.08033283049999999 0
-0.161435694 -0.0791214183 0
-0.472487122 -0.10505227 0
0.256461918 -0.08286640050000001 0
0.318938285 -0.08374304320000001 0
0.379224718 -0.0777013451 0
0.415607333 -0.0771136358 0
0.137026802 -0.0809221789 0
0.176194876 -0.0810839683 0
0.195934415 -0.0812368244 0
0.215941653 -0.0814755261 0
0.117289893 -0.08081298319999999 0
0.15661329 -0.081143111 0
0.236094043 -0.082149677 0
0.277177155 -0.0846093968 0
0.298077911 -0.0858106166 0
0.339882791 -0.0815737844 0
0.359948963 -0.0794832781 0
0.397859633 -0.076412484 0
0.432109773 -0.0828129873 0
0.448685735 -0.092795752 0
0.075753212 -0.101484895 0
0.0557561368 -0.102059513 0
0.0359173417 -0.102614924 0
0.0956945047 -0.101622269 0
0.0159939695 -0.10301619 0
0.11527735 -0.102301352 0
-0.397377491 -0.07783801849999999 0
-0.367144257 -0.088626951 0
-0.298090309 -0.0833709612 0
-0.200337872 -0.09863037619999999 0
-0.21885328 -0.09892425689999999 0
-0.18187283 -0.0977715552 0
-0.434422225 -0.0812884495 0
-0.106182195 -0.104892224 0
-0.0242696553 -0.103885174 0
-0.0446307808 -0.104614235 0
-0.08586321030000001 -0.105457388 0
-0.12644203 -0.10389293 0
-0.06511268019999999 -0.105166934 0
-0.145689055 -0.101519272 0
-0.163340643 -0.09789989139999999 0
-0.23776263 -0.099455364 0
-0.338522077 -0.115702689 0
-0.256322116 -0.10120821 0
-0.00407435466 -0.103709199 0
0.418813199 -0.0986522809 0
0.397742271 -0.0922142416 0
0.252526253 -0.1058909 0
0.212309584 -0.103968374 0
0.192341313 -0.104215957 0
0.273252606 -0.109232336 0
0.320911765 -0.107111856 0
0.34232372 -0.102683946 0
0.380523682 -0.09517564620000001 0
0.232309997 -0.104792736 0
0.172806621 -0.104274742 0
0.15369308 -0.103950769 0
0.297904164 -0.116075009 0
0.362232178 -0.09897334870000001 0
0.428666949 -0.112228334 0
0.134589821 -0.103278205 0
0.46945259 -0.110888988 0
-0.411913127 -0.0989815295 0
0.07460499549999999 -0.122705288 0
0.0345189869 -0.125521779 0
0.0545337796 -0.124148242 0
0.0147398924 -0.125232056 0
0.09377242619999999 -0.123138353 0
-0.00542884553 -0.127287924 0
-0.199170411 -0.119690679 0
-0.21721521 -0.119145781 0
-0.181177408 -0.116874449 0
-0.131077215 -0.127389789 0
-0.109915875 -0.129914075 0
-0.0461721793 -0.129090324 0
-0.153852567 -0.125061169 0
-0.0667753816 -0.128979772 0
-0.0885961056 -0.131090179 0
-0.166090339 -0.113361157 0
-0.234963834 -0.118861131 0
-0.251624823 -0.122507848 0
0.112385094 -0.124814384 0
-0.0254358575 -0.127300769 0
0.188759044 -0.129383489 0
0.168846637 -0.129991427 0
0.209063768 -0.128475145 0
0.2286672 -0.12831986 0
0.149858654 -0.129090652 0
0.248147339 -0.129130483 0
0.266228557 -0.132991135 0
0.316227257 -0.145300224 0
0.3464261 -0.123996772 0
0.379398167 -0.140497699 0
0.131228372 -0.127070695 0
-0.31478706 -0.110401563 0
-0.436272234 -0.107960358 0
-0.449050874 -0.118623495 0
-0.367599219 -0.126455709 0
0.437626481 -0.131681964 0
0.409618139 -0.140805781 0
0.09073735030000001 -0.144930616 0
0.0318898484 -0.152542442 0
-0.232055888 -0.134515703 0
-0.196568355 -0.144934669 0
-0.135222897 -0.150460809 0
-0.0468119048 -0.159751192 0
-0.15466474 -0.148551583 0
0.260239989 -0.164158478 0
0.164128304 -0.159461841 0
0.293380171 -0.17444025 0
-0.00580976577 -0.156512246 0
0.126097396 -0.151690036 0
-0.413921267 -0.126558542 0
-0.328458905 -0.140409112 0
-0.274515986 -0.10384129 0
-0.349528015 -0.153568953 0
0.351759881 -0.172270343 0
0.318618536 -0.183061182 0
-0.333783478 -0.167339042 0
-0.441113621 -0.144536555 0
-0.393654108 -0.154271141 0
0.292371094 -0.211694032 0
-0.286774576 -0.130766243 0
0.07354205849999999 -0.143089011 0
-0.257962167 -0.152474642 0
-0.0889976844 -0.161422387 0
0.226948202 -0.154064983 0
0.107703857 -0.148169219 0
0.336992621 -0.211675242 0
-0.00337611185 -0.200795993 0
0.273395419 -0.189953938 0
-0.17049475 -0.148092017 0
-0.129007757 -0.185398072 0
-0.0261532348 -0.181840271 0
0.143847302 -0.157626539 0
-0.448047906 -0.361545205 0
-0.455605984 -0.317959696 0
-0.465123922 -0.189018279 0
-0.462823182 -0.231938973 0
-0.460306674 -0.275001049 0
-0.426925808 -0.452901721 0
-0.424723893 -0.182535723 0
0.0366272852 -0.188651815 0
0.187246516 -0.187728658 0
0.0589350164 -0.166444242 0
-0.103470221 -0.184740975 0
-0.06846610459999999 -0.18379423 0
0.118219182 -0.173072204 0
0.208178952 -0.176860511 0
0.36315757 -0.199747011 0
0.312846452 -0.235824838 0
-0.299318105 -0.15677543 0
-0.198295265 -0.188920036 0
-0.162100241 -0.194625631 0
-0.0246460605 -0.229336455 0
-0.366503626 -0.182237729 0
-0.437883586 -0.40673089 0
-0.402278423 -0.349474549 0
-0.422037065 -0.268937945 0
-0.426025957 -0.228674114 0
-0.415005475 -0.309025466 0
0.440141648 -0.165292025 0
0.380865604 -0.165947661 0
0.454410315 -0.299123228 0
0.445268989 -0.34738335 0
0.435587972 -0.39737919 0
0.427431315 -0.448631287 0
0.461957723 -0.252621621 0
-0.2741943 -0.187123805 0
0.0236531589 -0.21747978 0
0.129730433 -0.192381173 0
-0.122267753 -0.2181191 0
0.286919326 -0.263395518 0
0.352644324 -0.233800679 0
-0.0484154336 -0.206472903 0
-0.238978505 -0.183906317 0
0.382674307 -0.187893778 0
-0.334735453 -0.187197372 0
-0.09211035820000001 -0.204660609 0
-0.199938565 -0.23082687 0
-0.384544611 -0.263622969 0
-0.379169017 -0.298835069 0
-0.363774121 -0.333696634 0
-0.382963866 -0.3914617 0
0.410056442 -0.166615397 0
0.0665235743 -0.19163233 0
0.394013286 -0.33461681 0
0.410622984 -0.288377047 0
0.423467785 -0.245048448 0
0.467720777 -0.206958532 0
0.09609952569999999 -0.198913157 0
-0.470833153 -0.148186505 0
-0.389988542 -0.228198498 0
-0.31124422 -0.183166504 0
0.00482664863 -0.250807226 0
-0.158838674 -0.228567705 0
-0.356113702 -0.222642258 0
-0.10804826 -0.250773847 0
-0.0749890804 -0.230587304 0
0.236951768 -0.25557974 0
-0.238797322 -0.222931072 0
0.200059086 -0.221732855 0
0.0547433943 -0.228673667 0
0.434716195 -0.204581663 0
-0.351000428 -0.291048676 0
-0.342559576 -0.261151582 0
-0.342663676 -0.367414057 0
0.0890857056 -0.235629171 0
0.371275783 -0.274487317 0
0.349839687 -0.316238403 0
-0.265262514 -0.214324355 0
0.125547007 -0.236138836 0
0.384301692 -0.231939763 0
-0.148362547 -0.268382192 0
-0.201895863 -0.284397453 0
0.0395672582 -0.26743412 0
-0.0845435709 -0.286633313 0
0.248264045 -0.20908615 0
0.255116969 -0.290184736 0
0.161755502 -0.2327106 0
-0.283162892 -0.230370551 0
-0.330711573 -0.314092934 0
0.07940530780000001 -0.27783528 0
0.374077588 -0.385226637 0
-0.256944537 -0.263938695 0
0.122180261 -0.280775845 0
-0.0512325764 -0.259115964 0
-0.167743802 -0.330821037 0
-0.123555109 -0.31115067 0
0.203418314 -0.267466187 0
0.0202970076 -0.310064286 0
-0.274711281 -0.308445483 0
-0.320849746 -0.397759885 0
0.338272214 -0.259483725 0
-0.326232761 -0.214808166 0
0.0678861737 -0.32463935 0
0.31976971 -0.3628214 0
-0.0192843862 -0.287305981 0
0.216469511 -0.311700195 0
0.119780473 -0.329584241 0
-0.266494006 -0.385957867 0
0.0543400496 -0.377309233 0
-0.203021392 -0.35156706 0
-0.347021431 -0.440783143 0
0.281908154 -0.327852577 0
0.274117023 -0.422076017 0
0.164584011 -0.276804119 0
0.314772338 -0.292671144 0
-0.14316158 -0.382356316 0
0.238232613 -0.360949397 0
-0.268800765 -0.446109235 0
0.117930107 -0.383022696 0
-0.00502681127 -0.359380454 0
-0.0899545625 -0.35999772 0
0.354485184 -0.440950871 0
-0.202243209 -0.393845558 0
0.180674002 -0.378484547 0
0.116467491 -0.439904302 0
-0.123636782 -0.439212173 0
0.0415827408 -0.435980946 0
-0.0426337756 -0.421091884 0
0.191037983 -0.43673709 0
-0.0501308329 -0.325539827 0
-0.19676277 -0.44627744 0
-0.451890498 -0.0888591111 0
0.470816433 -0.160953358 0
-0.427661389 -0.09695394340000001 0
-0.391985744 -0.096085377 0
0.41114524 -0.0895099714 0
-0.293581456 -0.107031554 0
0.404233605 -0.198149398 0
0.170815691 -0.325417221 0
-0.393289775 -0.197718471 0
-0.390543967 -0.116325445 0
0.407470196 -0.122044012 0
-0.302953094 -0.34384051 0
0.26649943 -0.235712677 0
0.402106464 -0.106607363 0
0.389978588 -0.124477439 0
-0.307111055 -0.134526476 0
-0.268105298 -0.127176061 0
0.283614874 -0.135133982 0
-0.236810908 -0.332041562 0
0.327947587 -0.12534298 0
0.36743632 -0.118909344 0
0.384408504 -0.111650333 0
0.227744669 -0.228958771 0
-0.308642864 -0.288504213 0
-0.310847104 -0.242751881 0
-0.278374851 -0.156388372 0
0.348389834 -0.146922976 0
-0.318303883 -0.161659449 0
0.289174825 -0.154943809 0
0.244689032 -0.15027234 0
0.207649693 -0.154539898 0
0.186118394 -0.157872438 0
0.229213864 -0.186583892 0
-0.242758006 -0.143100053 0
-0.217707261 -0.139593005 0
-0.176148549 -0.134145111 0
0.0545891523 -0.145960584 0
0.0142524652 -0.14502719 0
-0.0255044252 -0.148230761 0
-0.06708924469999999 -0.150351986 0
-0.115150906 -0.15625529 0
0.0140814194 -0.175574467 0
-0.299567908 -0.204695523 0
-0.293376505 -0.266066968 0
0.160018429 -0.193675786 0
-0.180937871 -0.163365349 0
-0.295688331 -0.175879121 0
-0.226377875 -0.15913336 0
0.0429039635 -0.169281721 0
0.101021759 -0.172521606 0
0.0724704266 -0.159666792 0
-0.141519114 -0.169197023 0
-0.160157546 -0.170055762 0
0.0838272274 -0.167311206 0
-0.20788826 -0.164396137 0
</DataArray>
</Points>
<Cells>
<DataArray type="Int32" Name="connectivity" format="ascii">
0 1 7 6 
1 2 8 7 
2 3 9 8 
3 4 10 9 
4 5 11 10 
6 7 13 12 
7 8 14 13 
8 9 15 14 
9 10 16 15 
10 11 17 16 
12 13 19 18 
13 14 20 19 
14 15 21 20 
15 16 22 21 
16 17 23 22 
18 19 25 24 
19 20 26 25 
20 21 27 26 
21 22 28 27 
22 23 29 28 
24 25 31 30 
25 26 32 31 
26 27 33 32 
27 28 34 33 
28 29 35 34 
30 31 37 36 
31 32 38 37 
32 33 39 38 
33 34 40 39 
34 35 41 40 
36 37 43 42 
37 38 44 43 
38 39 45 44 
39 40 46 45 
40 41 47 46 
47 41 94 69 
41 35 95 94 
35 29 96 95 
29 23 97 96 
23 17 98 97 
17 11 99 98 
11 5 83 99 
69 94 100 68 
94 95 101 100 
95 96 102 101 
96 97 103 102 
97 98 104 103 
98 99 105 104 
99 83 84 105 
68 100 106 67 
100 101 107 106 
101 102 108 107 
102 103 109 108 
103 104 110 109 
104 105 111 110 
105 84 85 111 
67 106 112 66 
106 107 113 112 
107 108 114 113 
108 109 115 114 
109 110 116 115 
110 111 117 116 
111 85 76 117 
66 112 118 65 
112 113 119 118 
113 114 120 119 
114 115 121 120 
115 116 122 121 
116 117 123 122 
117 76 82 123 
65 118 124 64 
118 119 125 124 
119 120 126 125 
120 121 127 126 
121 122 128 127 
122 123 129 128 
123 82 86 129 
64 124 130 63 
124 125 131 130 
125 126 132 131 
126 127 133 132 
127 128 134 133 
128 129 135 134 
129 86 87 135 
63 130 136 62 
130 131 137 136 
131 132 138 137 
132 133 139 138 
133 134 140 139 
134 135 141 140 
135 87 88 141 
62 136 142 61 
136 137 143 142 
137 138 144 143 
138 139 145 144 
139 140 146 145 
140 141 147 146 
141 88 89 147 
61 142 148 60 
142 143 149 148 
143 144 150 149 
144 145 151 150 
145 146 152 151 
146 147 153 152 
147 89 77 153 
60 148 154 59 
148 149 155 154 
149 150 156 155 
150 151 157 156 
151 152 158 157 
152 153 159 158 
153 77 81 159 
59 154 160 58 
154 155 161 160 
155 156 162 161 
156 157 163 162 
157 158 164 163 
158 159 165 164 
159 81 90 165 
58 160 166 57 
160 161 167 166 
161 162 168 167 
162 163 169 168 
163 164 170 169 
164 165 171 170 
165 90 91 171 
57 166 172 56 
166 167 173 172 
167 168 174 173 
168 169 175 174 
169 170 176 175 
170 171 177 176 
171 91 92 177 
56 172 178 55 
172 173 179 178 
173 174 180 179 
174 175 181 180 
175 176 182 181 
176 177 183 182 
177 92 93 183 
55 178 184 54 
178 179 185 184 
179 180 186 185 
180 181 187 186 
181 182 188 187 
182 183 189 188 
183 93 74 189 
54 184 190 53 
184 185 191 190 
185 186 192 191 
186 187 193 192 
187 188 194 193 
188 189 195 194 
189 74 71 195 
53 190 196 52 
190 191 197 196 
191 192 198 197 
192 193 199 198 
193 194 200 199 
194 195 201 200 
195 71 80 201 
52 196 202 51 
196 197 203 202 
197 198 204 203 
198 199 205 204 
199 200 206 205 
200 201 207 206 
201 80 79 207 
51 202 50 70 
202 203 49 50 
203 204 48 49 
204 205 72 48 
205 206 73 72 
206 207 78 73 
207 79 75 78 
24 30 312 227 
30 36 313 312 
36 42 283 313 
227 312 314 226 
312 313 315 314 
313 283 292 315 
226 314 316 225 
314 315 317 316 
315 292 296 317 
225 316 318 224 
316 317 319 318 
317 296 300 319 
224 318 320 223 
318 319 321 320 
319 300 278 321 
223 320 322 222 
320 321 323 322 
321 278 289 323 
222 322 324 221 
322 323 325 324 
323 289 282 325 
221 324 326 220 
324 325 327 326 
325 282 301 327 
220 326 328 219 
326 327 329 328 
327 301 297 329 
219 328 330 218 
328 329 331 330 
329 297 286 331 
218 330 332 217 
330 331 333 332 
331 286 294 333 
217 332 334 216 
332 333 335 334 
333 294 295 335 
216 334 336 215 
334 335 337 336 
335 295 287 337 
215 336 338 214 
336 337 339 338 
337 287 293 339 
214 338 340 213 
338 339 341 340 
339 293 298 341 
213 340 342 212 
340 341 343 342 
341 298 299 343 
212 342 344 211 
342 343 345 344 
343 299 288 345 
211 344 346 210 
344 345 347 346 
345 288 291 347 
210 346 348 209 
346 347 349 348 
347 291 290 349 
209 348 350 208 
348 349 351 350 
349 290 284 351 
208 350 352 311 
350 351 353 352 
351 284 302 353 
311 352 354 310 
352 353 355 354 
353 302 303 355 
310 354 356 309 
354 355 357 356 
355 303 304 357 
309 356 358 308 
356 357 359 358 
357 304 305 359 
308 358 307 280 
358 359 306 307 
359 305 279 306 
0 6 360 277 
6 12 361 360 
12 18 228 361 
277 360 362 276 
360 361 363 362 
361 228 229 363 
276 362 364 275 
362 363 365 364 
363 229 230 365 
275 364 366 274 
364 365 367 366 
365 230 231 367 
274 366 368 273 
366 367 369 368 
367 231 232 369 
273 368 370 272 
368 369 371 370 
369 232 233 371 
272 370 372 271 
370 371 373 372 
371 233 234 373 
271 372 374 270 
372 373 375 374 
373 234 235 375 
270 374 376 269 
374 375 377 376 
375 235 236 377 
269 376 378 268 
376 377 379 378 
377 236 237 379 
268 378 380 267 
378 379 381 380 
379 237 238 381 
267 380 382 266 
380 381 383 382 
381 238 239 383 
266 382 384 265 
382 383 385 384 
383 239 240 385 
265 384 386 264 
384 385 387 386 
385 240 241 387 
264 386 388 263 
386 387 389 388 
387 241 242 389 
263 388 390 262 
388 389 391 390 
389 242 243 391 
262 390 392 261 
390 391 393 392 
391 243 244 393 
261 392 394 260 
392 393 395 394 
393 244 245 395 
260 394 396 259 
394 395 397 396 
395 245 246 397 
259 396 398 258 
396 397 399 398 
397 246 247 399 
258 398 400 257 
398 399 401 400 
399 247 248 401 
257 400 402 256 
400 401 403 402 
401 248 249 403 
256 402 404 255 
402 403 405 404 
403 249 250 405 
255 404 406 254 
404 405 407 406 
405 250 251 407 
254 406 253 285 
406 407 252 253 
407 251 281 252 
24 227 228 18 
227 226 229 228 
226 225 230 229 
225 224 231 230 
224 223 232 231 
223 222 233 232 
222 221 234 233 
221 220 235 234 
220 219 236 235 
219 218 237 236 
218 217 238 237 
217 216 239 238 
216 215 240 239 
215 214 241 240 
214 213 242 241 
213 212 243 242 
212 211 244 243 
211 210 245 244 
210 209 246 245 
209 208 247 246 
208 311 248 247 
311 310 249 248 
310 309 250 249 
309 308 251 250 
308 280 281 251 
467 67 66 466 
68 468 470 69 
440 43 44 442 
297 456 446 286 
70 434 515 51 
733 515 550 519 
53 512 501 54 
54 501 509 55 
574 739 549 564 
502 57 56 471 
740 58 57 502 
58 740 472 59 
475 507 510 465 
473 61 60 503 
506 504 541 542 
63 464 475 64 
465 65 64 475 
65 465 466 66 
46 443 439 45 
435 413 596 412 
703 596 413 414 
410 411 614 591 
569 565 514 551 
514 565 749 548 
519 550 573 564 
424 433 425 622 
645 621 620 646 
485 448 447 486 
500 450 453 480 
479 481 524 520 
770 607 626 604 
643 615 591 614 
305 517 432 279 
302 483 462 303 
497 460 459 742 
449 487 496 457 
485 486 527 534 
620 427 428 623 
427 620 621 426 
426 621 622 425 
43 440 441 42 
42 441 453 283 
292 450 451 296 
296 451 452 300 
444 289 278 454 
289 444 455 282 
282 455 445 301 
301 445 456 297 
286 446 447 294 
294 447 448 295 
449 287 295 448 
293 457 458 298 
298 458 482 299 
459 288 299 482 
460 291 288 459 
484 290 291 460 
284 461 483 302 
303 462 463 304 
463 517 305 304 
469 47 69 470 
45 439 442 44 
443 46 47 469 
522 476 479 520 
477 440 442 476 
480 453 441 478 
450 292 283 453 
476 442 439 479 
481 443 469 516 
454 278 300 452 
527 486 495 533 
581 580 600 632 
495 446 456 494 
556 537 535 536 
448 485 487 449 
287 449 457 293 
450 500 488 451 
451 488 490 452 
440 477 478 441 
452 490 493 454 
491 444 454 493 
455 489 492 445 
445 492 494 456 
553 567 571 498 
741 483 461 518 
290 484 461 284 
498 571 517 463 
498 463 462 553 
464 63 62 474 
474 62 61 473 
516 538 524 481 
506 468 467 504 
67 467 468 68 
443 481 479 439 
516 469 470 511 
468 506 511 470 
471 56 55 509 
769 561 587 783 
59 472 503 60 
750 513 566 546 
466 505 504 467 
508 464 474 513 
507 475 464 508 
578 522 520 776 
522 521 477 476 
477 521 523 478 
599 767 554 584 
555 523 521 775 
552 482 458 499 
741 553 462 483 
518 461 484 751 
484 460 497 751 
486 447 446 495 
580 527 533 778 
489 455 444 491 
526 492 489 528 
485 534 536 487 
457 496 499 458 
494 529 533 495 
500 480 525 539 
493 532 753 491 
492 526 529 494 
500 539 530 488 
531 490 488 530 
537 499 496 535 
571 605 735 517 
482 552 742 459 
535 496 487 536 
523 525 480 478 
512 53 52 733 
512 733 519 738 
549 739 509 501 
505 466 465 510 
538 554 777 524 
513 474 473 566 
750 507 508 513 
503 548 566 473 
557 561 543 544 
472 514 548 503 
540 505 510 543 
510 507 544 543 
51 515 733 52 
544 507 750 545 
740 502 471 551 
565 569 748 572 
734 550 515 434 
511 547 538 516 
553 741 518 567 
549 738 519 564 
748 745 619 572 
775 521 522 578 
778 533 529 558 
541 504 505 540 
773 538 547 542 
528 489 491 753 
580 581 534 527 
493 490 531 532 
559 530 539 562 
779 558 529 526 
772 559 562 764 
530 559 781 531 
536 534 581 556 
582 598 752 568 
752 598 625 606 
582 568 537 556 
540 543 561 769 
782 562 539 525 
541 540 769 560 
511 506 542 547 
541 560 773 542 
566 548 749 546 
546 579 545 750 
672 626 653 747 
551 739 574 569 
672 761 604 626 
773 560 590 563 
739 551 471 509 
434 436 650 734 
595 594 438 408 
575 572 633 607 
740 551 514 472 
499 537 568 552 
571 567 577 605 
531 781 780 532 
523 555 782 525 
675 679 693 683 
588 587 561 557 
557 544 545 766 
528 753 585 586 
585 610 608 586 
589 585 780 781 
558 779 586 601 
528 586 779 526 
613 587 611 759 
773 563 554 538 
766 774 588 557 
590 560 769 783 
603 765 775 578 
559 772 589 781 
573 597 743 564 
546 749 575 579 
606 625 635 577 
742 552 576 497 
594 593 437 438 
408 409 592 595 
570 751 497 576 
576 552 568 752 
591 592 409 410 
573 650 593 597 
436 437 593 650 
432 517 735 431 
565 572 575 749 
582 602 644 598 
429 624 623 428 
752 606 570 576 
584 554 563 590 
657 599 627 654 
768 604 761 630 
579 770 766 545 
601 771 778 558 
771 649 652 600 
556 581 602 582 
623 648 646 620 
755 609 637 662 
764 562 782 765 
639 612 613 759 
636 655 608 610 
771 601 628 649 
590 613 612 584 
592 591 615 618 
640 642 665 666 
763 762 589 772 
763 583 756 609 
596 703 643 614 
640 641 616 618 
650 573 550 734 
594 595 616 617 
597 617 651 743 
659 619 651 641 
411 412 596 614 
593 594 617 597 
570 606 577 567 
584 612 627 599 
698 696 683 693 
608 628 601 586 
727 645 684 705 
610 762 755 636 
579 575 607 770 
431 735 647 430 
745 743 651 619 
585 589 762 610 
655 664 628 608 
756 757 629 660 
756 660 637 609 
728 705 711 731 
611 587 588 768 
709 673 654 639 
759 611 638 663 
639 759 663 709 
692 702 685 681 
633 572 619 659 
618 616 595 592 
685 672 747 681 
607 633 653 626 
424 622 727 423 
622 621 645 727 
624 429 430 647 
656 635 625 669 
631 605 577 635 
746 632 667 687 
629 758 634 658 
660 674 691 637 
723 708 726 720 
611 768 630 638 
624 647 631 677 
649 628 664 754 
602 581 632 746 
654 627 612 639 
670 648 677 656 
664 655 676 713 
658 634 657 678 
658 674 660 629 
760 630 761 661 
719 718 417 418 
712 690 704 720 
618 615 642 640 
617 616 641 651 
615 643 668 642 
680 760 661 695 
708 703 414 415 
652 667 632 600 
625 598 644 669 
671 683 696 684 
648 623 624 677 
605 631 647 735 
635 656 677 631 
667 754 686 687 
670 675 683 671 
653 633 659 666 
662 707 636 755 
655 636 707 676 
644 602 746 679 
673 678 657 654 
719 721 699 710 
641 640 666 659 
672 685 661 761 
717 697 715 722 
760 680 638 630 
712 710 700 690 
754 664 713 686 
642 668 682 665 
695 702 725 704 
656 669 675 670 
694 668 643 703 
671 646 648 670 
423 727 705 422 
645 646 671 684 
747 653 666 665 
674 658 678 689 
689 688 699 706 
679 675 669 644 
662 697 717 707 
714 716 731 711 
678 673 688 689 
754 667 652 649 
663 638 680 690 
692 681 682 701 
668 694 701 682 
716 714 713 676 
695 661 685 702 
711 705 684 696 
698 693 687 686 
679 746 687 693 
673 709 700 688 
699 721 715 706 
706 691 674 689 
718 719 710 712 
662 637 691 697 
665 682 681 747 
701 694 723 725 
690 680 695 704 
711 696 698 714 
717 722 737 732 
713 714 698 686 
688 700 710 699 
721 729 722 715 
663 690 700 709 
708 723 694 703 
702 692 701 725 
697 691 706 715 
724 730 728 731 
718 712 720 726 
732 676 707 717 
737 736 730 724 
719 418 729 721 
723 720 704 725 
737 724 744 732 
726 708 415 416 
416 417 718 726 
716 744 724 731 
728 421 422 705 
729 418 419 736 
730 420 421 728 
736 419 420 730 
722 729 736 737 
738 549 501 512 
564 743 745 574 
744 716 676 732 
569 574 745 748 
567 518 751 570 
585 753 532 780 
757 756 583 764 
757 603 758 629 
609 755 762 763 
772 764 583 763 
757 764 765 603 
555 775 765 782 
599 657 634 767 
758 603 767 634 
767 603 578 776 
768 588 774 604 
774 766 770 604 
771 600 580 778 
777 776 520 524 
767 776 777 554 
613 590 783 587 
828 276 275 827 
2 816 818 3 
89 851 852 77 
815 858 861 819 
285 785 839 254 
1029 839 785 805 
870 256 255 1102 
1105 865 833 864 
864 258 257 832 
259 258 864 833 
865 260 259 833 
834 261 260 865 
261 834 835 262 
866 1107 952 836 
836 264 263 866 
940 1135 1149 1136 
266 820 821 267 
267 821 822 268 
823 269 268 822 
838 270 269 823 
271 824 830 272 
825 273 272 830 
273 825 831 274 
1 817 816 2 
800 803 978 798 
1081 978 803 809 
796 797 994 973 
953 951 880 935 
865 935 880 834 
832 900 1105 864 
811 801 799 1004 
1001 1025 1024 1002 
1005 810 795 1027 
892 850 847 886 
845 76 85 849 
4 815 819 5 
860 816 817 862 
875 830 824 877 
867 822 821 868 
879 820 837 881 
962 1127 1006 1013 
1021 995 973 994 
79 899 784 75 
856 843 1106 883 
937 1112 1116 930 
90 853 854 91 
1123 1122 930 1116 
1002 1003 802 814 
802 1003 1004 799 
5 819 848 83 
84 844 849 85 
76 845 846 82 
82 846 847 86 
840 88 87 850 
88 840 851 89 
81 841 853 90 
92 842 855 93 
93 855 843 74 
74 843 856 71 
71 856 857 80 
857 899 79 80 
829 0 277 826 
817 1 0 829 
815 4 3 818 
861 858 901 905 
826 277 276 828 
862 817 829 882 
859 860 902 903 
859 818 816 860 
898 844 848 863 
844 84 83 848 
820 266 265 837 
837 265 264 836 
869 867 907 909 
822 867 869 823 
270 838 824 271 
828 873 872 826 
827 275 274 831 
818 859 858 815 
882 829 826 872 
878 838 823 869 
825 871 874 831 
876 827 831 874 
832 257 256 870 
935 865 1105 1111 
917 908 868 879 
262 835 866 263 
881 837 836 952 
254 839 1102 255 
1104 870 1102 933 
850 87 86 847 
888 851 840 885 
841 889 890 853 
841 81 77 852 
842 92 91 854 
936 899 857 897 
887 846 845 893 
893 845 849 894 
886 847 846 887 
819 861 863 848 
922 946 1133 921 
927 926 1131 945 
923 924 892 886 
1106 884 1115 883 
853 890 896 854 
884 855 842 891 
856 883 897 857 
964 924 923 1132 
860 862 904 902 
873 828 827 876 
862 882 906 904 
887 893 922 921 
1138 961 901 903 
894 849 844 898 
933 934 957 950 
950 1111 1105 900 
868 821 820 879 
878 916 913 877 
879 881 918 917 
830 875 871 825 
877 824 838 878 
872 873 912 920 
871 875 910 911 
911 915 874 871 
909 916 878 869 
1138 903 902 939 
1136 941 907 908 
932 835 834 880 
908 907 867 868 
951 953 956 1129 
970 1142 942 1153 
902 904 1139 939 
842 854 896 891 
936 897 1112 937 
851 888 895 852 
954 1128 928 955 
1133 981 986 1132 
885 840 850 892 
921 923 886 887 
894 898 931 925 
852 895 889 841 
895 888 927 1119 
938 905 901 961 
898 863 919 931 
885 892 924 926 
888 885 926 927 
895 928 1121 889 
890 929 1122 896 
863 861 905 919 
900 1104 933 950 
958 993 953 935 
858 859 903 901 
961 1138 982 1152 
882 872 920 906 
876 874 915 914 
980 1143 967 1007 
938 965 919 905 
942 910 913 944 
1137 913 916 909 
1107 932 1117 960 
910 875 877 913 
943 912 914 1141 
914 912 873 876 
1141 963 984 943 
963 1141 914 915 
1142 911 910 942 
915 911 1142 963 
907 941 1137 909 
941 1147 969 1137 
1144 1006 1148 1031 
893 894 925 922 
943 1140 920 912 
1134 1055 968 945 
925 931 949 972 
945 1131 964 1134 
1131 926 924 964 
986 1134 964 1132 
966 955 959 988 
1130 945 968 947 
1121 929 890 889 
966 987 954 955 
1122 929 1128 930 
999 936 937 1022 
1116 1112 1115 1123 
919 965 949 931 
835 932 1107 866 
880 951 1117 932 
934 933 1102 839 
977 976 807 808 
1129 989 1117 951 
784 899 1103 813 
1103 899 936 999 
1000 954 987 1014 
985 949 965 1151 
971 948 1140 943 
974 973 995 998 
940 1136 908 917 
944 913 1137 969 
963 983 1016 984 
948 906 920 1140 
1147 990 991 1154 
789 1001 1002 814 
946 922 925 972 
955 928 1130 947 
939 1143 980 1150 
1143 939 1139 948 
950 957 979 958 
1107 960 1118 952 
918 881 952 1118 
976 975 806 807 
808 788 974 977 
1011 966 988 1071 
1128 954 1000 930 
959 955 947 968 
973 974 788 796 
962 1135 918 1118 
957 1029 975 979 
805 806 975 1029 
1025 1046 1047 1024 
1118 960 1127 962 
989 1127 960 1117 
938 961 1152 1155 
1019 1020 1059 1042 
1135 940 917 918 
983 963 1142 970 
1150 982 1138 939 
810 1005 1001 789 
992 1032 1007 967 
991 990 1017 1033 
942 944 1154 1153 
970 1009 1016 983 
984 1012 971 943 
948 971 967 1143 
985 1008 972 949 
1146 946 972 1008 
978 1081 1021 994 
997 996 1018 1030 
1029 957 934 839 
1110 993 958 979 
1144 1058 1048 1006 
797 798 978 994 
975 976 997 979 
1134 1039 1124 1055 
1023 982 1150 980 
1152 982 1023 1155 
991 970 1153 1154 
1045 1060 1063 1049 
968 1055 1114 959 
1026 1050 1046 1025 
1074 1047 1085 1082 
1047 1074 1061 1024 
993 1015 956 953 
962 1013 1149 1135 
1016 1009 1035 1036 
984 1016 1036 1012 
1009 970 991 1033 
1060 1053 1068 1073 
992 967 971 1012 
976 977 996 997 
979 997 1030 1110 
998 996 977 974 
1058 1062 1038 1048 
813 1103 1027 795 
1000 1022 937 930 
1071 988 1010 1085 
811 1004 1092 787 
1024 1061 1003 1002 
999 1041 1027 1103 
1031 1129 956 1015 
1032 1053 1040 1007 
980 1007 1040 1023 
1035 1009 1033 1051 
1114 1010 988 959 
1026 1025 1001 1005 
987 966 1011 1050 
1014 1108 1022 1000 
1030 1034 993 1110 
1019 1018 996 998 
990 1013 1038 1017 
1017 1052 1051 1033 
1034 1030 1018 1043 
998 995 1020 1019 
995 1021 1044 1020 
1120 1052 1062 1069 
1088 1081 809 794 
1061 1092 1004 1003 
1041 1026 1005 1027 
1050 1026 1041 1108 
1041 999 1022 1108 
1028 1045 1049 1008 
1008 985 1151 1028 
1129 1031 1148 989 
1034 1072 1015 993 
1064 992 1012 1036 
1079 1097 1095 1089 
1052 1017 1038 1062 
1075 1064 1054 1100 
1018 1019 1042 1043 
1054 1035 1051 1066 
1036 1035 1054 1064 
1008 1049 1057 1146 
1076 1087 1082 1056 
1013 1006 1048 1038 
946 1146 981 1133 
1040 1053 1060 1045 
1023 1040 1045 1028 
1043 1126 1072 1034 
1059 1020 1044 1113 
1044 1021 1081 1070 
1073 1077 1063 1060 
1037 1056 1010 1114 
787 1092 1083 792 
1144 1072 1126 1058 
1084 1057 1049 1063 
1124 1037 1114 1055 
1014 987 1050 1108 
1050 1011 1071 1046 
1066 1091 1100 1054 
1086 1065 1080 1093 
1064 1075 1032 992 
1073 1068 1090 1079 
1065 1066 1051 1052 
1067 1039 1057 1084 
1146 1057 1039 981 
1125 1043 1042 1059 
1069 1062 1145 1125 
1078 1113 1044 1070 
1085 1047 1046 1071 
1092 1061 1074 1083 
1145 1062 1058 1126 
1076 1109 1094 1087 
1100 1091 1098 1090 
1087 1083 1074 1082 
1084 1063 1077 1109 
1037 1067 1076 1056 
1075 1068 1053 1032 
1125 1145 1126 1043 
1113 1078 1120 1069 
1093 1078 1088 1101 
1031 1015 1072 1144 
1099 1094 1089 1095 
1052 1120 1080 1065 
1076 1067 1084 1109 
1073 1079 1089 1077 
1059 1113 1069 1125 
1090 1068 1075 1100 
791 786 1095 1097 
1093 1101 1096 1086 
793 792 1083 1099 
1085 1010 1056 1082 
1098 1096 790 812 
1066 1065 1086 1091 
1070 1081 1088 1078 
1087 1094 1099 1083 
812 791 1097 1098 
1090 1098 1097 1079 
1078 1093 1080 1120 
804 790 1096 1101 
1089 1094 1109 1077 
786 793 1099 1095 
1091 1086 1096 1098 
1101 1088 794 804 
1104 900 832 870 
1106 843 855 884 
958 935 1111 950 
1112 897 883 1115 
1123 1115 884 891 
928 895 1119 1130 
1130 1119 927 945 
929 1121 928 1128 
896 1122 1123 891 
1124 1039 1067 1037 
1127 989 1148 1006 
1132 923 921 1133 
986 981 1039 1134 
1139 904 906 948 
941 1136 1149 1156 
990 1156 1149 1013 
1147 941 1156 990 
1028 1151 1155 1023 
1155 1151 965 938 
1154 944 969 1147 
</DataArray>
<DataArray type="Int32" Name="offsets" format="ascii">
4 8 12 16 20 24 28 32 36 40 44 48 52 56 60 64 68 72 76 80 84 88 92 96 100 104 108 112 116 120 124 128 132 136 140 144 148 152 156 160 164 168 172 176 180 184 188 192 196 200 204 208 212 216 220 224 228 232 236 240 244 248 252 256 260 264 268 272 276 280 284 288 292 296 300 304 308 312 316 320 324 328 332 336 340 344 348 352 356 360 364 368 372 376 380 384 388 392 396 400 404 408 412 416 420 424 428 432 436 440 444 448 452 456 460 464 468 472 476 480 484 488 492 496 500 504 508 512 516 520 524 528 532 536 540 544 548 552 556 560 564 568 572 576 580 584 588 592 596 600 604 608 612 616 620 624 628 632 636 640 644 648 652 656 660 664 668 672 676 680 684 688 692 696 700 704 708 712 716 720 724 728 732 736 740 744 748 752 756 760 764 768 772 776 780 784 788 792 796 800 804 808 812 816 820 824 828 832 836 840 844 848 852 856 860 864 868 872 876 880 884 888 892 896 900 904 908 912 916 920 924 928 932 936 940 944 948 952 956 960 964 968 972 976 980 984 988 992 996 1000 1004 1008 1012 1016 1020 1024 1028 1032 1036 1040 1044 1048 1052 1056 1060 1064 1068 1072 1076 1080 1084 1088 1092 1096 1100 1104 1108 1112 1116 1120 1124 1128 1132 1136 1140 1144 1148 1152 1156 1160 1164 1168 1172 1176 1180 1184 1188 1192 1196 1200 1204 1208 1212 1216 1220 1224 1228 1232 1236 1240 1244 1248 1252 1256 1260 1264 1268 1272 1276 1280 1284 1288 1292 1296 1300 1304 1308 1312 1316 1320 1324 1328 1332 1336 1340 1344 1348 1352 1356 1360 1364 1368 1372 1376 1380 1384 1388 1392 1396 1400 1404 1408 1412 1416 1420 1424 1428 1432 1436 1440 1444 1448 1452 1456 1460 1464 1468 1472 1476 1480 1484 1488 1492 1496 1500 1504 1508 1512 1516 1520 1524 1528 1532 1536 1540 1544 1548 1552 1556 1560 1564 1568 1572 1576 1580 1584 1588 1592 1596 1600 1604 1608 1612 1616 1620 1624 1628 1632 1636 1640 1644 1648 1652 1656 1660 1664 1668 1672 1676 1680 1684 1688 1692 1696 1700 1704 1708 1712 1716 1720 1724 1728 1732 1736 1740 1744 1748 1752 1756 1760 1764 1768 1772 1776 1780 1784 1788 1792 1796 1800 1804 1808 1812 1816 1820 1824 1828 1832 1836 1840 1844 1848 1852 1856 1860 1864 1868 1872 1876 1880 1884 1888 1892 1896 1900 1904 1908 1912 1916 1920 1924 1928 1932 1936 1940 1944 1948 1952 1956 1960 1964 1968 1972 1976 1980 1984 1988 1992 1996 2000 2004 2008 2012 2016 2020 2024 2028 2032 2036 2040 2044 2048 2052 2056 2060 2064 2068 2072 2076 2080 2084 2088 2092 2096 2100 2104 2108 2112 2116 2120 2124 2128 2132 2136 2140 2144 2148 2152 2156 2160 2164 2168 2172 2176 2180 2184 2188 2192 2196 2200 2204 2208 2212 2216 2220 2224 2228 2232 2236 2240 2244 2248 2252 2256 2260 2264 2268 2272 2276 2280 2284 2288 2292 2296 2300 2304 2308 2312 2316 2320 2324 2328 2332 2336 2340 2344 2348 2352 2356 2360 2364 2368 2372 2376 2380 2384 2388 2392 2396 2400 2404 2408 2412 2416 2420 2424 2428 2432 2436 2440 2444 2448 2452 2456 2460 2464 2468 2472 2476 2480 2484 2488 2492 2496 2500 2504 2508 2512 2516 2520 2524 2528 2532 2536 2540 2544 2548 2552 2556 2560 2564 2568 2572 2576 2580 2584 2588 2592 2596 2600 2604 2608 2612 2616 2620 2624 2628 2632 2636 2640 2644 2648 2652 2656 2660 2664 2668 2672 2676 2680 2684 2688 2692 2696 2700 2704 2708 2712 2716 2720 2724 2728 2732 2736 2740 2744 2748 2752 2756 2760 2764 2768 2772 2776 2780 2784 2788 2792 2796 2800 2804 2808 2812 2816 2820 2824 2828 2832 2836 2840 2844 2848 2852 2856 2860 2864 2868 2872 2876 2880 2884 2888 2892 2896 2900 2904 2908 2912 2916 2920 2924 2928 2932 2936 2940 2944 2948 2952 2956 2960 2964 2968 2972 2976 2980 2984 2988 2992 2996 3000 3004 3008 3012 3016 3020 3024 3028 3032 3036 3040 3044 3048 3052 3056 3060 3064 3068 3072 3076 3080 3084 3088 3092 3096 3100 3104 3108 3112 3116 3120 3124 3128 3132 3136 3140 3144 3148 3152 3156 3160 3164 3168 3172 3176 3180 3184 3188 3192 3196 3200 3204 3208 3212 3216 3220 3224 3228 3232 3236 3240 3244 3248 3252 3256 3260 3264 3268 3272 3276 3280 3284 3288 3292 3296 3300 3304 3308 3312 3316 3320 3324 3328 3332 3336 3340 3344 3348 3352 3356 3360 3364 3368 3372 3376 3380 3384 3388 3392 3396 3400 3404 3408 3412 3416 3420 3424 3428 3432 3436 3440 3444 3448 3452 3456 3460 3464 3468 3472 3476 3480 3484 3488 3492 3496 3500 3504 3508 3512 3516 3520 3524 3528 3532 3536 3540 3544 3548 3552 3556 3560 3564 3568 3572 3576 3580 3584 3588 3592 3596 3600 3604 3608 3612 3616 3620 3624 3628 3632 3636 3640 3644 3648 3652 3656 3660 3664 3668 3672 3676 3680 3684 3688 3692 3696 3700 3704 3708 3712 3716 3720 3724 3728 3732 3736 3740 3744 3748 3752 3756 3760 3764 3768 3772 3776 3780 3784 3788 3792 3796 3800 3804 3808 3812 3816 3820 3824 3828 3832 3836 3840 3844 3848 3852 3856 3860 3864 3868 3872 3876 3880 3884 3888 3892 3896 3900 3904 3908 3912 3916 3920 3924 3928 3932 3936 3940 3944 3948 3952 3956 3960 3964 3968 3972 3976 3980 3984 3988 3992 3996 4000 4004 4008 4012 4016 4020 4024 4028 4032 4036 4040 4044 4048 4052 4056 4060 4064 4068 4072 4076 4080 4084 4088 4092 4096 4100 4104 4108 4112 4116 4120 4124 4128 4132 4136 4140 4144 4148 4152 4156 4160 4164 4168 4172 4176 4180 4184 4188 4192 4196 4200 4204 4208 4212 4216 4220 4224 4228 4232 4236 4240 4244 4248 4252 4256 4260 4264 4268 4272 4276 4280 4284 4288 4292 4296 4300 4304 4308 4312 4316 4320 4324 4328 4332 4336 4340 4344 4348 4352 4356 4360 4364 4368 4372 4376 4380 4384 4388 4392 4396 4400 4404 4408 4412 4416 4420 4424 4428 4432 4436 4440 4444 4448 4452 4456 4460 4464 4468 
</DataArray>
<DataArray type="UInt8" Name="types" format="ascii">
9 9 9 9 9 9 9 9 9 9 9 9 9 9 9 9 9 9 9 9 9 9 9 9 9 9 9 9 9 9 9 9 9 9 9 9 9 9 9 9 9 9 9 9 9 9 9 9 9 9 9 9 9 9 9 9 9 9 9 9 9 9 9 9 9 9 9 9 9 9 9 9 9 9 9 9 9 9 9 9 9 9 9 9 9 9 9 9 9 9 9 9 9 9 9 9 9 9 9 9 9 9 9 9 9 9 9 9 9 9 9 9 9 9 9 9 9 9 9 9 9 9 9 9 9 9 9 9 9 9 9 9 9 9 9 9 9 9 9 9 9 9 9 9 9 9 9 9 9 9 9 9 9 9 9 9 9 9 9 9 9 9 9 9 9 9 9 9 9 9 9 9 9 9 9 9 9 9 9 9 9 9 9 9 9 9 9 9 9 9 9 9 9 9 9 9 9 9 9 9 9 9 9 9 9 9 9 9 9 9 9 9 9 9 9 9 9 9 9 9 9 9 9 9 9 9 9 9 9 9 9 9 9 9 9 9 9 9 9 9 9 9 9 9 9 9 9 9 9 9 9 9 9 9 9 9 9 9 9 9 9 9 9 9 9 9 9 9 9 9 9 9 9 9 9 9 9 9 9 9 9 9 9 9 9 9 9 9 9 9 9 9 9 9 9 9 9 9 9 9 9 9 9 9 9 9 9 9 9 9 9 9 9 9 9 9 9 9 9 9 9 9 9 9 9 9 9 9 9 9 9 9 9 9 9 9 9 9 9 9 9 9 9 9 9 9 9 9 9 9 9 9 9 9 9 9 9 9 9 9 9 9 9 9 9 9 9 9 9 9 9 9 9 9 9 9 9 9 9 9 9 9 9 9 9 9 9 9 9 9 9 9 9 9 9 9 9 9 9 9 9 9 9 9 9 9 9 9 9 9 9 9 9 9 9 9 9 9 9 9 9 9 9 9 9 9 9 9 9 9 9 9 9 9 9 9 9 9 9 9 9 9 9 9 9 9 9 9 9 9 9 9 9 9 9 9 9 9 9 9 9 9 9 9 9 9 9 9 9 9 9 9 9 9 9 9 9 9 9 9 9 9 9 9 9 9 9 9 9 9 9 9 9 9 9 9 9 9 9 9 9 9 9 9 9 9 9 9 9 9 9 9 9 9 9 9 9 9 9 9 9 9 9 9 9 9 9 9 9 9 9 9 9 9 9 9 9 9 9 9 9 9 9 9 9 9 9 9 9 9 9 9 9 9 9 9 9 9 9 9 9 9 9 9 9 9 9 9 9 9 9 9 9 9 9 9 9 9 9 9 9 9 9 9 9 9 9 9 9 9 9 9 9 9 9 9 9 9 9 9 9 9 9 9 9 9 9 9 9 9 9 9 9 9 9 9 9 9 9 9 9 9 9 9 9 9 9 9 9 9 9 9 9 9 9 9 9 9 9 9 9 9 9 9 9 9 9 9 9 9 9 9 9 9 9 9 9 9 9 9 9 9 9 9 9 9 9 9 9 9 9 9 9 9 9 9 9 9 9 9 9 9 9 9 9 9 9 9 9 9 9 9 9 9 9 9 9 9 9 9 9 9 9 9 9 9 9 9 9 9 9 9 9 9 9 9 9 9 9 9 9 9 9 9 9 9 9 9 9 9 9 9 9 9 9 9 9 9 9 9 9 9 9 9 9 9 9 9 9 9 9 9 9 9 9 9 9 9 9 9 9 9 9 9 9 9 9 9 9 9 9 9 9 9 9 9 9 9 9 9 9 9 9 9 9 9 9 9 9 9 9 9 9 9 9 9 9 9 9 9 9 9 9 9 9 9 9 9 9 9 9 9 9 9 9 9 9 9 9 9 9 9 9 9 9 9 9 9 9 9 9 9 9 9 9 9 9 9 9 9 9 9 9 9 9 9 9 9 9 9 9 9 9 9 9 9 9 9 9 9 9 9 9 9 9 9 9 9 9 9 9 9 9 9 9 9 9 9 9 9 9 9 9 9 9 9 9 9 9 9 9 9 9 9 9 9 9 9 9 9 9 9 9 9 9 9 9 9 9 9 9 9 9 9 9 9 9 9 9 9 9 9 9 9 9 9 9 9 9 9 9 9 9 9 9 9 9 9 9 9 9 9 9 9 9 9 9 9 9 9 9 9 9 9 9 9 9 9 9 9 9 9 9 9 9 9 9 9 9 9 9 9 9 9 9 9 9 9 9 9 9 9 9 9 9 9 9 9 9 9 9 9 9 9 9 9 9 9 9 9 9 9 9 9 9 9 9 9 9 9 9 9 9 9 9 9 9 9 9 9 9 9 9 9 9 9 9 9 9 9 9 9 9 9 9 9 9 9 9 9 9 9 9 9 9 9 9 9 9 9 9 9 9 9 9 9 9 9 9 9 9 9 9 9 9 9 9 9 9 9 9 9 9 9 9 9 9 9 9 9 9 9 9 9 9 9 9 9 9 9 9 9 9 9 9 9 9 9 9 9 9 9 9 9 9 9 9 9 9 9 9 9 9 9 9 9 9 
</DataArray>
</Cells>
<PointData>
<DataArray type="Float64" Name="phi" NumberOfComponents="1" format="ascii">
0.6302830496379696 
0.6336039512855081 
0.631986099261996 
0.6232549316577873 
0.6073514314099343 
0.5853529553440885 
0.734028421244513 
0.7361658792188979 
0.7304810311202081 
0.7145141007790859 
0.689075129597057 
0.6559181616140383 
0.855272205686717 
0.8542866216339861 
0.840055801227211 
0.8136983999554943 
0.7729519511642244 
0.7227507938648684 
1 
0.9723831773710958 
0.9488893145367779 
0.8984472151307937 
0.8344770100861146 
0.7666722165085333 
1 
0.9724646131925518 
0.9490475616705851 
0.8987117387937826 
0.8347829628115814 
0.7669544624062457 
0.8554638500382115 
0.8545909253297079 
0.8405185695959009 
0.8143293198253135 
0.7736729323085003 
0.7234663643059325 
0.7343643033212677 
0.7366072247554741 
0.7310434090573716 
0.7152089530618927 
0.6898998905170096 
0.6568277203277583 
0.6307621263907592 
0.6341559008809821 
0.6325882490664382 
0.6239279359377228 
0.6081436061999032 
0.5863261378128749 
0.2037800576507253 
0.2041527446056738 
0.2048995099229312 
0.2077251127029743 
0.2124324796400806 
0.2194228837788875 
0.2283025111306683 
0.2388022152380682 
0.2507177625653482 
0.2639621567679326 
0.2788388586055612 
0.2953982803417464 
0.3137473097682975 
0.333988926128808 
0.3562490045550842 
0.380608165540887 
0.4072827362488651 
0.4360438440226771 
0.4665684730411385 
0.4981308798861364 
0.5296281184692042 
0.5595796533703548 
0.2060818844304081 
0.2193707690708775 
0.2037898783320228 
0.2041850017199265 
0.2281415714957039 
0.206110566597788 
0.4656892531229405 
0.3133964684791865 
0.2049648860550288 
0.2079141330366288 
0.212477870503761 
0.2951367648249673 
0.4353073279924059 
0.5584808034614209 
0.5285317422706537 
0.4971187533403806 
0.4066433414803162 
0.3800686214825236 
0.3557051907550167 
0.3335321926218613 
0.2786520856166139 
0.2637996449631548 
0.2504502469438919 
0.2385507813541486 
0.6175970613519038 
0.6685152605071341 
0.6995053671343959 
0.6992614903825575 
0.6678599926167436 
0.6166766148618398 
0.5760098864340083 
0.6143749230809947 
0.6365771584072073 
0.6363704551042927 
0.6137954839368458 
0.5751404064535734 
0.5345567317117521 
0.5633423219637214 
0.5794051376101453 
0.5792282264913845 
0.5628358834531447 
0.5337744953518075 
0.4948928895650504 
0.5164993091897278 
0.5282363328603745 
0.528083612384379 
0.5160588668214142 
0.4942095566547636 
0.457940630871877 
0.4741830270477645 
0.4828305408737538 
0.4827000475728228 
0.4738049692802692 
0.4573526573987373 
0.4241027133568485 
0.4363251613876243 
0.4427345488445075 
0.442625890536711 
0.4360087805950704 
0.4236065934308477 
0.3934747638586348 
0.4026596323081881 
0.4074208302231246 
0.4073311112812606 
0.4023963882324952 
0.3930540224792528 
0.3659566910643824 
0.372821011240097 
0.37634677168676 
0.3762704961363516 
0.3725939944929735 
0.3655814037766674 
0.3412915644762224 
0.3463861770428515 
0.3489802068494127 
0.3489139731083137 
0.3461886029589453 
0.3409634878291924 
0.3191860358981518 
0.3229366936746247 
0.324827090409952 
0.3247701742169537 
0.3227694127777027 
0.3189189218708502 
0.2993874466121165 
0.3021014226954977 
0.3034546129651677 
0.3034065917042232 
0.3019629339840071 
0.299175185712847 
0.2816691687958152 
0.2835661319404639 
0.2845000169868099 
0.2844598464121468 
0.2834511660896916 
0.2814997507533051 
0.2658415401887164 
0.2670719031600878 
0.2676709250405966 
0.2676368393353209 
0.2669721447865934 
0.2656862565065662 
0.2517315497268443 
0.2524160255989079 
0.2527451328349395 
0.2527161028126887 
0.2523258284072747 
0.2515703930900037 
0.2392045334078086 
0.2394608937749889 
0.2395773287446251 
0.2395554573581754 
0.239388476877601 
0.2390597887383698 
0.228240021470441 
0.2281680335104119 
0.2281192899360305 
0.2281085225768331 
0.2281291909477745 
0.2281539623090421 
0.2189690064372358 
0.2186308041551262 
0.2184510037231541 
0.2184517961060799 
0.2186316383746875 
0.2189573299611036 
0.2116536579883861 
0.2111039377492224 
0.2108207860248321 
0.2108282980029689 
0.2111291326583324 
0.2117070895851884 
0.2067422744418226 
0.2060417479221574 
0.2056917377025894 
0.2057009777617971 
0.2060727376695716 
0.2068040271642711 
1 
1 
1 
1 
1 
1 
1 
1 
1 
1 
1 
1 
1 
1 
1 
1 
1 
1 
1 
1 
1 
1 
1 
1 
1 
1 
1 
1 
1 
1 
1 
1 
1 
1 
1 
1 
1 
1 
1 
1 
1 
1 
1 
1 
0.8455143961408437 
0.7142984636149052 
0.6029494046347793 
0.6061185698204152 
0.6072124654983225 
0.6070771918104352 
0.6070777703456651 
0.6073492159379457 
0.6059078243246304 
0.6057240511211354 
0.6063361846676913 
0.6068736415625486 
0.6073082759470625 
0.6076292395079776 
0.6079557613472195 
0.6083137573732283 
0.6087756189752545 
0.6093437890515782 
0.6100036810502498 
0.6107392989903293 
0.6116652755251305 
0.6129873167262028 
0.6147860884369573 
0.6173093770151832 
0.6207273988020977 
0.6252658603631245 
0.6130483534818324 
0.6010494512355857 
1 
1 
0.6105717967467289 
0.6256274755422729 
0.6068966703057224 
0.6025924151253697 
0.6083006799555148 
0.6074894955006699 
0.6068615049416535 
0.6116829668865845 
0.6066476439861449 
0.6067244476303282 
0.6210149753659373 
0.6072384276607178 
0.6078614022104168 
0.6076263296147248 
0.6175027851565992 
0.6088914611166115 
0.606876736195625 
0.6067706855080763 
0.6149307457055784 
0.6096811472371214 
0.607267822794897 
0.6072273754452726 
0.6058348214861848 
0.6017731292706453 
0.7135088375402926 
0.8451769629451947 
1 
1 
1 
1 
0.8540765979353022 
0.7302710320052763 
0.8517522221923782 
0.7267338420565899 
0.850414297782182 
0.7241677621404535 
0.8494836886882789 
0.7223692438006096 
0.8488103705796927 
0.7210637795307253 
0.84830401480736 
0.7200865499807217 
0.8479077457235642 
0.7193229265655792 
0.8475869868898178 
0.7186970330333345 
0.8473251232281799 
0.7181826569115358 
0.8471178494456572 
0.7177742146171405 
0.8469631070566281 
0.7174783966584182 
0.8468511399833611 
0.7172792422498767 
0.8467614364678362 
0.7171255813106379 
0.846677939909395 
0.7169576173015855 
0.8466050663650377 
0.7167958891687058 
0.8465558011249459 
0.7167061761512417 
0.8465287687070996 
0.716671156829456 
0.8465162630206323 
0.7166383576292996 
0.8465235993100584 
0.7166420889247365 
0.8465467566078937 
0.7167309379698005 
0.8465236302058601 
0.7167896815704661 
0.8463237991513212 
0.7165065286831782 
0.8458922558045602 
0.7154762995725423 
0.8453978385448407 
0.7141719968871544 
0.7300192826425667 
0.8539477404047517 
0.7265466954380435 
0.8516578087537995 
0.7240320112109487 
0.8503466493422736 
0.722280903890003 
0.8494397443837468 
0.7210204427299173 
0.8487916213788671 
0.7201061243805313 
0.848316932612286 
0.7194276164095904 
0.847960257477651 
0.7188951707758729 
0.8476798993839385 
0.7184463354015206 
0.8474480853911361 
0.7180623918555189 
0.847251862411642 
0.7177432158674228 
0.8470864410718588 
0.7174767233001581 
0.8469455549073404 
0.7172381555266537 
0.8468172947898858 
0.7169906582519446 
0.8466870672894742 
0.7167069774788637 
0.8465462765539585 
0.7163946517700633 
0.8464140361268078 
0.7162004632606072 
0.8463512118835528 
0.7163569268973313 
0.8463968779768527 
0.7166711324752241 
0.8465020463681284 
0.716836436000531 
0.8465719641479342 
0.7167994384534564 
0.8465511352140779 
0.7165686225442611 
0.8463859663018669 
0.715786726127784 
0.8460560832979162 
0.7147996145781551 
0.8456815320359304 
0.2253576797750876 
0.2268297614443369 
0.2276404223235327 
0.2283466968434234 
0.2290184896554491 
0.2128374413219843 
0.1822757278078421 
0.1498032272127027 
0.117677325796026 
0.08779365925930936 
0.06043094437355138 
0.04198911883473901 
0.02914390263747658 
0.02162076150034161 
0.01760571193462434 
0.01619928196627995 
0.01577685130421114 
0.01746000836389376 
0.02315391799924537 
0.03420975456295514 
0.05337674422341971 
0.08542570240750157 
0.1382744429820012 
0.225067316119613 
0.3693730599085945 
0.01571138563064016 
0.2095940300102677 
0.2292537314177965 
0.2145827455621098 
0.2190050278275778 
0.2227760647731577 
0.522257852546437 
0.5267900588690746 
0.5239538355248228 
0.5265305774548261 
0.5148163946233185 
0.4993425813111906 
0.4917878270095751 
0.4816382419327199 
0.479133482708035 
0.4800333335420245 
0.4826364142830135 
0.5121392397164303 
0.5068754796414662 
0.5031099215615992 
0.5183691850746044 
0.5003623484941081 
0.4955524637942824 
0.4854621765607104 
0.4815642403613772 
0.4756108855745818 
0.4902553948918209 
0.4903420055231983 
0.495998349107288 
0.474547250523407 
0.4376052513406526 
0.3603632305498675 
0.3982442734845008 
0.4222998549397048 
0.4468767761049205 
0.4704625355446005 
0.504638065592971 
0.4907562483247265 
0.2527021154232967 
0.2845479677203082 
0.3199123190774441 
0.3399081585930891 
0.3770852293122506 
0.4391923056000581 
0.4401762903249038 
0.4379333471143043 
0.4375464991923783 
0.4299862094660645 
0.4344472456883988 
0.476329416345894 
0.4964242247113325 
0.4902763745094772 
0.378474538759254 
0.3756126459695525 
0.3872721794826185 
0.4127768624836916 
0.3968008589290084 
0.407752549443562 
0.3986324986648911 
0.393074082975493 
0.4028018136286172 
0.3860968256258884 
0.3789017153718696 
0.3910803780840195 
0.3908047290407192 
0.3672025922064912 
0.3765339401048627 
0.420127697450987 
0.2302899207306919 
0.2622546798136886 
0.3013159847185241 
0.3987035879807708 
0.3788388139774863 
0.4174513971340565 
0.3377519498456412 
0.3411313740193733 
0.2407013716050182 
0.3586001335132571 
0.4312755416536944 
0.2218262315357686 
0.3233154258099589 
0.2728870580362355 
0.2111488226216103 
0.4311645194332756 
0.3618515151831354 
0.3977643157193859 
0.2204386783817756 
0.3662187539505326 
0.3701507511416864 
0.3659501168873193 
0.3713111135429971 
0.3675214661243166 
0.3586123055561547 
0.3134432742524914 
0.2914739971011808 
0.3057490737256565 
0.3073939305408515 
0.3335055546083815 
0.3285338172524089 
0.3224978408409102 
0.2981229908432319 
0.2917850079019099 
0.3328957780068654 
0.3111732678381535 
0.3034072200558438 
0.3589749111118945 
0.3433949040068368 
0.3382447770419824 
0.3542547425573854 
0.3708692087089058 
0.322059571611183 
0.3061903237670314 
0.2880194754578775 
0.2892507366862194 
0.3871464132991593 
0.2881069388144911 
0.2307256114622869 
0.2161238497821734 
0.2571040860723414 
0.3585080860229941 
0.3867753426587635 
0.2906200087230239 
0.3263310541517044 
0.2539114364583829 
0.2762447881796097 
0.2448218530317156 
0.2680125467599016 
0.3142364026043357 
0.286698773204819 
0.2793932849195274 
0.2985655954135976 
0.2272204647109557 
0.2612399740163835 
0.304753791345281 
0.3073423876523281 
0.2728208758936336 
0.2506684570155081 
0.300542081611517 
0.3066966590343191 
0.2455313330017592 
0.2200659827275471 
0.2384783489761207 
0.2580370107184325 
0.3152362294795641 
0.2161835363255573 
0.3002243460303873 
0.2716816078160589 
0.2273240432626432 
0.2117747261461289 
0.2140485453360705 
0.1869404747537798 
0.2491049065040111 
0.2259774778161435 
0.2212957151534574 
0.2478631125489248 
0.2471694208169447 
0.2133278715774672 
0.2698605162935339 
0.2208740439249008 
0.2230637184228446 
0.2197033388928284 
0.2223945754596325 
0.2235867616560359 
0.2137840403257319 
0.2224611097971621 
0.185230868072068 
0.2221224623745231 
0.182018514932364 
0.1968397398100574 
0.1686927481325171 
0.2397430235824484 
0.2309280308005361 
0.2135137404323099 
0.2251687298517905 
0.2420511988286198 
0.1490751075744299 
0.1427521678012752 
0.1549140172068753 
0.2119483836068218 
0.218329174460264 
0.2312024391056934 
0.2173227435197164 
0.211109405359777 
0.2214863867687629 
0.2230389242173887 
0.2175927271886978 
0.2324025752423568 
0.03564233157530268 
0.02378747914971641 
0.01762087671022402 
0.05550318660944838 
0.08735400220854428 
0.1644435903125629 
0.2247793098248342 
0.2074331888805475 
0.1458812645152626 
0.1747580332485003 
0.2015771900270404 
0.1419613020735657 
0.1602117596255442 
0.2330526154719506 
0.1977018511418758 
0.1504913558226613 
0.1110665538191582 
0.1195961307549856 
0.1866177463840172 
0.1868249002503751 
0.2147381747888588 
0.2217068654815014 
0.2052321223712318 
0.2010211942439397 
0.1396079534923291 
0.02603480056335684 
0.03963842382049988 
0.1379376755847405 
0.06097844855366405 
0.148012430840998 
0.2161674137077955 
0.2260489269815438 
0.1525920088026853 
0.2192414711655656 
0.1814718327214255 
0.102242126367528 
0.1035332901102571 
0.1863983181619966 
0.1603257404830701 
0.2253955894686791 
0.1449977367838085 
0.1893607613076365 
0.09919044473291486 
0.1678203951947273 
0.1036017171102678 
0.2038900866784029 
0.215339675316133 
0.1290468114410072 
0.1927074409384773 
0.118300079893862 
0.07027250136077479 
0.04719652642395912 
0.2077141372107985 
0.1501869775015302 
0.1294579450285246 
0.08430266745719088 
0.06697560119049573 
0.09315313265361437 
0.1517928001812532 
0.1042460318817508 
0.1710951618737188 
0.1925789747771459 
0.1912062192069443 
0.05969952291578934 
0.0314624727779623 
0.1912112451667187 
0.08388272282377433 
0.1021350670164646 
0.1202860689559646 
0.1208747802828437 
0.1419403453642163 
0.1032930354325277 
0.181872305173023 
0.07805705487192538 
0.1760003185943087 
0.1700926372686802 
0.04290467591383645 
0.08221007694387034 
0.06035444550913801 
0.09364739761714685 
0.1271663977219678 
0.1773578629785941 
0.1755397828141652 
0.1838666006245859 
0.149681300658891 
0.0213622458550929 
0.09429010116935556 
0.0825146694088955 
0.150973714888357 
0.1555470534472759 
0.1009122758702858 
0.03342022479484936 
0.1145320273613706 
0.07263563044653519 
0.05004701711580238 
0.07266353506935087 
0.04572030343153759 
0.06589969108609497 
0.09682452004373684 
0.07894655836855848 
0.1325328452207835 
0.07104383756603073 
0.05646092152162371 
0.1542565415227962 
0.03591229247157095 
0.1625739911035781 
0.1218929524045234 
0.01863022041949154 
0.02405652839175652 
0.05379342035282289 
0.03020130160251504 
0.03181563959070711 
0.05335500189293235 
0.2155957353089792 
0.2136499519678616 
0.2190046984020195 
0.04065977548583623 
0.04457285891393883 
0.2239868091789835 
0.2410608423271631 
0.2704895559140961 
0.4214690654212289 
0.4106924597524602 
0.2278880391485351 
0.04421789014474878 
0.235800266058248 
0.130160452594155 
0.2053892883271086 
0.2443425448043961 
0.2737170087389617 
0.3078957766771732 
0.3863870498812665 
0.2439184675921758 
0.3072547332495414 
0.1118786090962141 
0.1247659454860446 
0.1659284433733328 
0.1979894165908228 
0.2022079515600946 
0.1975782373825754 
0.1874403434677706 
0.2073753763752354 
0.1629126078803296 
0.1748543290184812 
0.2250412559448008 
0.2647526233740534 
0.2658248695079412 
0.2469886525856138 
0.2222531480898349 
0.3013548402910393 
0.2526703263390996 
0.1889263393478881 
0.2171014375580357 
0.3328470838696146 
0.2474863593621547 
0.3115317259686258 
0.3024449923824321 
0.3180997583672486 
0.2357841824904422 
0.2570772946815322 
0.2673151326066269 
0.2634980484008414 
0.3025812066185576 
0.2721877380312819 
0.2100086497912186 
0.3877183162533676 
0.08739230338504984 
0.1827335331858513 
0.04461765661669652 
0.2258494795184915 
0.0288988617901392 
0.06136876782623796 
0.1494388645407454 
0.1174042876234384 
0.0179002468921199 
0.2200909247012298 
0.03026898582756421 
0.02172434044085504 
0.01719393528605081 
0.2284473014214728 
0.01580737249807805 
0.2286946560768292 
0.2279100486295399 
0.01580809256671032 
0.02166299336178659 
0.2486312762004075 
0.1609499801433428 
0.1041149440378598 
0.06765811142330418 
0.01617705600882275 
0.2236413308138761 
0.2129234484459712 
0.04161737344737894 
0.2152843207441466 
0.2271077275294886 
0.520438586402774 
0.5288094009381018 
0.5251987463659058 
0.5269243571559026 
0.5079019000101909 
0.5005601518833344 
0.5025549862215645 
0.5043339868339863 
0.5059904309633203 
0.5009093239217385 
0.4965322876737602 
0.512889755817444 
0.5014549019782202 
0.505876009773887 
0.518715297619605 
0.4968568147371845 
0.4971753398188417 
0.5009823627278741 
0.5240473035533707 
0.4608821280869042 
0.4713758414920969 
0.4905554864462224 
0.4964195687664963 
0.505490311390526 
0.3821611561381697 
0.3418765322458591 
0.28817310960694 
0.2492257635455974 
0.2300227273216993 
0.4722235017462841 
0.4296625273652167 
0.4072324871680808 
0.3848035454376753 
0.4912889295338025 
0.4511531283405544 
0.3627355078059979 
0.3216959889737133 
0.3035483234798965 
0.2737577360950837 
0.2608093444385849 
0.2389206314300573 
0.222937831819863 
0.2173833109176932 
0.4433416495971911 
0.4429726258670538 
0.4391538380854851 
0.4375777882616294 
0.4333041993515365 
0.4272504992582142 
0.5074197425169549 
0.4535346930264935 
0.4808372057713134 
0.4153954537218981 
0.4136991170008331 
0.4199543033593615 
0.4911797277081941 
0.3970330275735083 
0.4178857545097538 
0.4094880353076816 
0.3977201033161142 
0.3987366190279227 
0.4026846704864963 
0.4066085688599241 
0.4206762896357213 
0.4111541183699227 
0.3480538759921529 
0.4035027938088884 
0.4247520072252267 
0.2284800058884107 
0.2381683492496732 
0.3249063661065059 
0.3575668401022131 
0.3724969311980798 
0.3074766109799854 
0.2781275395401913 
0.2667084408918423 
0.2466597066765363 
0.3411546740248659 
0.3867813526712728 
0.4006332310955901 
0.2873136636063013 
0.256043838449092 
0.224758914948013 
0.4141735448138901 
0.2132824153179671 
0.4106470718851358 
0.377027295524049 
0.3624048940648683 
0.3708337578906433 
0.3580586167945685 
0.3750790731683857 
0.3450766334481412 
0.3373275479758803 
0.3388477083557156 
0.3480301817076146 
0.3179749827839835 
0.3125038849968246 
0.327464740747042 
0.3226942397714046 
0.3231744843090556 
0.3121889924556354 
0.3619263631937762 
0.3396521226839462 
0.3268147174145664 
0.3680225143983112 
0.339013485821648 
0.3333055732829079 
0.3402942759708488 
0.3254285106345172 
0.3160238553448131 
0.3485971305498058 
0.305319175685373 
0.293073979940043 
0.2630925155220439 
0.2583405100569073 
0.2406713748076232 
0.3583888294292843 
0.3671569466641489 
0.3755558810001003 
0.3383839842785653 
0.3101410235612278 
0.222263659436097 
0.2304055402351257 
0.3209401235652415 
0.289890819311287 
0.2914457673626396 
0.2631612658243455 
0.2547242664851012 
0.248554628197717 
0.257190905934867 
0.2695113867157308 
0.2916172567075909 
0.2542162588481947 
0.2681788608992323 
0.3077338354874154 
0.3110870981134614 
0.2718416263505101 
0.3925014662209638 
0.2381138562832753 
0.2416800527731713 
0.244668484801382 
0.2086655743636562 
0.2598727206720479 
0.2360213203405446 
0.232567625322922 
0.2999388711520857 
0.3234348763241577 
0.2421847305218876 
0.2355319162073522 
0.2871663293597659 
0.3147210153180087 
0.2303000454717011 
0.188562079254418 
0.2470012929596161 
0.2577303717448498 
0.1834211457700994 
0.2117794572086736 
0.2962142482450571 
0.03200110165427419 
0.04727082592836424 
0.1663692628273656 
0.1083868420547844 
0.07113276835764 
0.01748740206436289 
0.1766123886771599 
0.2213463035341116 
0.2528995759488414 
0.2680387424038268 
0.1896227770800536 
0.1973647531197356 
0.2688841434928513 
0.2654610255431478 
0.2313929091374994 
0.2209282557600091 
0.2320527316903848 
0.17147858704354 
0.1657634844212324 
0.1453312043457672 
0.1780383133445169 
0.0224904400414201 
0.03579750615627354 
0.07585161307902258 
0.1122506896300098 
0.05167548497546169 
0.2222664634224763 
0.2357985662838625 
0.2225868548675731 
0.2205450515481365 
0.2173755522788524 
0.2144117480350772 
0.2227104133435251 
0.1724240762145068 
0.1750164891033775 
0.240706809103286 
0.1375262099390905 
0.2059147879481241 
0.2227074328674653 
0.167133563519826 
0.1783014709348828 
0.2313879256691939 
0.1718173151361304 
0.1602077980515679 
0.1144650031496207 
0.08060906512107315 
0.05727019005749318 
0.04167538995233191 
0.02547864397435035 
0.2285928860237615 
0.2257551466451729 
0.209559169049449 
0.2173668836229054 
0.2216772142847613 
0.2208281209646681 
0.2241992861226863 
0.2488208210910969 
0.1138821118785607 
0.1788682967459033 
0.1327133946179606 
0.1209456603411639 
0.1201241536153493 
0.1055040081890536 
0.1314126167435389 
0.2011946619118167 
0.1219417985854927 
0.2195586974998238 
0.1724017469555144 
0.2230313578339581 
0.06246056056438264 
0.08277680133994475 
0.03136799712929857 
0.1769391403316959 
0.2141505543471367 
0.2016753760638315 
0.1330953713299063 
0.1881333365646236 
0.2230048422618136 
0.08593195377952406 
0.06966534905853182 
0.1302471280065534 
0.08276644668790405 
0.2339701678286561 
0.1867468342866049 
0.2018707127872237 
0.1130041662537158 
0.05038060515216948 
0.1366575358463455 
0.1985847790498106 
0.08199213075052758 
0.1501521058573668 
0.1096405239563318 
0.04985677295057663 
0.06303476013889101 
0.1852549808785894 
0.09614921609133677 
0.05386443340167094 
0.02538396540636137 
0.2140634282508287 
0.1307484136478083 
0.1051275886823463 
0.1834604524681716 
0.09746166643860055 
0.1652238560498739 
0.1220076663642277 
0.02825110271224375 
0.08140392006756665 
0.04066167897350154 
0.01877153348571001 
0.1799955162600946 
0.1563082106610885 
0.1674330348530022 
0.199890268597948 
0.03725079346301874 
0.1549287736611586 
0.0201230726807741 
0.1026807107831966 
0.06849150600153639 
0.04990161141353144 
0.1876144845732124 
0.03028413183249843 
0.1280762032567732 
0.09136391911238885 
0.03083572713185323 
0.06627910031304871 
0.04555589862564091 
0.1208711753854715 
0.06968709877087974 
0.0235395397961987 
0.4551175177343146 
0.2173903973779072 
0.4202511842435543 
0.4237942588140355 
0.2319474527624314 
0.3799165302430847 
0.2268817489645692 
0.1429652992406867 
0.1546133711028677 
0.3473428755254492 
0.232306411658688 
0.03893223605482167 
0.2175385291808231 
0.2353482506678384 
0.2390327564742312 
0.2887705850765568 
0.3112270837569941 
0.2831897107415777 
0.04487648637819861 
0.2670847920955474 
0.2494901473426024 
0.2428672386485017 
0.2177919966671832 
0.06461042963323119 
0.09990448604900626 
0.2326053005925528 
0.2504052867179808 
0.220624542394763 
0.267995435982947 
0.2859876136833767 
0.2917672092106312 
0.2913656967864691 
0.2540888976366861 
0.266918448671696 
0.2771238291529298 
0.2948485092053378 
0.3126857505453723 
0.3038559215440157 
0.2832209222446712 
0.2670046507261977 
0.2434192613445942 
0.2363814467562663 
0.1451679145460664 
0.08061235789945148 
0.2437564308512348 
0.2214142183968561 
0.1930140850524427 
0.2280978035966706 
0.2581834443723843 
0.2665148967813618 
0.2861396529861674 
0.2130388751851491 
0.2087272620960734 
0.2730148463515792 
0.2178336505525488 
</DataArray>
<DataArray type="Float64" Name="displacement" NumberOfComponents="3" format="ascii">
0.000249842484235714 0.0005194017065910327 0 
0.0002247104113019858 0.0006548858802767854 0 
0.0001944408166842487 0.000829820930801436 0 
0.0001531331481913447 0.001037300676692037 0 
9.799281176752617e-05 0.001258520310111306 0 
3.13959250415601e-05 0.001471439856745433 0 
0.0002024039877808043 0.000543052606457853 0 
0.0001785501629752154 0.0007034387060000241 0 
0.0001481405028254611 0.0009226633660273543 0 
0.0001019758463812874 0.001187326695214078 0 
3.695424603888301e-05 0.001459192770924647 0 
-3.895296840727604e-05 0.001701255521256585 0 
0.0001605904780724887 0.0005648133252768843 0 
0.0001456885664507554 0.0007811584191610617 0 
0.000118917596676452 0.001089784531319956 0 
6.310908651044767e-05 0.00145941809387535 0 
-1.815833461501177e-05 0.001790718801066047 0 
-0.0001038270403329051 0.002037562697156222 0 
0.0001528793867920117 0.0005756912573230146 0 
0.0002315106670972108 0.00106418514920887 0 
0.0001936063546176525 0.001646849203352666 0 
8.492841230700474e-05 0.002134165262382719 0 
-3.900913643679608e-05 0.002388916096747257 0 
-0.0001415746118018432 0.002524637905985113 0 
0.000155470994203105 0.005057293125039086 0 
0.0002338442264667308 0.004567446243307725 0 
0.0001955103263550331 0.003981804829019137 0 
8.605146396868649e-05 0.003492042508518233 0 
-3.858840587751353e-05 0.003236562000672519 0 
-0.0001415276996436768 0.003100809255851041 0 
0.0001632570294322704 0.005068234457610446 0 
0.0001481367933829445 0.004851643213332246 0 
0.0001208899237310085 0.004542152303843882 0 
6.444807261598518e-05 0.004170942922218287 0 
-1.753224566590102e-05 0.003837902851460743 0 
-0.0001037404760435134 0.003589763383127762 0 
0.0002051857937302496 0.005090025576460421 0 
0.0001809899975374589 0.004929709842582525 0 
0.0001502469318655386 0.004710070438800487 0 
0.0001035777633476209 0.004444626747835569 0 
3.791222393230834e-05 0.004171481377616238 0 
-3.861289445668698e-05 0.003927879118229232 0 
0.0002522631336386828 0.005113801665491084 0 
0.0002272721458035001 0.004978394141470257 0 
0.0001967318534429512 0.004803293841390702 0 
0.0001549635024614753 0.004595417038586117 0 
9.93234912662256e-05 0.004373283116573811 0 
3.224636163841896e-05 0.004158941932956681 0 
-0.001028360735352617 0.002846359450932244 0 
-0.001019925907870436 0.002908093226761337 0 
-0.00100320839686118 0.002970771775627891 0 
-0.0009435270488812941 0.003066366820804517 0 
-0.0009049385170207795 0.003091738901204652 0 
-0.0008647228823412415 0.003113082780085721 0 
-0.0008233263047708147 0.003132095143292564 0 
-0.0007809356402911851 0.003150014081396893 0 
-0.0007376851590638316 0.003167759038692019 0 
-0.0006940283664911327 0.003186170573922369 0 
-0.0006502577228510481 0.003206447259434286 0 
-0.0006061037667365966 0.003228875557291332 0 
-0.0005611484296033202 0.003254549394251274 0 
-0.0005149271161209764 0.003284635203350926 0 
-0.000467104578914763 0.003320466105448293 0 
-0.0004173849320720622 0.003364206137888404 0 
-0.0003649539814422665 0.003419051782245026 0 
-0.0003091614213609414 0.003486401816017722 0 
-0.0002492534969634533 0.003569985598770191 0 
-0.0001844263015432283 0.003674599781143871 0 
-0.000114620734378797 0.003805300659592465 0 
-4.118685588557037e-05 0.003966393420509821 0 
-0.0009790855900376858 0.0030347931667086 0 
-0.0008632585038975821 0.002516637717860018 0 
-0.001028337952203907 0.002784976260732263 0 
-0.001019886931780696 0.002723276620960503 0 
-0.0008217548217642289 0.00249781369181607 0 
-0.0009798497493079756 0.002597082466758843 0 
-0.0002485179762440673 0.002058825398177086 0 
-0.0005604693725226282 0.002375822312175016 0 
-0.00100332962429681 0.002660688852005979 0 
-0.000944191375819919 0.002565140385744683 0 
-0.0009041521014028529 0.002538079427755404 0 
-0.000605520515930619 0.002401849319178541 0 
-0.0003086400843709538 0.002142952432516689 0 
-4.1444025430283e-05 0.001662627189043278 0 
-0.0001142529289045298 0.001823129159422875 0 
-0.0001836879130431731 0.001953793583694297 0 
-0.0003645049481239234 0.002210504079674061 0 
-0.0004168871482316073 0.00226494099200971 0 
-0.0004665760174857226 0.002309224008708824 0 
-0.0005142198580814685 0.002345480236010282 0 
-0.0006497881286861133 0.002424286676727216 0 
-0.000693532490128549 0.002444212429976346 0 
-0.0007368201857289739 0.00246256711556255 0 
-0.0007795894743282813 0.00248015265393923 0 
-0.0001163895667233085 0.003729501894487697 0 
-0.0001831614124357479 0.003418765520200411 0 
-0.0002234341617716886 0.003027641878401999 0 
-0.0002233493586454822 0.002598065992817874 0 
-0.0001829771023050977 0.002207946870242465 0 
-0.0001163069475191218 0.001898442889037936 0 
-0.0001892433566883384 0.00357682126807162 0 
-0.0002525586792627843 0.003300930199050283 0 
-0.0002898119717733005 0.002981793471709909 0 
-0.0002897064733557687 0.002644408840176604 0 
-0.0002522962226557763 0.002325815860050078 0 
-0.0001889267950544207 0.002050721976264111 0 
-0.0002554759320024556 0.003461223463997673 0 
-0.0003131441802834867 0.00321824312044851 0 
-0.0003459978632884933 0.002951460746457444 0 
-0.0003458986215328767 0.002675419436868619 0 
-0.0003128758019072502 0.002408980852094771 0 
-0.0002550559743151704 0.002166548419983853 0 
-0.0003153665421741826 0.00337348836020662 0 
-0.0003669805661095002 0.003158655340557957 0 
-0.0003955558854143124 0.002930391300949781 0 
-0.000395453838043247 0.002697213116337216 0 
-0.0003666980888981688 0.002469223747131263 0 
-0.0003149276228466392 0.002254847786271899 0 
-0.0003700084767817196 0.003306065454639081 0 
-0.0004159323917062175 0.003114445848878437 0 
-0.0004407710059351415 0.002915121290899199 0 
-0.0004406534756873572 0.00271310315007128 0 
-0.0004156023958269716 0.002514008536674858 0 
-0.0003695351616373297 0.002322812812086225 0 
-0.0004205647379871746 0.003253330529722217 0 
-0.0004614156352915897 0.003080749718826016 0 
-0.0004831350582250598 0.002903653259362977 0 
-0.000483006305430142 0.002725023533262949 0 
-0.0004610495167613508 0.002548073735162121 0 
-0.0004200267525096226 0.002375776767688996 0 
-0.0004679542911158534 0.003211573191188828 0 
-0.0005044979212795767 0.003054571250672408 0 
-0.0005236810688645083 0.002894835937511252 0 
-0.0005235615579670026 0.002734190271694316 0 
-0.0005041573816092372 0.002574507720652429 0 
-0.0004674641578853406 0.002417574130488285 0 
-0.0005131654242846168 0.003178493235883605 0 
-0.0005460657383656637 0.003034013465199609 0 
-0.0005631886067221456 0.002887970273467455 0 
-0.000563089062656805 0.002741409298650131 0 
-0.0005457822314579323 0.002595399396164134 0 
-0.000512738073347403 0.002450996981059985 0 
-0.0005570222869907396 0.003151810622653742 0 
-0.000586825430828852 0.003017587685979722 0 
-0.0006022457579887331 0.002882532071116754 0 
-0.0006021590344093332 0.002747215571690269 0 
-0.0005865693107193131 0.002612210032944626 0 
-0.0005565897289004132 0.002478098215273648 0 
-0.0005999797874053881 0.003129735250690876 0 
-0.0006272339855109863 0.003004122612268432 0 
-0.0006412522368171458 0.002878097286755028 0 
-0.0006411635658561682 0.002751969645973775 0 
-0.0006269740339090773 0.002626016247314171 0 
-0.0005995420406361473 0.002500525380163177 0 
-0.0006423719037180416 0.00311102099026066 0 
-0.0006675742190882499 0.002992754131389973 0 
-0.0006804477575533547 0.002874339494582757 0 
-0.0006803428663755996 0.002755919702302031 0 
-0.0006672749001574038 0.002637598898139906 0 
-0.0006419254106452771 0.002519504314667093 0 
-0.0006844877063562318 0.003094691827282661 0 
-0.0007080136537770485 0.00298284911755267 0 
-0.0007199555214124357 0.002871028703477532 0 
-0.0007198259638947148 0.002759251418457148 0 
-0.0007076479835457904 0.00264751549763864 0 
-0.0006839661220171765 0.002535839505384264 0 
-0.0007264719860030135 0.003080022000893207 0 
-0.0007486201626554688 0.00297397568818851 0 
-0.0007598149686236134 0.002868031719980596 0 
-0.0007596641796267182 0.00276214231218984 0 
-0.0007481918838666779 0.002656241424621074 0 
-0.000725860693604615 0.002550273805541752 0 
-0.0007683872044850988 0.003066612203328388 0 
-0.0007893980502938008 0.002965848213249822 0 
-0.0008000003142229389 0.002865279881471737 0 
-0.0007998373759436621 0.002764778012252119 0 
-0.0007889229921727743 0.002664220315158393 0 
-0.0007676584734579743 0.002563506834708131 0 
-0.0008101911714504564 0.003053837970926246 0 
-0.0008302654613944974 0.002958125699545888 0 
-0.0008403989592811727 0.002862692587797212 0 
-0.0008402360238964582 0.002767341520367648 0 
-0.0008297642878590424 0.002671886980887281 0 
-0.0008093151949739866 0.00257618415792631 0 
-0.0008516346251027847 0.003040967073111034 0 
-0.0008709855280468067 0.002950373294680129 0 
-0.0008807494167063998 0.002860144420508628 0 
-0.0008806110470895111 0.002770018609246048 0 
-0.0008705253749682344 0.002679713504659983 0 
-0.0008507189338537354 0.002589011529779848 0 
-0.0008923647971572429 0.003027205622124152 0 
-0.0009111297534118221 0.002942077591569738 0 
-0.0009205782680306371 0.002857461785621993 0 
-0.0009204909326994627 0.002772999926156579 0 
-0.0009108315061604802 0.002688271492613627 0 
-0.000891664187140053 0.002602866670499358 0 
-0.0009318937584411429 0.003011617856621125 0 
-0.0009500345460110843 0.00293264818417746 0 
-0.0009591520589038264 0.002854428208275919 0 
-0.0009591185924436719 0.002776440368679874 0 
-0.0009499339443953689 0.002698163742759971 0 
-0.0009317193155074675 0.002618969966021455 0 
-0.0009693624111625934 0.002993059944927566 0 
-0.0009867065504852945 0.002921496512108226 0 
-0.0009954880331928344 0.002850803032600751 0 
-0.0009954714165451837 0.002780407916448817 0 
-0.0009866947200049484 0.002709774230848192 0 
-0.0009694709032789423 0.002638353558343567 0 
0.0005043965416753666 0.005672994734873807 0 
0.0005012347212880363 0.005660028123502186 0 
0.0004967944248969883 0.005646907053694531 0 
0.0004909067010333597 0.005633480885524078 0 
0.00048341682351946 0.005619579688995398 0 
0.0004741607906706158 0.005605099949858555 0 
0.0004629871176153435 0.005589708866604698 0 
0.0004498212334168051 0.005573259934780272 0 
0.0004345985526954167 0.005555513314144272 0 
0.0004171675734378939 0.005536178579425853 0 
0.0003974237516583568 0.005514899437144893 0 
0.0003752945557397867 0.005491315368464498 0 
0.0003507425748235823 0.005465093526779254 0 
0.000323811095870466 0.005435859547277635 0 
0.0002947539400029005 0.005403368330266447 0 
0.0002641354355893297 0.005366889952708771 0 
0.0002325515304962735 0.005325674999066161 0 
0.0002008309723075255 0.00527839559894197 0 
0.0001698747861439036 0.00522264379217679 0 
0.0001409208230730229 0.005152733242242967 0 
0.0001382855332493834 0.0004802600433349859 0 
0.0001672171262873077 0.0004105482661494891 0 
0.0001981485009488833 0.000354979253123459 0 
0.0002298363352689965 0.0003079273672549189 0 
0.0002613800445440508 0.0002668756454252107 0 
0.0002919501781723877 0.0002305940998068746 0 
0.0003209496879236995 0.0001983094958593153 0 
0.0003478135650123723 0.0001691706914984278 0 
0.0003723101897325153 0.0001429639804916508 0 
0.0003944130529532118 0.0001193242719996885 0 
0.0004141657533902509 9.790737785762103e-05 0 
0.0004316401073428511 7.838505226510335e-05 0 
0.0004469290826147434 6.045826785181694e-05 0 
0.0004601652044195646 4.386914972721489e-05 0 
0.0004713914840692739 2.831860607499695e-05 0 
0.0004807205175234123 1.364546889123136e-05 0 
0.0004883010390000015 -3.106615063848974e-07 0 
0.000494208696272815 -1.361784514503863e-05 0 
0.0004986258851903175 -2.672560777535653e-05 0 
0.0005017762759219027 -3.968299897966577e-05 0 
0.0005038656751486668 -5.262347427722498e-05 0 
0.0005050534599707985 -6.573760631764783e-05 0 
0.000505583193266703 -7.902933541073141e-05 0 
0.0005057581798060325 -9.246943522093862e-05 0 
0.0005171082257404146 -0.0001059655431889069 0 
0.0005283041743386516 -0.0001059475185425929 0 
0.0005395631965611617 -9.255780140700413e-05 0 
0.0005396234406928147 -7.980042667941428e-05 0 
0.000539174722477725 -6.782328149295144e-05 0 
0.0005381675572131188 -5.647789441517621e-05 0 
0.0005364405249824249 -4.567221932394727e-05 0 
0.0005338398645436311 -3.514802299707246e-05 0 
0.0005303438636074458 -2.485115860856504e-05 0 
0.0005258684310128825 -1.484745564046685e-05 0 
0.0005202622268156825 -4.367167914772202e-06 0 
0.0005132660812565171 6.530142171733698e-06 0 
0.0005048477311254834 1.806414582943971e-05 0 
0.0004949687994610281 3.04713029798016e-05 0 
0.0004836084168411158 4.401967001501307e-05 0 
0.0004707313511871926 5.901832891574058e-05 0 
0.0004563196005650848 7.582409303238927e-05 0 
0.0004403614163237906 9.479243025852026e-05 0 
0.0004228955959530886 0.0001163767924915303 0 
0.0004040348371520603 0.0001411244762279827 0 
0.0003839282826148616 0.000169539619169749 0 
0.0003627391029895777 0.0002026623310938487 0 
0.0003407297479723134 0.0002417747190157477 0 
0.0003182220532181348 0.0002885723912813023 0 
0.0002956718278892076 0.0003460458742775874 0 
0.0002731748183180511 0.0004192803233509178 0 
0.0003658334547108541 0.005431200933293143 0 
0.0005419952823696555 0.005739195756657483 0 
0.0005083706263439498 0.005739229939184667 0 
0.0005057944470997573 -0.0001059522152040298 0 
0.0004072260754442548 0.005493127974836791 0 
0.0002763679458427413 0.005213966004655969 0 
0.0005390871246017279 0.005678935296477745 0 
0.0005394650561989022 -0.0001059114464953022 0 
0.0004591460351294079 0.005558265529157965 0 
0.0004974668899157649 0.005603059802009663 0 
0.0005284437295291026 0.005648002627026328 0 
0.0003870906927047233 0.005464531483444344 0 
0.0005365523101761365 0.005668499484102288 0 
0.0005330495994238014 0.005658257808781512 0 
0.0002988295911695816 0.005287175676358541 0 
0.0005072774361151164 0.005615372020155818 0 
0.0004734163522153268 0.005574896876777595 0 
0.0004861822695983421 0.005589689196901527 0 
0.0003213056710497938 0.005344806423036601 0 
0.00044334701781995 0.005539395095993908 0 
0.000515650314905844 0.005626826339262403 0 
0.0005226670662087661 0.005637555130351098 0 
0.0003437814188235899 0.005391893764222734 0 
0.0004260315215759688 0.005517884396925719 0 
0.0005407743781515386 0.005689767637279065 0 
0.0005417516269884073 0.005701129367688381 0 
0.0005421785378556994 0.005713010429875277 0 
0.0005420853688132742 0.005725836496537658 0 
0.0005308495746677443 0.005739226414748537 0 
0.0005196685385908851 0.005739244849376677 0 
0.0005083338037127614 0.005725768049858102 0 
0.000508171221597481 0.005712322258017453 0 
0.0005076619458427936 0.005699057508203213 0 
0.0005064781534383536 0.00568596270979463 0 
0.0001841550666258965 0.005175458044514311 0 
0.0002303279337404344 0.005195376342110683 0 
0.0002109819674248789 0.005247250982748362 0 
0.000255097874213353 0.005268811525882118 0 
0.000240044380047447 0.005303881142459462 0 
0.0002809485186241353 0.005326260224187406 0 
0.000269744626419901 0.005351323860158878 0 
0.0003070942725937371 0.005373591746174167 0 
0.0002988637546373825 0.005392048984240681 0 
0.0003326821484171584 0.005413525950838228 0 
0.0003266399888778991 0.005427445566964079 0 
0.000357147694451795 0.005447753981809446 0 
0.0003526756804493801 0.005458505723297372 0 
0.0003801654606899436 0.005477429459150727 0 
0.0003767497850686431 0.005485952059517685 0 
0.0004015375948006278 0.005503374451251348 0 
0.0003987543555487785 0.005510273623324739 0 
0.000421159926910476 0.005526139876890017 0 
0.0004186643079152043 0.005531953325766332 0 
0.0004389822457920001 0.005546263434795671 0 
0.0004364944868941146 0.005551363922749865 0 
0.0004550123460952565 0.005564141932735157 0 
0.0004522812805333399 0.005568887516452047 0 
0.0004692643472846556 0.005580160462624159 0 
0.0004660906582000388 0.005584907683658926 0 
0.0004817786430456925 0.00559473123644067 0 
0.00047802245741787 0.005599754325490382 0 
0.0004926233283819171 0.00560820437414256 0 
0.0004881824738098275 0.005613611482205422 0 
0.0005018795790824663 0.005620762310579966 0 
0.0004966661779016581 0.005626625530742431 0 
0.0005096163466831583 0.00563254524353336 0 
0.0005035603566083983 0.005639169966085225 0 
0.0005159313922649597 0.005643943414865833 0 
0.0005089977409924308 0.005651363973522695 0 
0.0005209464438331779 0.00565509335086323 0 
0.0005131148806067274 0.005663371469773473 0 
0.0005247666588444696 0.005666149660097678 0 
0.0005160582798498937 0.005675355990861398 0 
0.0005275119756341275 0.005677295603935784 0 
0.000518002354424487 0.005687498039747648 0 
0.0005293197233086269 0.005688740492211796 0 
0.0005191040848273648 0.005699902319425699 0 
0.0005303692958857331 0.005700583390317711 0 
0.0005195516909218659 0.005712650438279003 0 
0.0005307876843956732 0.005712881680621755 0 
0.0005196636988370343 0.005725854618106557 0 
0.0005308778223904846 0.00572589242406457 0 
0.0002275099148949029 0.0004376950402172074 0 
0.000181404829067078 0.0004575532339771667 0 
0.0002521540822556971 0.0003644418565256199 0 
0.0002082079884438736 0.0003859650225760167 0 
0.0002780049708952061 0.0003071461603519218 0 
0.0002372328145695291 0.0003295156906487748 0 
0.0003041421313774328 0.0002600603547430519 0 
0.0002669106982098319 0.0002823069831897843 0 
0.000329699145270102 0.0002202998940367956 0 
0.0002959994039646638 0.0002417498387608549 0 
0.0003541268937043503 0.000186281177694284 0 
0.0003237370746689446 0.0002065574909132744 0 
0.0003771119271355401 0.0001568146852460359 0 
0.0003497274584903753 0.0001757096544584876 0 
0.0003984894035484189 0.0001309413498371773 0 
0.0003737629261136901 0.0001483604937514262 0 
0.000418164376477894 0.000108141858978427 0 
0.0003957575668161224 0.0001240350666266791 0 
0.0004360714812487367 8.79191427953491e-05 0 
0.0004156873240500405 0.0001022742312838891 0 
0.0004521941903799129 6.985895719448823e-05 0 
0.0004335680602607198 8.269755390017579e-05 0 
0.0004665392350292658 5.362001683624531e-05 0 
0.0004494284366771824 6.496215767523629e-05 0 
0.0004791425441518307 3.886036619932385e-05 0 
0.000463319494290817 4.875001375271011e-05 0 
0.0004900533690258801 2.527378994006468e-05 0 
0.000475319941099774 3.376815422170198e-05 0 
0.0004993374479320503 1.260174271843253e-05 0 
0.0004855220619612245 1.977054659707773e-05 0 
0.0005070706625221516 6.11082276499236e-07 0 
0.000494046418589497 6.548751119510248e-06 0 
0.0005133845572898325 -1.085223525946263e-05 0 
0.0005009844077273239 -6.06020762309675e-06 0 
0.0005183407123255853 -2.176253375294027e-05 0 
0.0005064170684685841 -1.807571847712141e-05 0 
0.0005221079470908014 -3.279346250752816e-05 0 
0.0005104984252851044 -3.004344450589048e-05 0 
0.0005248684278833574 -4.398868272743145e-05 0 
0.0005134302192779348 -4.20372142609552e-05 0 
0.0005267103748346799 -5.542953047230986e-05 0 
0.0005153879601394057 -5.416952981094593e-05 0 
0.0005277708841380374 -6.72712172202489e-05 0 
0.0005164969557785528 -6.658623417473978e-05 0 
0.0005282234815714223 -7.963732342586059e-05 0 
0.0005169722724871933 -7.937826859410259e-05 0 
0.0005283297987058201 -9.261166910077609e-05 0 
0.0005171006751355605 -9.256573876431954e-05 0 
-0.0003273693403802132 0.004171762703969495 0 
-0.0002109105337706149 0.004454765545064467 0 
-0.0001176829949398241 0.004745055176831221 0 
-5.016296601815095e-05 0.005039433501552512 0 
-9.484710618863227e-06 0.005335905429104261 0 
0.0002120380728374973 0.005633425036898192 0 
0.0003870397541796028 0.005633425036898192 0 
0.000536051312391979 0.005633425036898192 0 
0.0006519187067682694 0.005633425036898192 0 
0.0007361276168565666 0.005633425036898192 0 
0.0007948075406974095 0.005633425036898192 0 
0.0008116386939918188 0.005633425036898192 0 
0.0008166105954686698 0.005633425036898192 0 
0.0008109205086274905 0.005633425036898192 0 
0.0008008320911822434 0.005633425036898192 0 
0.0007896032217787085 0.005633425036898192 0 
0.0007789320718204508 0.005633425036898192 0 
0.000762446367325589 0.005654942368446504 0 
0.0007508961038426681 0.005675630026062102 0 
0.0007320165076266741 0.005694421746326841 0 
0.0007068381413343391 0.005710329909363446 0 
0.0006769143711597615 0.005722629746657774 0 
0.000644009388391299 0.005731101448507316 0 
0.00060982319223689 0.005736046775734266 0 
0.000575582575876108 0.005738272066658501 0 
0.0007662480655096705 0.005633425036898192 0 
-0.0008852764912132881 0.003215421665643928 0 
4.349719717825296e-06 0.005633425036898192 0 
-0.0007538943645204898 0.00341914350607095 0 
-0.0006092351093461197 0.003648471398091542 0 
-0.0004627176205351916 0.003901100889588464 0 
0.0002196397293055007 0.004709048840298761 0 
0.0002842152648878047 0.005016322199824679 0 
0.0003066570494721489 0.005133548536476725 0 
0.0002565500193750382 0.004874042319129137 0 
0.0001705032532396908 0.004529586563431823 0 
0.0004208207175803062 0.005475671443905298 0 
0.0004544382127450283 0.005527909906817123 0 
0.0004853724031714334 0.005568421405956212 0 
0.0004983609473137231 0.005584685691170587 0 
0.0005092815974293134 0.005598563677058392 0 
0.000518623215480261 0.005610762703071209 0 
0.0003479069833714717 0.005298731017172147 0 
0.0003670160818121331 0.005356302027978475 0 
0.0003857466105064239 0.005403888437917889 0 
0.0003280938225663271 0.005226901901809145 0 
0.000403999787319294 0.005443389234921265 0 
0.0004379740640225531 0.005503553537737335 0 
0.0004709069131319087 0.005549762792513097 0 
0.0005274785677317827 0.005622138588536648 0 
0.0005359325329606538 0.005633012917833685 0 
0.0005446735688931046 0.005651211559475557 0 
0.0005485581445772183 0.005660288142238133 0 
0.000553019626300255 0.005678432618573766 0 
0.000558619298928736 0.005697135899119394 0 
0.0005647611347448752 0.005706911491098117 0 
-0.0003504271848427112 0.003531945911321241 0 
-0.0002189467383155375 0.003705778662639391 0 
-0.0001556014349675135 0.003795488321693276 0 
-9.154876093983989e-05 0.00389947616767718 0 
-2.517416281086449e-05 0.004024113933958893 0 
0.0001111237855401222 0.004349436232743501 0 
4.369020986949475e-05 0.004175648117055902 0 
-0.0006784271411140024 0.003292520651086093 0 
-0.0005543882056444554 0.003380262583329182 0 
-0.0004506023704548834 0.003450504212739041 0 
-0.0004016461316410466 0.003486114461003885 0 
-0.0002827199697210283 0.003622400681456482 0 
0.0003142370807447551 0.004934329060545373 0 
0.0003378437036629285 0.00505286378859463 0 
0.0003573899254286893 0.005153984799094424 0 
0.0002818728618173338 0.004797676930335146 0 
0.0003770061005162061 0.005238579324500327 0 
0.0002382722971309997 0.004645986273158758 0 
0.0005418788275866553 0.005642605556976684 0 
0.0005545936632332172 0.005687879837367401 0 
0.0005515659210360108 0.005669307267621642 0 
0.0005342783905481535 0.00560620934274381 0 
0.0005256570234100626 0.00559288697720124 0 
0.0005401641932027334 0.005617031164738239 0 
0.0004132794906147052 0.005364757083968721 0 
0.0004717728320668368 0.005510981097891955 0 
0.0004291819762824501 0.005412834700717566 0 
0.0004591597248625057 0.005484691022000863 0 
0.000485450703485206 0.005535039747469714 0 
0.0004449085866962859 0.00545290669461797 0 
0.0005001886095658766 0.005557135367037618 0 
0.0005141346154327799 0.005576593304250353 0 
0.0005462800507769187 0.005626703911057971 0 
0.0005654239048671713 0.005661538433284894 0 
0.0005767556067658707 0.005698176582922578 0 
0.0005560684976099034 0.005637272265687143 0 
0.0003962557583878352 0.005307532987547365 0 
-0.000764597037340914 0.003257659819942596 0 
-0.0006630448708456725 0.003267785760306602 0 
-0.0005000115413040126 0.003418623575129552 0 
4.526081159450758e-06 0.004097469575585793 0 
-5.253627148567694e-05 0.004003495990818033 0 
6.046540220841489e-05 0.004204665890954216 0 
-0.0001881662967655153 0.003825968793951123 0 
-0.0002880540483554835 0.003669362482194371 0 
-0.0007174094012028291 0.003285224289546365 0 
-0.0001133674606817208 0.003917369312894311 0 
0.0001197633314529104 0.004333867384445029 0 
-0.0008075418335903111 0.003231969680496185 0 
-0.0003178874657641213 0.00365593983488417 0 
-0.000488250554958208 0.003532314664109071 0 
-0.0008629609864536191 0.003221640422449525 0 
0.0001843839039415643 0.004493453478437002 0 
0.0005770378342185134 0.005717822804694438 0 
0.0005689937459139308 0.005679145104307243 0 
-0.0007481263232286213 0.003365606472744417 0 
0.0003419009086666054 0.004876810484141381 0 
0.0003878145936606671 0.005091133716819789 0 
0.0003705625349745032 0.004993788175797521 0 
0.0004017756034031689 0.005173249593930572 0 
0.0003015662936014363 0.004741855935847557 0 
0.0004219972947080952 0.005247350489398001 0 
0.0005183130369306457 0.005540780653534294 0 
0.0005553614743609428 0.0056000869236326 0 
0.0005128103451674696 0.005518475118122558 0 
0.0005304623982113107 0.005562549429068887 0 
0.0004593207841733212 0.005370802255949947 0 
0.0004726787186430326 0.00541930435361408 0 
0.0004861425086969481 0.005459273529549535 0 
0.0005438188128480674 0.005582637570218204 0 
0.0005634352208315976 0.005614604024372751 0 
0.0005613517563218488 0.005629502351187079 0 
0.0005634946403183179 0.005624098486808494 0 
0.0005736902883132019 0.005637709395299148 0 
0.000256041836428081 0.004607835055299225 0 
0.0004424557842630343 0.005312502196029138 0 
5.561143407481243e-05 0.004201763324593351 0 
0.0001044916612236885 0.004285232009889506 0 
0.0001461460382001615 0.004369801768563343 0 
4.698865260827358e-06 0.004129387884962668 0 
-4.92054040640298e-05 0.004064752666781873 0 
-9.623748709756939e-05 0.004024777921173818 0 
-0.0002612049005416356 0.003805546966156643 0 
0.0001742993288771152 0.00443909197379279 0 
-0.0004206745018006157 0.003585785137285212 0 
-0.0006945079915754172 0.00339086389014202 0 
-0.0007630922261692748 0.003373361130074093 0 
-0.000579732824347176 0.00345020451967496 0 
0.0005662977250798846 0.005649116432959682 0 
0.0005725681974627052 0.005691309812989517 0 
0.0003611793450603498 0.004795819415229994 0 
0.0004350351533750315 0.005189106575590629 0 
0.0005871414716073254 0.005633659195574337 0 
7.521161574557769e-05 0.004271011670432181 0 
0.0005605066930768531 0.005565814316229477 0 
0.0005047583894971867 0.005377052483271274 0 
0.0002022372939603516 0.004462319872707257 0 
0.0001267439966907123 0.00433777600707719 0 
0.0004872633432513274 0.005312645994559786 0 
0.0002994840198218171 0.004655493666349948 0 
-0.0006197210668239092 0.003540904691745291 0 
-0.0003933727077967667 0.003709097216961488 0 
-0.0003638688863404094 0.003626593881763233 0 
0.0005886705695702492 0.005684037726712948 0 
0.0005877173068760441 0.005648120144961691 0 
-0.0004790798810068231 0.003631348889644365 0 
0.0005883695573661459 0.005671214618749604 0 
0.0005901774284519892 0.005699050276597113 0 
-0.0002694815745917465 0.003926241764497003 0 
-0.0006442848342993678 0.003549899660475679 0 
-0.0005437118332964412 0.003594516158556702 0 
-0.0001951077135716137 0.00397003891302227 0 
0.0005815755117753776 0.005660733143710754 0 
0.0006151133817100338 0.005682181945447267 0 
0.000430476045391513 0.005062926863127291 0 
-0.0001400809153443274 0.004001093259209785 0 
0.0005845701587692253 0.005604994903191806 0 
0.000599779457073825 0.005625086422100407 0 
0.0006072534416670575 0.005645018410040812 0 
0.0005724921736084129 0.005352250262400649 0 
0.0003931287919459346 0.004822452353715975 0 
0.0005530379777266981 0.005491902437371179 0 
0.0005644852134829458 0.005532485064350725 0 
0.0002627734147297272 0.004566259789161706 0 
0.0001845443077856975 0.00445285739290923 0 
0.0005565021218840907 0.005444693471089663 0 
0.0003095509334550363 0.004653456667241384 0 
8.199945224188819e-06 0.004763636604517845 0 
-0.0001147444663268721 0.004487786593284122 0 
-0.000552032614947223 0.003719822083283344 0 
-0.0004005181967925523 0.003961908593046859 0 
-0.0002526768378982314 0.00421936632688806 0 
0.0001885425278137214 0.005337174804467089 0 
-0.0005037343762042571 0.003759069205652149 0 
0.0006234602444402114 0.005656065488509648 0 
0.0004640603329461417 0.004963312599518266 0 
0.0006091629482076308 0.005605291768608201 0 
0.0005889647673380398 0.005565180238617332 0 
0.0006273862597805496 0.005640447874401251 0 
0.0004966046097178489 0.005149466657705991 0 
0.0001419398567569832 0.00443089960997694 0 
0.0006162101302285978 0.005697233685724374 0 
0.0006106433959307073 0.005670015767767446 0 
-5.445994062227929e-05 0.004183508624180499 0 
0.0006220882842709851 0.005541198929947529 0 
0.0006251793916012968 0.005407618328523754 0 
0.0006140383999540174 0.005505169363511675 0 
0.0003459250704066263 0.004716766266529644 0 
0.0004266119225962612 0.00486341926753785 0 
0.0003619557213834447 0.004740334789295854 0 
0.0001135592174243694 0.005049106752328725 0 
8.702337422478066e-05 0.004735733925711903 0 
-0.0001985085259748211 0.004230089484154574 0 
-0.0003505842738545172 0.003990274265556899 0 
-5.157539110287576e-05 0.004479961734238472 0 
-0.0002801171479581555 0.003980145503450124 0 
0.0007373683199824252 0.005675262528699198 0 
0.0007595201560010502 0.005660865795312874 0 
0.0007738523601634063 0.00564673065530564 0 
0.0007098775164815777 0.005688720646223327 0 
0.0006791270771227273 0.005700290049085835 0 
0.0006352960019569794 0.005666818267855575 0 
8.344957543854472e-05 0.004391887188822557 0 
0.0004689200427846637 0.004951012856375944 0 
0.0006284723211012584 0.005570539324597685 0 
0.0005754212546290374 0.005247297459827289 0 
0.0003226138824144166 0.004705948612368491 0 
0.0006463283695445641 0.005692001780361728 0 
0.000627052993460506 0.00562166750919992 0 
-0.0001006038633513156 0.004173763851393864 0 
0.0005279051834589604 0.005119046341228559 0 
0.0006427676457452939 0.005678247320357885 0 
0.0006641645243938216 0.005514975882284197 0 
0.0006566578804006645 0.005403830335242079 0 
0.0004107749319567471 0.004838013854047936 0 
0.0004826433713176341 0.004954796440821837 0 
-1.229582898428606e-05 0.004448552908290349 0 
-0.0001596715863910749 0.004219175605514187 0 
0.0001264084357335417 0.004677425155238691 0 
0.0002217421442522272 0.005006634734581406 0 
0.000646916109216171 0.005651910822651195 0 
0.000763031207473177 0.005652523128266481 0 
0.0007368649823490407 0.00566380710044108 0 
0.0006465540949655154 0.005709304660524191 0 
0.0007078071885829714 0.005674686064779521 0 
0.0006297527397974501 0.005591211194720951 0 
-0.0006897652311287719 0.003508953540615749 0 
-0.0003109269225541582 0.003994872266143922 0 
0.000628760379392785 0.005604082396953436 0 
4.319531265836406e-05 0.004389423513279399 0 
0.0005184293370418131 0.005033011480145085 0 
0.0006733735003537599 0.005554535227307288 0 
0.0006714313312313157 0.005672254836744287 0 
0.0005293006907240309 0.005080333991493662 0 
0.000587998364819195 0.005220927721714667 0 
-0.0001297496051196596 0.004196180830201238 0 
0.0006194332842606975 0.005328900298054768 0 
0.0003353271814479683 0.004767015471627187 0 
0.0006853967940849268 0.005467457780167662 0 
0.0004941175579411628 0.004975656893385149 0 
0.000671286942238483 0.005583333335411945 0 
0.0001457473689232403 0.004617481308270422 0 
1.591993796588955e-05 0.004415454445501461 0 
0.0006485639725631262 0.005615042263729153 0 
0.0002571644279062095 0.00489965864223837 0 
0.0006615834778455877 0.005662050962554437 0 
0.000700836906052447 0.005664622750763915 0 
0.0007303303064675308 0.005655691176117408 0 
0.0001981304076170732 0.004575225394179772 0 
0.0005813120449286064 0.005140367793098097 0 
0.0006398086176068946 0.005313357533122803 0 
0.0006889318288651796 0.005655803073316781 0 
0.0007249485453477518 0.005571219403218876 0 
0.0006774346440966908 0.005684298286674372 0 
0.0005919127288862745 0.00518749401652981 0 
0.0006718543631963796 0.005646323602735559 0 
0.0004467874597096061 0.004924145137987626 0 
0.0002643772208207894 0.004736515076126355 0 
0.0002607443946074856 0.004801084669001715 0 
0.0007170886696229173 0.005648165963590244 0 
0.0007596147407449653 0.005645926113250249 0 
0.0002977589451345246 0.004742172407530402 0 
0.0006930834088874936 0.005615966964061189 0 
0.0006732704914348776 0.005627493539988507 0 
0.0006462652376182611 0.005256815596376608 0 
0.0006509813461297179 0.005291033731720814 0 
0.0005628056140455589 0.00511882013594538 0 
0.000683833890312599 0.005396591634457805 0 
0.0003369440964454113 0.004857961414726033 0 
0.0006974463951394694 0.005638906501456704 0 
0.0003806626128767298 0.005095120782704259 0 
0.0004280487159851591 0.00492859405032698 0 
0.0007449982735659832 0.005639399603635037 0 
0.0007178988162267353 0.005466025216381835 0 
0.0007218759627883105 0.005629248908205602 0 
0.0007077253278956533 0.005373793721068759 0 
0.0006204477165716892 0.005205131664172915 0 
0.0003623885639588564 0.004953480541039804 0 
0.0003839767035589561 0.004898513319544083 0 
0.0003675352187897885 0.005312491804642559 0 
0.0005187020244920622 0.005102885520705517 0 
0.0007895429620413553 0.005636417300019195 0 
0.0007031386607073469 0.005386964539528084 0 
0.0007072452204000458 0.00552181963126349 0 
0.0005248735240095163 0.005422243195948744 0 
0.0005504679388223086 0.005072930660285299 0 
0.0006918865132236362 0.005353951435500959 0 
0.0007695818276812665 0.00562963452657232 0 
0.0006528009080819046 0.005322060856950816 0 
0.000710187872926965 0.005599183562133161 0 
0.0007428855986323276 0.005616863202773952 0 
0.0007441577177451203 0.00546735130312929 0 
0.000758995959227395 0.005601022518068237 0 
0.0007420110368912321 0.005520449430382798 0 
0.0007106319505893429 0.005487710005799734 0 
0.0007500135282347927 0.005495420346389806 0 
0.0005908396058794776 0.005286750507348073 0 
0.0007584207671981153 0.005478098566101324 0 
0.0007714536729465144 0.005526689523862604 0 
0.0004987781444214871 0.005223815764973687 0 
0.0007924816767986014 0.005598889591214071 0 
0.0004504756168686151 0.005053789034572189 0 
0.0006355321214633173 0.00546682738070885 0 
0.0007821746818177284 0.005642087816249797 0 
0.0008033359104186395 0.00562611901921531 0 
0.00079160388630384 0.005551828922721334 0 
0.000810523919198969 0.005614238550072084 0 
0.0007859769356767502 0.005616575409950155 0 
0.0007588210844441674 0.005560956681930947 0 
-0.0008368451193276202 0.003226793012465669 0 
-0.0007786399956627271 0.003367064902469639 0 
0.0006130664302056372 0.005715417582154376 0 
0.0008079211141463075 0.005592037634364799 0 
0.0007873001927132256 0.005569198002148342 0 
-0.0007494099095609268 0.003334202218503704 0 
-0.0006359429951166572 0.003433875504868114 0 
-0.0006122459095183506 0.003330207060820324 0 
0.0005660987777877301 0.005686216619274096 0 
0.0005591197747294738 0.005654251406185772 0 
-0.0004642336384571304 0.003772133654347143 0 
0.0007711447713962005 0.005587567621320149 0 
-0.0004207505283792381 0.003783432615471473 0 
0.0006505857664604822 0.005635242653825315 0 
0.0001653643624490364 0.004579112668528176 0 
-0.0003916722954096881 0.003779221970688522 0 
-0.0003185666670483938 0.003769354118444534 0 
-0.0002131736387981097 0.00383347100173638 0 
0.0005690527295204868 0.005670475521638029 0 
0.0006014247810794506 0.005659017730932575 0 
0.0005032198664163074 0.005491926922164691 0 
0.0006629602594687158 0.005602543271904413 0 
0.00064800494405453 0.005466154143414076 0 
0.0005946316546110915 0.005340820715716905 0 
0.0005535428614502166 0.005266047464729868 0 
0.0005340056188533309 0.005170410434492028 0 
0.0004270058920448574 0.004850976525434287 0 
0.000367279397830591 0.004796938050456309 0 
0.0002495240435954859 0.004616635653716341 0 
0.0006040359260010325 0.005459637479768785 0 
0.000588773300877256 0.005405132325875417 0 
0.0005320440988959662 0.005309500445134255 0 
0.0004864168082165898 0.005216009748131765 0 
2.19854062659589e-05 0.004213980587130111 0 
0.0004575372223814795 0.005003769011433515 0 
0.0002576701704900219 0.004585288576239452 0 
0.0001608995933472452 0.004386737306692227 0 
-8.622125545552303e-06 0.004204642730174867 0 
0.000599798195781242 0.005587534496550025 0 
0.0005473124993903256 0.005389392702782519 0 
0.0002309872014061078 0.004526922679859632 0 
0.0001164604512810663 0.00436632434626551 0 
0.000437880170607008 0.00514249953126017 0 
0.0004019447088343471 0.004950925739121679 0 
0.0003582949477329259 0.004831956865134586 0 
0.0005728545505056222 0.005586441395087939 0 
0.0005485070449157172 0.005547912340690409 0 
0.000519627199328473 0.005459942213667679 0 
0.0005157807574792065 0.005427364451685091 0 
0.0004607059485817035 0.005245464508416109 0 
0.0002454973324558815 0.004535996564960974 0 
-0.0008698703840216317 0.002391428565283619 0 
0.0005696772249139908 -0.000105211307956094 0 
0.0007351346789322805 0 0 
0.0003859947206294194 0 0 
0.0007150969178485293 -7.125944560320935e-05 0 
-0.0002596710942681784 0.001303552287951082 0 
0.0008158117898726726 0 0 
0.0007877451069518774 0 0 
0.0005331442608466668 0 0 
0.000652170840701041 0 0 
0.0007980617292704647 0 0 
-0.0005596079040303117 0.001900634704678104 0 
0.0007360896189348604 -5.590719703981845e-05 0 
0.0007516337398192011 -3.832195629447552e-05 0 
0.0007609687673210993 -1.943560388358825e-05 0 
-1.590575633769495e-05 0.0003291266339757013 0 
0.0007640657379939222 0 0 
0 0 0 
-6.460174721799881e-05 0.0006576939713274877 0 
0.0007769052223077201 0 0 
0.0008084591489357815 0 0 
0.000600383949585936 -0.000103471462266769 0 
0.000631228600702652 -9.963061681106721e-05 0 
0.0006614481938245564 -9.320085996303577e-05 0 
0.0006898020913382788 -8.379046294620825e-05 0 
0.0007874933188267671 0 0 
-0.0004003568395639733 0.001611694753007966 0 
0.0002066159078733403 0 0 
0.0008103652831362499 0 0 
-0.0007235759913475219 0.002162679597500935 0 
-0.0001463068663540715 0.000983710803521023 0 
0.0001743169575073994 0.001078061629190605 0 
0.0002582800268010607 0.0007332682473695669 0 
0.0002868845345084643 0.0005924414327517911 0 
0.0002218657651257583 0.0008978840801627539 0 
0.0001165793913508929 0.001260664117956808 0 
0.0005035980591121474 3.509712709707777e-05 0 
0.0004922668755006143 4.887174304022408e-05 0 
0.0004798931378203745 6.417164324294297e-05 0 
0.0004663849938128493 8.149194409281071e-05 0 
0.0004385439152896597 0.0001230952360811748 0 
0.0004075164418388669 0.0001795040694232522 0 
0.000331565079166577 0.0003881445282260078 0 
0.0003711134398647249 0.0002622159486233363 0 
0.0003520110886381458 0.0003179676816830642 0 
0.0003107288259021232 0.0004785526349369295 0 
0.0004240637313621223 0.0001484780356367812 0 
0.0003902035113016055 0.0002166928002660583 0 
0.0005514076539767844 -5.536289834299112e-05 0 
0.0005449742956277312 -3.776323288765435e-05 0 
0.0005476491508432425 -2.081755972276413e-05 0 
0.0005404288865594224 -1.002312193604203e-05 0 
0.0005234391279489059 1.131369142562722e-05 0 
0.0005139836872653212 2.270858731298069e-05 0 
0.0004521763059872757 0.0001012585313315398 0 
0.0005707997774596578 -8.717851437743116e-05 0 
-0.0003819379153780884 0.00211838823480308 0 
-0.0005383773494382514 0.002239056427575722 0 
-0.0006951558849616926 0.002357442118097599 0 
-0.000776264714738709 0.002401589249921491 0 
-1.572573281576944e-05 0.001584246474546727 0 
-0.0001490308216642372 0.001829051290652314 0 
-0.0002121079755199523 0.001924090158276938 0 
-0.0002724239348084126 0.002003722550440559 0 
5.189261274639584e-05 0.001431727101244292 0 
-8.267100393551196e-05 0.001715011564673895 0 
-0.0003282638741396158 0.002066437896223075 0 
-0.0004309020474810428 0.00215439512828997 0 
-0.000480395811074481 0.002187852570026133 0 
-0.000594645389681284 0.002284469501274673 0 
-0.0006469549222775852 0.002323783170312105 0 
-0.0007394618596396726 0.002385743221323818 0 
-0.0007981798075694093 0.002391446099661082 0 
-0.0008086050384839037 0.002364480116714527 0 
0.0002438581852624337 0.0009485043333466479 0 
0.0002864399701475699 0.0007966489540382051 0 
0.0003199023371241277 0.0006602490877060766 0 
0.0001942484338715817 0.001102309094764676 0 
0.0003460680600504203 0.0005419718923003412 0 
0.0001401152715607879 0.001246733711703129 0 
0.000548918355476689 -4.581797468941977e-05 0 
0.0005531103537174581 -3.244262133998182e-05 0 
0.0005323898201908423 5.574605006187391e-07 0 
0.0005038518620277654 5.508934718685561e-05 0 
0.0005140109157247103 4.127780260833628e-05 0 
0.0004920413014362193 7.10008814419132e-05 0 
0.0005537975861178749 -6.526080804996577e-05 0 
0.000452682352254798 0.0001593874651671623 0 
0.0003874229157729266 0.0003608215009806969 0 
0.0004060101890386289 0.0002941424821831185 0 
0.0004391410044171936 0.0001952107562683347 0 
0.0004651032833387804 0.0001295908287291613 0 
0.0004230481522876651 0.0002398609052340628 0 
0.000474378955192734 0.0001065441669694143 0 
0.0004805922859063202 8.886879795260552e-05 0 
0.0005236972681314221 2.870041828283001e-05 0 
0.0005696588403176628 -2.328490418785861e-05 0 
0.0005334372455143108 1.731965405301273e-05 0 
0.0003686343297851285 0.0004424923607144907 0 
-0.0007277165627203461 0.002289082262188743 0 
-0.0006983114629651448 0.002295822781412039 0 
-0.000282396400004088 0.00192910774843108 0 
-0.0001683080541527027 0.001800167769862677 0 
-0.000103374421963895 0.001708372713989252 0 
-0.000328969477083219 0.00196315333691975 0 
-0.0004661841651315653 0.002085619236901395 0 
-0.0005355456624059293 0.002151974498760788 0 
-0.0006505499559113203 0.002255543107392777 0 
-0.0002267559715338891 0.001870869192612011 0 
-3.891447126916999e-05 0.001606640012673416 0 
2.318285467796955e-05 0.001497184587189624 0 
-0.0003725708906841452 0.001975850945995625 0 
-0.0005960193436424312 0.002206391030759493 0 
-0.0007107210917265174 0.002230803163080209 0 
8.31175515595546e-05 0.001377628581949427 0 
-0.0008054560644894113 0.002312772680243022 0 
0.000565343926841723 -5.408013268872261e-05 0 
0.0003068994686219977 0.0008475295083773632 0 
0.000378438815118154 0.0005978397674628171 0 
0.000346971936054507 0.0007158221423354604 0 
0.0004009041170342152 0.0004985820312317162 0 
0.0002660307466211649 0.0009726273567037752 0 
0.0004237996275031561 0.0004096139016618623 0 
0.0005289929588233235 4.833659969505001e-05 0 
0.0005363782532005419 3.569486105508062e-05 0 
0.0005167695330488847 6.38426087155868e-05 0 
0.0005055445747453798 0.0001129094581252667 0 
0.0004981864845481579 0.0001414410387513509 0 
0.0004581784488162433 0.0002733838564214411 0 
0.0005141530082204358 8.69182140592087e-05 0 
0.0004713994941101554 0.0002219985301248381 0 
0.0004881567637192033 0.0001767651696668073 0 
0.0005039925175767459 7.940250493036209e-05 0 
0.0005432968197936018 2.461753652040237e-05 0 
0.00055320559263819 1.433316465495063e-05 0 
0.0002242564484691248 0.001087279857742467 0 
0.0004400612800848272 0.0003367227176193109 0 
1.044363145004117e-05 0.001500038597804019 0 
7.57117334764309e-05 0.001393533540421557 0 
-5.760055892327466e-05 0.001599929780061098 0 
-0.0001199848553300819 0.001680536177218275 0 
0.0001311578906870176 0.001293399955465533 0 
-0.0001770838817530136 0.0017449294923473 0 
-0.0002160337693093728 0.001774340488405574 0 
-0.0003129206875340306 0.001823954371854519 0 
-0.0004732928236538765 0.002023691251946504 0 
-0.0004993962651744316 0.001984293269964588 0 
0.0001793922244449331 0.001194515141127476 0 
0.00056032872960515 -1.273437917357081e-05 0 
0.000572823397348158 -6.6528634717011e-05 0 
0.0005805527192215142 -7.333598542962266e-05 0 
0.0005824335286750571 -3.591720592959627e-05 0 
-0.0006693776258897951 0.002142005335929572 0 
-0.0005728633084372946 0.00203841868035945 0 
0.0003333325056823487 0.0008581422743096354 0 
0.0004435289973796554 0.0005281601348156152 0 
0.0005592042767162156 2.261713943184762e-05 0 
0.000558861916938325 4.307485934183464e-05 0 
0.000542383316906975 9.963910122538582e-05 0 
0.0005173180126443126 0.0002510809499000839 0 
0.0005475474697354776 7.883162544220086e-05 0 
-7.753273698836788e-05 0.001548330525974158 0 
0.0001931618323524808 0.001185920721152927 0 
-0.0001365998482405324 0.00158131867867854 0 
0.0004856856050254878 0.0003740440426828627 0 
0.0002709968756443301 0.001029847853520666 0 
0.0005857614501899655 -5.554905918446434e-05 0 
0.0005884546154180859 -2.180219879112344e-05 0 
0.0005427770011168105 7.035796847898366e-06 0 
0.0006021139628087431 -3.04396444918797e-05 0 
-0.0003098016742684658 0.001736783879331009 0 
-0.000176530201174458 0.001593081670014336 0 
0.000611714251959703 -2.531256334194914e-05 0 
0.0005992222216044738 -6.851218372945286e-05 0 
0.0006058912843284052 -4.712977601024061e-05 0 
4.831983957679081e-07 0.001353895439355159 0 
0.0005715535086956274 -4.020926020324253e-06 0 
0.0003616778166441284 0.0007669753582864577 0 
0.0005852809758232402 5.624445244677621e-06 0 
0.0005402104631946686 0.0001621919382311314 0 
-1.429232649207622e-05 0.001496457848857925 0 
0.0003050653091276182 0.0009420700145265802 0 
-0.0001244938368769853 0.001466620906714155 0 
0.0005635058831749901 0.0003323305864888021 0 
-2.120252655947269e-05 0.001428692865372386 0 
0.0005531158191020086 6.397783214322457e-05 0 
0.0005902620543036503 9.663257282412191e-05 0 
0.0005449483483446762 0.0002884143707808524 0 
0.0002434932547641466 0.001092610950150064 0 
0.0007405461626129407 -4.008000234794294e-05 0 
0.0007172709323576317 -5.306034833915349e-05 0 
0.0006309662112618444 -7.821072031117427e-05 0 
0.0006615706696802757 -7.209622542757169e-05 0 
0.0006906930214971437 -6.389854206235642e-05 0 
0.0007722377499902933 -1.248808362905749e-05 0 
0.0006275906770916614 -5.889487526020106e-05 0 
0.0005093644762933476 0.0004821455035302915 0 
0.0002168012901616229 0.001136598130759599 0 
0.0004385919156106851 0.0006236049444962297 0 
0.000580935408263595 0.0001316270282494447 0 
0.0005675601536226009 0.000190577560117195 0 
0.0003474856541728856 0.0008909639312546042 0 
0.0001229855866945607 0.001284036968841009 0 
-0.0002390375878921004 0.001597234396660708 0 
2.409849207579731e-05 0.001269709885748355 0 
0.0005979526551558628 -1.225043585403861e-05 0 
0.0006113110620641753 3.356601033413187e-05 0 
0.0006102335636352228 6.088916190612897e-05 0 
0.0006188501187201213 0.0002502722824065773 0 
0.0006263452843272233 -3.673495117370273e-05 0 
0.0007596480489534927 -2.604356547612886e-05 0 
0.0007396621982475817 -3.10426371787529e-05 0 
0.0006895811068956578 -4.951132274208286e-05 0 
0.0006612658886630464 -5.581946681600462e-05 0 
0.0007158450707615651 -4.123538980268946e-05 0 
-0.0005617646305786331 0.001963699915477503 0 
-0.0004106864205776962 0.001836024386992985 0 
-0.0001521133733079033 0.001226273535064579 0 
-1.006765137183166e-05 0.0009181970732951188 0 
0.0001036718395962445 0.0006063500890038736 0 
0.0001781017556918681 0.0002986812103119175 0 
-0.0003116975228368044 0.001521724803915169 0 
0.0006222510502695081 -5.11888159955452e-06 0 
0.0005717095958907711 0.0003896784666138623 0 
0.0003736123801781978 0.000862901610162077 0 
0.0006316069256229014 9.604128950847862e-05 0 
0.0001762173463260263 0.001057022432729992 0 
-9.10568020405854e-05 0.001375569033823925 0 
0.0005949953065631802 0.0002172233985496887 0 
0.0006134869415366494 1.06419780573059e-05 0 
-0.0003348001888385462 0.001710408044756849 0 
0.0006284212020430049 -2.611805928342163e-05 0 
0.0006066240204517305 0.0001404009266840612 0 
0.0006571850337502314 2.76579612034031e-05 0 
0.0006878872853838917 -3.80471998886134e-05 0 
0.0007120984975864968 -3.290391974331216e-05 0 
0.0007346237558320025 -2.518196230783367e-05 0 
0.0007606168690527798 -2.007618171981859e-05 0 
-0.0004831114026261127 0.001891920937681958 0 
0.0004808085470180079 0.0005918595064055806 0 
9.22616546312221e-05 0.0008995992317208894 0 
-6.93993790516402e-05 0.001193050350897986 0 
-0.0002383431670593884 0.001471371549064049 0 
-0.0004807146820954519 0.001801307142942345 0 
0.0004499690691218446 0.000696096301791451 0 
0.000601425266256093 -8.459914290416057e-05 0 
0.0006620444207961684 -4.275140664266658e-05 0 
0.0006229116806076405 -1.82019944101495e-05 0 
0.0006338402869370945 0.0002942399241309541 0 
0.0006501629366603763 5.730812809485145e-05 0 
0.0006578277335978486 -3.245832877284824e-05 0 
0.0006690386229892894 0.0001021606504221527 0 
0.0006375941018403312 0.0001552433238345914 0 
0.0002801029543927617 0.0009659335846720096 0 
0.0006527743771061106 7.589157868899929e-06 0 
0.0002837142368358665 0.001011305794676863 0 
0.0005612565666661907 0.0004666835286596174 0 
-0.0004077999011750507 0.001730726657393923 0 
0.0007084623481055822 -2.666504262994669e-05 0 
0.0006876047432854318 -2.668115235632196e-05 0 
0.000754630158729074 -1.729618265910352e-05 0 
0.0005320945374951118 0.0005637035490047018 0 
-9.077017533392947e-06 0.001187158657903514 0 
0.0001580379842723689 0.000916657014861122 0 
0.0006465377858538663 -2.872259649300043e-06 0 
0.0004756142200350258 0.0006878192375290252 0 
-0.0001807071701283728 0.001457411869405119 0 
0.0006922367038326655 5.811756411042427e-05 0 
0.000709043414736339 2.082286000213334e-05 0 
0.0006327499686820377 0.0003533030210445439 0 
0.0007053147138493426 0.0001149119467156806 0 
0.0001156485237255218 0.001240473640764457 0 
0.0003218191474297955 0.0008489165921397933 0 
0.0003982637281251521 0.0008286865549609378 0 
0.0006621095248012372 -9.905795877563688e-06 0 
0.0007252010641496758 -2.00436827402965e-05 0 
0.0006097257411926369 0.0004335479217167508 0 
0.0002371640771114813 0.0005958817002879219 0 
0.0006907926505910765 -1.46596470969718e-06 0 
0.0005600686335169324 0.0005395457658773372 0 
0.0006676505270625238 0.0001765402607846499 0 
0.0007476024411357577 3.37145905264183e-05 0 
0.0007318345426391456 6.748398881115141e-05 0 
0.0003860821877453799 0.0008163808380256463 0 
0.0006961349506364205 0.0002491528202403867 0 
0.0007252851582517924 -6.869558052508846e-06 0 
0.000769844755957636 -1.067816604514422e-05 0 
3.079299930981277e-05 0.001198070372060591 0 
0.0006508797106517808 -2.361116711783264e-05 0 
0.0006780390515236838 0.0003123661072556367 0 
0.0003249688291024443 0.000629963013003903 0 
0.0006900806275439974 0.0002067533795597025 0 
0.0004486679193485572 0.0006673642156172523 0 
0.0006303827660120188 0.0004014185269752307 0 
0.0007725592428561994 -3.185318128224872e-06 0 
0.0007348611569494703 0.0001985313208206619 0 
0.0007592591979181133 1.500227629906682e-05 0 
0.0007808314066441955 -8.373818777979744e-06 0 
0.0003429624219155964 0.0007314868598112359 0 
0.0004960038209315524 0.0003130423754389595 0 
0.0004836548204212384 0.0006696140019993935 0 
0.0001852341647406784 0.0009691124472146638 0 
0.0007821372549921692 3.357167972649409e-05 0 
0.000487098003619876 0.0005137119329366188 0 
0.000792063371301596 -1.658993544438754e-06 0 
0.0006857360594046851 0.0002667303248906641 0 
0.0007515342937010799 0.000152809827480382 0 
0.0007686083637677248 7.420926075103012e-05 0 
0.0003443698648861294 0.0002940191573338749 0 
0.0007827876882795822 1.066233152633931e-05 0 
0.0006041765277162126 0.0003640305630064801 0 
0.0007214038372775343 0.0001340713887781373 0 
0.0008062918700359992 2.125790208827488e-05 0 
0.0007731552995861617 9.578477860939266e-05 0 
0.0007982122395832838 6.341135026538371e-05 0 
0.0006347016782079804 0.0001928691168345891 0 
0.0007367935910797698 0.0001314343751231849 0 
0.0008017484173038653 6.110442814369273e-06 0 
0.0005595185406197271 -7.526571895305557e-05 0 
-0.0006480960841226431 0.002061359545042756 0 
0.0005646730046231222 -6.200374904283431e-05 0 
0.0005617979441375073 -4.457102524499338e-05 0 
-0.0007352183395894338 0.002328456255631453 0 
0.0005517959339408282 -2.793427708279175e-06 0 
-0.0003537508422061543 0.001697759595888138 0 
0.0005528607100495137 0.0005179061962723677 0 
0.0006389726953066917 -4.578305505573064e-05 0 
0.0005768717983532618 -4.487282576758844e-05 0 
-0.0006306639403374512 0.002141107418504869 0 
0.0007457870547280307 -1.197906354749633e-05 0 
0.000148667380228471 0.001149437365581215 0 
-0.0006665609350187335 0.002220119957320094 0 
-0.0005804924884194592 0.00209760581244499 0 
0.0005795689819464466 -1.296608364698795e-05 0 
0.0005630824518456619 5.074482239173011e-06 0 
-0.0002588397171272558 0.001809599314355336 0 
0.0007445228455635656 4.110793088514657e-06 0 
-0.0004193918650995385 0.001978719803051434 0 
-0.0005440828652417486 0.002092582881910179 0 
-0.0006093103708258995 0.002163947897920964 0 
0.0002304995392772155 0.001071169199766959 0 
0.0007087554840526726 -1.643736519780296e-05 0 
0.0006734601455535965 -1.867024662807984e-05 0 
0.000593677498159164 -3.913687696528588e-06 0 
-0.0003947435535860699 0.001884884667918167 0 
0.0006050741502931799 -1.959587043009125e-05 0 
-0.0001989972757795807 0.001695088473071966 0 
-8.349016350847616e-05 0.001587147337865234 0 
4.673590592025204e-05 0.001417326683001978 0 
0.0001237754724113859 0.001301510249508507 0 
9.643335696127817e-05 0.001302946393907454 0 
0.0005717267063079423 1.47674245950354e-05 0 
0.0005600055997506059 3.020880767799494e-05 0 
0.0005370958002153828 6.261198856473725e-05 0 
0.0003989632934086663 0.0006546645699428183 0 
0.0004445276687477898 0.0004667726825787992 0 
0.0004821791651969817 0.0003197070344896124 0 
0.0005104458365381459 0.0002109147296258364 0 
0.0005428038594084509 0.0001240846810498792 0 
0.000506307583863585 0.0004204893814032638 0 
0.0006407223145234864 -1.498216610857734e-05 0 
0.0006920367074229138 -1.288166228976897e-05 0 
0.0003060287271327522 0.000992093512348968 0 
0.0005763429773680882 5.126897402443925e-05 0 
0.000614655105121347 -1.223703376130346e-05 0 
0.0005844479350465195 2.099987643540926e-05 0 
0.000464943742092734 0.0005451818519031023 0 
0.0003828501780628751 0.0008065757799146322 0 
0.0004030502376785521 0.0007087589051974145 0 
0.0005713334424513302 8.742926075511542e-05 0 
0.0005784816811689612 6.793070986842943e-05 0 
0.0004024863891451258 0.0007393590880932116 0 
0.0005852206204350995 3.163912723133406e-05 0 
</DataArray>
<DataArray type="Float64" Name="Umag" NumberOfComponents="1" format="ascii">
0.0005763674173118657 
0.0006923657163186286 
0.0008522969015483978 
0.00104854301530302 
0.001262329577456206 
0.001471774764061483 
0.0005795459495589973 
0.0007257452540647195 
0.0009344802274988529 
0.001191697845266644 
0.001459660631454809 
0.00170170140810712 
0.0005871996202807712 
0.000794627984795832 
0.00109625349235638 
0.001460781958243921 
0.001790810863717163 
0.002040206312887702 
0.000595644634546518 
0.001089076315405169 
0.001658190495429173 
0.002135854443162756 
0.002389234569903862 
0.002528604343712899 
0.005059682300560591 
0.004573428506903511 
0.003986601809073936 
0.003493102594506704 
0.003236792030586066 
0.003104037392000605 
0.005070863178490315 
0.004853904240817553 
0.004543760768897717 
0.004171440807978311 
0.003837942896512218 
0.003591262066908319 
0.005094159555703959 
0.004933031168689656 
0.004712466199241881 
0.004445833474235791 
0.004171653655389258 
0.00392806890507786 
0.005120019937712409 
0.004983579121081906 
0.004807320994993047 
0.004598029082729113 
0.004374410860176129 
0.004159066942181187 
0.003026431549849803 
0.003081761683368864 
0.003135587987985678 
0.003208246993562286 
0.003221453577627639 
0.003230948786178881 
0.003238500608424279 
0.003245373505049259 
0.003252518519719452 
0.003260883055189675 
0.003271718070626055 
0.003285270025511708 
0.0033025716221859 
0.003324752374840695 
0.00335315997904575 
0.003389998985210292 
0.00343847444344777 
0.003500082628623157 
0.003578676358819706 
0.003679225001584368 
0.003807026532957761 
0.003966607256001196 
0.003188820809848157 
0.00266057900606375 
0.002968766025941618 
0.002907989839715245 
0.002629515968028448 
0.002775777885632259 
0.002073770287349948 
0.002441036168630967 
0.002843577940233127 
0.002733393962229208 
0.002694315906508811 
0.002477001261051617 
0.002165064393894487 
0.001663143642921386 
0.001826705686119475 
0.001962409390795703 
0.002240355360977917 
0.00230298775325589 
0.002355888092098198 
0.002401187123062293 
0.002509858661984474 
0.002540701028793979 
0.002570435913371064 
0.002599791709988562 
0.003731317583941276 
0.003423668468925787 
0.00303587518987527 
0.002607648718490295 
0.002215515741713758 
0.001902002289425521 
0.003581824036964985 
0.003310577905060248 
0.002995844336228931 
0.002660230808540569 
0.002339459937427195 
0.0020594062148644 
0.003470639108227846 
0.003233442138025603 
0.002971672098209917 
0.002697686975828134 
0.002429213867319704 
0.002181509937215137 
0.003388197127141874 
0.003179902246349305 
0.002956967641887217 
0.002726048850069391 
0.002496303948199923 
0.002276734052735874 
0.003326706338595013 
0.003142096863571615 
0.002948255623301157 
0.002748654978086928 
0.002548129563795997 
0.002352023723451412 
0.003280401535553363 
0.003115112071585566 
0.002943572953927824 
0.002767498572343292 
0.002589449056600441 
0.002412620509469849 
0.003245486647782814 
0.003095952790016316 
0.002941822048831935 
0.002783866582077645 
0.002623407072707178 
0.002462354039392718 
0.003219651845035273 
0.003082762640494623 
0.002942372122484395 
0.002798641498157476 
0.002652164449988792 
0.002504054019590066 
0.003200653687807753 
0.003074117682985465 
0.002944773521687545 
0.00281243469258546 
0.002677256956755233 
0.002539835209390537 
0.003186725354452764 
0.003068904550832838 
0.002948668923980725 
0.002825672955340448 
0.002699825507390102 
0.002571396086823334 
0.003176648117832499 
0.003066306023368026 
0.002953783451926976 
0.002838654579438062 
0.00272069545150664 
0.002599994273927965 
0.003169485908787561 
0.003065725394098348 
0.002959922595103481 
0.002851599166880707 
0.002740456892354485 
0.002626459908914416 
0.003164537418396781 
0.003066751300948713 
0.002966972317592357 
0.002864702396165676 
0.002759603160049821 
0.002651559961560851 
0.003161412548469278 
0.003069104903036847 
0.002974866266225003 
0.002878148238883679 
0.002778573262536284 
0.002675979600719543 
0.003159483515856222 
0.003072433626736055 
0.002983501175295558 
0.002892088460992169 
0.002797764967262471 
0.002700317740630956 
0.00315796806101953 
0.003076250699801409 
0.002992682014714443 
0.00290662672385456 
0.002817566129751114 
0.0027251978654311 
0.003155992523727767 
0.003079931489882377 
0.003002091305050583 
0.002921785780588016 
0.002838382928819448 
0.002751359650613591 
0.003152501878086797 
0.003082692169317891 
0.003011267684597422 
0.002937435887846127 
0.002860500320129162 
0.002779766998475255 
0.00314612004190952 
0.00308362314283557 
0.003019614934874275 
0.002953240850829768 
0.002883824344972238 
0.002810833209411162 
0.005695374011701075 
0.005682178684682519 
0.005668718018535917 
0.005654829464863164 
0.005640334006619755 
0.005625119901238885 
0.005608850353189765 
0.00559138314218044 
0.005572486346832913 
0.005551873742046167 
0.005529200795793481 
0.005504124860457138 
0.005476337061415995 
0.00544549562882372 
0.005411401777513257 
0.005373385831374881 
0.005330749891902125 
0.005282214798582877 
0.005225405785480225 
0.005154659886364113 
0.0004997725461949555 
0.0004432961156632631 
0.0004065379423576333 
0.0003842447195660967 
0.0003735533935155359 
0.0003720329896670882 
0.0003772735855136109 
0.0003867725415133189 
0.000398815216731607 
0.0004120678806072232 
0.0004255809275804886 
0.0004386996679797593 
0.0004509997860736724 
0.0004622515739900606 
0.0004722413309983184 
0.0004809141449253067 
0.0004883011378228117 
0.0004943962794945667 
0.0004993415979995957 
0.000503342995864722 
0.0005066062066714418 
0.00050931368557388 
0.0005117225822349628 
0.0005141419384671809 
0.0005278537803897208 
0.0005388229554398899 
0.0005474444169818497 
0.0005454920401283307 
0.0005434237562633823 
0.0005411229732642178 
0.0005383812668187801 
0.0005349956864279982 
0.0005309257893060585 
0.0005260779920077881 
0.000520280555860786 
0.0005133076201705997 
0.0005051708077344688 
0.0004959058506865778 
0.0004856076937073804 
0.0004744166608989682 
0.0004625763406661251 
0.0004504484230419852 
0.0004386162820816558 
0.0004279722741289608 
0.0004196958525644739 
0.0004155137510144234 
0.0004177939395305058 
0.0004295803768378794 
0.0004551588479991189 
0.0005004202942650812 
0.005443507848289556 
0.005764731287696436 
0.005761701223472367 
0.0005167725753400525 
0.005508201886682829 
0.005221285353167117 
0.005704465008174923 
0.0005497633867023267 
0.005577197394229535 
0.005625100217014718 
0.005672670134088086 
0.00547822448772712 
0.005693836560951083 
0.005683310945750094 
0.005295613822517271 
0.005638238494595662 
0.005594961861286407 
0.005610793038174678 
0.005354455437668901 
0.005557108475433173 
0.005650404401410543 
0.005661731953196589 
0.005402842217628825 
0.005534306738446347 
0.005715408357614823 
0.005726811581714864 
0.00573867979057684 
0.005751439831221749 
0.005763724586642934 
0.005762723907241947 
0.005748288703324924 
0.005734881303906952 
0.005721623644828826 
0.005708475458218719 
0.005178733345046053 
0.005200479429170403 
0.005251490861320443 
0.005274983395300541 
0.005309310358015384 
0.005333664785668291 
0.005358118066988458 
0.005382359626298768 
0.005400325156162998 
0.00542373862130859 
0.005437265771018756 
0.005459448499800406 
0.005469887098181333 
0.005490606456255431 
0.005498873557363871 
0.005518003514924972 
0.005524682836143399 
0.005542165427248563 
0.005547773193018917 
0.005563608855794238 
0.005568497897988086 
0.005582715439884147 
0.005587223507934538 
0.005599857124629732 
0.005604322825877705 
0.005615436605367378 
0.005620120459175592 
0.005629798757133138 
0.00563479866551447 
0.005643124317604232 
0.005648503532394575 
0.005655552558438208 
0.005661608511646246 
0.005667475846594484 
0.005674239461070147 
0.005679037418816674 
0.005686568674107806 
0.005690398230076681 
0.005698770198139946 
0.005701750104915683 
0.005711038468730766 
0.005713313203143481 
0.005723491548161745 
0.005725202405154292 
0.005736227766529939 
0.005737486615469335 
0.005749387921125272 
0.005750450009718031 
0.0004932927220284409 
0.0004922018629910086 
0.0004431698861453172 
0.0004385425465151007 
0.0004142771145759476 
0.0004060295539641414 
0.0004001672452711361 
0.0003885081126264638 
0.0003965268839618056 
0.0003821761788603988 
0.0004001331453502217 
0.00038402042988309 
0.0004084167615276021 
0.0003913862259866311 
0.0004194513581305426 
0.0004021312733961818 
0.0004319214134752477 
0.0004147393753253992 
0.0004448461671503266 
0.0004280840685666705 
0.000457558586099798 
0.0004413843543889108 
0.0004696104385841649 
0.0004540991099131537 
0.000480715826323031 
0.0004658771486462798 
0.0004907046657120247 
0.000476517926889045 
0.0004994964372513929 
0.000485924425362449 
0.0005070710307365255 
0.0004940898196303318 
0.0005134992450567032 
0.0005010210603381184 
0.0005187973611435808 
0.0005067395572034797 
0.000523136807726816 
0.0005113817075104954 
0.0005267085254643613 
0.0005151482480321657 
0.0005296189685112022 
0.0005182268686749044 
0.0005320409033243023 
0.0005207713816158542 
0.0005341929892518899 
0.0005230308213151212 
0.0005363854001127959 
0.0005253204014871655 
0.004184587762641841 
0.004459755521858673 
0.004746514291400668 
0.005039683158664793 
0.005335913858757453 
0.005637414104949542 
0.005646705005369663 
0.005658871676921872 
0.005671020688252319 
0.005681316882083795 
0.005689217580045683 
0.005691593363543828 
0.005692304499144709 
0.005691490992496085 
0.005690062362102785 
0.0056884928490941 
0.005687021436469349 
0.005706110553914929 
0.005725086999470295 
0.005741279229621042 
0.005753910655529482 
0.005762525859656946 
0.005767171915715605 
0.005768372122115689 
0.005767066985274698 
0.005685298034777835 
0.003335063860526105 
0.005633426716166016 
0.003501271058910307 
0.003698987829278711 
0.003928446989218724 
0.004714168281999328 
0.005024367296411474 
0.005142699594799728 
0.004880789530506623 
0.004532794479676685 
0.005491818263375504 
0.005546557673646763 
0.005589535161717097 
0.005606877732122659 
0.005621679730432688 
0.00563468083832705 
0.005310140267584353 
0.005368861352208217 
0.00541763884888794 
0.005237189040653606 
0.005458360760430805 
0.005520953072024573 
0.005569705591321518 
0.005646828839988797 
0.005658450159926018 
0.005677399174498911 
0.005686807354847148 
0.005705298214007379 
0.005724457439283708 
0.005734788043733269 
0.003549287411914626 
0.003712240990384703 
0.003798676533567183 
0.003900550673675696 
0.004024192675799128 
0.004350855552464911 
0.004175876678245053 
0.003361689400231453 
0.003425422808181927 
0.00347980197976687 
0.003509175636852995 
0.003633416749878198 
0.004944324849831125 
0.005064145617396439 
0.005166361085725069 
0.004805950086933817 
0.005252127848682735 
0.004652092232314369 
0.005668565086105199 
0.005714853556796452 
0.005696074952101304 
0.005631610479540884 
0.005617535050714642 
0.005642943953404019 
0.005380652238098587 
0.005531137520112728 
0.00542982289453882 
0.005503877111614383 
0.005556287194843683 
0.005471026875343016 
0.005579600535228285 
0.005600243502187747 
0.005653160071729077 
0.005689703122638053 
0.00572729110488572 
0.005664631565381776 
0.005322304485836843 
0.003346185310466073 
0.003334374345513315 
0.003454996192453586 
0.004097472075348638 
0.004003840682184755 
0.004205100631306941 
0.003830593135211081 
0.003680651594556271 
0.003362644031347895 
0.003919009379262503 
0.004335521855730529 
0.003331328838263346 
0.00366973412077535 
0.00356589897370873 
0.00333521643611052 
0.004497234882337182 
0.005746866127551899 
0.005707577682227908 
0.003447752880484141 
0.004888780699681501 
0.005105883144138286 
0.00500751804161122 
0.005188827902001839 
0.004751435566833377 
0.00526429186836429 
0.005564970678703724 
0.005627557189353582 
0.005542250633041469 
0.00558778547429576 
0.005390407447984859 
0.005439879120730399 
0.005480876025709978 
0.005609062411991802 
0.005642804054596991 
0.005657421012824349 
0.005652257071205189 
0.005666823428760522 
0.004614943262798132 
0.005330895487987194 
0.004202131324399278 
0.004286505789783439 
0.004372244979529501 
0.004129390558400984 
0.004065050481100998 
0.004025928336258744 
0.003814500715911716 
0.004442512555732238 
0.00361037700070792 
0.003461256891915304 
0.003458594376265414 
0.003498571333446136 
0.005677429839862909 
0.005720038612472512 
0.004809400626148251 
0.005207310499433459 
0.005664172582077678 
0.00427167384945421 
0.00559396610248301 
0.005400692033399198 
0.004466900331261771 
0.004339627256835737 
0.005334944519785431 
0.004665116499676413 
0.003594726726287991 
0.003729898691936661 
0.003644802292263481 
0.0057144394229158 
0.005678615395034577 
0.003662814804314692 
0.005701653618728032 
0.005729527332357865 
0.003935478968604075 
0.003607892812592068 
0.003635404925423275 
0.003974830309686967 
0.005690529834751965 
0.005715378914256311 
0.005081194549220868 
0.004003544670880753 
0.00563539618264143 
0.005656972039282688 
0.005677586599261713 
0.005382780894687309 
0.004838449849995102 
0.005519677833570682 
0.005561208011170301 
0.004573814417923385 
0.00445667988115845 
0.005473059620156526 
0.004663741066386101 
0.004763643662051559 
0.004489253256323745 
0.003760560641612884 
0.003982101772383586 
0.004226925334671419 
0.00534050401911961 
0.00379267051227129 
0.005690323320050217 
0.004984959774476706 
0.005638295425808749 
0.005596258623889931 
0.005675232659794576 
0.005173357033611611 
0.004433172484421285 
0.005730461289839491 
0.005702803184726372 
0.00418386308257395 
0.005576009273188026 
0.005443637135102688 
0.005539307978219448 
0.004729434233331491 
0.004882094294906611 
0.004754133555007766 
0.005050383618327776 
0.0047365334246472 
0.004234744700550413 
0.004005645771587866 
0.00448025860427815 
0.003989990456782378 
0.005722963988089643 
0.005711591058533087 
0.005699510028844492 
0.005732841239662372 
0.005740602775892812 
0.005702317975262708 
0.00439267992357565 
0.004973169443174549 
0.005605879576416143 
0.005278753664662595 
0.0047169939643145 
0.005728579634509694 
0.005656530830871677 
0.004174976146581361 
0.005146194645208082 
0.005714511604465289 
0.005554824344445073 
0.005443581712804063 
0.004855421103950082 
0.004978247924105185 
0.004448569901133277 
0.004222195851173492 
0.00467913295125115 
0.005011542770849572 
0.005688813268122368 
0.005703791225068241 
0.005711539273542557 
0.005745797760485477 
0.005718658317298965 
0.005626564772332695 
0.003576105566712752 
0.004006953952065693 
0.005639244552822438 
0.004389636045729272 
0.005059641641141972 
0.005595202718613178 
0.005711855649920438 
0.005107832484168491 
0.00525393455920406 
0.004198186336952787 
0.005364781074774457 
0.004778794913505999 
0.005510250751395784 
0.005000131366449975 
0.00562354312628099 
0.00461978093937091 
0.004415483145106937 
0.005652374266622079 
0.00490640279160216 
0.005700571357392335 
0.00570781247741701 
0.005702650702625689 
0.004579513409301249 
0.005173132971604276 
0.005351740216224708 
0.005697607872516593 
0.005618187966969805 
0.00572452309881894 
0.005221154551452214 
0.005686154984886947 
0.004944373001111561 
0.004743887686408815 
0.004808159901484406 
0.005693504624777333 
0.005696797015046095 
0.004751511289279477 
0.005658573102214176 
0.005667625313766723 
0.005296392071180356 
0.005330929999842086 
0.005149666954606004 
0.005439745403843826 
0.004869632473924123 
0.005681874515181036 
0.005109320876123069 
0.004947147159340932 
0.005688396111127926 
0.005512967474642113 
0.005675345643763516 
0.00542019686878097 
0.005241979684277164 
0.004966718729880739 
0.004913539544017815 
0.00532519026058649 
0.005129180483043874 
0.005691447800767807 
0.005432659654930938 
0.005566928043543007 
0.005447587859981573 
0.00510270912709454 
0.00539847227656895 
0.005681992704348747 
0.005361947481156507 
0.00564404317642191 
0.005665777197466502 
0.005517762316438537 
0.005652214443386854 
0.005570093562255679 
0.005533530417098376 
0.005546365032708382 
0.005319663745653565 
0.005530349533260874 
0.005580272203277841 
0.005247573799742142 
0.005654696443016795 
0.005073826158566655 
0.005503644491414725 
0.005696047064337782 
0.00568318254179332 
0.00560798012656754 
0.005672444228082737 
0.005671303120013298 
0.005612490414825621 
0.003333542094985412 
0.003455923364354096 
0.005748203944385103 
0.005650099240795304 
0.00562457180419802 
0.003417384913413053 
0.003492266381015513 
0.003386018919270755 
0.005714326492905502 
0.005681828392942479 
0.003800592740262166 
0.005640529778423034 
0.003806756278374637 
0.00567267323287823 
0.004582097576813856 
0.003799463895173414 
0.00378279198365296 
0.003839393561675092 
0.005698957242379591 
0.005690886876955624 
0.005514933503892262 
0.005641631627392578 
0.005504430172786461 
0.005373821054156563 
0.005295060490707388 
0.005197913625876345 
0.004869733799927419 
0.004810977947983796 
0.004623373985251156 
0.005492950100847083 
0.005437104878522144 
0.005336090881914482 
0.005238640950086311 
0.004214037938462124 
0.005024643731613904 
0.004592522753798001 
0.004389687104688064 
0.004204651570518214 
0.005619635186184151 
0.005417112208252138 
0.004532811934841433 
0.004367877211358341 
0.005161108453890685 
0.004967215036945498 
0.004845222638444202 
0.005615735908746696 
0.005574961104645224 
0.005484613149792086 
0.005451817557585803 
0.005265657402462832 
0.004542635113849748 
0.002544721019650761 
0.0005793112806665668 
0.0007351346789322805 
0.0003859947206294194 
0.0007186386508560077 
0.00132916426547697 
0.0008158117898726726 
0.0007877451069518774 
0.0005331442608466668 
0.000652170840701041 
0.0007980617292704647 
0.001981305954889356 
0.0007382096868671645 
0.0007526100259555637 
0.0007612169254138488 
0.0003295107498653866 
0.0007640657379939222 
0 
0.0006608590966795724 
0.0007769052223077201 
0.0008084591489357815 
0.0006092349550247681 
0.0006390428828734279 
0.0006679821205778021 
0.0006948724824709949 
0.0007874933188267671 
0.00166067624052946 
0.0002066159078733403 
0.0008103652831362499 
0.002280514252685423 
0.0009945313690911538 
0.001092063770119556 
0.0007774258130810894 
0.0006582473603297876 
0.0009248893118338825 
0.001266042958509529 
0.0005048195850717267 
0.0004946868948970923 
0.0004841646657115579 
0.0004734510528088804 
0.0004554922642410783 
0.0004452991817963719 
0.0005104817102644605 
0.0004544033329110438 
0.0004743577269520494 
0.000570583059380131 
0.0004493058816923316 
0.0004463345717275864 
0.0005541799810324417 
0.0005462811040600517 
0.0005480446726427832 
0.000540521826017416 
0.0005235613815796438 
0.0005144850927992052 
0.000463375335838798 
0.0005774188075539719 
0.002152543910017974 
0.002302872957037863 
0.002457798821013911 
0.002523929046682342 
0.001584324521929244 
0.001835112751207079 
0.001935746039762795 
0.002022156981888527 
0.00143266721037896 
0.001717002959186997 
0.002092348620572585 
0.002197065074894895 
0.002239972991682682 
0.002360594001882441 
0.002412160627753668 
0.002497713866709778 
0.002521131780132832 
0.002498921433458823 
0.0009793504402903265 
0.0008465798323066213 
0.0007336663840698886 
0.001119293435370047 
0.0006430370395480138 
0.001254582495183802 
0.0005508272395078815 
0.0005540609958017809 
0.0005323901120466524 
0.000506854550184094 
0.0005156656653999062 
0.0004971375740019829 
0.0005576295718999482 
0.0004799225730212639 
0.0005294229606240734 
0.00050136221779072 
0.0004805747196049713 
0.000482819683798439 
0.0004863157338743129 
0.0004861965164878871 
0.0004887398167964252 
0.0005244831195166571 
0.0005701345289623338 
0.000533718338937694 
0.0005759260007907385 
0.002401971897988119 
0.002399675216140516 
0.001949667774722684 
0.001808018694799651 
0.001711497473272856 
0.001990525543948521 
0.002137085697194329 
0.002217612094086463 
0.002347485879498167 
0.001884560905487269 
0.001607111217805848 
0.001497364061565919 
0.002010670542226395 
0.002285475976380389 
0.002341283242718318 
0.001380133702646683 
0.002449015504708221 
0.0005679246572992312 
0.000901384241825227 
0.0007075509341015865 
0.0007954815295575008 
0.0006397719538414667 
0.001008353277951923 
0.0005893977203098665 
0.0005311967407229961 
0.0005375646506348852 
0.0005206982129556177 
0.0005179998675565741 
0.000517875796721099 
0.0005335412110713829 
0.0005214480720046493 
0.0005210574156701919 
0.0005191752605547969 
0.000510208992044008 
0.000543854261270586 
0.0005533912425537623 
0.001110165953239634 
0.0005541083998558685 
0.001500074952907258 
0.001395588762804374 
0.001600966309924924 
0.001684813998175464 
0.001300033013845307 
0.001753892138770261 
0.001787443637790391 
0.001850602309329042 
0.002078300358496593 
0.002046171158749172 
0.001207910589643992 
0.0005604734156352623 
0.0005766738279016963 
0.0005851663238382982 
0.000583539939512856 
0.002244159812756796 
0.002117385908754492 
0.0009206078004784593 
0.0006896891325264239 
0.0005596614674013081 
0.0005605194784405784 
0.0005514595297499307 
0.0005750300597438273 
0.0005531931460019938 
0.001550270538637795 
0.001201548771518512 
0.001587207699728356 
0.0006130248386448247 
0.001064906525480106 
0.000588389475181984 
0.0005888583618146006 
0.0005428226002835944 
0.0006028829041912207 
0.001764198209069382 
0.001602832530011279 
0.0006122377413338377 
0.000603126180980381 
0.0006077215350897973 
0.00135389552558068 
0.0005715676522935352 
0.0008479752610018196 
0.0005853080001545466 
0.0005640333051976359 
0.001496526098671535 
0.0009902326772548158 
0.001471895240644321 
0.0006542037137534583 
0.001428850184833408 
0.0005568036209891531 
0.0005981196760526898 
0.000616564312652383 
0.001119413977714886 
0.0007416299788634243 
0.0007192308328840321 
0.0006357949956752721 
0.0006654875030397729 
0.000693642468150955 
0.0007723387176251086 
0.0006303480501312625 
0.0007013675614712122 
0.001157090363913708 
0.00076239490766872 
0.0005956606610648129 
0.0005987022084478505 
0.0009563278761244061 
0.001289913327276298 
0.001615022193748857 
0.001269938554138517 
0.0005980781311723078 
0.000612231893690439 
0.0006132638031260073 
0.0006675415228889555 
0.0006274216061283548 
0.000760094353078325 
0.0007403133207226901 
0.0006913562569812407 
0.0006636176522553869 
0.0007170317445593396 
0.002042473220929836 
0.001881395462331056 
0.001235671987680748 
0.0009182522654542523 
0.0006151489907008503 
0.000347750917718297 
0.001553319582247407 
0.0006222721048788352 
0.0006918823378119431 
0.0009403113311253477 
0.000638867151906611 
0.001071610459281084 
0.001378579525458413 
0.0006334077831142349 
0.000613579236230305 
0.001742867420664944 
0.0006289637193017635 
0.0006226597163802752 
0.000657766775843248 
0.0006889386814602471 
0.0007128582875995904 
0.0007350552318420642 
0.0007608817743645202 
0.001952629371331577 
0.000762544775215348 
0.000904317969869064 
0.001195067116772343 
0.001490550804460901 
0.001864348151177039 
0.0008288680380700623 
0.0006073461664251541 
0.0006634233172547229 
0.0006231775625276814 
0.0006988065843257976 
0.0006526837409899074 
0.0006586280211145046 
0.0006767935265249527 
0.0006562215542762905 
0.001005726282373525 
0.0006528184914073971 
0.001050349074608227 
0.0007299331815639786 
0.001778121346256302 
0.0007089639787617789 
0.0006881222034491299 
0.0007548283476380869 
0.000775168554569026 
0.001187193358843695 
0.0009301806745826193 
0.0006465441658636422 
0.0008362440970282155 
0.001468572244875521 
0.0006946720847934245 
0.0007093491069139628 
0.0007247037653733566 
0.0007146143023130501 
0.001245852894394566 
0.0009078694532049642 
0.000919421232903163 
0.0006621836207763585 
0.0007254780028792161 
0.0007481505730117596 
0.0006413437457480702 
0.00069079420608686 
0.0007776802091642081 
0.0006905966188483536 
0.0007483622676261198 
0.0007349393761023497 
0.0009030709431654388 
0.0007393787915076481 
0.0007253176901249302 
0.0007699188083853776 
0.001198466030063387 
0.000651307826569597 
0.0007465316740455001 
0.0007088428158916257 
0.000720387557132184 
0.0008041628554832621 
0.0007473414651174706 
0.0007725658094778218 
0.0007612066771514229 
0.0007594073991721508 
0.0007808763067495897 
0.0008078961869712681 
0.0005865281913081126 
0.000826017491939695 
0.0009866562882450865 
0.0007828574220931573 
0.0007079296682382691 
0.0007920651086982877 
0.0007357846216007407 
0.0007669124056783572 
0.0007721825116090843 
0.0004528110739823099 
0.0007828603005873205 
0.0007053704894918942 
0.0007337565221022909 
0.000806572053872029 
0.0007790660056063401 
0.0008007270313677695 
0.0006633586635814605 
0.0007484248731972002 
0.0008017717020203698 
0.0005645581686121896 
0.002160840509661457 
0.0005680669564808988 
0.000563563223009202 
0.002441772827528779 
0.0005518030046601706 
0.001734222391676402 
0.0007575498616287674 
0.0006406107971910357 
0.0005786144158484946 
0.002232056895157143 
0.0007458832542451839 
0.001159011754616096 
0.00231802418127681 
0.002176447029797515 
0.0005797140020385753 
0.0005631053169226143 
0.001828017417224962 
0.0007445341941011746 
0.002022676839116811 
0.002162158477520364 
0.002248094667248814 
0.001095688592683339 
0.0007089460650496511 
0.0006737188922378715 
0.0005936903980795969 
0.001925775865580088 
0.0006053913820752047 
0.00170672928354474 
0.001589341775545892 
0.001418097024625458 
0.001307382613142136 
0.001306510121557142 
0.0005719173922297679 
0.0005608197962031671 
0.0005407329837554143 
0.0007666533823220927 
0.0006445786107870422 
0.0005785406945515591 
0.0005523042415302161 
0.0005568061043666454 
0.0006581479236088803 
0.0006408974564075274 
0.0006921565875176623 
0.00103822113206937 
0.0005786188168898686 
0.0006147769052648363 
0.0005848250880309796 
0.0007165165280408338 
0.0008928262695438976 
0.0008153457424855881 
0.000577984236895327 
0.0005824565535654109 
0.0008418118284944131 
0.0005860752587803066 
</DataArray>
</PointData>
<CellData>
<DataArray type="Float64" Name="sigma_xx" NumberOfComponents="1" format="ascii">
-8.831790948246956 
7.994883650672761 
26.98797854550284 
47.33790274492691 
69.52482519710226 
3.2842343819614 
21.55248762094742 
45.08542037700359 
73.23887596780828 
103.8374335359916 
9.73240307832814 
27.22601905996038 
55.35693064955608 
91.41801271127886 
127.9099959615636 
6.120176508573548 
27.38788268498442 
59.11415287119598 
97.63664263797368 
135.4844463704358 
9.705758887960508 
27.18417598004031 
55.29755583873239 
91.35176081308734 
127.8819698533967 
3.152008062634441 
21.39498773871141 
44.88683669848253 
73.04965390930339 
103.7238110103826 
-8.821244570498846 
7.72338564580707 
26.59340070818518 
46.98179828178139 
69.28450921631668 
92.22926252407677 
131.7970401259029 
159.5509544726216 
168.7650479038248 
159.506295383406 
131.7926050005316 
92.53348264903508 
113.009006375843 
154.7212955189076 
183.8253841334561 
193.9751261283798 
183.717845574716 
154.6279133124436 
113.3955632183429 
130.1438363834002 
171.3243125719754 
200.0424908830664 
210.2056016748484 
199.9074140835233 
171.1505614549572 
130.2557844953436 
142.6604369912932 
181.6223741306177 
208.6544185050696 
218.2743190686057 
208.5254390267623 
181.345148984542 
142.1917515785563 
150.1804945623166 
186.0060223726073 
210.7397501465915 
219.5317962687517 
210.6389513628351 
185.7129811062309 
149.2433473158397 
152.5806285950219 
185.2660975272258 
207.5294414448447 
215.3683356639809 
207.4185751233158 
185.0222172291119 
151.8315331901987 
150.6006921996863 
180.4443029101151 
200.0982000429716 
206.9444570909752 
199.9174475676229 
180.0733418515043 
150.3089690846547 
145.3855407942721 
171.9669648046353 
189.2062026788296 
195.135251304 
188.9923987084704 
171.6289032527873 
145.2355859940511 
137.2354534203475 
160.5128530788471 
175.5307340138475 
180.6678183795 
175.3719990865558 
160.3121847096963 
137.3577865072033 
127.3950135430427 
147.0781411219506 
159.8444131937132 
164.2375263808645 
159.7303193883473 
146.8449475157101 
126.9465967621805 
115.965104032016 
132.1188040121196 
142.7499549813367 
146.453261132273 
142.7008508143918 
131.8605177989759 
115.2315745205621 
102.6405869193923 
115.8384884787803 
124.6764765944966 
127.7770007963916 
124.7125898415173 
115.789827813386 
101.8427022900976 
87.43686855714091 
98.677017339955 
105.9879365137907 
108.5393275041388 
106.0833191259358 
98.82377884286679 
87.36950046482799 
71.05350101441316 
81.01613630182015 
86.96184588356414 
89.0101833129139 
87.10074335332628 
81.42911561778908 
72.40456625600835 
55.56384092984918 
63.33236841080125 
67.95097624737197 
69.51277735280379 
68.08734740421895 
63.92765300751045 
57.41283238300016 
41.53437358738937 
46.36205246478875 
49.54021698485473 
50.58261888199149 
49.47662944027972 
46.57324523766744 
42.49638019808068 
27.94542117468981 
30.5481065936603 
32.52183989058183 
33.10250600762306 
32.02024235029012 
29.77007956528247 
27.48260463301616 
14.94259239049416 
16.51471311711706 
17.92894592581685 
18.29686262249075 
17.20373941363631 
14.46072095934997 
12.1601143188741 
3.672684759449174 
5.729613952732791 
7.152182493195903 
7.389794627710862 
6.677824130127499 
4.267479600122477 
-2.471696025592856 
-2.569221701921902 
0.9485421823654151 
1.232949240346359 
1.356027851285225 
1.171588939832478 
0.4918488907218814 
-4.201338736612886 
-1.782236031023575 
-8.199684359822987 
-23.47249343062603 
-3.084587405342165 
-17.61905469813627 
-32.35854844294421 
-3.798483938719917 
-20.06958286839904 
-38.09154175976325 
-3.947627051841707 
-20.8189497783235 
-40.10130028474454 
-3.884668668074327 
-20.58262233171746 
-40.17340280878813 
-3.718284923010645 
-19.76788139335754 
-39.11693896057324 
-3.455456713977305 
-18.65965545050936 
-37.2463782256309 
-3.183276193668181 
-17.34050079437958 
-34.91457440380676 
-2.905079819116614 
-15.92342940974238 
-32.20705674664419 
-2.625932219538278 
-14.44653106036891 
-29.44480006951858 
-2.349465719923689 
-12.97573905755197 
-26.6011896141642 
-2.076996561016596 
-11.52443438292558 
-23.78387609980908 
-1.812092163814175 
-10.10619319981864 
-21.01339681378966 
-1.55727585581416 
-8.750672209603616 
-18.2597595145549 
-1.319560500783008 
-7.463202899776513 
-15.56657479802914 
-1.099369999725823 
-6.220604693858443 
-13.05345415548551 
-0.8914929201034917 
-5.054744129008757 
-10.74524414888904 
-0.7022625860039168 
-4.003288484991351 
-8.547308477928702 
-0.5308210016690225 
-3.040519584912247 
-6.493052404310292 
-0.379002525904355 
-2.170847097169475 
-4.710237820847401 
-0.2506836370695317 
-1.418501039782767 
-3.160773784427821 
-0.1429452491531787 
-0.8222741074518577 
-1.858297715762228 
-0.05994572554997454 
-0.3555793590325148 
-0.9243569191375371 
-0.01653781520904841 
-0.08946417845649011 
-0.08317160205463679 
-0.002308823592816503 
0.0009152298746248639 
0.02594261553581252 
-22.552503135592 
-8.213739353265154 
-1.771565941904115 
-32.70223987731234 
-17.50542015627116 
-3.087705891570482 
-38.16467179952919 
-20.12546443508738 
-3.798254837180108 
-40.17268157923512 
-20.82860781844909 
-3.948972753846157 
-40.11250757839631 
-20.56577103230546 
-3.882758257529463 
-38.99582123524568 
-19.73593699337724 
-3.713393507120062 
-37.1749964884374 
-18.61436759871258 
-3.445625712965465 
-34.94448802474173 
-17.30883051508727 
-3.171861896881307 
-32.3762598990252 
-15.92242908423257 
-2.896196521488988 
-29.60844739095973 
-14.47274959932441 
-2.620726846543559 
-26.76423229769214 
-13.00801247890044 
-2.349140053039146 
-23.92182209971346 
-11.56964946689999 
-2.081837834746531 
-21.10340491534333 
-10.16436327070259 
-1.820653808975245 
-18.36611337714629 
-8.800478926030195 
-1.565909150953579 
-15.65937449730872 
-7.492490730279044 
-1.32651285983833 
-13.08259337388619 
-6.231853450990525 
-1.107431202596659 
-10.50129683904705 
-5.081654135905231 
-0.9005399669444966 
-8.40827199690257 
-3.987757673747978 
-0.7049608014722405 
-6.512775949154314 
-3.004527737708196 
-0.5272097965994174 
-4.783872140681289 
-2.180161204437865 
-0.3772660387959587 
-3.204981059178502 
-1.437405529552297 
-0.2524906382684688 
-1.918972037292501 
-0.8307478108441203 
-0.14347208586645 
-0.9448909190205588 
-0.3735222656841513 
-0.06277395875484588 
-0.1300301399006314 
-0.1032780593293921 
-0.01847930473397525 
0.02591597524389096 
-0.00140749870767313 
-0.002414029969308827 
0 
0 
0 
0 
0 
0 
0 
0 
0 
0 
0 
0 
0 
0 
0 
0 
0 
0 
0 
0 
0 
0 
0 
0 
0 
92.50342978762131 
65.49610582593502 
-7.909036374149202 
-44.75374977033611 
4.706152880232187 
5.753625884426617 
24.82234865255139 
35.49663843933595 
10.94873788304627 
62.52366437648357 
70.97169802316203 
79.78175333413662 
50.45754771778755 
98.33350289046848 
-8.943653962849055 
109.6280770455644 
107.2144376838478 
101.5189599529199 
18.56576312870748 
-0.7049715610997326 
-7.027261727964488 
-2.314154729994661 
21.54648584476397 
21.61512526538022 
4.667140244335613 
2.50357231165489 
6.072822680662846 
-46.18042889369038 
-50.2460404825792 
-28.13778613194282 
-60.11319607481214 
-11.10135164052167 
0.1119717859044878 
-3.583349302588227 
-17.66524623801217 
-36.41834333118833 
-47.60002989505126 
0.2656568174020957 
0.959933899541489 
1.785135240227553 
-21.07401661795526 
-33.41508395579157 
-51.95802345027359 
-55.63185394286162 
-55.89481165546889 
-54.05857264188373 
-51.46680079817858 
-48.38375946134938 
-40.87977051858131 
-36.76858771720281 
-32.61454270376235 
-24.5276629621508 
-20.53337242543139 
-17.01665596888094 
-13.44900846278976 
-10.44062456400966 
-5.419306647648797 
-2.264109664427563 
-1.440887257067929 
49.02880659304864 
5.37176108150176 
33.1201872691793 
-30.09385388913177 
-22.35358543897992 
-40.31400480165232 
-45.02244636132556 
-14.92833136323645 
-1.950942923652164 
-56.71490451961578 
-52.91972980350981 
-35.04468384714793 
-55.52509080598798 
-37.17206750724406 
-41.107454822678 
-28.58745928112128 
-57.89416633499447 
-62.99208926390805 
-30.81374497237172 
-65.3634519298563 
-65.58392446591509 
-62.30103214406992 
-59.29072474915045 
-5.85838605048962 
-7.381213664649528 
-7.680430731812936 
-2.254355880605699 
-4.414019826742351 
109.7043659910589 
105.5529480249891 
-26.28307392835735 
30.87488483154167 
80.26375866095002 
-8.14361742237074 
10.43902578988993 
19.76677761304379 
48.96236467188529 
-64.73802633414896 
88.84148184056728 
25.22890940357287 
38.46606440978998 
72.00619958012315 
62.19949988395809 
-39.77338498875882 
-32.73846275091077 
-37.20017076476162 
-51.72697767754748 
-39.17643882519329 
-26.66028906169397 
-5.658461785390993 
-10.67664560991661 
-14.13614394463358 
-51.09252348646424 
-48.37126121636256 
-64.22731813718245 
-63.26796420991742 
-43.27112239232272 
-31.81607179953739 
-57.51669925520433 
-48.81936305523637 
-64.49334867475875 
-61.02816232098853 
-55.5692643134793 
-60.68696357855161 
-34.80376042415511 
-2.746724447258138 
-22.07709659266549 
-39.15154650681696 
-42.5370806044746 
16.62121460583429 
12.21157399119499 
27.12921317173884 
44.14090269831575 
-46.64966582307563 
66.55911786741673 
32.53016001601485 
60.23573564306671 
-40.55413554296274 
54.44858733763884 
-4.158249005956437 
-2.313647095763987 
8.839705570079774 
-2.256790199947867 
53.07362115265097 
-4.643256936389954 
-2.723680971166506 
-24.79110935489333 
-8.714141850684573 
10.82168708807501 
-20.39348842575472 
-38.71401878576165 
-52.34810645773494 
-6.723141459410963 
-34.92783565901812 
-64.75685909658378 
-42.08043800938011 
-63.92667307090858 
-47.76772741340059 
-56.45123980882793 
-37.13478436039092 
-51.23374579259022 
-38.9828438879606 
-23.70430399186643 
-16.63070183479422 
-30.45188233992728 
-40.9241842620474 
-44.9891810451716 
-40.28755621295196 
-12.16762008311195 
-40.36005710526004 
22.08707745429409 
-10.82438825171042 
-60.77803360799714 
18.6679971363905 
-67.59853128304803 
-55.48298226709797 
36.66133151731556 
-1.821832202652649 
-2.27661734124414 
-39.09530073373715 
48.71120975133157 
-30.20150698342032 
-6.698180827724464 
-55.23298317278322 
-42.54092939827721 
0.08292887032598083 
-62.51889894494795 
-40.51751090923663 
-51.83054953724982 
-34.19526838648269 
-45.86119078105991 
-45.55239577193241 
-56.49191756121184 
-69.22621227670754 
-49.75892136756263 
-62.4011875441625 
-59.57061422469654 
-38.1156287605864 
-40.7432834703373 
-3.583893965266789 
-13.25112831188675 
-10.7323164357784 
-21.9240810668582 
-1.83142205497179 
-2.798183186609547 
-16.67196804700681 
-23.29578508012744 
-2.673403152899239 
-3.031693783963322 
1.969782980157796 
-0.4892664593673492 
-12.10905089070893 
-20.65893069503123 
-0.2263697351888639 
-17.51300279781759 
-64.70012130769824 
-51.47201157289611 
-74.43468417564888 
-40.78533787621476 
-43.21907421538592 
-29.96644358409343 
-30.15066638497494 
2.348613984658625 
-3.010760300686945 
-38.50039895694248 
-64.74548959987877 
-10.50560914871944 
-30.38412383083608 
-63.49519681920243 
-12.31376444229134 
-40.29399602984743 
-28.55180593152851 
-20.68800197172891 
-10.0547258794853 
-24.94671645689995 
2.149864391439429 
-10.10449041887564 
-13.12715530231521 
-29.73913017160067 
-1.023966665271032 
-6.42899960500061 
-12.19254314391139 
-58.71322127405815 
10.14219806025893 
-32.23620132332162 
21.34256916479699 
-12.50173412074315 
-41.22044804623958 
-0.6271249660741223 
-17.9864437515688 
-30.85842466230992 
-12.8832397367683 
-22.77829785815978 
-12.17826699113856 
36.89565294739135 
-76.36390250051268 
-47.81634505904548 
-65.80064851764504 
-58.54141574254927 
-55.49168750470567 
-34.47096154853958 
-11.80720235938479 
-60.1500797245129 
-54.47794742852389 
12.00134458077161 
9.399895840202534 
-0.482507946422492 
-7.943511997099614 
-6.1985978219472 
-16.60398176640676 
-33.64112024263973 
-6.106025949777364 
-16.745848278871 
-73.39017836469964 
-1.732874944756437 
-14.84392491138507 
-24.71852108426756 
-55.79169954726848 
-0.8169074808275015 
7.455963115853738 
-35.34901336575091 
-20.5991063373364 
-71.11251795848069 
16.47811073420717 
-26.33714926020975 
-26.31254876429397 
-20.33159054769915 
-25.22761159092709 
-63.83189146344041 
-11.63849803261813 
-25.52563903568132 
-13.3835362080291 
13.53983629300352 
-0.1062289159876237 
-2.557963980036846 
-4.122161199935769 
-7.858046407130253 
3.916422616017424 
-47.14234170900837 
4.0480486530751 
8.949152743704122 
-15.10411828140656 
-40.23302142387655 
11.36915505453459 
-36.8860182574118 
-67.12723019610698 
26.86947477007651 
-71.87495434695417 
-20.79587608104818 
-0.2890267197942308 
-38.97451453141058 
-47.22293017418651 
-3.114592495196656 
-21.7711401604043 
4.206314197098765 
26.04720110729487 
11.00580291946113 
-51.45417998282046 
-20.65445214302389 
-5.445212915538796 
-7.829566954968298 
17.2974890788996 
32.0225534953476 
-24.12863805770194 
-18.84459737041892 
-58.5393178214888 
-46.4539384921738 
-35.33247896093341 
22.34151564452667 
-59.23118175467246 
25.11016449828585 
2.08556754214155 
-7.191351588262362 
-31.66747832270883 
15.21695221387967 
-3.395410619951084 
4.959089101093309 
7.09116035701087 
-51.65867994883108 
-33.44565607252546 
-48.48786784906264 
21.30211573710502 
35.81818485557237 
12.10378697174611 
-11.49584971023687 
32.49341696945031 
-38.31684060218756 
-17.90529457570585 
-45.43773979897934 
13.48147634646877 
47.59876296136697 
-8.258159744550865 
23.76786835060754 
49.89927027356298 
31.4558570728328 
-30.55807995101998 
40.77769676610649 
-8.07992811256608 
3.510818182385482 
39.73060274876515 
41.34055115786855 
49.39977851231209 
51.51161084400945 
52.64085317854406 
41.48441188162684 
18.11281105259079 
-2.27207017639406 
31.24731351618436 
-0.9866086667467771 
-11.51281735443115 
-56.1970115979282 
-26.24237498831097 
-32.10308717387375 
-15.54727055956058 
-28.76522288743496 
-35.14867980261094 
-40.22801400075534 
-48.12274224335626 
-41.9673115914187 
-41.16335721886341 
-68.65259766695941 
-62.77377945657985 
-39.75990137359305 
-40.77985406919287 
-53.32577513815139 
-69.50502976703403 
-52.79585962665004 
4.779758053551606 
96.8278609539493 
-1.142344866609221 
0.07816558194378963 
-0.4025053091849432 
-2.058139470602164 
-10.99781794067383 
-5.42418886203361 
-7.378266902784075 
-10.48722970564691 
-12.79738003006436 
-17.25436412300668 
-31.57083232186216 
-24.43685850542286 
-43.98300560380718 
-35.49200834235434 
-39.34349409419126 
-43.11580260004028 
-46.8759442098703 
-53.38988480671627 
-55.56425327199563 
-56.74178039626923 
-8.891047143719675 
2.521349108345817 
12.398519779414 
0.8762905803826644 
-20.17042911324142 
-18.20614964049454 
-7.046688101166274 
-1.480847846273386 
-12.66202073458169 
-1.095347833443614 
61.52527502250398 
93.16062341617605 
32.57021480416118 
-24.39223554340436 
-63.28551304036515 
-48.18910986278959 
-39.71986303140432 
-29.85664322371353 
4.934679748245324 
-1.864190660061291 
23.63629928717317 
5.883478673053162 
69.22986147891417 
14.89230668722271 
-2.0499597230332 
-1.605657350534776 
48.49864220305652 
80.51550352878098 
102.4165671240629 
107.8829090424686 
108.1986689037786 
103.6034444801754 
79.09896177585132 
48.49338743648011 
38.17231210480586 
29.06819258239898 
21.52927494046271 
16.26979663289837 
-35.90919693874594 
-22.5093871873467 
18.2144985157547 
-25.65299126383377 
-45.95297594316219 
-33.74378611264644 
-29.44227154966932 
-16.24084441608296 
17.79192904454873 
65.23934026508837 
-31.68895011456924 
-27.96367424074302 
-55.62595966402674 
-52.29997015531957 
-50.37241322093175 
-53.41954942322548 
-55.91641272643998 
-8.564760385461691 
-43.33509532491682 
-56.2810203474009 
-65.67018839212136 
-64.45456374757103 
-3.488595765571214 
-12.13098235169822 
-47.92933556307328 
-20.89585876271578 
-35.61185432716253 
-1.186715090140533 
-3.793329548181962 
109.9269542225108 
60.48705877586349 
52.45584239427878 
87.4290873650792 
58.99328989791498 
0.2007923046621033 
49.21875267657847 
39.45564013857756 
57.00096382825552 
7.693875043546033 
-38.42930152980499 
-20.56498208990861 
15.17343440797472 
23.63883226840217 
49.04750926322971 
38.188839507575 
15.49506216588178 
-24.49148384377276 
-35.77997782474056 
-59.98334418185246 
-38.42016626112681 
0.3551154664301231 
-39.35956552329929 
28.69423742164188 
-5.082754509018828 
-8.692542944477083 
-44.03224905430804 
-63.51180673406094 
-43.79043911428685 
-65.26304024665102 
-60.27308941078496 
-51.74554963611166 
-65.06114081440238 
-64.8681223170977 
-59.90844254662217 
-39.8459757060021 
-50.2611791206868 
-22.77824935926376 
-52.15372498017695 
-20.74113095235464 
-46.66528251880074 
-37.9373346521711 
43.96057093651732 
7.062363162060438 
53.47975210125258 
-16.54491221203147 
-59.21058149782888 
63.37007998646202 
8.785694538204973 
-14.60432278045038 
50.9363409656738 
15.64609262384763 
-41.16255431585483 
-19.03330668735522 
18.77409956084114 
21.34063925649484 
19.27949385372669 
28.75575400358666 
-22.6554843087876 
-5.721364123966015 
-14.1276356726884 
-27.91319326787255 
-44.74234240243322 
-46.57777918812069 
-61.53511424671618 
-32.74198418535562 
-42.72000298559675 
-58.55805701225527 
-59.1971147376146 
-30.57471979328723 
-63.52618069947894 
-49.3161447890196 
-59.51345884167603 
-42.59414000857902 
-54.17443197563657 
-57.81774810056562 
-53.55684561654871 
-54.8696605187761 
-51.34466971554176 
-21.61069633156328 
-7.923651337318267 
-47.10235198800942 
-58.97803302622409 
-45.09995381299079 
-44.00302673853101 
-17.50819174550403 
-51.98769795158009 
-48.56370407604435 
-39.25129347505711 
28.3225255173973 
-34.84957502486446 
7.795353457147872 
-1.878932581039038 
16.29427371779698 
-43.7349798390587 
-27.31851390565975 
-25.4995785969457 
-1.876243902661892 
-0.2168411279532147 
-25.66777984809417 
3.743325957642999 
0.1506178021665908 
-20.36102983865822 
-58.12811665320577 
-39.56340780777253 
2.576040481425685 
-48.04233152497036 
-55.60131563830189 
-32.56323903893493 
-42.36357223949165 
-36.08615753107049 
-2.219702660310514 
-43.86698384586501 
-25.21716672720203 
-38.0016681532685 
-39.59549434581233 
-6.665998639880875 
-35.16143545833001 
-39.58411000002102 
-0.3125088405916331 
0.0204210743503958 
-49.67573372638045 
-9.404432691585198 
-48.72222150393585 
0.2195843340243718 
-39.90460061781425 
-2.137329261233215 
-0.4852144486274638 
-27.49058084940649 
-35.39279203018359 
-30.45248792802672 
-48.99852068982985 
5.963140970713985 
-44.570362215472 
-41.51878098350026 
-44.26883393568919 
-2.186822823767789 
-19.19872210390389 
-20.65216754875303 
-48.49378147533116 
-27.08136320324521 
-32.09449351760463 
-34.23546888723168 
-66.89621621953636 
-61.57407931857931 
10.0518700553743 
-2.018536404824006 
-2.37438225850148 
-8.161844077147011 
-16.63273430488928 
1.692269692458774 
-2.176555508870114 
-64.63266138019206 
-38.65237711301072 
-52.15912413203239 
-36.08429831444985 
-45.66357568028204 
-63.02734484841904 
-25.19251306099937 
-41.5269474966481 
-25.60275986592105 
-15.56265641734996 
-37.87251802948212 
-11.67374710107921 
-21.44695928002616 
-22.34106849835879 
-10.48760216336413 
-23.42030479025512 
-0.918291767079895 
-4.616764920482513 
0.6031612770284688 
-10.54445688243415 
-0.3780788631621725 
-3.169205486064095 
-54.62436928808837 
-7.585937401097095 
-11.62837118345205 
-3.531805125239865 
-19.42868042101098 
-22.53715364200054 
-36.42313352833585 
-5.147151642526286 
-60.84526461511981 
-11.86941539647649 
-34.91143906139902 
-15.06444437389125 
-7.808126517330796 
1.01913239582795 
-22.32057896614892 
-0.3650944343621768 
-3.528739098053016 
4.807827092049226 
10.29175402159364 
11.46835779842094 
26.9024555198547 
-8.956942103761872 
-9.038182520280234 
-20.56721915683497 
-10.29894112223637 
-55.03710960269826 
-55.39697622611894 
-23.69636127094657 
-12.08112813655052 
-10.41367092906761 
13.72348362250736 
-3.240091708921004 
13.42619738176618 
0.4549796433584739 
12.36864315213124 
2.479065757082102 
-69.25253892261711 
-48.2732769050797 
-22.07888772007366 
-65.91951150788793 
-29.8314244227658 
-46.874290591175 
-6.1824544944333 
12.02971177706996 
14.87505998909143 
-24.27638399789057 
-65.45283902190495 
-12.85480160648212 
-11.35230106719022 
-57.3541759343872 
-67.82800947741006 
-26.28803945489864 
-40.52341277244644 
26.46457299374476 
36.45654414737579 
-3.288527229539003 
12.20922378276913 
17.05273535360167 
-69.22428185483287 
-68.01944675040215 
4.155806818539452 
3.840454695040222 
22.11941358333409 
-42.625329637635 
-19.11221326728417 
-2.819873713996586 
-39.00233183288107 
35.10655526670863 
-34.05578886634424 
-41.81556812859067 
-61.97096551397792 
-2.736490794454043 
-1.120169450018515 
20.49697394980275 
37.47493373766387 
-16.00484553469325 
-5.826415694701967 
23.35362465701224 
-56.14572119195611 
-3.769349044460455 
11.23987969680276 
16.65152897402759 
22.94447050949537 
46.1128284903054 
-10.65183315219129 
-55.25925294436795 
52.32440559268997 
34.20325681088411 
24.90175998497163 
-17.65657727745666 
41.53811458884859 
30.30627520671727 
30.10813735276838 
51.47467676972833 
-21.74144983134413 
4.42407361754211 
46.64880337285425 
41.53008759578005 
-5.091053175957496 
31.92788297703401 
-12.32737939853534 
13.14570535255957 
26.6246121272175 
0.3857762725798282 
-15.33348859515667 
4.016318545351886 
27.98529614405096 
-71.75188678200544 
-27.0326007449369 
-31.39371466353145 
-76.7086224287301 
-41.35088055151203 
-45.65931463857762 
-33.78322962156649 
-41.82433956577425 
-50.50055727968477 
-52.10835660180565 
-48.09698757524872 
</DataArray>
<DataArray type="Float64" Name="sigma_yy" NumberOfComponents="1" format="ascii">
46.53139969569423 
101.8540535498277 
188.3786748625316 
300.1759140274947 
420.3620121215861 
31.08610478283152 
85.41950450426235 
175.4649968833137 
296.8188968385762 
426.0554401867222 
20.49293305697215 
72.36259550435712 
163.3854472857537 
293.5240163696002 
428.7751721898402 
13.74341267333651 
65.54853323092188 
155.7289293582303 
288.9374012829388 
427.9162579101602 
20.48747309542801 
72.34749796765226 
163.3446189046613 
293.4836846012878 
428.771531966696 
31.04727036015049 
85.38381277092431 
175.417545736636 
296.8360007789549 
426.1149420970186 
46.56931713035772 
101.7576584398734 
188.353880575256 
300.3110324782 
420.5402409403873 
532.2944505297583 
543.0387484441667 
549.5546543000351 
551.2055323789336 
549.5896691501163 
543.101484974516 
532.4082331022252 
626.4608573236967 
639.0891535525402 
647.0290025402368 
649.7605923231192 
647.1515908866351 
639.3541327366434 
626.8700758446191 
700.1762529063024 
712.4585723059442 
720.2339203468454 
722.9191486148791 
720.3859177827495 
712.7803040052041 
700.6324676022202 
754.7309948256565 
765.6584056366083 
772.3810518872833 
774.6708875773816 
772.43802577616 
765.7875932104427 
754.9990710333039 
793.1509659775732 
802.2080132017916 
807.6230589355861 
809.4063954237959 
807.5261649256701 
801.984529497008 
792.8696734525003 
818.2793387877251 
825.4217649929534 
829.7097310830661 
831.0934042569291 
829.5639996377372 
825.0744247205547 
817.5731750219658 
832.111387597309 
838.292930888077 
841.8782640976726 
843.0449609856088 
841.8666416516268 
838.3016975672374 
832.2656084278466 
838.933437610487 
844.0272754527244 
846.9796512874302 
847.9631776594786 
847.0854422453843 
844.3140697580051 
839.501506183127 
841.5651729259663 
845.0345817778486 
847.1444070229984 
847.8533947235817 
847.189543137908 
845.1028656098497 
841.4836801769335 
839.7150900360867 
842.1650047699529 
843.551460493069 
843.9580511325893 
843.4243078498858 
841.9264487357899 
839.3758206561428 
834.117910688806 
835.9220338754004 
836.7627592355345 
836.9134829591226 
836.446877369863 
835.3137147878923 
833.4141817500956 
825.5079545047356 
826.5676337422639 
826.9894661519129 
826.9848707622966 
826.5929238321256 
825.7502147562695 
824.2524207786278 
813.4355772274472 
814.0153290214181 
814.2265291075988 
814.2001415083367 
813.97141113347 
813.4978993587015 
812.7365911805786 
798.4073561176343 
798.3884791583645 
798.3687646788995 
798.3549903379685 
798.3612523875049 
798.3499031416835 
798.2787257698858 
780.5685214334366 
779.4695255022211 
778.9373004949834 
778.8414413772524 
779.1440116807207 
779.7296236319943 
780.4260558505782 
758.1442405953167 
756.0115374659799 
754.7045112872577 
754.4022299805615 
755.1332566967428 
756.6592406648239 
758.5756007050853 
729.8159028656147 
726.1450797155034 
723.7191584172049 
723.0320981883505 
724.2937180962521 
727.4397094627099 
731.4764271498397 
693.7556044283974 
687.4701965380743 
683.4199246200207 
682.1689200503816 
683.7962984220298 
688.6372769378578 
697.1969989171241 
646.6087483355661 
636.5180188004593 
631.0493102170481 
629.1564140049542 
630.8028176275953 
636.1621898759286 
646.6671628211305 
581.0666508048341 
570.7852245867738 
563.9639988966995 
561.5033257125594 
563.5089974697489 
569.5291627162424 
578.0822141369366 
0.04956855847463688 
8.968910027226038 
18.15756898068992 
0.1634904230814198 
0.7711161434348519 
6.72058318008055 
-0.240447095470519 
-0.124043732409241 
2.256059223699239 
-0.2568096534553794 
-0.2351266307683285 
0.9753479393117793 
-0.195138039564561 
-0.1952748767139545 
0.470065349890237 
-0.1351857321562717 
-0.1365949034346374 
0.1837446862393108 
-0.04996077496529826 
-0.1103386773889358 
0.06567019055093352 
-0.007196344401360941 
-0.06790744134276222 
-0.008657852674423939 
0.01003416554129071 
-0.03650013416243716 
0.01793496376270806 
0.01792308997563472 
0.003603258639079564 
-0.01683277804983044 
0.02225184183794018 
0.02823559300368121 
-0.01136106428211782 
0.0263607337311274 
0.03922899254745818 
-0.03372080558127683 
0.03134140124751834 
0.04685202474649892 
-0.07200147217779181 
0.04030595826698593 
0.05018659029277072 
-0.06520951539057851 
0.04482387104078794 
0.05405181512085453 
-0.01269444628250294 
0.04200149517643378 
0.07399632321970022 
-0.02137837705096697 
0.03950061190789738 
0.0864480596199179 
-0.06348597877130246 
0.03576986467953808 
0.07713832671594992 
-0.041595594409698 
0.03223142585658883 
0.07130743739054504 
-0.007894632377382176 
0.02812558427639906 
0.07214691437585206 
-0.02746707487217538 
0.02300873401909258 
0.07683229966343062 
-0.04920108967017731 
0.0189890457619241 
0.06050095001296378 
-0.03955053870431521 
0.01443359732321705 
0.03395789108395145 
-0.1506409523914679 
0.007410644280103517 
0.01504820543830224 
-0.05289524018858107 
0.002440762862903938 
-0.0004174673832038205 
-0.08340181302151742 
18.64977021353078 
8.95367509988708 
0.05725470717174069 
6.338087963791906 
0.8617212568450061 
0.1624627893846394 
2.29973580324052 
-0.1731236171706965 
-0.2400502923331037 
0.957228283478896 
-0.2409127183200938 
-0.2587616960677503 
0.4889807101341619 
-0.1919814341935175 
-0.1959774253177486 
0.2216643181335176 
-0.1316461040919984 
-0.1354232074972826 
0.06982179987845377 
-0.102018789677289 
-0.04783681845232354 
-0.0241819376930265 
-0.06647504327611591 
-0.005211527862119966 
-0.03055522444021389 
-0.04413428593508626 
0.01055107280970098 
-0.0257030450210655 
-0.009735550987254813 
0.01795498228973902 
-0.02337952581701086 
0.02625989627009611 
0.02189018400255778 
-0.03283292445888197 
0.04009448738073072 
0.02545195019333469 
-0.03700268632366165 
0.04389248881710421 
0.03001526090123927 
-0.06142463769838161 
0.04881178968749394 
0.03975715113547335 
-0.04324120888046149 
0.05460838248101288 
0.04463665642001691 
-0.06025329901230937 
0.08560284872893521 
0.04184327711742647 
0.07526316073852274 
0.08808683694778509 
0.04015957461799035 
-0.03869650620794195 
0.08220113670890551 
0.03693952922780019 
-0.08914194467102823 
0.07504035487090144 
0.03336348886331251 
-0.04105235201714095 
0.05994369595523578 
0.02788467570559562 
-0.02287514478003688 
0.07459404353956334 
0.02202115357258581 
-0.06457525606914905 
0.06057901376882133 
0.01933242502151137 
-0.1236150347514216 
0.03566841997261798 
0.01408834754930187 
-0.05525255109754689 
0.0160581806618192 
0.00755661592544473 
-0.0877976055208638 
0.0003971548313146985 
0.002752233914156632 
0 
0 
0 
0 
0 
0 
0 
0 
0 
0 
0 
0 
0 
0 
0 
0 
0 
0 
0 
0 
0 
0 
0 
0 
0 
738.9303705947547 
610.7926896640222 
124.6767784201187 
-0.07940352177139283 
615.5926964641361 
706.3644874939023 
738.4618197505811 
763.9901359200625 
775.2342723156339 
797.9733944087951 
812.8162813267916 
823.0327278163629 
791.0157846137898 
834.6192849299498 
633.3502263001292 
823.1592218147703 
807.0901588463045 
779.1457735084269 
308.8128747692123 
873.2653864582671 
775.9040298190417 
877.4050070027946 
807.222441431065 
814.8192929224426 
743.2592604487069 
-77.13912897843113 
-41.13813129052907 
-0.06946186802243641 
32.93044913293966 
327.2940979323362 
750.9046500128738 
813.2785800245482 
-1.090036621919166 
-0.5754971094443753 
-1.297282020112682 
-0.7649818769865881 
0.3716462944654346 
-57.41968292429213 
-67.82527502300053 
-74.2687943074135 
68.13790978827173 
35.86313384113679 
8.079722920276991 
4.206757532458561 
1.327030128946533 
0.6776306857260702 
0.3085792544681558 
-0.0301294146127651 
-0.1604594586180677 
-0.2132658475684476 
-0.332221707991777 
-0.3126245627815766 
-0.18196844382775 
-0.3860369844456842 
-0.3588118148034705 
-0.4188854974970765 
-0.5248864038268374 
-0.7261703001556485 
-1.730545307276339 
520.144065110767 
206.8903641142086 
417.4933021780953 
245.3121091454759 
151.6196966822232 
56.91247699851368 
16.10103906956676 
228.2078295321114 
417.827120584062 
2.293443636186927 
0.8447624544237493 
2.257231793028908 
0.2749548217016793 
-1.217607353893199 
-0.3892437984188085 
-0.4526423283059887 
19.29478311175555 
11.47234931810263 
94.47916438613493 
7.02108997939491 
4.319479988776603 
1.582717067503995 
0.7733777964582148 
-3.362640298736515 
-1.118232794737443 
-0.4515146229087105 
-2.551794874296235 
-2.365763193696059 
830.7368786932312 
835.7142772628317 
424.186741109687 
662.3962149802512 
683.7353494608326 
320.8118001070766 
508.3329362370374 
591.5848426785836 
783.2330919173872 
639.2815201593335 
830.0112095435843 
812.5501155771794 
716.4562144795913 
821.6135084306432 
806.2932574122497 
258.8568275003971 
174.7945338301664 
118.896156556134 
408.1927274460655 
138.7034266637818 
-0.5667202697379528 
-1.501662984273022 
-1.200961807551353 
-1.119262399540292 
0.174609939685917 
1.777672993177746 
2.83281873411621 
4.921416483725687 
-0.2654041449459044 
-1.095081778585153 
1.451958867446676 
54.23661299228491 
10.48334583056383 
2.616226949511516 
35.94548036172883 
23.61266862878428 
-1.190558861538737 
-6.824792340650538 
-0.6661781731151682 
-0.8793620597448387 
79.15251981066267 
705.9528345449116 
728.9355574224029 
772.8867562507246 
756.6297214825852 
414.9308725414371 
826.207543789955 
805.2395364259277 
826.6036493079705 
725.0250136105835 
822.8865879476043 
729.1628722108162 
760.9725938585146 
667.96116716014 
783.652808465628 
804.4239449732219 
800.5878324798576 
681.8465169725904 
496.3200452591689 
-3.073880135058409 
758.6215905051356 
792.7507220735341 
191.733803325941 
4.271517783824827 
685.2048239953137 
537.7039839371093 
7.21426551143694 
0.7555957555234093 
15.30072326146877 
58.17698185272589 
5.722683334438939 
84.6115155512567 
40.54699396498788 
0.4310424624439797 
-3.979131418380853 
-6.002050977003522 
-2.24656586456635 
690.3807001487786 
78.9877809649599 
645.3688599678145 
573.2469635901532 
592.716634468405 
814.848367893478 
792.525100884588 
738.658007822035 
796.5339436157581 
716.4616680322 
549.4718596135733 
790.8837299857332 
682.8317437175808 
835.9093751675223 
785.1667454250564 
815.9333701234926 
-2.031886488984969 
-6.227071161042233 
27.01946993661416 
102.2147719546946 
-5.428794204448059 
683.1429918277973 
749.5098450514081 
17.15042637299694 
30.41949043797683 
37.89856270466055 
11.54771686908496 
10.39273652105667 
583.2509884700274 
482.7587679894089 
715.5428312470207 
601.1062766369255 
195.9976371011567 
56.74596422039709 
771.2233993975226 
799.3750559151831 
-8.553507919052716 
-2.423328490023698 
796.1178626475062 
861.270052478778 
-2.524679797955649 
-2.468833330880041 
874.2138419318167 
757.6353758377415 
743.9651255658764 
-6.170163136325775 
802.5098228035467 
-4.216723105398133 
-44.00464731476699 
-4.09749808628887 
482.8420462119057 
407.0218675288509 
683.191101397446 
768.6204269316255 
7.941477014597049 
8.985467939355409 
-2.102896598210458 
-38.08478543451486 
126.7717201985617 
115.0493175681029 
514.2421053466107 
48.97187341960088 
14.89663205875926 
513.7662040690685 
821.0578893457069 
768.310018581789 
73.06382254498094 
124.4371341909043 
795.0954562767477 
796.462471924659 
724.1867892582733 
809.7729021865309 
787.5615055206704 
788.8860986650087 
874.1149510345319 
788.8848432753206 
-5.515027981833147 
446.4310788189316 
1.39705220957911 
21.45788679035358 
-15.34128506144294 
70.05546861480664 
779.2953723249665 
-16.05695038464094 
790.2497528498087 
48.37560454003802 
32.61354919631356 
186.7875054659713 
156.6961126671326 
28.93963661063626 
641.4419186580061 
443.7846366168509 
566.3288144558835 
504.9415891557308 
684.6069683667429 
788.6499259843166 
820.2491585528355 
711.4139169456342 
762.9401198277616 
-39.5927737425207 
-41.07013998535207 
-29.39265635730119 
-11.77832542967628 
-11.5089618582866 
3.772435024586153 
265.7225532305152 
200.3215110099385 
606.581698817813 
627.0552886504029 
-23.13962256038014 
20.81605035445994 
-0.01431007993255929 
459.1233982907705 
-21.66375148198402 
44.39455211707677 
316.3716392083139 
235.1374723544966 
662.0394145996522 
388.5296272956811 
543.2498198647002 
789.5775299755425 
796.0050229590333 
773.807601034042 
636.39915119225 
701.6785998481912 
6.289785864378995 
-7.577234945250733 
-8.900847456108796 
-31.68894936777413 
-14.17366557810594 
-17.03501825002963 
11.2897921026238 
-13.48766217809823 
772.2203690156668 
96.73856834164536 
66.83523485586051 
-3.224877451072425 
377.391697547981 
353.7402296867077 
782.3072439065722 
690.4484443987656 
174.4276172202231 
622.3839937500106 
471.1108441657105 
23.27273561882704 
746.5871852360995 
632.5926773324031 
-13.85824092292245 
741.2882529655244 
-23.92226924787015 
-7.697647714178834 
-22.47545480541188 
752.5906320981229 
288.350507774021 
319.1338637349361 
-7.782450678779878 
130.3049329417624 
36.97075891402805 
351.1036035299765 
12.55297365161884 
555.4194966744267 
700.9017068525507 
714.159544537608 
44.21170150003378 
661.5915873013363 
3.634997227192188 
8.001740114748054 
0.2116871035199627 
419.9481285270077 
278.1207606011777 
253.9858702215567 
432.4931451416286 
164.895729229284 
728.8471012962459 
669.5184761956807 
592.6754173686901 
14.90405068507665 
137.2433086916089 
22.02375270926874 
393.6187768779123 
229.1536324643045 
497.2304802954716 
684.0669629531272 
669.025497627846 
214.6056828779483 
70.93530808286816 
517.4876700496794 
97.09675131346367 
124.2688094177006 
302.6411250339058 
615.4705807972362 
101.950692085512 
601.5503960740643 
495.949953542382 
66.53950941043001 
25.81139792530088 
230.2958509916621 
77.18936464966932 
147.2862369994369 
179.005067282802 
751.7869859211698 
783.1879526232763 
70.85017604658812 
794.0027392275617 
-2.15762980893102 
21.8041677077822 
138.264983190117 
222.7605749782671 
96.1652163153436 
105.1098492037457 
166.3995531029303 
136.7438021404697 
341.6266096416967 
277.0248875759167 
271.6967631013223 
698.8236801570499 
732.6273361012591 
5.25557688224899 
328.8120852855469 
347.362933726793 
580.3459430165915 
7.743695440861486 
198.5596613125731 
834.3373158373736 
394.0628707312214 
-0.9398365129658822 
-4.995484581702091 
-0.6285403475273087 
-1.55041150656969 
-0.5802559329480261 
-0.495211742099664 
-0.6060296043301576 
0.3207842114396634 
-0.7123880291980094 
-0.7108599803740184 
-0.3922126476293533 
1.206220875529622 
-0.07066617004056903 
0.02427493278220425 
0.1496186424065746 
0.2241705577101928 
1.023685784261937 
1.668151436142377 
2.475000247585174 
118.5360273836352 
-77.23767471582015 
-38.24800313935643 
-71.12649665532697 
-2.932304859728835 
-1.917116178675618 
-0.8500820290966397 
873.9078273367139 
817.5780199023621 
814.9196804644735 
801.914253764382 
734.8788570541922 
408.5205478035758 
135.5152846593044 
2.570140419671582 
0.1190338759474546 
-0.3361629731138489 
-0.6494367451775852 
-45.61504507103737 
630.6162272538055 
754.6052930442813 
781.6554983281869 
812.3213570324968 
790.6263994206644 
876.0643537589415 
875.927032278018 
513.6810969714498 
678.8143933224336 
775.5367924864789 
803.1840523527038 
830.4739981345118 
834.095775890334 
822.4927149721091 
782.252047839727 
762.1313430502485 
737.5784302425393 
709.8768500014611 
679.9988698128406 
31.49872650194616 
64.39828923733097 
298.8305948210169 
383.6450170669297 
15.34033139821852 
83.61220512669153 
218.9489940481572 
207.2630284388908 
576.358408238433 
605.2542581163076 
-0.1680746042756317 
-0.2288116665207448 
1.155498487244621 
0.354392613626234 
0.4750763658071992 
27.86125699793325 
4.344072065598246 
296.1746687849383 
49.56890748118485 
0.5484947664251163 
6.184942484347555 
9.836364417263358 
-0.5804347583583231 
-1.066788347025534 
-0.1141140701232968 
-0.5385158798163888 
-0.4924517684336421 
-1.404824441684675 
-2.058604652554481 
820.6608836845685 
822.7458962573979 
817.7041249930306 
830.1439918263352 
798.9306799881576 
731.4304364542215 
748.5982535160297 
704.9311509190524 
780.5449115486833 
490.4447403226076 
676.7846925078014 
780.0208912239926 
778.2326958695644 
769.3696375460654 
810.246865431388 
783.6783468622699 
742.8660555913607 
751.3114575685291 
153.9191672073005 
16.54777110711512 
104.1004582922845 
715.1882826955217 
300.5583695225598 
647.8408266763073 
-4.987020352858077 
-2.716090414164608 
-0.2006208882893213 
2.560722713555991 
-0.4878025494807801 
3.900854469209971 
1.080786348150341 
44.73059391143498 
7.383233136904361 
11.66433494398002 
0.9137633323416455 
229.3681211998566 
1.711534539894715 
-1.224742711237675 
0.3095733753262518 
-3.683470912191629 
19.97088248101362 
176.9819006192899 
798.3754867753552 
765.4160745217994 
823.8903250070214 
798.9297423802562 
683.7530637873587 
815.6419144748893 
751.443077105752 
612.7836365645206 
823.3247975330219 
811.3276977777191 
375.4284296107049 
545.4318902196947 
794.9651929871367 
806.7556372535335 
809.1673501820678 
806.6216559180983 
468.2239575758857 
-2.298426324475187 
-5.322062265341921 
296.8844823180578 
306.8639075489323 
68.76882378226337 
18.97245419743422 
203.7542285278503 
446.3345030959314 
7.475038119295446 
2.413771259549975 
-1.559359285066378 
5.083396084706347 
47.14910335137117 
27.80854918314977 
52.07798747060905 
28.86075121387977 
12.41499797637907 
22.1417480431197 
1.832269661872226 
4.365754286988872 
-3.850864348252588 
669.3424267087552 
61.66814731379049 
746.6578087206221 
574.1381800246952 
755.769026282051 
774.1987835038418 
726.0416728800338 
775.0901547917264 
777.1651639253267 
812.9725794283335 
788.2160602137208 
801.2942643746062 
769.2824923678021 
780.8073115290421 
511.1620343936919 
-0.9908658974053312 
-2.095372821377779 
-2.499963632705013 
-37.48844189328856 
-2.981274191502772 
698.4969534714367 
737.9694725621247 
792.7010314865039 
476.1298335568482 
96.93079547251732 
-43.2925972594287 
-0.2442049606734112 
5.413891575195318 
43.29793701540009 
94.20041890126666 
9.606782856650089 
869.3136422520561 
629.560276541089 
793.021289235004 
216.0545397143779 
165.9770825219702 
-8.059203643570793 
-1.043285777625599 
-0.7280570790606617 
-23.90933570213287 
-51.17021645394066 
772.3481776522151 
794.7375192102648 
774.4571947944221 
-62.94100331161444 
-0.6227195961615766 
-10.73405433785848 
-12.91026335979326 
785.1092939589439 
-1.312813405614782 
-1.922374921702856 
365.944731992697 
-19.43988362828653 
-0.2891423109322103 
27.16886158285661 
256.3995690352654 
850.3321915604286 
185.6529300816417 
14.43014002139953 
10.61020630399177 
37.6748054428596 
80.76360717600849 
139.8426248315957 
520.3857958294367 
582.3448780159833 
-41.84873182887979 
-21.39663579017988 
-5.427705393650802 
-9.319172989607582 
-2.397078003428784 
-75.38718587775521 
-19.04661319253369 
700.611389886326 
281.8075651030072 
327.6087230681687 
14.79681939427239 
425.8271536809359 
742.8134574558462 
794.1696782845067 
732.6510967911845 
764.8906445064858 
-5.544479017036967 
0.4717142464977147 
58.12412215409893 
72.90744500895046 
25.72913922379912 
316.1420358177691 
127.8481441604444 
-28.53512576610359 
-15.29035011997618 
-37.1369704950218 
1.740179267452975 
761.8123306733371 
787.3166324385952 
749.5285133829267 
785.5440610657312 
809.1877101629423 
773.6704678307236 
-5.167441425769703 
256.6455059768369 
278.7288699810098 
41.71595453843226 
743.1598509372989 
815.4531580000577 
785.300488337459 
788.9235740479246 
-11.29041400771407 
-26.40258615670303 
6.164209094754554 
23.70601912169813 
-14.90281336076202 
-29.44718291549482 
-28.24240308520688 
10.6304362306064 
-8.172026191058352 
793.6568757505327 
801.2230823259565 
793.5014910726279 
782.6761135867398 
452.5069007629955 
456.5961243358361 
-3.959786198943957 
-8.675878716693102 
111.2362173806842 
377.3233077129163 
11.37320894087827 
140.4242887790939 
-18.69392635248012 
67.73687770405095 
90.37599085496166 
531.1131638454732 
652.9485109702546 
0.792339980647083 
636.5504763312192 
338.2960301209083 
356.9497833976191 
-10.0450366448807 
-15.46667151354149 
-22.2141850588008 
407.5691797078808 
701.6428284977355 
694.8130730063932 
-5.442060004875766 
514.3857285600146 
704.5023968134467 
790.39965314494 
780.7196214942255 
108.7693820268842 
48.15908077931852 
165.2383111950733 
293.3811060784191 
44.73827242193941 
594.2973653898027 
617.0313479133209 
-12.68003923049172 
-0.7414725110016562 
-7.697006373814733 
763.5768060565392 
731.4018551089698 
-2.844715099384587 
581.0086855516277 
175.7762100640805 
674.3921685652106 
498.9864086957823 
647.0677899207041 
234.2213121335566 
-7.726774311263487 
4.281444561552465 
22.9276632578048 
-5.695947180495241 
492.270864311621 
26.55100249512773 
579.8318762488868 
391.4666054052123 
-6.776110426892033 
208.2611216793422 
371.7118262928879 
65.98480805271487 
609.041993836198 
709.5306785246081 
155.6270204115799 
77.53147607119195 
-4.228862366112314 
596.1166956258543 
248.107625379957 
264.9206157830169 
21.86352270127535 
76.45206167778164 
492.4342386303602 
491.7836509454247 
118.8010745316154 
27.36315376846719 
-1.269227132861169 
768.4848300491539 
-4.796356267289202 
766.0891437110745 
783.133700880244 
808.0330268854798 
794.4786511955076 
807.0852548383034 
796.0827172899105 
651.7866950022789 
-2.215961182336964 
717.0523705288712 
673.5846310045434 
121.9546706684105 
1.305231093751098 
2.772134314246676 
4.93096807419653 
388.1201261849985 
424.4231623963437 
8.607430415713475 
</DataArray>
<DataArray type="Float64" Name="sigma_xy" NumberOfComponents="1" format="ascii">
37.50876380307362 
57.86667965237269 
76.26638648701837 
85.33800025104918 
81.90479830296729 
24.40707187606899 
40.17043361951616 
56.37997953342835 
63.26210878120764 
59.2727225809519 
10.72945809773039 
20.4931129794974 
30.85680347394919 
34.76706018129273 
32.21803412808387 
0.002235100557998351 
0.007884922951250754 
0.01788593454682462 
0.04378080427000414 
0.04688112336573046 
-10.70410009772312 
-20.44563927512472 
-30.78078610877307 
-34.68837827954103 
-32.180976418622 
-24.33014546155818 
-40.09658788613836 
-56.26987891838848 
-63.19646341461695 
-59.31873069488144 
-37.42980321974754 
-57.70916550608744 
-76.11027298972942 
-85.31135388739334 
-82.03610638921418 
-69.20169428106864 
-48.71306013241486 
-25.87422373694778 
0.03624659109817243 
25.8891854150484 
48.62457123785846 
69.04628057086317 
-51.66597298883323 
-35.12589476370352 
-18.07413181424146 
0.06485569976599942 
18.17552587674237 
35.16807203957714 
51.65407164087981 
-33.41830788345903 
-21.3879381507739 
-10.44215211962379 
0.1392292506328253 
10.71705289643495 
21.62706627248125 
33.44150893004458 
-16.44613122820849 
-9.115984660180175 
-3.888281741552476 
0.1983831726918058 
4.299062890109184 
9.528200538991173 
16.63405954028701 
-1.687433602547413 
1.054556668184713 
1.339116097258546 
0.1802675117392267 
-0.9682714263706333 
-0.6459305333544823 
2.092317614340624 
10.31528284126998 
9.056916265098838 
5.363180232184021 
0.0964210208548664 
-5.192365616915532 
-8.930558742419763 
-10.02300843463083 
19.76170305063383 
15.48302169618347 
8.556712149875382 
0.0401931311428181 
-8.514870785673009 
-15.55823524235454 
-19.99786422372235 
28.45476753660729 
21.00772125718087 
11.22567412838189 
0.07319734128892688 
-11.06998429674844 
-20.77330939954093 
-27.8975431212105 
34.52795949710644 
25.13684943453696 
13.27901461040946 
0.1234826978620209 
-13.0045978321626 
-24.80066566532742 
-34.22953978636812 
38.69511622263258 
27.94982040928211 
14.66348721943665 
0.1013739553202928 
-14.43542968319417 
-27.71918402659722 
-38.73092956421002 
41.99189290194186 
29.87337449977768 
15.48611790078886 
-0.03231713066521315 
-15.51084440187981 
-29.79516227909003 
-41.85341475013696 
44.48281045832672 
31.05719365834561 
15.8832981098862 
-0.2544477123487446 
-16.36116420305012 
-31.41164703184628 
-44.59261103247644 
45.84107155545389 
31.65253416547242 
16.04066239689707 
-0.458235776179456 
-16.94702175187475 
-32.49111155756582 
-46.27851658192619 
46.58415719776072 
31.97080387976417 
16.11302452200049 
-0.5325875684103208 
-17.16882331988919 
-32.90658038997223 
-46.89554778515487 
45.44486928220157 
31.56900758172926 
15.95831673345784 
-0.4634427106988781 
-16.92289130251787 
-32.59735675610884 
-46.58086256085897 
43.21092025964098 
30.13354176827841 
15.33287537653508 
-0.2640034520065861 
-16.00681076727376 
-31.25320362653882 
-45.14528431720187 
39.63953900110939 
27.34739531804509 
13.95976060053296 
0.04252099202886705 
-14.03484338544784 
-28.13568591187934 
-41.77834427972738 
33.359923752851 
22.51459854990031 
11.4879489481011 
0.3302327739909096 
-10.8106931399576 
-21.98914089277261 
-34.59213378888477 
22.40658534509037 
14.86241950174083 
7.769716056348151 
0.3583878918398694 
-6.850011369787162 
-13.17268231918385 
-19.31800190752775 
5.792146667803908 
5.270422882854975 
2.91355371597802 
0.1001917744923949 
-2.645451681982737 
-4.666796765883427 
-3.485634808145018 
-2.08965396035464 
-9.432407019727458 
-19.41502855961411 
-0.6035622098006481 
-3.388048949405807 
-8.323999024672297 
-0.2454382787918139 
-1.139031676042866 
-3.106112716443892 
-0.04729731270837165 
-0.08115399149488384 
-0.4330622858667358 
0.07055217904572594 
0.4677586527315182 
1.039363909651458 
0.1327481531374583 
0.7512212002114557 
1.868556364592821 
0.1562504882284502 
0.8856833600296469 
2.336127918088249 
0.1569181085381168 
0.9391536189425563 
2.587343940929294 
0.1529486701950191 
0.963915354775479 
2.732837788164263 
0.14654139742735 
0.9591983559673367 
2.762182070087813 
0.1405438974176632 
0.9462672506620372 
2.756404403679542 
0.133431650547747 
0.9222954859669442 
2.715280128006492 
0.1238196477247985 
0.87849513600673 
2.627128867069229 
0.111820244140162 
0.8199547438591228 
2.498597326261968 
0.1011056464291309 
0.7715097936226993 
2.377813618156321 
0.09448800553889812 
0.7349378534957598 
2.2804865561949 
0.08426635178782893 
0.6606079333541798 
2.081659268515567 
0.07648660514237773 
0.5990153498243419 
1.918230384899603 
0.06862673034289794 
0.5394767992690814 
1.738592391114421 
0.06008225334793193 
0.4716760287321259 
1.521479564977064 
0.04955367363986674 
0.3837879416438105 
1.262846708508175 
0.03819136586862854 
0.2936360580262453 
0.9895550905017565 
0.02602286957358673 
0.2034411041349243 
0.7462500702712425 
0.01159719036996901 
0.07655071221163361 
0.3075019496403409 
0.005430493475294033 
0.01624659661521492 
0.03054030143893553 
19.45409007535406 
9.476024054849436 
2.098315767278005 
8.460336133154021 
3.384589592882656 
0.6025947451175873 
3.13479107395611 
1.143447035733135 
0.244685740376249 
0.3771983346513912 
0.06397667540488333 
0.04479168312400358 
-1.066420744916441 
-0.4736042058353299 
-0.07150911699568825 
-1.894599181720089 
-0.7639110919705138 
-0.1351504591330314 
-2.347181246015376 
-0.9001565948087776 
-0.1592714009444859 
-2.539294011627735 
-0.9346977433667435 
-0.1570812296871306 
-2.680681935787207 
-0.9510935095679607 
-0.1514446623610126 
-2.736783361597634 
-0.9473256970423243 
-0.1443520451539742 
-2.728506776181885 
-0.9305872679909012 
-0.1373660525119315 
-2.690764404637571 
-0.9059893762163788 
-0.1301793013893813 
-2.619789060408136 
-0.8711423532217132 
-0.122021097388733 
-2.526885762015004 
-0.8271214772141087 
-0.1120161144075006 
-2.416744499016982 
-0.7767752508420536 
-0.1008749021544887 
-2.280055473881421 
-0.7176099999417774 
-0.09166149826811416 
-2.098384215658426 
-0.6617012843736862 
-0.08449256385834625 
-2.005295656906724 
-0.643713386256615 
-0.08249681162814464 
-1.687551121394361 
-0.5381473897754111 
-0.06969461767745525 
-1.470193070043444 
-0.4580825894734674 
-0.05964121041870647 
-1.270231603246745 
-0.383652265330278 
-0.04980125908094051 
-1.00096630057922 
-0.2943208780605758 
-0.03770950119708642 
-0.7151642354068148 
-0.1944484787592466 
-0.02491217329618493 
-0.3419168845659779 
-0.08563185879098184 
-0.01241716279404125 
-0.04312907916817631 
-0.01878036086884456 
-0.005558916283323864 
0 
0 
0 
0 
0 
0 
0 
0 
0 
0 
0 
0 
0 
0 
0 
0 
0 
0 
0 
0 
0 
0 
0 
0 
0 
-26.6029252008372 
-67.76224138235068 
-73.66373090726343 
6.131874077121173 
12.99448679167085 
48.6946193470602 
51.59307319639429 
55.91862452722619 
73.65454987963264 
58.1949454061695 
57.99105330408612 
56.56292190122901 
4.291517588022251 
48.05538074035463 
-73.64993112698792 
21.40632076039559 
8.652584558223914 
-7.735260057117483 
-101.9220738255807 
2.758500855611156 
1.165468469274283 
7.479159608578903 
73.85217607709876 
66.43381002632873 
61.36229091863127 
1.832437114794772 
18.38900590633162 
11.95947349093495 
-28.30500358363059 
-118.3310533362568 
20.26633680782799 
15.32867434841633 
0.7995161490052837 
2.529540590939746 
8.411875064013261 
10.98955359757237 
18.02875156323673 
8.696937367013222 
7.758925448791683 
5.274312599840454 
-51.86996460047754 
-32.15532565678855 
-7.803039048095216 
-2.297813378412874 
3.224790871786373 
4.424431975788117 
5.192474999526233 
5.776684765082357 
6.350578883598812 
6.421200265787096 
6.266670258588112 
5.855154588290269 
5.71181774736821 
5.101041720537188 
4.621281217722343 
4.187546475738428 
3.012746201548106 
2.223308048572114 
1.936199219692616 
-87.00763795153797 
-92.28541675115653 
-99.63122945697567 
-110.348845515948 
-86.99977691896876 
-45.31546812676042 
-16.84459000200693 
-104.5761686755686 
-111.5967742761118 
1.141808300814678 
16.88580510152392 
26.88133955921514 
10.91579796326123 
20.06934297887146 
11.57405307570221 
6.020941293155798 
-15.49841996957894 
-6.547630670592171 
-65.3935646461219 
-0.3051925422127862 
3.969438490534832 
8.30888640222995 
9.85006171011066 
8.728852993922175 
5.678603962781406 
3.638803654148494 
5.118686497614308 
4.892420099938037 
33.39943510917241 
41.47540141379672 
-114.3284026652759 
-60.78514251548118 
-46.74728111757306 
-113.0940251162323 
-100.4964350729587 
-81.48880002757372 
57.79953789236436 
-59.85994292373807 
53.06648223957267 
42.39307711166676 
-38.81825860338502 
34.13477029725129 
23.36680558804736 
-109.855035257212 
-94.04456731130755 
-74.4119225357056 
-105.327171367502 
-77.97675040459683 
11.03474140210324 
4.960037346553054 
7.075711041388519 
7.995891132757253 
11.60339852716365 
21.15127951343587 
6.473837502062528 
10.80337764083062 
17.26839327354439 
10.86429600649659 
15.3206427032886 
-39.65936020497353 
3.073652876456856 
13.3599683487453 
-25.31243653225969 
-12.69909476469104 
15.86467150319988 
7.790037541862854 
9.684535457374331 
16.05536600214087 
-55.32680965277334 
44.96974564386469 
57.22174891972259 
68.66443781315155 
-17.0240230410377 
-117.03324891794 
44.69835778008263 
26.10889652847458 
54.96042008665426 
-21.89379336903215 
62.67683351850787 
-29.45683064013176 
-5.526198858920196 
34.24594875126513 
15.91352561008924 
68.08251583412118 
74.73523135006387 
29.12928328142569 
-106.7750040696121 
8.202598860415751 
69.3471357698464 
72.75840258730162 
-94.35982364068991 
18.48375951656057 
-52.01391830485826 
-102.0178582733463 
7.389082149504749 
23.40471531328736 
-3.578562682519664 
-34.65525840998335 
15.05761627472218 
-41.33673769036325 
-19.30239947043085 
23.17457559753848 
24.18151832298056 
24.24371115389387 
22.43148030024775 
-43.06018531270013 
-50.02523303503573 
-66.5289095924112 
-93.23931274854196 
-84.85075373327372 
55.63683498471608 
33.44869985502732 
21.83838823104259 
78.36143541089407 
4.711503126185551 
-96.61877990216847 
69.01806409695911 
19.05065222608636 
17.07898519564092 
53.80324854242919 
66.69632716403531 
16.82669745414265 
12.89783642522757 
-7.60873466659423 
-63.82221352857395 
33.69864237531989 
-36.73866923599613 
-0.3267020967665099 
6.850717830620192 
4.187974135441829 
-8.071832030929663 
14.27394662923077 
12.78601438414251 
-67.03221960110123 
-107.641136447049 
-13.27155004084204 
-77.37339279989745 
-87.66181790207017 
-23.83482156426323 
67.53919885055714 
49.46987607998958 
22.3860334279544 
12.63033933535596 
19.6284118284103 
13.77971548858385 
12.87465976290265 
17.98852268122059 
10.43372704073958 
49.15373091481517 
19.65096808910831 
2.561551551146402 
63.63712555239385 
29.1500089742313 
8.143285461563403 
18.42093172672697 
-107.652139896066 
-93.39308062909028 
-17.99934243830167 
21.45759402315134 
20.09233576154607 
25.53411274485319 
26.63895925998434 
20.33588129911521 
-32.48161970670593 
-63.1066531166413 
-80.15588202841816 
2.755871750632345 
21.23630123597776 
-93.83485740033095 
23.50416338906851 
35.02731664484592 
-24.93546484341654 
-45.19078759934315 
9.409916731882298 
44.54156589665497 
42.79267505498915 
41.14343474207116 
64.75153989120034 
62.7504508365643 
4.156091096150889 
47.53243122788173 
16.33087784568931 
-95.5480800081038 
31.39205536962941 
14.51833901913855 
18.64013818534086 
-11.71381147506108 
37.31020170577976 
4.629321436834586 
72.27749281593688 
-9.297375504490867 
13.77731593044821 
-67.82442169141667 
-49.97033522129156 
15.34492012401716 
-46.17432697326581 
-76.86243716693818 
-57.97255038206501 
-69.56108161579411 
-0.7199821885303953 
62.9493315653684 
32.61798816956435 
9.176269423700054 
37.59318154653486 
4.785267393464291 
12.74240428424144 
6.648638863788703 
27.57810613670141 
18.45173305478608 
31.46646938175917 
-85.09556018125204 
-54.07378321267916 
-7.501126321483779 
-40.62644647231598 
16.57679253006879 
22.407338973442 
30.30925402406853 
-86.77904336281094 
26.72295153295775 
15.63056441329162 
-86.14262446028143 
-70.887796806935 
-21.60507409939287 
-4.896699691878129 
-27.47854528353245 
32.00831780447136 
55.95725578090682 
19.62194395787529 
-26.32367232485849 
-0.5828191932280203 
28.46442631704841 
29.41967946316024 
29.04889213865958 
19.49126706042779 
12.33525205006008 
23.38557201231838 
29.27562100489412 
31.81789197923523 
47.11690026376434 
-15.74864369104188 
0.9221615316748286 
32.46472398876095 
-84.2657914468127 
-34.56847420837404 
49.73136997304316 
-5.423918485636481 
-23.36983553063962 
-36.89833590949075 
-41.96835498982129 
24.00735856133034 
21.00242444553442 
-13.9863229971928 
31.00614499403466 
6.296691121642951 
27.4750817302747 
6.628248958644712 
24.91139907320278 
32.20822016551914 
-71.91690742505301 
-54.78569960196663 
32.80934461188957 
-19.6264140731641 
18.23199460862322 
-70.48871517772008 
27.09663586831008 
-47.11088453682327 
6.622747636375832 
8.438438988220977 
16.16784695591509 
-12.03211742662661 
21.53216481745852 
31.18241842692507 
33.29194522810141 
-64.56852416797506 
-38.88789549943326 
-55.87124561312067 
-25.4940370081374 
-36.45903243578477 
17.79812528407054 
-0.8511781748909267 
-30.25811292142124 
25.69420532271808 
-9.906080628037826 
25.9596555048289 
-49.95508354970843 
-23.4368367099534 
-51.0936842516665 
2.915561610229465 
-2.963335045869218 
-39.07728522775972 
6.943967301924132 
-17.02048040948252 
-3.97315465777729 
-0.433039501032418 
-20.74241032571975 
-11.076568064828 
1.530671815659959 
-2.200188942610602 
-7.296715975644049 
10.87721621245386 
5.347601817650201 
-0.5548524210630095 
2.248566231812175 
-2.122507507792464 
-9.925927908074851 
63.81971336797067 
77.4167772428661 
7.801778664242918 
78.93995438438036 
11.21648423365825 
-1.555811068811908 
-59.67346138755042 
-80.57553337187346 
-28.58102975807426 
-45.18632604560623 
-75.55533698659187 
-74.41465889007908 
-100.6645620248165 
-99.77738329807852 
-102.1202270866563 
-15.21342900035613 
2.889409469057399 
24.04038841382289 
-119.5622700728656 
-117.0254734323123 
-77.02044663763324 
6.778349460778805 
90.89031468512124 
-48.23622328460346 
112.6401658732411 
-0.6367687339451242 
-2.022821117122359 
-1.954544311446837 
-5.813416767961288 
-2.977311039656159 
-3.351871483858311 
-4.020614943434172 
-5.261375925811816 
-5.421270181117573 
-10.49717511440092 
-5.499780640618502 
-22.34801178910937 
-5.780903836626222 
-5.82025879079187 
-5.803710911992896 
-5.675906800919687 
-4.946617789979998 
-3.797677671193982 
-1.791433976687751 
71.77819647216643 
-1.944364484638397 
-4.64774186925744 
-7.062453693071109 
-17.38291494675464 
-10.90823064358504 
-5.58982296109947 
-0.9437355741979068 
-26.13683551460392 
-19.94203790737574 
-14.11271497538438 
28.45259162459033 
100.116353726223 
82.17367369188013 
-7.903165775112682 
-9.925298035106433 
-10.1223785378143 
-27.63925942830691 
-16.21674463522357 
-14.22676978265398 
-62.72728662970032 
-76.14182288137616 
-58.70010753542795 
-78.43134722084186 
-7.803065180369616 
-3.783970762924966 
88.16918098707582 
48.91989499512521 
10.01626753182985 
-6.140006580376396 
-31.53307607962957 
-40.70420462964557 
-56.98512353475605 
-57.70760062569878 
-55.8212005755611 
-53.22621066037218 
-49.60525616301252 
-40.97933470145266 
30.67873798615835 
50.13874390514657 
101.3665152517898 
118.7209353029171 
15.59075187718295 
60.4873828880664 
105.3717839836631 
100.7130741925009 
86.21243843383145 
69.63436845026646 
-5.689872377466755 
-5.577059691519578 
-13.78825705987586 
-9.671585941718872 
-5.383819450735866 
23.52165041208864 
1.393191174187255 
111.9642987437924 
40.85130746862215 
-9.163391619918462 
-2.209676279555101 
3.155146412767126 
-2.457097992774654 
-9.899591823326917 
-14.66390373691944 
-5.455345740107993 
-10.2579216787793 
-1.691163560527937 
-4.161196368816352 
-20.06085423450811 
-42.5468468042176 
-66.87970394235255 
-52.86615490103349 
-58.64369030871433 
-54.53468333297197 
22.96632532445563 
43.95040184453681 
3.329183072058321 
103.0252259767935 
51.87993007806487 
-24.88972200071705 
-4.647646652184623 
-67.86458252888855 
-68.16736383332763 
-66.23981762692681 
-59.9953009724624 
5.013823247164754 
88.27971690005845 
11.53029614055331 
66.98251149529662 
37.89427057993407 
117.2982779788875 
65.43349458541657 
-8.165533289233977 
-9.124572684073602 
-10.02141033785703 
-11.85927204203115 
-14.99848842012805 
-5.637238631060788 
-8.615262264539993 
30.69521884584724 
-7.359089646083357 
-1.924525563853505 
-12.28665107175433 
105.595702336283 
-19.57166917072437 
-10.84470755628323 
-14.41553489653493 
-22.45854350518524 
-9.703175065853724 
88.07803982946209 
-67.74057113780583 
-71.02073687818421 
-52.30240572178902 
-68.02459905072533 
38.34729377330653 
-29.51634641973201 
15.83496107006386 
79.60925873112443 
-61.25085679981656 
-49.45867458296492 
119.4383651961575 
98.11025054571716 
-21.0417513816255 
-37.00870421519149 
-66.13631796977968 
-73.85940152189512 
112.0567638849548 
-7.128608227512268 
-19.18637208414687 
116.3595510507079 
115.3008506232396 
48.96314916613991 
5.575260093813696 
78.77655802976192 
115.8723992354211 
-12.95487889628822 
-14.55898387938949 
-16.57634246111654 
-10.87099746993571 
20.23637863844963 
17.18399027774568 
18.83992142275969 
10.4793692048829 
-8.351591578149581 
-2.514581640543327 
-17.43737572235392 
-19.93515911721565 
-29.51423275170862 
59.42182010858654 
37.94448047385862 
-9.794802066269332 
88.70383902734426 
-8.162762223259952 
-11.7376553296548 
11.86327897851602 
-46.26444758905397 
-35.69640996852645 
-70.65422194847699 
-62.4412237974465 
-77.28548820381313 
-68.89213680586349 
-75.12701664486109 
105.6492606356652 
-10.69899059976867 
-16.8248954797039 
-4.151650929924163 
-6.90490144827723 
-22.26146967858674 
-25.36145879625682 
-53.34161096342265 
-72.34364347294171 
108.6893237684116 
48.74378749612854 
-18.11141741614664 
-18.98763481818197 
-17.24512965822092 
8.477392815963666 
51.83734059327083 
-22.48794856854257 
-12.08358723729713 
72.08522904225553 
-55.06572912326277 
89.67707782782172 
81.81291931263449 
-13.90327195361358 
-16.21175044544565 
-15.66365306602085 
-5.791945092341853 
-7.596624825340289 
-46.43583376505244 
-76.22433511633749 
-40.86367337850724 
-7.727936966304187 
-20.98660370668012 
-10.82144905043666 
-3.925208486160902 
-31.98725679235293 
-22.01533886035071 
-22.32388766692286 
115.7335147952947 
-29.15430884994717 
-19.41119861607459 
-2.285080443587712 
105.5681213415258 
-16.31129985272404 
61.95524634176801 
-23.26916934198634 
-15.05772945129385 
-1.064191429447833 
32.3522167395741 
63.52616565862927 
100.4618522925397 
79.81327945834195 
-12.68650329874229 
-24.36384074885608 
-6.092854372335304 
-20.28754967365253 
-32.21248317685937 
-4.732156652609617 
-14.79168123614587 
13.35821321218153 
98.49197932415647 
114.8123218489938 
-15.1346641586578 
77.28780353227245 
-18.19016239114194 
-47.48933239675252 
-14.9400637972886 
-17.5906236407053 
-24.7492534826804 
-25.54949209675556 
4.141635412598673 
18.5637765835354 
-13.97248289416809 
60.03943498472083 
47.61934033722634 
-17.22589605289899 
-22.01631283262757 
-18.36593715791838 
-32.83797741812513 
-22.52968290501943 
-77.14109509114164 
-29.45309135773786 
-3.339916839694467 
-16.35411950561604 
-51.82657607080989 
-26.72938422471976 
73.3749837356919 
90.52108533342687 
-9.63787054762493 
-24.90223540103752 
-36.7996623736493 
-59.05629643006351 
-73.57636952499867 
-26.17799092829749 
-25.52092886714937 
-29.0270992301034 
-21.63836031070661 
-29.83617126370186 
-25.04939375107951 
-22.59437018596773 
-28.93314377348635 
-5.542493507909322 
-8.282032547040981 
-45.82999558531947 
-59.98947410598727 
-67.68498699149923 
91.95570983827109 
99.9147543490262 
-26.54196849064906 
-28.52361010204573 
30.54828380090317 
24.06869703317774 
-31.0924675575844 
24.74502894732829 
-29.95327635884505 
-2.396602287271949 
13.27266559688121 
81.12255351472918 
10.52481914592199 
-31.67514558311326 
58.96793283583825 
78.93668787397024 
95.71467206587478 
-32.26684769896769 
-27.56269765304468 
-17.31494985983043 
59.60900284527076 
-2.843088659275515 
0.9931768714789587 
-32.86132419206265 
66.51845012596652 
1.232094462132751 
-66.25525451826655 
-48.64703614382276 
7.797213637525852 
-15.65171995427185 
43.27955657478374 
40.12310402286732 
-15.72441074074782 
48.96524307520303 
53.44890521060215 
-31.99369670565417 
-33.57920897235594 
-24.18866334366237 
-32.36274630144414 
-7.31874246891907 
-34.45875277621906 
24.111752901387 
18.73051733462298 
3.899352414200657 
51.75967258377332 
19.35376532924646 
53.93304690081445 
-33.61309655510586 
-26.24828598560526 
-13.63698288455367 
-30.17969140065411 
20.280738519515 
-23.29889862114445 
37.64114797195137 
41.09295236838882 
-30.59572392060635 
35.10567435359576 
6.518445344280079 
-8.949933397079498 
4.671475510376078 
-9.550772062678709 
2.559339078641142 
-5.37528493942941 
-16.85710244094283 
9.503513503823072 
8.257619971860041 
20.7860144616445 
-22.64187962570437 
-3.295222568876095 
34.78883141527654 
5.06808280231952 
0.6938063005159508 
-4.715815401547315 
-4.621972354306151 
-64.3152092620028 
-13.4314517634084 
-69.5206045451819 
-72.28806894051019 
-55.66595115214813 
-40.10960316946709 
-69.72819183712525 
-74.26498423769171 
27.74111766784545 
-27.82077662925486 
27.59986295558985 
33.98430098437187 
72.76770879769902 
-22.70949240405195 
-26.89010438217868 
-22.76055691962232 
108.0193140857369 
113.8302589448455 
-19.48883054541626 
</DataArray>
<DataArray type="Float64" Name="vonMises" NumberOfComponents="1" format="ascii">
82.91471141926492 
140.2480407121955 
220.4100760325567 
316.2032274257668 
415.255963348499 
51.59606113461184 
103.7351910902422 
185.595941206881 
289.3665345636417 
398.2520736788223 
25.70210698370469 
72.57657319219499 
153.5288384735948 
267.0327028572119 
385.3290671352582 
11.92584822986439 
57.02167109885922 
136.1624020495734 
254.5719226509922 
378.8038651991169 
25.66758874622892 
72.52934072174203 
153.4571484240207 
266.9783076123469 
385.3226212454447 
51.49635753805259 
103.6559908382239 
185.5022979696003 
289.3881046869988 
398.3596899283955 
82.82684043747813 
140.0692737493891 
220.349141209168 
316.415762177753 
415.5806558573028 
507.0671728544509 
497.804709762305 
491.7248029838258 
489.1676156327052 
491.7710853239646 
497.8401360016072 
507.0084325415461 
585.1808614060573 
580.6844316276032 
578.3407038805899 
577.7350574980449 
578.4938906803283 
580.9749418718284 
585.4440962065987 
647.6194326069134 
645.1822175859944 
644.2077509273673 
644.0783290617994 
644.4012138780276 
645.5685224871449 
648.0324034344214 
695.0626209180699 
693.1147719036327 
692.0937744518621 
691.8583814656116 
692.1891575035943 
693.3377211796141 
695.4980423682665 
729.7502132521356 
727.2714427380238 
725.5848300918201 
725.0121241167301 
725.5161079820804 
727.1387837329921 
729.7934674457156 
753.8750319589213 
750.3119557887037 
747.9196487417154 
747.06665782978 
747.8053182512058 
750.042127079443 
753.4233235186329 
768.7294411059927 
764.6889385649545 
761.9446357103312 
760.9778825011402 
761.9843220499436 
764.8179734293177 
769.0003818413838 
778.0787222911835 
773.3911319491549 
770.2582427599818 
769.1890699121168 
770.419883732014 
773.7626394313978 
778.6305156272638 
784.3146510356881 
778.5271301187943 
774.7862944324619 
773.5091868593915 
774.8674047699001 
778.6294255872722 
784.1508745191801 
786.6812205086313 
780.6109074425449 
776.4904173911754 
775.0029711465809 
776.3910411781037 
780.4332117512402 
786.5186314446954 
785.9783592475587 
780.0367050600853 
775.7712795809203 
774.1472921371653 
775.4785550261228 
779.522003792168 
785.5424945199214 
783.0734405887938 
777.031473673328 
772.7266693975317 
771.0781323206946 
772.3507044088079 
776.2842913001292 
782.1671165064463 
777.4976502605955 
771.3878101534991 
767.2496349067571 
765.722240877354 
767.0175646042944 
770.9209116512416 
776.9111336346243 
769.5995838920485 
763.1329013002514 
759.1484138558617 
757.7813868397193 
759.153262353243 
763.0418541922462 
768.9537681466649 
758.4186708831165 
751.8030896718674 
747.7934921421505 
746.5167309925083 
748.0043994278097 
751.935176043502 
757.6700613800139 
742.0379360276588 
735.7830720701184 
731.6762934587689 
730.4258309665955 
732.1757834587273 
736.4730039107824 
742.3748765056056 
719.5353118584788 
712.9383889270696 
708.4313915138555 
707.0622475883954 
709.2429457486284 
714.6843365962766 
721.7662154325633 
688.8339902080567 
680.4817082395634 
674.9275224123031 
673.2072391248408 
675.6183140752767 
682.5853698158595 
693.7891434938202 
645.9471628102191 
634.1953080497849 
627.6480791603996 
625.4945651128013 
627.6027133086814 
634.449598250843 
648.7699507542699 
582.4419194359861 
570.3845988000959 
563.37113843108 
560.8265681694454 
562.9427654610004 
569.3407800156614 
580.2257023761448 
4.045630507753373 
22.09364860111426 
49.37295494161325 
3.337449790313584 
18.94857971255596 
38.95609183812536 
3.708595482694982 
20.10488042414778 
39.63503424510224 
3.826569339598339 
20.70286508670592 
40.60469107820845 
3.792837422941019 
20.50169748486523 
40.45056503100997 
3.659798505063947 
19.74286202591722 
39.34247976543761 
3.441407056878263 
18.66786917393652 
37.49820610649397 
3.191278903370023 
17.38292434372994 
35.19670924279688 
2.922142942923169 
15.99259602286559 
32.56190512653389 
2.647136041400987 
14.54353848648243 
29.82263982374783 
2.373188154038605 
13.09286997393503 
27.02063092985031 
2.103038937387209 
11.65410252233264 
24.22787911647465 
1.840502028436959 
10.24334383051437 
21.46533141165768 
1.589657654347901 
8.890046488105401 
18.73396182171815 
1.353906924267305 
7.608639883071466 
16.09604907584763 
1.132844938730349 
6.386086519469912 
13.62776274957011 
0.9234916864391826 
5.2253318385936 
11.30407209271934 
0.7328865279765905 
4.173431940092216 
9.151038490917843 
0.5603996812425387 
3.215549938602547 
7.153785158636217 
0.407336792001602 
2.354110669536837 
5.385389355857265 
0.2765977233772196 
1.602783407560553 
3.823838853394049 
0.1669852187253904 
0.9940874413901913 
2.513761285643755 
0.08184510021846013 
0.5136432542509268 
1.551950355515868 
0.02923110192331301 
0.1647925898543842 
0.5375764011312493 
0.01026616085855142 
0.02816468902886685 
0.112208167805491 
49.11632304944129 
22.14863564977001 
4.056099315212774 
39.135781421141 
18.88474069632659 
3.339359283342783 
39.73764418934332 
20.13709290550966 
3.708396567469693 
40.66499593059288 
20.70949891014336 
3.826946488140621 
40.40146492911235 
20.4868848690465 
3.790597120856563 
39.24456279771074 
19.71489439375221 
3.655071553913563 
37.43138580882771 
18.62892695154373 
3.43305975491821 
35.20819286583401 
17.35138055280358 
3.180916274349233 
32.69238507215076 
15.9855155478781 
2.91331942187339 
29.9728166810931 
14.5606302570623 
2.641609211923578 
27.16676627260024 
13.1205428729835 
2.372123431465017 
24.35548945180825 
11.6955002359394 
2.106780329403618 
21.56766259264993 
10.29752462727352 
1.847970792987302 
18.85060255458727 
8.940512785014471 
1.597983421862164 
16.18835109225517 
7.639351516277499 
1.360649526817319 
13.63691934888556 
6.397005707879927 
1.140043319272392 
11.14822450377985 
5.252822161117401 
0.9328275861802936 
9.079581304156561 
4.180893119424574 
0.7381005028780439 
7.098388669185873 
3.182308383632931 
0.5578753170706026 
5.401400905365179 
2.348808638593002 
0.4053373684416295 
3.878089405088035 
1.618792142448714 
0.2779156076167317 
2.56290970141263 
1.002003973540071 
0.1673250276090655 
1.525016869640505 
0.5172472337887042 
0.08297759888925607 
0.6029076650617379 
0.1859600122610302 
0.03163520114841813 
0.1274196620968493 
0.0325699806965869 
0.01061842540574105 
0 
0 
0 
0 
0 
0 
0 
0 
0 
0 
0 
0 
0 
0 
0 
0 
0 
0 
0 
0 
0 
0 
0 
0 
0 
698.8165212294613 
592.560605387255 
181.3062626128965 
45.95813809516113 
613.6660431654502 
708.5430362824278 
731.8450567374678 
753.1284984680408 
780.3173669362729 
775.2022194953133 
786.1992268080161 
792.2645376055648 
767.0687520045474 
794.4279385538325 
650.4997313043124 
775.0759632778072 
759.3301944952237 
733.7953868566717 
348.0532429075147 
873.6311506663815 
779.4440336165266 
878.6598693795664 
806.8717034499884 
812.4196120340421 
748.5206793901901 
78.48509386288154 
54.71303512690636 
50.58177613963746 
87.56268285134563 
398.9100242292992 
783.4812323443506 
819.3159860550678 
1.800124740894888 
5.505007609913425 
22.43002419172968 
40.75944578185455 
57.08501546370672 
59.4916351228476 
69.61968082472924 
75.73028111576426 
120.8069039951097 
81.87183115810736 
58.02918930546411 
57.9868048925063 
56.84507812099778 
54.93766469370426 
52.39936814922449 
49.39272794320445 
42.25649530562516 
38.3122497326378 
34.21691067799667 
26.39857080129248 
22.71102498318108 
19.00548411025138 
15.49992360292824 
12.54652607662168 
7.350495828546608 
4.34035513746472 
3.718067336950556 
519.7716967696223 
259.3663575121956 
437.4349019749966 
324.0318824209566 
222.6754198376112 
115.4083785818357 
62.14815315322302 
297.5179923980583 
461.25913088477 
57.92947344673858 
60.83837003649175 
58.99278079022818 
58.78641115201651 
50.46107183251126 
45.56149300310654 
30.22024191274232 
74.57668267282772 
70.36263044554846 
160.0500270237446 
69.14389819436155 
68.19433136874848 
64.72743843352077 
62.0718408912725 
15.95327601606762 
12.00909961071229 
9.769735461902707 
9.189340461562731 
9.297591310656916 
783.8175258010476 
791.5227723529784 
480.6111460966915 
656.0145561914323 
652.3902626919578 
379.4336222691551 
532.4504174838266 
598.824597983061 
766.5016666002093 
681.9144640337074 
794.6824181239615 
803.5956407941802 
701.2492182438679 
790.2961036077802 
778.1160454415461 
339.2473697293264 
252.7460825757204 
191.1923343711503 
472.961941539791 
210.8280366740152 
32.57728981887152 
9.979077628800372 
15.89993356452662 
19.4181380304968 
54.98467313198161 
61.40893414487019 
66.63969780202783 
68.47307896377473 
52.49350775059258 
36.50642698911536 
64.01528753197729 
112.6558114530897 
70.52475215859104 
66.53127855009279 
91.10237605832063 
78.46813272120392 
43.89016575943012 
14.7455253017158 
27.46826147610821 
47.67088020287901 
143.6127060291846 
702.1244262110686 
729.6695858867014 
768.9385786184313 
736.144067346009 
484.5519073432728 
798.7810750520842 
790.7713796014352 
803.848742814661 
747.09215329096 
804.4172607633418 
733.0286083422378 
762.1921543940618 
666.23121826899 
785.2675201410082 
788.1159100626103 
813.2870568077228 
685.0728201897144 
541.7150684892866 
16.13836001408879 
762.7852494245769 
812.9685786268519 
269.0627094279459 
63.30184893958298 
694.459446987509 
583.3946302888457 
69.83169199704507 
58.70666133451625 
73.05665150101945 
109.7645663089727 
64.98260977671484 
129.6391484329512 
86.39489385918978 
56.10556156566077 
47.30372563585883 
44.45288664184712 
48.71823028634299 
715.6228794950409 
139.0117381795564 
676.3155138398616 
601.5113397401924 
631.239234701701 
809.7866724362152 
800.0926501789189 
771.7736382610417 
798.9785151990424 
752.5856990773949 
602.9009779068282 
782.3916899374549 
684.5402078851048 
837.57255653742 
810.799580266612 
801.0743692522177 
41.28325077348998 
23.25928946330028 
73.80229429934398 
169.7814079811619 
58.62358212615045 
719.2715044622927 
770.5681475674274 
63.3265822400341 
56.45778777382086 
73.98031161375901 
57.84145011716493 
66.15812745548567 
631.5300437428297 
542.5065683187976 
749.0491146019133 
647.0282913019332 
265.3153426254096 
94.32090259468951 
781.8228629973183 
810.6235253027774 
39.99937047114919 
30.19908966357337 
797.7598992164897 
863.0026455247737 
27.19389155221619 
38.23658162805194 
875.7400884570809 
763.9147466412543 
743.7613998464736 
7.414585623839538 
816.1098751638709 
53.91315470651333 
46.10247501512089 
35.63323503636018 
550.753516486554 
464.147827126311 
723.9583179201344 
790.6772624256911 
59.03629889098884 
56.6035478945431 
54.58006573055218 
52.78311788395325 
140.0963234293728 
176.3389345027868 
566.7509810222145 
55.1894560451157 
54.3200442871041 
571.8601053571497 
828.2845748801045 
791.5572691483819 
100.5234504462906 
156.8871292371428 
800.3361722201684 
812.8934644709376 
726.9029256903681 
817.9822388297659 
802.086139471476 
811.4797201098758 
874.6570070495673 
796.3858137778171 
30.19808171027825 
506.3078746986156 
55.19991102483202 
53.13831803356367 
45.39434962742737 
79.69640530796924 
803.3053345558056 
17.67600287987307 
809.1378588785781 
71.02506606304978 
47.10873520909419 
231.2219302326819 
184.6655685687421 
42.86542552684822 
687.5015593925702 
488.0316266493957 
610.2501982688564 
549.9721206928616 
713.9730944465828 
813.7753555205472 
828.1453612687981 
743.4863878362615 
794.2597980725733 
47.49192433505119 
51.46140378047496 
31.34632462699798 
48.88683746859221 
33.48042338862147 
57.64526871250265 
320.0049495220597 
223.9666978894965 
615.2627947151514 
670.4891328294051 
36.36917743639315 
49.688111929914 
58.0224474134432 
511.970790563184 
50.93757553472095 
49.27887105205659 
367.1316485825241 
275.0142088920229 
701.3079239066859 
380.6527265125109 
558.9158032818896 
804.9685835804031 
812.1668928086855 
787.4585801575178 
672.1456380326704 
707.5703612785605 
57.29171977399128 
52.26543744910133 
53.98687500822212 
46.2662186561488 
25.05305528363361 
43.33148859082291 
53.37705466764669 
57.3342265347332 
801.0062309911773 
98.62653905382274 
62.86070611561126 
57.89387017783842 
424.8870067066715 
353.3052766268981 
806.0031197032761 
726.4029651284421 
167.6264642042794 
664.3388649283706 
487.2977397340047 
47.72305519706347 
767.6800222354634 
657.923424170419 
55.16096298005535 
752.4891307788977 
54.36205454278075 
32.71106382698543 
52.30074190753755 
781.5857178426495 
324.1056435961125 
335.586417790277 
57.3610906468131 
127.2014894213855 
46.96381292207991 
383.7102556080583 
54.33171042730972 
592.5283569439357 
725.3360588087476 
732.6110072633955 
47.43689782920305 
693.421176763494 
44.0835632954694 
54.48595162267372 
58.1235194796102 
450.7385506400996 
279.0830844702446 
273.3999372085375 
432.2961703343644 
173.376374265861 
756.629575955351 
686.8538855385519 
620.5638171768934 
48.36320513110304 
124.4879642627726 
48.85373755541338 
408.7534825428584 
218.5613891635857 
524.9669757002403 
693.2114622230732 
692.8817036248726 
218.9183650422438 
63.76271088109739 
522.49810713631 
87.93330286571857 
108.315806001929 
290.4342064752504 
631.5959961660358 
88.91838185621398 
605.6427748315682 
494.365470417017 
60.96977767283379 
37.33634358246636 
210.0020872595658 
68.19577482462329 
129.3233813742652 
163.1974961098844 
751.074988226866 
795.7060145699585 
62.96719491278106 
806.1756895839142 
22.13116552764205 
69.75755551744692 
184.7079731363334 
277.9953846067534 
115.9103052942149 
144.9980650626341 
227.8130646330587 
205.9871755582874 
407.2647912089924 
346.4052713334077 
343.4867192668491 
736.0286144807665 
765.9622666108378 
59.59238952555134 
407.5226399315707 
427.9169639226554 
632.2703317284943 
58.2583962577269 
251.5608593522173 
794.7877033266961 
440.227699766928 
1.476241395864074 
5.948242049503972 
3.846830870604519 
14.41152578208053 
7.294124146919942 
9.205182240702019 
12.34867283076985 
15.84383998605683 
19.34164643123266 
36.12966081088109 
26.04749893340296 
59.05348307298614 
36.843399857908 
40.62625277652306 
44.34517931506242 
48.00583671389048 
54.58561423158845 
56.79899318531179 
58.10179770344179 
175.0430757879148 
78.60089311741824 
46.42904450626661 
72.60653308881034 
35.53584065741838 
25.63599817577582 
11.75272529846441 
874.6507188730679 
825.2246589558775 
816.1990936832268 
773.3765842212255 
694.7609040184241 
429.7837918378838 
206.2096802245163 
66.04312625406591 
51.21987151696221 
43.26448681445455 
56.25155017164173 
55.84914914186264 
632.0309273278609 
750.9699620145486 
789.8188472738483 
786.6123401408065 
794.9792840853098 
877.1952544220449 
876.7554607717118 
514.421000135721 
647.916748192435 
729.9449503918971 
755.1202626040898 
783.9137943893119 
790.5724119150935 
792.1076347482884 
765.7194818310194 
750.0380078904831 
729.332514857201 
704.6187354072429 
675.7496899921463 
78.97017831167784 
116.8120675103744 
339.1370728397409 
447.1769211284239 
61.49105851609756 
148.0783805270318 
297.5928488164601 
277.5197732108518 
586.9827878266796 
587.919497722609 
33.10612698129187 
29.47764918246332 
61.07541547782477 
55.08689426144834 
51.46351124727065 
82.32883948899757 
58.2601411411059 
357.6834734793912 
107.1894041975919 
58.74203929812907 
69.07706929882175 
70.10712001554289 
5.347363305626839 
20.72108429569366 
54.19275815453753 
22.69265415173819 
39.58010141758832 
3.208551171253007 
7.922430307653121 
772.3747688133205 
797.6432267763369 
801.1972148755732 
795.3544190472152 
777.789263043347 
737.4047417428297 
726.3326474729676 
690.2652234674423 
753.6848856996924 
518.3284769701519 
702.5647839756854 
791.6786719849316 
770.8000396506447 
766.8886740850238 
795.679218620496 
773.8510919470077 
742.5480632291816 
763.9010974923128 
232.0742693283144 
72.54835728587673 
172.5472168604814 
718.016962626737 
380.776855622133 
644.0313844206254 
15.01282008506325 
17.58127405548623 
47.23697081822564 
68.00639691693733 
50.70841533683198 
68.00292705609735 
62.62446782294655 
99.09402850976078 
70.21605477145771 
71.49604817374714 
64.01159249357406 
311.1080044670257 
61.35380936460876 
29.07359953029444 
57.9627053260995 
43.36498181387402 
61.570174856273 
250.4980626653613 
786.1331073009925 
771.7757660237868 
803.6171514582368 
815.8815649707896 
718.2764833453001 
787.5365708607299 
747.592251964031 
635.3575872965065 
806.0868953327931 
808.171891717644 
448.2086835454268 
580.6173006913671 
786.5911486270809 
798.8756678385705 
807.8645927339884 
802.8922772404408 
517.7112524740553 
13.31607310274622 
35.45528029783818 
371.2481265878845 
387.0142160769898 
131.5063103293807 
73.53398544585266 
260.5309562884631 
510.2804496818714 
66.52918612117861 
65.48973212614816 
41.39919693405457 
68.83953113026689 
90.60278777407788 
82.80107912235569 
88.37093724406668 
75.23814445287165 
66.51374776319503 
67.5529737532448 
63.45674974447517 
63.81006846652967 
54.88079169332058 
681.1597188416583 
115.0897803127341 
778.010613711464 
617.3875396960636 
778.831884415664 
783.3635372964844 
753.6621782012522 
804.4784817820611 
799.9086166808632 
808.5030618158921 
813.427786882427 
808.5827315135311 
779.4118891390018 
783.6677095096884 
564.8365550797055 
32.61317575774046 
38.08437075287756 
7.535793531951683 
39.24709227021995 
45.58420039084553 
698.016414919923 
743.6556973222479 
812.7918026554586 
541.4749617104085 
148.0662871727164 
54.55711472925492 
58.12042589918946 
65.68119599846348 
67.5321814121982 
150.7328333991212 
57.08148924308275 
870.6772035211161 
664.4367579307119 
811.5498286107791 
283.6548231531898 
236.15291873465 
25.21044572706493 
44.60038251725816 
47.69342116286371 
25.78608152805022 
52.84470215612043 
802.3871935876252 
810.3089972926439 
803.0570314947566 
64.45620220516352 
53.75154099004707 
21.16972293452702 
14.38290206259183 
801.1273305840014 
51.59393869727947 
48.65774685439185 
440.94205034845 
55.49154949901833 
55.71442819326396 
60.04697332584669 
335.3876314550632 
851.8963079805953 
223.4172286072457 
50.56794795689247 
60.48932132359796 
56.36021467408209 
115.2600607716918 
193.9647546620591 
583.4090094085391 
630.7810655360479 
52.49625281359356 
46.89872953693765 
11.55763179748133 
36.22368096098892 
57.92629876947758 
76.6866803355995 
31.34384083827177 
735.4260022992328 
347.7126000866275 
408.266385413858 
52.36534609593418 
469.8711856873904 
776.887691201704 
811.2416290404144 
754.7161699250423 
778.604393117259 
44.99141411680009 
58.40158201397947 
65.15117559750115 
91.50383602636664 
48.18318423819832 
337.913524098647 
163.3729043241322 
40.97667111502686 
40.48050722630605 
49.13085493545572 
58.03069293763119 
762.9999705667718 
800.1405735395741 
779.9498638840219 
789.3855658221975 
815.5561758826919 
780.6208437686346 
49.46877246135238 
297.1709322036021 
337.2696356570789 
47.54048825037538 
776.573777587649 
823.9213151965643 
809.8114435768218 
806.6923111861046 
46.43430772927526 
51.75902190164127 
56.58190438783477 
44.44569138841722 
53.40925998870958 
53.98374874627698 
52.20856338477032 
51.32247251108812 
33.20435813312449 
798.3019341788089 
809.6807286447857 
810.6688330736749 
796.5503590930151 
507.9998112995733 
516.5188910273782 
50.95874011368905 
50.56875641980487 
128.2182159138084 
372.9891805977614 
55.47001831932791 
140.892969340981 
55.22473665650819 
62.6153796884394 
92.07827334389503 
586.0039659208377 
678.6194419337077 
59.29201981888998 
679.6577364185622 
379.6300467708912 
416.9244658274492 
56.57270458539148 
53.37694632840246 
44.09758756224068 
432.7308454925349 
736.5700899997502 
701.3309459541273 
57.76080622691531 
557.3674384450359 
740.7521956793446 
812.0160135310615 
806.1651817257469 
99.17160108440422 
51.26004321819363 
182.9679333533531 
295.7518781017562 
47.65679554882188 
637.4276061821824 
660.2233082535903 
57.45902718784414 
58.31668964338421 
49.7397219009536 
787.7539035641462 
741.2512061141794 
59.75147933821176 
602.9072051405884 
164.3512879562154 
692.0817624608524 
528.8086318197053 
680.9994461901123 
253.445016814235 
58.66705467629936 
49.169274984824 
40.35762191136531 
54.12834247592411 
496.4540771557007 
47.52684927967959 
613.321280933971 
399.7521452322345 
55.28750492475167 
209.4739297238817 
360.9638068915863 
60.64606856067308 
614.4904340645401 
738.8972565796415 
137.2376486798563 
67.94000762289754 
39.94712443999425 
605.3620407115847 
230.6110375170204 
253.7101123043859 
47.58369210361509 
67.76275079587224 
507.2486497610133 
489.665294950308 
103.6789385614283 
37.46749166508368 
9.227997749315104 
761.2237308642461 
25.63307438172568 
769.0864365551806 
780.2777243578515 
813.5735343193201 
805.2576688330071 
814.0929247487688 
792.9679202974813 
692.1342810560507 
54.75176371454233 
734.8100858222778 
717.4503572750888 
193.6780534049599 
60.77199794648386 
58.411267093371 
59.44706185556377 
455.8424486002605 
493.7998366310185 
62.77613474894912 
</DataArray>
<DataArray type="Float64" Name="Eta_u" NumberOfComponents="1" format="ascii">
0.6265495245086797 
1.215040404700531 
2.337390375179519 
3.57573791849386 
3.973261676563915 
0.6881189622844769 
1.942630648989719 
3.346852246895039 
4.226615147291196 
4.262802113029635 
0.6779339886275619 
1.872236753760169 
3.124935768481704 
3.666706856230695 
3.379340585059758 
0.3314651169697357 
1.089528386451882 
1.933103648631715 
2.238073808680335 
1.96696597457723 
0.6775277351390143 
1.870604652836461 
3.119126103399835 
3.653784579751451 
3.360051534072167 
0.6885367266197899 
1.944320169248709 
3.348547692660985 
4.226418743051362 
4.258024700085258 
0.5714405026049153 
1.143072087550054 
2.407141955204794 
3.472954850995749 
3.88345085280667 
3.869200788436875 
3.768131280497552 
2.752698152173975 
1.55146014112003 
2.774000529839437 
3.7784603112464 
3.937589348557551 
3.453868863057862 
2.994006289137646 
2.052409745396725 
1.161542371936636 
2.071279694751762 
3.008237001979841 
3.493258360442723 
2.856246086950087 
2.289124600932742 
1.529112460232773 
0.9246878435809305 
1.544861411574 
2.303673185520968 
2.811818533265397 
2.275642558919844 
1.717062223949363 
1.160748048652373 
0.7946062283256523 
1.174357624519104 
1.728641747003146 
2.199008851449103 
1.813307222300088 
1.290258164401342 
0.9236656221384124 
0.72781978968454 
0.9358982385388703 
1.300759521474625 
1.639262547458215 
1.396268461976959 
0.9928835400985433 
0.782854897526583 
0.691324700841112 
0.7914424776444261 
1.003321609230182 
1.223819147313638 
1.049111408068599 
0.8059763854297923 
0.7037720725260114 
0.6671190329672013 
0.7063309947334535 
0.8077799911694071 
0.9351421843805166 
0.8227244728043347 
0.686928243207878 
0.6558958826071858 
0.6477706383829929 
0.6559790282526756 
0.6865119386605845 
0.7483652530416692 
0.6827920245024909 
0.6096141338252015 
0.6237756067317286 
0.6309084852157448 
0.6248824933336744 
0.6151280348956206 
0.6421208825218283 
0.6213668825866461 
0.5704200915145904 
0.602750202379868 
0.6158296566771608 
0.6041154733979472 
0.5747141493539668 
0.5856807160311727 
0.5825321122422024 
0.552630574826693 
0.5887987890646821 
0.6024016993618775 
0.5891440119640975 
0.5544289615208635 
0.5605514846039714 
0.5380412122945301 
0.5457847069076166 
0.5788242486733211 
0.5906607571474159 
0.5775630486298031 
0.5433275778490294 
0.526262045854401 
0.4888643464730471 
0.5432101140858878 
0.5707396110148197 
0.580606128411106 
0.5682526133430329 
0.5354088128172769 
0.5051545023562513 
0.4909179693682864 
0.5382339258170887 
0.5634651552351154 
0.5722441824655535 
0.5610082347246945 
0.5303776601192186 
0.5108658477052032 
0.5538762945641551 
0.5320851341207298 
0.5572322440591043 
0.5658056854942587 
0.5567417789505584 
0.529342226500801 
0.4911383905405345 
0.6318384151286193 
0.5340009305231769 
0.5556614089169309 
0.5636314644796308 
0.558421314974147 
0.5369436242161263 
0.5104937095551532 
0.6781775732651782 
0.5558224876449651 
0.5685220649053382 
0.5737652857557126 
0.5755869455228396 
0.5654050495197315 
0.5702919872003269 
0.6985356025445805 
0.6146299589867841 
0.6125756183211566 
0.6117476016823689 
0.6229466514261184 
0.6490448645238313 
0.7226736401267981 
0.9860725344029918 
0.7324635313209992 
0.7009851904195555 
0.6951046318886017 
0.7064669720217958 
0.7618938235326361 
1.085602154735933 
1.28442197048017 
0.7656408208378773 
0.7345417690834208 
0.7254062582012615 
0.731668865776669 
0.7576452105551915 
1.470688773573195 
0.4952227842617886 
0.5137405821609693 
0.3044780932704114 
0.3059536148389094 
0.4970256629930028 
0.5248826590907618 
0.3741008417135472 
0.6221595720739619 
0.7239635160606929 
0.3940012043587892 
0.6530800820236946 
0.8065285051111986 
0.3971613012472094 
0.6574762203806601 
0.812564724127393 
0.3906193557712891 
0.6419318315661591 
0.7820135775245369 
0.3758206405962033 
0.6123574580071152 
0.7371712244576485 
0.3505832184365818 
0.5737336707222552 
0.6862972393536884 
0.3218786322623478 
0.5308671458071652 
0.63757999869023 
0.2916674850146727 
0.4860493859358621 
0.5838562646219463 
0.2610928415287191 
0.4408665876468955 
0.5311039865300754 
0.2316150489286067 
0.3961425955806675 
0.4772519929131439 
0.2039751655066876 
0.3532221683644148 
0.4348976110144669 
0.1783954987062783 
0.3123613353837888 
0.3772657346766342 
0.1535186151697066 
0.2730818051897243 
0.3354488828887832 
0.1301642521712142 
0.2358058646148773 
0.2951349729263882 
0.1075478090671999 
0.1987805461177259 
0.2609431494315546 
0.08714467972954867 
0.1647343965651805 
0.2218350973046525 
0.06934400673053603 
0.1347233657922873 
0.1848592335153306 
0.05382017565661316 
0.1073584510433583 
0.1375907783967675 
0.04005870265361901 
0.08198565115683998 
0.1050020590010838 
0.02782884341010155 
0.05787454555261029 
0.07720992086502813 
0.01868103413487425 
0.03744686025479334 
0.05655890421957318 
0.0105218751933986 
0.02145974749222864 
0.03664514727533001 
0.004296255220309033 
0.007990539325412022 
0.02703623781970302 
0.4059505382238812 
0.5149105962590663 
0.4942199566959622 
0.5708760885355096 
0.4980483878564197 
0.3097871696729249 
0.7537382474104626 
0.6182659688522611 
0.3732638057181596 
0.8269765975108211 
0.651251126801349 
0.3934001267311368 
0.8378537029082203 
0.6578057821931259 
0.396948091218669 
0.7997788575428695 
0.6425637273329625 
0.3902536022506197 
0.7498946662711706 
0.6105655732883123 
0.374681152034496 
0.6880013575628861 
0.5683519586634694 
0.3478485479521123 
0.62308746524016 
0.5234255165465351 
0.3182537465083013 
0.5697609947704069 
0.4798414531868543 
0.2880924382484174 
0.5291637389595821 
0.4373008091420722 
0.2586569010774639 
0.4799284839124662 
0.3949934703259625 
0.2303070753597394 
0.4208504327738357 
0.3541797405256922 
0.2036560583871372 
0.3758843704913854 
0.3141017141000019 
0.1790170302279372 
0.3361401739587279 
0.2750938804865058 
0.154773151503179 
0.3154416850103606 
0.2391449922754509 
0.132268044220954 
0.2858156425652369 
0.2045549325328043 
0.1096747265593352 
0.2333050894860893 
0.1694145756393626 
0.08970379307325163 
0.179564006562819 
0.1348918912771456 
0.07016790920090121 
0.1355245790163598 
0.1041634289527941 
0.05291800700135306 
0.1061334616550728 
0.08072913588379801 
0.03940513642145844 
0.07948213731659565 
0.05818620238217508 
0.02770588320853981 
0.05613278209081272 
0.03749457599873473 
0.01859353076330022 
0.03810908101847905 
0.02166310064585733 
0.01057768187998725 
0.02428011113021786 
0.008937664483989749 
0.004589979760236464 
0 
0.1469601024551024 
0.1665950729063464 
0.1820303782242017 
0.1943804660885544 
0.1992563734207188 
0.1985996412951647 
0.1803154486235033 
0.1611307162058625 
0.1424269995464738 
0.1252045448335828 
0.1098569773026589 
0.09627968958501713 
0.08448806300605818 
0.06982300855185017 
0.05624310185737069 
0.04512719418294719 
0.03488128339388486 
0.02579321865354654 
0.01800855849510483 
0.01163841219864592 
0.006998103797772277 
0.004106617444826966 
0.002365147741481953 
0.0008435678402734125 
2.813651897033172 
3.51291453703524 
0.9417645182577206 
0.6166942146845787 
1.883389990482392 
1.31509608935683 
0.8789125198722794 
0.8405127796171846 
0.972597643482178 
0.4271250546998182 
0.4548364436627695 
0.6757009025555508 
2.675157223939798 
0.852429718666196 
2.742957901877952 
1.442218657394732 
2.029840966764599 
2.466953618646965 
2.820191227343538 
3.494103518416882 
5.496552835743948 
3.667384450074155 
1.016207837329043 
1.132514634025098 
1.210446985469773 
1.694285025325514 
1.400573197589623 
0.5424913537425444 
0.5023303298491123 
2.318876531838235 
2.140287293452278 
3.613391112343006 
0.2277203320287393 
0.1407485825447404 
0.2213901670982725 
0.3752445826390209 
0.5874836834942296 
1.534345021871306 
1.468986936806609 
1.860158208619823 
0.6430914739552445 
0.4716921517078876 
0.76314608062927 
0.8491011093812079 
0.8018579277121675 
0.7527855244527976 
0.686056360902135 
0.6478453563223341 
0.5768887911873954 
0.5344997957809327 
0.4923049845380109 
0.4052471794165904 
0.3828276617696154 
0.3213317791441644 
0.2663323494471844 
0.2364393186739509 
0.1662444900806054 
0.1614687145270029 
0.2208323582865305 
3.566850172823374 
2.099226971277755 
3.278460543388948 
1.38427129232841 
1.052209348051209 
0.5409712599075626 
0.6049090475412835 
1.681809922014929 
2.789388683389651 
0.8488440713518777 
0.5950143094839344 
0.5353940361045659 
0.606376631246188 
0.2209525172606655 
0.4648611012981748 
0.4294240264677823 
0.6077538523434738 
0.6707003525983651 
0.5656761379536046 
0.7334102204492772 
0.7193183487194634 
0.6492366584833106 
0.6141615931598846 
0.1618207138268524 
0.1538186337180076 
0.2049344077196068 
0.1916539886420335 
0.1251308348623936 
1.043202396948497 
0.8793558943712797 
2.679068991330596 
3.073065684207308 
3.206614756573731 
2.380126453415666 
3.018094406050918 
3.069457843944792 
0.7764030985267074 
1.949479114745389 
0.7919793629482382 
1.151262001319049 
2.942619630318247 
0.9091747653452377 
1.300728752967375 
1.899948770851706 
1.280493138551883 
0.6894534196834504 
2.460198182735792 
0.7413270793472312 
0.3960708570075541 
0.113791576258351 
0.2165685910056474 
0.2288484764817605 
0.5687248952764109 
0.5086361423384731 
0.6785884619133294 
0.55059552286081 
0.423192529185196 
0.3740851945000141 
0.5487493900215845 
0.4874323810108701 
0.6059510513981756 
0.5427442377523966 
0.5310191225676987 
0.5817521425514449 
0.2587515300673066 
0.3934154754983434 
0.2753163217665545 
0.2836432135694347 
0.5313771813389369 
0.9114515500206669 
0.7619346351580126 
0.8290708693270387 
2.735703519023643 
2.315049329088271 
1.002458288372733 
1.009395907096661 
0.9983460802591432 
2.644695276511051 
0.8944685275723662 
2.710622211114472 
2.780787755288308 
1.310020251732655 
1.732011287711493 
0.5936541019438846 
0.8180427595545906 
1.811423224225982 
2.077256228895996 
0.1163049036203157 
0.9434313373325633 
0.376123770360963 
1.621337129237543 
0.451408533133233 
2.797136816944263 
2.394692278167808 
0.6021475987744844 
0.6506709811665116 
0.576124093347079 
0.6160052531633498 
0.4355413938542694 
0.8842323928554593 
0.5178840046709474 
0.4730657903008505 
0.35497125299488 
0.440113272641886 
0.2367139532245624 
2.57287508132123 
0.6085649615923998 
2.703371501224884 
2.29401796157607 
2.526986898240968 
1.159917469170227 
1.395855720997874 
1.535269547251503 
0.9056164552911141 
2.204618372538918 
1.876839684023156 
0.9048173780780649 
2.293322613103356 
2.534393789483785 
1.529558839021956 
0.8920488378287461 
0.3846333852125518 
0.4115916299721322 
0.5205633588002712 
0.4892474309048045 
0.477529534965532 
3.252602979376952 
2.131253219941252 
0.6769806566131669 
0.9643078790746261 
0.6883423117178028 
0.4120644438624893 
0.4845595367051967 
2.860349528140052 
2.360402485094976 
1.941682649948017 
2.34334911236346 
2.264980187839416 
0.608034533887617 
1.079969757088048 
1.338815582720593 
0.5025028391042876 
0.218974979351365 
2.367941320594896 
3.005294364912914 
0.2811023538891648 
0.3897397941361888 
3.734691247751718 
1.584610208907613 
2.43925928156861 
0.3834591629524713 
1.407581058026768 
0.358525015255735 
1.190102512714331 
0.3797055695447228 
1.977236556498757 
1.735891579482939 
2.544111325570798 
1.532296275728902 
0.3948790147851185 
0.3235836542633947 
0.3010510683763407 
1.183897622987339 
1.30504463233979 
1.084969941486014 
2.523180983290676 
1.031806221212348 
0.5874675408378235 
2.126694288555818 
2.377316425718834 
1.230234348530017 
0.8210768125804472 
0.870740287522356 
5.360970276928898 
1.201816383914155 
1.395172866963949 
1.609280618363536 
0.8459065541348285 
0.5968697374495715 
3.340663569429442 
1.57035392243659 
0.4423498129141821 
1.393812129798591 
0.6495759598323814 
0.9149455277722763 
1.263339099245362 
1.085688348473618 
1.55086883646831 
0.6122352871182595 
0.4909814288175112 
0.8727918375120816 
0.9584459540385171 
1.366634678922877 
1.298817506151406 
1.847772863827716 
3.379612673814466 
3.123261858269997 
3.119330726255379 
3.306696273058832 
1.333902284167775 
0.8123053357225631 
1.897846421414775 
1.483712197361905 
1.532139059740275 
0.8137322004269701 
1.341623043371929 
0.8725927371741525 
0.535103809611073 
0.5716076111327845 
0.3780940502908115 
1.58070172820819 
1.823248707169248 
5.815747920291352 
2.81668220008207 
0.7788365539080985 
0.728362730699887 
0.4503507513029926 
2.005074312566333 
0.6173225514178764 
1.409721405466429 
2.112853658393062 
1.811139171291113 
1.941522132006619 
7.078829919087212 
4.91223101973796 
1.494909787941472 
0.8954860605737729 
2.209198627534679 
1.807522266429564 
5.060872836258688 
0.3354870962924965 
0.4698627889437044 
0.8198686330868907 
0.968159583762526 
0.6010550172157059 
0.629559273837072 
0.4930034404959558 
0.5432683337124412 
1.106831253615489 
1.375931746778921 
1.456675090731455 
0.4189353959935849 
2.516037254147956 
4.966205765014092 
0.9689177267352088 
1.927652837030663 
2.43324676078791 
2.193491562570755 
5.510735882122736 
0.7484791909718123 
1.54325735475359 
2.752426843123862 
0.5183268262943285 
3.391532975537092 
0.7917739132501257 
1.037241990558467 
0.8848205000767264 
1.23756480231974 
2.385323966458232 
3.411482169484181 
0.481471366184154 
1.79948272879291 
1.692335931480945 
3.04248171469597 
0.4593335486475337 
3.493667394311088 
1.294601076569132 
2.134853602745189 
1.549864471108569 
2.029508699936205 
1.029768838565657 
0.5574843747603963 
0.4032535951431337 
3.746244957394594 
3.666141567199988 
2.577285551007317 
6.84429519388225 
1.789362057773157 
1.231138107929552 
3.300512314585911 
3.736981822891294 
0.86773034268988 
2.167690372565656 
0.9283502067504951 
4.736659899451576 
3.487558055443762 
4.734306419948394 
4.81457931923973 
1.679131089800131 
2.545863598011207 
1.97225068110721 
6.72505107657737 
1.848402449523895 
2.672312163933373 
5.531737230578868 
3.620722790802507 
1.573215667155501 
6.095810793343007 
7.034247155092764 
1.707963786117228 
1.327972410797562 
4.608887721046665 
1.758153028064496 
3.020345367234145 
3.812475910096965 
0.8280297969336952 
0.7510084186519395 
1.483504930713318 
0.5557471385653081 
0.2709688056232317 
0.7136645758558144 
1.537036541755409 
1.304183972951095 
1.003440723094224 
0.7799716458749236 
2.244045425415043 
0.9289635213720021 
2.43477390843299 
2.202091220745944 
2.652842143024772 
2.19935034302469 
1.315553169898911 
0.3854999498644013 
1.997316370921994 
2.379183444936277 
2.026232150576585 
0.8893353360824053 
2.251667369084861 
0.847951398586801 
3.188804182459551 
0.1656959755525253 
0.2935862708749771 
0.1292587774230999 
0.1595360498023222 
0.1520666753793167 
0.1429963024356922 
0.1666953484467472 
0.3813243090768255 
0.4278447371187992 
0.3574141859730958 
0.3978185642322704 
0.1624601536580743 
0.5095032745393658 
0.5646508757575995 
0.6121241361589305 
0.6720585076437253 
0.8478015019137617 
0.9557745475071687 
0.9988306487939773 
1.41144276823329 
0.8090108655969815 
1.329254899230984 
1.328784999958584 
0.3354141505535505 
0.5050024420121473 
0.1858233172916941 
4.920510743543452 
2.530343488440584 
2.625282599501745 
1.522617435219412 
2.639044051763057 
3.578861839188231 
1.393786978291091 
0.7813862094220863 
0.4987967841853785 
0.3871716684694881 
0.3284981618405582 
1.224348177494408 
3.268953524690443 
0.4969474389444656 
0.5146076873990184 
0.53579215105762 
0.4101027801252768 
4.631352333989889 
5.794600655054984 
3.797695415541774 
3.194282444268034 
2.076205769677235 
1.626471508364831 
1.043956278642824 
0.9079659453604948 
0.6723818417858614 
0.5104721780089309 
0.508752970219372 
0.5790011065787177 
0.8924033212763759 
1.816262900232462 
0.7937411919941619 
0.840534723631208 
3.289793413048546 
2.611398828913572 
0.9256468059877322 
0.8308313092037302 
1.606044119824429 
2.048266694782632 
3.439225751147791 
3.665692474644299 
0.446245685310881 
0.4073784694119266 
0.474862884546803 
0.5633766667114919 
0.7455049063259825 
0.945293980756291 
0.9722552376291986 
2.853537960235137 
0.7531709614773709 
0.5794000114905757 
0.9046223643825606 
0.9222050646795191 
0.1352482474357602 
0.4019312788518546 
0.3523875459604472 
0.4062516985372766 
0.3610963424364531 
0.1645971744399129 
0.1066357176936558 
1.272914208253574 
0.9914687178521744 
0.6703207512602085 
0.8379471605951385 
0.5431362277963085 
1.764738855746153 
2.449723630955279 
2.874728997658522 
1.977857603628709 
3.475116488774197 
3.275671571028858 
0.9109003600779753 
1.814986198948546 
0.369711941187973 
0.4947054979652608 
0.4882638202009594 
1.023753269897443 
1.955659615838437 
1.134588232573124 
0.8922614312400977 
0.8924248620411054 
2.833242092490404 
1.93812876212568 
3.248687035946466 
0.2453553289251182 
0.1892088666478178 
0.4402291862579127 
0.4422706441341642 
0.3091681977953417 
0.8824655979803734 
0.6015457938404319 
0.8360465294597297 
0.8112210336796387 
0.8533998792131965 
0.4485554397927106 
1.576497731930098 
0.3814538464538065 
0.4190991773236081 
0.4140526331011337 
0.1623536463949868 
0.5484001962355817 
1.393471408254001 
0.4836626941461551 
0.7698438256218089 
0.9501638809799116 
1.247867120570554 
2.451531322059874 
1.175650575011578 
2.395951270996909 
3.094694743825072 
0.9288448446860326 
0.7350081301018684 
1.964161837702517 
3.115240090251634 
1.372649378714479 
1.063359095503858 
0.8354960987321083 
0.5525197450560229 
2.987484798732563 
0.1418476188207183 
0.4327948841726814 
2.395945469045988 
1.151428558378383 
0.7071853807776451 
0.8843313791327141 
2.553684548499355 
2.469911977140412 
0.5486603681660728 
0.2972668426779521 
0.3010073358941395 
0.7307613790799025 
0.9018933680492158 
0.8584202985305671 
1.008469122218498 
0.812949194220387 
0.5947548484367627 
0.8614885859858779 
0.3811372957754467 
0.3010265672478283 
0.1557419876329754 
3.010293497845724 
0.8440206803874302 
1.999943586270098 
2.873817778096261 
1.679956786106801 
1.359608599206949 
1.767206431833811 
1.094413519984482 
1.503022443848873 
0.6029346123380637 
1.207623577805476 
0.7197843047766443 
1.099679045618084 
0.3955525373237569 
2.82390585835234 
0.3638174541829487 
0.3146336084476873 
0.1269272142754471 
0.897360762803562 
0.2122577015890613 
3.968211502234363 
2.646064803855143 
0.5938559203125484 
2.215442473995778 
1.461694699157459 
0.9834098514669292 
0.2349865323624098 
0.337164203221301 
0.833882995764521 
0.9442431054788405 
0.5573994893569851 
3.227096911840628 
3.415460668595895 
1.165607622157774 
1.687011757220745 
1.734507971208869 
0.5582697739993082 
0.2939900761799583 
0.297611045269305 
0.7067705695589821 
1.124838092741181 
0.8463362591041397 
0.8117292192997198 
1.138910746879333 
1.397883272301294 
0.2387772293183481 
0.5881001598856473 
0.523070025951617 
2.046056732639759 
0.2745728159718082 
0.2596615325475628 
1.437554378288582 
0.3681525041082755 
0.1989231785211304 
0.8069559258191085 
1.204268462857018 
2.397874431578854 
2.764687510283898 
0.7963983097054508 
0.4982731786287523 
0.7284203840528641 
1.453129628993195 
2.103303759179616 
2.165695666262172 
4.632512388795029 
1.652967762218547 
0.51885215015998 
0.2676496908302181 
0.3929460073672223 
0.2606962283254844 
1.046805222454871 
0.6138960383497423 
2.122288540313496 
2.106575280107341 
1.146462605559767 
0.4431596124315373 
5.552858431067775 
1.74156350021793 
1.135542807057681 
2.859404403427287 
4.052487547577968 
0.2249907867710501 
0.2762220956628612 
1.045321613268646 
1.133075693362885 
0.7946930164590078 
5.717661980029243 
1.906387580027667 
0.7109863699086316 
0.4227347563100866 
0.8454069920955044 
0.4033016542285224 
2.96621695530153 
0.6670061307172956 
1.619843406568378 
5.110697007093192 
3.566461327868415 
1.926181727659309 
0.1537143425779358 
3.877850306400712 
3.330989622969799 
1.083404376251967 
1.649439342898901 
1.635096740544745 
0.884160429974541 
0.3995317811910666 
0.4257524981229637 
0.5868916558362663 
0.5593441629833198 
1.154279774671449 
0.4892168706230268 
0.5503339667109486 
0.6328788861533153 
0.8915249570206618 
1.245339390226303 
5.115943316792378 
1.533746770667719 
0.8778273115141043 
0.9346783351155565 
4.988518781872441 
3.011723940270207 
0.1602418595342984 
0.380596601703358 
1.86347664276667 
6.395278841433437 
0.9760669977495761 
3.072631321450508 
0.3855872012070334 
1.722178227803254 
1.824139698458181 
5.686832459503752 
3.707582905859923 
0.3663438656505835 
3.531302521798489 
5.170283092805675 
4.460765645068554 
0.3530510674528699 
0.4433911740345693 
0.786157765142713 
5.855795551563726 
2.235135512706785 
6.966292857362172 
0.2759408990243084 
5.604170032037602 
1.675498751986811 
0.5150357899921792 
1.042787758406653 
2.75473065576917 
1.767974879978096 
2.812498383973026 
6.818923621807203 
1.669204021310076 
5.080066309887888 
4.633131212636787 
0.3198772430922734 
0.3942951158880508 
0.9721106060878113 
1.709251260306391 
6.771801716139811 
0.3285722527925553 
4.645310493356411 
4.659696598682997 
4.821035552464115 
6.116305292286253 
3.430880892585069 
4.286104514784004 
0.2738247382764695 
0.8701601731587308 
1.550225664519372 
0.2331727732223151 
8.475447561557324 
1.273290125881817 
4.475902978266348 
6.064237909956886 
0.394281299118013 
4.757796140781942 
6.271435490549074 
2.0380405134323 
7.721092732088112 
2.659962244983997 
4.885984379796938 
2.445042436066001 
1.495650291672214 
7.105729216026845 
6.285396983800018 
7.045532255501167 
1.343393479142398 
2.158130728769376 
7.294751103103681 
7.848610987864927 
4.329495517545128 
1.07358663084029 
0.1347019620876111 
0.3957518096941846 
0.3738101247917276 
0.5939974901042149 
0.4118576050768914 
1.113990115001359 
1.384538379158719 
0.7176449098469458 
0.4556188172054913 
2.771627647410594 
0.1967996418296116 
2.713589556198686 
2.549305887705791 
0.9127706941272992 
0.3075124605806934 
0.3685731413619842 
0.3252881815022045 
3.364534319984064 
2.349824745237151 
0.4343652558543576 
</DataArray>
<DataArray type="Float64" Name="Eta_phi" NumberOfComponents="1" format="ascii">
0.006899352640368818 
0.005749020366303178 
0.004543258960664836 
0.003442265402308157 
0.002401893078064377 
0.006517762894366044 
0.00440482733119832 
0.004141039490265138 
0.0053337905536905 
0.00649412084088345 
0.03044168247433987 
0.02664185456495946 
0.02456292273002455 
0.02213739208111763 
0.01814150035977112 
0.07069311665927254 
0.0923732962267908 
0.07102791857277885 
0.04437269698712434 
0.02748134796543126 
0.03040965163406895 
0.02664465066618387 
0.02463422557228507 
0.02228618474497982 
0.01827449241141272 
0.006507651983410928 
0.004393651440727469 
0.00416329464943563 
0.005406010551043092 
0.006587460684481535 
0.006881201539017245 
0.005800364240640546 
0.004742595861758974 
0.003610685870323762 
0.002595492025126329 
0.002308444458234084 
0.006720990313043451 
0.01386318875570251 
0.01788376089118511 
0.01377958364211065 
0.006642323868666451 
0.002193404208890683 
0.002590497131427982 
0.005771170400608509 
0.009945647672613496 
0.0119445904785182 
0.009901332711317363 
0.005721812347191996 
0.002563438871564145 
0.002595229118902704 
0.004758794125110388 
0.007150244734058578 
0.008182564974623876 
0.007126534553805194 
0.004728971250536591 
0.00235869700825888 
0.00217366607046483 
0.003792514661045225 
0.005180504791029927 
0.005740004707516037 
0.005164955359573105 
0.003770691787052258 
0.002484751980768246 
0.00209557559429963 
0.002978258438251517 
0.003797653587876407 
0.004112341072302256 
0.003785642312082504 
0.002958206571901943 
0.002052652852722491 
0.001640286218761612 
0.002325954819644089 
0.002819634435231056 
0.003002766244757087 
0.002810818758805657 
0.002309576466778176 
0.001776242092008997 
0.001481801006640339 
0.001816742010780427 
0.002121189749712789 
0.002231417440224022 
0.002115544136488072 
0.001805836282218869 
0.001587536965359672 
0.001117553321040217 
0.001422473444353192 
0.001616482934803724 
0.001685340230231632 
0.001613712357953728 
0.001418423446837881 
0.001313609655476869 
0.0009193132208404634 
0.00111958009013503 
0.001247961730741707 
0.001292699776907589 
0.001247147941555001 
0.001120560771797466 
0.001019301875914281 
0.0007577327445068231 
0.0008945931476902646 
0.0009794048192271921 
0.001008711878689885 
0.0009784180848656531 
0.0008931612932659014 
0.0008311561592252295 
0.0006655034132618704 
0.0007297293414978547 
0.0007860019639020069 
0.0008049979566244194 
0.0007840213179640905 
0.0007255027817464328 
0.0007165414872938178 
0.0005615368833180637 
0.0006120572087239295 
0.000650091961651722 
0.0006628771881850515 
0.0006477851742076002 
0.0006062484693380699 
0.0005604625969446448 
0.0004840727456171939 
0.0005330521729128724 
0.0005610329865900539 
0.0005709117110408558 
0.0005593540094433565 
0.000526848437038829 
0.000480018573435912 
0.0004473025973545689 
0.0004874956812025823 
0.0005142453213082659 
0.000523473044254295 
0.0005142801987622942 
0.0004872006705109736 
0.00045915856241059 
0.000446176867643435 
0.0004837180542662263 
0.0005101400567373198 
0.0005189125610299437 
0.0005112131798899375 
0.0004883329257491229 
0.0004534761162266268 
0.0005016358926158974 
0.0005284747169384703 
0.0005512382154124254 
0.0005586575720794612 
0.0005507801916135088 
0.0005297444446612164 
0.0005001781927560746 
0.00059185530106503 
0.0006204207666201478 
0.0006415646844308768 
0.000648057095618649 
0.0006382680600376672 
0.000614392244371262 
0.0005835319230317245 
0.0007283650009635493 
0.0007655463450109945 
0.0007890472478219755 
0.0007963287278884982 
0.0007854539552828347 
0.0007551931029460162 
0.0007125383949056594 
0.0009349018132242869 
0.0009771551282456343 
0.001004133767975089 
0.001012703860786844 
0.001003624944965825 
0.000974709352406497 
0.0009153927861095133 
0.001116140679181077 
0.001158530898860904 
0.001183041896183946 
0.001191534185935803 
0.00118421024364237 
0.001161445779324 
0.001117933050591764 
0.009124536480300361 
0.009230283571990858 
0.007908886015678252 
0.009816211061750804 
0.009795062417758302 
0.008428095412696643 
0.009876214921995785 
0.00990821229634453 
0.008560392295676161 
0.009880383109613949 
0.009923750201364765 
0.008601039336627848 
0.009884583658645038 
0.009927566497198682 
0.008612552575605401 
0.009889388052612674 
0.009934403989242705 
0.00860674336106413 
0.009894619230755897 
0.009942211840718342 
0.008615741259158484 
0.009899025621965811 
0.009948477793135641 
0.008651637427137189 
0.009902209434736253 
0.0099522108852298 
0.008702439587612545 
0.009904727322387343 
0.009954673089518338 
0.008753365862445232 
0.009907465048234195 
0.009958718778983409 
0.00878284933693761 
0.009911284448187214 
0.00996575617026425 
0.008793724360561927 
0.009915710943741321 
0.009977844365422104 
0.008787842744466296 
0.009918321142325255 
0.009985398522645433 
0.008797103606148188 
0.009918088316166382 
0.009979876452162665 
0.008826120298026348 
0.009918312465622832 
0.009975941785703187 
0.008820458866974376 
0.009920651628850901 
0.009986989276480528 
0.008762702590425605 
0.009921824628726162 
0.009991144345515481 
0.008695946027434455 
0.009921023085586893 
0.009982214897122052 
0.008650610456309566 
0.009923335520039388 
0.009985816429574882 
0.008612093263916978 
0.009932728827353051 
0.01001268559671414 
0.008601959714269291 
0.009946340941033268 
0.0100557341182864 
0.00871625845791991 
0.009942045003358171 
0.01007968048776032 
0.009077057364299522 
0.009910192900992473 
0.009954804107879866 
0.00986280643985993 
0.009875599130542622 
0.009836367119284943 
0.01056893525776271 
0.007947534438817107 
0.009233823711246293 
0.00913152253731148 
0.00846963694207027 
0.00979438253696195 
0.009816234338838971 
0.008599100158430378 
0.00990762144755006 
0.009875968999275068 
0.008634887604885988 
0.00992316484535719 
0.00988009175852307 
0.008639710047614164 
0.009926782430308399 
0.009884129603253125 
0.008620821509244616 
0.009931878269991869 
0.009888726738684208 
0.008588680374761034 
0.009940535849124386 
0.009894461432372652 
0.008550930750983341 
0.009951610889336646 
0.009900171534302451 
0.008527606009211005 
0.009958705526906694 
0.009904582621942749 
0.008523931157687101 
0.00996250197074579 
0.009907629916279536 
0.008537838960023263 
0.00996644188128388 
0.009910358503111926 
0.008561053691059752 
0.009972343115333921 
0.009913355306089316 
0.008594205220338751 
0.009979037713583558 
0.009916557056589004 
0.008645068290310476 
0.009985756974032759 
0.009919389066326166 
0.008733933500083243 
0.009989133358063108 
0.009920690352512109 
0.008863610078744937 
0.009983575922247323 
0.009917970497405585 
0.009003258450880965 
0.009959321384763117 
0.00991109226956962 
0.009013448425700137 
0.009940782368838297 
0.009911402634806664 
0.008712698074941036 
0.00999672179352318 
0.0099226146046707 
0.008425649124902719 
0.010026544391544 
0.009931302455692948 
0.008483500885771626 
0.01000366701936001 
0.009933435943580572 
0.008619785300258739 
0.0100353510727417 
0.009939743032031698 
0.008925421923012574 
0.01006208600628866 
0.009937458565106019 
0.009594994473356934 
0.009960851818854147 
0.009913669699763488 
0.01013574833273593 
0.009875905886118565 
0.009887537744649597 
0.01079999954640001 
0.01079999949240001 
0.01079999954640001 
0.01079999949240001 
0.01080000127439997 
0.01079999760240005 
0.01080000192239997 
0.01079999706240006 
0.01080000570239987 
0.01079999760240006 
0.01079999760240005 
0.01079999760240005 
0.01079999706240007 
0.01080000570239986 
0.01080000570239987 
0.01079998950240023 
0.0108000057023999 
0.01080000516239986 
0.01079998950240023 
0.0108000057023999 
0.01079998950240023 
0.01080000570239987 
0.01080000516239988 
0.01079998950240024 
0.01080000570239987 
0.002110565159557937 
0.002206097853818864 
0.00649930308934189 
0.009372335492602172 
0.002539284392269474 
0.001106987687425002 
0.0007133072779183056 
0.0006364024951720439 
0.0008003620901878434 
0.0004066169224809859 
0.0003887542961277305 
0.0005251258896357075 
0.001857438190325688 
0.000917207833863763 
0.00160816380250694 
0.001546010585591198 
0.001814028955083609 
0.002202343313718452 
0.00497145129575772 
0.005332689625510147 
0.002121618338442371 
0.003873432060733395 
0.0008358857510096877 
0.0005964798327100289 
0.001115501971689796 
0.002082726477334977 
0.00346939872661371 
0.008299469661178289 
0.006766451906449649 
0.004362999965082319 
0.001284881735765104 
0.001641386372484242 
0.02142887726149715 
0.008349618493655057 
0.006190994170081454 
0.007167431877235941 
0.007631631946089302 
0.004286099908241403 
0.003255007414053792 
0.00256150211276737 
0.007118055847621786 
0.007719274006174589 
0.008397606469288922 
0.008553282728685717 
0.008480724813011459 
0.008495319467806224 
0.008710662979263113 
0.009099034057973184 
0.009569683951086941 
0.009544809194674838 
0.009359942203032703 
0.009592949413912023 
0.009749643143162507 
0.009076391699818352 
0.008560307310894898 
0.008542755292560072 
0.007960737574515106 
0.01053718780944396 
0.01535207677356345 
0.002611537060549272 
0.005819723573718668 
0.003700658174836015 
0.004664648085079788 
0.005729942770930432 
0.006384306863162632 
0.008133508223473342 
0.00537892106143069 
0.004018888008697333 
0.008596773554852574 
0.007226750658431815 
0.006530609433314287 
0.008216440347016395 
0.004063207768232618 
0.007766033498694798 
0.009285631662627788 
0.007186939110924724 
0.007481355615477889 
0.006035029032184768 
0.007607289043842366 
0.007484409634535913 
0.007565184737601835 
0.007942276949310647 
0.00710737148742675 
0.00575234086585122 
0.008326783820658719 
0.01125645805615248 
0.00627161723042594 
0.0009984294065701379 
0.0008289432347362685 
0.004111926964764652 
0.00189330729415969 
0.002105049672420035 
0.004879021109301487 
0.003000416415400559 
0.002263663139557149 
0.0006055630725358202 
0.001602593402911267 
0.0007504744127271553 
0.001212664893839661 
0.001913176437229667 
0.0008489280778220741 
0.001327705054442673 
0.004591206918385999 
0.004786678696972827 
0.004637461409383793 
0.004021752571606661 
0.003069281454582433 
0.009367000732960191 
0.005073388290236904 
0.007615932358749247 
0.007777757357769568 
0.008402868185936156 
0.006096191010184035 
0.007393625752431124 
0.00650029770540949 
0.006610717204623418 
0.007668055808786731 
0.006837318283823702 
0.005394697316643529 
0.006459806016574972 
0.006444797561640317 
0.006062468305499273 
0.006334309209583457 
0.004884699906927672 
0.0144608887231 
0.007097009137090912 
0.004553664970798047 
0.004833669118161158 
0.0009695833048214087 
0.0006579299842225361 
0.0006035856616690277 
0.001737711364289564 
0.003292187263222713 
0.0009830734905187577 
0.001471974097900973 
0.0009960648678031129 
0.001332101689412679 
0.0004402220923355031 
0.001184538018529242 
0.001840854899235087 
0.001543506436207026 
0.001787349272858688 
0.0005940232520933041 
0.0006344803952044207 
0.001315915861719116 
0.002663631347271998 
0.005109695302509 
0.000723344677778891 
0.001274845130517939 
0.004306072484273882 
0.005624141415725111 
0.00149178087299049 
0.001883227923762527 
0.006652608970539565 
0.007995981936375067 
0.006330073501501408 
0.005477604530294629 
0.004446136308224381 
0.005528973157670006 
0.005483485565444786 
0.006704673385250493 
0.007361072379056972 
0.007645906392210686 
0.00623842441477095 
0.001283820401232659 
0.004502428027335503 
0.001183178364369262 
0.001684548663270808 
0.001731552417497629 
0.0009184052936155555 
0.001291182960749747 
0.0007877287638399247 
0.0008605540320022425 
0.001028446879948803 
0.001813702638171132 
0.0008500121695643469 
0.001632784174239541 
0.000895538907890896 
0.001385693945557469 
0.0003314548479565376 
0.007939463443005692 
0.01107440653793665 
0.004560205928131112 
0.003106378062106006 
0.00483554830128563 
0.001828998968492075 
0.00114804513888575 
0.007878186892939142 
0.008161106173579845 
0.004980844977195876 
0.004979443051253071 
0.005274027941062751 
0.002988892737764548 
0.002417274842200404 
0.00127489987634275 
0.001850445679396456 
0.004435622626240279 
0.004904183403006955 
0.001210952759115894 
0.0007473052569815285 
0.008318055723272853 
0.006672161117199821 
0.0006178392337107554 
0.001873675917089198 
0.007499269945416225 
0.008485662716203142 
0.002887110861263369 
0.001199792318613539 
0.001249816321881873 
0.01829463363989922 
0.0008363425322831223 
0.006522638882855768 
0.00574834306905599 
0.008014161380503407 
0.002959524060768101 
0.001979140115217403 
0.001593653177992295 
0.001143251947385503 
0.00475543192482005 
0.003220950951979207 
0.007332003421963058 
0.004358284261243186 
0.003845465589012481 
0.00451534443414644 
0.002495709500329574 
0.005959110934260114 
0.004552392889348816 
0.002996377337250294 
0.001277846797633943 
0.001048332069620307 
0.004787682531415901 
0.003091373864124262 
0.002036281149280411 
0.001132723292188056 
0.001071143613266989 
0.0008109141961204438 
0.001027219191314285 
0.001356168045432584 
0.004734575972864202 
0.0008875230326047164 
0.009837942644276039 
0.002025691241484162 
0.004300233132579279 
0.006624734579163342 
0.003748773906141179 
0.00534406513106276 
0.0008780353634223727 
0.01145957968696768 
0.001221498086922551 
0.006682301825244289 
0.00568551778732586 
0.003237871774843931 
0.003361731259470065 
0.003808340033359068 
0.002146575637560576 
0.002536219060523374 
0.002525647277615724 
0.002588741072750457 
0.0005929542613225156 
0.001654237979106981 
0.001030927332220704 
0.0007976410859529218 
0.00108345371685601 
0.002369824973519158 
0.002873523003648996 
0.007896593255255996 
0.006844261255137941 
0.009592897466295731 
0.004708080427908911 
0.002700107320089931 
0.003447915270573493 
0.002707888392124108 
0.001890300337474443 
0.007661579924852858 
0.004441049168783074 
0.006570178618003536 
0.001800473706168717 
0.005562210337145821 
0.005452996625933073 
0.003035931153768366 
0.003208958610572585 
0.0008473084143336791 
0.004473375636943183 
0.003043254857701743 
0.0009526654083386388 
0.001098556338328326 
0.001039508661961479 
0.0007915673585439764 
0.002355604431362443 
0.003605881951382216 
0.006676995067034968 
0.004031422281412226 
0.005652071939109104 
0.01082394420904814 
0.007285439302930605 
0.004008204713183958 
0.004543872998911327 
0.001280140942643982 
0.004444206692956562 
0.005501718574644406 
0.005815746013171325 
0.00263424771908043 
0.003982153084441166 
0.00129680589986399 
0.0007965619303929933 
0.003579063818239159 
0.001271079520491535 
0.003737062211533683 
0.004285704771593219 
0.001056829963128905 
0.001423231945204765 
0.005545945973905566 
0.001483472157310221 
0.004435189492104417 
0.003249911874760126 
0.003765927913990923 
0.001057597765762764 
0.003234206583979602 
0.003506859445090829 
0.005743600755919727 
0.0038535592906594 
0.003581507994677966 
0.003139024992982099 
0.003084192031549448 
0.00248934837390072 
0.0008615290535564098 
0.001330783866858657 
0.004612990813152431 
0.0008139901926457218 
0.003948773579151399 
0.004331216707700204 
0.00480511922622135 
0.00309991880606737 
0.003811850964691148 
0.003540579826588102 
0.003675530024238243 
0.003620408774778933 
0.001000221863243146 
0.001683411223933976 
0.002152468035648001 
0.003944139598642571 
0.003255337033423711 
0.004222350330902895 
0.003518693097317689 
0.003782241876929008 
0.003287429146760154 
0.002581437638504958 
0.0009563178734879991 
0.003661203705505587 
0.002951077435338565 
0.003345292267507634 
0.004416228092160417 
0.003085050623321007 
0.005072237943186904 
0.00209788708328446 
0.002419954782527279 
0.002863712474027983 
0.003486074327870642 
0.002458608430880163 
0.003474074165957673 
0.004486737358427281 
0.003015303314275646 
0.003430129121648505 
0.003345710567412287 
0.0005114091958028826 
0.001143295069610873 
0.003086006143354681 
0.0006547937886433162 
0.008830579682618692 
0.005080667395708165 
0.003351210585838111 
0.003199841995957989 
0.004338212520201285 
0.004160212326146216 
0.005157481250358479 
0.002789513007938479 
0.003180630629757954 
0.004513092260498664 
0.005633888596977626 
0.001502486837077703 
0.001271582592045836 
0.004690058663913656 
0.003529407468060593 
0.004015052899886554 
0.002634520936957466 
0.008803107103678527 
0.005508419163905202 
0.001021775333916558 
0.003559646282961942 
0.01823504594105886 
0.01543273294670612 
0.009396933805706647 
0.007394690219367965 
0.007530255399718499 
0.006257277182235146 
0.007736868259918793 
0.01238591522994966 
0.01098743467303381 
0.007498825849575404 
0.008947472579845102 
0.003126739310317865 
0.007971894746499772 
0.007827266264395907 
0.007749281428444291 
0.007799854367891987 
0.00835577158741033 
0.008688677200945296 
0.008841514933350893 
0.006432336226551132 
0.001887828754647169 
0.002433395530415572 
0.002522357369856087 
0.009442142251574408 
0.01309087708373382 
0.006787230316976272 
0.005592649343941029 
0.001391181545701607 
0.0006236740955591031 
0.001035112993968542 
0.0021762114736224 
0.003323742669426074 
0.005980050915721769 
0.00723619775895431 
0.006506519593187559 
0.006708441287535981 
0.006767282144884244 
0.002494860242731968 
0.003317843635988671 
0.0003588719424053142 
0.0004210476232473351 
0.0004416248530898251 
0.0003584736126144828 
0.004166406039456814 
0.005095806685316714 
0.002378428236490356 
0.002124984211319584 
0.001859130634451627 
0.001704515284914272 
0.00139552805834306 
0.001279908789408545 
0.0006074247979793937 
0.0003991939321450955 
0.0004411119709931198 
0.0006479264514870077 
0.001148241182547894 
0.002273132129185998 
0.0080968016169683 
0.007326059284326665 
0.004695221565275231 
0.003393311979597594 
0.008559727668518972 
0.00659798848808698 
0.004772697529918396 
0.005290162020416139 
0.002042222526143731 
0.002455446385387616 
0.008110164635919001 
0.008422557625070519 
0.005340693202947343 
0.006391592263150342 
0.007969336512738009 
0.007489409350583944 
0.008889483236705317 
0.004498316438106618 
0.007131062269601222 
0.006292599154774889 
0.007830662574591734 
0.007929203221005886 
0.007910601357267554 
0.009180251428351041 
0.005198645512435922 
0.009850367181133921 
0.006987587671088494 
0.0139243801534059 
0.005373292403466641 
0.001599845054204841 
0.001197172924106362 
0.0002657070483564101 
0.0009763495559864937 
0.0004282129041519168 
0.000980014523252568 
0.001024299119935752 
0.0007151727320545667 
0.001208138166340456 
0.002859349388933386 
0.002061439509942589 
0.001025997695315678 
0.001062301354686473 
0.000237495037630173 
0.0002177995562861729 
0.0003164738266894695 
0.0006591063578331058 
0.0009682035156141364 
0.005194929891753739 
0.007750258002523147 
0.005691783452860848 
0.001371217556882245 
0.003403279643910207 
0.001456619700320163 
0.007925685132077838 
0.006822368647798754 
0.006641243294327179 
0.004586607597487872 
0.005146342442239459 
0.007710252713748091 
0.006482445004190467 
0.006441914934482953 
0.006691608738648382 
0.006933639430828248 
0.004313287734247826 
0.004444379498711491 
0.004993550202851974 
0.009827931450905407 
0.005420868613333502 
0.004089526747716499 
0.003894384039324819 
0.004023293443062683 
0.0003064904507598892 
0.000382706824042992 
0.001198930416601474 
0.0008691157500794088 
0.001608959746860066 
0.0009409314327787968 
0.001346784357148219 
0.001634487760083946 
0.000633554586965777 
0.00108585632814088 
0.00274232581854783 
0.002172289071679825 
0.0008662198308389338 
0.0006899409445672969 
0.001210336565181955 
0.0003983256956344788 
0.002772558318834331 
0.005840844699463763 
0.009815884285605762 
0.004143273037452225 
0.002343880386307454 
0.006035998845192533 
0.006927778583206922 
0.004683733235624924 
0.002473528296530954 
0.005348083165670794 
0.004080975118322814 
0.006534154853333325 
0.006687552533580817 
0.005313683545806577 
0.006551228577582386 
0.005628680243299138 
0.005673503235320857 
0.005455083007435439 
0.006676967957097697 
0.004902411129426919 
0.003946841373400593 
0.003355048163013227 
0.001220916091130986 
0.005348359413716598 
0.002371994791296794 
0.002079399743836286 
0.001746171665556623 
0.0007827804727019363 
0.001155795568830874 
0.001906869911148344 
0.001332845750940591 
0.0005780614925547947 
0.001497601584059952 
0.0005891025662315121 
0.0004936944377838791 
0.0002581488324784667 
0.002267575801545604 
0.008425598240070987 
0.007195319749717949 
0.008983195164839877 
0.005748731403961587 
0.004670924159201817 
0.002597290019676413 
0.001662197711541487 
0.0008062008398289083 
0.001914887405446264 
0.005446073352951776 
0.002976730937318416 
0.003494299945759099 
0.003816042771826518 
0.004791320824959045 
0.00485796498758516 
0.005572660917219745 
0.002957887833144724 
0.002139692593043703 
0.000835645173462412 
0.003458519549586191 
0.004439522777404167 
0.01116345119696041 
0.006022970582973104 
0.005464252586179297 
0.008102390532462098 
0.004088345270095036 
0.001225203964244023 
0.0007922505157934435 
0.001600864752690335 
0.003099340098448784 
0.004456160007285217 
0.01138507960248554 
0.01084328229290316 
0.001132351875853513 
0.005387443453619994 
0.005132266921158994 
0.001922967864431662 
0.002169803491789443 
0.003290704761960414 
0.005545429146212825 
0.003236668353617891 
0.001632171669592535 
0.005276051401069763 
0.007541867441919032 
0.003480698753275416 
0.004675346729823246 
0.006202827379604109 
0.005614788938049751 
0.001857391327313229 
0.002970722240966398 
0.002612581821583393 
0.005182313021839435 
0.01006363903889679 
0.008782502282196326 
0.003629186581920568 
0.002177816386983933 
0.009334725730511948 
0.002135247805616844 
0.003277129479561262 
0.002191106283159052 
0.004324914111485875 
0.004583020312993001 
0.001952299305299718 
0.001026104639308986 
0.001816046990842029 
0.001412429768476013 
0.005223449457041445 
0.004750868291494723 
0.00524744202877099 
0.00540419859455145 
0.006409636153990329 
0.004938337583402209 
0.005561512086672248 
0.005692243811235986 
0.006339453529421639 
0.003939543696436071 
0.004267245147637354 
0.00123668800664705 
0.0004829487241039047 
0.001645353175459114 
0.002088864441738274 
0.001662627981387614 
0.001069639225316143 
0.003039736725509833 
0.005008957736986707 
0.004827151075288721 
0.006090871042774847 
0.001789633395444356 
0.000990189782894563 
0.001163159236453172 
0.000547718429857403 
0.00561061529430756 
0.003608347601591252 
0.008625234343377539 
0.00773709554359945 
0.005283843746302263 
0.002682986997870952 
0.002208782711787393 
0.006203499172782527 
0.002721008940666655 
0.001997877363147145 
0.000891427805420162 
0.001343526960484169 
0.0009123398412648141 
0.004736329108275669 
0.003109598379328293 
0.00292497042324465 
0.005774365470530418 
0.005517434331942843 
0.004666417295815895 
0.008097194053118748 
0.005520798671486867 
0.00332753141340662 
0.005632288425791203 
0.005435872944827685 
0.004049287078656334 
0.002691490290539241 
0.005905700737984285 
0.002546801226265352 
0.004896163736690085 
0.004668613097719777 
0.004586732002567337 
0.002273900532796091 
0.001893099601420943 
0.00455105199116277 
0.002012550268828663 
0.002629705491117578 
0.003820321218033659 
0.004093322213699013 
0.001690934986093796 
0.001155685689738635 
0.0008199634674997249 
0.005403379902248173 
0.003181526645874567 
0.005422626339783033 
0.005189061516760865 
0.00627795567494547 
0.003727251375440548 
0.00344572995952082 
0.002530064497236407 
0.003170027826265744 
0.002449116095572785 
0.001459150042052535 
0.002295689717197594 
0.003563677817498612 
0.003375497429318321 
0.005863868753301341 
0.002809761217799649 
0.003995777387194143 
0.002514978549777015 
0.005139994019544575 
0.003167266144435567 
0.003629824735199334 
0.003329638183561293 
0.00376109126210596 
0.004082135499939772 
0.003950601396228117 
0.003282021900720273 
0.004623091333863398 
0.002789784184567254 
0.005387832052355367 
0.004430755198801764 
0.003573338919154732 
0.004003087782855803 
0.002051662105954366 
0.00490643305011043 
0.004780590686013023 
0.002739985316178918 
0.004173498495821821 
0.005618944980615161 
0.005904010513071237 
0.003182679275956282 
0.003332848811479534 
0.003988561452327141 
0.004001508185641706 
0.005318018317799923 
0.00271935727738193 
0.005497157154037121 
0.0002524162524974239 
0.009187406987714352 
0.0003616263035334771 
0.0002543195243336251 
0.001439134100605275 
0.0009124904555492957 
0.0004909830802394033 
0.0002962428338917379 
0.002029119502563142 
0.003954108358072129 
0.001572287615771306 
0.002187248026030075 
0.004696942521915937 
0.004233992070099273 
0.006242336343315847 
0.00441702719933007 
0.003265231832378315 
0.002186841661487613 
0.003302998688642447 
</DataArray>
<DataArray type="Float64" Name="Eta_mix" NumberOfComponents="1" format="ascii">
0.626587510032644 
1.21505400550346 
2.337394790612796 
3.575739575381002 
3.973262402553078 
0.6881498292440481 
1.942635642856898 
3.346854808735275 
4.226618512786912 
4.262807059726656 
0.678617115145458 
1.872426300430828 
3.125032302922544 
3.666773681815847 
3.37938927971717 
0.3389198142787791 
1.093437209326737 
1.934408095922376 
2.238513638408042 
1.967157942217795 
0.6782098338973771 
1.870794404690836 
3.119223379942479 
3.653852546184639 
3.360101228935464 
0.6885674792194535 
1.944325133489847 
3.348550280800267 
4.226422200462932 
4.258029795712381 
0.5714819323058068 
1.143086804036055 
2.407146627175559 
3.472956727934766 
3.883451720150993 
3.869201477069442 
3.768137274406933 
2.752733060974945 
1.55156321121242 
2.774034754013516 
3.778466149660549 
3.937589959467073 
3.453869834529958 
2.994011851313146 
2.052433842760121 
1.161603785740166 
2.071303360273529 
3.008242443556901 
3.493259300999831 
2.856247265982387 
2.2891295473863 
1.529129177682147 
0.9247240466408967 
1.544877849043463 
2.303678039322642 
2.811819522562987 
2.275643597049292 
1.717066412251252 
1.160759609083716 
0.7946269601189988 
1.174368982488051 
1.728645859509299 
2.199010255261196 
1.813308433191313 
1.290261601702401 
0.9236734291366803 
0.7278314074052747 
0.9359058948355199 
1.300762885268878 
1.63926383260381 
1.3962694254514 
0.9928862645159507 
0.7828599752955219 
0.6913312220623148 
0.7914474689592751 
1.003324267468747 
1.223820436325301 
1.04911245454141 
0.805978432975726 
0.7037752691829343 
0.6671227648423387 
0.7063341628777016 
0.8077820096896969 
0.9351435319145294 
0.8227252318220196 
0.6869297160171203 
0.6558978745491845 
0.6477728308001206 
0.6559810131207295 
0.6865134039831914 
0.7483664059339172 
0.6827926433852434 
0.609615161900546 
0.6237768551028625 
0.630909809552791 
0.6248837378688117 
0.6151290555411857 
0.6421216915405723 
0.6213673445992788 
0.5704207930119778 
0.6027509980935508 
0.6158304827976315 
0.6041162657144522 
0.5747148433830028 
0.5856813057895464 
0.5825324923883258 
0.5526310566175167 
0.5887993136911109 
0.6024022372267454 
0.5891445336439775 
0.5544294362021099 
0.5605519425739415 
0.5380415053237426 
0.5457850500959692 
0.5788246137404605 
0.5906611291088363 
0.5775634119022639 
0.5433279160769302 
0.5262623442971976 
0.4888645861370431 
0.5432103756279166 
0.5707398867604749 
0.5806064091006192 
0.5682528886403433 
0.5354090720296785 
0.5051547304228901 
0.4909181731493502 
0.5382341465872587 
0.5634653898975368 
0.572244421894786 
0.5610084704467846 
0.5303778838884883 
0.5108660540475763 
0.5538764742737463 
0.53208535399448 
0.5572324775728912 
0.5658059234471428 
0.5567420136543925 
0.5293424517511057 
0.4911385998914508 
0.6318386142606466 
0.5340011920259591 
0.5556616823419794 
0.5636317413433493 
0.5584215865958935 
0.5369438855369575 
0.5104939545906548 
0.6781778315254368 
0.5558228339082203 
0.5685224269010625 
0.5737656517397445 
0.5755872994102883 
0.5654053833314996 
0.5702922857398678 
0.6985359822785758 
0.6146304357459873 
0.6125761264994798 
0.6117481199836851 
0.6229471466030884 
0.6490453038743761 
0.7226739913993593 
0.9860729775961513 
0.7324641831157159 
0.7009859096102892 
0.695105369596652 
0.7064676849089949 
0.7618944470171057 
1.085602540670965 
1.28442245543364 
0.7656416973540183 
0.7345427217775218 
0.7254072367927352 
0.7316698241015672 
0.757646100784211 
1.470689198467349 
0.4953068374431937 
0.5138234948831272 
0.3045807934844125 
0.3061110459173346 
0.4971221710217739 
0.5249503201317953 
0.3742311844194307 
0.6222384637694497 
0.7240141247953779 
0.3941250702588826 
0.6531554748711326 
0.8065743657187321 
0.3972842863775024 
0.6575511667867335 
0.8126103660168837 
0.3907445215217126 
0.642008698352682 
0.7820609384594068 
0.3759508709763315 
0.6124381633709819 
0.7372215712835819 
0.3507229444413587 
0.5738199169868834 
0.6863517695574657 
0.3220309110299337 
0.5309604250779432 
0.6376393864753099 
0.2918356137247735 
0.4861513150089669 
0.5839218776105362 
0.2612807489296194 
0.4409790518642996 
0.5311766024126193 
0.2318270140635335 
0.3962679299784849 
0.4773330015070161 
0.2042160362630722 
0.3533630676828572 
0.4349863885757714 
0.1786710022721763 
0.3125208985434412 
0.3773682864165427 
0.1538386611989059 
0.2732641034963776 
0.3355649764663288 
0.1305415851958952 
0.2360167900834209 
0.2952667484477111 
0.1080044006691204 
0.1990312675678621 
0.2610902376419825 
0.08770768386594648 
0.1650371000018696 
0.2220054726205565 
0.07005011041040103 
0.1350926715431106 
0.1850615283551456 
0.05472735966179961 
0.1078218602148671 
0.1378600393522894 
0.04127176710838527 
0.08259479928221694 
0.1053538139100478 
0.02955290550283047 
0.05874164461077705 
0.07770035419152971 
0.02116188307304282 
0.03877972797322535 
0.0572826554631822 
0.01445412677820208 
0.02365626528546878 
0.03794919985587007 
0.01076964563508042 
0.01267291745480519 
0.02902861601810048 
0.4060283275683053 
0.5149933840742011 
0.494304309409101 
0.5709389137302988 
0.4981446843796078 
0.3099426542935912 
0.7537872976728451 
0.6183453478466326 
0.3733944341080604 
0.8270216769314597 
0.6513267224370384 
0.393524174511848 
0.8378982468454765 
0.6578806792239219 
0.3970711310837879 
0.7998253181389495 
0.6426404794984516 
0.3903788685189008 
0.7499438485196942 
0.6106464881892413 
0.374811774170628 
0.6880544937903409 
0.5684390763097615 
0.3479894045927283 
0.6231458171276254 
0.5235202452511065 
0.3184078326980745 
0.5698247525021571 
0.4799448631269942 
0.2882627518540614 
0.529232611734946 
0.4374143660650437 
0.2588466875983874 
0.4800048346744223 
0.3951193354258394 
0.2305203322359689 
0.4209381749488802 
0.3543202926626357 
0.2038973472648471 
0.3759837725028159 
0.314260404987494 
0.1792916378169359 
0.3362536217550492 
0.2752751820748995 
0.1550907751070205 
0.3155661899282044 
0.2393532935194767 
0.132639366934646 
0.2859574097618606 
0.2047972375447118 
0.1101216390898758 
0.2334791361827323 
0.1697059739466172 
0.09024968916244532 
0.179775258477459 
0.1352618082791383 
0.0708660268550364 
0.1357862403954743 
0.1046448829309842 
0.05384186320570365 
0.1064719750458668 
0.08134658403632543 
0.04063788781468556 
0.07994817603320743 
0.05904525737781668 
0.02943491898932408 
0.05683794843023857 
0.03882124166127154 
0.02108251571750844 
0.0392984220423257 
0.02384341625165559 
0.01449717906595001 
0.02631078088465427 
0.01331973586449232 
0.01090097779335647 
0.01079999954640001 
0.1473564104565867 
0.1669447762191831 
0.1823504828221789 
0.1946802651126475 
0.1995488468946608 
0.1988930807345794 
0.1806385920805493 
0.1614922531522366 
0.1428358853650688 
0.1256694791713426 
0.1103865725996091 
0.09688353091797959 
0.0851755417575229 
0.07065332721396503 
0.05727064064414269 
0.04640154930600155 
0.03651498381092851 
0.02796300952618684 
0.02099876906495908 
0.01587741829635868 
0.01286909398272717 
0.01155441120724121 
0.01105593492613775 
0.01083290034446054 
2.813652688617353 
3.512915229745981 
0.9417869444783377 
0.6167654295581223 
1.883391702279292 
1.315096555262528 
0.878912809324971 
0.8405130205463457 
0.9725979727958317 
0.4271252482465118 
0.4548366097992756 
0.6757011066082295 
2.675157868775957 
0.8524302121203474 
2.742958373301628 
1.44221948603054 
2.029841777345439 
2.466954601704585 
2.820195609193347 
3.494107587781446 
5.496553245206418 
3.66738649560169 
1.01620818110954 
1.132514791103936 
1.210447499471791 
1.694286305437147 
1.400577494654953 
0.542554836013905 
0.5023759002556952 
2.318880636358589 
2.14028767912969 
3.613391485143653 
0.2287263570294591 
0.1409960269558798 
0.2214767132152159 
0.3753130278576109 
0.5875332502744919 
1.534351008339905 
1.468990543053879 
1.860159972257436 
0.6431308658375671 
0.4717553107003665 
0.7631922825698838 
0.8491441883436728 
0.8019027739870997 
0.7528334585275376 
0.6861116570820078 
0.6479092514613448 
0.5769681587822486 
0.5345850120162569 
0.4923939543891814 
0.4053607049327304 
0.3829517909050825 
0.321459940232438 
0.2664698842708386 
0.2365935968765652 
0.1664349837771218 
0.1618121691898797 
0.2213653467181617 
3.566851128866462 
2.099235038322878 
3.278462632001328 
1.384279151654869 
1.052224949509613 
0.541008930998462 
0.6049637259814212 
1.681818523675978 
2.789391578549537 
0.8488876026805816 
0.5950581941421548 
0.5354338640354267 
0.6064322953252502 
0.2209898742956168 
0.4649259669844811 
0.429524408460307 
0.6077963451125032 
0.6707420768502723 
0.565708329994817 
0.7334496726470425 
0.7193572847980849 
0.649280733380168 
0.6142129453828103 
0.1619767210215479 
0.1539261560109637 
0.2051035026424025 
0.1919842681324973 
0.1252879045081551 
1.043202874737397 
0.8793562850815361 
2.679072146891998 
3.073066267437954 
3.206615447525713 
2.380131454162989 
3.018095897471536 
3.069458678647591 
0.7764033346840462 
1.949479773461136 
0.7919797185204565 
1.151262639990236 
2.942620252254506 
0.9091751616819771 
1.300729430587613 
1.899954318146064 
1.280502085188228 
0.6894690159546892 
2.460201469967499 
0.7413334331204439 
0.3961816054203294 
0.1139046184142839 
0.2167024619976996 
0.2289806076888155 
0.5687869677664167 
0.5086726735709283 
0.6786287396976827 
0.5506338925861972 
0.4232441592510433 
0.374163776739545 
0.5487919842439167 
0.4874622332212663 
0.6059854831465241 
0.5427825006658197 
0.5310537280299648 
0.5817866265533777 
0.2587976325342892 
0.3936811573650046 
0.2754077787023397 
0.2836797639393092 
0.5313991656042162 
0.9114520657318526 
0.7619349192189829 
0.8290710890402238 
2.735704070918331 
2.315051669965279 
1.002458770404388 
1.009396980365622 
0.9983465771534534 
2.644695611992952 
0.8944686359023257 
2.710622469935168 
2.780788364602409 
1.310021161035885 
1.732012209938905 
0.5936543991401261 
0.8180430056085448 
1.811423702202168 
2.077257936660531 
0.1164170932132193 
0.9434316146327892 
0.3761259308538208 
1.621342847427551 
0.451443567627407 
2.797137214745687 
2.394693018669395 
0.6021843471197108 
0.6507201099238579 
0.5761588676446178 
0.6160296064932537 
0.4355640870051056 
0.8842496786084061 
0.5179130341166983 
0.4731132999590807 
0.3550475684177049 
0.4401796822209194 
0.236796143529364 
2.572875401623357 
0.6085816168239888 
2.703371760144344 
2.294018580076854 
2.526987491491654 
1.159917832759954 
1.395856318177459 
1.535269749338676 
0.9056168641579531 
2.204618612422369 
1.876840560367715 
0.9048177773412458 
2.293323194352546 
2.534393947705036 
1.529559466702065 
0.8920488994073883 
0.3847153182547195 
0.4117405886517433 
0.5205833324296186 
0.4892572924664651 
0.4775540171454652 
3.252603493616929 
2.131253529150766 
0.6770264952401159 
0.9643424128904526 
0.6883603321790817 
0.4120945288993816 
0.4845882375612083 
2.860351089745945 
2.360403722853403 
1.941683068494662 
2.343349842973479 
2.26498453108474 
0.6080543112377231 
1.079970435998783 
1.338815791287446 
0.5025716798217793 
0.2190766060443347 
2.367941401197677 
3.005294948992321 
0.281202369143191 
0.389832160814179 
3.734692363695089 
1.584610663120704 
2.439259601756125 
0.3838953285366052 
1.407581306491595 
0.3585843434704326 
1.19011639523914 
0.3797901345821335 
1.977238771402617 
1.73589270771997 
2.544111824709766 
1.532296702221106 
0.3949076480019821 
0.3235996845355187 
0.3011403394510869 
1.18390564503966 
1.305050297882995 
1.084979337251877 
2.523182217558932 
1.031823429243411 
0.587485179233535 
2.126696399407561 
2.377316769150676 
1.230234795192854 
0.8210907709025163 
0.8707457751300794 
5.360970663653741 
1.201816917715237 
1.395173278149006 
1.609280822672773 
0.8459071778318982 
0.5968712781453702 
3.340666924481203 
1.570354173238992 
0.4424591982326551 
1.393813601812914 
0.6495901935814257 
0.9149695109121033 
1.263344661202114 
1.085701500894005 
1.550869085021256 
0.6123425256826277 
0.4909829482795316 
0.8728174177830088 
0.9584628171845339 
1.366638514548842 
1.298821856731099 
1.84777678840056 
3.379613355517807 
3.123262888027723 
3.119331748733225 
3.306697286393405 
1.333902415959565 
0.8123070201264037 
1.897846701419277 
1.483712411767117 
1.532139442822934 
0.8137356512296385 
1.34162612066142 
0.8726284668483595 
0.5351475786849941 
0.5716881009665388 
0.3781233619952969 
1.58070403432771 
1.823251967313911 
5.815748550705466 
2.816682834380637 
0.7788742372876299 
0.7283762697880235 
0.4503986750049808 
2.005075120941587 
0.6173476092712366 
1.409731951898107 
2.112855839536364 
1.81114201408957 
1.94152231689545 
7.078831332533206 
4.912231962425631 
1.494910091495337 
0.8954867344120533 
2.209198872098066 
1.807522439754913 
5.060873384471626 
0.3355064741006022 
0.4699102283384362 
0.8198785445938793 
0.9681760818923552 
0.6011524694188763 
0.6296014270156145 
0.493019733931485 
0.5432873357593775 
1.106831993909133 
1.37593892406866 
1.456685480419424 
0.4189757617309043 
2.516038633153599 
4.966207361558959 
0.9689185945616209 
1.927653001611876 
2.433249393009823 
2.193491930851864 
5.510737149252269 
0.7484914605947137 
1.543257716614636 
2.752427211088053 
0.5183564954479652 
3.391533299975857 
0.7917863351998747 
1.037247081897503 
0.8848285142156539 
1.237565254220452 
2.385326159050846 
3.41148397193533 
0.4815056234405566 
1.799486854951485 
1.692339721267864 
3.042483334011418 
0.4593439029241856 
3.493668281180649 
1.294601363233588 
2.13485401752434 
1.5498713361079 
2.029508863172757 
1.029776409563572 
0.557501199586296 
0.4032822227257737 
3.746246239944864 
3.666143548875215 
2.577287982965156 
6.844296180800524 
1.789365720348381 
1.231138514237993 
3.300512743893984 
3.736982442792391 
0.8677393063944207 
2.167692816921492 
0.9283598088112194 
4.736661206406231 
3.487560106355772 
4.73430756131823 
4.814580011285635 
1.679131362126636 
2.545866230596404 
1.972252888953616 
6.725051908614148 
1.848407725172262 
2.672313944701036 
5.531739556032091 
3.620723398572019 
1.573217528368114 
6.095811466005673 
7.034248018917507 
1.707965555695815 
1.327976955007427 
4.608889904958335 
1.75815561374596 
3.020347314988552 
3.812477378142574 
0.8280299548623963 
0.7510092888970835 
1.483508140484792 
0.5557475243115649 
0.2711126569498587 
0.7136826605800686 
1.537040195083986 
1.30418789838401 
1.003450100828003 
0.779982740665097 
2.244051352117199 
0.9289677095694401 
2.434775985916828 
2.202095845436368 
2.652848125413324 
2.199350856236794 
1.315553784439603 
0.3855284788387582 
1.997319489283094 
2.379186832787337 
2.026233863286956 
0.8893789038983799 
2.251674106899848 
0.8479520142025402 
3.188806169266671 
0.1666963503342997 
0.2939916116022356 
0.1295998993281373 
0.1597073343023715 
0.1522530082044472 
0.1431331409143783 
0.1668747983497023 
0.3815254114590558 
0.4279857974290135 
0.3574928428988935 
0.3979191718344218 
0.1624902397847939 
0.5095656364710887 
0.564705124459658 
0.6121731858150715 
0.672103768345686 
0.8478426773677125 
0.9558140398498211 
0.9988697799796099 
1.411457425127441 
0.8090130682203992 
1.32925712657235 
1.328787393980556 
0.3355470256787546 
0.5051720870169427 
0.1859472283866186 
4.920513921843248 
2.530343870876004 
2.625282673583174 
1.52261778706708 
2.639044949037881 
3.578863382592733 
1.393799806953195 
0.7814197148991208 
0.4988392192990559 
0.3872297819770008 
0.3285678597188928 
1.224350719386202 
3.268955208422481 
0.4969475685246226 
0.5146078596477777 
0.5357923330614786 
0.410102936797351 
4.631354208057604 
5.794602895696082 
3.797696160325084 
3.194283151086776 
2.076206602052829 
1.626472401516522 
1.043957211391509 
0.9079668474679492 
0.6723821161573472 
0.5104723340955679 
0.5087531614514098 
0.5790014691070017 
0.8924040599879182 
1.81626432269384 
0.7937824878798584 
0.8405666498109645 
3.28979676357722 
2.611401033586639 
0.925686382298589 
0.830857507521761 
1.606051211345496 
2.048273526355787 
3.439226357486657 
3.665693297028653 
0.4463193771605705 
0.4074655283792135 
0.4748929164811772 
0.5634129223283841 
0.7455475006198903 
0.9453236489724012 
0.9722958757547134 
2.853541505805318 
0.7532047193571216 
0.5794341810071287 
0.9046562559433563 
0.9222391520556239 
0.135479393445196 
0.4020361052639116 
0.3524258907390181 
0.4063711017014194 
0.3611639446324139 
0.1651851028278872 
0.1067710099198008 
1.272915213625017 
0.9914694406296367 
0.6703208039217385 
0.8379477294007726 
0.5431363965995051 
1.764739127862446 
2.449723845099566 
2.874729086618565 
1.977857972613233 
3.475117665120022 
3.275672219679423 
0.9109009378969021 
1.814986509828064 
0.3697120174688295 
0.4947055459095879 
0.4882639227640291 
1.023753482068265 
1.955659855506419 
1.134600125502366 
0.8922950903023805 
0.8924430126276749 
2.833242424307703 
1.938131750137527 
3.248687362500058 
0.2454833067985801 
0.1893318249320968 
0.4402792778973347 
0.442294426408588 
0.3092110272428076 
0.8824992802352689 
0.6015807212505632 
0.8360713472483564 
0.8112486321170426 
0.8534280457055855 
0.4485761774979924 
1.576503996598128 
0.3814865299299998 
0.4192143946358817 
0.4140881171858293 
0.1624051437817433 
0.548414023761492 
1.393477216358961 
0.483662791255554 
0.7698439207479235 
0.9501646373934105 
1.247867423231824 
2.451531850046436 
1.175650951548552 
2.395951649516285 
3.094695175458928 
0.9288450607562246 
0.7350089321904941 
1.964163752093451 
3.115240847631338 
1.372649652031443 
1.063359319331566 
0.835496975405162 
0.5525198886376239 
2.987486085279357 
0.1419678218185764 
0.4329061830816847 
2.39594905149368 
1.151430944010359 
0.7072111396659997 
0.8843585145374392 
2.55368884373202 
2.469913215715057 
0.5486864328463731 
0.2972948538297202 
0.3010782480381714 
0.7307919789609423 
0.9019090212233067 
0.8584452967575649 
1.008484830083938 
0.8129689914274331 
0.5947798648825081 
0.8615144605199888 
0.3811688233131119 
0.3010524401924656 
0.1557781212495709 
3.010293745435542 
0.8440376258615956 
1.999944992899102 
2.873818530388693 
1.679957693604746 
1.359608824545778 
1.76720680979284 
1.094415181216746 
1.503023034817243 
0.6029348894452371 
1.207624506410086 
0.7197845458500972 
1.099679156438686 
0.3955526215613819 
2.823906768775606 
0.3639150047385585 
0.3147158721626751 
0.1272447072341119 
0.8973791765648151 
0.2123090893399809 
3.968212352228714 
2.646065325932485 
0.593856467549237 
2.215443301548994 
1.461704844782276 
0.9834143566621757 
0.2350125114197557 
0.3371857976194893 
0.8338967606247549 
0.9442556020845972 
0.5574273452972379 
3.227098267408625 
3.415461338825242 
1.1656079217023 
1.687015302348648 
1.734513652742347 
0.558381377916443 
0.2940517659646699 
0.2976612039258961 
0.706817010779359 
1.124845522482383 
0.8463371459407554 
0.8117296059192447 
1.138911871974824 
1.397886708173742 
0.2388188070545482 
0.588210351910844 
0.5231824049219439 
2.046057045979231 
0.2746256648925122 
0.2597122477833863 
1.437555664432539 
0.3681588982061778 
0.1989503950505751 
0.8069749797849932 
1.20427281238681 
2.397874987067501 
2.764692544612902 
0.7964340195309406 
0.4982853357310563 
0.728435388192231 
1.453142867623621 
2.103311253531898 
2.165696462750331 
4.632513341322404 
1.652969826862416 
0.5188780300744008 
0.2678388206220609 
0.3930441413533318 
0.2607214882942706 
1.046807487861549 
0.6139670048186402 
2.122289614456326 
2.106577829166762 
1.14646469936655 
0.443180715930355 
5.552860322352406 
1.741564594485058 
1.135543270664384 
2.859404980125416 
4.052487793717872 
0.2250514131395011 
0.2762629488040442 
1.045334784083267 
1.133088580938062 
0.7947188646586562 
5.717664112646879 
1.906395692321097 
0.7110091559434802 
0.4227822877836772 
0.8454161710592626 
0.4033242289828528 
2.966217213104176 
0.6670063055578472 
1.619844242200503 
5.110697433977673 
3.566461715413856 
1.926182024653089 
0.1537443953889943 
3.877853541394995 
3.330993120635344 
1.083421497475463 
1.649440313770234 
1.635097040366674 
0.884161195072581 
0.3995321566247012 
0.4257894651842914 
0.5869027482152801 
0.5594106607233981 
1.15430570511586 
0.489245404175576 
0.5503405067183754 
0.6328827405291828 
0.891546539667268 
1.245342362862067 
5.115943706897736 
1.533747029720739 
0.8778283396568909 
0.9346787803830654 
4.988521030316252 
3.011725545596541 
0.1602685527450306 
0.3806404031690958 
1.863484810836554 
6.395280543896146 
0.9761005832635307 
3.072636281237444 
0.3856015588661183 
1.722187437822164 
1.824147797796488 
5.686833901143179 
3.707583882792768 
0.3663914644216202 
3.531303440184212 
5.170285411094009 
4.460768088140442 
0.3530808609087644 
0.4433970047659173 
0.7861600444694998 
5.855797320074163 
2.235136418772153 
6.966293353705842 
0.2759673433733646 
5.604171526931976 
1.67549960524331 
0.5150370866086069 
1.042788080782889 
2.7547359551051 
1.76797774260463 
2.812503611504757 
6.818925596191799 
1.669215827113194 
5.080067677232338 
4.633132493957429 
0.319887248690337 
0.3943078587722931 
0.972113691210067 
1.709251883128355 
6.771802105267501 
0.3285915779577465 
4.645311719752516 
4.6597002882948 
4.821036371246444 
6.11630659750521 
3.430881814376943 
4.286107596781763 
0.2738430551739567 
0.8701677439317322 
1.550229240281888 
0.2332031045669569 
8.47544854462218 
1.273296254576886 
4.475904181561679 
6.064239672170926 
0.3942911687192404 
4.757799191430189 
6.271437055708216 
2.038043646034702 
7.721093769811092 
2.659963036220185 
4.885986843279968 
2.445047109609725 
1.495652801454506 
7.105730441663769 
6.285399495378559 
7.045534729220167 
1.343397249234079 
2.15813330226375 
7.294752193519313 
7.848612007922281 
4.329498783665632 
1.073590074853064 
0.1348140843051215 
0.3957518901915525 
0.3739230105836827 
0.5939976001834437 
0.4118576835972507 
1.11399104459044 
1.384538679850543 
0.7176450778021237 
0.455618913513857 
2.771628390173679 
0.1968393608940315 
2.713590011700169 
2.549306826010816 
0.9127827788289422 
0.3075416071058388 
0.3686259992139245 
0.325318169111857 
3.364535904413794 
2.349825762818446 
0.4343778139980893 
</DataArray>
</CellData>
</Piece>
</UnstructuredGrid>
</VTKFile>
