<?xml version="1.0"?>
<VTKFile type="UnstructuredGrid" version="0.1" byte_order="LittleEndian">
<UnstructuredGrid>
<Piece NumberOfPoints="1157" NumberOfCells="1117">
<Points>
<DataArray type="Float64" NumberOfComponents="3" format="ascii">
0 -0.0599999987 0
0.0198084321 -0.0599999987 0
0.0396168642 -0.0599999987 0
0.0594252981 -0.0599999987 0
0.0792337283 -0.0599999987 0
0.0990421623 -0.0599999987 0
0 -0.043333333 0
0.0198084321 -0.0432380959 0
0.0396168642 -0.0431428589 0
0.0594252981 -0.0430476181 0
0.0792337283 -0.0429523811 0
0.0990421623 -0.042857144 0
0 -0.0266666673 0
0.0198084321 -0.0264761914 0
0.0396168642 -0.0262857135 0
0.0594252981 -0.0260952376 0
0.0792337283 -0.0259047616 0
0.0990421623 -0.0257142857 0
0 -0.009999999779999999 0
0.0198084321 -0.00971428584 0
0.0396168642 -0.00942857098 0
0.0594252981 -0.009142857040000001 0
0.0792337283 -0.00885714311 0
0.0990421623 -0.008571428250000001 0
0 0.009999999779999999 0
0.0198084321 0.00971428584 0
0.0396168642 0.00942857098 0
0.0594252981 0.009142857040000001 0
0.0792337283 0.00885714311 0
0.0990421623 0.008571428250000001 0
0 0.0266666673 0
0.0198084321 0.0264761914 0
0.0396168642 0.0262857135 0
0.0594252981 0.0260952376 0
0.0792337283 0.0259047616 0
0.0990421623 0.0257142857 0
0 0.043333333 0
0.0198084321 0.0432380959 0
0.0396168642 0.0431428589 0
0.0594252981 0.0430476181 0
0.0792337283 0.0429523811 0
0.0990421623 0.042857144 0
0 0.0599999987 0
0.0198084321 0.0599999987 0
0.0396168642 0.0599999987 0
0.0594252981 0.0599999987 0
0.0792337283 0.0599999987 0
0.0990421623 0.0599999987 0
0.5 0.008571428250000001 0
0.5 0.0257142857 0
0.5 0.042857144 0
0.479952097 0.0599999987 0
0.459904224 0.0599999987 0
0.439856321 0.0599999987 0
0.419808447 0.0599999987 0
0.399760544 0.0599999987 0
0.379712641 0.0599999987 0
0.359664768 0.0599999987 0
0.339616865 0.0599999987 0
0.319568962 0.0599999987 0
0.299521089 0.0599999987 0
0.279473186 0.0599999987 0
0.259425282 0.0599999987 0
0.239377409 0.0599999987 0
0.219329506 0.0599999987 0
0.199281618 0.0599999987 0
0.17923373 0.0599999987 0
0.159185842 0.0599999987 0
0.139137954 0.0599999987 0
0.11909005 0.0599999987 0
0.5 0.0599999987 0
0.439856321 -0.0599999987 0
0.5 -0.008571428250000001 0
0.5 -0.0257142857 0
0.419808418 -0.0599999987 0
0.5 -0.0599999987 0
0.17923373 -0.0599999987 0
0.299521089 -0.0599999987 0
0.5 -0.042857144 0
0.479952097 -0.0599999987 0
0.459904224 -0.0599999987 0
0.319568962 -0.0599999987 0
0.199281618 -0.0599999987 0
0.11909005 -0.0599999987 0
0.139137939 -0.0599999987 0
0.159185842 -0.0599999987 0
0.219329506 -0.0599999987 0
0.239377409 -0.0599999987 0
0.259425282 -0.0599999987 0
0.279473186 -0.0599999987 0
0.339616865 -0.0599999987 0
0.359664768 -0.0599999987 0
0.379712641 -0.0599999987 0
0.399760544 -0.0599999987 0
0.11909005 0.042857144 0
0.11909005 0.0257142857 0
0.11909005 0.008571428250000001 0
0.11909005 -0.008571428250000001 0
0.11909005 -0.0257142857 0
0.11909005 -0.042857144 0
0.139137954 0.042857144 0
0.139137939 0.0257142857 0
0.139137939 0.008571428250000001 0
0.139137939 -0.008571428250000001 0
0.139137939 -0.0257142857 0
0.139137939 -0.042857144 0
0.159185842 0.042857144 0
0.159185842 0.0257142857 0
0.159185842 0.008571428250000001 0
0.159185842 -0.008571428250000001 0
0.159185842 -0.0257142857 0
0.159185842 -0.042857144 0
0.17923373 0.042857144 0
0.17923373 0.0257142857 0
0.17923373 0.008571428250000001 0
0.17923373 -0.008571428250000001 0
0.17923373 -0.0257142857 0
0.17923373 -0.042857144 0
0.199281618 0.042857144 0
0.199281618 0.0257142857 0
0.199281618 0.008571428250000001 0
0.199281618 -0.008571428250000001 0
0.199281618 -0.0257142857 0
0.199281618 -0.042857144 0
0.219329506 0.042857144 0
0.219329506 0.0257142857 0
0.219329506 0.008571428250000001 0
0.219329506 -0.008571428250000001 0
0.219329506 -0.0257142857 0
0.219329506 -0.042857144 0
0.239377409 0.042857144 0
0.239377409 0.0257142857 0
0.239377409 0.008571428250000001 0
0.239377409 -0.008571428250000001 0
0.239377409 -0.0257142857 0
0.239377409 -0.042857144 0
0.259425282 0.042857144 0
0.259425282 0.0257142857 0
0.259425282 0.008571428250000001 0
0.259425282 -0.008571428250000001 0
0.259425282 -0.0257142857 0
0.259425282 -0.042857144 0
0.279473186 0.042857144 0
0.279473186 0.0257142857 0
0.279473186 0.008571428250000001 0
0.279473186 -0.008571428250000001 0
0.279473186 -0.0257142857 0
0.279473186 -0.042857144 0
0.299521089 0.042857144 0
0.299521089 0.0257142857 0
0.299521089 0.008571428250000001 0
0.299521089 -0.008571428250000001 0
0.299521089 -0.0257142857 0
0.299521089 -0.042857144 0
0.319568962 0.042857144 0
0.319568962 0.0257142857 0
0.319568962 0.008571428250000001 0
0.319568962 -0.008571428250000001 0
0.319568962 -0.0257142857 0
0.319568962 -0.042857144 0
0.339616865 0.042857144 0
0.339616865 0.0257142857 0
0.339616865 0.008571428250000001 0
0.339616865 -0.008571428250000001 0
0.339616865 -0.0257142857 0
0.339616865 -0.042857144 0
0.359664768 0.042857144 0
0.359664768 0.0257142857 0
0.359664768 0.008571428250000001 0
0.359664768 -0.008571428250000001 0
0.359664768 -0.0257142857 0
0.359664768 -0.042857144 0
0.379712641 0.042857144 0
0.379712641 0.0257142857 0
0.379712641 0.008571428250000001 0
0.379712641 -0.008571428250000001 0
0.379712641 -0.0257142857 0
0.379712641 -0.042857144 0
0.399760544 0.042857144 0
0.399760544 0.0257142857 0
0.399760544 0.008571428250000001 0
0.399760544 -0.008571428250000001 0
0.399760544 -0.0257142857 0
0.399760544 -0.042857144 0
0.419808418 0.042857144 0
0.419808418 0.0257142857 0
0.419808418 0.008571428250000001 0
0.419808418 -0.008571428250000001 0
0.419808418 -0.0257142857 0
0.419808418 -0.042857144 0
0.439856321 0.042857144 0
0.439856321 0.0257142857 0
0.439856321 0.008571428250000001 0
0.439856321 -0.008571428250000001 0
0.439856321 -0.0257142857 0
0.439856321 -0.042857144 0
0.459904224 0.042857144 0
0.459904224 0.0257142857 0
0.459904224 0.008571428250000001 0
0.459904224 -0.008571428250000001 0
0.459904224 -0.0257142857 0
0.459904224 -0.042857144 0
0.479952097 0.042857144 0
0.479952097 0.0257142857 0
0.479952097 0.008571428250000001 0
0.479952097 -0.008571428250000001 0
0.479952097 -0.0257142857 0
0.479952097 -0.042857144 0
-0.400000006 0.009999999779999999 0
-0.379999995 0.009999999779999999 0
-0.360000014 0.009999999779999999 0
-0.340000004 0.009999999779999999 0
-0.319999993 0.009999999779999999 0
-0.300000012 0.009999999779999999 0
-0.280000001 0.009999999779999999 0
-0.25999999 0.009999999779999999 0
-0.239999995 0.009999999779999999 0
-0.219999999 0.009999999779999999 0
-0.200000003 0.009999999779999999 0
-0.180000007 0.009999999779999999 0
-0.159999996 0.009999999779999999 0
-0.140000001 0.009999999779999999 0
-0.119999997 0.009999999779999999 0
-0.100000001 0.009999999779999999 0
-0.07999999820000001 0.009999999779999999 0
-0.0599999987 0.009999999779999999 0
-0.0399999991 0.009999999779999999 0
-0.0199999996 0.009999999779999999 0
-0.0199999996 -0.009999999779999999 0
-0.0399999991 -0.009999999779999999 0
-0.0599999987 -0.009999999779999999 0
-0.07999999820000001 -0.009999999779999999 0
-0.100000001 -0.009999999779999999 0
-0.119999997 -0.009999999779999999 0
-0.140000001 -0.009999999779999999 0
-0.159999996 -0.009999999779999999 0
-0.180000007 -0.009999999779999999 0
-0.200000003 -0.009999999779999999 0
-0.219999999 -0.009999999779999999 0
-0.239999995 -0.009999999779999999 0
-0.25999999 -0.009999999779999999 0
-0.280000001 -0.009999999779999999 0
-0.300000012 -0.009999999779999999 0
-0.319999993 -0.009999999779999999 0
-0.340000004 -0.009999999779999999 0
-0.360000014 -0.009999999779999999 0
-0.379999995 -0.009999999779999999 0
-0.400000006 -0.009999999779999999 0
-0.419999987 -0.009999999779999999 0
-0.439999998 -0.009999999779999999 0
-0.460000008 -0.009999999779999999 0
-0.479999989 -0.009999999779999999 0
-0.5 -0.0266666673 0
-0.5 -0.043333333 0
-0.479999989 -0.0599999987 0
-0.460000008 -0.0599999987 0
-0.439999998 -0.0599999987 0
-0.419999987 -0.0599999987 0
-0.400000006 -0.0599999987 0
-0.379999995 -0.0599999987 0
-0.360000014 -0.0599999987 0
-0.340000004 -0.0599999987 0
-0.319999993 -0.0599999987 0
-0.300000012 -0.0599999987 0
-0.280000001 -0.0599999987 0
-0.25999999 -0.0599999987 0
-0.239999995 -0.0599999987 0
-0.219999999 -0.0599999987 0
-0.200000003 -0.0599999987 0
-0.180000007 -0.0599999987 0
-0.159999996 -0.0599999987 0
-0.140000001 -0.0599999987 0
-0.119999997 -0.0599999987 0
-0.100000001 -0.0599999987 0
-0.07999999820000001 -0.0599999987 0
-0.0599999987 -0.0599999987 0
-0.0399999991 -0.0599999987 0
-0.0199999996 -0.0599999987 0
-0.100000001 0.0599999987 0
-0.5 0.0599999987 0
-0.5 0.009999999779999999 0
-0.5 -0.009999999779999999 0
-0.140000001 0.0599999987 0
-0.0199999996 0.0599999987 0
-0.400000006 0.0599999987 0
-0.5 -0.0599999987 0
-0.200000003 0.0599999987 0
-0.25999999 0.0599999987 0
-0.340000004 0.0599999987 0
-0.119999997 0.0599999987 0
-0.379999995 0.0599999987 0
-0.360000014 0.0599999987 0
-0.0399999991 0.0599999987 0
-0.280000001 0.0599999987 0
-0.219999999 0.0599999987 0
-0.239999995 0.0599999987 0
-0.0599999987 0.0599999987 0
-0.180000007 0.0599999987 0
-0.300000012 0.0599999987 0
-0.319999993 0.0599999987 0
-0.07999999820000001 0.0599999987 0
-0.159999996 0.0599999987 0
-0.419999987 0.0599999987 0
-0.439999998 0.0599999987 0
-0.460000008 0.0599999987 0
-0.479999989 0.0599999987 0
-0.5 0.043333333 0
-0.5 0.0266666673 0
-0.479999989 0.009999999779999999 0
-0.460000008 0.009999999779999999 0
-0.439999998 0.009999999779999999 0
-0.419999987 0.009999999779999999 0
-0.0199999996 0.0266666673 0
-0.0199999996 0.043333333 0
-0.0399999991 0.0266666673 0
-0.0399999991 0.043333333 0
-0.0599999987 0.0266666673 0
-0.0599999987 0.043333333 0
-0.07999999820000001 0.0266666673 0
-0.07999999820000001 0.043333333 0
-0.100000001 0.0266666673 0
-0.100000001 0.043333333 0
-0.119999997 0.0266666673 0
-0.119999997 0.043333333 0
-0.140000001 0.0266666673 0
-0.140000001 0.043333333 0
-0.159999996 0.0266666673 0
-0.159999996 0.043333333 0
-0.180000007 0.0266666673 0
-0.180000007 0.043333333 0
-0.200000003 0.0266666673 0
-0.200000003 0.043333333 0
-0.219999999 0.0266666673 0
-0.219999999 0.043333333 0
-0.239999995 0.0266666673 0
-0.239999995 0.043333333 0
-0.25999999 0.0266666673 0
-0.25999999 0.043333333 0
-0.280000001 0.0266666673 0
-0.280000001 0.043333333 0
-0.300000012 0.0266666673 0
-0.300000012 0.043333333 0
-0.319999993 0.0266666673 0
-0.319999993 0.043333333 0
-0.340000004 0.0266666673 0
-0.340000004 0.043333333 0
-0.360000014 0.0266666673 0
-0.360000014 0.043333333 0
-0.379999995 0.0266666673 0
-0.379999995 0.043333333 0
-0.400000006 0.0266666673 0
-0.400000006 0.043333333 0
-0.419999987 0.0266666673 0
-0.419999987 0.043333333 0
-0.439999998 0.0266666673 0
-0.439999998 0.043333333 0
-0.460000008 0.0266666673 0
-0.460000008 0.043333333 0
-0.479999989 0.0266666673 0
-0.479999989 0.043333333 0
-0.0199999996 -0.043333333 0
-0.0199999996 -0.0266666673 0
-0.0399999991 -0.043333333 0
-0.0399999991 -0.0266666673 0
-0.0599999987 -0.043333333 0
-0.0599999987 -0.0266666673 0
-0.07999999820000001 -0.043333333 0
-0.07999999820000001 -0.0266666673 0
-0.100000001 -0.043333333 0
-0.100000001 -0.0266666673 0
-0.119999997 -0.043333333 0
-0.119999997 -0.0266666673 0
-0.140000001 -0.043333333 0
-0.140000001 -0.0266666673 0
-0.159999996 -0.043333333 0
-0.159999996 -0.0266666673 0
-0.180000007 -0.043333333 0
-0.180000007 -0.0266666673 0
-0.200000003 -0.043333333 0
-0.200000003 -0.0266666673 0
-0.219999999 -0.043333333 0
-0.219999999 -0.0266666673 0
-0.239999995 -0.043333333 0
-0.239999995 -0.0266666673 0
-0.25999999 -0.043333333 0
-0.25999999 -0.0266666673 0
-0.280000001 -0.043333333 0
-0.280000001 -0.0266666673 0
-0.300000012 -0.043333333 0
-0.300000012 -0.0266666673 0
-0.319999993 -0.043333333 0
-0.319999993 -0.0266666673 0
-0.340000004 -0.043333333 0
-0.340000004 -0.0266666673 0
-0.360000014 -0.043333333 0
-0.360000014 -0.0266666673 0
-0.379999995 -0.043333333 0
-0.379999995 -0.0266666673 0
-0.400000006 -0.043333333 0
-0.400000006 -0.0266666673 0
-0.419999987 -0.043333333 0
-0.419999987 -0.0266666673 0
-0.439999998 -0.043333333 0
-0.439999998 -0.0266666673 0
-0.460000008 -0.043333333 0
-0.460000008 -0.0266666673 0
-0.479999989 -0.043333333 0
-0.479999989 -0.0266666673 0
0.5 0.280000001 0
0.5 0.324000001 0
0.5 0.368000001 0
0.5 0.412 0
0.5 0.456 0
0.423076928 0.5 0
0.346153855 0.5 0
0.269230783 0.5 0
0.192307696 0.5 0
0.115384616 0.5 0
0.0384615399 0.5 0
-0.0384615399 0.5 0
-0.115384616 0.5 0
-0.192307696 0.5 0
-0.269230783 0.5 0
-0.346153855 0.5 0
-0.423076928 0.5 0
-0.5 0.451111108 0
-0.5 0.402222216 0
-0.5 0.353333324 0
-0.5 0.304444432 0
-0.5 0.25555557 0
-0.5 0.206666663 0
-0.5 0.157777771 0
-0.5 0.108888887 0
-0.5 0.5 0
0.5 0.104000002 0
0.5 0.5 0
0.5 0.148000002 0
0.5 0.192000002 0
0.5 0.236000001 0
0.0609144196 0.0817342326 0
0.0213773996 0.0810065791 0
0.00164963992 0.0806389153 0
0.0410537161 0.08140170569999999 0
0.0807928815 0.0816697404 0
-0.11636588 0.08086209 0
-0.155379474 0.08188256620000001 0
-0.195952147 0.0835963339 0
-0.216464236 0.0839877948 0
-0.236886531 0.08373397589999999 0
-0.25717181 0.0831861421 0
-0.0375812575 0.08077736200000001 0
-0.0571756735 0.0809583366 0
-0.07703223820000001 0.08103158320000001 0
-0.018060958 0.0806019977 0
-0.0969315991 0.0810548067 0
-0.135710105 0.0813468769 0
-0.17564556 0.0829808787 0
-0.277441889 0.0833770484 0
-0.297976643 0.0844593644 0
-0.337742865 0.0814660415 0
-0.357280463 0.08131340149999999 0
-0.395812064 0.0801450759 0
-0.431601644 0.0846370831 0
-0.449032396 0.0927124023 0
0.241154492 0.0802461654 0
0.201377258 0.0838236138 0
0.180563569 0.0829863772 0
0.160152987 0.0818641707 0
0.13998118 0.0809370205 0
0.100271612 0.0811994374 0
0.119869255 0.08062074330000001 0
0.373670965 0.07992801820000001 0
0.324530095 0.0833030716 0
0.281531155 0.08239974830000001 0
0.260980189 0.0810246468 0
0.22172907 0.0833596513 0
0.0419940539 0.10293632 0
0.0224408731 0.101743817 0
0.00314544118 0.100968696 0
0.0619302429 0.10367021 0
-0.0159631986 0.101458415 0
0.08237209920000001 0.103876717 0
-0.318290144 0.08418776090000001 0
-0.414466918 0.0801854879 0
-0.376616716 0.08122970910000001 0
-0.235601157 0.107684493 0
-0.214288786 0.108600825 0
-0.255871743 0.10540323 0
-0.0541822873 0.103133552 0
-0.131315932 0.104231022 0
-0.074047327 0.103388585 0
-0.112915099 0.104204893 0
-0.150728151 0.104886316 0
-0.0939841419 0.103821017 0
-0.171428666 0.106402844 0
-0.192837894 0.107991748 0
-0.275017977 0.104476884 0
-0.35379228 0.103946522 0
-0.433073252 0.110083312 0
-0.295674562 0.108139448 0
-0.0348416194 0.102517344 0
0.415305704 0.08237869289999999 0
0.359606773 0.07313796879999999 0
0.302707136 0.083627373 0
0.159252465 0.103709936 0
0.179841861 0.106472507 0
0.139538869 0.1013356 0
0.22791867 0.111114562 0
0.243271112 0.0979152769 0
0.394325763 0.08282602579999999 0
0.201971233 0.109258376 0
0.120320998 0.10044767 0
0.435215741 0.08225522189999999 0
0.259965211 0.10267438 0
0.329683661 0.107562989 0
0.474004507 0.0924669281 0
0.10174416 0.103126459 0
-0.468483716 0.110260278 0
-0.3943865 0.102075562 0
0.442493409 0.110294618 0
0.0621701814 0.126179203 0
0.0225422326 0.122126617 0
0.0418764055 0.12501201 0
0.00457998784 0.120126426 0
0.0835043266 0.12639606 0
-0.0129794497 0.122236557 0
-0.147280753 0.128402263 0
-0.213780656 0.134415403 0
-0.127986699 0.131244153 0
-0.167973459 0.129917011 0
-0.050670296 0.126652241 0
-0.07087001950000001 0.126821682 0
-0.09071145210000001 0.127626732 0
-0.190268174 0.132567599 0
-0.238525629 0.133869201 0
-0.273494035 0.120859079 0
-0.259225488 0.127459198 0
-0.287823677 0.129834697 0
0.106391847 0.128948033 0
-0.030988669 0.12521717 0
0.176051676 0.130309746 0
0.155358881 0.125951976 0
0.136383891 0.121375889 0
0.197837338 0.13508907 0
0.221228063 0.140195116 0
0.24643375 0.148225218 0
0.278431207 0.13069883 0
0.121331833 0.116863862 0
0.304693103 0.108170666 0
0.41313979 0.10605257 0
0.460590839 0.118400961 0
0.3594082 0.102554947 0
-0.32107237 0.11253228 0
-0.419543535 0.104857683 0
0.09811829029999999 0.159849972 0
0.0055290414 0.135468304 0
-0.272256285 0.147958145 0
0.213639542 0.167143762 0
-0.16421552 0.153452978 0
-0.0470549725 0.15146856 0
0.148239896 0.147893965 0
0.190186769 0.161729231 0
-0.0247382168 0.149399027 0
0.121496096 0.157260552 0
0.421064824 0.135523811 0
0.331904501 0.135500565 0
0.281374097 0.10639441 0
-0.403406292 0.127729908 0
-0.310004503 0.140224457 0
0.359246194 0.131814718 0
-0.372643173 0.130347505 0
-0.4354105 0.128464058 0
0.336629719 0.171858773 0
0.449453801 0.147653848 0
0.388494343 0.134514973 0
0.301465511 0.165098608 0
-0.346448064 0.12566866 0
-0.399034619 0.163094714 0
0.0394379087 0.149358913 0
0.27253148 0.157263905 0
-0.213087991 0.160163328 0
-0.247485504 0.166183531 0
-0.29579401 0.164818883 0
-0.0238127075 0.198093072 0
0.111787573 0.184981465 0
-0.100731499 0.16475822 0
-0.129909366 0.165031105 0
0.176729351 0.19246909 0
0.207438558 0.194471538 0
-0.07164825499999999 0.174688131 0
0.137555912 0.174095407 0
0.445077062 0.355614364 0
0.4540672 0.312721372 0
0.471876621 0.18936041 0
0.467166424 0.229818493 0
0.461504996 0.270973593 0
0.424467564 0.448932588 0
0.441845477 0.182664469 0
-0.324829191 0.179232806 0
0.0906601474 0.199683741 0
-0.207740158 0.18316175 0
-0.157712802 0.176730514 0
-0.278921545 0.189274922 0
0.0321525 0.177230626 0
0.245555773 0.214440852 0
-0.433855236 0.164075762 0
-0.366918921 0.159302726 0
0.291913986 0.195489585 0
-0.127964169 0.207778975 0
-0.0366133451 0.228911221 0
-0.100008652 0.206662506 0
0.179677323 0.226686761 0
0.122257464 0.208738238 0
0.146479711 0.202740476 0
0.434536189 0.401015729 0
0.398193419 0.336512506 0
0.424186647 0.257591337 0
0.43396154 0.220088616 0
0.412831038 0.296488136 0
0.369538605 0.193125933 0
-0.443918586 0.348807663 0
-0.435130209 0.398693502 0
-0.427496314 0.449492633 0
-0.452189833 0.300550848 0
-0.4590832 0.253552765 0
-0.357205957 0.190952316 0
0.279544592 0.225700334 0
0.104589514 0.213968039 0
-0.156489298 0.208392248 0
0.0224026144 0.217729628 0
0.212247699 0.248014852 0
-0.427817494 0.204839543 0
-0.234439731 0.195427537 0
0.323903114 0.207895994 0
0.0570687838 0.209155962 0
-0.391568303 0.199478686 0
-0.0962022617 0.246337354 0
-0.0230375547 0.256433278 0
0.184364036 0.258742362 0
0.124597915 0.237763807 0
0.376026452 0.277256101 0
0.38955155 0.242074385 0
0.359942079 0.312979162 0
0.378000379 0.380264699 0
-0.310198665 0.208065987 0
-0.372602284 0.387960404 0
-0.391070276 0.337650061 0
-0.464398772 0.207217991 0
-0.406558216 0.291264862 0
-0.182406142 0.205629736 0
0.475901842 0.151903644 0
0.401581109 0.207892701 0
-0.20234707 0.201936185 0
0.311389863 0.240205288 0
0.0997109637 0.235361338 0
-0.130189374 0.250119895 0
-0.380182773 0.237362921 0
0.0776065663 0.224026397 0
0.0415912047 0.235969722 0
0.356437773 0.225068003 0
0.00237123668 0.23785685 0
0.234924018 0.275154024 0
-0.0526191071 0.272373945 0
0.154033616 0.271343559 0
-0.16381526 0.245097548 0
0.327867359 0.289548635 0
0.343247354 0.258441687 0
-0.217780069 0.218593672 0
0.338168681 0.348227322 0
-0.343999118 0.224389404 0
-0.364733964 0.277306974 0
-0.344146281 0.319903255 0
0.269353002 0.254693568 0
0.0917307809 0.266476959 0
0.0217031389 0.261422962 0
-0.326631218 0.259382397 0
-0.133066654 0.30025813 0
-0.418796331 0.247499421 0
0.0644711778 0.253006309 0
-0.292130858 0.238324136 0
0.196372524 0.288258106 0
0.284591496 0.294490665 0
0.309394062 0.318163514 0
-0.303888261 0.296268225 0
-0.316326559 0.367387414 0
0.259190202 0.283179343 0
-0.212525114 0.264634311 0
-0.240297899 0.24214159 0
0.0789880231 0.303675681 0
0.0470647626 0.284426123 0
0.16370514 0.321180791 0
-0.00354623003 0.285852969 0
0.272422999 0.314563453 0
-0.269069314 0.269261181 0
0.30583939 0.378803372 0
0.221760422 0.304970533 0
-0.273979396 0.334394097 0
-0.0335755982 0.307707399 0
-0.23957935 0.298692495 0
0.0587245151 0.344805092 0
0.117237814 0.317083448 0
0.284336209 0.340413243 0
0.249890372 0.312829316 0
0.343847185 0.433378398 0
0.207801089 0.342838079 0
-0.274291515 0.426623851 0
0.0234502386 0.316493273 0
-0.08737619219999999 0.286369532 0
0.266001195 0.445831895 0
0.12272539 0.273716062 0
0.101134203 0.366993248 0
-0.234703615 0.369619191 0
0.147996157 0.380885184 0
-0.178461179 0.283813536 0
-0.203984484 0.323771179 0
-0.00658131344 0.34660095 0
-0.164417103 0.343546838 0
-0.0673920363 0.326083362 0
0.131059229 0.439091533 0
0.0761057213 0.423675179 0
0.200316936 0.392114729 0
0.029457761 0.387679994 0
-0.041373264 0.371180713 0
0.255755872 0.39359349 0
-0.129968509 0.398406595 0
0.248907045 0.349122852 0
0.195956767 0.446548343 0
-0.354339272 0.442943484 0
-0.193804756 0.443444848 0
-0.00892468356 0.424014986 0
-0.124071665 0.447903305 0
-0.183007032 0.391649544 0
-0.102894232 0.342963189 0
0.454051256 0.0865246058 0
0.477373928 0.124539249 0
-0.468024433 0.160724044 0
-0.0595881864 0.441332847 0
-0.08101215959999999 0.389415085 0
0.430654883 0.100503065 0
0.389429182 0.107357368 0
0.345321238 0.0801729336 0
-0.40980044 0.09662956 0
-0.338144869 0.0994073451 0
0.412171096 0.173297763 0
-0.132147774 0.361322463 0
0.382941902 0.164770678 0
-0.261872202 0.216164798 0
0.298553944 0.269673407 0
0.35991171 0.156175151 0
0.304619789 0.135348052 0
0.253422469 0.12404725 0
-0.374403059 0.104943611 0
-0.337032139 0.151434779 0
-0.109284967 0.131501675 0
-0.19354479 0.23484166 0
-0.06493017819999999 0.238962516 0
-0.0122938436 0.215621114 0
0.00691182632 0.197239071 0
0.0379151069 0.201571897 0
0.150936276 0.234486893 0
0.215393558 0.270183206 0
0.241323069 0.247472897 0
-0.0715796128 0.205469251 0
-0.0449168868 0.201832712 0
-0.015077455 0.176449656 0
0.00735802855 0.160683528 0
0.238734052 0.173370585 0
0.0684622079 0.179729119 0
0.210014313 0.22153379 0
0.169252723 0.153739303 0
0.263142437 0.184926003 0
-0.18295449 0.180039644 0
-0.0454696417 0.176156014 0
0.128362164 0.139589176 0
0.230636895 0.194044158 0
0.0191328265 0.142472118 0
0.0625149161 0.150935873 0
0.0812353119 0.146125689 0
-0.18740344 0.15683043 0
-0.147903278 0.149310306 0
-0.0862699524 0.148439452 0
-0.0688209161 0.151088551 0
-0.00671585044 0.142615706 0
0.161231548 0.173583657 0
0.5 -0.108888887 0
-0.5 -0.104000002 0
0.115384616 -0.5 0
0.346153855 -0.5 0
-0.5 -0.324000001 0
0.5 -0.304444432 0
-0.115384616 -0.5 0
0.0384615399 -0.5 0
0.269230783 -0.5 0
0.192307696 -0.5 0
-0.269230783 -0.5 0
0.5 -0.206666663 0
-0.5 -0.368000001 0
-0.5 -0.412 0
-0.5 -0.456 0
0.5 -0.451111108 0
-0.5 -0.5 0
0.5 -0.5 0
0.5 -0.402222216 0
-0.423076928 -0.5 0
-0.192307696 -0.5 0
-0.5 -0.148000002 0
-0.5 -0.192000002 0
-0.5 -0.236000001 0
-0.5 -0.280000001 0
-0.346153855 -0.5 0
0.5 -0.25555557 0
0.423076928 -0.5 0
-0.0384615399 -0.5 0
0.5 -0.157777771 0
0.5 -0.353333324 0
0.0772511885 -0.08056167509999999 0
0.0374877676 -0.0808010101 0
0.0176463742 -0.0810994208 0
0.0573830791 -0.0807405263 0
0.09732311959999999 -0.0806518868 0
-0.239483774 -0.0795809701 0
-0.219843984 -0.0792642012 0
-0.200446114 -0.07901526239999999 0
-0.181045815 -0.07884178310000001 0
-0.142179415 -0.0802084953 0
-0.102881968 -0.0817045122 0
-0.0223856941 -0.0814301819 0
-0.0627050027 -0.0818454996 0
-0.0425316021 -0.0818034559 0
-0.00224705855 -0.0814203545 0
-0.122754268 -0.081274122 0
-0.08287008849999999 -0.0820686147 0
-0.415999234 -0.07919201250000001 0
-0.381579161 -0.0748587102 0
-0.341950804 -0.08742288500000001 0
-0.319119245 -0.08530327679999999 0
-0.278412133 -0.08144206549999999 0
-0.258917481 -0.08033283049999999 0
-0.161435694 -0.0791214183 0
-0.472487122 -0.10505227 0
0.256461918 -0.08286640050000001 0
0.318938285 -0.08374304320000001 0
0.379224718 -0.0777013451 0
0.415607333 -0.0771136358 0
0.137026802 -0.0809221789 0
0.176194876 -0.0810839683 0
0.195934415 -0.0812368244 0
0.215941653 -0.0814755261 0
0.117289893 -0.08081298319999999 0
0.15661329 -0.081143111 0
0.236094043 -0.082149677 0
0.277177155 -0.0846093968 0
0.298077911 -0.0858106166 0
0.339882791 -0.0815737844 0
0.359948963 -0.0794832781 0
0.397859633 -0.076412484 0
0.432109773 -0.0828129873 0
0.448685735 -0.092795752 0
0.075753212 -0.101484895 0
0.0557561368 -0.102059513 0
0.0359173417 -0.102614924 0
0.0956945047 -0.101622269 0
0.0159939695 -0.10301619 0
0.11527735 -0.102301352 0
-0.397377491 -0.07783801849999999 0
-0.367144257 -0.088626951 0
-0.298090309 -0.0833709612 0
-0.200337872 -0.09863037619999999 0
-0.21885328 -0.09892425689999999 0
-0.18187283 -0.0977715552 0
-0.434422225 -0.0812884495 0
-0.106182195 -0.104892224 0
-0.0242696553 -0.103885174 0
-0.0446307808 -0.104614235 0
-0.08586321030000001 -0.105457388 0
-0.12644203 -0.10389293 0
-0.06511268019999999 -0.105166934 0
-0.145689055 -0.101519272 0
-0.163340643 -0.09789989139999999 0
-0.23776263 -0.099455364 0
-0.338522077 -0.115702689 0
-0.256322116 -0.10120821 0
-0.00407435466 -0.103709199 0
0.418813199 -0.0986522809 0
0.397742271 -0.0922142416 0
0.252526253 -0.1058909 0
0.212309584 -0.103968374 0
0.192341313 -0.104215957 0
0.273252606 -0.109232336 0
0.320911765 -0.107111856 0
0.34232372 -0.102683946 0
0.380523682 -0.09517564620000001 0
0.232309997 -0.104792736 0
0.172806621 -0.104274742 0
0.15369308 -0.103950769 0
0.297904164 -0.116075009 0
0.362232178 -0.09897334870000001 0
0.428666949 -0.112228334 0
0.134589821 -0.103278205 0
0.46945259 -0.110888988 0
-0.411913127 -0.0989815295 0
0.07460499549999999 -0.122705288 0
0.0345189869 -0.125521779 0
0.0545337796 -0.124148242 0
0.0147398924 -0.125232056 0
0.09377242619999999 -0.123138353 0
-0.00542884553 -0.127287924 0
-0.199170411 -0.119690679 0
-0.21721521 -0.119145781 0
-0.181177408 -0.116874449 0
-0.131077215 -0.127389789 0
-0.109915875 -0.129914075 0
-0.0461721793 -0.129090324 0
-0.153852567 -0.125061169 0
-0.0667753816 -0.128979772 0
-0.0885961056 -0.131090179 0
-0.166090339 -0.113361157 0
-0.234963834 -0.118861131 0
-0.251624823 -0.122507848 0
0.112385094 -0.124814384 0
-0.0254358575 -0.127300769 0
0.188759044 -0.129383489 0
0.168846637 -0.129991427 0
0.209063768 -0.128475145 0
0.2286672 -0.12831986 0
0.149858654 -0.129090652 0
0.248147339 -0.129130483 0
0.266228557 -0.132991135 0
0.316227257 -0.145300224 0
0.3464261 -0.123996772 0
0.379398167 -0.140497699 0
0.131228372 -0.127070695 0
-0.31478706 -0.110401563 0
-0.436272234 -0.107960358 0
-0.449050874 -0.118623495 0
-0.367599219 -0.126455709 0
0.437626481 -0.131681964 0
0.409618139 -0.140805781 0
0.09073735030000001 -0.144930616 0
0.0318898484 -0.152542442 0
-0.232055888 -0.134515703 0
-0.196568355 -0.144934669 0
-0.135222897 -0.150460809 0
-0.0468119048 -0.159751192 0
-0.15466474 -0.148551583 0
0.260239989 -0.164158478 0
0.164128304 -0.159461841 0
0.293380171 -0.17444025 0
-0.00580976577 -0.156512246 0
0.126097396 -0.151690036 0
-0.413921267 -0.126558542 0
-0.328458905 -0.140409112 0
-0.274515986 -0.10384129 0
-0.349528015 -0.153568953 0
0.351759881 -0.172270343 0
0.318618536 -0.183061182 0
-0.333783478 -0.167339042 0
-0.441113621 -0.144536555 0
-0.393654108 -0.154271141 0
0.292371094 -0.211694032 0
-0.286774576 -0.130766243 0
0.07354205849999999 -0.143089011 0
-0.257962167 -0.152474642 0
-0.0889976844 -0.161422387 0
0.226948202 -0.154064983 0
0.107703857 -0.148169219 0
0.336992621 -0.211675242 0
-0.00337611185 -0.200795993 0
0.273395419 -0.189953938 0
-0.17049475 -0.148092017 0
-0.129007757 -0.185398072 0
-0.0261532348 -0.181840271 0
0.143847302 -0.157626539 0
-0.448047906 -0.361545205 0
-0.455605984 -0.317959696 0
-0.465123922 -0.189018279 0
-0.462823182 -0.231938973 0
-0.460306674 -0.275001049 0
-0.426925808 -0.452901721 0
-0.424723893 -0.182535723 0
0.0366272852 -0.188651815 0
0.187246516 -0.187728658 0
0.0589350164 -0.166444242 0
-0.103470221 -0.184740975 0
-0.06846610459999999 -0.18379423 0
0.118219182 -0.173072204 0
0.208178952 -0.176860511 0
0.36315757 -0.199747011 0
0.312846452 -0.235824838 0
-0.299318105 -0.15677543 0
-0.198295265 -0.188920036 0
-0.162100241 -0.194625631 0
-0.0246460605 -0.229336455 0
-0.366503626 -0.182237729 0
-0.437883586 -0.40673089 0
-0.402278423 -0.349474549 0
-0.422037065 -0.268937945 0
-0.426025957 -0.228674114 0
-0.415005475 -0.309025466 0
0.440141648 -0.165292025 0
0.380865604 -0.165947661 0
0.454410315 -0.299123228 0
0.445268989 -0.34738335 0
0.435587972 -0.39737919 0
0.427431315 -0.448631287 0
0.461957723 -0.252621621 0
-0.2741943 -0.187123805 0
0.0236531589 -0.21747978 0
0.129730433 -0.192381173 0
-0.122267753 -0.2181191 0
0.286919326 -0.263395518 0
0.352644324 -0.233800679 0
-0.0484154336 -0.206472903 0
-0.238978505 -0.183906317 0
0.382674307 -0.187893778 0
-0.334735453 -0.187197372 0
-0.09211035820000001 -0.204660609 0
-0.199938565 -0.23082687 0
-0.384544611 -0.263622969 0
-0.379169017 -0.298835069 0
-0.363774121 -0.333696634 0
-0.382963866 -0.3914617 0
0.410056442 -0.166615397 0
0.0665235743 -0.19163233 0
0.394013286 -0.33461681 0
0.410622984 -0.288377047 0
0.423467785 -0.245048448 0
0.467720777 -0.206958532 0
0.09609952569999999 -0.198913157 0
-0.470833153 -0.148186505 0
-0.389988542 -0.228198498 0
-0.31124422 -0.183166504 0
0.00482664863 -0.250807226 0
-0.158838674 -0.228567705 0
-0.356113702 -0.222642258 0
-0.10804826 -0.250773847 0
-0.0749890804 -0.230587304 0
0.236951768 -0.25557974 0
-0.238797322 -0.222931072 0
0.200059086 -0.221732855 0
0.0547433943 -0.228673667 0
0.434716195 -0.204581663 0
-0.351000428 -0.291048676 0
-0.342559576 -0.261151582 0
-0.342663676 -0.367414057 0
0.0890857056 -0.235629171 0
0.371275783 -0.274487317 0
0.349839687 -0.316238403 0
-0.265262514 -0.214324355 0
0.125547007 -0.236138836 0
0.384301692 -0.231939763 0
-0.148362547 -0.268382192 0
-0.201895863 -0.284397453 0
0.0395672582 -0.26743412 0
-0.0845435709 -0.286633313 0
0.248264045 -0.20908615 0
0.255116969 -0.290184736 0
0.161755502 -0.2327106 0
-0.283162892 -0.230370551 0
-0.330711573 -0.314092934 0
0.07940530780000001 -0.27783528 0
0.374077588 -0.385226637 0
-0.256944537 -0.263938695 0
0.122180261 -0.280775845 0
-0.0512325764 -0.259115964 0
-0.167743802 -0.330821037 0
-0.123555109 -0.31115067 0
0.203418314 -0.267466187 0
0.0202970076 -0.310064286 0
-0.274711281 -0.308445483 0
-0.320849746 -0.397759885 0
0.338272214 -0.259483725 0
-0.326232761 -0.214808166 0
0.0678861737 -0.32463935 0
0.31976971 -0.3628214 0
-0.0192843862 -0.287305981 0
0.216469511 -0.311700195 0
0.119780473 -0.329584241 0
-0.266494006 -0.385957867 0
0.0543400496 -0.377309233 0
-0.203021392 -0.35156706 0
-0.347021431 -0.440783143 0
0.281908154 -0.327852577 0
0.274117023 -0.422076017 0
0.164584011 -0.276804119 0
0.314772338 -0.292671144 0
-0.14316158 -0.382356316 0
0.238232613 -0.360949397 0
-0.268800765 -0.446109235 0
0.117930107 -0.383022696 0
-0.00502681127 -0.359380454 0
-0.0899545625 -0.35999772 0
0.354485184 -0.440950871 0
-0.202243209 -0.393845558 0
0.180674002 -0.378484547 0
0.116467491 -0.439904302 0
-0.123636782 -0.439212173 0
0.0415827408 -0.435980946 0
-0.0426337756 -0.421091884 0
0.191037983 -0.43673709 0
-0.0501308329 -0.325539827 0
-0.19676277 -0.44627744 0
-0.451890498 -0.0888591111 0
0.470816433 -0.160953358 0
-0.427661389 -0.09695394340000001 0
-0.391985744 -0.096085377 0
0.41114524 -0.0895099714 0
-0.293581456 -0.107031554 0
0.404233605 -0.198149398 0
0.170815691 -0.325417221 0
-0.393289775 -0.197718471 0
-0.390543967 -0.116325445 0
0.407470196 -0.122044012 0
-0.302953094 -0.34384051 0
0.26649943 -0.235712677 0
0.402106464 -0.106607363 0
0.389978588 -0.124477439 0
-0.307111055 -0.134526476 0
-0.268105298 -0.127176061 0
0.283614874 -0.135133982 0
-0.236810908 -0.332041562 0
0.327947587 -0.12534298 0
0.36743632 -0.118909344 0
0.384408504 -0.111650333 0
0.227744669 -0.228958771 0
-0.308642864 -0.288504213 0
-0.310847104 -0.242751881 0
-0.278374851 -0.156388372 0
0.348389834 -0.146922976 0
-0.318303883 -0.161659449 0
0.289174825 -0.154943809 0
0.244689032 -0.15027234 0
0.207649693 -0.154539898 0
0.186118394 -0.157872438 0
0.229213864 -0.186583892 0
-0.242758006 -0.143100053 0
-0.217707261 -0.139593005 0
-0.176148549 -0.134145111 0
0.0545891523 -0.145960584 0
0.0142524652 -0.14502719 0
-0.0255044252 -0.148230761 0
-0.06708924469999999 -0.150351986 0
-0.115150906 -0.15625529 0
0.0140814194 -0.175574467 0
-0.299567908 -0.204695523 0
-0.293376505 -0.266066968 0
0.160018429 -0.193675786 0
-0.180937871 -0.163365349 0
-0.295688331 -0.175879121 0
-0.226377875 -0.15913336 0
0.0429039635 -0.169281721 0
0.101021759 -0.172521606 0
0.0724704266 -0.159666792 0
-0.141519114 -0.169197023 0
-0.160157546 -0.170055762 0
0.0838272274 -0.167311206 0
-0.20788826 -0.164396137 0
</DataArray>
</Points>
<Cells>
<DataArray type="Int32" Name="connectivity" format="ascii">
0 1 7 6 
1 2 8 7 
2 3 9 8 
3 4 10 9 
4 5 11 10 
6 7 13 12 
7 8 14 13 
8 9 15 14 
9 10 16 15 
10 11 17 16 
12 13 19 18 
13 14 20 19 
14 15 21 20 
15 16 22 21 
16 17 23 22 
18 19 25 24 
19 20 26 25 
20 21 27 26 
21 22 28 27 
22 23 29 28 
24 25 31 30 
25 26 32 31 
26 27 33 32 
27 28 34 33 
28 29 35 34 
30 31 37 36 
31 32 38 37 
32 33 39 38 
33 34 40 39 
34 35 41 40 
36 37 43 42 
37 38 44 43 
38 39 45 44 
39 40 46 45 
40 41 47 46 
47 41 94 69 
41 35 95 94 
35 29 96 95 
29 23 97 96 
23 17 98 97 
17 11 99 98 
11 5 83 99 
69 94 100 68 
94 95 101 100 
95 96 102 101 
96 97 103 102 
97 98 104 103 
98 99 105 104 
99 83 84 105 
68 100 106 67 
100 101 107 106 
101 102 108 107 
102 103 109 108 
103 104 110 109 
104 105 111 110 
105 84 85 111 
67 106 112 66 
106 107 113 112 
107 108 114 113 
108 109 115 114 
109 110 116 115 
110 111 117 116 
111 85 76 117 
66 112 118 65 
112 113 119 118 
113 114 120 119 
114 115 121 120 
115 116 122 121 
116 117 123 122 
117 76 82 123 
65 118 124 64 
118 119 125 124 
119 120 126 125 
120 121 127 126 
121 122 128 127 
122 123 129 128 
123 82 86 129 
64 124 130 63 
124 125 131 130 
125 126 132 131 
126 127 133 132 
127 128 134 133 
128 129 135 134 
129 86 87 135 
63 130 136 62 
130 131 137 136 
131 132 138 137 
132 133 139 138 
133 134 140 139 
134 135 141 140 
135 87 88 141 
62 136 142 61 
136 137 143 142 
137 138 144 143 
138 139 145 144 
139 140 146 145 
140 141 147 146 
141 88 89 147 
61 142 148 60 
142 143 149 148 
143 144 150 149 
144 145 151 150 
145 146 152 151 
146 147 153 152 
147 89 77 153 
60 148 154 59 
148 149 155 154 
149 150 156 155 
150 151 157 156 
151 152 158 157 
152 153 159 158 
153 77 81 159 
59 154 160 58 
154 155 161 160 
155 156 162 161 
156 157 163 162 
157 158 164 163 
158 159 165 164 
159 81 90 165 
58 160 166 57 
160 161 167 166 
161 162 168 167 
162 163 169 168 
163 164 170 169 
164 165 171 170 
165 90 91 171 
57 166 172 56 
166 167 173 172 
167 168 174 173 
168 169 175 174 
169 170 176 175 
170 171 177 176 
171 91 92 177 
56 172 178 55 
172 173 179 178 
173 174 180 179 
174 175 181 180 
175 176 182 181 
176 177 183 182 
177 92 93 183 
55 178 184 54 
178 179 185 184 
179 180 186 185 
180 181 187 186 
181 182 188 187 
182 183 189 188 
183 93 74 189 
54 184 190 53 
184 185 191 190 
185 186 192 191 
186 187 193 192 
187 188 194 193 
188 189 195 194 
189 74 71 195 
53 190 196 52 
190 191 197 196 
191 192 198 197 
192 193 199 198 
193 194 200 199 
194 195 201 200 
195 71 80 201 
52 196 202 51 
196 197 203 202 
197 198 204 203 
198 199 205 204 
199 200 206 205 
200 201 207 206 
201 80 79 207 
51 202 50 70 
202 203 49 50 
203 204 48 49 
204 205 72 48 
205 206 73 72 
206 207 78 73 
207 79 75 78 
24 30 312 227 
30 36 313 312 
36 42 283 313 
227 312 314 226 
312 313 315 314 
313 283 292 315 
226 314 316 225 
314 315 317 316 
315 292 296 317 
225 316 318 224 
316 317 319 318 
317 296 300 319 
224 318 320 223 
318 319 321 320 
319 300 278 321 
223 320 322 222 
320 321 323 322 
321 278 289 323 
222 322 324 221 
322 323 325 324 
323 289 282 325 
221 324 326 220 
324 325 327 326 
325 282 301 327 
220 326 328 219 
326 327 329 328 
327 301 297 329 
219 328 330 218 
328 329 331 330 
329 297 286 331 
218 330 332 217 
330 331 333 332 
331 286 294 333 
217 332 334 216 
332 333 335 334 
333 294 295 335 
216 334 336 215 
334 335 337 336 
335 295 287 337 
215 336 338 214 
336 337 339 338 
337 287 293 339 
214 338 340 213 
338 339 341 340 
339 293 298 341 
213 340 342 212 
340 341 343 342 
341 298 299 343 
212 342 344 211 
342 343 345 344 
343 299 288 345 
211 344 346 210 
344 345 347 346 
345 288 291 347 
210 346 348 209 
346 347 349 348 
347 291 290 349 
209 348 350 208 
348 349 351 350 
349 290 284 351 
208 350 352 311 
350 351 353 352 
351 284 302 353 
311 352 354 310 
352 353 355 354 
353 302 303 355 
310 354 356 309 
354 355 357 356 
355 303 304 357 
309 356 358 308 
356 357 359 358 
357 304 305 359 
308 358 307 280 
358 359 306 307 
359 305 279 306 
0 6 360 277 
6 12 361 360 
12 18 228 361 
277 360 362 276 
360 361 363 362 
361 228 229 363 
276 362 364 275 
362 363 365 364 
363 229 230 365 
275 364 366 274 
364 365 367 366 
365 230 231 367 
274 366 368 273 
366 367 369 368 
367 231 232 369 
273 368 370 272 
368 369 371 370 
369 232 233 371 
272 370 372 271 
370 371 373 372 
371 233 234 373 
271 372 374 270 
372 373 375 374 
373 234 235 375 
270 374 376 269 
374 375 377 376 
375 235 236 377 
269 376 378 268 
376 377 379 378 
377 236 237 379 
268 378 380 267 
378 379 381 380 
379 237 238 381 
267 380 382 266 
380 381 383 382 
381 238 239 383 
266 382 384 265 
382 383 385 384 
383 239 240 385 
265 384 386 264 
384 385 387 386 
385 240 241 387 
264 386 388 263 
386 387 389 388 
387 241 242 389 
263 388 390 262 
388 389 391 390 
389 242 243 391 
262 390 392 261 
390 391 393 392 
391 243 244 393 
261 392 394 260 
392 393 395 394 
393 244 245 395 
260 394 396 259 
394 395 397 396 
395 245 246 397 
259 396 398 258 
396 397 399 398 
397 246 247 399 
258 398 400 257 
398 399 401 400 
399 247 248 401 
257 400 402 256 
400 401 403 402 
401 248 249 403 
256 402 404 255 
402 403 405 404 
403 249 250 405 
255 404 406 254 
404 405 407 406 
405 250 251 407 
254 406 253 285 
406 407 252 253 
407 251 281 252 
24 227 228 18 
227 226 229 228 
226 225 230 229 
225 224 231 230 
224 223 232 231 
223 222 233 232 
222 221 234 233 
221 220 235 234 
220 219 236 235 
219 218 237 236 
218 217 238 237 
217 216 239 238 
216 215 240 239 
215 214 241 240 
214 213 242 241 
213 212 243 242 
212 211 244 243 
211 210 245 244 
210 209 246 245 
209 208 247 246 
208 311 248 247 
311 310 249 248 
310 309 250 249 
309 308 251 250 
308 280 281 251 
467 67 66 466 
68 468 470 69 
440 43 44 442 
297 456 446 286 
70 434 515 51 
733 515 550 519 
53 512 501 54 
54 501 509 55 
574 739 549 564 
502 57 56 471 
740 58 57 502 
58 740 472 59 
475 507 510 465 
473 61 60 503 
506 504 541 542 
63 464 475 64 
465 65 64 475 
65 465 466 66 
46 443 439 45 
435 413 596 412 
703 596 413 414 
410 411 614 591 
569 565 514 551 
514 565 749 548 
519 550 573 564 
424 433 425 622 
645 621 620 646 
485 448 447 486 
500 450 453 480 
479 481 524 520 
770 607 626 604 
643 615 591 614 
305 517 432 279 
302 483 462 303 
497 460 459 742 
449 487 496 457 
485 486 527 534 
620 427 428 623 
427 620 621 426 
426 621 622 425 
43 440 441 42 
42 441 453 283 
292 450 451 296 
296 451 452 300 
444 289 278 454 
289 444 455 282 
282 455 445 301 
301 445 456 297 
286 446 447 294 
294 447 448 295 
449 287 295 448 
293 457 458 298 
298 458 482 299 
459 288 299 482 
460 291 288 459 
484 290 291 460 
284 461 483 302 
303 462 463 304 
463 517 305 304 
469 47 69 470 
45 439 442 44 
443 46 47 469 
522 476 479 520 
477 440 442 476 
480 453 441 478 
450 292 283 453 
476 442 439 479 
481 443 469 516 
454 278 300 452 
527 486 495 533 
581 580 600 632 
495 446 456 494 
556 537 535 536 
448 485 487 449 
287 449 457 293 
450 500 488 451 
451 488 490 452 
440 477 478 441 
452 490 493 454 
491 444 454 493 
455 489 492 445 
445 492 494 456 
553 567 571 498 
741 483 461 518 
290 484 461 284 
498 571 517 463 
498 463 462 553 
464 63 62 474 
474 62 61 473 
516 538 524 481 
506 468 467 504 
67 467 468 68 
443 481 479 439 
516 469 470 511 
468 506 511 470 
471 56 55 509 
769 561 587 783 
59 472 503 60 
750 513 566 546 
466 505 504 467 
508 464 474 513 
507 475 464 508 
578 522 520 776 
522 521 477 476 
477 521 523 478 
599 767 554 584 
555 523 521 775 
552 482 458 499 
741 553 462 483 
518 461 484 751 
484 460 497 751 
486 447 446 495 
580 527 533 778 
489 455 444 491 
526 492 489 528 
485 534 536 487 
457 496 499 458 
494 529 533 495 
500 480 525 539 
493 532 753 491 
492 526 529 494 
500 539 530 488 
531 490 488 530 
537 499 496 535 
571 605 735 517 
482 552 742 459 
535 496 487 536 
523 525 480 478 
512 53 52 733 
512 733 519 738 
549 739 509 501 
505 466 465 510 
538 554 777 524 
513 474 473 566 
750 507 508 513 
503 548 566 473 
557 561 543 544 
472 514 548 503 
540 505 510 543 
510 507 544 543 
51 515 733 52 
544 507 750 545 
740 502 471 551 
565 569 748 572 
734 550 515 434 
511 547 538 516 
553 741 518 567 
549 738 519 564 
748 745 619 572 
775 521 522 578 
778 533 529 558 
541 504 505 540 
773 538 547 542 
528 489 491 753 
580 581 534 527 
493 490 531 532 
559 530 539 562 
779 558 529 526 
772 559 562 764 
530 559 781 531 
536 534 581 556 
582 598 752 568 
752 598 625 606 
582 568 537 556 
540 543 561 769 
782 562 539 525 
541 540 769 560 
511 506 542 547 
541 560 773 542 
566 548 749 546 
546 579 545 750 
672 626 653 747 
551 739 574 569 
672 761 604 626 
773 560 590 563 
739 551 471 509 
434 436 650 734 
595 594 438 408 
575 572 633 607 
740 551 514 472 
499 537 568 552 
571 567 577 605 
531 781 780 532 
523 555 782 525 
675 679 693 683 
588 587 561 557 
557 544 545 766 
528 753 585 586 
585 610 608 586 
589 585 780 781 
558 779 586 601 
528 586 779 526 
613 587 611 759 
773 563 554 538 
766 774 588 557 
590 560 769 783 
603 765 775 578 
559 772 589 781 
573 597 743 564 
546 749 575 579 
606 625 635 577 
742 552 576 497 
594 593 437 438 
408 409 592 595 
570 751 497 576 
576 552 568 752 
591 592 409 410 
573 650 593 597 
436 437 593 650 
432 517 735 431 
565 572 575 749 
582 602 644 598 
429 624 623 428 
752 606 570 576 
584 554 563 590 
657 599 627 654 
768 604 761 630 
579 770 766 545 
601 771 778 558 
771 649 652 600 
556 581 602 582 
623 648 646 620 
755 609 637 662 
764 562 782 765 
639 612 613 759 
636 655 608 610 
771 601 628 649 
590 613 612 584 
592 591 615 618 
640 642 665 666 
763 762 589 772 
763 583 756 609 
596 703 643 614 
640 641 616 618 
650 573 550 734 
594 595 616 617 
597 617 651 743 
659 619 651 641 
411 412 596 614 
593 594 617 597 
570 606 577 567 
584 612 627 599 
698 696 683 693 
608 628 601 586 
727 645 684 705 
610 762 755 636 
579 575 607 770 
431 735 647 430 
745 743 651 619 
585 589 762 610 
655 664 628 608 
756 757 629 660 
756 660 637 609 
728 705 711 731 
611 587 588 768 
709 673 654 639 
759 611 638 663 
639 759 663 709 
692 702 685 681 
633 572 619 659 
618 616 595 592 
685 672 747 681 
607 633 653 626 
424 622 727 423 
622 621 645 727 
624 429 430 647 
656 635 625 669 
631 605 577 635 
746 632 667 687 
629 758 634 658 
660 674 691 637 
723 708 726 720 
611 768 630 638 
624 647 631 677 
649 628 664 754 
602 581 632 746 
654 627 612 639 
670 648 677 656 
664 655 676 713 
658 634 657 678 
658 674 660 629 
760 630 761 661 
719 718 417 418 
712 690 704 720 
618 615 642 640 
617 616 641 651 
615 643 668 642 
680 760 661 695 
708 703 414 415 
652 667 632 600 
625 598 644 669 
671 683 696 684 
648 623 624 677 
605 631 647 735 
635 656 677 631 
667 754 686 687 
670 675 683 671 
653 633 659 666 
662 707 636 755 
655 636 707 676 
644 602 746 679 
673 678 657 654 
719 721 699 710 
641 640 666 659 
672 685 661 761 
717 697 715 722 
760 680 638 630 
712 710 700 690 
754 664 713 686 
642 668 682 665 
695 702 725 704 
656 669 675 670 
694 668 643 703 
671 646 648 670 
423 727 705 422 
645 646 671 684 
747 653 666 665 
674 658 678 689 
689 688 699 706 
679 675 669 644 
662 697 717 707 
714 716 731 711 
678 673 688 689 
754 667 652 649 
663 638 680 690 
692 681 682 701 
668 694 701 682 
716 714 713 676 
695 661 685 702 
711 705 684 696 
698 693 687 686 
679 746 687 693 
673 709 700 688 
699 721 715 706 
706 691 674 689 
718 719 710 712 
662 637 691 697 
665 682 681 747 
701 694 723 725 
690 680 695 704 
711 696 698 714 
717 722 737 732 
713 714 698 686 
688 700 710 699 
721 729 722 715 
663 690 700 709 
708 723 694 703 
702 692 701 725 
697 691 706 715 
724 730 728 731 
718 712 720 726 
732 676 707 717 
737 736 730 724 
719 418 729 721 
723 720 704 725 
737 724 744 732 
726 708 415 416 
416 417 718 726 
716 744 724 731 
728 421 422 705 
729 418 419 736 
730 420 421 728 
736 419 420 730 
722 729 736 737 
738 549 501 512 
564 743 745 574 
744 716 676 732 
569 574 745 748 
567 518 751 570 
585 753 532 780 
757 756 583 764 
757 603 758 629 
609 755 762 763 
772 764 583 763 
757 764 765 603 
555 775 765 782 
599 657 634 767 
758 603 767 634 
767 603 578 776 
768 588 774 604 
774 766 770 604 
771 600 580 778 
777 776 520 524 
767 776 777 554 
613 590 783 587 
828 276 275 827 
2 816 818 3 
89 851 852 77 
815 858 861 819 
285 785 839 254 
1029 839 785 805 
870 256 255 1102 
1105 865 833 864 
864 258 257 832 
259 258 864 833 
865 260 259 833 
834 261 260 865 
261 834 835 262 
866 1107 952 836 
836 264 263 866 
940 1135 1149 1136 
266 820 821 267 
267 821 822 268 
823 269 268 822 
838 270 269 823 
271 824 830 272 
825 273 272 830 
273 825 831 274 
1 817 816 2 
800 803 978 798 
1081 978 803 809 
796 797 994 973 
953 951 880 935 
865 935 880 834 
832 900 1105 864 
811 801 799 1004 
1001 1025 1024 1002 
1005 810 795 1027 
892 850 847 886 
845 76 85 849 
4 815 819 5 
860 816 817 862 
875 830 824 877 
867 822 821 868 
879 820 837 881 
962 1127 1006 1013 
1021 995 973 994 
79 899 784 75 
856 843 1106 883 
937 1112 1116 930 
90 853 854 91 
1123 1122 930 1116 
1002 1003 802 814 
802 1003 1004 799 
5 819 848 83 
84 844 849 85 
76 845 846 82 
82 846 847 86 
840 88 87 850 
88 840 851 89 
81 841 853 90 
92 842 855 93 
93 855 843 74 
74 843 856 71 
71 856 857 80 
857 899 79 80 
829 0 277 826 
817 1 0 829 
815 4 3 818 
861 858 901 905 
826 277 276 828 
862 817 829 882 
859 860 902 903 
859 818 816 860 
898 844 848 863 
844 84 83 848 
820 266 265 837 
837 265 264 836 
869 867 907 909 
822 867 869 823 
270 838 824 271 
828 873 872 826 
827 275 274 831 
818 859 858 815 
882 829 826 872 
878 838 823 869 
825 871 874 831 
876 827 831 874 
832 257 256 870 
935 865 1105 1111 
917 908 868 879 
262 835 866 263 
881 837 836 952 
254 839 1102 255 
1104 870 1102 933 
850 87 86 847 
888 851 840 885 
841 889 890 853 
841 81 77 852 
842 92 91 854 
936 899 857 897 
887 846 845 893 
893 845 849 894 
886 847 846 887 
819 861 863 848 
922 946 1133 921 
927 926 1131 945 
923 924 892 886 
1106 884 1115 883 
853 890 896 854 
884 855 842 891 
856 883 897 857 
964 924 923 1132 
860 862 904 902 
873 828 827 876 
862 882 906 904 
887 893 922 921 
1138 961 901 903 
894 849 844 898 
933 934 957 950 
950 1111 1105 900 
868 821 820 879 
878 916 913 877 
879 881 918 917 
830 875 871 825 
877 824 838 878 
872 873 912 920 
871 875 910 911 
911 915 874 871 
909 916 878 869 
1138 903 902 939 
1136 941 907 908 
932 835 834 880 
908 907 867 868 
951 953 956 1129 
970 1142 942 1153 
902 904 1139 939 
842 854 896 891 
936 897 1112 937 
851 888 895 852 
954 1128 928 955 
1133 981 986 1132 
885 840 850 892 
921 923 886 887 
894 898 931 925 
852 895 889 841 
895 888 927 1119 
938 905 901 961 
898 863 919 931 
885 892 924 926 
888 885 926 927 
895 928 1121 889 
890 929 1122 896 
863 861 905 919 
900 1104 933 950 
958 993 953 935 
858 859 903 901 
961 1138 982 1152 
882 872 920 906 
876 874 915 914 
980 1143 967 1007 
938 965 919 905 
942 910 913 944 
1137 913 916 909 
1107 932 1117 960 
910 875 877 913 
943 912 914 1141 
914 912 873 876 
1141 963 984 943 
963 1141 914 915 
1142 911 910 942 
915 911 1142 963 
907 941 1137 909 
941 1147 969 1137 
1144 1006 1148 1031 
893 894 925 922 
943 1140 920 912 
1134 1055 968 945 
925 931 949 972 
945 1131 964 1134 
1131 926 924 964 
986 1134 964 1132 
966 955 959 988 
1130 945 968 947 
1121 929 890 889 
966 987 954 955 
1122 929 1128 930 
999 936 937 1022 
1116 1112 1115 1123 
919 965 949 931 
835 932 1107 866 
880 951 1117 932 
934 933 1102 839 
977 976 807 808 
1129 989 1117 951 
784 899 1103 813 
1103 899 936 999 
1000 954 987 1014 
985 949 965 1151 
971 948 1140 943 
974 973 995 998 
940 1136 908 917 
944 913 1137 969 
963 983 1016 984 
948 906 920 1140 
1147 990 991 1154 
789 1001 1002 814 
946 922 925 972 
955 928 1130 947 
939 1143 980 1150 
1143 939 1139 948 
950 957 979 958 
1107 960 1118 952 
918 881 952 1118 
976 975 806 807 
808 788 974 977 
1011 966 988 1071 
1128 954 1000 930 
959 955 947 968 
973 974 788 796 
962 1135 918 1118 
957 1029 975 979 
805 806 975 1029 
1025 1046 1047 1024 
1118 960 1127 962 
989 1127 960 1117 
938 961 1152 1155 
1019 1020 1059 1042 
1135 940 917 918 
983 963 1142 970 
1150 982 1138 939 
810 1005 1001 789 
992 1032 1007 967 
991 990 1017 1033 
942 944 1154 1153 
970 1009 1016 983 
984 1012 971 943 
948 971 967 1143 
985 1008 972 949 
1146 946 972 1008 
978 1081 1021 994 
997 996 1018 1030 
1029 957 934 839 
1110 993 958 979 
1144 1058 1048 1006 
797 798 978 994 
975 976 997 979 
1134 1039 1124 1055 
1023 982 1150 980 
1152 982 1023 1155 
991 970 1153 1154 
1045 1060 1063 1049 
968 1055 1114 959 
1026 1050 1046 1025 
1074 1047 1085 1082 
1047 1074 1061 1024 
993 1015 956 953 
962 1013 1149 1135 
1016 1009 1035 1036 
984 1016 1036 1012 
1009 970 991 1033 
1060 1053 1068 1073 
992 967 971 1012 
976 977 996 997 
979 997 1030 1110 
998 996 977 974 
1058 1062 1038 1048 
813 1103 1027 795 
1000 1022 937 930 
1071 988 1010 1085 
811 1004 1092 787 
1024 1061 1003 1002 
999 1041 1027 1103 
1031 1129 956 1015 
1032 1053 1040 1007 
980 1007 1040 1023 
1035 1009 1033 1051 
1114 1010 988 959 
1026 1025 1001 1005 
987 966 1011 1050 
1014 1108 1022 1000 
1030 1034 993 1110 
1019 1018 996 998 
990 1013 1038 1017 
1017 1052 1051 1033 
1034 1030 1018 1043 
998 995 1020 1019 
995 1021 1044 1020 
1120 1052 1062 1069 
1088 1081 809 794 
1061 1092 1004 1003 
1041 1026 1005 1027 
1050 1026 1041 1108 
1041 999 1022 1108 
1028 1045 1049 1008 
1008 985 1151 1028 
1129 1031 1148 989 
1034 1072 1015 993 
1064 992 1012 1036 
1079 1097 1095 1089 
1052 1017 1038 1062 
1075 1064 1054 1100 
1018 1019 1042 1043 
1054 1035 1051 1066 
1036 1035 1054 1064 
1008 1049 1057 1146 
1076 1087 1082 1056 
1013 1006 1048 1038 
946 1146 981 1133 
1040 1053 1060 1045 
1023 1040 1045 1028 
1043 1126 1072 1034 
1059 1020 1044 1113 
1044 1021 1081 1070 
1073 1077 1063 1060 
1037 1056 1010 1114 
787 1092 1083 792 
1144 1072 1126 1058 
1084 1057 1049 1063 
1124 1037 1114 1055 
1014 987 1050 1108 
1050 1011 1071 1046 
1066 1091 1100 1054 
1086 1065 1080 1093 
1064 1075 1032 992 
1073 1068 1090 1079 
1065 1066 1051 1052 
1067 1039 1057 1084 
1146 1057 1039 981 
1125 1043 1042 1059 
1069 1062 1145 1125 
1078 1113 1044 1070 
1085 1047 1046 1071 
1092 1061 1074 1083 
1145 1062 1058 1126 
1076 1109 1094 1087 
1100 1091 1098 1090 
1087 1083 1074 1082 
1084 1063 1077 1109 
1037 1067 1076 1056 
1075 1068 1053 1032 
1125 1145 1126 1043 
1113 1078 1120 1069 
1093 1078 1088 1101 
1031 1015 1072 1144 
1099 1094 1089 1095 
1052 1120 1080 1065 
1076 1067 1084 1109 
1073 1079 1089 1077 
1059 1113 1069 1125 
1090 1068 1075 1100 
791 786 1095 1097 
1093 1101 1096 1086 
793 792 1083 1099 
1085 1010 1056 1082 
1098 1096 790 812 
1066 1065 1086 1091 
1070 1081 1088 1078 
1087 1094 1099 1083 
812 791 1097 1098 
1090 1098 1097 1079 
1078 1093 1080 1120 
804 790 1096 1101 
1089 1094 1109 1077 
786 793 1099 1095 
1091 1086 1096 1098 
1101 1088 794 804 
1104 900 832 870 
1106 843 855 884 
958 935 1111 950 
1112 897 883 1115 
1123 1115 884 891 
928 895 1119 1130 
1130 1119 927 945 
929 1121 928 1128 
896 1122 1123 891 
1124 1039 1067 1037 
1127 989 1148 1006 
1132 923 921 1133 
986 981 1039 1134 
1139 904 906 948 
941 1136 1149 1156 
990 1156 1149 1013 
1147 941 1156 990 
1028 1151 1155 1023 
1155 1151 965 938 
1154 944 969 1147 
</DataArray>
<DataArray type="Int32" Name="offsets" format="ascii">
4 8 12 16 20 24 28 32 36 40 44 48 52 56 60 64 68 72 76 80 84 88 92 96 100 104 108 112 116 120 124 128 132 136 140 144 148 152 156 160 164 168 172 176 180 184 188 192 196 200 204 208 212 216 220 224 228 232 236 240 244 248 252 256 260 264 268 272 276 280 284 288 292 296 300 304 308 312 316 320 324 328 332 336 340 344 348 352 356 360 364 368 372 376 380 384 388 392 396 400 404 408 412 416 420 424 428 432 436 440 444 448 452 456 460 464 468 472 476 480 484 488 492 496 500 504 508 512 516 520 524 528 532 536 540 544 548 552 556 560 564 568 572 576 580 584 588 592 596 600 604 608 612 616 620 624 628 632 636 640 644 648 652 656 660 664 668 672 676 680 684 688 692 696 700 704 708 712 716 720 724 728 732 736 740 744 748 752 756 760 764 768 772 776 780 784 788 792 796 800 804 808 812 816 820 824 828 832 836 840 844 848 852 856 860 864 868 872 876 880 884 888 892 896 900 904 908 912 916 920 924 928 932 936 940 944 948 952 956 960 964 968 972 976 980 984 988 992 996 1000 1004 1008 1012 1016 1020 1024 1028 1032 1036 1040 1044 1048 1052 1056 1060 1064 1068 1072 1076 1080 1084 1088 1092 1096 1100 1104 1108 1112 1116 1120 1124 1128 1132 1136 1140 1144 1148 1152 1156 1160 1164 1168 1172 1176 1180 1184 1188 1192 1196 1200 1204 1208 1212 1216 1220 1224 1228 1232 1236 1240 1244 1248 1252 1256 1260 1264 1268 1272 1276 1280 1284 1288 1292 1296 1300 1304 1308 1312 1316 1320 1324 1328 1332 1336 1340 1344 1348 1352 1356 1360 1364 1368 1372 1376 1380 1384 1388 1392 1396 1400 1404 1408 1412 1416 1420 1424 1428 1432 1436 1440 1444 1448 1452 1456 1460 1464 1468 1472 1476 1480 1484 1488 1492 1496 1500 1504 1508 1512 1516 1520 1524 1528 1532 1536 1540 1544 1548 1552 1556 1560 1564 1568 1572 1576 1580 1584 1588 1592 1596 1600 1604 1608 1612 1616 1620 1624 1628 1632 1636 1640 1644 1648 1652 1656 1660 1664 1668 1672 1676 1680 1684 1688 1692 1696 1700 1704 1708 1712 1716 1720 1724 1728 1732 1736 1740 1744 1748 1752 1756 1760 1764 1768 1772 1776 1780 1784 1788 1792 1796 1800 1804 1808 1812 1816 1820 1824 1828 1832 1836 1840 1844 1848 1852 1856 1860 1864 1868 1872 1876 1880 1884 1888 1892 1896 1900 1904 1908 1912 1916 1920 1924 1928 1932 1936 1940 1944 1948 1952 1956 1960 1964 1968 1972 1976 1980 1984 1988 1992 1996 2000 2004 2008 2012 2016 2020 2024 2028 2032 2036 2040 2044 2048 2052 2056 2060 2064 2068 2072 2076 2080 2084 2088 2092 2096 2100 2104 2108 2112 2116 2120 2124 2128 2132 2136 2140 2144 2148 2152 2156 2160 2164 2168 2172 2176 2180 2184 2188 2192 2196 2200 2204 2208 2212 2216 2220 2224 2228 2232 2236 2240 2244 2248 2252 2256 2260 2264 2268 2272 2276 2280 2284 2288 2292 2296 2300 2304 2308 2312 2316 2320 2324 2328 2332 2336 2340 2344 2348 2352 2356 2360 2364 2368 2372 2376 2380 2384 2388 2392 2396 2400 2404 2408 2412 2416 2420 2424 2428 2432 2436 2440 2444 2448 2452 2456 2460 2464 2468 2472 2476 2480 2484 2488 2492 2496 2500 2504 2508 2512 2516 2520 2524 2528 2532 2536 2540 2544 2548 2552 2556 2560 2564 2568 2572 2576 2580 2584 2588 2592 2596 2600 2604 2608 2612 2616 2620 2624 2628 2632 2636 2640 2644 2648 2652 2656 2660 2664 2668 2672 2676 2680 2684 2688 2692 2696 2700 2704 2708 2712 2716 2720 2724 2728 2732 2736 2740 2744 2748 2752 2756 2760 2764 2768 2772 2776 2780 2784 2788 2792 2796 2800 2804 2808 2812 2816 2820 2824 2828 2832 2836 2840 2844 2848 2852 2856 2860 2864 2868 2872 2876 2880 2884 2888 2892 2896 2900 2904 2908 2912 2916 2920 2924 2928 2932 2936 2940 2944 2948 2952 2956 2960 2964 2968 2972 2976 2980 2984 2988 2992 2996 3000 3004 3008 3012 3016 3020 3024 3028 3032 3036 3040 3044 3048 3052 3056 3060 3064 3068 3072 3076 3080 3084 3088 3092 3096 3100 3104 3108 3112 3116 3120 3124 3128 3132 3136 3140 3144 3148 3152 3156 3160 3164 3168 3172 3176 3180 3184 3188 3192 3196 3200 3204 3208 3212 3216 3220 3224 3228 3232 3236 3240 3244 3248 3252 3256 3260 3264 3268 3272 3276 3280 3284 3288 3292 3296 3300 3304 3308 3312 3316 3320 3324 3328 3332 3336 3340 3344 3348 3352 3356 3360 3364 3368 3372 3376 3380 3384 3388 3392 3396 3400 3404 3408 3412 3416 3420 3424 3428 3432 3436 3440 3444 3448 3452 3456 3460 3464 3468 3472 3476 3480 3484 3488 3492 3496 3500 3504 3508 3512 3516 3520 3524 3528 3532 3536 3540 3544 3548 3552 3556 3560 3564 3568 3572 3576 3580 3584 3588 3592 3596 3600 3604 3608 3612 3616 3620 3624 3628 3632 3636 3640 3644 3648 3652 3656 3660 3664 3668 3672 3676 3680 3684 3688 3692 3696 3700 3704 3708 3712 3716 3720 3724 3728 3732 3736 3740 3744 3748 3752 3756 3760 3764 3768 3772 3776 3780 3784 3788 3792 3796 3800 3804 3808 3812 3816 3820 3824 3828 3832 3836 3840 3844 3848 3852 3856 3860 3864 3868 3872 3876 3880 3884 3888 3892 3896 3900 3904 3908 3912 3916 3920 3924 3928 3932 3936 3940 3944 3948 3952 3956 3960 3964 3968 3972 3976 3980 3984 3988 3992 3996 4000 4004 4008 4012 4016 4020 4024 4028 4032 4036 4040 4044 4048 4052 4056 4060 4064 4068 4072 4076 4080 4084 4088 4092 4096 4100 4104 4108 4112 4116 4120 4124 4128 4132 4136 4140 4144 4148 4152 4156 4160 4164 4168 4172 4176 4180 4184 4188 4192 4196 4200 4204 4208 4212 4216 4220 4224 4228 4232 4236 4240 4244 4248 4252 4256 4260 4264 4268 4272 4276 4280 4284 4288 4292 4296 4300 4304 4308 4312 4316 4320 4324 4328 4332 4336 4340 4344 4348 4352 4356 4360 4364 4368 4372 4376 4380 4384 4388 4392 4396 4400 4404 4408 4412 4416 4420 4424 4428 4432 4436 4440 4444 4448 4452 4456 4460 4464 4468 
</DataArray>
<DataArray type="UInt8" Name="types" format="ascii">
9 9 9 9 9 9 9 9 9 9 9 9 9 9 9 9 9 9 9 9 9 9 9 9 9 9 9 9 9 9 9 9 9 9 9 9 9 9 9 9 9 9 9 9 9 9 9 9 9 9 9 9 9 9 9 9 9 9 9 9 9 9 9 9 9 9 9 9 9 9 9 9 9 9 9 9 9 9 9 9 9 9 9 9 9 9 9 9 9 9 9 9 9 9 9 9 9 9 9 9 9 9 9 9 9 9 9 9 9 9 9 9 9 9 9 9 9 9 9 9 9 9 9 9 9 9 9 9 9 9 9 9 9 9 9 9 9 9 9 9 9 9 9 9 9 9 9 9 9 9 9 9 9 9 9 9 9 9 9 9 9 9 9 9 9 9 9 9 9 9 9 9 9 9 9 9 9 9 9 9 9 9 9 9 9 9 9 9 9 9 9 9 9 9 9 9 9 9 9 9 9 9 9 9 9 9 9 9 9 9 9 9 9 9 9 9 9 9 9 9 9 9 9 9 9 9 9 9 9 9 9 9 9 9 9 9 9 9 9 9 9 9 9 9 9 9 9 9 9 9 9 9 9 9 9 9 9 9 9 9 9 9 9 9 9 9 9 9 9 9 9 9 9 9 9 9 9 9 9 9 9 9 9 9 9 9 9 9 9 9 9 9 9 9 9 9 9 9 9 9 9 9 9 9 9 9 9 9 9 9 9 9 9 9 9 9 9 9 9 9 9 9 9 9 9 9 9 9 9 9 9 9 9 9 9 9 9 9 9 9 9 9 9 9 9 9 9 9 9 9 9 9 9 9 9 9 9 9 9 9 9 9 9 9 9 9 9 9 9 9 9 9 9 9 9 9 9 9 9 9 9 9 9 9 9 9 9 9 9 9 9 9 9 9 9 9 9 9 9 9 9 9 9 9 9 9 9 9 9 9 9 9 9 9 9 9 9 9 9 9 9 9 9 9 9 9 9 9 9 9 9 9 9 9 9 9 9 9 9 9 9 9 9 9 9 9 9 9 9 9 9 9 9 9 9 9 9 9 9 9 9 9 9 9 9 9 9 9 9 9 9 9 9 9 9 9 9 9 9 9 9 9 9 9 9 9 9 9 9 9 9 9 9 9 9 9 9 9 9 9 9 9 9 9 9 9 9 9 9 9 9 9 9 9 9 9 9 9 9 9 9 9 9 9 9 9 9 9 9 9 9 9 9 9 9 9 9 9 9 9 9 9 9 9 9 9 9 9 9 9 9 9 9 9 9 9 9 9 9 9 9 9 9 9 9 9 9 9 9 9 9 9 9 9 9 9 9 9 9 9 9 9 9 9 9 9 9 9 9 9 9 9 9 9 9 9 9 9 9 9 9 9 9 9 9 9 9 9 9 9 9 9 9 9 9 9 9 9 9 9 9 9 9 9 9 9 9 9 9 9 9 9 9 9 9 9 9 9 9 9 9 9 9 9 9 9 9 9 9 9 9 9 9 9 9 9 9 9 9 9 9 9 9 9 9 9 9 9 9 9 9 9 9 9 9 9 9 9 9 9 9 9 9 9 9 9 9 9 9 9 9 9 9 9 9 9 9 9 9 9 9 9 9 9 9 9 9 9 9 9 9 9 9 9 9 9 9 9 9 9 9 9 9 9 9 9 9 9 9 9 9 9 9 9 9 9 9 9 9 9 9 9 9 9 9 9 9 9 9 9 9 9 9 9 9 9 9 9 9 9 9 9 9 9 9 9 9 9 9 9 9 9 9 9 9 9 9 9 9 9 9 9 9 9 9 9 9 9 9 9 9 9 9 9 9 9 9 9 9 9 9 9 9 9 9 9 9 9 9 9 9 9 9 9 9 9 9 9 9 9 9 9 9 9 9 9 9 9 9 9 9 9 9 9 9 9 9 9 9 9 9 9 9 9 9 9 9 9 9 9 9 9 9 9 9 9 9 9 9 9 9 9 9 9 9 9 9 9 9 9 9 9 9 9 9 9 9 9 9 9 9 9 9 9 9 9 9 9 9 9 9 9 9 9 9 9 9 9 9 9 9 9 9 9 9 9 9 9 9 9 9 9 9 9 9 9 9 9 9 9 9 9 9 9 9 9 9 9 9 9 9 9 9 9 9 9 9 9 9 9 9 9 9 9 9 9 9 9 9 9 9 9 9 9 9 9 9 9 9 9 9 9 9 9 9 9 9 9 9 9 9 9 9 9 9 9 9 9 9 9 9 9 9 9 9 9 9 9 9 9 9 9 9 9 9 9 9 9 9 9 9 9 9 9 9 9 9 9 9 9 9 9 9 9 9 9 9 9 9 9 9 9 9 9 9 9 9 9 9 9 9 9 9 9 9 9 9 9 9 9 9 9 9 9 9 9 9 9 9 9 9 9 9 9 9 9 9 9 9 9 9 9 9 9 9 9 9 9 9 9 9 9 9 9 9 9 9 9 9 9 9 9 9 9 9 9 9 9 9 9 9 9 9 9 9 9 9 9 9 9 9 9 9 9 9 9 9 9 9 9 9 9 9 9 9 9 9 
</DataArray>
</Cells>
<PointData>
<DataArray type="Float64" Name="phi" NumberOfComponents="1" format="ascii">
0.5350988286409674 
0.4964854020489526 
0.4501890853260367 
0.4018960047512407 
0.3566505450556123 
0.3167048398694849 
0.6380342742115658 
0.5806745263047745 
0.5113486564776818 
0.4438142597828101 
0.3857684425552841 
0.3372212746604956 
0.7718593880070854 
0.679107211990768 
0.5671904781169198 
0.4787933850783865 
0.4086216078899323 
0.3526792121129853 
1 
0.7483412235934922 
0.6029813850120336 
0.4993437363877776 
0.4214089285090544 
0.3610115949243073 
1 
0.7483803386470564 
0.6030147157485672 
0.4993699743156546 
0.4214282405364598 
0.3610260867591826 
0.771954587975498 
0.6792093474077315 
0.5672815656659244 
0.4788637145329347 
0.4086740168668336 
0.3527204134153888 
0.638213420838719 
0.5808498941272349 
0.5114894518766312 
0.4439149891981375 
0.3858417075018316 
0.3372825451926625 
0.535396306204332 
0.4967332449482351 
0.4503639969436009 
0.4020092109794397 
0.35672265341864 
0.3167768912567807 
0.1007059305952883 
0.1009416070216447 
0.1014136521756099 
0.1026474067996957 
0.1040830677323421 
0.1061937092425504 
0.1088692393227138 
0.1120517393787679 
0.1157182273292966 
0.1198858253526511 
0.1246938850738741 
0.1302320452059879 
0.1366464197420496 
0.1441108151875075 
0.1528501889964104 
0.1631499657527137 
0.1754176844705199 
0.1899988322026075 
0.2073671757801449 
0.2280674187515215 
0.2527390474266825 
0.282083436674387 
0.1021322567477934 
0.1062175599994861 
0.1007108386525695 
0.1009568494091904 
0.108868234915044 
0.10216051099236 
0.2072222772046335 
0.136591985159347 
0.1014411404257525 
0.1027079304725722 
0.1041216578315523 
0.1301946987739124 
0.1898694818470327 
0.2819954556035874 
0.2526232232726355 
0.2279319322745063 
0.1753119786649724 
0.1630806750410671 
0.1527678691124183 
0.1440393721037974 
0.1246717064117765 
0.1198751322656932 
0.1156859715862467 
0.1120277857993993 
0.2965704648558692 
0.3071931215349247 
0.3128265715329612 
0.3128137053288654 
0.307154888229291 
0.2965072484706201 
0.2630772130465096 
0.2705160907821689 
0.2744105908438637 
0.2743969667207213 
0.2704740621367542 
0.2630028795379645 
0.2354950090334151 
0.2407618260493511 
0.2434913474518635 
0.2434759369856098 
0.2407138206171633 
0.2354083938194189 
0.2127232150413112 
0.2164762180027767 
0.218404097722816 
0.218387422211451 
0.2164245212599005 
0.2126312266500179 
0.1938643116602216 
0.1965428297362081 
0.1979078211159547 
0.1978913340595144 
0.1964924042355298 
0.1937765795571332 
0.1781915968759632 
0.1800959938289743 
0.1810586432516576 
0.1810437938400948 
0.1800513700201549 
0.1781177133542662 
0.1651236262005613 
0.1664574930793895 
0.1671267364768585 
0.1671140560759442 
0.1664199013149584 
0.1650630457401912 
0.1541846275205668 
0.1550881929386338 
0.155538781194424 
0.1555278618913523 
0.1550555474480304 
0.1541304982487403 
0.1449726223297656 
0.1455511563047691 
0.1458376691336091 
0.1458281030679698 
0.1455223506763526 
0.14492347333496 
0.1371561281627888 
0.1374928897556796 
0.1376566814921075 
0.1376484458872505 
0.1374684414817416 
0.1371162177545776 
0.1304768375928092 
0.1306310589405815 
0.1307023964483997 
0.1306955545870971 
0.130611358273484 
0.1304465850012194 
0.1247298058047703 
0.1247421472334009 
0.1247419182604532 
0.1247364897394012 
0.124726793233192 
0.1247083319795462 
0.1197547831648026 
0.1196507927215305 
0.1195935596497875 
0.1195895486933572 
0.1196391406684498 
0.1197373415629216 
0.1154244592305141 
0.1152242661817098 
0.1151207876344192 
0.1151183205896221 
0.1152161291622053 
0.1154084568708066 
0.1116471774043268 
0.1113700117068305 
0.1112292725467494 
0.1112288808126144 
0.11136731235768 
0.1116373387528413 
0.1083770792474785 
0.1080390840884032 
0.1078681778655414 
0.1078705692764604 
0.1080448290064372 
0.1083821873441863 
0.1056231326984397 
0.1052328461306468 
0.1050365296168852 
0.1050414022391413 
0.1052473191536695 
0.1056447365223945 
0.1034449686618903 
0.1030117554137453 
0.1027943671713769 
0.1028000500738935 
0.103029659120992 
0.1034779115782682 
0.1019715212378439 
0.1015078158594255 
0.1012767751841609 
0.1012819230689578 
0.1015239811258268 
0.1020007458217327 
1 
1 
1 
1 
1 
1 
1 
1 
1 
1 
1 
1 
1 
1 
1 
1 
1 
1 
1 
1 
1 
1 
1 
1 
1 
1 
1 
1 
1 
1 
1 
1 
1 
1 
1 
1 
1 
1 
1 
1 
1 
1 
1 
1 
0.8454745316743668 
0.7142190975946273 
0.602828139092664 
0.6059880024625618 
0.6070640662026401 
0.6069020513152515 
0.6068656069687913 
0.6070873720968465 
0.6055762543049459 
0.6053057338213776 
0.6058043495933891 
0.60619224790194 
0.606429799189521 
0.6064900581404591 
0.6064698977608397 
0.6063636308463219 
0.6061983537797572 
0.6059080399613914 
0.6053740298373339 
0.6044188335651473 
0.6029108747923848 
0.6006599730908733 
0.5970570757577015 
0.5911675957614727 
0.5808974520531704 
0.5632289123515405 
0.6006948522392195 
0.6009307164844866 
1 
1 
0.6042362996605199 
0.5634714884256974 
0.6066837853954938 
0.602474243727766 
0.6057172592232614 
0.6063520536406866 
0.6064459725213257 
0.6029152093956319 
0.6063847724425347 
0.6063957931598337 
0.5811104064903562 
0.6063623038432842 
0.6059082979874119 
0.6061401431478803 
0.5913000503530157 
0.605444813169068 
0.6061969468535726 
0.6062407074908369 
0.5971656116521505 
0.6050378889255862 
0.6070922085056439 
0.6070785639248972 
0.605704069503581 
0.6016514965922721 
0.7134291925163568 
0.8451369719703173 
1 
1 
1 
1 
0.8224460842967917 
0.6761005007770861 
0.8343051841904893 
0.695519005206943 
0.8398338199557681 
0.7045256781969997 
0.8426228615300959 
0.7094075367444788 
0.8441712521434368 
0.7122017384694963 
0.8450709517459839 
0.7138660832644369 
0.845602622012105 
0.7148657335007222 
0.8459135740471532 
0.7154494529789003 
0.8460925940711028 
0.7157840482431485 
0.8461993978470543 
0.715982778065815 
0.8462722328012798 
0.7161283978134293 
0.8463274824710418 
0.7162544302595943 
0.8463619343593339 
0.7163427320573228 
0.8463713120430145 
0.7163559023090634 
0.8463683372286135 
0.7163305531783908 
0.8463719849442438 
0.7163442293205724 
0.846385142046005 
0.7163879135674848 
0.8464031558893896 
0.7164149177463771 
0.8464335960466545 
0.7164639595548327 
0.8464741257362607 
0.716586967801664 
0.8464638584654955 
0.7166710813415383 
0.8462732110464056 
0.7164061206274657 
0.845847751606132 
0.715387911143641 
0.8453567535267981 
0.7140902761220674 
0.6759409255679844 
0.8223684723601798 
0.6953914703986036 
0.8342426851165101 
0.7044303289330434 
0.8397874649861509 
0.7093468304150484 
0.8425933279248835 
0.712176345644008 
0.8441622116680446 
0.7138980447466442 
0.8450905773506293 
0.7149801155086974 
0.8456602119390592 
0.7156560417494305 
0.8460105639507891 
0.7160542108021228 
0.8462186756480504 
0.7162751180679444 
0.8463354511824551 
0.7163952143076332 
0.8463965855497202 
0.7164522357434032 
0.8464221003340997 
0.7164544966004832 
0.8464174627452727 
0.7163876893292891 
0.8463798605874606 
0.7162403720518724 
0.8463088978609814 
0.7160313593004567 
0.8462295347110452 
0.7159157025483615 
0.8462069279281395 
0.7161324435166585 
0.8462833169744344 
0.7164928205912903 
0.8464119036784282 
0.7166928105021581 
0.8464994152657261 
0.7166811521341601 
0.8464915069901306 
0.7164684591362743 
0.8463355039568368 
0.7156985486106421 
0.8460116931000153 
0.7147181360365498 
0.8456405671342532 
0.1213032544687099 
0.1249799948765433 
0.1280279050600708 
0.1304087675112411 
0.1319923934524321 
0.1262181026491756 
0.1140986067318533 
0.09976337046410889 
0.08320705936200633 
0.06541010221284779 
0.04716418467711053 
0.03412716583454374 
0.0248316644082396 
0.01932886827791632 
0.01636141524739829 
0.01548131677105768 
0.01528247704246228 
0.01701480215325983 
0.02271055910841636 
0.03377104073043877 
0.05294884771722292 
0.08502017538613009 
0.1379083249347099 
0.2247625931413836 
0.3691525231277155 
0.01526611147949834 
0.1046976630666935 
0.1325311329233735 
0.1085109042053054 
0.1127203731398149 
0.1171274447255694 
0.3450139724398064 
0.4075069346707244 
0.4338197311953911 
0.3772061304369972 
0.3140073426866984 
0.4874961206637233 
0.4852344815352145 
0.4779173843885187 
0.4763152524693401 
0.4778970031817546 
0.4810118133369516 
0.4661093918700561 
0.4745339371888624 
0.4803122375740927 
0.4532706581797485 
0.4840842710793828 
0.4867720633663776 
0.4805357395570836 
0.4803111864468343 
0.4746294762653737 
0.4896703933168804 
0.4898749100318621 
0.4956939720662661 
0.474315469792237 
0.4373810161067636 
0.1592222002609622 
0.1815589094869212 
0.1970785290529299 
0.2152951008089272 
0.23642983939813 
0.2860497182754344 
0.2604654191017636 
0.1173041005491293 
0.1283985741124595 
0.1418077113962246 
0.1500184580145362 
0.1690265005716942 
0.3162998033380165 
0.3380739242444477 
0.3564394075526023 
0.2943905360927627 
0.3673288424346147 
0.2727519581193218 
0.4755629112809674 
0.4961704667248698 
0.4898988090069243 
0.3758369983765374 
0.3721103214268889 
0.3852730675691274 
0.3777002406728374 
0.3859558204973513 
0.382034310655182 
0.3843842537609685 
0.3848796149604651 
0.3838802484157123 
0.3799319996735241 
0.3742599073293203 
0.3895256989147036 
0.3901934104859693 
0.3669052401437327 
0.3752948958908543 
0.372845645137825 
0.1103380000368756 
0.1200488817978896 
0.1346373886733521 
0.2025972065618988 
0.186626052795401 
0.2204345407554852 
0.1590097519518379 
0.1552853864285271 
0.1136252895783626 
0.1723579700409282 
0.2390201550669453 
0.1077061271220366 
0.1476748054533952 
0.1265873342011832 
0.1047705881120401 
0.2539819186891143 
0.3616129758096631 
0.3973721083967342 
0.1085089791978686 
0.2503735070971768 
0.2836008709539318 
0.265457977266612 
0.2985084091107648 
0.2360879473154887 
0.3001181781955481 
0.3042204751520998 
0.2875595924113515 
0.2936442776879184 
0.3003771933848721 
0.2983524046362837 
0.3019417161659979 
0.3023788334515085 
0.2928548394646398 
0.2889080176859299 
0.3311395075241677 
0.3090117554168851 
0.3018638009130006 
0.2175109725942485 
0.2974739524781555 
0.1764241864996061 
0.190237000042247 
0.2057699219596218 
0.164248689810144 
0.1535839146311003 
0.1435999848788359 
0.1378678307827916 
0.2210108029139799 
0.1327773881353256 
0.1116685631044915 
0.1075020909382199 
0.1203116630775607 
0.3575614667636413 
0.3864596365528184 
0.1868813421032849 
0.2603372301172449 
0.2519290247360932 
0.1469593480417751 
0.2372488032925414 
0.2348344915451299 
0.1782396348106232 
0.1555471549952634 
0.2358542222139315 
0.1812743253238764 
0.1122403844481956 
0.1253789584628504 
0.1397404547620698 
0.3069103829770476 
0.2715736059812508 
0.1205814927337924 
0.2999457095048956 
0.3063662498714493 
0.1234270876086554 
0.110489395762318 
0.1162205016814627 
0.1291609327613237 
0.3144651986787623 
0.2156481434178437 
0.2205217764492259 
0.1356365657089799 
0.2232194086876124 
0.2090351390812293 
0.2124705988606172 
0.1547564395671039 
0.1594692535755046 
0.2095265299646975 
0.209841827604856 
0.1441522767298019 
0.138656991871001 
0.1909563548066762 
0.162654554835008 
0.1251625944692493 
0.123213993568273 
0.11290543395639 
0.1167621783914457 
0.1203205030915846 
0.1260655923982256 
0.1136877196740919 
0.1840521453840592 
0.1496600709323557 
0.1776316184511577 
0.1888541159096613 
0.1667347714383117 
0.1796177828206582 
0.1288802261629496 
0.2131105328188991 
0.2244482694017951 
0.1273392178492923 
0.1386265374463643 
0.1192668255936353 
0.1406939052559634 
0.1287346679354781 
0.1404816234887934 
0.1424064531711952 
0.126029082850127 
0.1212450230490454 
0.1193203617037047 
0.1167960437503177 
0.120948164669679 
0.1195482689334866 
0.03515816965750642 
0.02329707398822816 
0.01712879301590092 
0.05503523573425747 
0.08691540491872486 
0.163582356490974 
0.124373264684561 
0.1379057895983629 
0.1383251305090845 
0.1335492968710437 
0.1214668161951341 
0.1414823393246363 
0.1569896199694479 
0.1231305782126657 
0.1424256745997077 
0.1498587767528352 
0.09885580416701661 
0.09743944788632054 
0.1171119638613679 
0.1231244742526941 
0.11963712675709 
0.1191736861289153 
0.1186804695111511 
0.1196081685934727 
0.1381946722127147 
0.02535906291821411 
0.03899639681755028 
0.1375442620423455 
0.06038082288088524 
0.1423197213679299 
0.1093217612706419 
0.1176231422502719 
0.1479980739090813 
0.121379574955146 
0.1235670762747005 
0.09366772149974743 
0.1028034155954161 
0.130472585472113 
0.1192028608571818 
0.1203085843811839 
0.1143589289331265 
0.1155172237058673 
0.08346642589252996 
0.1100944464585659 
0.09741672632422939 
0.1179064608501722 
0.1197404400609627 
0.1252799019807375 
0.1158375312873846 
0.117288049728149 
0.06944532304556904 
0.04626598144349209 
0.1202769375585808 
0.1054580262679212 
0.09935178081529128 
0.08312526079050177 
0.06038750485814603 
0.0926096009475659 
0.1097497951893718 
0.1025660488473406 
0.1094632330469329 
0.1152017950443126 
0.11477419494688 
0.05832882284459025 
0.03040373894070482 
0.1153173424020745 
0.08034238707230508 
0.09930059103506325 
0.08727439317593486 
0.09021781340282592 
0.09621382694217349 
0.08183565548357413 
0.1118146936261099 
0.07605017374134151 
0.1102782500309231 
0.1081095577520934 
0.04128614062783685 
0.06718651672347467 
0.05790029102482947 
0.07026607295505835 
0.08951352984567894 
0.1103213623157587 
0.1097498172154319 
0.1143310455767279 
0.09911278326929682 
0.02010630639686262 
0.07262951997155773 
0.07178069942917478 
0.1001737621941856 
0.1058402446616782 
0.0737765753495854 
0.03137745427822768 
0.08133105887756439 
0.06800585725306722 
0.04692125272747001 
0.05767989838429153 
0.04157754005263506 
0.0554866285576075 
0.07090364431282145 
0.05972346857238876 
0.09084857131091807 
0.05504925255499812 
0.04610761748731201 
0.1012917653928805 
0.03131780812481491 
0.10461013219773 
0.085418139062176 
0.01792771277747683 
0.0216658406390699 
0.04288060059172512 
0.02596661927834894 
0.02882438936763339 
0.0461537293673889 
0.1059322807644078 
0.1070216653667371 
0.2186746719185501 
0.03351199479642763 
0.03748647229701856 
0.1092040809818043 
0.1151719846108139 
0.1232534555748567 
0.4211497066765867 
0.4099919399211001 
0.1152669181360713 
0.03902158833431916 
0.1178480769213215 
0.1278148985560351 
0.118587792437453 
0.1206167486257018 
0.1310167849788468 
0.146323385374133 
0.3858937916713077 
0.2429576101251995 
0.2915956629886814 
0.1071868275209381 
0.1076680221027786 
0.1343266731608035 
0.1556444564114945 
0.1501323135743404 
0.1254254300482219 
0.1156081136770466 
0.1216821308728244 
0.1436664758302957 
0.1491475570803604 
0.1847594951993643 
0.2089989302368119 
0.1394720971033066 
0.1718116042630096 
0.1295230048560058 
0.1661739090459162 
0.1328262401681191 
0.1830327160778495 
0.1874400760200856 
0.1938826569802861 
0.1354565388958475 
0.2403658790661856 
0.2096581717440212 
0.2094979753464803 
0.2301450075700694 
0.2477646161871447 
0.2467121384028009 
0.2379810037155875 
0.2472613527826836 
0.1571090541028387 
0.1051237694487766 
0.3875066414086272 
0.06515026049827367 
0.114367068124532 
0.04418197145293579 
0.123424090479704 
0.02462156980009867 
0.04786287847211297 
0.09961180207675376 
0.08307312291083348 
0.01667840003295345 
0.1142081427859162 
0.02982605703740691 
0.02127947580877588 
0.01674934203403178 
0.1318106558935868 
0.01536332254012469 
0.1324597223818837 
0.1299839602075792 
0.01531535138960551 
0.01938674301638026 
0.2483410216560616 
0.1606012045379037 
0.1037239098674592 
0.06723875539258327 
0.01545703067943869 
0.1190301678054062 
0.126329173781855 
0.03381991770669305 
0.1093738720965832 
0.1271299356344509 
0.3215594063098521 
0.3846526552272381 
0.4122646695045972 
0.3531445785587984 
0.2909185110112525 
0.4985847997958111 
0.4999936543990763 
0.501001245933125 
0.5016242759191047 
0.4930460244311674 
0.4817064979015723 
0.4528128584922089 
0.4720758219795239 
0.4638173087328246 
0.4346310795900702 
0.4861162652245377 
0.4764273714546411 
0.5007359305648812 
0.523719598269443 
0.4602827456800562 
0.4706075413226572 
0.4893367834873651 
0.4948749187096709 
0.4996724411501487 
0.3819363033983361 
0.1515509811678649 
0.1298330112666219 
0.1161444430727747 
0.1100900623687316 
0.2395279071491704 
0.2012763831262354 
0.1859602479924518 
0.1727109679971814 
0.2633982257333859 
0.2188914205465169 
0.1613090669884708 
0.1430745749586352 
0.1359020977207485 
0.1245202897116398 
0.1200079762171828 
0.1128244127862077 
0.1081276458992701 
0.1068057606429186 
0.28408989146393 
0.3045070128581664 
0.3231990347226155 
0.2623727920224043 
0.3398010237690048 
0.2415893588137611 
0.507129823072398 
0.4530764985956341 
0.4798639255162808 
0.4114197420252532 
0.41059432484425 
0.4148706318104742 
0.4909634398155931 
0.3812439648104962 
0.3631343710982713 
0.3691078845153503 
0.3762217207026958 
0.3871031283283918 
0.3731637965008791 
0.3979139663183209 
0.4140957580521486 
0.4087262129250822 
0.3472614712616738 
0.4015649415629864 
0.352237601929997 
0.1106054421860352 
0.1133826567823094 
0.1497479767665398 
0.1684169494202927 
0.1796059182386013 
0.1418648175801785 
0.1286512731509947 
0.123860504178242 
0.1163310313491284 
0.1584324907159875 
0.1922047343341826 
0.2064181774109684 
0.1339048512050108 
0.1197687106847067 
0.1101082863198104 
0.2227382060862511 
0.1062478241120747 
0.4103270263143354 
0.2481776357644832 
0.2688834526156074 
0.2594432213533926 
0.2803630942461025 
0.233585779895019 
0.2835218610875824 
0.3327866521001847 
0.3352790279560844 
0.3423396913717029 
0.3064484862080704 
0.2970463087414571 
0.2905736125710621 
0.3142737314637617 
0.2952651519419457 
0.2914332747930833 
0.3550455264312718 
0.3368223108910067 
0.3244773259975544 
0.2183405887801199 
0.2906460207996748 
0.1704500079195229 
0.1799725211671916 
0.1617732658126062 
0.1540452256815069 
0.1908641183915636 
0.1470302298630173 
0.1409486458774633 
0.127912925497229 
0.1228941663791289 
0.1176509501376498 
0.2036569016829882 
0.3661482881571132 
0.3752751577207545 
0.3381016058605886 
0.3095257309098235 
0.1103847908693119 
0.1138562326982389 
0.2067391129081708 
0.2173294185236483 
0.2883141967062353 
0.2581448229645231 
0.2437339681059361 
0.2167895091935965 
0.2485754194583958 
0.1371848512639983 
0.1642711147315221 
0.1295784400243165 
0.2180791226071959 
0.1839725370957628 
0.3106996119753127 
0.2708261862031485 
0.3909291706950871 
0.2372646754046873 
0.1215914417367954 
0.125376028527521 
0.2076180427431981 
0.259521909553758 
0.2354778250124704 
0.1254648369001095 
0.298356908235262 
0.2172566294042023 
0.239782140748526 
0.216324543802124 
0.1473895040697141 
0.1952420091803896 
0.1219938777154119 
0.1508785182831827 
0.1303575964478565 
0.250709204415531 
0.1723616720097333 
0.1770587408208423 
0.1726281620222169 
0.03152155494579911 
0.04680378384932775 
0.1659995163855866 
0.1079698687453787 
0.07068520521505298 
0.01699690967446981 
0.1761530955072424 
0.1645636574807063 
0.1440230834381283 
0.1889350204708558 
0.1746729465707673 
0.1752321937546849 
0.1677987098325274 
0.1446056548921938 
0.1201675338433946 
0.1218021364763123 
0.2305654357960308 
0.1665843588412372 
0.158400338673912 
0.119465925278818 
0.1772684517977077 
0.0220043257628212 
0.03520344845162461 
0.07531295134391316 
0.1117443822890417 
0.05111021297345244 
0.1125254096376342 
0.1181078061283818 
0.1222750971458358 
0.1247327959211065 
0.1260261623094796 
0.1264111061282481 
0.118799535414675 
0.1703737715782228 
0.1336043160359437 
0.1508172402691456 
0.1269079610361422 
0.1192121893295726 
0.1204115196994141 
0.1431372255049585 
0.1752413565460011 
0.1184515051345734 
0.1707455374126963 
0.144741760955915 
0.1100138929795643 
0.07990610083106156 
0.05654266198536152 
0.04089316881928391 
0.0248420100178531 
0.1151402225106199 
0.1586335031638189 
0.1208136123730925 
0.1205663897529626 
0.1186301049338625 
0.1146751580324937 
0.1496568782517302 
0.248513675003692 
0.1132202445059249 
0.1774970814028067 
0.1042889013056395 
0.1140496774619897 
0.1192222645383302 
0.09494835047590255 
0.1152564438704168 
0.1197706930749925 
0.1189627894293338 
0.1297046595268143 
0.1254496505107638 
0.1157360282341695 
0.06154026353953703 
0.08176988468532294 
0.03051235173902554 
0.1225807715966469 
0.1196085251849164 
0.117960983923075 
0.1308281435280722 
0.1239010991797632 
0.119204355943111 
0.07938255277383427 
0.06604294451465635 
0.09781799936501916 
0.0718131345664928 
0.1294485824903789 
0.1139697245475039 
0.1263563550148471 
0.1111435382666436 
0.04933124592938663 
0.09806738082629253 
0.118963168059392 
0.07972192820721177 
0.1028531469762284 
0.09256387879079857 
0.04559189552194724 
0.05616596901543777 
0.115374989912896 
0.0743445593133597 
0.05213605923714302 
0.02442651910389959 
0.1197473789009426 
0.129550311840628 
0.07780350436300389 
0.1130562214896423 
0.07874188347665007 
0.1062142298895619 
0.08637110444160015 
0.02677955859971362 
0.06186808840216805 
0.03779441312308768 
0.01804254609231932 
0.1113943015824241 
0.1026176455516592 
0.1093475627595536 
0.1171936345314343 
0.0329594461417622 
0.1015064115330941 
0.018841865846551 
0.07464884609074689 
0.05442874135433402 
0.04253167395256841 
0.1159297679542494 
0.02780104186439912 
0.08867831549034659 
0.06763774429974816 
0.02657943134925908 
0.05138360854652875 
0.03722830217511663 
0.08492213774392082 
0.05781196963991281 
0.02124370151754626 
0.4549074153526687 
0.110361108222472 
0.4199784357651324 
0.4234185111134768 
0.111261751138647 
0.3786447174043253 
0.1171860176812327 
0.09659177703565172 
0.1539931872879956 
0.3468918470205809 
0.1132334613110254 
0.03769047388348833 
0.1233377467966044 
0.1132871285774725 
0.115752408788646 
0.2875071594584614 
0.3092764544406349 
0.135983540462176 
0.04264455865633419 
0.1265762198237982 
0.1190776752377123 
0.1161508521240894 
0.1261078807465132 
0.06328048017239561 
0.09852464798154016 
0.2307028019167737 
0.1222901772505064 
0.2194042489484453 
0.1325193892373394 
0.1435006384107738 
0.1528634790656499 
0.1580306852838343 
0.1379339864432464 
0.2641103543207314 
0.2733149454087631 
0.2884799529837448 
0.2210256291650523 
0.2373381830714071 
0.2400729511499539 
0.240894244889674 
0.2293404572158361 
0.1838982772845945 
0.1435942537360564 
0.07901926374226553 
0.1455714893999847 
0.2152415911645786 
0.1914053489943378 
0.2245447563889659 
0.1888397793405805 
0.1724561835503978 
0.1949384834220336 
0.2030418413195686 
0.2007677928816445 
0.1825769109952337 
0.2133570880727916 
</DataArray>
<DataArray type="Float64" Name="displacement" NumberOfComponents="3" format="ascii">
0.0003101104152358681 0.0008525321782536418 0 
0.0002859647185465959 0.001045776968681004 0 
0.0002448686944292245 0.00121802820245184 0 
0.0001977529404284285 0.001349932294161371 0 
0.0001532633088723396 0.001445007065872427 0 
0.0001139771034389561 0.001513205823206497 0 
0.0002683174006564943 0.0009172852798716312 0 
0.0002443922617714938 0.001167227223769088 0 
0.0001975585043155895 0.001363814500321846 0 
0.0001485531032305901 0.001491995655822425 0 
0.0001072846397486495 0.001574735392334722 0 
7.265240090577237e-05 0.00163061883218236 0 
0.0002233131480751179 0.001000691536876511 0 
0.0002117190125862146 0.001356610852544054 0 
0.0001525483525365196 0.001556919486781036 0 
0.0001059312603399658 0.001656988637220166 0 
6.98446545942795e-05 0.001716163437557477 0 
4.055874885125326e-05 0.001753939336674806 0 
0.0003094425332837986 0.001213958439633895 0 
0.0001996602746506186 0.001701880424165245 0 
0.0001251515706469075 0.001796772324098615 0 
8.019034676729109e-05 0.00184171577279764 0 
4.834105986301632e-05 0.001865909267604913 0 
2.284366112963077e-05 0.001881107681570131 0 
0.0003094876857122358 0.002676566102004563 0 
0.0001996453677999962 0.002188517975245621 0 
0.0001251095124784461 0.002093742515066332 0 
8.013228234484343e-05 0.002048917114958959 0 
4.827493718577481e-05 0.002024775814704679 0 
2.278037811477901e-05 0.00200957151906686 0 
0.0002233601048376318 0.002890064183681888 0 
0.0002116572862873923 0.002533931786824933 0 
0.0001524153709061632 0.002333677901862136 0 
0.0001057558346114449 0.002233710406922122 0 
6.965095374192501e-05 0.002174563233537301 0 
4.037526064335153e-05 0.002136747350538125 0 
0.0002684802513109874 0.002973639161321955 0 
0.000244267306516562 0.002723486945867436 0 
0.0001972627313722442 0.002526910963797672 0 
0.0001482200165836083 0.002398800593081834 0 
0.0001069762294201865 0.002316054564801121 0 
7.237912412375837e-05 0.002260076974135223 0 
0.000310625337147838 0.003038711285333222 0 
0.0002855932246443292 0.002845263668685817 0 
0.0002441205444008998 0.002672814441270198 0 
0.0001971723104267997 0.00254089149723338 0 
0.0001529115121692752 0.002445816210203156 0 
0.0001137280780127248 0.002377505598259735 0 
-0.0004526274300976983 0.001970353077974267 0 
-0.0004495511576994315 0.002018950933242747 0 
-0.0004434341444183017 0.00206788898081215 0 
-0.0004084790180124215 0.002128995869490381 0 
-0.0003812528457109674 0.002138213968194166 0 
-0.0003535275396047617 0.00214558530078396 0 
-0.0003255614159533549 0.002151655047196385 0 
-0.0002975212332454116 0.002156858839494796 0 
-0.0002695253781027894 0.002161518715727888 0 
-0.000241816326258049 0.002165921642245217 0 
-0.0002146813167978504 0.002170311390433788 0 
-0.0001880146563269886 0.00217483478352337 0 
-0.0001617580106834357 0.002179833313342799 0 
-0.0001358413169916607 0.002185585745870403 0 
-0.0001102722898912427 0.002192402162215019 0 
-8.497485077046649e-05 0.002200727891034644 0 
-5.979166215162713e-05 0.002211251021671004 0 
-3.434721722610429e-05 0.002224305584963604 0 
-8.372589218752511e-06 0.002240846482357668 0 
1.869785653245796e-05 0.002262175013015736 0 
4.745971852372723e-05 0.002290051791355299 0 
7.877791506799639e-05 0.002327154274406872 0 
-0.0004345654789747367 0.00211730515442791 0 
-0.000352954222308005 0.001745983622583109 0 
-0.0004526205150878299 0.001921883236252411 0 
-0.0004495415489940991 0.001873303455678883 0 
-0.0003249496701317874 0.001739937272291799 0 
-0.0004348967920921649 0.001775172273864091 0 
-8.169214391198661e-06 0.001650111137419024 0 
-0.0001615782078944373 0.001711859028342633 0 
-0.0004434935879889 0.001824409532094889 0 
-0.0004087751695392483 0.001763337200230004 0 
-0.0003809419803224747 0.001753398047802071 0 
-0.0001878363367667933 0.001716947687888977 0 
-3.419106052831984e-05 0.001666887895899776 0 
7.902035141029194e-05 0.001563403488577491 0 
4.769001714382905e-05 0.001600541943614558 0 
1.891183035542646e-05 0.001628568029248453 0 
-5.962600500232717e-05 0.001680104794801154 0 
-8.485343130501493e-05 0.001690615588203673 0 
-0.0001101369673749406 0.001699097748965738 0 
-0.0001356763519520593 0.001706026643609878 0 
-0.0002145257110443108 0.001721496995368194 0 
-0.0002416637069455057 0.001725817047811735 0 
-0.0002691872145017333 0.001730167555870942 0 
-0.0002969900362640622 0.001734784304254041 0 
4.237166322346227e-05 0.002221009611666145 0 
1.509085649232416e-05 0.002111917961290009 0 
4.21431095270568e-07 0.002001061365042943 0 
4.738302651008419e-07 0.001889607669044115 0 
1.524113060539252e-05 0.001778732173467197 0 
4.259330189387802e-05 0.001669600300043667 0 
1.549901905424471e-05 0.002192924553120876 0 
-7.905653918164951e-06 0.002094408087039013 0 
-2.030040017057823e-05 0.001995121487221264 0 
-2.026264438428101e-05 0.001895586253764684 0 
-7.796212285312799e-06 0.001796275551344562 0 
1.566974406158382e-05 0.001697716220942953 0 
-9.455502872317474e-06 0.002172196679165985 0 
-2.971457306247393e-05 0.002081655438864184 0 
-4.03281813550169e-05 0.001990848237698324 0 
-4.030211170326109e-05 0.001899962367561613 0 
-2.963694509769425e-05 0.001809140605997462 0 
-9.320176579559647e-06 0.001718572939085354 0 
-3.330864123478427e-05 0.00215655448156754 0 
-5.102881974348099e-05 0.002072127272118756 0 
-6.023231740707364e-05 0.001987691678889662 0 
-6.021194928100605e-05 0.001903266866097691 0 
-5.096637055460442e-05 0.00181883181336405 0 
-3.31981291344933e-05 0.001734406020612314 0 
-5.664244964259178e-05 0.002144523889923029 0 
-7.229605027186656e-05 0.002064849792734326 0 
-8.037088885516298e-05 0.001985303017775181 0 
-8.035017607517336e-05 0.001905813348216815 0 
-7.223345419294019e-05 0.00182627964461205 0 
-5.653270397476687e-05 0.001746633115656237 0 
-7.984743313568531e-05 0.002135092469247605 0 
-9.381276562466625e-05 0.002059177383554102 0 
-0.0001009738369682527 0.001983452359594126 0 
-0.0001009505818214004 0.001907802457938546 0 
-9.374161324165058e-05 0.001832091006293944 0 
-7.972972185794798e-05 0.001756206384239334 0 
-0.0001031946215709198 0.002127578015273191 0 
-0.0001157713967422779 0.002054685461053822 0 
-0.0001221934022384434 0.001981992655146298 0 
-0.0001221693481018644 0.001909375243816575 0 
-0.0001156999632316064 0.001836685959280705 0 
-0.0001030777030670182 0.001763793709073013 0 
-0.0001268832410840229 0.002121584147548073 0 
-0.0001383168963270471 0.002051099916710057 0 
-0.0001441346732631097 0.001980830791502941 0 
-0.0001441122833862234 0.001910637993861384 0 
-0.0001382506823907585 0.001840370815735573 0 
-0.0001267812315828357 0.001769890760355619 0 
-0.0001510853074002613 0.002116714689052993 0 
-0.000161550582845472 0.002048192702896774 0 
-0.0001668691119365826 0.001979892225155854 0 
-0.0001668475262400868 0.001911669516020038 0 
-0.0001614865378710024 0.001843375048850995 0 
-0.000150976221700609 0.001774868134501624 0 
-0.0001758568795816227 0.002112638336458403 0 
-0.0001855270479543313 0.002045768368605044 0 
-0.000190431792938943 0.001979109608489743 0 
-0.0001904083339671324 0.001912528811949763 0 
-0.0001854578623033745 0.001845882522953828 0 
-0.0001757405361087875 0.001779032649437851 0 
-0.000201230704070629 0.002109103073141918 0 
-0.000210258544515348 0.002043661437117614 0 
-0.0002148227618272152 0.00197842218520186 0 
-0.000214792950259179 0.001913261777248539 0 
-0.0002101741845805785 0.001848043964209757 0 
-0.0002011032938559337 0.001782639371304113 0 
-0.0002272198127078662 0.002105875080972608 0 
-0.0002357262008996414 0.002041725600478294 0 
-0.000240006307489061 0.001977778202581939 0 
-0.0002399663307979569 0.001913907923186175 0 
-0.0002356130360637808 0.001849984372538763 0 
-0.0002270613201071581 0.001785883772581015 0 
-0.0002538039309324794 0.002102733026812654 0 
-0.0002618660190464284 0.002039843999121669 0 
-0.0002659128808427238 0.001977143427403392 0 
-0.000265862382118365 0.001914510505281844 0 
-0.0002617211977543892 0.001851822711453982 0 
-0.0002535910057821647 0.001788961695626138 0 
-0.0002808891139118442 0.002099566495558008 0 
-0.0002885843810154539 0.00203794499401217 0 
-0.0002924429505324829 0.00197650326594401 0 
-0.000292385804982691 0.001915120377773611 0 
-0.0002884146163934428 0.001853677188466719 0 
-0.000280620817806131 0.001792061256158017 0 
-0.0003083732980422322 0.002096243312789169 0 
-0.0003157578668892432 0.002035947696965548 0 
-0.0003194660903863356 0.001975841828718778 0 
-0.0003194080887060649 0.001915792772067725 0 
-0.0003155767324505218 0.001855673220749705 0 
-0.0003080466319388131 0.001795368579663094 0 
-0.0003360817280025204 0.002092525732120245 0 
-0.0003432155852144043 0.002033719587422168 0 
-0.000346798837522121 0.001975122586789081 0 
-0.0003467500432823138 0.001916587034400494 0 
-0.0003430492875709693 0.001857958152456514 0 
-0.0003357385969954759 0.001799105289030802 0 
-0.0003637948594117192 0.002088141894215506 0 
-0.0003707111667749985 0.002031087213427456 0 
-0.0003741786298232212 0.001974287210101985 0 
-0.0003741491525577469 0.001917564906644152 0 
-0.0003706067606668358 0.001860721241830914 0 
-0.00036353214940608 0.001803558342997701 0 
-0.0003912400545935313 0.002082775366475459 0 
-0.0003979080639134533 0.002027854637090784 0 
-0.0004012466584944954 0.001973262190538249 0 
-0.0004012377216408744 0.001918772303967192 0 
-0.0003978800464277616 0.001864159568530772 0 
-0.0003911880984637226 0.001809151856255816 0 
-0.000418002643615372 0.002076073430698345 0 
-0.0004243564114808746 0.002023848602680104 0 
-0.0004275628412743724 0.001971971034931463 0 
-0.000427559529527019 0.001920213655159837 0 
-0.0004243613967686578 0.001868364342629292 0 
-0.0004180613051767056 0.001816206548739338 0 
0.0004939223998183161 0.003921743370515146 0 
0.0004900865494795674 0.003905668621246453 0 
0.0004847906274316751 0.003889311221054939 0 
0.0004778646054117107 0.003872474956618985 0 
0.0004691490075428415 0.003854961340979106 0 
0.0004584745452681477 0.00383661482802895 0 
0.0004457539056166629 0.003817063563279264 0 
0.0004309500308103946 0.003796020801345918 0 
0.0004139065846657514 0.003773254479554912 0 
0.0003945032607802241 0.003748383317864692 0 
0.0003726522720691207 0.003720936900166548 0 
0.0003482902735518817 0.003690395294586355 0 
0.000321352834532929 0.003656188677328349 0 
0.0002916558102833754 0.003617372209039843 0 
0.000259001141557115 0.003573427465842553 0 
0.0002235182516761286 0.00352308414214124 0 
0.0001855898334068262 0.003464091357761506 0 
0.0001459616390235844 0.003392685268276829 0 
0.00010601647933615 0.0032991580262727 0 
0.0001117640168735761 0.003194125027905316 0 
0.0001117149366003233 0.0006968432264476491 0 
0.000105829746427406 0.0005921168518919666 0 
0.0001458008531533939 0.0004984535524823555 0 
0.0001854551338668192 0.000427469051774834 0 
0.0002233757380949008 0.0003688757775144939 0 
0.000258811547765823 0.000318880209932801 0 
0.0002913534505869893 0.0002752238396348962 0 
0.0003209110833565784 0.000236623675717962 0 
0.0003477191122347087 0.0002025133199056766 0 
0.0003719777976845106 0.0001719565091812182 0 
0.0003937656481526269 0.000144365468187935 0 
0.0004131507447086683 0.0001192931463938941 0 
0.0004302124663455619 9.632804803127972e-05 0 
0.0004450513808270105 7.511291877706679e-05 0 
0.0004578062079555136 5.536604888496e-05 0 
0.0004685506637906303 3.678190615384885e-05 0 
0.0004773656445758983 1.920270027758711e-05 0 
0.0004843126102898224 2.497969122154239e-06 0 
0.0004895800262864748 -1.384970366388886e-05 0 
0.0004934034071895001 -2.991702400623347e-05 0 
0.0004959795088547805 -4.588251423162099e-05 0 
0.0004975046979735503 -6.193980669502468e-05 0 
0.000498233420397994 -7.817890511797849e-05 0 
0.0004984930328608824 -9.457911994349443e-05 0 
0.0005123854236129928 -0.0001110599107819068 0 
0.0005260588965356231 -0.0001110363273278235 0 
0.0005398038838777533 -9.474771008506417e-05 0 
0.0005398503573210501 -7.923348529613611e-05 0 
0.0005392973447012495 -6.457858559259341e-05 0 
0.0005380948138292633 -5.056974342990792e-05 0 
0.0005360801066630466 -3.705579636529588e-05 0 
0.0005330910767009262 -2.371792870320397e-05 0 
0.0005291463022849313 -1.04832960906689e-05 0 
0.0005241585164763798 2.606541498568807e-06 0 
0.0005179883298656319 1.647315710785623e-05 0 
0.0005103786057510323 3.106614397820747e-05 0 
0.0005013258580902748 4.665220143946195e-05 0 
0.0004908315152544277 6.353449478299452e-05 0 
0.0004789224789960349 8.205693098493105e-05 0 
0.0004656228027665531 0.0001026400835373275 0 
0.0004509878146217559 0.000125748191993641 0 
0.0004351001834575445 0.000151884930860189 0 
0.0004181424079807185 0.0001817529215218562 0 
0.0004004399081100452 0.000216273232643271 0 
0.0003824524997312497 0.0002565203534154962 0 
0.0003647569358465379 0.0003044559327839921 0 
0.0003482566236832365 0.0003631383713615387 0 
0.0003339661418220063 0.0004375971855688285 0 
0.0003233383239118276 0.0005384198943004877 0 
0.0003186627991365836 0.0006755751049342113 0 
0.0003655615022108533 0.003587612377186689 0 
0.0005401118790954268 0.004002755242381118 0 
0.0004990283362932292 0.004002813023630482 0 
0.0004985481042162412 -0.0001110394756210838 0 
0.0004013212255903658 0.00367649982415955 0 
0.0003195900193617377 0.00321571088969587 0 
0.0005366199364731603 0.003928830052735308 0 
0.0005396791622948017 -0.0001109746507961785 0 
0.0004515593838763012 0.003767142153862596 0 
0.0004911402222880912 0.003828700786171396 0 
0.0005246053899294211 0.003889057354720873 0 
0.0003833089280174137 0.003635934253315969 0 
0.0005337087017392986 0.003915604021305887 0 
0.0005297444419853489 0.003902428209151906 0 
0.0003241060992704325 0.003352846425153895 0 
0.0005015833107623067 0.003845435110083491 0 
0.0004660795791523282 0.003790057852387389 0 
0.0004792879497523031 0.003810394635020044 0 
0.0003345475467009544 0.003453360515932744 0 
0.0004358052083083656 0.003741065266964062 0 
0.0005106011092421675 0.00386087962209338 0 
0.0005182396992539194 0.003875247164064478 0 
0.000349037510214743 0.003528458648981686 0 
0.0004189709572116034 0.003711171963057315 0 
0.000538592339580031 0.003942368929423952 0 
0.0005397647117035695 0.003956390751442274 0 
0.0005402999845212789 0.003970940631579253 0 
0.0005402253732456966 0.003986527100842527 0 
0.0005265048383076507 0.004002811426405387 0 
0.0005128471752667715 0.004002834970602088 0 
0.0004989728576577806 0.003986376441435138 0 
0.0004987263778761118 0.003969970985077515 0 
0.0004980207940027656 0.003953762599200742 0 
0.0004964980185380017 0.003937728099895953 0 
0.0002037231726717392 0.003182027659399541 0 
0.000265039112910516 0.003192981161345216 0 
0.0001973393496481662 0.003328949652519026 0 
0.0002659754443968187 0.003342364984250515 0 
0.0002193015674586729 0.003423651705905871 0 
0.0002806297925180954 0.003441437590231533 0 
0.0002462369112252806 0.003494596064757005 0 
0.0002997238470027026 0.003514561306067505 0 
0.000274659600502838 0.003552099723320223 0 
0.0003214200860612134 0.003572669646747684 0 
0.000302846554861774 0.003600516205722377 0 
0.0003438828736419277 0.003620746724127489 0 
0.0003298531469254359 0.00364227268021118 0 
0.0003660878458210512 0.003661582261006843 0 
0.0003551579420754991 0.003678839531605423 0 
0.0003874069149560288 0.003696905993795244 0 
0.0003785237605626931 0.003711036199349061 0 
0.0004074203900579342 0.003727713090731191 0 
0.0003998655019557246 0.003739611820899646 0 
0.0004259044879219498 0.00375482435490393 0 
0.00041915094879004 0.003765119461458578 0 
0.0004427623272659521 0.003778845850138841 0 
0.0004363755464949205 0.003788092209976727 0 
0.000457936440938136 0.003800322998485445 0 
0.0004515703453225475 0.00380902598753237 0 
0.0004714116524451883 0.003819784883119791 0 
0.0004648077742554994 0.003828331371881657 0 
0.0004832149045902975 0.003837671876659108 0 
0.0004761753437027506 0.003846265875488838 0 
0.000493391231491862 0.003854241985267704 0 
0.0004857525409643837 0.003863040668935266 0 
0.0005019829586071347 0.003869702795062168 0 
0.0004936379226946417 0.003879065822451623 0 
0.0005090741217611762 0.003884509714032681 0 
0.0004999337234873078 0.003894534731008569 0 
0.0005147741694676933 0.003898839572218027 0 
0.0005047648523810416 0.003909642671458377 0 
0.000519177211307861 0.003912897185690952 0 
0.0005082770770696339 0.003924599319843424 0 
0.0005223915422869376 0.003926912098712227 0 
0.0005106456195859922 0.003939622745459486 0 
0.0005245569907046069 0.003941136699267657 0 
0.0005120488363645836 0.00395485418468841 0 
0.0005258480624430562 0.003955715643840154 0 
0.000512658776969337 0.003970433358983961 0 
0.000526397526134831 0.003970754632880101 0 
0.0005128345167540688 0.003986514457313299 0 
0.0005265349027434834 0.003986581200961205 0 
0.0002645837261484112 0.000698240319363756 0 
0.0002034822007438755 0.0007090781971606248 0 
0.0002653717952821033 0.0005489071863919804 0 
0.0001969393923489191 0.0005623132032949992 0 
0.000280051544500478 0.0004495850211789418 0 
0.0002189445162234711 0.0004674565698343649 0 
0.0002992442917748997 0.0003769857271923059 0 
0.0002459337825965419 0.0003969529420058441 0 
0.0003208740149986037 0.0003193571457920373 0 
0.0002743500026544511 0.0003398849763807104 0 
0.0003432796606365118 0.0002716688793130984 0 
0.000302471028048587 0.0002918442850568628 0 
0.0003654336283227435 0.0002311762648737494 0 
0.0003293908490144913 0.0002504274909293159 0 
0.0003867278890505666 0.0001960530181428781 0 
0.0003546033187727342 0.0002140749398765177 0 
0.0004067513390532208 0.0001653016157875475 0 
0.0003778965747309418 0.0001819608810425682 0 
0.0004252711865071462 0.0001381297173843253 0 
0.0003991966606945561 0.0001533445822115083 0 
0.0004421774530757006 0.0001139143953168552 0 
0.0004184709678922787 0.0001276598955627493 0 
0.0004574107925738681 9.21829104732061e-05 0 
0.0004357187074516246 0.0001044517182448727 0 
0.00047094881904814 7.249448479989907e-05 0 
0.0004509578956320148 8.329620495513751e-05 0 
0.0004827964738786993 5.444513047653456e-05 0 
0.0004642380273921999 6.381380346708984e-05 0 
0.0004929861558198381 3.770412454762222e-05 0 
0.0004756334264267527 4.569070774882614e-05 0 
0.0005015651888691801 2.197919364714218e-05 0 
0.0004852428133031895 2.865453932126709e-05 0 
0.000508651701953879 7.080333818941353e-06 0 
0.0004931749811785349 1.254490417997134e-05 0 
0.0005142839047113359 -6.981122480033109e-06 0 
0.0004994646516928874 -2.725592700504922e-06 0 
0.0005186222254373083 -2.101194308561217e-05 0 
0.0005042526948056867 -1.779277162251602e-05 0 
0.0005218482132240668 -3.508727022643147e-05 0 
0.0005077479172287229 -3.276453846685766e-05 0 
0.0005240509837267267 -4.931589198116888e-05 0 
0.0005101297763463824 -4.778285986437862e-05 0 
0.0005253517361922441 -6.389880096627993e-05 0 
0.0005115397187871059 -6.303445926582607e-05 0 
0.0005259352220338149 -7.901402675564842e-05 0 
0.0005121785039151643 -7.86640946612308e-05 0 
0.0005260877975808011 -9.480096256983906e-05 0 
0.000512370391534702 -9.472693082255545e-05 0 
-0.0001643822537537382 0.002891494973212092 0 
-0.0001085969021141032 0.003079712066389244 0 
-6.199279395728323e-05 0.003276001097299399 0 
-2.729550288696457e-05 0.003478267142902203 0 
-6.109579012585015e-06 0.00368415903003593 0 
0.0001509966976485543 0.003891916680633009 0 
0.0002912577439500862 0.003891916680633009 0 
0.0004246528298868245 0.003891916680633009 0 
0.0005472113519187219 0.003891916680633009 0 
0.0006529879113693297 0.003891916680633009 0 
0.000740287228539217 0.003891916680633009 0 
0.0007877055083523442 0.003891916680633009 0 
0.000816974213950801 0.003891916680633009 0 
0.0008280070946927271 0.003891916680633009 0 
0.0008275930793896248 0.003891916680633009 0 
0.0008220884863820222 0.003891916680633009 0 
0.0008136537943215186 0.003891916680633009 0 
0.000797288895867835 0.003913630321885943 0 
0.0007844597218043663 0.003934629097670152 0 
0.0007633644431795741 0.003953931016331936 0 
0.000734951515868585 0.003970565915804499 0 
0.0007007171536441307 0.003983765662863822 0 
0.0006624451053554089 0.003993164058738146 0 
0.0006220027237776014 0.00399887871037726 0 
0.0005808913393279833 0.004001582468735959 0 
0.0008015038913088974 0.003891916680633009 0 
-0.0003994363914862855 0.002250350838971934 0 
1.179667836526146e-06 0.003891916680633009 0 
-0.0003481677751756915 0.002392876327363323 0 
-0.0002891068438634343 0.002547003876226236 0 
-0.00022597926600513 0.002713446612696247 0 
0.0002550625389194111 0.002683142651461929 0 
0.0003345439761802415 0.00294323288046516 0 
0.0003598732157252927 0.003093659533462823 0 
0.0002981511940984622 0.002803113990836425 0 
0.0002101325355982816 0.002585381568121444 0 
0.0004274761833328244 0.003641653085194531 0 
0.000456093451433114 0.003717762980526797 0 
0.0004851848584585842 0.003775599969906361 0 
0.0004977916390758843 0.003798782582355211 0 
0.0005084686498647008 0.003818659330057723 0 
0.0005177299154893755 0.003836089938292559 0 
0.000383434191842535 0.00335689637808583 0 
0.0003919160288482259 0.003454114524880139 0 
0.0004028845339207256 0.003531519303227949 0 
0.0003744740504659733 0.003236527275809612 0 
0.0004151837944643317 0.003592990113475881 0 
0.000441645436581352 0.003682510840826663 0 
0.0004714382812296373 0.00374897043039925 0 
0.0005268348849226265 0.003852092184106976 0 
0.0005358061811199441 0.003867160039186287 0 
0.0005446676906471623 0.003892314072679143 0 
0.0005488679069496195 0.003904421934701259 0 
0.000553705391774954 0.003927998385625009 0 
0.0005603284892473059 0.003951432638003139 0 
0.0005677639569965302 0.003963468287112052 0 
-5.975237952253043e-05 0.002286426683266938 0 
2.13653492123129e-06 0.002332967928922552 0 
3.160245319448743e-05 0.002351548029497788 0 
6.115906869559717e-05 0.002373904216375326 0 
9.252812014779615e-05 0.002404058186284371 0 
0.0001674549807985198 0.00250840778415787 0 
0.0001276492947688868 0.002447363363384808 0 
-0.0002437839368293939 0.002235651466861407 0 
-0.0001709257320242866 0.002263252064647564 0 
-0.0001123481987336644 0.002275282012250792 0 
-8.588210594291609e-05 0.00227899747846333 0 
-2.778176239788744e-05 0.002313522219759932 0 
0.000348717010100035 0.002908779235483993 0 
0.0003801240383455833 0.003023452522255966 0 
0.0004038606859334276 0.003143983630666733 0 
0.0003098988924104436 0.002802547207890313 0 
0.0004218109917181344 0.003262046036036357 0 
0.0002663322354396242 0.002708067759885411 0 
0.0005420359444267349 0.003880477831291334 0 
0.0005554878598047803 0.003939922767568993 0 
0.0005521689014447211 0.003916249401130519 0 
0.0005391685617984264 0.003825751943780177 0 
0.0005314289967013452 0.003805825862669115 0 
0.0005442037016643855 0.003842034135955435 0 
0.000445209590413858 0.003456813205542528 0 
0.0004840087187256012 0.003684742181411559 0 
0.0004542071019710754 0.00353331678970008 0 
0.0004747823757857225 0.003644876793360207 0 
0.0004950792878671962 0.003720692214214436 0 
0.0004646185429354861 0.003596081018095542 0 
0.0005080729637435358 0.003753260478293237 0 
0.0005208328987246091 0.003781793004902321 0 
0.0005500036241158893 0.003856226898043172 0 
0.0005695031021562778 0.00390538792789459 0 
0.0005822942951772535 0.003952721465546327 0 
0.0005605006430967377 0.003871124009275702 0 
0.0004352098885061513 0.003366492247161816 0 
-0.0003007174458998071 0.002231213422990229 0 
-0.0002301665557280147 0.002214650127489992 0 
-0.0001401027083127402 0.002271949041630982 0 
0.0001117480449189913 0.0024857129311983 0 
8.197870803207959e-05 0.002465403538740141 0 
0.0001422691384438357 0.00251348558036986 0 
1.226851846723009e-05 0.00243029245062685 0 
-3.43612355962839e-05 0.002360973777372274 0 
-0.0002703757086649552 0.002239972823644019 0 
5.076526410997335e-05 0.002449147123798701 0 
0.0001774609873191857 0.002556625967581062 0 
-0.0003291388510696171 0.002222905793138605 0 
-5.159950083033999e-05 0.002369899288175314 0 
-0.0001472882184732048 0.002355338288938709 0 
-0.0003744822103589858 0.002235605177967776 0 
0.0002226388561044901 0.002629917489033839 0 
0.0005826551813251084 0.003976849003216226 0 
0.0005731257569447736 0.003928687888877747 0 
-0.0003107980413217272 0.002315503613298873 0 
0.0003622506385491501 0.002909447037910982 0 
0.0004225501649169675 0.003095721058482569 0 
0.0003975956785361149 0.003004192187127006 0 
0.0004414949721897909 0.003187784294239207 0 
0.000319413427728478 0.002817060102346748 0 
0.0004623048468583565 0.003285562509635641 0 
0.0005342311404503626 0.003723039306549992 0 
0.0005667508489351563 0.003812280852610966 0 
0.0005319130193193552 0.003688035960550967 0 
0.0005443127423976556 0.003755823630423372 0 
0.0004935337213786495 0.003462952225470382 0 
0.0005021298291374856 0.003536677117935138 0 
0.0005111668608470701 0.003598038974007844 0 
0.0005562888415100866 0.003785957003733464 0 
0.0005736515818429552 0.003834636389386473 0 
0.0005682702324005143 0.003858616922665991 0 
0.0005719133150925043 0.003849804098810204 0 
0.0005821068321928038 0.003869959366872362 0 
0.0002779120140996293 0.002747435980123348 0 
0.0004806836417160069 0.003377482969686954 0 
0.000141807417517966 0.002583719363110903 0 
0.0001709898190403456 0.002602245481287547 0 
0.0001973611185466903 0.002622954679865841 0 
0.0001122822313968762 0.002571895755812778 0 
8.125414980204323e-05 0.002564731164908819 0 
5.33797876384909e-05 0.002572720016403951 0 
-3.239026975022473e-05 0.002474171576156194 0 
0.0002165001758009766 0.002640799837467707 0 
-0.0001094082804257942 0.002368457538121809 0 
-0.0002724528013147173 0.002316115982236991 0 
-0.0003276900300246957 0.002331435633021017 0 
-0.000197949307341909 0.00232464465134615 0 
0.0005716167910486646 0.003887759821877819 0 
0.0005772764479084243 0.003944132752390097 0 
0.0003643281671690349 0.002915450673063983 0 
0.0004692457821179149 0.003221862821293878 0 
0.0005988789986897857 0.003862400986619338 0 
0.0001507840288299689 0.002691117957521557 0 
0.0005788021383141066 0.003756577008427324 0 
0.0005374832281627584 0.003474907881545457 0 
0.0002359062005712552 0.002721316050917672 0 
0.0001839792058035001 0.00270233586692992 0 
0.0005208661241319995 0.003386119038202786 0 
0.0003102125820765741 0.002831792004771985 0 
-0.0002474545942209258 0.002418148185666552 0 
-0.0001092092577044797 0.002463284504257546 0 
-7.748544445533923e-05 0.002372854424795862 0 
0.0005967712468883375 0.003934874610974262 0 
0.0005977373346974363 0.003884796503213938 0 
-0.0001574576023950705 0.002435847504395577 0 
0.0005967702994735302 0.00391794301883416 0 
0.0005984269269329584 0.003953886320235128 0 
-5.697684211322445e-05 0.002603503368392076 0 
-0.0002738436835338744 0.002442409168198089 0 
-0.0001986784941168565 0.002432220557271712 0 
-9.389128621695669e-06 0.002598852023373475 0 
0.0005891647096767243 0.003903577044325748 0 
0.0006283160609819677 0.00393250383222773 0 
0.0004499212840229292 0.003104117705417781 0 
2.5661898942019e-05 0.002588052309793098 0 
0.0006004149781933121 0.003816640710795254 0 
0.0006151198921283915 0.003847514660876594 0 
0.0006212751434390117 0.003878933866353757 0 
0.000593041609573253 0.003457663527502179 0 
0.0003861105023311327 0.002976034518354557 0 
0.0005794766021621447 0.00364220266091913 0 
0.00058762695707815 0.0037035874080005 0 
0.0002739433364982323 0.002856847575069557 0 
0.0002178996811969978 0.002815354643751486 0 
0.000584759256655713 0.003573938396781788 0 
0.0003144685897555393 0.002862457382731151 0 
2.91023629452086e-05 0.003266029958381975 0 
-3.845642536735916e-05 0.003078359136608938 0 
-0.0002488660690266573 0.002572384846248857 0 
-0.000180442190548594 0.002730549167493145 0 
-0.0001094271131965018 0.002899684620009876 0 
0.0001372693551342663 0.003673624818063379 0 
-0.0002113386590521585 0.002576339339683331 0 
0.0006391841000858761 0.003895523109642266 0 
0.0004519184684013011 0.003091558799013146 0 
0.000628265648403895 0.003815062894070655 0 
0.0006104702150346307 0.003752949975991291 0 
0.0006450324233515742 0.003870812005642901 0 
0.0005087341040472054 0.003217894739098035 0 
0.0001831530280502375 0.002849404076929004 0 
0.0006295056014271725 0.003951834099474257 0 
0.0006233548274169144 0.00391601669551023 0 
6.259065415294932e-05 0.002728927940136918 0 
0.0006464126997847071 0.003715773246957001 0 
0.0006403185717307941 0.003537571154597148 0 
0.0006388915740648266 0.003663176108660953 0 
0.0003320054941032881 0.002990485451581448 0 
0.0004095613512170217 0.003039607960959798 0 
0.0003524402201532676 0.002959856738233303 0 
9.082250110186933e-05 0.003465609897893892 0 
9.270302390158436e-05 0.003218590279136703 0 
-6.471781793543363e-05 0.002880354478788827 0 
-0.0001402150567411135 0.002725015245785548 0 
1.32306086274222e-05 0.003045539234857052 0 
-7.610531231407853e-05 0.00266702199836415 0 
0.0007685329206527304 0.003931287310761727 0 
0.0007928107200597451 0.003917118289006634 0 
0.0008082718261062282 0.003903858560391079 0 
0.0007379004387742811 0.003945108980578088 0 
0.0007029873248242063 0.003957398980668045 0 
0.0006523516273227104 0.003911530764951273 0 
0.0001400547859842591 0.002861616444038726 0 
0.0004501937192831847 0.003103423178645083 0 
0.000651642060793933 0.003759973290624235 0 
0.0005777437985756708 0.003351929464490287 0 
0.0003062321344666749 0.003024888195707125 0 
0.0006649019099008558 0.003945835048379147 0 
0.0006465284930103849 0.003840391974001803 0 
2.800870786257546e-05 0.002755139962653668 0 
0.0005215652467566859 0.00322502700870554 0 
0.0006607714828385045 0.003927699327251399 0 
0.0006842880273711773 0.003681663508716196 0 
0.0006616727718482799 0.003543575253243802 0 
0.0003763070099050305 0.003105628117929812 0 
0.0004527777167266274 0.00313921525441742 0 
5.053893218824691e-05 0.002994818905596159 0 
-2.913893773825654e-05 0.00284541368156497 0 
0.0001315937058506261 0.003148399004557236 0 
0.000176844505335518 0.003407886280201074 0 
0.0006664009118505885 0.003888976789921629 0 
0.0007949418356440127 0.003904624235463528 0 
0.0007670397130187158 0.00391537990153637 0 
0.0006652951088823342 0.00396726504853588 0 
0.0007350494371143822 0.003926716190299202 0 
0.0006518009057502956 0.00379188962048019 0 
-0.0003079533638718571 0.002433871895451062 0 
-0.0001056020708236269 0.002703017729631213 0 
0.0006498039349147226 0.00381230106505713 0 
0.0001069639493997496 0.002893449523287156 0 
0.0004920784567005552 0.003188096808910164 0 
0.0006952014086828788 0.003738179289605576 0 
0.0006937757249863049 0.003920518126994741 0 
0.0005117414071328468 0.003209420177032107 0 
0.0005780572419258226 0.003341269490616022 0 
4.829510452549794e-07 0.002801104143897119 0 
0.0006221412872687052 0.003450583074682757 0 
0.0003069503718091621 0.003102747606761689 0 
0.0006939532481383622 0.003625338525499283 0 
0.0004494523181080704 0.003199946595137745 0 
0.0006944240886316528 0.003780453774561904 0 
0.0001564431303672097 0.003077067262955387 0 
7.968336861142945e-05 0.002942720748586644 0 
0.0006704739970567915 0.003829315949875817 0 
0.0002156961726191207 0.003301534292048465 0 
0.0006826544662545216 0.003905082732545054 0 
0.0007268248613002468 0.003911597632212205 0 
0.0007588973860309567 0.003901555696212316 0 
0.0002093551815541081 0.002986985769250316 0 
0.0005462376465271322 0.003302783210762539 0 
0.0006293303051911975 0.003448858256827228 0 
0.0007133482023936523 0.003896846032470887 0 
0.0007427266090050639 0.003767837025757682 0 
0.0007007728530095287 0.003937202528285815 0 
0.0005691281148493463 0.003326835176770475 0 
0.0006945254477294007 0.003880512772623956 0 
0.0003971887855298641 0.003198237373728602 0 
0.0002433743409777901 0.003129300684999306 0 
0.0002307282963181762 0.003202433862769833 0 
0.0007437800912341584 0.003887111630791331 0 
0.0007893075400242963 0.003891476496568585 0 
0.0002738761336741463 0.003108365953868364 0 
0.0007169875070492462 0.003832182010826774 0 
0.0006964600000402154 0.003849747926339962 0 
0.0006042561435965444 0.003430336586740311 0 
0.0006251485342146174 0.003443792619278276 0 
0.0004960458358607306 0.003353611250034657 0 
0.0006754899095651224 0.003548802406083556 0 
0.0002934052230922767 0.003216633393420554 0 
0.0007222696345531767 0.003869750445814337 0 
0.0003056044197354826 0.003437607679622583 0 
0.0003740031222305082 0.003228882811348868 0 
0.0007721627498808747 0.003876416115113056 0 
0.0007139677667214391 0.00363531578879537 0 
0.0007470642822570238 0.003856009333029996 0 
0.0006629184453675591 0.00356161339654275 0 
0.000563638783245507 0.003404544405459437 0 
0.0003040929799617346 0.003305460839665099 0 
0.0003329273073999929 0.003229807700838173 0 
0.0002790981351156714 0.003632196117881061 0 
0.000443330228864439 0.003376913415285486 0 
0.0008173805648990348 0.003884483036219473 0 
0.000677872926535335 0.003555370434473215 0 
0.0007200608148209756 0.003698296720583879 0 
0.0004189413065222353 0.003700940436085739 0 
0.0005064970080476235 0.003263494721002936 0 
0.0006273268845037838 0.003563384079434189 0 
0.0007941338289617856 0.003864727798881834 0 
0.0005720172895180373 0.003554996895447663 0 
0.0007327422820325174 0.00380733072423909 0 
0.000765902828856651 0.003838686343661555 0 
0.000723446224215585 0.003652534489116539 0 
0.0007768019694326304 0.003817293002206031 0 
0.0007439170722553666 0.003705993461160786 0 
0.0006250077566633209 0.003729192798646098 0 
0.000685565020587546 0.003722125561792688 0 
0.0004985874848527929 0.003548118649075621 0 
0.0007169835977916991 0.003683820576087894 0 
0.0007584287630674012 0.003727403351220489 0 
0.000406515221448201 0.003519323396273217 0 
0.0008003211322040592 0.003823707437356753 0 
0.0003775008158089569 0.003363985846077306 0 
0.0005333192385261167 0.003724689337482979 0 
0.0008146229276315903 0.003896637231723519 0 
0.0008211969864436843 0.003870751333812772 0 
0.0007604735019672809 0.003775066547196029 0 
0.0008141332853331939 0.003854813938876596 0 
0.0008038039374813123 0.003847762852794948 0 
0.0007666101459315796 0.003761704871006419 0 
-0.0003519964941813458 0.002228195372750226 0 
-0.000343963270783647 0.002338525040251339 0 
0.0006258225527607776 0.003974139842550412 0 
0.000793185630976743 0.003825413913251853 0 
0.0007838415774861714 0.0037833077520673 0 
-0.0003041151986565629 0.00228820430042404 0 
-0.000236122668964038 0.00233107047775691 0 
-0.0002032928137797941 0.002245024518180037 0 
0.0005694953890046164 0.003937747865364968 0 
0.0005622634214750375 0.003895607943429667 0 
-0.0001783428190355278 0.002563421116489599 0 
0.0007824693465846347 0.00380126590458912 0 
-0.0001445998896525081 0.002549321786039459 0 
0.0006715222210254974 0.003862010451787501 0 
0.0001795345008140257 0.003020639316766362 0 
-0.00012075403278563 0.002529172095041508 0 
-6.636721070485081e-05 0.002477033452640665 0 
-4.07554286387471e-06 0.002464479324276701 0 
0.0005734775741064094 0.00391732178583859 0 
0.0006130686030623347 0.00390044526130491 0 
0.0005254405595900577 0.003646989670851587 0 
0.0006860453949062093 0.003809756129826537 0 
0.0006657387947237808 0.003614736019161769 0 
0.0006078599295620652 0.003452059062702383 0 
0.0005673139072733492 0.003357061385351666 0 
0.0005359177736152973 0.003263730920017235 0 
0.0003999110345588689 0.003072916431350845 0 
0.0003354209477948909 0.003106644810455119 0 
0.0002501190961678188 0.002987420872638852 0 
0.0006284872784642505 0.003599108088876219 0 
0.0006117014454604076 0.003525555377464722 0 
0.0005575179978186553 0.003393978512115643 0 
0.0005119436926195854 0.003274269461683897 0 
0.0001168017783018434 0.002686932523480972 0 
0.0004569848018378695 0.003092553067078721 0 
0.0002640370869399513 0.002922496789912072 0 
0.0002071540816715109 0.002703193930995711 0 
9.466884681022643e-05 0.002710568539391838 0 
0.0006198798397341813 0.00378736298648461 0 
0.0005756390498428422 0.003497381259264826 0 
0.0002571486717200606 0.002731858221129299 0 
0.0001724409482759088 0.002783322158752663 0 
0.0004662988019501373 0.003175686202790056 0 
0.0004133790797676403 0.003010378308782159 0 
0.0003679735003702682 0.00291564334008304 0 
0.0005897893324401364 0.003788073745753109 0 
0.0005676947030640859 0.003729706417009385 0 
0.0005471007063115779 0.003596045217715641 0 
0.000546037676794211 0.003547244371436149 0 
0.0004948343432842645 0.00329570696297548 0 
0.0002654227901625825 0.002807109427488402 0 
-0.0003934490153999753 0.001625310903932451 0 
0.0005763850342122438 -0.000110072123122833 0 
0.0006537777721354273 0 0 
0.0002910010940167223 0 0 
0.0007467298548623343 -7.265380611771853e-05 0 
-0.0001318876579329733 0.0008967916464604097 0 
0.0008182168954380358 0 0 
0.0007360330700332353 0 0 
0.0004251027309535785 0 0 
0.0005486321482581673 0 0 
0.0008272794073686254 0 0 
-0.0002679646112643598 0.001290843821380141 0 
0.0007703032879881691 -5.672154841123648e-05 0 
0.0007876530579008128 -3.875321989860874e-05 0 
0.0007980428275561136 -1.960561349596045e-05 0 
-8.458029116027907e-06 0.0002303501262565119 0 
0.0008014750282205838 0 0 
0 0 0 
-3.407621017280354e-05 0.0004585169508495936 0 
0.0008138610318115908 0 0 
0.0008275289529423706 0 0 
0.0006133423047344729 -0.0001079272519114299 0 
0.0006499689661494697 -0.0001034351605894975 0 
0.0006853253869256297 -9.620126778196313e-05 0 
0.0007179964524949077 -8.594482626282643e-05 0 
0.0008219268627734535 0 0 
-0.0001977503158599947 0.001100698898065137 0 
0.000149486955325627 0 0 
0.000787739723475606 0 0 
-0.0003359456348905236 0.001465821373911601 0 
-7.598406727879492e-05 0.0006816974202578135 0 
0.0002150279705060281 0.001297275377045009 0 
0.0003039155748295931 0.001067063640400568 0 
0.000340372298336991 0.0009189408548926065 0 
0.0002604195007053139 0.00119444149890804 0 
0.0001721371465532574 0.001376046730677177 0 
0.0005038788348162472 7.305234605845924e-05 0 
0.00049251541833294 9.248168584270213e-05 0 
0.0004803784783634776 0.0001141148722495106 0 
0.0004674820774941356 0.0001386578398377234 0 
0.0004431795166137049 0.0001987211288007966 0 
0.0004197079699335139 0.000282922519240557 0 
0.0003784971888828213 0.0006247847596425935 0 
0.0003966496576017385 0.0004137830366265525 0 
0.0003878642049796066 0.000507006124206354 0 
0.0003650270140140717 0.0007657774837947467 0 
0.0004319308941068482 0.0002363211771046874 0 
0.0004082899231360372 0.0003404177916196126 0 
0.0005542681719426445 -4.908808309803627e-05 0 
0.0005467141813616706 -2.679427586435033e-05 0 
0.0005508787033738931 -4.145497624564657e-06 0 
0.0005429107301877955 1.04922999594343e-05 0 
0.0005245073923665895 3.983572662609038e-05 0 
0.0005145706674515716 5.569932170786507e-05 0 
0.000454542994699992 0.0001669215621626778 0 
0.0005777511400193628 -8.824987231172746e-05 0 
-7.676900188398492e-05 0.001602575916185266 0 
-0.0001621757314574096 0.001625031228050191 0 
-0.0002531981911351715 0.001665684038796182 0 
-0.0003052615972108875 0.00167909601483684 0 
9.770357064577011e-05 0.001480696404923495 0 
3.472089935624428e-05 0.001543255450732996 0 
5.688493796218384e-06 0.001564880400330569 0 
-2.25268619489597e-05 0.001581889404774187 0 
0.0001331173962540945 0.001435407502933482 0 
6.547696015980044e-05 0.001515018902292718 0 
-4.963501034096923e-05 0.001593565393630064 0 
-0.0001030791990250486 0.001605553205514687 0 
-0.0001306478062855979 0.001609345745900405 0 
-0.0001938670484373696 0.001639893928943331 0 
-0.0002242471993889405 0.001653593697274558 0 
-0.0002807492407455782 0.001675850282738934 0 
-0.0003236324868035234 0.001665695815425407 0 
-0.000337850203153132 0.001639831963189889 0 
0.0002742849936593798 0.001167333325027828 0 
0.0003186506169797068 0.001064634417421361 0 
0.0003589851446581298 0.000947760593327486 0 
0.0002314167062102406 0.001248322356486724 0 
0.0003918908633540201 0.0008220904802015669 0 
0.0001922530303507709 0.001309428311746577 0 
0.0005513673464448923 -3.706847140618057e-05 0 
0.000556922949849146 -1.961173077182553e-05 0 
0.0005341550748343804 2.50023942200724e-05 0 
0.0005098204420614426 0.0001055890532235083 0 
0.0005193585212587449 8.546573857078291e-05 0 
0.000498808715905337 0.0001286465450058901 0 
0.0005571187152855647 -6.139992494643237e-05 0 
0.0004722066443030557 0.0002633863631537326 0 
0.000432221569712253 0.0005782203662985351 0 
0.0004443173510530557 0.0004756597229330051 0 
0.0004638772449951256 0.0003195234617782961 0 
0.0004802587053876986 0.0002175825781457358 0 
0.0004541571015003793 0.0003901449015702304 0 
0.0004857970878188229 0.000182100921788919 0 
0.0004889002624939099 0.0001548252060530279 0 
0.0005287479805809083 6.722041267958759e-05 0 
0.0005777082112789451 -6.293828132718019e-06 0 
0.0005386646170634561 5.091850504597473e-05 0 
0.0004166364454470495 0.0006950057011745078 0 
-0.0002885628775144229 0.001604700547511538 0 
-0.0002649390431565187 0.00161906569541966 0 
-3.452859650113887e-05 0.001503343147748095 0 
2.383862431096808e-05 0.001477574277909164 0 
5.64113801544202e-05 0.001453493976103275 0 
-6.022941062705477e-05 0.001502627991141462 0 
-0.0001344726398880642 0.001534647801941201 0 
-0.0001719764438359342 0.001560184742199777 0 
-0.0002367735442626989 0.001602065371739163 0 
-5.715979544840193e-06 0.00149258633063702 0 
8.934864970979439e-05 0.001425407790018182 0 
0.0001224146112585317 0.001393529598229918 0 
-8.68731840739247e-05 0.001488511753295044 0 
-0.0002057390008681886 0.001581456465601052 0 
-0.0002878001628661815 0.001561517230923538 0 
0.0001564855105961903 0.001355767413788882 0 
-0.0003496613585276737 0.001592584605034454 0 
0.0005712253002359344 -4.738807186314713e-05 0 
0.0003287107060575123 0.001053888242996258 0 
0.0004101289851985824 0.0008470633088475812 0 
0.0003721331732531019 0.0009544823432420803 0 
0.0004390157571914478 0.0007436151694895441 0 
0.000289561642702209 0.001128597866069952 0 
0.0004645176040996656 0.0006332458524340753 0 
0.0005402284307303283 9.997466561961948e-05 0 
0.0005465159834809926 8.086534584233987e-05 0 
0.0005285811924750385 0.0001226489709585766 0 
0.0005256847395856155 0.0001995671044019592 0 
0.0005223528014402996 0.0002442038702893563 0 
0.0004955709949366542 0.0004445618994828674 0 
0.0005306742472921659 0.000159527223563932 0 
0.0005046019432689798 0.0003677729611288735 0 
0.0005166896624742444 0.0002991256220523827 0 
0.0005162381708397098 0.0001451075939198978 0 
0.0005526957048852158 6.421023314405477e-05 0 
0.0005629288916548101 4.93096283085284e-05 0 
0.0002545327761625573 0.001183853074634449 0 
0.0004810196545728741 0.0005359189557489443 0 
0.0001165339909933455 0.001332272908039364 0 
0.0001546106615610405 0.001295991572656221 0 
7.877697890019022e-05 0.00136420402363148 0 
4.499611105232805e-05 0.00138672986728726 0 
0.0001890256703691344 0.001261927351908419 0 
1.411637029038106e-05 0.001401568691264313 0 
-8.375675175570045e-06 0.001399562530394875 0 
-6.792027661055953e-05 0.001381502254347767 0 
-0.0001487950840387468 0.001480055448668432 0 
-0.0001755868485957236 0.001432577949342954 0 
0.0002213156275091146 0.001226987127475904 0 
0.0005673480987588448 8.337079833081335e-06 0 
0.0005801733899589475 -6.2967802131889e-05 0 
0.0005894852328278948 -7.137866358499482e-05 0 
0.0005923705081271808 -2.343135023024147e-05 0 
-0.0002766678832680128 0.001497747257373605 0 
-0.000221783053804483 0.001447461371747043 0 
0.0003459548509121315 0.001015236704482473 0 
0.0004665263291096652 0.0007426330482256992 0 
0.0005718159857212744 6.337645756471429e-05 0 
0.0005754022963253447 9.63774716689842e-05 0 
0.0005656096506788792 0.000184384491312856 0 
0.0005512989163180536 0.0004082401490705882 0 
0.0005682962971136313 0.0001520205051187023 0 
6.011290007293189e-05 0.001265283141920341 0 
0.0002300052062302855 0.00115207504753491 0 
2.180497024525146e-05 0.001249320153129749 0 
0.0005177019037470988 0.0005695937441768786 0 
0.0002889627456048342 0.001097596910273212 0 
0.0005958386203442997 -4.9211724324874e-05 0 
0.0006005390043399943 -3.216218857761109e-06 0 
0.0005484737691004085 3.629997916776754e-05 0 
0.0006161375119795957 -1.530096581563383e-05 0 
-8.095303127003736e-05 0.001295409608552079 0 
-6.550197883770021e-06 0.001232442301010778 0 
0.0006278202284649144 -7.665881143273526e-06 0 
0.0006119034402516766 -6.552376694942307e-05 0 
0.0006199649809345479 -3.822407610445779e-05 0 
9.156024019732424e-05 0.001097678715888472 0 
0.0005822892954752421 2.25522759247804e-05 0 
0.0003758772751351726 0.0009581167337619874 0 
0.00060032100370456 3.917001008813721e-05 0 
0.0005704466160199 0.0002806706509193269 0 
0.0001000162349031744 0.00127331308272943 0 
0.0003186073971055095 0.001058298882697359 0 
1.189190827462145e-05 0.001130390065748648 0 
0.0005811368614586425 0.0004935413534613834 0 
8.611520550756773e-05 0.001170130013248063 0 
0.0005721381249797981 0.000128950573220994 0 
0.0006168210556367026 0.0001833196037323067 0 
0.0005729035499795612 0.0004503237158019396 0 
0.0002665275117853216 0.00111543495500757 0 
0.0007744797056203147 -3.796695269572243e-05 0 
0.0007486559105569758 -5.123068978514308e-05 0 
0.0006495677281552646 -7.787881056078231e-05 0 
0.0006852642926960307 -7.120324414182701e-05 0 
0.0007186734728153527 -6.252235021562187e-05 0 
0.0008088345671630395 -1.126699047738604e-05 0 
0.0006455241153418884 -5.388962938759885e-05 0 
0.0005186234011393989 0.0006592088843458857 0 
0.0002436190528750112 0.001073223182742827 0 
0.00044792388796298 0.0008097995241051974 0 
0.0006089167385163745 0.00023483283499198 0 
0.0005973759646830223 0.0003196943636701912 0 
0.0003499251941961109 0.0009821471215891325 0 
0.000181045150536757 0.001151969865380558 0 
-5.378018778187235e-05 0.001194678559113959 0 
9.694963525074965e-05 0.001016709769957028 0 
0.0006128450037240431 1.171933661361262e-05 0 
0.0006337108983118127 8.608008243441052e-05 0 
0.000634905481007598 0.0001288458886478165 0 
0.0006334752563366631 0.0003840669825430436 0 
0.0006443752444279346 -2.424339722846575e-05 0 
0.000795321713206921 -2.404613944028125e-05 0 
0.0007726463948095528 -2.537245283267331e-05 0 
0.0007170556662760331 -4.438268985704261e-05 0 
0.0006847130949484282 -5.095788531401496e-05 0 
0.0007465236996315369 -3.583543180691799e-05 0 
-0.0002345026096708797 0.00137805142591951 0 
-0.0001388189562482271 0.001336498150401448 0 
-5.676425615307202e-05 0.0008700423365746819 0 
2.005924531869857e-05 0.0006606793059461892 0 
8.574380718240185e-05 0.000442177131604888 0 
0.0001311731887087765 0.0002200811464277674 0 
-0.0001369909461799717 0.001066115447752305 0 
0.0006418818291167275 2.417496886750448e-05 0 
0.0005758372391054761 0.000543546201268465 0 
0.0003665715905591155 0.000934100827425159 0 
0.0006577432231876999 0.0001814169556334938 0 
0.0001910196745925215 0.0008862436127137475 0 
2.205748019873496e-05 0.00105299640189291 0 
0.0006195020576207105 0.0003508689816309106 0 
0.0006336947421180821 4.926736651655567e-05 0 
-0.0001064011293915398 0.001253141690428737 0 
0.0006472266162846069 -8.779891976981051e-06 0 
0.0006337260755571513 0.0002464056006945628 0 
0.0006823101226806511 7.739803210663391e-05 0 
0.0007148364406178056 -2.872865356521591e-05 0 
0.000741852658347477 -2.362646423720109e-05 0 
0.0007662797815538783 -1.54133008760621e-05 0 
0.0007949924238933262 -1.448252294869371e-05 0 
-0.0001848095107466016 0.001351731973855322 0 
0.0004793486518578644 0.0007519195583186851 0 
9.825158643471752e-05 0.0006782428506475169 0 
5.765739991844791e-06 0.0008771983648035611 0 
-8.289500963480009e-05 0.001060234341768159 0 
-0.000215849050105032 0.001249402363594233 0 
0.0004402055549564695 0.0008197155859654688 0 
0.0006145629291997776 -8.525010802545269e-05 0 
0.0006854934710387496 -3.367166609582486e-05 0 
0.0006414146326951258 3.344536230723593e-06 0 
0.000634137918704712 0.0004229830641569653 0 
0.0006758432116286941 0.0001233540260970494 0 
0.0006807949198469882 -1.873699107688579e-05 0 
0.0006916956063106124 0.0001870772457500117 0 
0.0006602210487294698 0.0002632474526473772 0 
0.0002716761761966146 0.0008687557151677022 0 
0.0006767636734906236 4.542240525454905e-05 0 
0.0002842452086361255 0.0009541666225189735 0 
0.0005513789424862312 0.0006058718498477887 0 
-0.000165805076491978 0.001226840790541363 0 
0.0007373657435410287 -1.373411355277187e-05 0 
0.0007142898657228971 -1.173987912210336e-05 0 
0.0007870893422148379 -7.236400480907132e-06 0 
0.0005098072464953853 0.0006769422000346663 0 
5.490605083389381e-05 0.0009042459931227694 0 
0.0001544617561230451 0.0007232468106350267 0 
0.0006693105256349337 2.817079318970009e-05 0 
0.0004485639581865146 0.0007610606792903772 0 
-3.639565410013059e-05 0.001082318741439322 0 
0.0007161031104108397 0.0001217618418138018 0 
0.0007349808522227458 6.411019239616628e-05 0 
0.0006162941911788212 0.0004708369882049151 0 
0.0007197929537583502 0.000198267542284349 0 
0.0001683534048909943 0.001067224568965797 0 
0.000291663236955112 0.0007534097814248258 0 
0.0003762121636148904 0.0008474374390527559 0 
0.0006862643319553979 1.665118396814155e-05 0 
0.0007552835908276079 -5.411150901894062e-06 0 
0.0005768963941912544 0.0005313767144869851 0 
0.000188828531003515 0.0004624263343544503 0 
0.0007173203649990091 2.932053526037468e-05 0 
0.0005158529826157269 0.0006059353001144396 0 
0.000680902104895542 0.0002839651408008354 0 
0.0007692117497592698 7.849659081192857e-05 0 
0.000749318693666739 0.0001297039851242328 0 
0.000353933196291148 0.000781583687166206 0 
0.0006754798413234925 0.0003430145900209783 0 
0.0007538596197719012 1.691834902293072e-05 0 
0.0008020682136596712 -9.118069960506531e-07 0 
9.036045758833002e-05 0.0009408520235026249 0 
0.0006731010112806694 -5.121873481026515e-06 0 
0.0006365339433357155 0.0003910475216805633 0 
0.0002654198327069486 0.0005218329462260845 0 
0.0006884082997906156 0.0003096503581182437 0 
0.0003918177555377842 0.0006342784893875388 0 
0.0005715722331549727 0.0004552120586154797 0 
0.0008017298236266412 1.342882679759071e-05 0 
0.0006874880041963043 0.0002545381938217335 0 
0.0007832376303797291 4.718872713994932e-05 0 
0.000815227809346742 -3.78535843173138e-06 0 
0.0002937413779498343 0.0006320624778512182 0 
0.0003962504327956172 0.0002789252037833521 0 
0.0004385773746061693 0.000691193691008616 0 
0.0001851132288988544 0.0007924402258205494 0 
0.0007959591357677319 7.000887414200269e-05 0 
0.0004083392982906682 0.0004773878863943625 0 
0.0008211580133126214 6.405894609017757e-06 0 
0.0006149556955463601 0.0003046120647638797 0 
0.0007298580638157978 0.0002199337780324951 0 
0.0007733593732339971 0.0001287306396072484 0 
0.0002617270590232927 0.0002336531328432977 0 
0.0008053742124238984 3.449199037274203e-05 0 
0.0005199844795170418 0.0003728507829785659 0 
0.0006428357687285247 0.0001538808871514748 0 
0.0008122124122423245 4.183195990003833e-05 0 
0.0007232167676841162 0.0001255233621097559 0 
0.0007814280481825271 9.900081589966133e-05 0 
0.0005368797103509122 0.0001958404657094456 0 
0.0007362114872645838 0.0002088342767452967 0 
0.0008221768907281569 1.883389809055042e-05 0 
0.000564053822031364 -7.368816434144221e-05 0 
-0.0002879699561938323 0.001421184622244709 0 
0.0005703338188473168 -5.732624331164674e-05 0 
0.0005670791509283876 -3.524972279403807e-05 0 
-0.0002869328342509947 0.001633816915953846 0 
0.0005581224556464892 2.236487063357983e-05 0 
-0.0001258733608215143 0.001228111137207299 0 
0.0004871834329321217 0.0005345852999574794 0 
0.0006588221373861403 -3.690616901368793e-05 0 
0.0005853052895409482 -3.545058915291919e-05 0 
-0.0002439099162121378 0.001515180364336618 0 
0.000776346761156415 4.49687457663623e-06 0 
0.0001822733908383738 0.0009780293395084299 0 
-0.0002550728274645156 0.001568790509201455 0 
-0.0002142217806730048 0.001497807975593689 0 
0.0005907891374803822 9.477248845761882e-06 0 
0.0005733990146222782 3.590870349114541e-05 0 
-3.252554003391908e-05 0.001402774997143504 0 
0.0007715035213696138 3.25928873698652e-05 0 
-0.0001182687793713236 0.001466307455847409 0 
-0.0001877359117121626 0.001508493074222269 0 
-0.0002227250521135822 0.001542791842880714 0 
0.0002434513579947237 0.0009629889826282981 0 
0.0007371323256328664 2.807064507479126e-06 0 
0.0006985098758516492 1.958155021936486e-06 0 
0.000608871357147868 2.456942718935534e-05 0 
-0.0001167232247973017 0.001392301179082302 0 
0.0006204871211697266 7.471352651562086e-07 0 
-6.659716800039047e-06 0.001326047833471768 0 
6.088518053573581e-05 0.00130833615751188 0 
0.0001359572179521617 0.00124757567246827 0 
0.0001837044445028285 0.001200027482576691 0 
0.0001607609882079278 0.001138478138011426 0 
0.0005855716106497449 5.237528262641198e-05 0 
0.0005742436176743499 7.564825947991437e-05 0 
0.0005531203433151224 0.0001244545989834386 0 
0.0004165304546905962 0.0008665733253099561 0 
0.0004755832776688239 0.0006859411734957375 0 
0.0005182330818626477 0.0005042476903340193 0 
0.0005432546390919427 0.0003515588814104471 0 
0.0005690808794372044 0.0002224703274309958 0 
0.0005273772938554263 0.0006082119853752482 0 
0.0006620003018687911 8.65030359339415e-06 0 
0.0007188035328819342 1.008702916533194e-05 0 
0.0003093792475842263 0.0009978895836451963 0 
0.0005967305774475301 0.0001115159867623705 0 
0.000632337140591084 1.244483482674424e-05 0 
0.000601541608462827 6.384326487704836e-05 0 
0.0004784478526417057 0.0007378725839825902 0 
0.0003833355336527335 0.0009330307872999484 0 
0.0004114863261044643 0.0008870362557237831 0 
0.0005958083413381474 0.0001681245588239859 0 
0.000601423423409171 0.0001382290658710177 0 
0.0004059979437008827 0.0008969564452196702 0 
0.0006041153178886978 8.103143312085888e-05 0 
</DataArray>
<DataArray type="Float64" Name="Umag" NumberOfComponents="1" format="ascii">
0.0009071822223763326 
0.001084170322632502 
0.001242398237071968 
0.001364339922551514 
0.001453112198788428 
0.001517492221889254 
0.0009557230310943827 
0.001192538036928583 
0.00137804911157605 
0.001499372889401575 
0.001578385741762003 
0.001632236547570583 
0.00102530596120353 
0.001373032390561412 
0.001564375047161048 
0.001660371276490278 
0.001717584123175482 
0.001754408221835396 
0.001252776825521392 
0.001713552217888453 
0.001801125675871099 
0.001843460734457414 
0.001866535360769408 
0.001881246380067203 
0.002694399511209764 
0.002197605333279201 
0.002097477081998486 
0.00205048348606994 
0.002025351221238748 
0.002009700633395865 
0.00289868258390496 
0.002542756202847677 
0.002338649823066319 
0.002236212529825051 
0.002175678402707845 
0.002137128775180316 
0.002985734667898597 
0.002734419072004726 
0.002534598903998287 
0.002403375430240936 
0.002318523810703067 
0.002261235650396735 
0.003054546509007465 
0.002859560951318615 
0.002683939618855296 
0.002548530266783569 
0.002450591533619265 
0.002380224137656966 
0.002021673277846723 
0.002068395299315548 
0.002114899212113973 
0.002167828065244912 
0.002171937546556842 
0.002174515579203605 
0.002176145601214043 
0.002177282466226812 
0.002178257810242716 
0.002179378740832157 
0.002180903390622496 
0.002182946597289292 
0.002185826829366706 
0.002189803168313059 
0.002195173619284577 
0.002202367811161718 
0.002212059249591637 
0.002224570760086416 
0.002240862123769546 
0.002262252284638399 
0.002290543523265159 
0.002328487272198978 
0.002161441248908593 
0.001781301628970649 
0.001974462079774239 
0.001926487332252786 
0.001770020903726558 
0.001827668411301093 
0.001650131358982695 
0.001719467606611001 
0.001877540067052088 
0.001810098124673585 
0.001794302512512348 
0.001727191897953807 
0.001667238521063269 
0.001565399209158251 
0.001601252275878053 
0.001628677832850187 
0.001681162509094931 
0.001692743681684113 
0.001702663593351014 
0.00171141315327007 
0.00173481214711011 
0.001742654822324907 
0.001750983017576022 
0.001760022631651737 
0.002221413750960798 
0.002111971876983456 
0.002001061409420434 
0.00188960772845198 
0.001778797469356607 
0.001670143512178557 
0.002192979323949963 
0.002094423007517414 
0.001995224763032745 
0.001895694548237947 
0.001796292469862357 
0.001697788534456449 
0.00217221725881973 
0.002081867508273551 
0.001991256655420874 
0.001900389764853008 
0.001809383342684348 
0.001718598211522387 
0.002156811697286054 
0.002072755502297058 
0.001988604068784792 
0.001904219063664038 
0.001819545749969664 
0.001734723712904817 
0.002145271796661699 
0.002066115046516022 
0.001986929176433475 
0.00190750640078525 
0.001827707583895454 
0.001747547763961177 
0.002136585000606386 
0.00206131325419861 
0.001986020890759107 
0.00191047147021002 
0.001834487652015217 
0.001758015270863863 
0.002130079186555039 
0.002057944450214731 
0.001985755803870273 
0.001913279689777541 
0.001840326545619195 
0.001766803118922736 
0.002125374943861735 
0.002055758359374357 
0.001986067830816166 
0.001916065211262248 
0.001845556282152546 
0.001774425761837855 
0.002122099866868885 
0.002054553951352289 
0.001986911805730467 
0.001918936798201734 
0.001850434941477266 
0.001781277831891551 
0.002119944900880661 
0.002054163699296527 
0.001988250263467444 
0.001921983816316389 
0.001855175707914624 
0.001787691780983977 
0.002118681091952596 
0.00205444900766686 
0.001990051045048336 
0.001925280924894151 
0.001859956903134109 
0.001793946950977991 
0.002118097896686644 
0.002055288366492408 
0.00199228754105495 
0.001928892785603039 
0.001864927795224478 
0.001800260451228378 
0.00211799495216714 
0.002056583903633379 
0.001994945060076219 
0.001932882117735118 
0.001870226013082582 
0.001806845966492761 
0.002118272447912193 
0.002058276158241487 
0.001998021030821117 
0.001937311415420637 
0.0018759803063975 
0.001813899553230231 
0.002118803935563354 
0.002060287857383469 
0.00200150181489338 
0.001942236719001523 
0.001882315535788761 
0.001821603981190841 
0.002119343027327697 
0.002062477223679975 
0.002005337544293002 
0.001947701582108606 
0.001889362672962121 
0.001830163994436317 
0.002119595072204196 
0.002064640898006282 
0.002009432664955127 
0.001953725354176701 
0.001897269857150728 
0.001839831057529038 
0.002119203153903687 
0.002066524922786548 
0.002013644098037388 
0.001960275201021307 
0.001906147798123271 
0.001850961525092709 
0.002117736314964881 
0.002067859166030205 
0.002017790808247297 
0.001967238580536603 
0.001915950915831623 
0.001863701017483681 
0.003952724427685516 
0.003936296762817809 
0.003919408593993417 
0.003901847878985866 
0.003883404142208464 
0.003863911521672105 
0.003843002835086998 
0.003820404671406733 
0.003795888305563122 
0.003769086138629966 
0.00373955092636794 
0.003706794240979118 
0.003670283815794954 
0.00362911074650607 
0.003582801340427044 
0.003530167457988279 
0.0034690593135866 
0.003395823630527515 
0.00330086097498977 
0.003196079768929251 
0.0007057412481253903 
0.0006015000428290444 
0.0005193398047160817 
0.0004659650168229752 
0.000431237822560086 
0.0004106921055288598 
0.0004007929578626854 
0.0003987162993048717 
0.0004023931233911843 
0.0004098005893358489 
0.0004193957249068951 
0.0004300283625877278 
0.0004408648988484428 
0.0004513454133402033 
0.0004611419774990548 
0.000469992162869713 
0.0004777517161866755 
0.0004843190522119449 
0.0004897758838798037 
0.0004943095695529242 
0.0004980972578885013 
0.0005013456533761618 
0.0005043297357948767 
0.0005073859613155716 
0.0005242834406253465 
0.0005376495406961016 
0.0005480559840161134 
0.0005456339006072098 
0.0005431500894954895 
0.0005404658431580263 
0.000537359295819966 
0.0005336184369004907 
0.000529250138137668 
0.0005241649973560836 
0.0005182502048066039 
0.0005113232113937743 
0.0005034918508666237 
0.0004949264676639226 
0.0004859013076853912 
0.0004768014064626172 
0.0004681907909463586 
0.0004608483501838683 
0.0004559355193814622 
0.0004551112294430361 
0.0004605134159469109 
0.0004751221287790394 
0.0005031422787784368 
0.0005504767758055159 
0.0006280474936568557 
0.0007469589693955306 
0.003606188816582096 
0.004039030870437798 
0.004033799868928724 
0.0005107641112723302 
0.003698338773443363 
0.003231552924923904 
0.003965307874490527 
0.0005509709351086976 
0.003794109366448898 
0.003860073629864936 
0.003924280561255976 
0.003656083099265417 
0.003951809690506247 
0.003938219788356017 
0.003368475013155293 
0.003878009412507673 
0.003818608214853433 
0.00384041979650237 
0.003469527477050282 
0.003766363698751568 
0.003894496751706856 
0.003909745895639839 
0.003545680135194173 
0.003734746845820944 
0.003978989128402043 
0.003993040661212756 
0.004007529609722271 
0.004022964302557304 
0.004037289518987076 
0.004035554488178065 
0.00401748317302117 
0.004001174530353151 
0.003985004818328048 
0.003968905752360763 
0.003188542481490118 
0.00320396230128849 
0.003334793637982133 
0.003352931049837743 
0.003430668182853308 
0.003452860519613755 
0.003503260520181865 
0.003527318465714292 
0.003562702673611704 
0.003587099005675173 
0.003613230269919302 
0.003637040317492257 
0.003657178335212729 
0.003679837627528949 
0.003695943379317669 
0.003717149182466982 
0.003730290861339052 
0.003749911500428196 
0.003760929272223378 
0.003778902032206151 
0.003788378555124306 
0.003804696366013654 
0.003813143874661052 
0.003827814085970803 
0.003835700033953603 
0.003848764152214523 
0.003856444912084399 
0.003867973898169228 
0.003875629515691658 
0.003885693784681622 
0.003893461023421344 
0.003902125909404247 
0.003910349096133818 
0.003917725383415889 
0.00392649137257576 
0.003932676245948095 
0.003942092512192915 
0.003947190059083751 
0.003957376076188605 
0.00396150622294922 
0.003972579303845815 
0.003975892166396296 
0.003987864796224886 
0.003990514057072953 
0.004003393570427014 
0.004005494564976921 
0.004019365218531694 
0.004021202391780892 
0.0007466887515744276 
0.000737697021620755 
0.0006096895021271128 
0.0005958030403234316 
0.0005296749558413846 
0.0005161902225591262 
0.0004813163041769653 
0.0004669636640996151 
0.0004527130659366491 
0.0004367948272654032 
0.0004377726640551618 
0.0004203115624499526 
0.0004324166996660779 
0.000413778031833059 
0.0004335841857038135 
0.000414212015238298 
0.0004390572582289947 
0.0004194229171411189 
0.000447141365675185 
0.0004276359839902468 
0.0004566151437139576 
0.0004375099997757682 
0.0004666072461357253 
0.0004480635596292346 
0.0004764957927298419 
0.0004585861766263604 
0.00048585667374475 
0.000468603401171969 
0.0004944258800244221 
0.0004778229767487555 
0.0005020465353318903 
0.0004860881303694919 
0.000508700978009248 
0.000493334507896349 
0.0005143312849868455 
0.0004994720884556677 
0.0005190476996093705 
0.0005045665099278865 
0.0005230264564791093 
0.0005088039528453491 
0.0005263663085217825 
0.0005123627527563152 
0.0005292234910556536 
0.0005154087959588257 
0.0005318374509188879 
0.0005181841947238908 
0.0005345611221063368 
0.0005210533653518466 
0.002896163791200345 
0.003081626145237654 
0.003276587599318764 
0.003478374241203914 
0.003684164095904387 
0.00389484472754566 
0.003902799831198156 
0.003915015386294203 
0.003930197922835207 
0.003946315833962601 
0.003961696685730464 
0.003970830570155076 
0.00397674016189768 
0.003979021386955711 
0.003978935253813897 
0.003977793977625204 
0.003976059348903543 
0.003994017010461926 
0.004012067196766028 
0.004026946207118063 
0.004038012806124561 
0.004044921925825512 
0.004047739210671488 
0.004046964087892954 
0.004043525318605194 
0.003973590811441556 
0.002285525832123819 
0.003891916859415893 
0.002418073182872383 
0.002563359419332402 
0.002722840272329054 
0.002695238651187343 
0.002962184913311411 
0.003114520515325252 
0.002818925713842997 
0.002593907002052899 
0.003666656935169098 
0.003745635168541601 
0.003806646750045818 
0.003831259012901527 
0.003852362839470359 
0.003870869447561109 
0.003378723882278589 
0.003476277509730216 
0.003554426048850101 
0.003258119031209876 
0.003616898607746867 
0.00370889967301072 
0.003778496174540434 
0.003887951798933404 
0.00390410233375172 
0.003930238126832904 
0.003942812019796985 
0.003966832612847854 
0.003990963280780545 
0.004003927668403527 
0.002287207320033244 
0.002332968907243011 
0.002351760372589614 
0.002374691908481658 
0.002405838152507144 
0.002513991006789409 
0.002450690060961033 
0.00224890375275057 
0.002269697229588013 
0.002278054071577476 
0.002280615101888832 
0.00231368902137795 
0.002929607515336474 
0.003047254409934313 
0.00316981648105107 
0.002819629084821443 
0.0032892048969249 
0.002721132825086834 
0.003918151498371915 
0.003978889063143004 
0.003954984180445962 
0.003863558032871978 
0.003842749962656445 
0.003880384513260515 
0.003485364990558332 
0.003716394675391194 
0.00356239127944383 
0.003675669346273209 
0.003753485587316277 
0.00362597146695152 
0.0037874928850633 
0.003817489389680345 
0.00389525222235124 
0.003946693381897107 
0.00399538153752388 
0.003911491028508521 
0.003394506988835662 
0.002251387199306303 
0.002226578503122478 
0.00227626475099987 
0.002488223543387865 
0.00246676612539637 
0.0025175087428807 
0.002430323417185302 
0.002361223808102741 
0.002256231653554181 
0.00244967319168325 
0.002562777544019399 
0.002247140972091559 
0.00237046095613908 
0.002359939040450354 
0.002266752619416526 
0.002639324546048396 
0.004019305295036306 
0.003970272240223359 
0.002336268906973159 
0.002931911934478636 
0.003124425949483168 
0.003030388262382485 
0.003218211695502181 
0.002835110678271155 
0.00331792808483728 
0.003761173299589258 
0.003854178488855039 
0.003726196546941469 
0.003795060935529633 
0.003497944203389775 
0.003572144930127505 
0.003634167857723095 
0.003826607859358874 
0.003877307361579406 
0.003900237891836457 
0.003892052985147548 
0.003913493818230543 
0.002761456056586317 
0.003411516960816517 
0.002587607986341309 
0.002607857178431539 
0.002630369301779527 
0.002574345563100502 
0.002566017962742 
0.002573273729033481 
0.002474383583406929 
0.002649659621100666 
0.002370983188829425 
0.002332085712858312 
0.002354351899503916 
0.002333057368199377 
0.003929557505421727 
0.003986154947538549 
0.002938126552832941 
0.003255854978845219 
0.003908554392164668 
0.002695338881225363 
0.003800905515211049 
0.003516229942108877 
0.002731522063694548 
0.002708591420990617 
0.003425945659252005 
0.002848732666356945 
0.002430776506395329 
0.002465704201822212 
0.002374119229393448 
0.00397987111916988 
0.003930513171670392 
0.002440931371673969 
0.003963131626525299 
0.003998916330735228 
0.002604126753782558 
0.002457712942536106 
0.002440321696670269 
0.002598868983832906 
0.0039477878357525 
0.00398238213422239 
0.003136554780472515 
0.002588179532274123 
0.003863579229333673 
0.003896375437166236 
0.003928372531138215 
0.00350815270763746 
0.003000976969996311 
0.003688012114359141 
0.003749915349629214 
0.00286995174502858 
0.002823774431706401 
0.003621460900277085 
0.002879679281082341 
0.003266159615906356 
0.00307859933583371 
0.002584395116371244 
0.002736504730532634 
0.00290174864325364 
0.003676188539744686 
0.002584992924943878 
0.003947614040348872 
0.003124414522728664 
0.003866448319928656 
0.003802276608262142 
0.003924188121153727 
0.003257860792074383 
0.002855284333530305 
0.004001658412707874 
0.003965319407106927 
0.002729645634958358 
0.003771580597209123 
0.003595054595849855 
0.003718473026186345 
0.003008858734509658 
0.00306707630435581 
0.002980766012226852 
0.003466799776607601 
0.003219925035710269 
0.002881081449636087 
0.002728620228595504 
0.003045567973311108 
0.002668107636194748 
0.004005703779597686 
0.003996544073060112 
0.003986654613133147 
0.004013524875490516 
0.004019352916957651 
0.003965556148994851 
0.002865041712762651 
0.003135906537292458 
0.003816023653176615 
0.003401355469766544 
0.003040349768810872 
0.004001463329684163 
0.003894433155961435 
0.002755282327008865 
0.003266929676853263 
0.003982893540859922 
0.00374471578304896 
0.003604821276070044 
0.00312834348698795 
0.003171699871414571 
0.002995245308982705 
0.002845562878751694 
0.003151147917079821 
0.00341247166696664 
0.003945659722766831 
0.003984723697099488 
0.003989805721423386 
0.004022661997637529 
0.003994921490362489 
0.0038475019577178 
0.002453276926436666 
0.002705079785156607 
0.003867283874305892 
0.002895425949714801 
0.003225849108456868 
0.003802274240486962 
0.003981430288310298 
0.003249962636787554 
0.003390904301785048 
0.002801104185531007 
0.003506220662852164 
0.003117893718845974 
0.00369115842725168 
0.003231356618819156 
0.003843703364786524 
0.003081041608578315 
0.002943799389122092 
0.003887569423779162 
0.003308572731625299 
0.00396430173779933 
0.00397855129605391 
0.003974677608708835 
0.002994313540320629 
0.003347648802335514 
0.00350580659887527 
0.003961600012449812 
0.003840343561244834 
0.003999080686889842 
0.003375165048484208 
0.003942175157960562 
0.003222806421438483 
0.003138750363916108 
0.003210734836783755 
0.003957631318648762 
0.003970717279797809 
0.003120408152752503 
0.003898677987391243 
0.003912239208946055 
0.003483150095158596 
0.003500074041277729 
0.003390098802046009 
0.003612517838758549 
0.003229987153628642 
0.003936577439588588 
0.003451165110562232 
0.003250471126600318 
0.003952573492019065 
0.003704763265875716 
0.00392771091327234 
0.003622782197654356 
0.003450885580068344 
0.00331941921170278 
0.003246921368990351 
0.003642903293772056 
0.003405889884620476 
0.003969549023069436 
0.003619415785849401 
0.003767742853555975 
0.003724576745049705 
0.003302565217096435 
0.003618182571068833 
0.003945474559257926 
0.003600723081014434 
0.003877199826629158 
0.003914347964637832 
0.003723490651729584 
0.003895529125087572 
0.003779920653209469 
0.00378120531383357 
0.003784734877795766 
0.003582978569287017 
0.003752945445421618 
0.003803781004650199 
0.003542723781615656 
0.003906565304861769 
0.003385100831370445 
0.003762677247777368 
0.003980878323922623 
0.003956902877094349 
0.003850902151827923 
0.003939848158196546 
0.003930824308113907 
0.003839025221641382 
0.002255827154518155 
0.002363685701511669 
0.004023113390856717 
0.003906780650726226 
0.003863654379657753 
0.002308325144890336 
0.002342998823531188 
0.002254210073476741 
0.003978716281576745 
0.003935975279907272 
0.002569617477673734 
0.003880963895185876 
0.002553419412643158 
0.003919957502709299 
0.003025970012901201 
0.002532053124002466 
0.002477922382189901 
0.002464482694164635 
0.003959076470821018 
0.003948332097037524 
0.003684646718609598 
0.003871033460540336 
0.003675530523751061 
0.003505168393437447 
0.003404659485823068 
0.003307438189649706 
0.003098829493474585 
0.003124699856073755 
0.0029978730847963 
0.003653570212081004 
0.003578228525115294 
0.003439464559868939 
0.003314049916963946 
0.002689470029792914 
0.003126134926999921 
0.002934399950641715 
0.002711119739540327 
0.002712221229416432 
0.003837755777417643 
0.003544437330291056 
0.002743934179188548 
0.002788658838948551 
0.003209737906946806 
0.003038627951160798 
0.002938771951605863 
0.003833712842653212 
0.003772663148621674 
0.003637424967020236 
0.003589024905899129 
0.003332648408263109 
0.00281962986851678 
0.001672255262261397 
0.0005868011417444734 
0.0006537777721354273 
0.0002910010940167223 
0.000750255990769893 
0.0009064378696172272 
0.0008182168954380358 
0.0007360330700332353 
0.0004251027309535785 
0.0005486321482581673 
0.0008272794073686254 
0.001318363684301621 
0.0007723888201803237 
0.0007886058278208519 
0.0007982836179543645 
0.0002305053555189522 
0.0008014750282205838 
0 
0.0004597814506003366 
0.0008138610318115908 
0.0008275289529423706 
0.0006227656657862155 
0.0006581477717075289 
0.000692044485483138 
0.0007231219945186424 
0.0008219268627734535 
0.001118321622622283 
0.000149486955325627 
0.000787739723475606 
0.001503825711250506 
0.0006859190559143158 
0.001314975449195616 
0.001109499657182874 
0.0009799518336458992 
0.001222501047304783 
0.001386771719581433 
0.0005091468603855118 
0.0005011230382969627 
0.0004937465812978681 
0.0004876120274631224 
0.0004856934948893385 
0.0005061619621416991 
0.0007304903270227822 
0.000573190502604036 
0.0006383524508351254 
0.0008483276935518743 
0.0004923535274902439 
0.0005315871839929976 
0.0005564376392111524 
0.0005473703767295564 
0.0005508943010972767 
0.0005430121078866327 
0.0005260179557420337 
0.0005175764544879067 
0.0004842232356523855 
0.0005844522390723724 
0.001604413614622897 
0.001633103628068978 
0.001684818281327243 
0.0017066188999811 
0.001483916382843149 
0.001543645985020273 
0.001564890739412957 
0.001582049793289105 
0.001441566835309138 
0.00151643315270275 
0.001594338200642162 
0.001608858731216054 
0.001614640077272632 
0.001651313577324129 
0.00166872973309039 
0.001699204021398073 
0.001696844287505587 
0.001674273462511371 
0.001199124409503556 
0.001111298636037887 
0.001013469524134636 
0.001269591429404659 
0.0009107201581267443 
0.001323466558429998 
0.0005526119997774864 
0.0005572681509404076 
0.0005347399028388086 
0.0005206399248082706 
0.0005263436767678696 
0.0005151311178768796 
0.0005604919390186318 
0.0005406953774717355 
0.0007219101587641886 
0.0006508994395968609 
0.0005632737709596054 
0.0005272481412136162 
0.0005987250763618228 
0.0005188058945787173 
0.0005128297096463664 
0.0005330037625094242 
0.000577742494240888 
0.0005410658590525157 
0.0008103202159269023 
0.001630439321613422 
0.001640599409567564 
0.001503739619700661 
0.001477766567069314 
0.001454588251836043 
0.001503834585872498 
0.001540528080523501 
0.001569634456498531 
0.001619467556509998 
0.001492597275498867 
0.001428205359550748 
0.001398896021222597 
0.001491044663921449 
0.001594783085271979 
0.001587817683557189 
0.001364768476818813 
0.00163051795140077 
0.0005731875548060514 
0.001103961574060695 
0.0009411280644502275 
0.001024460659174531 
0.0008635382767181451 
0.001165151959283445 
0.0007853514589936485 
0.0005494012114430653 
0.0005524662201061689 
0.0005426240384608218 
0.0005622912720224091 
0.0005766177064891693 
0.0006657521261658279 
0.0005541336407376145 
0.0006244037732816247 
0.0005970296015073068 
0.0005362444058870465 
0.0005564130626063513 
0.0005650843976820083 
0.001210906700147644 
0.0007201312624906976 
0.001337359814168387 
0.001305181448329805 
0.001366476648354065 
0.001387459684039999 
0.001276006013133597 
0.001401639778346253 
0.001399587592264218 
0.001383170865346294 
0.001487516086691909 
0.001443298417633527 
0.001246787078041525 
0.0005674093514081514 
0.0005835804199266608 
0.000593791001394714 
0.0005928337431965784 
0.001523086328676796 
0.001464353832123464 
0.001072562504005276 
0.0008770123488694633 
0.0005753173879693232 
0.0005834178773930275 
0.0005949049651648441 
0.0006859960017716112 
0.0005882779235103167 
0.001266710302311854 
0.001174810329391771 
0.001249510424823873 
0.0007697092272727447 
0.001134997112678612 
0.000597867422849603 
0.000600547616594565 
0.0005496736885451119 
0.0006163274723905285 
0.001297936611395509 
0.001232459707419702 
0.0006278670281225476 
0.0006154016446411883 
0.0006211422200907081 
0.001101490735730245 
0.0005827258607393714 
0.001029209114552422 
0.0006015975375441251 
0.0006357557361251519 
0.001277235081687835 
0.001105218167878554 
0.001130452616532708 
0.0007624323703270314 
0.001173294539543896 
0.000586489799049755 
0.000643486046305082 
0.0007287042792469725 
0.001146835669741404 
0.0007754097651659596 
0.0007504067270405804 
0.0006542196439997457 
0.0006889535926464944 
0.000721387971070328 
0.0008089130374225891 
0.0006477696161780516 
0.0008387649166542109 
0.001100526348117282 
0.0009254248098299919 
0.0006526301056768599 
0.0006775415332977455 
0.001042621988056555 
0.001166109736378947 
0.001195888443043271 
0.001021321686884855 
0.0006129570469781594 
0.0006395305178262251 
0.0006478473839068387 
0.0007408092517446847 
0.000644831139090489 
0.0007956851414475285 
0.0007730628776334727 
0.0007184279029224242 
0.0006866066766858094 
0.0007473833101457011 
0.001397861654964914 
0.001343688211096733 
0.0008718921081240176 
0.0006609837506537465 
0.0004504138277012145 
0.0002562071748585287 
0.001074880768862939 
0.0006423369144537628 
0.0007918528896543827 
0.001003453579794006 
0.0006823036416733165 
0.0009065959723919733 
0.001053227399392996 
0.0007119633710149746 
0.0006356070323647932 
0.001257650705333714 
0.0006472861649458833 
0.0006799444528009009 
0.0006866859244854701 
0.0007154134974759728 
0.0007422287898684409 
0.0007664347809580118 
0.0007951243283403831 
0.001364307107804253 
0.0008917164079572152 
0.0006853223611494146 
0.0008772173134244986 
0.001063470000558039 
0.001267910516789769 
0.0009304378391323331 
0.0006204475601249167 
0.0006863199544923795 
0.0006414233523641166 
0.0007622634534744266 
0.0006870081967916682 
0.0006810527128821105 
0.000716547770680236 
0.0007107679329505334 
0.0009102441635898357 
0.0006782862704313215 
0.0009956049829936871 
0.0008192065897288767 
0.001237994203834036 
0.0007374936376829935 
0.0007143863359809145 
0.0007871226067901406 
0.0008474397741237902 
0.000905911414265632 
0.0007395568830038385 
0.0006699031074078162 
0.000883415520661644 
0.001082930515641781 
0.0007263811746335174 
0.0007377716244903617 
0.0007755681785263194 
0.0007466002374789648 
0.00108042174614482 
0.0008078946357896788 
0.0009271924315696772 
0.0006864663103472227 
0.0007553029743934076 
0.0007843281598475565 
0.0004994940728631715 
0.0007179193546842616 
0.0007957775365001939 
0.000737742419575571 
0.0007732065899465761 
0.0007604614575608256 
0.0008579870438888864 
0.0007575830152542166 
0.0007540494392652893 
0.00080206873193961 
0.0009451812220016626 
0.0006731204981093767 
0.0007470566412468513 
0.0005854547901940681 
0.0007548439120131808 
0.000745540311220262 
0.0007306933939914233 
0.0008018422809265952 
0.0007330957973060875 
0.0007846578627732865 
0.0008152365976026498 
0.0006969841985492132 
0.0004845757678591641 
0.0008185956462176881 
0.0008137741818292608 
0.0007990320320680175 
0.0006282039291540544 
0.0008211829992841261 
0.0006862645389968955 
0.0007622753177406389 
0.0007840001898868215 
0.0003508487422130367 
0.0008061124731929708 
0.0006398449541149312 
0.0006609970899991302 
0.0008132889495557984 
0.0007340290236051962 
0.0007876743972195317 
0.0005714834305522532 
0.0007652575443104508 
0.0008223925798331992 
0.0005688467805237198 
0.001450066352335339 
0.0005732076090677706 
0.0005681736586420718 
0.001658821318354766 
0.0005585703742012496 
0.001234544883063029 
0.0007232766692311838 
0.0006598550401575404 
0.0005863778868919788 
0.001534686803128853 
0.0007763597847898961 
0.0009948693270711558 
0.001589391647477519 
0.001513049801912276 
0.0005908651480756827 
0.0005745222928278889 
0.001403152024324327 
0.0007721916729626258 
0.001471069359088036 
0.001520130299521376 
0.001558785783646447 
0.000993285630809668 
0.000737137670387335 
0.0006985126205254822 
0.0006093668733263236 
0.001397185343639507 
0.0006204875709863972 
0.001326064556680038 
0.001309752078166635 
0.001254961921194403 
0.001214007117717784 
0.001149772397502894 
0.0005879092459122691 
0.0005792049651048111 
0.0005669489054554805 
0.0009614816419586542 
0.0008346824231376454 
0.0007230707160050466 
0.0006470851953131688 
0.000611020534784451 
0.0008050146764055757 
0.0006620568158599595 
0.0007188743054532774 
0.001044748362039092 
0.0006070611150159825 
0.0006324595902385964 
0.0006049200518929804 
0.0008794136102486725 
0.001008708372826551 
0.0009778314351356365 
0.000619074669880681 
0.0006171040502838894 
0.0009845634539786922 
0.000609525561778489 
</DataArray>
</PointData>
<CellData>
<DataArray type="Float64" Name="sigma_xx" NumberOfComponents="1" format="ascii">
65.50237056144229 
82.63545461210899 
104.5617597087516 
129.7883210869057 
147.7547339860329 
85.02438077463489 
109.9605885906827 
150.3085221773727 
176.4092242599151 
191.5572996091991 
62.96772947603434 
139.2431501605587 
184.8705776995648 
212.2610878036205 
223.2155147137553 
61.93484316216943 
142.2693731408407 
198.5070013779296 
224.5701521510766 
234.2446613581174 
62.9297580709509 
139.1958734147227 
184.8446028888764 
212.278544194073 
223.2825388773544 
84.76024360128449 
109.7685876030779 
150.301093649252 
176.5594637637106 
191.7459367871683 
64.21874642537709 
81.99030313319776 
104.9530912478544 
130.4949781075777 
148.21545016773 
158.4866368446623 
196.9812281189438 
223.9308036539854 
233.558681345967 
223.8291241866628 
196.7884761235824 
158.3876758071927 
162.2153785824763 
195.3278538117736 
217.8601402829927 
225.8458756326071 
217.7562179626002 
195.1762168183905 
162.2040615426012 
160.8576921591614 
188.8690201866021 
207.6184313685961 
214.1866876117413 
207.5407674392573 
188.7720800297417 
160.8416095498664 
155.7181903964241 
179.313630658682 
194.8286294249236 
200.2447041032463 
194.7868779264773 
179.2291293991338 
155.6750623574173 
148.1060646161508 
167.7039221901512 
180.574347362874 
185.0456734501741 
180.5614076439258 
167.6655128053181 
147.8550217463136 
138.3368153982819 
154.8651868190904 
165.5416967749831 
169.2458732210332 
165.5440983088219 
154.8309872226862 
138.2323092998174 
127.5648892196193 
141.3108487959085 
150.199345326353 
153.2498920730695 
150.1733810420481 
141.2527609970362 
127.3011752709675 
115.5606557191141 
127.3911628223935 
134.7768884749555 
137.300395634454 
134.7366561173489 
127.2938285594568 
115.5815100540111 
103.3209266935489 
113.2523765552848 
119.4589910593107 
121.5510336258412 
119.4292752620627 
113.2390826291126 
103.384328722108 
91.12674245084958 
99.3365794672104 
104.411223430013 
106.1383578174208 
104.4037998082834 
99.31757972721191 
91.12035387891267 
79.32832584844647 
85.70668653753253 
89.77058256849563 
91.17722279975573 
89.79753968381227 
85.69954470344207 
79.22350138906444 
67.52868303440189 
72.39299029153463 
75.61715791234309 
76.77392611223638 
75.70649372572652 
72.48678475573178 
67.33692898608292 
55.64873306075546 
59.46393476231639 
62.08651400002284 
63.01908686843466 
62.21728311935254 
59.72459589665488 
55.67595731371123 
43.49641993575052 
47.21892711869295 
49.26642946024347 
49.99362630942338 
49.40957699553379 
47.56902581665656 
44.53854658592635 
32.95081623451859 
35.72258679046752 
37.26620267645237 
37.78835264287751 
37.37640537765534 
36.11945951932164 
34.09553731691185 
23.81333376598086 
25.28631517909264 
26.28161957132168 
26.60193957594344 
26.27487044266483 
25.45163836439793 
24.37603893596734 
15.42910192911547 
16.08405381418147 
16.66133096306459 
16.81506972446806 
16.41718330757544 
15.72017686254629 
15.24012188377721 
7.93748795115048 
8.364562375918915 
8.850982819431684 
8.954655595689061 
8.483555610261668 
7.293564542161445 
6.528491347256305 
1.820194303266709 
2.779360298058123 
3.393976193006278 
3.479411123221343 
3.151593806670434 
2.020196292814804 
-1.504986890447862 
-1.286340482248386 
0.432818040845417 
0.5603766969798447 
0.6138083711270088 
0.5317497814864255 
0.1943291057334189 
-2.151618999254806 
23.51662528528259 
38.215442729829 
43.79390319752034 
-5.244006557658152 
7.106571987661703 
11.14496433476601 
-4.911862217438935 
-14.81940298665791 
-13.53921233785653 
-4.893751401311415 
-19.34679174877816 
-28.72223972424311 
-4.572111314127999 
-20.72948926328148 
-34.15865836007386 
-4.197624907963283 
-20.51590224879314 
-36.1539078094718 
-3.829589462262136 
-19.59090796950694 
-36.16579013751762 
-3.489277601638848 
-18.35830390696283 
-34.89468077896297 
-3.19849153326206 
-16.99270958239415 
-32.83615431483359 
-2.900983561818882 
-15.54134424379367 
-30.45207068053105 
-2.605859681455181 
-14.04893016196507 
-27.87516482704693 
-2.314768921100146 
-12.56236696073231 
-25.20516722945936 
-2.031735545307544 
-11.09838996477531 
-22.51172467907089 
-1.7618501210166 
-9.681504930661159 
-19.76292722489063 
-1.502462165525926 
-8.328850679095813 
-17.01167186891223 
-1.256738277838599 
-7.015394336194682 
-14.39669520340707 
-1.029960266722665 
-5.755077987571342 
-11.98482398828424 
-0.8203386708936626 
-4.604482022244907 
-9.654022248481722 
-0.6282817018003557 
-3.544670956354643 
-7.42581197751154 
-0.455966581213734 
-2.572838712966769 
-5.466942600070378 
-0.3070570462909207 
-1.722626816739134 
-3.72908577782325 
-0.1830351810915878 
-1.025855184177933 
-2.247930295192321 
-0.08233288027490504 
-0.4689023251305981 
-1.156913699093904 
-0.02572675929656987 
-0.1349302337719101 
-0.1616379846875235 
-0.003813903617842221 
-0.006279843625697958 
0.02109584258292561 
44.41960924819324 
38.44286164200189 
23.54626239105237 
11.0844803657573 
7.21578973313225 
-5.217924956350856 
-13.72588791701003 
-14.85643546648209 
-4.92187741635771 
-28.40019940878775 
-19.43291334183213 
-4.908710837258343 
-34.16776798760976 
-20.68876564098815 
-4.573042229781215 
-36.05068960522203 
-20.46263459404394 
-4.186373230472631 
-36.07292385486259 
-19.52292099529629 
-3.811364917282974 
-34.90741445224855 
-18.28805028205024 
-3.47065333844473 
-32.93511243140415 
-16.95101604257231 
-3.180223122369108 
-30.56481328518205 
-15.51648618639747 
-2.886106161936377 
-27.97294812893778 
-14.04266878692214 
-2.595866542554766 
-25.29740818359292 
-12.57369529954096 
-2.312027502165949 
-22.56041079778569 
-11.12937542238769 
-2.034861054581376 
-19.83268541900619 
-9.712450696989576 
-1.766980653153023 
-17.08605389424538 
-8.344971050769333 
-1.507751937468761 
-14.41550237350715 
-7.022535360083769 
-1.26411764381937 
-11.70030774876417 
-5.784714410015352 
-1.039918119849928 
-9.485158099359356 
-4.587061627719291 
-0.8233251279480411 
-7.43457803715835 
-3.500897977175243 
-0.6239249329864021 
-5.558005879846657 
-2.579265710527367 
-0.4537706075810173 
-3.773051774207926 
-1.743017953396302 
-0.3083041780483219 
-2.310680782381946 
-1.033521063967373 
-0.1834267479621953 
-1.169996787344203 
-0.4864108896122828 
-0.08535822536089478 
-0.2043959269058465 
-0.148599319246349 
-0.02767662577527709 
0.02239594266800836 
-0.007908986317265543 
-0.003899937980057532 
0 
0 
0 
0 
0 
0 
0 
0 
0 
0 
0 
0 
0 
0 
0 
0 
0 
0 
0 
0 
0 
0 
0 
0 
0 
122.6782841325364 
120.687562010357 
51.13879479654835 
-43.84208136349301 
2.324911979466627 
4.31761261857099 
15.06520949937885 
22.32285058596244 
12.99966326901541 
41.20627322954876 
48.49553626751776 
57.40750896340597 
76.9619739396507 
78.26610949059534 
42.39813061190269 
105.5293484687536 
113.1817578545909 
118.5523839630551 
80.79385794468737 
-2.68536889329358 
-15.95061932987071 
-2.406092223179142 
28.90492246924904 
34.48480282867283 
6.121819099658136 
2.270407698508877 
5.915798997610608 
-44.32766011397192 
12.26501147811464 
3.500309726421851 
-20.30235510080938 
-11.086607672965 
0.1069814759924192 
-4.15737577394102 
-18.86784537246223 
-36.59891597728677 
-42.30882408476272 
0.3672304240832103 
0.9687889120543989 
1.6522509649185 
45.7518880017708 
34.85261732744823 
-8.984475911277309 
-27.37033583172397 
-44.86627371840105 
-47.07048385291104 
-47.33944685546161 
-46.09749896329722 
-40.88548497486703 
-37.44785722219492 
-33.74873325685422 
-26.01694018325816 
-22.04290758329898 
-18.48265887272274 
-14.8100035493082 
-11.62679757984715 
-6.204494502846873 
-2.650544423293355 
-1.651083370474644 
112.0644581971358 
63.08770847664059 
98.69680201997949 
0.3613467731361236 
23.37751987374572 
22.76277741883969 
14.29065614631872 
26.35471096848988 
50.30351170858317 
-39.26419359941803 
-45.03999877525109 
-24.48581137011969 
-49.9253143593038 
-34.39014043043255 
-40.46517268132875 
-29.99398833265565 
-3.506518504752068 
-19.74249149423301 
24.65397334477092 
-33.31245656261199 
-42.99408506147564 
-50.49718637091357 
-51.14187649161778 
-6.176948937744366 
-8.201292397990184 
-8.66324861191621 
-2.560349599786965 
-4.888097470123062 
98.65144960475463 
88.66293231373295 
12.4232188625281 
81.85105113145504 
123.669087081116 
36.5158344473932 
65.61440079871515 
76.19662155812227 
31.76421465265828 
-20.08644635691397 
67.15413496801639 
47.92618944410972 
82.65881574333514 
78.44876238210489 
80.20942081176739 
-18.96553146883322 
2.739197968968002 
7.658134195201248 
-43.00149098351245 
-3.432932077212533 
-27.38082089866138 
-6.301757830295713 
-11.61864996775648 
-15.17004968772649 
-47.6293994310146 
-36.58994372635411 
-48.00479104914356 
-44.22607751952234 
-40.25890005548708 
-32.40981002626329 
-46.45453018834696 
6.379778074252941 
-31.9140618223821 
-45.92500066826712 
-1.698345411086058 
-12.50648220682384 
-33.89763353166851 
-2.827289841315323 
-23.25333565786022 
-37.64668739497944 
10.33267598370489 
9.559851670791959 
8.747233330674144 
20.23577135198588 
80.86723150621897 
-20.44193921667431 
69.62175964009356 
59.64997512854841 
59.91388953207642 
8.136487933875332 
51.11088280478681 
43.44630663221632 
42.05349215365713 
4.910899960191395 
35.1578741965619 
39.96409409266683 
15.22979888572251 
-1.076380791313255 
24.78806508886298 
-9.357953066243741 
10.23246486667253 
4.71052488653115 
-11.66915835187849 
-36.87392905002196 
43.87947939526409 
5.335171946832396 
-39.05276319645611 
-33.78054879588861 
-23.60442956704837 
-3.215857433934868 
-36.97202046755044 
-3.49309232971314 
-7.46519702176905 
-33.82910653745166 
-21.30009189839914 
-14.89705711439035 
-27.72228494460493 
9.11466085023012 
-0.2975463536933834 
8.118688078797256 
40.52791224662987 
7.790680684066756 
40.51905916836558 
25.93721757363201 
-31.21190639508329 
21.72950359513887 
-34.10932847198379 
-18.06143639576414 
28.5605868606543 
-0.9166989286693537 
-0.7815147803309771 
-2.859236782308766 
41.70985318037871 
-29.52631332581574 
-6.716570866612534 
-14.17252233430316 
-0.6706391725302273 
3.960044349140296 
-20.12781700818004 
6.768481346090502 
-23.00969155122478 
-8.624427766835897 
-11.6034164857557 
-22.43569789173733 
-30.89403503293334 
-48.51874335866157 
-15.5318811492501 
-15.76095930186108 
-18.97035561047967 
-20.04913919738191 
-4.888668224378633 
2.87141193332362 
19.63701094654864 
-9.608040389717752 
-22.36919082289253 
-0.4386615089783688 
-1.372858377643704 
-17.18362172943369 
-22.70385524783581 
-1.737466949423747 
0.537286497237631 
1.633326891314962 
-0.5635674451033039 
14.95128040731608 
-16.51424290785191 
-0.08355173125423597 
-17.01989960898569 
-38.66227145661144 
-53.05374461508634 
-42.70732813138197 
3.442069847435108 
-24.97279960085484 
-15.70744918550105 
-24.50314988214913 
2.815160376067456 
-2.900468171725574 
-8.738921201829964 
-54.80455453087074 
4.758750542562878 
-13.69907995261706 
-45.22137798718561 
-8.538458887330375 
-23.56541127233796 
-2.748647611947397 
-10.04561466982728 
-15.96791164961304 
-11.7920505530254 
2.5169930594599 
-3.551359060353369 
-1.273556095916163 
-8.017069327392534 
-2.417963011460815 
-1.009633542445111 
-12.01486987492677 
-50.97098288323306 
12.64494412147135 
-12.1297774970602 
18.36823666466273 
2.37471812860609 
-0.4436706740886011 
-0.6192923287381529 
0.03819836909649649 
-4.213965101758749 
1.503989665662373 
-21.40280681724193 
-12.46565198844599 
27.07238783083258 
-40.06046470316625 
-57.09231654315408 
-56.08018088190589 
-59.97613504384998 
-45.46822933122449 
-6.283022949213 
-5.946610981204113 
-39.9271586225746 
-18.97550079726044 
10.53924322242957 
8.517159372136256 
-0.3821144305202478 
-5.928838090974821 
-5.609177900659939 
-7.871507182391998 
-37.82159153091614 
-18.5738314013571 
-46.22418854479544 
-51.63053101233341 
-1.234217244341371 
-1.651863149163076 
-17.12482785973366 
-54.99574719420325 
0.6238980936337172 
13.47578267082701 
-45.38103269339263 
-29.98798971624304 
-49.49743706900414 
-34.54347553943398 
-51.8172382337781 
-16.83708006180088 
-6.48106174716199 
-22.14560122680512 
-55.32701614766959 
-32.80032282256655 
-14.20000335749549 
-10.32759754662509 
14.07094177178093 
0.5186096972377541 
-2.327249923791121 
-2.95780962298242 
0.8359430199206463 
6.174094169831649 
-18.08993399577763 
5.49763929018916 
11.32176839943059 
-9.379055889861901 
-52.0031879535937 
-31.85240367869782 
-15.9125109916497 
-45.16475299398122 
0.5756991015541353 
-57.75918531148517 
-52.16410642793632 
8.046769197820314 
-29.85718116135171 
-52.59963870803491 
-0.5648197400037223 
-27.41564441712321 
5.313493906018324 
21.33023398970419 
11.0003552947855 
-27.87921116046012 
-38.02768147784384 
-36.2785553852938 
-3.866716963821475 
5.108557976493557 
25.24466583308982 
-46.3610135558941 
-7.022661043471404 
-60.50288399149414 
-40.22987973140366 
-35.56114486946095 
21.14050561720218 
-50.70905855915247 
22.00362436678796 
7.458566233994561 
-1.108108331628094 
-53.73454956763017 
-21.75699997528177 
-26.60644342516957 
-38.97307742832366 
-6.125286419254245 
-35.67760935428665 
-43.31457826831592 
-58.15494487501516 
20.43541137843382 
11.59838555163834 
15.26874254020018 
-45.32470545271472 
-6.645492953477297 
-55.80065426091556 
-35.63901267823576 
-46.19357176289206 
-12.83811438997614 
28.78699473378233 
-47.72060962542298 
14.49002055852302 
20.85001424541769 
-16.46320407737631 
-49.65092673335951 
20.28621827767206 
-43.24297873342297 
-42.57049308718347 
25.34636514221657 
29.80562392317511 
3.751285262551068 
29.2221476368038 
17.96728522202548 
5.535186468063064 
12.90754559159042 
8.197155536592675 
20.79582719259503 
12.8269198166163 
-12.04259216550322 
-20.16447900347378 
-13.23423887946414 
-28.07071170006414 
-2.359881820249756 
-5.431570422392014 
-20.24916094207651 
-9.777971692263204 
-46.97114828193295 
-41.33833626879186 
-30.13853694827453 
-30.54554537627584 
-17.17223755076226 
-25.57851912396832 
-18.53267881673916 
-36.97803233710592 
-36.21043356612543 
-11.53638662557374 
62.42235576572318 
78.27864366648704 
49.66243792463049 
0.07268454356727869 
-0.4561105263962026 
-2.419882583404519 
-11.96192842304222 
-6.179057636365754 
-8.357190385966906 
-11.74175476359368 
-13.99963623626334 
-18.6696437976746 
-32.1713915827801 
-25.91665213278542 
-36.64671453948731 
-36.27140847462375 
-39.55926620623905 
-42.51929982311508 
-45.12590189772727 
-47.11899432078352 
-45.15725249703715 
-39.82080989378895 
50.89418118700986 
2.331954552893588 
10.90187738698507 
0.811060071758698 
-19.98868948754122 
-19.01498162209387 
-7.829202506090025 
-3.098050550543389 
-8.515055839368781 
0.02758113122733937 
81.53019653467577 
123.7568069599056 
97.68649262183921 
23.56717048595428 
-49.85347171236093 
-46.10344017875733 
-39.52614894879863 
-23.34863137281743 
4.758407957824147 
-1.014360309214184 
15.9041008844535 
12.35937307157142 
48.46794650025996 
19.86913089113608 
-1.988930570913549 
-2.554274908928166 
111.4804821770206 
123.996686343435 
120.672746289289 
115.0975732115554 
98.7654959937295 
88.94349359936658 
57.98684403733606 
31.01953718770172 
23.51164145804284 
17.27935576173599 
12.45228155575472 
9.131518170023206 
33.17231749824851 
45.33394181879581 
79.78542157989996 
12.58795241294977 
11.98342618676566 
23.20595930820217 
2.669867188945672 
26.49598613630021 
73.1782236373103 
120.1950350371567 
-32.84340630889758 
-29.33844678727085 
-48.32107730711525 
-48.77735719487288 
-46.79580497274496 
6.69028191556993 
-29.36224496734757 
36.40044807623369 
19.14242041104504 
-50.66856939605903 
-37.58764027982996 
-25.05189480642562 
-4.041174618311277 
-12.89468943206531 
-44.37838846828625 
-22.38581370862935 
-35.91361896551558 
-1.377830172808962 
-4.240862196743427 
107.7628477425064 
68.67321282134412 
46.58317191216288 
67.58940584307977 
39.41579730096468 
1.795332672644057 
85.68138795252109 
84.27980859586177 
84.77395485748123 
62.80746828905798 
9.371153872273998 
21.51213655766174 
51.86329971157264 
18.01343396436344 
39.91256969682781 
27.14881394735796 
10.96080147385814 
22.965469044848 
1.271007469857362 
-8.987211556320412 
8.559586298633345 
47.22512385631528 
-16.06281958982479 
80.18347440038691 
-5.277940608689486 
-9.256022792687242 
-43.06251800550972 
-49.70349431110714 
-41.44774175687967 
-45.55656924914078 
-51.70310931303019 
2.892740785607725 
-38.45369961857289 
-29.90204857422503 
-50.34734113501294 
-17.79808067945217 
-41.57901562692862 
-23.64820595056811 
-46.86585560932888 
-19.19095696293556 
-20.00493557223989 
-9.96965431811638 
33.31576889722218 
9.371543503113974 
59.1200076774298 
9.380414396232615 
-11.66651829471182 
76.19211098337429 
51.16999431350316 
36.70016177619834 
50.51989547900516 
39.20375321479434 
-13.12215917719614 
30.0016291001811 
50.21806208786746 
46.76511965414447 
36.07700251195899 
30.37215387876813 
21.71306270486916 
-6.234502540711708 
-13.48068340934007 
4.625361872197274 
-27.79609529725233 
4.93462243627864 
-18.49907080723086 
-26.94913673530322 
-9.578880068296819 
-35.54463841587943 
-44.45546235338163 
-29.85264114864964 
-44.26188568684329 
-5.899760016249624 
-9.418435738293399 
-5.911921470737339 
-14.08786005811621 
-28.86198999310304 
-19.04296493469858 
-43.25917460179473 
-36.72418852890472 
-16.32445020047622 
42.35279560978093 
-3.823214808713412 
-13.68183033276654 
-1.397680575844567 
3.005060213660833 
24.48443666923675 
-6.091993372662366 
-14.4741289156536 
4.393099326402969 
34.62093851558161 
-2.330808453227359 
18.91310982580834 
4.677031080546535 
17.25376288676054 
-5.429153674684859 
-28.11645825425907 
-25.12548187709164 
-2.129112013110585 
-0.1095400454742235 
-23.7372926984337 
2.011976234812896 
2.323965803521266 
1.821503704122786 
-31.0374001127747 
-6.145596523859673 
2.853175567090137 
-41.94007625527599 
-38.34027448332773 
-4.651616640622427 
-0.6527571976473301 
-18.91759082440508 
-1.371366927502695 
2.334978685007488 
9.264298583700757 
-25.2511088360159 
-17.46747750226083 
-6.566901041068314 
-33.99987126719891 
-37.87244616785009 
-0.2212057857811163 
0.1299705411936609 
-19.36547078669526 
9.507290208702688 
-7.600862363157068 
0.2822790266404045 
-35.53927486284673 
-1.943475944136024 
-0.4550199960907406 
-17.66905993460106 
-31.67571216030356 
-27.79172380040363 
-30.18918836311188 
7.328690120332927 
-39.73811627612682 
-11.47059472712832 
-31.39288609332757 
-0.8035180230603425 
-19.80953644623882 
-6.256423180319804 
-25.46251956088425 
-4.996559494665392 
-5.545312315901912 
-14.82197671712473 
-34.21151337583897 
-30.44388180337409 
8.957911859732697 
-0.8414423413129851 
-2.49563972849512 
-7.348061459270036 
-10.91540235606036 
1.535090070890408 
-1.820029813959808 
-32.81784366018557 
-31.93468147384038 
-42.83412486091716 
-13.87318632403083 
-56.52018041240957 
-23.63930255933142 
-11.08115837814598 
-35.12491971429985 
-24.27663824885492 
-13.91494070868244 
-29.83037806211397 
3.238239234571974 
-1.356728565870461 
-4.148741317565444 
-37.18743860178301 
-10.1032646302389 
-0.4093309031566837 
-3.652818070778518 
1.104315573284237 
-3.34839251009826 
0.3116664776977612 
8.049835107769731 
-29.68953029837572 
-15.69132069462194 
-11.94125920675644 
0.925262589135604 
-16.63417266661849 
-33.7023884238914 
-39.19382237652624 
6.335358342500542 
-28.44895240442395 
-5.385183021309878 
-11.02464055647379 
1.581137740088573 
-6.121414753221307 
2.146476702628752 
-11.19339921024693 
8.185430459878969 
-1.473323740909088 
5.561959457525225 
9.947607393860505 
14.81320078414529 
21.53315763022151 
-14.02863827980105 
-2.274101701327087 
-5.691307867549159 
0.6973057155320642 
-53.00732688843038 
-40.11953101917563 
-20.46391754565074 
-9.420512305600909 
-2.690394213094178 
-33.2645859420366 
3.995574686985752 
1.857872878520625 
2.483685820421178 
13.57227941507343 
5.99467520273835 
-51.48202872604742 
-49.02231774222993 
-14.24553314393758 
-23.36766777489603 
-45.93012767766455 
-49.24113941143825 
-2.862186043203424 
12.38960897118302 
13.17382283755797 
-50.2996096241145 
-40.89008200836774 
-31.9094515069023 
-6.432920129236887 
-59.12007150165257 
-36.76644492124318 
-4.008881272007529 
-17.30773486732153 
12.54679668364315 
26.07004955526118 
-10.13598245619978 
-24.06680618818866 
17.60032471400179 
-55.40479977713893 
-41.74869641854482 
6.604937417506812 
7.652314047539678 
19.81694402313732 
-25.74834173522035 
-31.08917806856678 
1.561557878030547 
-55.36706203269754 
5.164192981372716 
-43.0432797509196 
-58.39376520584635 
-51.56749567545088 
-22.49948641641529 
2.046676088515364 
19.34769980003335 
28.20340321332847 
-12.30305485407456 
-46.67446554095704 
21.19588369501796 
-58.34805555108515 
-41.67042921138115 
12.75439094988837 
-9.576286428729947 
-28.81846198440445 
28.78294581004706 
-44.25517853357215 
-40.66232061413962 
17.78315389095416 
21.23343885517536 
21.06098921461489 
-45.92823392043606 
-5.551359645337699 
-12.27682112268963 
24.31335818175568 
29.63655418505182 
-52.38635309364278 
-42.3451230544971 
18.96115728882206 
29.98006157681248 
-5.709612920153949 
21.61036743765823 
-12.54587570629904 
12.30532987380425 
22.23247171903457 
24.93970781017539 
18.68709187705516 
21.67693034294565 
25.85726419718237 
-45.07080530600587 
-22.60141885166542 
16.35927364897737 
-30.18655866435757 
-7.402031862336607 
-34.32143247689019 
-23.11125299451904 
-27.22543918842211 
-42.4837889807858 
-31.10063407627582 
-28.57525065174251 
</DataArray>
<DataArray type="Float64" Name="sigma_yy" NumberOfComponents="1" format="ascii">
277.9359560207434 
479.3300725209023 
635.9566008383448 
726.0538417565272 
769.6333183531607 
253.757012954072 
503.6667429295467 
673.9516053190112 
752.0155939160513 
788.0371487997048 
208.6649522768755 
549.0110943661341 
697.1167787573839 
770.488793418211 
799.1736489918788 
207.0653679287781 
548.1323867991588 
710.2316829184243 
776.3717258012557 
803.5037063211763 
208.6519235457002 
548.991146182858 
697.1738663406156 
770.6090555331331 
799.2513929181072 
253.729064068167 
503.6589176496066 
674.084238414339 
752.2560815245192 
788.1790789526514 
277.9876664819697 
479.4422520196311 
636.1302520570054 
726.3075899717517 
769.8183272538232 
787.7127028717885 
799.8163124292471 
806.9581297011719 
809.1909399222997 
807.0076031985994 
799.9407407215547 
787.9400534429501 
791.0824820103179 
798.9567447520185 
803.37702089277 
804.8562754275084 
803.5317285943069 
799.2872403324661 
791.5992929429224 
786.8673056378618 
791.7426207546437 
794.4235625222981 
795.3051187512385 
794.5899236390131 
792.0802623247881 
787.3381521995368 
778.5376304869192 
781.5069453991682 
783.0168571614435 
783.5024632323706 
783.1141630956662 
781.6971424558675 
778.848368573082 
768.3935002622245 
770.0062644190301 
770.7466514177203 
770.9480944900266 
770.7422691405668 
769.9893235115135 
768.3406034379308 
757.4586043719145 
758.1777061244709 
758.4055155340282 
758.4340384244001 
758.3421222822021 
758.0141396289399 
757.1646354906912 
746.1460418965631 
746.4012568324209 
746.4005649224914 
746.3543804601837 
746.3564413846559 
746.3251070695457 
746.0310747279348 
735.136170645272 
735.1390295096629 
734.9780798068027 
734.8985910812679 
734.9728499368982 
735.150929349897 
735.2680191147343 
725.1108039868382 
724.5739426300646 
724.2303194435641 
724.0947024466899 
724.2113213665602 
724.5399491847405 
724.9747330389297 
715.245357566853 
714.5184091747603 
714.0129544697847 
713.8123520877666 
713.9457212443317 
714.3913375428654 
715.0742427430872 
705.5441135692183 
704.6897174407335 
704.0641594053463 
703.7911635325722 
703.9272322261127 
704.4420520998958 
705.2515991834057 
695.83843286198 
694.7968099284097 
694.0165741513243 
693.6912881210469 
693.8408480927842 
694.4297641284422 
695.3398055276816 
685.6380364638438 
684.3018279802181 
683.4562369490053 
683.1301569918411 
683.3360721826912 
684.0397085885566 
685.1919699597577 
674.3250969648055 
672.8867657090244 
672.0054613759617 
671.7155672872281 
672.0172897413576 
672.8806605524773 
674.2629454058509 
662.1386076014539 
660.3139118169828 
659.2820181717359 
658.9832354267057 
659.4144732645126 
660.5157494394821 
662.1847646796417 
648.27072398165 
646.0141883095879 
644.64278953184 
644.2590424938983 
644.8813657316565 
646.3832104368373 
648.5626903378032 
631.9292231231389 
629.0139703660204 
627.150521406445 
626.5934316134756 
627.4423158785579 
629.673992541069 
632.7433779343814 
612.2212867008174 
608.1993831382312 
605.6751339479723 
604.8806343097447 
605.8486870475889 
608.7649410295523 
613.9866325063666 
587.5689977351814 
582.1124415927347 
579.1457169520586 
578.1141469102166 
578.9840169294949 
581.8636187765092 
587.5094253546999 
554.8593200946844 
549.9276673774348 
546.6727144288894 
545.4842376734751 
546.3958914183089 
549.1944862238653 
553.1841899460838 
31.06919047523143 
68.26062379052999 
116.3435035947579 
-4.941498197569021 
13.26723576278828 
36.86201354670874 
-0.4155646849854396 
1.347861496317559 
13.18812644102527 
-0.3469040668511964 
-0.2931532616604546 
3.137734380415158 
-0.1803102761878885 
-0.596971796967276 
0.9115210956908114 
-0.05873226400585313 
-0.4814305894462175 
0.1166605397823644 
0.00964628843406547 
-0.3002152288276584 
-0.2067619169407839 
0.02936561426240413 
-0.1813236212915629 
-0.2135704984046977 
0.008874694934199488 
-0.1288660474164469 
-0.1175072372020236 
0.01061125516248364 
-0.08131637610527341 
-0.08906011374413866 
0.01506491722163505 
-0.02932753229698571 
-0.07111021595788986 
0.0203117906069728 
0.001951442945848133 
-0.07370012406815872 
0.02541355350985738 
0.02048892179515266 
-0.10360102525975 
0.02972420066038444 
0.03391223248781636 
-0.08627094147732961 
0.03894470670534831 
0.03734283739283016 
-0.02398528148544948 
0.04526659260918092 
0.04932391447399561 
-0.02510112730248347 
0.04350599441760834 
0.07750966719573765 
-0.0759346209257539 
0.03990867626077842 
0.08014900630920686 
-0.05970121883434556 
0.03634915520610917 
0.07472610475013573 
-0.01158631068962692 
0.03223131566356469 
0.07721805013792707 
-0.03287060093840102 
0.02743185685656908 
0.08017303680172384 
-0.04815940299550606 
0.02187662849400292 
0.07077922155069698 
-0.03974102377831611 
0.01757123688987514 
0.04289550112316853 
-0.1672307713183487 
0.009794417846771594 
0.01996518528666995 
-0.06820988020786226 
0.003878715449166912 
-0.001000933055383218 
-0.1150897058464902 
116.2922495385203 
68.25524473724845 
31.0636796942762 
36.81107307137125 
13.26953952716155 
-4.933555552351492 
13.18525089638645 
1.357050042042931 
-0.4179912291431954 
3.42117431099686 
-0.3128037477356077 
-0.3547853833052246 
0.8192073436280906 
-0.5779658870387129 
-0.1811306197054262 
0.1236241345240173 
-0.4772991240431611 
-0.05475975688174952 
-0.1959909011638334 
-0.2957887014555093 
0.01389928823688066 
-0.2410443325299741 
-0.1763669792972397 
0.0298934025941966 
-0.1542789379248863 
-0.1383976605459591 
0.009680654840117637 
-0.1133492606198319 
-0.087572876452138 
0.0111189525922332 
-0.08012995032787217 
-0.03466045551431084 
0.01551776092022112 
-0.07521442130216359 
0.002226603960692128 
0.01951180392163255 
-0.0674505823808052 
0.01899766804305173 
0.02383329891444499 
-0.07986570681950508 
0.03257849927668023 
0.02863974080290156 
-0.05816815916907098 
0.04007548281122789 
0.03814706515323535 
-0.06788947833907859 
0.05973444537394771 
0.04499908953661128 
0.08363174941836991 
0.07727199632223578 
0.0439937790253262 
-0.04889449383501335 
0.08510590474597161 
0.04119785265624858 
-0.1020151312827364 
0.0793921000527216 
0.03764246987920808 
-0.05963508320211806 
0.06391030570877949 
0.03191161369141845 
-0.01503819799408807 
0.07693339324269162 
0.02660677008324636 
-0.0676922067103342 
0.07133012196098855 
0.02206011659164062 
-0.1363870501643102 
0.04498666022861614 
0.01714097023881741 
-0.07074663624120309 
0.02070200345094647 
0.009981704609603247 
-0.1210159263424179 
-0.0002357807897229335 
0.004189121833953821 
0 
0 
0 
0 
0 
0 
0 
0 
0 
0 
0 
0 
0 
0 
0 
0 
0 
0 
0 
0 
0 
0 
0 
0 
0 
772.3275059478186 
777.9871150947104 
465.1509008484887 
-0.04221896107202556 
571.9715158490039 
622.1280451463072 
638.2916619339985 
653.4374611866732 
666.9003497242489 
676.4788772274048 
687.1769973723748 
696.394646973522 
748.3429518211375 
715.4849261067395 
746.0777582896951 
745.0413217769091 
754.965913621524 
763.9066161490701 
692.267041091082 
782.7687657853505 
719.1998653150171 
774.8598379829493 
694.8694725833415 
705.9458042192053 
646.5884837829273 
-74.55112871416101 
-35.42461404297553 
0.3903962098450495 
122.5897312564742 
619.6429806039408 
706.5164955401982 
733.5706237813828 
-1.36340714547519 
-0.6289735835354019 
-1.220536840791038 
-0.5128906107214868 
1.951489095197248 
-58.5320075004191 
-67.49311724803015 
-72.58325126328192 
304.9866026954693 
164.3567131712739 
34.41091125668846 
16.18290983370231 
3.157173055091522 
1.465227605205733 
0.5793261268819829 
0.1080468302488276 
-0.1396716463926987 
-0.2124288304313154 
-0.3335922733345492 
-0.2935465377206636 
-0.1569679399596155 
-0.3696990693784284 
-0.3644020046736086 
-0.413432446633589 
-0.5634533234406848 
-0.8201426868768067 
-1.960193013790744 
768.7471572483158 
601.2547889845517 
743.8024233243095 
542.8865848336541 
456.9969450125433 
209.7917350047941 
75.96335197112812 
570.2435531466183 
711.8772701735863 
6.892554232777182 
3.168447888534197 
9.571130328078537 
1.289320867830674 
0.3212992884710308 
-0.05983640084577881 
-0.4607062023059024 
68.27167018012126 
38.38441135482425 
328.2469557220529 
21.82494869847583 
11.73231585201689 
4.114713504772818 
2.261445326929884 
-3.472407771154521 
-1.143021018686684 
-0.4573886141257917 
-2.756997995820812 
-2.489307132183362 
734.3836951790861 
724.9663288648728 
681.4065748617214 
764.4687741120699 
777.7669805530849 
656.1699144828051 
743.9563538757451 
759.0212288039007 
666.0363859550458 
703.2393627666037 
705.8279990888624 
724.6287753757592 
762.0613266676864 
733.1189775729529 
740.3868560304344 
516.801661455351 
447.1410085414611 
342.2573731705237 
593.7144430060215 
346.9177227262035 
-0.3343266086739394 
-1.557409016871606 
-1.174507803218718 
-1.024409360407774 
0.8437507637684385 
7.107606898704555 
6.848129976153967 
12.03518260120256 
0.8167552669108628 
-0.9277799700309344 
4.676633137623808 
166.5232258314887 
27.9822319408633 
7.600859760093177 
108.9827888211123 
68.640264358903 
-0.4674930044723051 
-7.349805410417281 
-0.5354205047705681 
-0.06447622688773699 
244.0377913966968 
620.0697601547182 
634.8852884481736 
661.5980459894367 
756.170261605659 
638.1824436503143 
724.5842234805244 
732.1133058112904 
715.4236834687184 
728.3023523788162 
705.8756624859815 
745.1948297675752 
739.6690822114696 
599.5976761043643 
732.6564279578332 
684.6144234083825 
697.9728192777512 
608.0471946072333 
714.2871565708496 
-3.046658636132989 
654.9825502218993 
694.9145792072334 
431.6748326263808 
11.38750867521077 
747.7425772596115 
710.6991175063705 
18.33386184370351 
4.229592848620581 
43.43228055412265 
152.1357287449862 
15.23083129408238 
195.8097804625404 
103.3301729297582 
3.074305894760009 
-2.205876371470563 
-4.489554756630903 
-0.4826289970157969 
729.6458362129009 
210.3998182153913 
727.4283468612114 
738.784193916984 
723.3935833361166 
715.2442950523325 
722.5347343566409 
696.8113277783 
683.3661076366531 
696.0754975319046 
688.08655783275 
674.501134533744 
608.6116792462215 
715.6639158369856 
706.322392562256 
694.6097963422837 
-1.283059481592886 
-6.275513382243219 
69.56520921053149 
271.7889701724608 
5.184348232161194 
710.0716198726034 
723.9971711164469 
38.69661484792655 
67.68699028181182 
87.97729264291087 
27.24702016713197 
26.51495953201331 
661.9531564894945 
677.1084991481611 
713.2470605746227 
703.9222267228465 
398.0772319943017 
132.3003429134278 
668.1829143930494 
714.9970926349412 
-7.487670546918481 
-2.045792289314726 
682.05799262674 
742.9393697790564 
-2.339329910371006 
-1.794478621266916 
762.7924480216833 
657.9891250446791 
645.3661363782447 
-7.192653220450753 
705.7667615847071 
-0.7506952542446677 
-46.13422056421774 
-3.432805767077109 
647.8805093737446 
561.0273384389992 
687.2548295485101 
718.6333567016193 
20.43053926491185 
22.98249929229118 
1.478082118876794 
-35.09592722413235 
223.7081486125637 
261.6534225440215 
626.5770292389902 
97.654478433237 
33.21575297964477 
645.6052792778752 
731.2110765572882 
703.3118386604064 
154.8047398988727 
237.0082491849267 
726.9290337326718 
709.510266852395 
633.9353863667353 
705.4086644388605 
686.3290553905159 
698.9072388387485 
780.1991218349557 
683.5534446324336 
-5.155624740123232 
602.182121405545 
18.92383844532361 
46.70571029023468 
1.454199253083542 
136.8118521081051 
712.2996204365729 
-18.01155902350848 
690.4432418173747 
103.0011601772303 
67.60756638656366 
330.872806853524 
276.0558421637767 
66.70200030934247 
685.437345286265 
563.9277125741535 
638.1738167408676 
602.6792633959277 
673.9046594512337 
701.6299808678393 
721.6995182539904 
686.6571338194731 
703.9894480040816 
-28.79864433905586 
-32.06430560352359 
-31.81515746099642 
-9.300152432430842 
-11.16915948468846 
15.40932655873943 
428.2580646220039 
322.7171735568018 
620.2308518080063 
666.8635752512808 
-23.38421656590085 
45.21909922772089 
6.234893329102447 
592.4710833311824 
-18.39564955509477 
86.20918311712192 
472.2093244798352 
379.1880391172767 
673.2360140344239 
461.3606849991492 
591.1405309675022 
713.3529470902106 
700.3641638510187 
710.2340864925496 
656.0737993801521 
673.1231116829006 
18.09877833012858 
-4.347138157637199 
5.76657795571993 
-30.73660360533932 
-14.84349204252236 
-15.68708168235844 
29.69255922602161 
-4.606374611184862 
702.2716816950922 
173.683188750098 
123.6266436150185 
3.466961384153878 
519.039190136033 
443.1145290471132 
703.7325855376536 
681.749053844996 
265.0982953029826 
655.6188487981907 
544.9084593862914 
51.05525804943953 
696.7953155904941 
646.6371733977549 
-8.900193902188125 
696.0204952138519 
-17.59111294121147 
15.4481634079231 
-11.71268158423763 
698.5211113530133 
425.334587915502 
430.8775642856061 
-1.702006825172506 
214.7133049991241 
76.62738323209206 
476.5888093770318 
29.84343821240605 
616.3261717390328 
678.332532768704 
682.4863696316359 
86.12972635733928 
665.5763763812263 
28.19679426667008 
26.65988605898444 
11.65208890813083 
527.5931181165561 
378.6516045868323 
374.0879423999794 
504.3609741949368 
267.540766907352 
690.4259820947321 
660.0706153884424 
628.5697228849024 
42.22920153960221 
215.2716272043833 
50.72694200133591 
490.0018358547969 
320.4299472992059 
580.0446470159549 
665.5625173005852 
663.1897682178081 
319.119638947843 
125.0876473898326 
563.9774117917581 
165.3556121738331 
193.9412334925509 
388.2433384239817 
630.6800443574296 
167.9364485318808 
614.2089719341698 
543.9066562852415 
118.9589435323541 
62.84725955323196 
312.4565719633409 
133.1999534835195 
220.284692440967 
260.8886204412403 
648.0194829074206 
678.0071866718931 
126.4375749796892 
687.8904995109496 
-2.055600840646285 
53.58448227009159 
274.7476926156547 
399.4492001606121 
185.5541154969792 
217.4118380474823 
334.226262553216 
319.9226488482794 
526.0224716344377 
460.3276703296138 
491.9978609393912 
701.062492623784 
708.3096554846384 
14.57811518328512 
585.8392538261091 
567.6578358812781 
678.850617581376 
30.81326923281683 
590.8749962434822 
716.4045135083484 
702.393798742306 
-1.185486296936056 
-5.912508535421028 
-0.7111853489643083 
-1.51623606456865 
-0.5984324633985119 
-0.4919401237114524 
-0.6205000478833987 
0.4350997652113223 
-0.7246865216384301 
-0.4453819393136558 
-0.35793205795314 
4.366651905320554 
-0.02154030502059169 
0.08227939127239575 
0.230861008391436 
0.3323884976453393 
1.70408975696387 
3.22845566461877 
6.485810875976179 
450.1695306217518 
-74.69412744654038 
-26.50490825285031 
-70.69258078886965 
-2.345972210348485 
-1.739772727275921 
-0.8819882849159831 
783.6364287369892 
728.0696026808826 
697.5939337067999 
744.4210884708441 
773.6351037034775 
740.8990986213211 
424.5475249506455 
5.485506445747398 
0.5538843170507731 
-0.06250935775951588 
3.498568362568015 
-40.42946764300888 
579.8944351862145 
649.1541652413388 
673.5533533386121 
687.4134532335305 
681.4412924906107 
772.455334457086 
780.6553841044865 
767.6768859194544 
778.6332740053692 
765.5220984418647 
755.8586513708879 
735.6787593839936 
725.7313133988946 
697.3561782028847 
665.0586840046785 
652.2003818537464 
637.6934121809768 
622.235128222336 
606.4760577320727 
153.6751187775758 
289.3861842155267 
685.9731800998376 
663.2745949069335 
69.97021187567442 
294.6891086569988 
511.4900601405478 
545.2032851294481 
756.8370034975064 
778.1563775213792 
-0.1221940609379145 
-0.1882879688851282 
2.882818481628364 
0.9007468618127469 
0.7832130415578977 
102.6898086200013 
13.53887556885315 
639.8583530568843 
182.5684389794019 
1.45995501773251 
16.51701533004602 
30.63645426868174 
-0.6260251792300536 
-0.9164716965232638 
0.8740459505373831 
-0.5267156049108002 
-0.2337925065989501 
-1.614106319516185 
-2.185968389654951 
745.7391215952192 
726.9897599341917 
699.0609852101452 
707.048096505558 
676.6926260999453 
637.3950509868421 
759.518732680266 
763.6984639140021 
752.7394600855531 
738.7664906072952 
729.0362257570229 
721.3711796711265 
740.2583636486418 
659.75781455924 
689.091376613772 
668.1680468258727 
643.1682508580102 
731.4494560377168 
408.3251244427993 
55.82244806154873 
301.3749913357275 
747.7791948815226 
564.4077401364524 
763.6924886869854 
-5.223349885289458 
-2.703029120642428 
0.1366407513456543 
6.795452153305681 
0.3215697798918073 
9.365435664128915 
2.557333239550587 
133.7656428228727 
18.7996711630517 
31.13362204021927 
3.110055605813628 
482.7291515728962 
4.523101306826915 
-1.033013478188482 
1.573657310130059 
-2.43062863928267 
44.01714758377739 
402.0653296252852 
679.0062057676578 
660.7345921228249 
717.236264315535 
702.7715234957936 
713.9188092532803 
735.7085549857421 
744.9925055900494 
741.2347860349844 
708.514437949026 
719.8060673459944 
626.5165935039 
728.5228286194501 
733.4560919449474 
726.5234260942501 
706.4498618073018 
690.121568278508 
704.6984768932988 
-2.326642827167573 
-4.501609307407003 
598.2083792708959 
541.9436264284966 
206.9579988263678 
51.3143441093484 
369.9013117384829 
667.9993169958242 
18.70454308347679 
7.007527366989827 
-0.7999622285861654 
11.2439259194188 
117.0904943040921 
83.26194432720548 
117.3956355267274 
73.32462395270275 
30.74969895950473 
51.33790187983956 
5.630852928160974 
11.44645323035728 
0.5448049937139092 
747.1669797239449 
158.2596385319139 
709.7153428896821 
710.866458446425 
721.9764132319885 
730.1493749037977 
716.5020055826443 
704.1673516356769 
713.355746216284 
698.5576017252955 
701.2913925625465 
691.0082208541063 
666.3340669443176 
670.2803672771826 
693.1061028611637 
-0.7517378273737968 
-1.425989502593832 
-2.738406041540748 
-39.96082110726221 
-1.591522037851557 
617.7137359950015 
643.9617961858069 
695.3853703324993 
656.1094000892343 
217.7662328263046 
-40.47769115866148 
1.780116380066433 
12.78921903440163 
94.91065381695817 
236.6542470373811 
23.63824894760047 
756.4138364798961 
722.5074136264213 
708.1969617370557 
417.6074892614422 
353.2592877250181 
-8.034918806945491 
-0.2463356684446132 
0.08798701254364703 
-26.23312074310443 
-53.1720274052492 
701.9515166384051 
692.2211653647515 
708.1544722512343 
-63.89511226207033 
1.327233761843701 
-11.37527487154642 
-14.66426156166749 
711.193908512801 
0.6569501178784807 
-0.3042756328766693 
591.8341379115909 
-10.87004008992766 
1.744987402216921 
62.42639771698676 
482.0802501515962 
731.3196796171619 
322.1923746205771 
33.71499005075975 
25.55315351180888 
79.30296637521053 
173.3333596787093 
289.686222986842 
664.1844360445334 
686.0919713043205 
-33.42552739677841 
-19.34653249214739 
-5.98918786188821 
-8.558664827606993 
3.878199735505303 
-73.4779690716084 
-19.49889061366576 
699.7309143414133 
485.7506977701441 
533.1979791649876 
35.27824266041718 
547.9847430489725 
703.3954442409968 
707.5063667311633 
691.1339243839578 
706.1906129729872 
-4.040865752508907 
5.873515351430298 
114.2306740892921 
146.3307153505197 
55.70174820741683 
434.7256741920074 
245.9836348248781 
-28.49976996573939 
-14.35367369098239 
-36.0364773724715 
13.89075895667293 
657.7057778700142 
681.7767766729696 
697.8036165086091 
724.0275939676206 
731.395028623283 
670.7812530598097 
-2.821003118382107 
401.2937663011348 
451.5785087113958 
83.68941220913656 
698.7921095553213 
716.0291596072674 
700.824062033429 
688.3332008239844 
-9.359945706667702 
-22.86473514661186 
18.71347656537185 
52.01548226199161 
-11.00605234409313 
-23.44038941508121 
-18.91613454866203 
33.12340109049033 
14.4425861486962 
727.6766805457836 
696.6377030028915 
696.2299113369434 
680.5019670329509 
592.1681171538945 
623.8018409222012 
-1.38675118054211 
-5.763856001380522 
204.8367576312042 
457.0811012779254 
30.34559921035506 
230.0276173193508 
-12.49639721892129 
123.9293115690116 
163.4804735011935 
639.7013555461684 
656.5279925887941 
8.967216618857629 
702.3132848582217 
477.9232733265287 
523.7169136108253 
-4.544902981842665 
-2.731001089665302 
-7.4756427929536 
511.7243513491396 
685.0223343063336 
670.723615794597 
1.123408459668172 
606.3455434849781 
692.410923734858 
697.6743954016753 
703.2859883980165 
181.1611702011807 
93.07882997487692 
275.9325924772241 
395.1291613073516 
87.08327242619123 
649.3550932522131 
677.4548068331416 
-3.591521765536605 
14.04423328248873 
10.54430422398789 
701.8717539262653 
690.3965420842287 
7.28358682310817 
615.600404636034 
260.4390370615631 
661.7418794299236 
577.3483720576486 
661.733993073479 
354.3936746181975 
1.431696082766535 
27.16667539842407 
57.9972198763791 
-1.958065571181874 
546.6940848282102 
59.45120709158234 
626.7868017959012 
481.3123153099722 
7.648669026058625 
308.949038466139 
446.6700773485562 
118.5888208622485 
618.3273977590485 
683.2656383156778 
230.6672889226512 
135.3177198936748 
19.06363418054296 
616.483367283129 
330.2118808653152 
354.8840781664031 
54.60813056604201 
132.4494587837086 
557.6416735594755 
541.0472286598485 
188.0048372322861 
65.60529997956748 
-1.335367073007471 
657.7215476135514 
-4.564084968691549 
659.0659514443508 
670.2704322744256 
713.1763779685259 
718.8825851415265 
700.077251325751 
680.6223201337065 
675.2140659787873 
0.9696731258161273 
730.9496859742499 
697.5569491910345 
303.1967312691415 
6.077195605080036 
9.342743875821556 
14.34960545314334 
575.6178974204157 
629.0763213157932 
19.75005510827867 
</DataArray>
<DataArray type="Float64" Name="sigma_xy" NumberOfComponents="1" format="ascii">
133.2468712117284 
128.7863760124004 
89.76926833527494 
49.35825216369288 
19.47121135751851 
114.5242738884635 
106.6269304699341 
63.09954849028117 
31.06096540225953 
9.079119846169418 
78.91467423433501 
61.87314568031317 
34.25949091253842 
14.86890085995739 
3.047345234690803 
-0.003266474040015037 
0.01299227949504172 
0.004788239450209775 
-0.05015560979519314 
-0.1154063644504736 
-78.9063300556185 
-61.84771137715843 
-34.26136015093476 
-14.99175378446644 
-3.302352723018935 
-114.5152491639768 
-106.6355228513118 
-63.17691693581548 
-31.24783868693134 
-9.376097758422439 
-133.2324048718903 
-129.1950844649568 
-90.19353638122223 
-49.59490106902707 
-19.66277492189229 
1.266335907791596 
4.820295232254448 
3.810203457129774 
-0.1285051015979331 
-4.080068290981971 
-5.107587138466927 
-1.495153518045075 
15.56179143243389 
13.9944419077562 
8.226791992647728 
-0.06669944686381561 
-8.354356320019974 
-14.08986658866399 
-15.5947612605409 
24.83498889309556 
19.71641642451234 
10.93602279017255 
0.03149862053627488 
-10.85732908594616 
-19.6044824945738 
-24.7079437644838 
30.64871500649426 
23.15377202518463 
12.50876677352783 
0.1117063890440437 
-12.26876076243301 
-22.87994530483653 
-30.40709339116457 
34.25081178697353 
25.0825129739025 
13.32290727167937 
0.1387074653010291 
-13.03281699497845 
-24.7613542445225 
-33.91313677300847 
36.21144561041799 
25.97694287763089 
13.63135360395183 
0.1151858060607942 
-13.40390566098931 
-25.7530697295052 
-35.96035374623793 
37.02535287667303 
26.24237996350459 
13.65482967956787 
0.07937877168685828 
-13.51168665022684 
-26.15162194410926 
-37.03312072185205 
37.63527130573267 
26.27211300108581 
13.55834932498146 
0.06601682630899555 
-13.42641995916019 
-26.12225160361928 
-37.33429325596303 
37.28672410857448 
25.95117305803307 
13.33798594273927 
0.06036058052633408 
-13.20911009743362 
-25.79300670196875 
-37.12310036281328 
36.41388886029587 
25.31661061812486 
12.98251210663309 
0.0356120028350379 
-12.89890866250365 
-25.22440539934787 
-36.37600407931431 
35.392067585291 
24.51084296921522 
12.50243536924597 
-0.02532683585812192 
-12.52889437068278 
-24.48149493359237 
-35.35321698841127 
34.29496476043733 
23.51640782833482 
11.89810557217729 
-0.121813115915352 
-12.11714760429359 
-23.6438652556689 
-34.31816366912579 
32.82243759890892 
22.27507856801461 
11.20894521508517 
-0.2142511713189063 
-11.63045789356582 
-22.64858213333872 
-32.91659563523839 
30.95183814316179 
20.96123762049347 
10.52241562488519 
-0.2451109554512878 
-11.01979627575176 
-21.44260331006393 
-31.15831936618129 
28.47699265391117 
19.49845173362265 
9.805375007106948 
-0.195978099503563 
-10.22684717480079 
-19.97803070613742 
-29.07977831490921 
25.63205005581072 
17.6097492387342 
8.910425688005992 
-0.07963815803457745 
-9.149244886246164 
-18.09032984485771 
-26.56549954889178 
22.24616830982607 
15.13010932347193 
7.682781299064793 
0.08199614282028096 
-7.605129392386045 
-15.43820909723317 
-23.25943329171704 
17.6740133040411 
11.77639769596278 
5.986401560922011 
0.2223562241197506 
-5.536333351825852 
-11.42076386588938 
-18.31181312045719 
11.17849910486712 
7.335657244504688 
3.827660951591606 
0.2206914791592124 
-3.28142066046234 
-6.383966166793686 
-9.477616506757313 
2.655139638399599 
2.443617511512176 
1.354208604492851 
0.06456478158183192 
-1.192057215284015 
-2.112551454024377 
-1.422966948290743 
-19.6826742657881 
-57.33349958053025 
-88.58659765644298 
-1.050045150496693 
-17.28959093977067 
-42.04917062454209 
0.1612307123995497 
-4.293814910603355 
-16.92079101897968 
0.3182113638007444 
-0.7060926163480225 
-6.098555022336043 
0.3042542594881719 
0.4745473002141751 
-1.263871245664957 
0.2633227365124153 
0.9092278439091463 
0.9243144213462954 
0.2230239509649169 
1.03946278448933 
1.948514772013131 
0.1945235804313702 
1.055298839708894 
2.411324299781891 
0.1827606752759872 
1.062671628203339 
2.663070708848482 
0.1721125646147721 
1.048571455204264 
2.759988063351638 
0.1630994612089489 
1.02932600392871 
2.798218425812344 
0.1533703700197019 
0.9992522810867022 
2.786652823842679 
0.1418054335285414 
0.9513724275939202 
2.723372011153099 
0.1291534730965488 
0.8922560972230312 
2.620761752986486 
0.1180055732537239 
0.8452491926482887 
2.523590600213547 
0.1084973705235076 
0.8102173482702545 
2.442064082416473 
0.09622281527536168 
0.7355096392588604 
2.250917496104211 
0.08700047514020365 
0.6707747327887362 
2.102674462824602 
0.07850837382799805 
0.6097581298466026 
1.929682831842929 
0.06930321051973924 
0.540131731511428 
1.71655185007483 
0.05830922068734692 
0.4500236699079198 
1.45104599139717 
0.0468063677997921 
0.3542129681936779 
1.165070611157034 
0.03316811077694748 
0.2524057634570516 
0.8995422238401555 
0.01650050084146427 
0.1073186570356263 
0.4077890478980533 
0.00834215130249789 
0.02995411879939822 
0.07140787783729696 
88.89878674254027 
57.34909751745961 
19.68454040511977 
42.30035779423331 
17.34351078371184 
1.052823199338096 
17.13332827479208 
4.400728710268146 
-0.1471963739877107 
5.899869583852174 
0.6529503026394692 
-0.3257408589967923 
1.196696649799353 
-0.5190044652020032 
-0.3117785018185138 
-0.9628534413938851 
-0.9306041388572435 
-0.2684155412196668 
-1.967245442987278 
-1.057077977884725 
-0.2267616427498988 
-2.383765414066333 
-1.057447282179501 
-0.1959705879001712 
-2.624144619449277 
-1.054363933937262 
-0.182011634058848 
-2.732888742610707 
-1.035368039268903 
-0.169767219997404 
-2.754998198589779 
-1.0057742621659 
-0.1586602133242332 
-2.745479896290921 
-0.9756251256114246 
-0.1489294376595206 
-2.705102568641697 
-0.9392010042371115 
-0.1390753205306042 
-2.635571468453596 
-0.8942505196157655 
-0.1284258359771717 
-2.547565279800209 
-0.8444095090318731 
-0.116933962202808 
-2.429393088545367 
-0.7862907177207015 
-0.1046142842081327 
-2.264832350986689 
-0.7355079501721542 
-0.09626403526007098 
-2.203277540530689 
-0.7225759191521196 
-0.09381168495273821 
-1.873355151786661 
-0.6091367652826171 
-0.07969472723919171 
-1.655865124611646 
-0.5248012987481568 
-0.06870042337716423 
-1.459774899640972 
-0.4492636588781963 
-0.05842038424668228 
-1.178333904793554 
-0.3547003091831302 
-0.04630185459445074 
-0.867316261841777 
-0.2426312103001046 
-0.03204555622602379 
-0.4444255678943187 
-0.1173934247931703 
-0.01747819273355177 
-0.08127570903038142 
-0.03214865369242238 
-0.00847623977693051 
0 
0 
0 
0 
0 
0 
0 
0 
0 
0 
0 
0 
0 
0 
0 
0 
0 
0 
0 
0 
0 
0 
0 
0 
0 
34.71786149251386 
12.2640547152226 
-139.7407538354817 
5.365471762489777 
6.313759911026989 
27.3721033216864 
29.88462802977381 
34.29073022685096 
50.22903249417708 
39.64847517988263 
42.40590280200091 
44.74444938551584 
50.0232098039333 
47.49945275515717 
12.12659476538989 
46.61319434327741 
45.05078460959243 
40.79408251826714 
-68.70995201212521 
3.326968053972519 
6.010281671466932 
11.36589203692421 
61.81573550917406 
64.45801340851885 
38.20432732205742 
1.613624009129641 
16.32008858525692 
10.59142732768138 
-94.25859030494539 
-92.73865529500473 
56.64000415903405 
25.96990544777547 
1.013241995469846 
2.90604934303053 
8.825071113862336 
10.60096017028563 
14.5429883246984 
8.29744832559617 
7.207383961714505 
4.770772661237035 
-142.401800878078 
-111.4834388339043 
-38.50846449592589 
-19.16279244245462 
-1.802405301274125 
1.415180130220417 
3.280217131213858 
4.553083462783145 
5.905380609947184 
6.200527116595485 
6.211743478388804 
6.03402069972644 
5.976402597006089 
5.415552024622287 
4.980097914072699 
4.571528151169772 
3.39829245670481 
2.593069373419589 
2.285908239115806 
-7.490664101236812 
-108.4361241948667 
-33.86468179668175 
-122.1369546552863 
-142.7235859711044 
-126.3022009861778 
-70.04391732858093 
-118.6087256489916 
-47.48043150683934 
-8.011145222809553 
11.71665513942958 
16.88655689371125 
7.826055407641856 
18.08763581803325 
10.77456740651031 
6.096130082923445 
-63.13392666345401 
-38.44091070439224 
-146.0537083222599 
-21.12441927790112 
-9.364036555539483 
2.056723818148805 
5.471286946851778 
9.557661076818002 
6.272385543462186 
4.038347634763472 
5.795087868202863 
5.517617280760097 
47.76042003210684 
47.85077931188835 
-56.19418861610486 
21.56352613164596 
25.76818461213324 
-83.20263774559285 
-19.0138672304702 
5.102884864250829 
37.69930086887208 
14.57028038491803 
46.42846477771727 
62.3446166378334 
34.08286327958557 
55.50541952168006 
55.3490815596017 
-120.5293371040558 
-140.5266114848176 
-144.2937618329108 
-72.88516866601573 
-140.2131371469191 
11.0988886048356 
5.550996221303413 
7.678472680084152 
8.525279237605695 
9.478910580983859 
11.98910135070349 
-2.436016913291577 
-2.502925709861518 
15.07979822029892 
10.74298811033562 
8.172867371472869 
-109.5248272863177 
-21.03761554006569 
3.907235683178703 
-83.15922165085719 
-57.38721934088769 
15.04215684807006 
8.609421070838071 
10.00731154817954 
14.83850374129854 
-132.0983080316135 
24.58545305365411 
33.03857772738113 
44.18248847659526 
43.59402326720819 
-68.46634146945996 
56.72807878059881 
57.54253371781466 
57.70860754986406 
42.07173366652599 
57.14721646121587 
39.94280555092221 
50.19060482255449 
17.83403758244114 
57.81418404875104 
49.2141129039702 
67.4933295499696 
16.03605072799929 
-27.09395384301687 
8.931459191613326 
43.21094128202323 
66.24494560214578 
-135.2479623737243 
6.21534496488273 
27.12889855013058 
-24.36655952447148 
-11.09665099763812 
17.04105402994823 
-36.51952805766336 
-96.36657821958154 
-0.7416959121974109 
-101.881027333935 
-71.13763137951609 
19.38096080698764 
22.64936810049073 
23.41050748850846 
20.41684931299097 
30.63952024344805 
-118.6110442808121 
14.18064276970237 
-6.242440423756949 
-2.058085786760427 
64.35738645348701 
63.24939660696948 
52.77272413122608 
58.03378979070337 
46.78171492371786 
-20.1623345187933 
48.13070503642069 
10.41343074636905 
14.81941815304766 
67.71220281617063 
53.62113366197473 
16.21124933726217 
13.76035489454442 
-49.52382866241141 
-133.6202268721685 
25.84348969350287 
29.05186396242675 
52.07614412839143 
-21.50542926863842 
-31.73334700414098 
-52.34277652953853 
-7.927287077357346 
-8.020959805003038 
-6.931062648683383 
-40.18444942056512 
44.09891475921837 
-0.8185008915546089 
-130.0887632818209 
-78.10248494908775 
46.70431456324498 
66.79316374766552 
22.30454288063986 
12.87499549269246 
14.18315305840556 
14.59843557656477 
13.36012481829322 
17.75654784929424 
13.50534850728488 
32.42508198197672 
12.16364335712108 
2.949673793412197 
67.98455823007495 
25.46360709908351 
8.054849056070221 
18.55800510357097 
-45.53694784107876 
-67.07771204052004 
32.82824739233155 
60.03425636543532 
2.617506044223858 
8.388656732458191 
22.15696578705148 
18.78913124498024 
-75.84022348199923 
-123.768164978951 
-30.37103930535262 
-35.57242687190487 
-0.6370494773298516 
-36.34191254153464 
31.6274888956919 
51.15639024869588 
-77.20771766001724 
-94.99678796907531 
18.7451949856459 
49.4118674437947 
25.48394478885912 
36.98276017933532 
51.58830606948433 
61.50320540597077 
7.300474842580682 
36.08803610261715 
16.90057604768742 
-56.18117689567945 
20.15986775950076 
-13.21473408845768 
14.03220638940275 
-56.50640569164027 
64.44383303050233 
5.0352497726232 
61.19140857497747 
-54.07853847182143 
-17.40121659071405 
-106.5904285226227 
-92.26361527194017 
4.954417204630905 
17.61448983123134 
-48.89599648400345 
-8.814162918973032 
-29.18256167628019 
33.10235914712338 
66.7496197546314 
35.39676249377874 
42.86308764332019 
61.65951388757483 
4.124482873205755 
10.97362733883409 
6.872643702846751 
26.21925325943037 
18.93308747236835 
19.12962460417379 
-100.2502248345212 
-85.76296959757246 
6.214906329300478 
13.03988093351328 
16.7185004817082 
-1.465565114923367 
22.37005181195551 
-49.67421949865488 
24.96966396919621 
-13.85958906068274 
-87.51502928366149 
-95.81861598171025 
24.99175448678464 
-4.207531868674723 
-4.32104032754597 
43.75860049239735 
52.06184659984934 
35.35874977062385 
15.282977643343 
5.436781497432404 
14.4375348475577 
26.90528248428133 
21.52792902213603 
18.79907859999727 
13.01880389011079 
22.96552237334302 
12.15161044061078 
26.38035901477158 
62.13283787160612 
-57.01995741045447 
-34.7034192228971 
25.88226058442657 
-69.91409233017275 
-35.19419511843981 
58.1213299573602 
35.54422596430388 
-48.98250712752384 
10.19288091673006 
-24.08293255770681 
0.9006275607184371 
41.92372594710711 
17.03144512499708 
27.78039267042278 
23.62855752363207 
24.19707706290559 
4.242448704981413 
20.40359429706849 
54.34678540287366 
-82.77866339953215 
-60.17630079025761 
27.87128642031287 
-54.67416962521443 
0.6495390600549498 
-66.97313186584303 
8.73797887123953 
-6.687842224469555 
35.24751631575229 
31.67549382198593 
-8.628068527537529 
25.63844599017532 
12.16120640263951 
16.50091276345486 
23.01992631179242 
-47.31308272124559 
-50.50823176263921 
-74.69606468595508 
-18.5234686355191 
-71.37753651115479 
44.61443511771218 
22.34672881390954 
3.132283870759 
10.90801124253871 
-34.47797235980234 
6.270805152216003 
-42.81728577505747 
-37.87026146983618 
-23.3288390472657 
17.15587385188944 
26.80668829968593 
-62.94822688962481 
-5.356142711215602 
-5.321010164961589 
-35.83691898836194 
-14.51258820487122 
-24.50592046486135 
11.52593076936439 
-20.26754108500074 
2.025436626174071 
-3.582758597832917 
-8.312260181870105 
1.486240864108217 
-5.652794682151796 
-1.891248843583585 
-6.95387449107688 
-24.72267700749136 
38.63204325456648 
57.08502376238813 
-17.95357576545344 
63.65536599906745 
11.94246590716876 
-36.65232218428111 
-107.9799009024103 
-112.1817038616774 
-77.80364518783293 
-101.5514118964658 
-122.3597012065689 
-134.2261939434623 
-86.53608961861292 
-109.9342197663849 
-112.6217791241636 
38.7696916642726 
51.18925069305597 
10.59060768258758 
-97.44296508588214 
-89.25203892110309 
-6.516799634419672 
35.51648306590878 
111.9126805077429 
-48.28810756944721 
55.38308913352787 
-0.8157512288524947 
-2.367498259202255 
-2.291806697565164 
-6.321368331572939 
-3.357991988457155 
-3.716580658396937 
-4.4029290319319 
-5.664930213942987 
-5.711308536863689 
-10.29231298093554 
-5.588878723144973 
-16.28909494687379 
-5.542711516068851 
-5.416325339620413 
-5.192765200679762 
-4.722821508232453 
-2.305124136584568 
0.7964946533858375 
6.450661650098929 
141.4529990930125 
-1.856519601879878 
-3.705681180668594 
-6.550119176175694 
-17.42798190549816 
-11.34239012775421 
-6.174735287489321 
-2.437296568934611 
-33.78643987508826 
-15.67053214084677 
-52.22768794740801 
-33.68990352589571 
36.50994030108925 
145.8493324830401 
-1.011683259276473 
-8.476078457317376 
-9.46513554322558 
-21.92837407711673 
-14.35233420939064 
-7.088032525139472 
-37.78803048381438 
-54.69598361081528 
-43.06147866776714 
-57.94613493181366 
-11.74372190212065 
-7.364708964658742 
8.908094707816987 
-24.50656978951701 
-39.7509214762411 
-43.73536231648935 
-47.75319046812935 
-48.33579798007494 
-45.51387789731854 
-37.03060769292865 
-33.75482281615906 
-30.55180791791297 
-27.31621813125783 
-21.88891221284232 
107.7638231317561 
140.8978761050424 
72.130086610975 
70.20754135920099 
66.01465776057377 
142.6930543962356 
130.3084690454344 
125.5233241230727 
0.1571457097714837 
-10.89895558140864 
-5.589261217457445 
-5.575961625718544 
-9.489993985791608 
-7.665208854883735 
-3.82693098460647 
83.65643558399155 
16.88036649501441 
91.74576713714468 
117.9020941002262 
-6.321600530917093 
15.2586052130654 
30.61790820897687 
-2.815583961557023 
-10.59348246098081 
-12.2664353984963 
-5.63827494267036 
-9.846790043228468 
-2.014444593623793 
-4.732826533855528 
-46.35037097830559 
-57.87143640788413 
-55.72983654635854 
-47.02897205915555 
-40.16163656685539 
-32.42052666369653 
-40.52674271979493 
-31.06910707106216 
-47.41546880452008 
24.24126011101183 
-24.93316606711229 
-60.96973979492626 
-53.62345665348432 
-43.32027152523313 
-52.011148780243 
-43.81689407629508 
-35.66509813256564 
-51.39397415438464 
143.7010824566669 
53.02298003310822 
140.2173113709873 
-35.22692385066827 
108.0439209051728 
-17.94923119225275 
-8.972372901273715 
-9.86501646746057 
-9.019853950993664 
-3.933809638536025 
-13.21453092992204 
5.298308561128322 
-4.238409614735718 
93.68479743497045 
11.13242570881999 
25.03960027819561 
-6.577301109313861 
127.75886771892 
-13.50399676855152 
-11.09155233238762 
-11.11833639688533 
-21.72409410075801 
18.37484414822779 
137.5662816845123 
-47.97960702561339 
-46.66415911956996 
-58.92164655898974 
-69.01855022722124 
-31.54968479558838 
-55.50282964594849 
-45.82006832140254 
-6.041252968697606 
-58.75582139955795 
-64.82696007019759 
79.87975437320085 
15.04609587798739 
-58.02356714383799 
-62.06279292367432 
-65.84247308026245 
-58.41633829938265 
40.33952940778837 
-7.893243324103688 
-19.3951116593797 
102.7991844669226 
106.6651064284376 
121.9743138665032 
42.34219024297039 
115.6477622331367 
54.94637967394235 
4.828968657783492 
-5.272265270850539 
-15.96888451757722 
1.304743515122599 
73.91582755690675 
66.98053858853794 
70.02786951678389 
53.77252586644329 
16.64128276013707 
31.20637900047467 
-9.420983088256746 
-7.445023905650281 
-25.00055649230548 
-22.2717304155239 
100.1304918047039 
-53.82280476452752 
8.73014580626463 
-56.07455790518749 
-57.74596486560506 
-43.77534914341675 
-64.19137382473147 
-65.52122175715343 
-61.42375853721084 
-67.52507510452803 
-62.77934943950554 
-47.53935446333944 
-51.86493899576372 
31.97772461580672 
-10.71851903616319 
-16.61688127844122 
-4.756123408545635 
-6.958276726414533 
-21.08396486189871 
-14.16163283839212 
-33.07941848815243 
-65.89201515950506 
47.26106629176403 
110.7275423585963 
-16.60840128978216 
-14.67500564781056 
-3.88805199632783 
52.68304673697629 
119.3286524506369 
-3.786916264606011 
-14.6168142143933 
-8.186690328139127 
-67.65351912150727 
120.3883893117715 
132.0283372441758 
-14.64735062052545 
-15.1698882348662 
-14.26737132977448 
-6.097141581502494 
-7.382414601829341 
-61.16857357447882 
-65.30168856242878 
-65.40902583968833 
-7.288110523531133 
-17.80493475615024 
-11.62961526876487 
-4.32999804505239 
-44.5935661397299 
-19.27831550668668 
-20.48219136806787 
85.10325360629999 
-24.73963838046213 
-15.79841153011611 
33.9682221031301 
122.0334738743872 
-15.82800853334787 
100.6224061792938 
-1.61586575200462 
6.973713786121137 
36.87995386535486 
86.97697081021761 
115.7301232627171 
30.8945508612358 
9.908453689017342 
-10.92529320264494 
-23.4464367134339 
-6.840254514036676 
-20.54166184273987 
-25.56068952773753 
-4.334858207899988 
-15.21025890219144 
-37.47290463375794 
106.9753775982097 
99.32360265327031 
10.48139167165186 
52.96573353358095 
-54.92358769134341 
-51.54515873904514 
-38.01185514215426 
-34.3358567676317 
-23.97110090371552 
-18.80017757695213 
45.60889657718876 
67.25974736654776 
15.8398709415186 
66.04120882753496 
98.82157234252394 
-17.02281044578483 
-21.95681913206161 
-17.50355935162158 
-21.9475984712303 
-14.60755490398194 
-58.5753191112712 
-53.36892241529657 
-6.366895495685613 
-26.94154563703989 
-36.5364705735332 
-24.83282535158709 
93.06810524558101 
102.8064782277661 
23.85067014837059 
-55.04164126072179 
-37.74435019039326 
-63.24142541815002 
-60.18442623901296 
-25.36190316639284 
-23.67644517611716 
-14.49288330650546 
2.878463969488557 
-27.50914972457162 
-22.24618449416342 
-19.10914423238556 
-13.55090516954952 
-3.638353002022074 
-17.13029899014052 
-38.4445206730411 
-53.73461170375561 
-51.56302933464023 
53.45406247807537 
49.8588676251924 
-23.9514826069221 
-26.57028203784055 
77.56340585091561 
22.44160221237732 
-14.67705232191643 
60.69355786867575 
-26.41194505830348 
32.2661106252609 
54.76397402658392 
23.6239937552257 
-21.9572773848447 
-22.44635754780631 
-13.71461126699839 
76.76055564876643 
81.86193029050813 
-28.2121974794556 
-21.58069505833722 
-13.49126370562353 
46.47531222025466 
-41.02848359915939 
-6.266456772226366 
-27.12816167696821 
25.43474606242979 
-41.93389536074349 
-62.07581283542342 
-58.10354356955217 
38.71334749864275 
2.932571119242572 
81.8927351814153 
50.53331604843529 
10.71458219422856 
-2.280657022683473 
-7.235820714106111 
-26.36158542789227 
-23.61105234348398 
-17.22878706480802 
-50.30186791604625 
-21.82993008448373 
-25.8005757053961 
-3.962089617127496 
40.41513367221824 
-20.02059146935544 
22.72294230918801 
-22.42813410342733 
77.97869074646586 
-27.28386037155105 
-15.25324281089461 
-4.892841747097981 
-26.7055899077179 
9.598622365997663 
-4.203482054318214 
-1.080412175878355 
35.57605307101823 
-22.30170296665169 
59.7782401900352 
6.416028488973722 
3.708441635426085 
-2.268616790944809 
-40.06892331407046 
9.272786079095161 
19.43121501837947 
-11.53802878603698 
-7.324584016080215 
12.63848301518872 
31.01350750628892 
-9.434787283359938 
1.137255762049514 
16.00518180412589 
2.186940267016423 
18.22646480404971 
-1.761992540196375 
-5.191683377115082 
-40.11990575506038 
-14.07541966216446 
-44.80190496557335 
-48.89573112703003 
-66.45131055234833 
-65.40454366374695 
-65.41223700455096 
-54.16297920232189 
-25.49021902138635 
-24.19937760413706 
-39.53213512823259 
-30.61347300153844 
135.127455975003 
-13.93555686804569 
-16.15740931161978 
-9.654716621935783 
80.30804224275434 
67.45871537836008 
-2.444433416942067 
</DataArray>
<DataArray type="Float64" Name="vonMises" NumberOfComponents="1" format="ascii">
341.4640219376831 
496.7233337271822 
610.7804704421637 
676.0729187370667 
708.2282994414367 
298.9877288198992 
494.4653014870739 
622.4527350696449 
683.2858340826097 
712.032141098754 
230.324589278938 
505.8069402649904 
628.326101848287 
689.8015753718805 
714.2433680374411 
184.0853887141143 
492.6532628840686 
634.7031679661284 
691.9789742604551 
715.7320405119062 
230.3128119513943 
505.7913461900667 
628.3881149858036 
689.9210001065931 
714.3050592271879 
298.9946930003547 
494.5188816714418 
622.6060949636994 
683.5011399668674 
712.1280520740223 
341.7627711866693 
497.3447263229987 
610.9972459592454 
676.1295172859116 
708.2718269675067 
721.6454739453688 
721.8231390760944 
721.5727256264519 
721.3502031189354 
721.6501120975271 
722.0041800326076 
721.9022761975384 
724.241731841484 
721.8129102693658 
719.7616885263529 
719.045566497301 
719.9419177239572 
722.1824987300547 
724.7541427790372 
721.3265730639046 
717.048424106525 
713.8879643367343 
712.7709330580971 
714.0659347224375 
717.3955733731195 
721.7798148098823 
715.5099979205243 
710.1971047248912 
706.3914637676386 
705.0403321324321 
706.4849077198298 
710.3809405833896 
715.7974657051021 
708.575750745853 
702.7009175173387 
698.5792164170006 
697.095627614805 
698.5623245495605 
702.662082168149 
708.5588728217507 
701.4485063683134 
695.2882371617139 
691.0808092269634 
689.5683903230425 
691.0047424804376 
695.1141307121643 
701.1571019484454 
694.2170481126601 
688.2404990710459 
684.1959759975465 
682.7530163255924 
684.1526209356538 
688.1749399299539 
694.198586266751 
687.8051159720959 
681.9665365931926 
678.1231564244666 
676.7758000864196 
678.1239405649048 
681.9952693632697 
687.8781184296641 
682.4314405946394 
676.604883436613 
672.9025847015087 
671.619939617399 
672.8869134605235 
676.5580730503989 
682.2463122627425 
677.2591373531025 
671.8253423737984 
668.3344024285682 
667.1061069706278 
668.265774730963 
671.6964776292668 
677.0863419797413 
672.2154725058807 
667.3372142584384 
664.1007310407921 
662.9219909057516 
663.9556705194226 
667.0912114371772 
671.9622237371956 
667.3010029424835 
662.8302933072341 
659.7894312844946 
658.6687177649495 
659.5898829270816 
662.4402973280237 
666.8904476174474 
662.0221655651632 
657.725025700991 
654.9127187495574 
653.9022218238792 
654.7592432708431 
657.3904699082356 
661.5811634664306 
655.8579085490593 
651.5760553022133 
649.032645729667 
648.1665289017401 
649.0059797261263 
651.4616441199531 
655.359468285469 
648.1728949268786 
644.0830794099769 
641.686097849627 
640.9251816749825 
641.7878666463336 
644.1471601059038 
647.773512428896 
638.244095378911 
634.4830341794991 
632.1004509780363 
631.3785361662111 
632.3521933188679 
634.8143894201636 
638.3851051514074 
625.5455026144833 
621.6807362126511 
619.1310761337159 
618.3574072004135 
619.5369739792125 
622.5374600898314 
626.5591441716628 
609.0611798142841 
604.4048183993001 
601.3878936144121 
600.4535104318419 
601.7281813626939 
605.4743468255959 
611.5715552389647 
586.9804315231352 
580.8667273077186 
577.4942655367037 
576.3824446324053 
577.4426422823938 
580.9613914841816 
588.4923614570295 
555.5226431682696 
549.727679731219 
546.3977760898056 
545.1776041120546 
546.1341135856514 
549.1095388081078 
554.2686114048007 
44.15774847103129 
115.6404487477963 
184.1231558086097 
5.414106086407669 
32.07846955154643 
79.85355782362346 
4.726084426170558 
17.22546015750841 
37.34612831474674 
4.761854508730549 
19.24080079025238 
32.19491125885568 
4.515531748743896 
20.45406476492101 
34.69255339320949 
4.193445471588981 
20.34052908353791 
36.24775117750271 
3.85383041570316 
19.52572057505992 
36.22042998247002 
3.520213568909599 
18.35953085931491 
35.03819828835434 
3.218542663760818 
17.02841199463864 
33.10051644862153 
2.921552584871774 
15.60688097453874 
30.781115604976 
2.628648510983707 
14.14707794613259 
28.25841009120651 
2.340117996973154 
12.68199895798718 
25.62702801151981 
2.059260823135658 
11.2302004495975 
22.95008733697987 
1.790924571946131 
9.820864118653928 
20.23563553070122 
1.535968145290237 
8.474993193612354 
17.55263666471258 
1.293693727766353 
7.178688856985342 
14.99316912848135 
1.065503101229946 
5.932615600168889 
12.56708390014169 
0.8543969310977332 
4.78816660544345 
10.29033879931396 
0.6613526754135032 
3.735046259885768 
8.138046909288683 
0.4879032574899568 
2.774771724142163 
6.20874310487205 
0.3371343605146983 
1.928611676617419 
4.477210395897306 
0.2110856822463249 
1.227354174220974 
3.006260716678881 
0.108786546966404 
0.6579887711981079 
1.897491108066783 
0.04273844848976403 
0.2363272438190197 
0.7201595941428824 
0.01591093354543523 
0.05221015513309997 
0.1772451532066448 
184.5001776646412 
115.6696246807866 
44.16320310740856 
80.23621375353578 
32.16815494501326 
5.398990522799855 
37.73437331648437 
17.34403140866875 
4.733634195402364 
31.93529671208736 
19.31155900765547 
4.774735303422927 
34.64670554313552 
20.42571331517168 
4.51761254052696 
36.15114796917176 
20.29232622460023 
4.185166111850209 
36.13633139815091 
19.46302949822197 
3.838480625239379 
35.03167801208218 
18.29243189159029 
3.502183784819558 
33.17111158289573 
16.98072930528551 
3.200638087989609 
30.87332510217406 
15.57646141406319 
2.906593472369594 
28.33762202641192 
14.13314431783984 
2.618122444410049 
25.70359445062742 
12.68784253686934 
2.336130056472118 
23.00886159329625 
11.25704605847907 
2.061007235235832 
20.31247274256014 
9.851305951170854 
1.795306747416633 
17.6185420359869 
8.491976147118905 
1.540554468191076 
14.9846090727033 
7.182883656357365 
1.299898043653708 
12.38027098351614 
5.961443116542346 
1.075600004652243 
10.20147727532525 
4.796364383393484 
0.8601643176652646 
8.065562398078162 
3.695088116821528 
0.6582090106392562 
6.228097742745488 
2.765463252738185 
0.4853513286713928 
4.53566248871049 
1.945158123151239 
0.3379366637166498 
3.058238905859716 
1.23467076077353 
0.2112108455424389 
1.866717438040976 
0.6611437568256276 
0.1101077441397491 
0.7904838476399861 
0.2587088765412133 
0.04536906002983752 
0.1940977100842682 
0.05622588970228583 
0.01626762107990549 
0 
0 
0 
0 
0 
0 
0 
0 
0 
0 
0 
0 
0 
0 
0 
0 
0 
0 
0 
0 
0 
0 
0 
0 
0 
721.3930373541746 
725.5255280107766 
503.7615658950271 
44.79557763105236 
570.9173560348737 
621.7905873836933 
633.0138083805261 
645.3059747635222 
666.2015121890169 
660.4259682898129 
668.3066717717767 
674.009674806674 
718.2293037563603 
684.7003986060896 
726.1118946506596 
702.9350318020574 
709.5237778956221 
715.5679611158854 
666.3284109216805 
784.1360729738126 
727.3808646487688 
776.3153306062933 
689.244140859794 
698.3328609855928 
646.942468986652 
75.76343674600913 
47.9426816981694 
48.15531340769095 
200.8211985671828 
638.437238721064 
723.5647608082396 
740.543645315978 
2.25746792081106 
6.356089199207531 
23.83489121623206 
40.7199402838422 
50.10893774760194 
60.44971828137933 
69.11935446860799 
73.88683820202411 
376.817155754414 
244.5102122046869 
77.60606379458234 
50.55285722575749 
46.62989217391093 
47.88271628486424 
47.96939961081021 
46.8205454954479 
42.07793254479003 
38.85578131502354 
35.26453224873016 
27.90265902688024 
24.28181516836144 
20.56445831566256 
16.98459080078747 
13.90118922580124 
8.364356729572533 
5.069144056720311 
4.359830305476815 
719.4092931334681 
602.3543579001181 
702.1485834029985 
582.4792797393162 
509.7247561177766 
295.9932625344259 
140.026921044633 
594.1782275301932 
693.0028417062866 
45.30287110103993 
50.92334890484884 
42.20172741957314 
52.36707497600403 
46.64034978605713 
44.53410377030249 
31.58356496362236 
129.8860677050604 
83.98835495167862 
405.2855139153849 
60.43024137724343 
52.47489221594496 
52.79553477246905 
53.1607483602079 
17.40143914143864 
13.31247180927319 
10.96464155535272 
10.38492558988518 
10.45248641957525 
695.3032988009082 
689.9483634669075 
682.2590080903904 
727.9659919413666 
725.2735930019223 
654.751714510638 
714.175494626837 
723.9906186463446 
654.0038393439348 
713.9408418205217 
679.5368867478192 
710.1518425259831 
726.6799731274173 
703.8095778804779 
710.2188461025363 
566.4159515308628 
507.898575100151 
420.7609448696257 
629.136962642381 
424.8927015476076 
33.32000863084717 
11.16977785263686 
17.30904759654524 
20.82500034586496 
50.78393628958973 
45.61386464408864 
51.94133644440051 
51.49615891517285 
48.3376533832464 
36.97867993388664 
50.96599210268144 
250.3904320473953 
63.42147214720645 
50.61371076187101 
181.1397015907153 
124.9248776840044 
42.57018499064962 
16.2357497754264 
28.79223567015062 
45.55648683209319 
330.8920267261301 
616.8171988484391 
633.1484791716221 
656.1934097334728 
723.1078029303334 
659.3961713016776 
699.340319481514 
711.2038393849173 
694.6565738858789 
727.9249878491557 
688.9065669732223 
727.7453098050979 
724.7968473125101 
597.9557547293422 
722.6965577987608 
670.9695440539193 
700.3099786241471 
609.219586483129 
703.7876389140722 
17.54012017586277 
654.2219155901435 
702.0115579344813 
496.3795385960485 
45.00173022737864 
728.3143187914477 
709.3033098462579 
54.28299695605733 
46.61636480444316 
86.42773909606352 
226.945854131128 
46.51530354821841 
264.9092007705333 
163.358261800086 
48.83365389672716 
44.16510004598893 
42.65387252715765 
44.78751659032869 
727.0708284683282 
294.1708945728389 
723.8200197242406 
719.4582128655604 
719.5387062917677 
704.7416472886406 
718.3245084996099 
718.7655395157133 
680.2322870701513 
718.3263874405043 
698.1666830733334 
665.9226934641744 
609.3375491022199 
716.514897673203 
717.4077415706384 
681.0844927976956 
40.2986255249857 
24.70600256075774 
115.6889018843195 
357.2325033958629 
45.0076332140815 
722.101833810571 
726.259684368387 
65.61037678434593 
90.88832104517685 
130.8234658889865 
45.22822351162779 
51.66861675001246 
687.6025771090439 
688.5334397183102 
725.2898579183121 
713.5979543556863 
466.4952469714394 
190.9817969340569 
671.6412008622732 
714.8076868016866 
39.60954062663253 
30.92086306798161 
682.719544037102 
744.0565068659492 
28.21400300153773 
37.73365326001597 
764.020842341968 
660.1140859777502 
644.8952523738907 
8.608138583834805 
708.2682022102799 
46.96884560956765 
48.15766267074958 
35.72441446509835 
672.6910870834148 
600.6906306802423 
711.8476070127895 
724.4201120984012 
39.64605189718448 
36.70183045503029 
45.95215062714563 
48.96472463080516 
260.6872174263273 
341.7325370832339 
657.8060411849883 
113.5364356637863 
41.79944723817775 
672.3157843192439 
737.5546445090866 
720.8520184676486 
205.62261849393 
292.7932500485718 
735.7597976767263 
720.5796625583221 
634.2184897181547 
710.0861420417567 
692.7534429651149 
710.9758944680316 
781.5132114520608 
686.9086610050434 
31.07863923061718 
636.6978380295219 
38.70369747035349 
58.47197910616811 
30.05834636274758 
167.2637265834879 
721.2114775968938 
19.74098735960277 
698.5117488451998 
140.8350267650297 
73.34692190523664 
388.7171974313192 
324.5630303025683 
58.73608223380522 
706.978744007507 
600.5350884899334 
668.156253089174 
636.8050485900595 
700.1024211179567 
714.2121525945894 
727.2798742545441 
711.3509672230265 
721.6130901127133 
35.98593555194333 
41.65357114946372 
33.79190612158072 
46.13949049164528 
34.18989034019049 
38.96832312903772 
480.8151069047084 
364.0759763510439 
644.6770727724294 
694.4878513817384 
36.85116617349804 
46.13713248350934 
44.04727861337405 
627.7200737273205 
47.12450040347805 
83.83405264682095 
519.0829144731367 
428.4828550366391 
700.6382429496682 
479.6217727289182 
618.7240397964496 
725.8864514653345 
709.3816865226249 
724.156177687366 
685.9250854562923 
690.172381221255 
37.57041153452722 
47.45886708036672 
39.24867927680184 
44.95735898077571 
26.45124943527144 
42.31642024037193 
36.06259135719263 
46.64277373561971 
719.582015907659 
197.4716516336445 
132.7593278887679 
46.28366422502461 
560.1443081326336 
463.8913864666651 
718.905542783026 
708.0980376689013 
278.0695574223601 
686.5507216753155 
574.2916932194067 
47.57093000108605 
715.8856776452432 
675.121802400943 
48.88513187461059 
711.3036791078038 
46.77228194751176 
20.4476601980382 
40.44698216313125 
719.0576682263435 
468.0673304229105 
462.0246596191105 
48.39104223735167 
232.3764614025131 
67.64526615836184 
514.6237248992912 
37.12931116610411 
648.8006176879662 
701.975688087614 
703.0876525340918 
79.16915735198484 
693.747837906971 
33.20349147759939 
37.20719789321248 
41.70925411702586 
562.4121816318733 
399.6773349629783 
409.0737676691031 
525.9132523763752 
297.5543699434275 
713.1374485332793 
683.855378854875 
659.5951525991039 
41.16909669929198 
218.049958564803 
46.36582273687083 
519.4855886646748 
330.380687648367 
611.199705943746 
684.7237155782406 
689.0177171193627 
343.4916205351088 
113.845412480619 
589.3607239607591 
170.3211297550564 
186.1077465092875 
398.9953341139943 
657.2175612314799 
162.6029077560184 
636.9420296274817 
566.4270303066872 
109.479553618684 
54.51218399288074 
310.7522003683415 
121.3033523080593 
212.2152687113747 
261.6927123148102 
645.1424790222711 
681.1602660074989 
121.4765223561246 
690.4276716434475 
23.50238783897077 
91.58921489882751 
338.048063548196 
457.5091865140611 
230.2911336058083 
281.8090927630824 
404.723008882298 
399.5301215206563 
571.0335308627139 
518.5520226297531 
543.9203229223823 
719.9619795943953 
722.5107152273225 
39.70077573724299 
618.7840144761656 
607.0349600140768 
697.7522753179251 
72.26535319480145 
594.7430929668549 
685.7689285709369 
685.6695104126305 
1.869004423648556 
7.020269270852802 
4.516388501394498 
15.72032725088502 
8.286703602011762 
10.36399123558935 
13.75228773787982 
17.27844518408294 
20.81845975264465 
36.5877488261233 
27.49965942776102 
48.14640821321262 
37.50998790144786 
40.69652277002041 
43.57355429586373 
46.02577499542205 
48.15951967303556 
46.87527896323256 
44.84268047728301 
492.2993674379373 
75.95507878151827 
33.93391476115033 
72.00102020349854 
35.62810748379889 
26.78551903969563 
13.02117959085069 
785.2013861895847 
734.6985615910237 
698.1079811949932 
712.951840185934 
722.14225715126 
700.0694380345502 
484.3621702030169 
52.83939318551879 
48.65081371029504 
42.76231958759747 
45.62506021474791 
49.67426589822348 
580.5321071229351 
644.6810553173544 
674.1491886729193 
668.6791098013166 
679.1838005276114 
773.7191380712607 
782.0396910171336 
718.61865557257 
725.8778985804792 
716.204403931131 
709.4438677573597 
696.5337638942594 
690.6930244126564 
674.8667784525894 
653.2604763761617 
643.4298703256875 
631.4529053221044 
617.9173847839924 
603.1549713954499 
233.3619713572737 
363.6442601361918 
661.6664613910219 
668.2287574989663 
131.4334634008896 
376.3317248959845 
557.8570521193055 
575.1271819430377 
723.0306970407181 
725.8099082835022 
34.18202046454928 
30.79821228330287 
52.46635118609311 
50.9925901637978 
47.65551460999372 
175.7786407412862 
47.93552629568737 
642.4207586955584 
268.1521522149181 
52.56707263340455 
54.8174536720344 
71.73604325867245 
6.162439605360564 
22.18019228891678 
49.60232234738916 
24.18639204809982 
39.65254309125286 
3.8018090258447 
8.982868153550688 
702.7245321493817 
702.3907090510353 
683.8195806948631 
680.6846189300039 
661.5383640157861 
638.9715249750653 
723.9203250138457 
727.2344448666572 
718.843026834919 
710.6923165903602 
725.6822408267287 
718.6604504670646 
721.7384780799993 
655.2482671668787 
676.0562178835493 
659.3977460747682 
640.7432373760764 
725.7214764659795 
477.6631048401919 
110.1495032409924 
383.8009769372022 
727.8823943587241 
602.4122820276117 
727.5895920287871 
16.40371717198809 
18.97147002542575 
45.87326583508802 
53.85905503220486 
47.48914116043474 
51.71059587878229 
53.53378273720662 
209.3924297333995 
54.10013183452917 
68.37644883358729 
53.20613597527188 
539.3540976785473 
49.84388500137284 
30.08227793021948 
51.41485999496862 
41.75360449855509 
65.04745669558289 
471.7391453049909 
668.164562191131 
661.0586625408254 
697.0905981318966 
708.2896294038082 
721.8942225395198 
707.2897709415438 
725.1271443075846 
723.6587341788904 
692.1760129590546 
709.9621213017759 
648.1194403352551 
714.470358291093 
716.7615726580816 
712.4624066739366 
698.4927041156435 
682.9840217812823 
697.6045234296265 
14.72028188176329 
35.63452834643832 
621.9411111628217 
586.2352502318148 
294.0542533649875 
96.45324484393822 
433.1800689711302 
679.5372261409059 
48.45703548100357 
49.19661355382301 
40.40983736643727 
50.87558181754753 
175.5746152821394 
145.8239802838547 
170.9456854138788 
123.6220406483162 
59.13419342335541 
83.05031498562046 
49.12141599090099 
45.45694846717426 
46.37630433306141 
727.939375521235 
236.1019629747666 
722.6921531734055 
711.7269742208321 
726.9955001156447 
725.1510811943127 
723.5509694794121 
720.1492664467266 
720.167320027051 
690.1559583684584 
712.1295761025083 
690.3656225420215 
669.0937669097884 
667.8910991003241 
698.0374271435032 
33.38598628569886 
37.76051962670342 
8.606029400649692 
41.68638575639516 
43.14874627950307 
617.1978109670194 
645.3513727833385 
703.7917000829856 
677.1319075487738 
292.5405439076607 
50.8880244456989 
49.82834935694753 
46.57503391465879 
133.4079006748566 
314.4489121987084 
37.50790558922068 
757.5236282504151 
721.4821142312602 
713.3013470342079 
478.600855191482 
428.4416311488252 
26.43017656847912 
42.87252119489833 
45.25854458367084 
28.17708367147228 
54.75118559414292 
719.6730910200091 
696.75843333657 
720.9425333113692 
65.26906593124713 
47.57118495178842 
22.73346119657877 
16.27334407298789 
724.3209629732514 
46.25529195112109 
44.97306572633274 
625.1189626653851 
45.69113423235716 
48.99259943219241 
90.58817760802039 
541.4769408773548 
732.2351572699498 
375.4429803066506 
37.34450022155071 
45.80228465737711 
103.8776254234799 
231.8002848021051 
358.6250207748745 
684.0303847547813 
702.0191295624794 
43.06993254715201 
44.80985981631913 
12.94291231447856 
36.47238365479288 
46.2229931929288 
74.63602835235004 
32.28136628221418 
719.6364907671802 
535.5530340786443 
581.8672100964645 
47.49757943016269 
585.5511188059728 
721.8043687762046 
718.6784756118188 
712.397774013343 
721.0931453297926 
43.33089889681927 
46.47471196439774 
137.5853959785447 
187.5757736926921 
64.06007716560426 
468.6362934081152 
303.9611353379532 
40.86645115162155 
40.16522611462716 
47.52648343185082 
41.17970211168638 
658.0365829627273 
685.3388843851516 
719.0782590760136 
732.082465037337 
738.913120623499 
673.2996642018394 
45.69175364067176 
449.0903170672904 
504.8424595839482 
90.66650685341128 
719.783582441996 
721.7039653424579 
714.8431126257283 
695.4014964297413 
44.69298143041072 
47.52056676215741 
36.26409800971808 
48.70009464404981 
48.75805931885415 
46.85552174694207 
41.71838322499264 
37.10536509735566 
20.02457304824545 
735.3902422990217 
700.9475224855566 
705.261061368318 
685.9920797228117 
627.2432662233675 
650.5556631499124 
45.97104736185653 
46.75050025857572 
246.0989087883733 
476.1776516478407 
38.2337481164127 
252.0712562947172 
47.81357849581158 
130.322613060061 
186.4914677937956 
668.1883165504431 
683.4201362553733 
43.84752982197776 
714.6787342482362 
519.7574987339456 
567.9759148595019 
49.02676976955886 
39.89957406557394 
29.56281830608281 
544.6202911551877 
709.9212816445485 
687.3198745956761 
47.51507942501127 
639.4826594723074 
715.204517330706 
707.9002377195297 
719.1738954608433 
187.6165481769899 
83.32194358884877 
314.8930641892217 
416.9851439950704 
81.88394659165088 
678.7670602542561 
699.3767906686336 
46.53005009875525 
42.6705155047469 
34.43008926198067 
720.3817068634987 
707.4654909549291 
45.17880562633188 
645.1049914544305 
267.2271553503949 
685.1576840485069 
609.9209097366679 
690.0609484845584 
390.2778597334543 
47.2920239455764 
35.84317659368676 
50.94320553188125 
47.65159586363192 
571.7044542396208 
52.69343814328553 
657.9068957636866 
507.1995928229169 
40.19602439304678 
330.4846624516817 
461.8879763081803 
107.3298114064177 
641.61274994577 
707.8877588411324 
222.8892113354087 
130.4653213031221 
28.37017352435767 
640.8089307285434 
333.7409512288586 
365.1517363554002 
50.12510254503954 
120.4147788522722 
586.250694861192 
563.427255895642 
182.0361696927533 
56.96773119530862 
10.37396668054747 
650.9069506263905 
26.74549947387946 
657.5948278545596 
664.8513700954352 
710.4248409625626 
718.7077408104215 
698.7408701164267 
674.6237429663809 
700.2336095128677 
47.85927305996144 
726.1443606109465 
715.098121690187 
386.0124452245324 
44.78917645999256 
40.25574521074756 
40.21754201160739 
613.9571730919256 
655.6835935090534 
42.29536813747263 
</DataArray>
<DataArray type="Float64" Name="Eta_u" NumberOfComponents="1" format="ascii">
3.078605514001249 
3.852473928423064 
3.404636366684106 
2.435917826331704 
1.649196374974125 
3.402478078527149 
4.508541369747752 
3.078037510939517 
1.996671200429895 
1.342199815390397 
3.43406781088799 
3.774023728245653 
2.25221156895662 
1.450635925231162 
1.034578359721995 
2.67733189081342 
2.137928254513453 
1.636150813919477 
1.097210947624647 
0.8926823776343616 
3.431976590530224 
3.770675194361248 
2.248960319444344 
1.448265842495481 
1.034281000249247 
3.397105317006331 
4.502957979183411 
3.077643761855566 
1.997999070306736 
1.343164595059322 
2.922459741063249 
3.678148367089555 
3.473522429830242 
2.497946501829796 
1.737201246871372 
1.214838661065475 
0.9653072796299106 
0.8282649487463881 
0.7797510989037918 
0.8267058772461667 
0.9628393018263256 
1.143659869966675 
0.8400392146303512 
0.7019104133671177 
0.6660682483272531 
0.6604995692347767 
0.664403646751541 
0.6993177973260187 
0.7867187511913062 
0.6347707520660338 
0.575231642641856 
0.5914368491894516 
0.6027532751204712 
0.5908094151140521 
0.5746679844535828 
0.58447450215066 
0.5097337107551161 
0.5052313315527516 
0.5402216651232019 
0.5557730737896809 
0.5402750439635744 
0.5061616770362308 
0.5118390734738536 
0.4581732311465483 
0.4633565690485582 
0.5012727883916629 
0.516187483723595 
0.5014402787244326 
0.4644612847794113 
0.4518344748517347 
0.4073354303358674 
0.4352219239648865 
0.4695066495122779 
0.4823470709377611 
0.4696138357369621 
0.4355453747281933 
0.431731256999325 
0.3941635695207483 
0.4136070767304482 
0.4426472052424547 
0.4533480132401705 
0.4427620632008185 
0.4133795498038303 
0.4313761268976354 
0.3642016411388383 
0.3957419705863577 
0.4197539306378268 
0.4284778501508977 
0.4196435651026363 
0.3948575966386048 
0.4156816671084098 
0.354957033916848 
0.3788968289728235 
0.399492851378044 
0.4066729218252395 
0.3991072643831062 
0.3780797889928168 
0.3902940737896725 
0.3445070256996304 
0.3616162957843311 
0.3805861217458049 
0.3867666903984407 
0.3800820845020055 
0.3615224657751392 
0.3782361563572207 
0.3363714061118273 
0.3459890711731344 
0.3629289008388227 
0.3679116404196476 
0.3618717946238996 
0.3452900872577698 
0.3711224834876601 
0.3177035228324474 
0.3331141857456246 
0.3459443493438571 
0.3495139451856061 
0.3442834169548231 
0.3305118452672084 
0.3401776473617635 
0.3007034761552402 
0.3208527150741953 
0.3286371378118904 
0.3313494341140208 
0.3271564233343435 
0.3161126959453139 
0.3171653514301347 
0.2953774318617275 
0.3058620982004664 
0.3111501974361013 
0.3136144300928186 
0.3105342455775817 
0.3014519184487527 
0.3071508587058415 
0.3095694346907112 
0.2886837065815246 
0.294221549536262 
0.2965620016198131 
0.2950908669442927 
0.2884177240719525 
0.2815623831335675 
0.3375378552636783 
0.2759699416454521 
0.2797317395491888 
0.2815375670482525 
0.2826750560599145 
0.2804522664102263 
0.278837301253045 
0.3529803382987466 
0.2760851832251702 
0.2741125163370221 
0.2740568961369672 
0.2792842916721914 
0.2843892948122466 
0.2992522253322678 
0.3576632278021546 
0.29851016140724 
0.2882674482262305 
0.2848599608678243 
0.2944108781322653 
0.3194514949550896 
0.3689751093040059 
0.4962643755660648 
0.3514576769653129 
0.3281419221933247 
0.3227349210746637 
0.330855765091315 
0.3675659810508292 
0.5534187955781487 
0.6356410028226207 
0.3629306622126536 
0.3435135648298429 
0.3375848334406851 
0.3417687859463757 
0.3581152489774778 
0.7414821212280652 
1.317016282836706 
1.041516615629845 
0.8389062542098832 
1.03186380763349 
0.6427328987078184 
0.7026387912547498 
0.6931692578860038 
0.8045684552915288 
0.5888279327090905 
0.6910897928386728 
0.867855847212476 
0.7861130522156015 
0.6335986212446529 
0.8385141427187097 
0.8924857378596024 
0.5707513978286189 
0.783530028864051 
0.9000343311088816 
0.5068342776058229 
0.7268129703743891 
0.8713973042729873 
0.4481491970373426 
0.6698838197894487 
0.8121782623658398 
0.3944249502529477 
0.6130398564043199 
0.7480814833505222 
0.3483828651126059 
0.5574336468978153 
0.6793181491647915 
0.3083305804487274 
0.5014795182805163 
0.6112755899335404 
0.2714536219661642 
0.4482602859794553 
0.5448394726847375 
0.2377982346776351 
0.3982953502608262 
0.4883638970517506 
0.2072716188043155 
0.3530785483613211 
0.4262865283840873 
0.1798145795543012 
0.3108628333375033 
0.3787824153586779 
0.1534255984845323 
0.2695864583431875 
0.3324678202351803 
0.1278076629228752 
0.2287703091021121 
0.291929296167777 
0.1037709979143082 
0.1904584931807732 
0.2494436956118966 
0.08274176606781519 
0.1565798792270983 
0.2092860627661882 
0.06450258540168369 
0.1253861288114745 
0.158866279416457 
0.04837766708001191 
0.09668700400966292 
0.1219488606084147 
0.03433797671062199 
0.0699086631353954 
0.0903821229398858 
0.02320443398171123 
0.04635926572892492 
0.0667265543758743 
0.01344146304564871 
0.02738711236997902 
0.04457732552235619 
0.006051797834459545 
0.01128406321333385 
0.03363037569882218 
0.8763403048480757 
1.0428892480945 
1.318569106442537 
0.5756641420512781 
0.6463655632164896 
1.033560791283467 
0.5938890989772488 
0.8069829873173039 
0.6942863980545867 
0.8075709202687085 
0.8723727375297774 
0.6909433487713098 
0.8815060421480135 
0.8386223612682827 
0.6360561472102092 
0.8810905744636486 
0.7821923758198263 
0.5705622394662516 
0.8417192559241833 
0.7232772386489693 
0.50476177181101 
0.7783485364585598 
0.6627905733815422 
0.4441562315713214 
0.7098644336172761 
0.6039888525212359 
0.3893473218946087 
0.6456724005055378 
0.5488800462135035 
0.3434776475151538 
0.5902047974109643 
0.4953299824671879 
0.304403843675514 
0.5329598752787112 
0.4450012207603217 
0.2689823640380382 
0.4703130797978557 
0.3977166490890066 
0.2365315566674495 
0.4202956964499546 
0.353779617477797 
0.2071901754495223 
0.3764775300716439 
0.3121849714309541 
0.1806644738078138 
0.3512519982017763 
0.272582790166909 
0.1555169718513654 
0.3213429450632923 
0.2354871230065686 
0.1304728990700282 
0.2655115079156283 
0.195899267814328 
0.1067537750496708 
0.2037396264784711 
0.1568939569464833 
0.08377189753705153 
0.1554413153488579 
0.1215713123909994 
0.06349966278687948 
0.1233058233808563 
0.09511207196491087 
0.04761362631757234 
0.0932599496575474 
0.07017711730579246 
0.03432214409280038 
0.06660912357664281 
0.04644924601892476 
0.0230740929846702 
0.04664941049808111 
0.02761818000324763 
0.01349470122490232 
0.03072535039762306 
0.01227944382136956 
0.006383163212976966 
0 
0.286639438489304 
0.6150455676818509 
0.4813935851004186 
0.3984794121187148 
0.3395458172374645 
0.2873501610156659 
0.2442950120147924 
0.2065655580352714 
0.1784243934929314 
0.1546374496387395 
0.1339965387421725 
0.1161035096729943 
0.1005149680783015 
0.08738309948338517 
0.07168795804260447 
0.05683014421588502 
0.04416472653419123 
0.03323453727610291 
0.02378196164011186 
0.01566391079584742 
0.009542107634406717 
0.005982157463359466 
0.003394499392535122 
0.001234435418706673 
0.7583967110384007 
1.115271177262555 
3.066272379882113 
0.7058635991634822 
0.9626016117797934 
0.7396321172433105 
0.4716988158866005 
0.4759504278526103 
0.7261401744013339 
0.2587183778963958 
0.2495478144499319 
0.3148031346141915 
0.749451798619149 
0.3987184823731525 
0.8750847286543544 
0.5169900136411599 
0.6040850395676518 
0.6874497217942002 
2.844057973850626 
1.799997791184768 
2.575618776885161 
2.630070745621813 
0.5876400393476324 
0.4280352921731215 
0.7647649727609067 
2.004717285825053 
1.609675290213594 
0.5690423663927078 
0.8230829623140224 
2.617376830347509 
0.5582661644604451 
2.163954682545219 
0.2652106408192692 
0.1561437731051623 
0.2364586129907188 
0.3919593686740011 
0.5715301391541237 
1.659011257064329 
1.602251108761668 
2.145065302123987 
2.608746127632736 
1.391336220057474 
0.8199356365608951 
0.8870281217985675 
0.9840952460554075 
0.9619358307766898 
0.8478261223131474 
0.7739426141234176 
0.6427227473521185 
0.5903274044697081 
0.5399232006236405 
0.4386655413261783 
0.4124259295601538 
0.3427248179302019 
0.2852931525431925 
0.2541169572000601 
0.1820420524887305 
0.1826023967016224 
0.2541758711088839 
1.548667542311807 
3.559713659075515 
2.130982798276514 
2.413704776114545 
2.673079814697512 
1.626400332340693 
0.9070716237695512 
3.014298803036111 
2.22300122890902 
0.9622625591825383 
0.5928990512485499 
0.4778295597952668 
0.6795736881639635 
0.2256427227392227 
0.4887288886059513 
0.4689914271272229 
0.7889164900090377 
0.7162660786405198 
1.586499736192354 
0.7383650616613039 
0.762763011564963 
0.7841546127946964 
0.7189984405677128 
0.1701685367385864 
0.1604788330767051 
0.2212317777519679 
0.1987245234298329 
0.1330736631992194 
0.4032186218205456 
0.3481045085922854 
2.297159904327851 
0.9219526556260949 
0.8482744738196362 
2.800598062335064 
1.637953003082903 
1.164430037512069 
0.4277752803457503 
0.9653791766748056 
0.3895703082996066 
0.4065631853137183 
0.8099408096620249 
0.3585628999753142 
0.6015538264452365 
2.584318317523037 
2.492286821943903 
1.563789860872711 
1.622834955031959 
1.385905628187656 
0.424778904707 
0.1202846563633194 
0.2280511591768414 
0.2436218277650371 
0.596700929133156 
0.4459136789720464 
0.8072307482511548 
0.5917632522605026 
0.4082857651455422 
0.3982207657525011 
0.548301766052706 
0.928604619142907 
0.5995108016339127 
0.5664257989003524 
0.9227474864894928 
0.7975072807577779 
0.2630235337220892 
0.4111033827631705 
0.287652901620933 
0.2898901873482949 
1.225032904220962 
0.4681491863569899 
0.4264120757850092 
0.531931832181798 
0.7489577624355332 
1.949533066087163 
0.3819012461450032 
0.4651742714804023 
0.4051086627093752 
0.7238820194372613 
0.3457680674046493 
0.7413970006076614 
0.7710870453272335 
0.6737002313254079 
0.6326259462170504 
0.308645416099125 
0.4906397702866465 
1.038676479701726 
1.293066338270035 
0.1214352709421445 
0.5870802882170103 
0.4547945208417882 
2.392626589059681 
0.394637647242208 
0.7919170740084287 
0.993741856161084 
0.6135321412665496 
0.6022428004068062 
0.6228262078205763 
1.064646697771159 
0.3821833497540099 
1.131525257624713 
0.8132770823520462 
0.4728520638746201 
0.3151181669341319 
0.388084682742541 
0.238254955587511 
0.8057932181574869 
1.067292922331581 
0.83573862961135 
0.8512384828125414 
1.017735612046528 
0.4036701833492311 
0.4178018533960897 
0.3918062751985116 
0.600656896303209 
0.6226923644019755 
1.035511542649622 
0.5776525460542591 
1.400205017766732 
2.029378920371216 
0.4462625905143638 
0.3976091407376087 
0.3851533100346584 
0.4125687858993982 
0.5777720984406256 
0.7118449977906366 
0.4573207939173585 
1.189575517801093 
0.5793795809930274 
0.8410995813457142 
1.21772453236485 
0.9828257411463783 
0.5015589796481702 
0.5143382411322548 
1.836043311446462 
1.379495582976666 
0.7166973563629584 
1.134728193716134 
2.718972938093635 
0.9061518935029622 
0.871447355789551 
0.3082504792513802 
0.4656533751272057 
0.2081962751987854 
1.784233088273284 
2.378606152324874 
0.2809928523259682 
0.363408490987437 
2.819276265725578 
1.162254366894897 
1.61511755805186 
0.4224113439129138 
0.4295138381492957 
0.3047229361229377 
1.26208454827353 
0.3642942049359055 
1.540884515352531 
1.338126249562029 
1.108034266197758 
0.4709425586251912 
0.4454176084703911 
0.3238307258991631 
0.3180556047788921 
1.256357594807989 
1.770881240996646 
1.617096094252011 
1.77971589176875 
1.486945774375073 
0.5574611845810453 
1.694220551656436 
1.750950716099116 
0.6565222365132445 
1.199915168583585 
1.148556699978809 
2.976613040350535 
0.999789486699789 
0.9000583522064978 
1.426626198972873 
0.8795185325850938 
0.6126403599347544 
2.103994939912071 
1.314267912592153 
0.4344590232157709 
1.274527049826203 
0.8480152898658732 
0.9186829064812604 
1.69888905485553 
1.579809124121859 
0.3093532532192427 
0.6566916653674286 
0.6515204016295923 
1.391770993408944 
1.328015647636235 
1.601867277229823 
1.66359869042686 
2.592065492017454 
1.371966807842654 
2.330581404369359 
1.973599198863987 
2.258831277862477 
0.5191613350976555 
0.499741638727365 
1.582724532188111 
0.5519796818202763 
0.4538274348701631 
1.069725134867639 
1.605894482217973 
0.9238816986369498 
0.4735157748251411 
0.5619101934288249 
0.462414782089517 
1.66218123835479 
2.09024555362521 
3.261660654710906 
1.451372195626418 
0.7970657141064285 
0.8431487276428548 
0.4057023471418496 
1.524864184871293 
0.5646661767047237 
2.115715937418937 
1.997778351803802 
1.869225161287909 
0.7631775718769048 
5.662757143094377 
3.00050129277041 
0.9766241357406101 
0.9107308337494956 
1.288074196290086 
0.8188138303210536 
2.120587143534252 
0.3879005471387809 
0.3896642164671836 
0.9027143613424773 
0.9955520279576796 
0.6201008384867152 
0.5971944256317961 
0.7871131989153386 
0.5027040851506717 
0.5139238466239467 
1.937183183593464 
2.211040475964425 
0.3798175282269025 
2.076411973819041 
4.411786926858006 
0.6557060958740909 
0.6487778574566531 
3.006980734836534 
1.272542245066297 
4.144708817813666 
1.193379669884871 
0.7522750916858978 
1.396862159912747 
0.4469935062729751 
1.766719753031031 
0.7685572108603094 
1.582582202717499 
1.019707291311972 
0.5137255935550002 
2.26308503112851 
3.182240627193647 
0.4100419292077376 
2.396619324838063 
2.594036346223205 
2.675418998149977 
0.5849147306184982 
2.110060981815628 
0.6933898957768533 
1.181817859162779 
2.351020703946328 
0.8845621586455922 
1.471778547169825 
0.8623970289981281 
0.4458380712698779 
2.980538559866822 
3.630616311586742 
2.603029303471385 
5.33901944956497 
2.222400181722542 
0.5918836847754583 
1.708592637586647 
1.903453026450164 
1.307467926843753 
2.893536296346095 
1.480641843148208 
3.81295659042229 
3.931128753056287 
3.407298660639746 
2.513802271421644 
0.8384679466465564 
2.854728190659274 
2.872456055266677 
4.397605811235308 
2.702996642761182 
3.582974348546115 
5.432130763319519 
1.984039120079105 
2.140283405800407 
3.290439958892077 
4.741587990574327 
2.417402526434551 
2.08520640433588 
5.365007967925331 
2.898141707073542 
4.263124884983086 
4.572868686060542 
0.4867201472141014 
0.7608325569585541 
2.062013318603539 
0.4247331621094543 
0.2787375434064951 
0.7319456629248203 
1.857367069319109 
1.734935664244448 
1.429371123422399 
1.017796864079034 
3.006730439689729 
1.209855976799004 
1.771327585625821 
2.915247398674219 
3.457668552440326 
0.919451764087949 
0.5999905213717479 
0.3762967149847044 
2.178905652107742 
1.898140641361683 
1.507879111921989 
0.5838909408375413 
3.536500918977461 
0.4832032463660388 
2.207437459718545 
0.1951460163578746 
0.331695388191171 
0.1463637872831517 
0.1680382943122342 
0.1691179445461077 
0.1598174295641415 
0.1827827814079876 
0.4226975442673183 
0.4660658848301834 
0.3767277770460792 
0.4312583567496752 
0.1950868555289794 
0.5546162295309812 
0.6160860365128208 
0.6697222450956274 
0.7366830399377479 
0.8665096527819632 
0.9249824190037967 
0.8325357892619063 
3.671408746859576 
1.002236624760244 
1.740170320891228 
1.453627705868116 
0.3183007754465659 
0.5382319572642313 
0.196994039762813 
2.926349953019655 
1.677808347827001 
2.172329724918116 
0.5129914918428243 
0.8659355913304781 
2.091999607023169 
3.168595663503807 
0.7063402520079735 
0.5265836347256901 
0.4131797449975554 
0.2929335891615805 
1.392966841866414 
1.785944896303087 
0.2645410997972335 
0.44934915307015 
0.3419632462548967 
0.2849224298171918 
3.12639452667626 
3.67640522697604 
1.554147663774542 
0.9868029898436496 
0.7097905020215193 
0.6323652564492682 
0.5299216767610122 
0.5102639815666743 
0.4235752424114763 
0.3005721815644515 
0.2841208346498385 
0.3067057293654104 
0.4685688877900412 
0.9705565083195739 
1.270921842585027 
3.006942779150853 
2.841744981842408 
2.102398772127035 
1.000041647167707 
2.168188476052965 
2.630012916750992 
3.213493658848145 
1.283784484216323 
1.207618562532687 
0.4926259299271691 
0.4448965470468429 
0.482644993874441 
0.5930380385668376 
0.7891085897905209 
1.249062902301947 
0.6405627697502435 
2.835887785159303 
1.330934415894899 
0.5943231231588988 
0.6388925431606066 
0.5979308346735053 
0.1506099261565762 
0.4173267157438366 
0.3588098664030335 
0.440059653720474 
0.3863539648578141 
0.1905354454801315 
0.1150645259350591 
0.5862484505324044 
0.4761817497210925 
0.3757704233705655 
0.5507748326638444 
0.3290077729161372 
1.180687100553811 
0.689678205139128 
0.7837004149058765 
0.6223412107063672 
1.681637286944579 
1.266585272027145 
0.4865122723382209 
0.6295425671922444 
0.2363541012626623 
0.3070302561163476 
0.3013310250712389 
0.6259351618325476 
0.6098511354579242 
2.308261781016727 
0.7730944956927956 
1.834278795907853 
0.9360235537617271 
2.205154848266051 
0.9862492875721931 
0.250764874770709 
0.1995839246294144 
0.4625659327267338 
0.4139478116090318 
0.3289363853560167 
0.7441146652307928 
0.5665662699011723 
1.309996904915891 
0.6493121302581755 
0.6468881483537422 
0.4504260257121879 
2.272036305335631 
0.3583406247991122 
0.4405024960195183 
0.4140118559530896 
0.1390400233743516 
0.6163585028471531 
2.093313271794651 
0.3131379708159586 
0.5773522572953692 
0.5098441589512298 
0.4789742568489984 
0.871323314864338 
0.4472871116452309 
0.8137484965194209 
1.151511891732977 
0.4828880106580858 
0.4276189109666173 
1.779919956267236 
1.397481123463188 
0.5335474160285112 
0.3353440229893197 
0.5992552618117393 
0.3428341415800277 
1.693058109816463 
0.1502713727031843 
0.38875030207857 
2.638960597228199 
1.38070340632233 
1.237607548329836 
0.6979219195660133 
2.941073620007393 
1.570176890289268 
0.4458272446458285 
0.3479941690887958 
0.2901949687622306 
0.6100131525623039 
1.308950310775526 
0.9632195684555642 
1.566609270567051 
0.7832503175269314 
0.4990129399067102 
0.7844693091152712 
0.4134229785889239 
0.4114562675094188 
0.1465201623350493 
0.9665857606435798 
1.285366194343292 
0.9448140108645652 
1.263647085480887 
0.7916360579433731 
0.4580958079337985 
0.5952352407382097 
0.5356698629930698 
0.4501210507822227 
0.4242143883421876 
0.4096510528177988 
0.4112386188089188 
0.83308038459732 
0.2707847781237991 
1.428449481633037 
0.3796006004682333 
0.3012584156411107 
0.1340235994405088 
0.9500814312589853 
0.1868352301731221 
2.368530793956567 
1.787937507037451 
0.3866143758695542 
1.35981595999576 
2.302526988438176 
1.049436532816198 
0.2325011592317309 
0.3544318379816925 
1.425140642084779 
1.529210768086543 
0.6569236441836582 
2.54500425443703 
1.340339207229489 
0.3978575916540953 
1.980344435394875 
2.392562812568651 
0.5543023157240016 
0.2956028499058038 
0.3102875497670439 
0.7531281575884152 
1.202068137526612 
0.3678458739845745 
0.5139752198054415 
0.5005241927491767 
1.516042681010446 
0.2470082892299378 
0.6240076876691575 
0.5738357012260473 
0.9634183771451201 
0.2735167053623273 
0.2317053880964084 
1.221549080978223 
0.3570975568757015 
0.202711877212811 
0.939261618530805 
1.646988479055326 
2.197595149339758 
3.392137705757569 
1.042473300025749 
0.4237151457121373 
1.074360911908449 
2.382143444377725 
2.732462911746747 
1.246974870797001 
2.319146780343219 
2.031669223132523 
0.4990465293880902 
0.2944430706155374 
0.3476405654302854 
0.2504055110936107 
1.185487116292841 
0.6368188489513356 
0.842853799971343 
2.450819727936484 
1.122924970834948 
0.5263922012630262 
4.337642454861953 
0.7747001429452728 
0.8592872558913062 
1.437603027505169 
1.645491727817119 
0.1845797102154835 
0.3003805790702103 
1.691070746920132 
1.875799500406294 
1.065439609634389 
5.255753420387728 
2.730559461199842 
0.7324050590862148 
0.3988060134624191 
0.8839729362957894 
0.5429498574359184 
2.094730542374311 
0.5648192915247481 
0.7948861729325225 
2.343723978701101 
1.779426572412738 
1.58237215553696 
0.1426295060397065 
4.077006413912695 
3.493164571744558 
1.596750349750485 
0.7824144024108851 
1.490882842965089 
0.3216258461332069 
0.4199148813535171 
0.377517662451757 
0.5878088780688383 
0.7144656929045667 
1.687510436193501 
0.4346606096222536 
0.5554905620920862 
0.641091096369431 
1.295457683530615 
1.798653876780758 
2.51035196980803 
1.522941229718211 
0.9969940387784401 
0.906609688871353 
3.792125377228766 
2.525917679276101 
0.148806731523035 
0.3103098758689287 
2.685460683734217 
5.558769160185694 
1.139691084868592 
3.827897339192999 
0.3746498269225867 
2.599815079707928 
2.614788037443921 
3.187484460902926 
2.092674555436486 
0.4024260626659351 
1.624177272760802 
4.577063423051325 
3.713190247743484 
0.2960985084981347 
0.5031309055009987 
0.8841612416911396 
4.808315640263923 
1.139709607447304 
2.785065819879492 
0.2311197651892811 
3.675359185748264 
0.9207339571111223 
0.4624961821527265 
0.3309614381431124 
3.732562457221288 
2.485711272001388 
3.549649850736436 
6.657745480895286 
2.665006199413648 
2.901470621339734 
2.561094847911934 
0.3425158167298344 
0.6300033073484472 
1.20640991518569 
0.7912344516318526 
2.975508518921064 
0.418257932380922 
2.886630210651891 
5.371541985036356 
2.471448093510812 
4.287102520620056 
1.964416418288139 
4.546303850309473 
0.3256481442027351 
1.26670796837865 
2.216954700605803 
0.1941644614290599 
6.041963414195594 
1.84386519716752 
2.781116584190509 
5.180328681367667 
0.5511312545876661 
5.161888983750478 
5.740111293767937 
3.006264959693143 
4.242750245843422 
1.44263918784523 
6.614048618626001 
3.605518787307024 
2.036483191827702 
4.393457432068802 
7.230011732349744 
7.122480864046293 
1.885352887367503 
3.48116023829101 
5.188253660400126 
5.422697360257335 
5.588615181646057 
1.814550158750775 
0.1443853390382849 
0.2237238262037309 
0.3574183465379184 
0.4156824308548761 
0.2603735921370074 
0.5918831686839608 
0.4822894598882112 
0.3630241995145383 
0.3085805949612446 
1.21882478130043 
0.1969751062346139 
0.9336083200315635 
0.9007491326270896 
1.579895585950076 
0.2781359261379935 
0.3535774935862928 
0.4487465211831298 
2.633492708271554 
1.595689142218027 
0.4814113120646344 
</DataArray>
<DataArray type="Float64" Name="Eta_phi" NumberOfComponents="1" format="ascii">
0.008106409272522118 
0.003465858886428187 
0.001969474443353851 
0.002797961092930794 
0.002395892952288588 
0.01377164600265583 
0.006784658253034886 
0.005250685730951722 
0.004340727836143027 
0.003478992757175841 
0.04625265464799832 
0.01729508838383748 
0.009961231193642513 
0.006441974631707921 
0.00448101309240038 
0.05622391595091936 
0.0278666357662094 
0.01281905413046828 
0.007606237598593337 
0.004949670349796144 
0.04624083769242245 
0.01729346728689627 
0.009962595059895135 
0.006444310528346426 
0.004483059895219487 
0.0137736259003484 
0.006785125682182495 
0.005253541195943378 
0.004345412821850514 
0.003483197848404156 
0.008307631624187488 
0.003802050334194773 
0.002966099936888441 
0.002746557454048317 
0.002322949087454469 
0.002101787346801616 
0.002770600805932537 
0.003283746999398469 
0.003468932516708365 
0.003282374261962464 
0.002767947158918066 
0.002155934243299473 
0.001773482427603793 
0.002121149241649318 
0.002439309516337721 
0.002555421164539033 
0.002438717279321646 
0.002120288906392329 
0.001811316394700691 
0.001448223921794449 
0.001666529487110971 
0.001859929388419934 
0.001929645649507549 
0.001860176609380247 
0.001667428643411891 
0.001433646814270681 
0.001143326924122745 
0.001322121019080162 
0.00144502420126143 
0.001488795872600363 
0.001445841984679061 
0.001324148164307699 
0.001210945589061971 
0.0009642310825506317 
0.001058693968003324 
0.001139658895942619 
0.001168298756878252 
0.001140619383211627 
0.001060898006139538 
0.0009690438690507255 
0.0007706704867900567 
0.0008552451804591529 
0.0009100285479786446 
0.0009292314731577399 
0.0009106095396990455 
0.0008564861882590064 
0.0007948617970416228 
0.0006512839081449864 
0.0006965640274758878 
0.0007339887049559705 
0.0007470518984140794 
0.0007339217755801164 
0.0006958774802515497 
0.0006606601331805074 
0.0005255876758560007 
0.0005692748668305435 
0.0005963334319065715 
0.0006056492999405568 
0.0005960205436151898 
0.000568293052919656 
0.0005419285362818344 
0.0004299458337777471 
0.0004659476877190736 
0.0004873193800268731 
0.0004945073200600271 
0.0004872482944624919 
0.000466163608691642 
0.0004400750172506927 
0.0003568470168574884 
0.0003844319865602343 
0.0004012385396011136 
0.0004069324042273174 
0.0004013568209784952 
0.0003848541677392105 
0.0003623148291976071 
0.0003042544603648227 
0.0003211820578990418 
0.0003340507914981885 
0.0003385261714371223 
0.0003342443545133326 
0.0003214728393219375 
0.0003056972827952099 
0.000260430495747105 
0.000272732441950461 
0.0002827492219887257 
0.00028632723528246 
0.0002830210359052015 
0.0002730848582623366 
0.0002579023632748625 
0.0002256755253024727 
0.0002374751327718293 
0.0002456050268216835 
0.000248519356688697 
0.0002458506326272899 
0.0002377567672997678 
0.0002247961472213209 
0.0002034168886899979 
0.0002148483886763842 
0.0002217760388161731 
0.0002241286860791776 
0.0002218563721407328 
0.0002151028437785698 
0.0002050388959486079 
0.0001933231196032329 
0.0002049632346133332 
0.0002109808209149146 
0.0002128832497502173 
0.0002108153078397079 
0.0002050657587267805 
0.0001957298004238959 
0.0001996532648318567 
0.0002085546307667923 
0.0002139754057386247 
0.0002155671465146446 
0.0002133660559069584 
0.0002079182743714802 
0.0001996405914842928 
0.0002196403071816804 
0.0002275877027109908 
0.0002329180731456713 
0.0002344572251509234 
0.0002317654699328451 
0.000225318347766781 
0.0002167421668987949 
0.0002560404927501571 
0.0002651895357423419 
0.0002712488638089969 
0.0002731109496086784 
0.0002702829013145674 
0.0002620683622622816 
0.0002507929967536399 
0.0003170755388638945 
0.0003262684740351108 
0.0003330834721376812 
0.0003352721632896388 
0.0003332467294602845 
0.0003261146409740672 
0.0003145032193674459 
0.000378726360759481 
0.0003852408647848287 
0.0003911038439045116 
0.0003933020881605569 
0.0003918177495035983 
0.0003869060307069676 
0.0003827014701833928 
0.03093573934631975 
0.01898046205076319 
0.01091436514529273 
0.0111819952827119 
0.0125560782347911 
0.01065661702989085 
0.01018386188016113 
0.01064145647588139 
0.009493691025049593 
0.01000062823719713 
0.01022054169247694 
0.009022214808212343 
0.009942624340489608 
0.01007032699413503 
0.008821595195335586 
0.009920884572787697 
0.01001139274551864 
0.008717215435945943 
0.009913290409234079 
0.009987118302090694 
0.008676542061463616 
0.009910852221915066 
0.009976137385942295 
0.00868686082327344 
0.009910071009900609 
0.009970025921708944 
0.008724471672438708 
0.009910088515291311 
0.009966468486146487 
0.008768201084760344 
0.009911182437199602 
0.009966724935627494 
0.008792967740528648 
0.009913886172729472 
0.009971251973016243 
0.008800721695480445 
0.009917531757205604 
0.009981663824265978 
0.00879264979797236 
0.009919574998265086 
0.009988012472637172 
0.008800473554547467 
0.009918916859103802 
0.009981539882491343 
0.00882845333647782 
0.009918817911891043 
0.009976911803957591 
0.008821781444305636 
0.00992093075481917 
0.009987516506878789 
0.008763243803619418 
0.009921950736216701 
0.009991363401780419 
0.00869606126216225 
0.009921042899453626 
0.009982201628576319 
0.008650277498676973 
0.009923289934452123 
0.009985666385502223 
0.008611528153621191 
0.009932652487760058 
0.01001248558363367 
0.008601340138040673 
0.009946257515937565 
0.0100555288360395 
0.008715648187397649 
0.009941961658855386 
0.01007949676935407 
0.009076491981759249 
0.00991010264889401 
0.009954584564618715 
0.009862478670351877 
0.009875497745305755 
0.009836087818886089 
0.01056895591179387 
0.01080310161557221 
0.01897877305999642 
0.03093916705979519 
0.01063427814192906 
0.0125534462870098 
0.01118131327811367 
0.009535158506992429 
0.01063986002613574 
0.01018329399498442 
0.00908174026286303 
0.01021954286594757 
0.01000015076282966 
0.008873377708616237 
0.01006904548813357 
0.00994196810419278 
0.008751671714370234 
0.01000834153757131 
0.009920024131823161 
0.008664548843030017 
0.009985088192762247 
0.00991301435217834 
0.008596308351057506 
0.009979395791917756 
0.009911988285450049 
0.008555683689614929 
0.009976751486372551 
0.009912493370991643 
0.008541702621886478 
0.009974462736696627 
0.009913030816824726 
0.008549243525612781 
0.009974522488302023 
0.009914097914855785 
0.008568592799971929 
0.009977882203319667 
0.009915966642367305 
0.008599261103531677 
0.009982846044325826 
0.009918377653749502 
0.008648352845812765 
0.009988331728088905 
0.00992063879172111 
0.008736091119599396 
0.009990804832403301 
0.009921522029054244 
0.008865184483202606 
0.009984576703220917 
0.009918482277426409 
0.009004680409606572 
0.009959804906619048 
0.009911360727287731 
0.009014756893776194 
0.009940866535147315 
0.009911506320478521 
0.00871320021915605 
0.009996702435307628 
0.009922630576920874 
0.008425456624427756 
0.01002649493242112 
0.009931274702990683 
0.008482947743593625 
0.01000348743635044 
0.009933373338032724 
0.008619255240145415 
0.01003514599987985 
0.0099396608758574 
0.008924979190679862 
0.01006189425579392 
0.009937373778827269 
0.009594712083666895 
0.009960626719088751 
0.009913579139346757 
0.01013567972388202 
0.009875640268593019 
0.009887439046795538 
0.01079999954640001 
0.01079999949240001 
0.01079999954640001 
0.01079999949240001 
0.01080000127439997 
0.01079999760240005 
0.01080000192239997 
0.01079999706240006 
0.01080000570239987 
0.01079999760240006 
0.01079999760240005 
0.01079999760240005 
0.01079999706240007 
0.01080000570239986 
0.01080000570239987 
0.01079998950240023 
0.0108000057023999 
0.01080000516239986 
0.01079998950240023 
0.0108000057023999 
0.01079998950240023 
0.01080000570239987 
0.01080000516239988 
0.01079998950240024 
0.01080000570239987 
0.00137386838747906 
0.001693975508481146 
0.005373107700155271 
0.009376479348819116 
0.0008781562489420002 
0.0003956189290428305 
0.000268815593135465 
0.0002533252850814975 
0.0003284117790815546 
0.0001706732376869486 
0.0001921676055468244 
0.0003032857890835451 
0.0009847516003111596 
0.0004571718063727969 
0.001114074336655778 
0.0007414588725962749 
0.0009630843352351102 
0.001208572994757333 
0.002659667259341928 
0.002424946251854228 
0.001068267509054811 
0.001599858808322811 
0.0003691026163952213 
0.0003600472444796433 
0.0004144017017647782 
0.002066173676629447 
0.003444336740158053 
0.008302070408522348 
0.007253383039442797 
0.002433452894298565 
0.0007557416800219262 
0.0008463033187085789 
0.02142623984727856 
0.008347560032412086 
0.006188235331283865 
0.007167369015632502 
0.007632797362299265 
0.00427336399724156 
0.003241058806577558 
0.002546469288811807 
0.007562713296731559 
0.008842518096018673 
0.009117306625091559 
0.008923218077300036 
0.008577544722730705 
0.008538229318848577 
0.008728164908476168 
0.009106202144039274 
0.009571947885201755 
0.009545864804141267 
0.009360046225268483 
0.009592353117418432 
0.009749379479180307 
0.009075762962385251 
0.008559084887452941 
0.008541112951609706 
0.007959039200076314 
0.0105350084008206 
0.01534885834845527 
0.001648138117236593 
0.004085661539519236 
0.002094792899746028 
0.002816507754998113 
0.004412996420487314 
0.006734171213722577 
0.009294070969085194 
0.003406312942004551 
0.00186193275288316 
0.008789190836183045 
0.007228020563271155 
0.006501235342749282 
0.008221442982028754 
0.004046944427641605 
0.007767506033822696 
0.009285205745964586 
0.007611771403436902 
0.007761568928644168 
0.005722129902635108 
0.007772507104029703 
0.007576519069652064 
0.007585421672414365 
0.007950782010886412 
0.007105576287119643 
0.00575104112878153 
0.00832515289665698 
0.01125486145538173 
0.00626899557461651 
0.0005561951740791915 
0.0004876134384303197 
0.00167088614527479 
0.001298271497968677 
0.001505336577129582 
0.002690098968182254 
0.001226771455853461 
0.001314420969163641 
0.0002369189558749624 
0.0009805254340591522 
0.0003917394948608524 
0.0006040478167164375 
0.001269493766657178 
0.0004088855324272221 
0.0005897572520881856 
0.002860773951083157 
0.003631118598287414 
0.004086871771883166 
0.002923423338617356 
0.002485653468874279 
0.00936435923402781 
0.005071139179514408 
0.007614575611889464 
0.007775436988915516 
0.008406663352285758 
0.006086543780610343 
0.007438695602217863 
0.006520080548486595 
0.006610616063666009 
0.007666232504738351 
0.006837015960157825 
0.005464174464567271 
0.006506207505916809 
0.006447406584675389 
0.006178502439859132 
0.006442840397091839 
0.004879556074518566 
0.01445493430012418 
0.007094522030721399 
0.00455221220626685 
0.004739581387258182 
0.0003442529283233443 
0.0002412258476857306 
0.0002619639791706442 
0.001137230468681381 
0.001747743045418078 
0.0005107617329079417 
0.0006404173244260319 
0.0004683353684129351 
0.0009019836410848102 
0.0003521051966651435 
0.0009657991936005739 
0.001107615060691989 
0.0005284849738681415 
0.00100757305741462 
0.0002460745746500687 
0.0002642510046583434 
0.000494416284542882 
0.001114868852902032 
0.005106120528404405 
0.0002813096792251052 
0.0004430763910886061 
0.003015511314118238 
0.005615179943549593 
0.001093072547712474 
0.001224401959852967 
0.00668065231702932 
0.00798276647430673 
0.006407617890075937 
0.005377307323472477 
0.00443322285885238 
0.005119497196213639 
0.005399186387546487 
0.006676086170450047 
0.007342040067534764 
0.007633221585959768 
0.006215326368497095 
0.0009248168791700984 
0.004369219878263909 
0.0009278365386082022 
0.0009204209285963512 
0.001138776109262456 
0.0004755438039032268 
0.0007157190720164132 
0.0005106427593575776 
0.0003460341008011031 
0.0005177555340440062 
0.001149956372668398 
0.0003153363162783479 
0.0006319935845604313 
0.0002145044351803179 
0.0006697164170199664 
0.0002932789182057956 
0.007929359148874831 
0.01106797593991191 
0.004497914758501722 
0.002948773074887525 
0.004780667139177384 
0.0009364187622353435 
0.000795823720217299 
0.007805591283692364 
0.007949036295184519 
0.004803473997664293 
0.004958723051571228 
0.005221555529049696 
0.001367839623767512 
0.001506883700710653 
0.0006295788805640782 
0.001051903347410454 
0.003096695529556907 
0.004669013129594849 
0.0004622218602612503 
0.0005319308285461427 
0.008308932067644088 
0.006667124287955722 
0.0003610116947800973 
0.0005503443786560315 
0.007496168413188278 
0.008471772987422259 
0.001051335668554195 
0.0004918493708369588 
0.0005635767864502084 
0.01828936963023054 
0.0004352159130333676 
0.006490897244304833 
0.005737178369602637 
0.008006439258072141 
0.001887511681988196 
0.001274848653694041 
0.0004851539361846549 
0.0007159048497545987 
0.00473454799087651 
0.003190742482645116 
0.007291542907596248 
0.00434099869104123 
0.003355216865370269 
0.004149240505998739 
0.0012615034329352 
0.005666950349425111 
0.004473377335218303 
0.001799925895914549 
0.0006066193132678747 
0.000567054240459271 
0.004428827572000631 
0.002655433139347355 
0.001063037070190254 
0.0005082915561365946 
0.0004099859885051442 
0.0003237409243430646 
0.0003921841022466366 
0.0005276846456032626 
0.002100339371672828 
0.0003856637010603982 
0.009832469313017813 
0.001384444249038662 
0.004206686670250209 
0.006466563750190456 
0.003656919250113112 
0.004991947070718018 
0.0006236460139766265 
0.01145289457777418 
0.0004336576177187787 
0.006306352798123655 
0.005478113895557808 
0.002610815769725686 
0.00280643264981433 
0.003550452023710002 
0.0007985407000254122 
0.001296856946567415 
0.001105697194728405 
0.001254459013262062 
0.0002466929059520389 
0.0006725206872896146 
0.0004258190256507223 
0.0004279973111165071 
0.0006253413606055378 
0.002324891631028965 
0.002837396357033355 
0.007887417873756195 
0.006830324170035654 
0.009585740209436679 
0.004639282927294049 
0.001904625366645945 
0.002708474591423724 
0.001071909500389844 
0.0007458157630042983 
0.007652155464125108 
0.004310265604077901 
0.006507179978367329 
0.0009224308538456745 
0.005545824328514322 
0.005107601585244453 
0.001853983739865449 
0.002425147754632064 
0.0002595043505102083 
0.002597229627839037 
0.001133251272577235 
0.0005538717349782966 
0.0004277192691749832 
0.0006485640560447866 
0.0003207353538114247 
0.000834871481058747 
0.003569492626620973 
0.006657069216303784 
0.003964257569596695 
0.005639315847732321 
0.01081728290822598 
0.007274720281348041 
0.003900087100616082 
0.004503725126181245 
0.0006215021826909317 
0.004001149796709774 
0.00508888850921125 
0.00576862739882619 
0.001478307864338655 
0.002437758029371097 
0.0005746020526753773 
0.0003365867546238363 
0.002874308433745304 
0.0005990269187006373 
0.001789280002500759 
0.004090375481034108 
0.0005938080470773661 
0.000516351637560367 
0.005522987916745863 
0.0008054135446913187 
0.00440990435276279 
0.003126567199102446 
0.003722315664764074 
0.0005671618189056817 
0.002199217587576883 
0.002248955026318029 
0.005713059878282783 
0.003315486607274141 
0.003322827526575296 
0.001882674174834129 
0.003016666326204941 
0.001234739815204781 
0.0004204354561213289 
0.0006504265808119772 
0.00428767751698223 
0.0002403659206456498 
0.0037894592918882 
0.004215702388918012 
0.00472759874137584 
0.001594442480943206 
0.002638282810862789 
0.002558754843211287 
0.001932323914788611 
0.002981562095246827 
0.0005202647077862229 
0.000715956927654882 
0.0008865714116609489 
0.003769826074260517 
0.002735701116812608 
0.0040327322883767 
0.001976353445538412 
0.002791511835549179 
0.001560103384114656 
0.001016119437830998 
0.0003817575400717081 
0.002790242901470389 
0.002627838447768281 
0.001503237128112376 
0.003955868226783422 
0.002590200590156522 
0.003346513204023313 
0.0007786674554310217 
0.002100681554681215 
0.001099127979647162 
0.001640445848442251 
0.002208414463670728 
0.003212200859047889 
0.003284871064989606 
0.002630395792983524 
0.002770658870519966 
0.002631835202061034 
0.000207845946918154 
0.0004207893628195574 
0.00272615109241709 
0.0002539934666559128 
0.008828821330272301 
0.004973146246462242 
0.002609956388374714 
0.002649674178492737 
0.003935605593371752 
0.003734995714108056 
0.004145925754060865 
0.002359610278534232 
0.002040522572783787 
0.002988451163732353 
0.003705198905132039 
0.0004769014804932834 
0.0006718818950082606 
0.004671551661138364 
0.002149677147920101 
0.002947153318354746 
0.001212652857090915 
0.009453006562711299 
0.002997859241819588 
0.0004949731791186101 
0.001357924775388816 
0.01823272226109887 
0.01542924708319805 
0.009395186741741876 
0.007393238174540738 
0.007528941436809712 
0.006255929557844203 
0.007736019421489713 
0.01238699453657474 
0.01098687060495855 
0.007495315072895591 
0.008946715475364972 
0.003110101802378581 
0.007977280908189156 
0.007836751121619549 
0.007765799921491262 
0.007828196048153699 
0.00843282034918991 
0.008817801726171479 
0.009059364700563555 
0.004756084543336117 
0.001872394098155365 
0.002386562264854649 
0.002510974393759744 
0.009434495188239116 
0.01308731011118623 
0.006786199172274118 
0.002549564117218955 
0.00066202073859855 
0.0002881072759209678 
0.0007023369591826621 
0.001310742199959825 
0.002074978942830784 
0.004347388308750261 
0.007295194563388513 
0.006513708169006211 
0.006708479765928765 
0.006745813130842179 
0.002475319824772722 
0.001156599573140331 
0.0001367216083775912 
0.0001552518804490173 
0.0002389027705538114 
0.0001259543722337997 
0.001683133732334126 
0.002239616043125067 
0.001775063099262337 
0.001560478417159596 
0.001086434852006671 
0.0009110040943727441 
0.0006631184188597311 
0.0005827968384769158 
0.0003097062231756389 
0.0001757929060010807 
0.0001784681601916389 
0.0002402474314186438 
0.0004051129416320913 
0.0007834256921937182 
0.00877187078291523 
0.007327235160313429 
0.003285911518215302 
0.001373284685188726 
0.009493089755007369 
0.005691570964953042 
0.002781451817551502 
0.00321677903897003 
0.001344979262645997 
0.001840861108048149 
0.008112667534470932 
0.008422875974851826 
0.005349447412033367 
0.006404964301791678 
0.008015688094683721 
0.007752963385574077 
0.009262332192169011 
0.002517058867336827 
0.007002903857206625 
0.006316152546349325 
0.007977230021024524 
0.008146288031108293 
0.007909037905271999 
0.009176104801060691 
0.005199142365883072 
0.009849150250306847 
0.006985473754209146 
0.01392143846959202 
0.005370902049651548 
0.0007772059885117419 
0.0005706418641320025 
0.0002222462075807638 
0.0004125560288460448 
0.0001994659731025229 
0.0004116474050074 
0.0009260919932002234 
0.0009991321050660691 
0.0008300444352355854 
0.00146392603434909 
0.0009519756222240704 
0.0005107112989259968 
0.0006181780184268382 
0.0001032700566087185 
0.0001892885204871462 
0.0001448058740735777 
0.0002473383559547484 
0.0003988326628403605 
0.003770285195435752 
0.008037461616958454 
0.004796248440202119 
0.0008355851383421269 
0.001942272547653661 
0.001149559540629664 
0.007920758693866633 
0.006818149501669147 
0.006644641463735281 
0.00458453927726387 
0.005143556549903365 
0.007810288615367354 
0.006521442538212857 
0.006284068305032673 
0.00670895143022936 
0.006951633424428534 
0.00431892645377029 
0.003032480773887553 
0.004985747072343211 
0.009825011886110053 
0.005424778639942275 
0.004082029685515178 
0.003767155074442547 
0.002944932462204672 
0.0001656898553272498 
0.0001993654964094332 
0.0005446076634721263 
0.0003076161635266012 
0.0006214171239432735 
0.0006037659705169512 
0.0007825981081483721 
0.0008349408968867962 
0.0003719119180650746 
0.0004489152218540009 
0.001085702514974717 
0.0009546623578810363 
0.0005446386416849225 
0.0004768889426691935 
0.000322091205691586 
0.0001874933349802364 
0.001169602405058302 
0.005838632512816247 
0.009796793967818993 
0.002148219164420334 
0.001504274364903422 
0.005612947370982676 
0.006945922124930648 
0.003396528495635679 
0.001142794991534141 
0.005327694499478466 
0.004072382351360422 
0.006527221718113486 
0.006695354039642915 
0.00505647663806018 
0.006549549529837855 
0.005245353877138025 
0.005550903517853238 
0.005392590487721369 
0.006516587310412885 
0.004890181762949404 
0.003910821898847166 
0.003337690324351545 
0.0007719410507700909 
0.005054314343353419 
0.000994664798398968 
0.001041815322214339 
0.0006019796737652687 
0.0003852015656770262 
0.0004973794643721791 
0.0007497009478169992 
0.0004672498664582874 
0.0001932127925191118 
0.0004694288125516263 
0.0002159518044321516 
0.0002862032148044757 
0.000104775984480791 
0.001165149940590492 
0.008421951934209266 
0.007188755122067209 
0.008980336824480401 
0.005740202149635575 
0.004663802391827709 
0.001027450087356647 
0.0006909988793808277 
0.0002292379802154699 
0.0008997814650191561 
0.004766135731049415 
0.002963691171558424 
0.003491026230436295 
0.003793231487945203 
0.004379058364445998 
0.004223225473229971 
0.005492079615728664 
0.001017461039629878 
0.001089453806275043 
0.0003218695384825696 
0.00265400579359696 
0.003465808265806779 
0.01114932253859431 
0.006015823077086024 
0.005458770461818936 
0.008094438445291313 
0.004079054895023511 
0.0005329348211402553 
0.0002604881583224555 
0.0006748768947877851 
0.003089275312770565 
0.004441972508162688 
0.01137738388403153 
0.01083766792545587 
0.0006696709155477004 
0.005378329859958135 
0.005126871003629884 
0.001003674998861329 
0.002153466402642897 
0.003281355834805027 
0.00532991158242478 
0.002321393010202038 
0.0004086792850555788 
0.003957332876749022 
0.007399456773035206 
0.003450401732630461 
0.004445162638998977 
0.005428263339110912 
0.00454668673276267 
0.001070468205905042 
0.001297089948832698 
0.002575617076890007 
0.005173754142760945 
0.01005979747548552 
0.008768563444659963 
0.003593211072436218 
0.00216434562417282 
0.009326044571146731 
0.001180277989980815 
0.002219982973269061 
0.001574682776380435 
0.00428285480469641 
0.002299494213473583 
0.0008734342248524634 
0.0005145622913361817 
0.0009632408817196166 
0.0008397207138206105 
0.005214140179516834 
0.004703042609369499 
0.00487942934067545 
0.004866340603359245 
0.006234581803500255 
0.003143205092763039 
0.004581110930113186 
0.005683748022495325 
0.006329807913473161 
0.003929378585546296 
0.004203438589280836 
0.0006263059798180148 
0.0002122585250327525 
0.0008211497693514541 
0.001076802263437878 
0.0008468697859645137 
0.0004813739512263556 
0.003033643630303993 
0.003339583959663465 
0.003017513047627545 
0.005816496494600022 
0.000828144715259524 
0.0004208389065801012 
0.0003655881200481344 
0.0002080263479560621 
0.005597842453398408 
0.0035983286199273 
0.008546946486361987 
0.007508025222334431 
0.00527126357241667 
0.002668307025290873 
0.002184265926310521 
0.006030947298469618 
0.002615040001267375 
0.001012811105655553 
0.0003670494884615459 
0.0004923139815112391 
0.0003484641546393145 
0.002217245664616395 
0.001440205187717501 
0.002916921102630908 
0.00576358541458729 
0.004729617800351172 
0.002799736488885598 
0.007924893691069128 
0.004580860873942157 
0.003318190708161875 
0.00517748879441876 
0.004830430951709401 
0.00161183252738864 
0.001301985501527414 
0.005878931366696397 
0.0009478994768303681 
0.002887829925429894 
0.002472794817589005 
0.004566166297947238 
0.002236470005482191 
0.001849616448230552 
0.002507829408329525 
0.0009692437890789337 
0.0007535422966188749 
0.003795359698639234 
0.001894046633701969 
0.0007688594198405279 
0.0003681421850574396 
0.000428909619739692 
0.004676261565660269 
0.002934908375874421 
0.004266461338961894 
0.003465578841767685 
0.005942931496867795 
0.00153925506822043 
0.001350044850100059 
0.002500237191033464 
0.003114036600263134 
0.002382932937699794 
0.0007518226446221955 
0.0009107410635083024 
0.003521394363662304 
0.001581016816130765 
0.004623689290166912 
0.001257908659570143 
0.001963739984897904 
0.001178062844218584 
0.003667846185550406 
0.003133286715504884 
0.003505286287649286 
0.003132541686393093 
0.00374841100889411 
0.002059523007032192 
0.00370650000142743 
0.001490581390838563 
0.002673881173312159 
0.002738922761756384 
0.004086729213463772 
0.00266446421276138 
0.003209867581055394 
0.001589990329550365 
0.001049817803197581 
0.003963582264050605 
0.00429550297806068 
0.002644689584585248 
0.001842575122195608 
0.004016997700745711 
0.004173756456436909 
0.00301110380500148 
0.002911064032290156 
0.002022690261848145 
0.001952266509661912 
0.004468689674911553 
0.002517383452106111 
0.005495744794301862 
0.0001122147867025448 
0.009176700179242723 
0.0001531083696427949 
0.0001217823317593107 
0.0003793481516405197 
0.0003574554625988828 
0.0002207158573313261 
0.0001431119509601264 
0.0009029804391621412 
0.00394498292635541 
0.0007024277908207743 
0.001232694395219321 
0.003985086110135067 
0.004217673505596716 
0.006230146156130627 
0.004338709829691562 
0.001762185021153737 
0.001048923486821268 
0.003265140944089563 
</DataArray>
<DataArray type="Float64" Name="Eta_mix" NumberOfComponents="1" format="ascii">
3.078616186651104 
3.852475487444048 
3.404636936323392 
2.435919433238064 
1.649198115306597 
3.402505949016316 
4.508546474676129 
3.078041989390558 
1.996675918757049 
1.342204324171481 
3.434379279846508 
3.774063356840135 
2.252233597446972 
1.450650228900277 
1.034588063860872 
2.67792217629479 
2.138109859393541 
1.636201031058888 
1.097237311814441 
0.8926960997873289 
3.432288090038182 
3.770714850712268 
2.248982385821537 
1.448280179964268 
1.034290716047769 
3.397133239601168 
4.502963091145882 
3.077648245752522 
1.998003795681873 
1.343169111500158 
2.922471549028095 
3.678150332152059 
3.473523696231627 
2.497948011785186 
1.737202799970088 
1.214840479210915 
0.9653112556762841 
0.8282714581079159 
0.7797588151053352 
0.8267123934320506 
0.9628432804319095 
1.143661902060506 
0.8400410867074887 
0.7019136183799993 
0.6660727149948809 
0.6605045125785696 
0.6644081224358376 
0.69932101161195 
0.7867208363473602 
0.6347724041189927 
0.57523405672559 
0.5914397737018335 
0.6027563638824456 
0.5908123435105485 
0.5746704035133741 
0.5844762604310375 
0.5097349929881563 
0.5052330614543703 
0.5402235977476615 
0.5557750678671907 
0.540276978584954 
0.5061634090572833 
0.5118405059428108 
0.4581742457633874 
0.4633577785182516 
0.5012740839145307 
0.5161888058403455 
0.5014415759984547 
0.4644624964015081 
0.4518355139988036 
0.4073361593817881 
0.4352227642759696 
0.4695075314499259 
0.4823479660093616 
0.4696147185995305 
0.4355462168538639 
0.4317319887100024 
0.3941641075847302 
0.4136076632788024 
0.4426478137847004 
0.4533486287564448 
0.4427626714742541 
0.4133801355187317 
0.4313766328036516 
0.3642020203824083 
0.3957423800371241 
0.4197543542352689 
0.4284782781903998 
0.4196439883669716 
0.3948580055921485 
0.4156820203672096 
0.3549572943051972 
0.3788971154718768 
0.3994931486050018 
0.4066732224813517 
0.3991075618104311 
0.378080076377165 
0.3902943218922857 
0.3445072105140896 
0.3616165001278746 
0.3805863332515742 
0.3867669044731528 
0.3800822964131418 
0.3615226706208991 
0.3782363298890251 
0.3363715437138292 
0.3459892202499416 
0.3629290545740411 
0.3679117961634892 
0.3618719489869452 
0.3452902369069602 
0.3711226093905857 
0.3177036295735234 
0.3331142973934853 
0.3459444648929466 
0.3495140624674386 
0.3442835332846974 
0.3305119580851424 
0.3401777451248292 
0.300703560839056 
0.3208528029563111 
0.3286372295876118 
0.331349527311497 
0.3271565157099178 
0.3161127853568959 
0.3171654310941038 
0.2953775019050369 
0.3058621736590222 
0.3111502764728584 
0.3136145101810682 
0.3105343248284925 
0.301451995192712 
0.3071509271428049 
0.3095694950549151 
0.2886837793426837 
0.2942216251814708 
0.2965620780275658 
0.2950909422483657 
0.2884177969730896 
0.2815624511649389 
0.3375379143110148 
0.2759700204493747 
0.2797318213873592 
0.2815376495757609 
0.2826751365853559 
0.2804523434821706 
0.2788373727218917 
0.3529804066337991 
0.2760852770298304 
0.2741126152942309 
0.2740569964266902 
0.2792843878380435 
0.2843893840707925 
0.2992523038231807 
0.3576633194480388 
0.2985102792013473 
0.2882675758437091 
0.2848600917910566 
0.2944110021983865 
0.3194516024515578 
0.368975194536205 
0.4962644768597422 
0.3514578284075792 
0.3281420912430001 
0.3227350952228358 
0.3308559329187586 
0.3675661257197371 
0.5534188849429008 
0.635641115648605 
0.36293086667386 
0.3435137874734046 
0.3375850625482526 
0.3417690105442686 
0.3581154579831448 
0.7414822199899916 
1.317379561563758 
1.041689549996882 
0.8389772504180205 
1.0319243938014 
0.6428555313458794 
0.7027195987465111 
0.6932440631704159 
0.8046388257138259 
0.5889044612734228 
0.6911621476404349 
0.8679160276278876 
0.786164824463531 
0.6336766278015162 
0.8385746114837137 
0.8925293344336585 
0.5708376144526822 
0.7835939855029552 
0.9000765450891212 
0.5069312165205001 
0.7268815835034084 
0.8714404995617163 
0.4482587732515445 
0.6699580996844845 
0.8122247173107685 
0.3945494276886756 
0.6131209236008087 
0.7481323560292529 
0.3485237876507843 
0.5575227360277638 
0.6793747339539061 
0.3084898351277601 
0.5015785510374233 
0.6113388284170111 
0.2716345965034554 
0.4483711741986682 
0.5449105465099241 
0.2380049534189463 
0.3984204056672987 
0.4884430433879089 
0.2075088478352374 
0.3532197923476137 
0.4263773594089414 
0.1800879449934057 
0.3110230414117997 
0.3788852857703349 
0.1537458852103241 
0.2697710089894151 
0.3325848392813227 
0.1281921353627016 
0.2289882198119613 
0.2920607957309151 
0.1042442569859044 
0.1907203842469836 
0.2495952298462369 
0.08333442832487574 
0.1568977467273709 
0.2094647544790698 
0.06526143736253973 
0.1257831261795088 
0.1590995070789611 
0.04938680246328035 
0.09720404627342961 
0.1222518206648098 
0.03574947108913029 
0.07062814482591634 
0.09080138033337996 
0.02524457086261807 
0.04744236265247013 
0.0673410407223667 
0.01669979231365337 
0.02914013860330804 
0.04565530019887345 
0.01158230170331909 
0.01496925870520493 
0.03525202120034214 
0.8764068900378035 
1.043061924153103 
1.31893203787118 
0.5757623575011083 
0.6464874556600853 
1.033621270604049 
0.5939656396895042 
0.8070531261577119 
0.6943610746579911 
0.8076219841422414 
0.872432594669403 
0.6910157119969063 
0.8815507014207493 
0.8386828068442993 
0.636133842154055 
0.8811340375711736 
0.782256402780442 
0.5706484697110124 
0.8417638506138251 
0.7233461591339898 
0.5048591032509334 
0.7783960050799646 
0.6628656971844337 
0.4442668179769993 
0.7099159906905695 
0.6040712454174094 
0.3894734838103026 
0.6457288978032997 
0.548970668650178 
0.3436206666114824 
0.5902667129796306 
0.4954304013984349 
0.3045652465103202 
0.5330287510441357 
0.4451130694682419 
0.2691650767799274 
0.4703916881923732 
0.3978419160643241 
0.2367394169013882 
0.4203846648740865 
0.3539205906887118 
0.2074275485002887 
0.3765788761161405 
0.3123447975692005 
0.1809366980344984 
0.3513638537707912 
0.2727655939944033 
0.1558329388303576 
0.3214690850007652 
0.2356976512731696 
0.1308488152915577 
0.2656645002206442 
0.1961513292273581 
0.1072129024180234 
0.2039258572512226 
0.1572121108118107 
0.08435750953249097 
0.15566949231212 
0.1219840751782782 
0.06427159085687602 
0.1235972753827991 
0.09563668749150403 
0.04863876352234045 
0.09365740638637741 
0.07089098637055249 
0.03573242831734225 
0.06720439418075683 
0.04752656280167309 
0.02512300071021235 
0.04762589631478807 
0.02935946101904481 
0.01674473088769931 
0.03235396668913765 
0.01575795073214874 
0.01176886670447072 
0.01079999954640001 
0.2868428274970447 
0.615140382608143 
0.4815147181186363 
0.3986257416550061 
0.3397175325938734 
0.287553047414304 
0.2445336231111285 
0.2068476973272725 
0.1787509556380952 
0.155014130900978 
0.1344310691138562 
0.1166047378751607 
0.1010935157710614 
0.08804797668598104 
0.07249691787634957 
0.05784725935401054 
0.045466066262079 
0.03494530356440804 
0.02611937638274739 
0.01902624173798442 
0.01441152112993187 
0.01234610543549226 
0.01132088333028287 
0.01087032446502068 
0.7583979554483316 
1.115272463744007 
3.066277087595684 
0.7059258735795167 
0.9626020123391877 
0.7396322230488334 
0.4716988924840126 
0.4759504952689752 
0.7261402486668097 
0.2587184341918765 
0.2495478884405281 
0.3148032807090654 
0.7494524455822342 
0.3987187444703478 
0.8750854378206122 
0.5169905453351603 
0.6040858072831112 
0.687450784161024 
2.84405921746599 
1.799999424620566 
2.575618998423269 
2.630071232214801 
0.587640155266153 
0.4280354436022183 
0.7647650850364188 
2.004718350581804 
1.609678975255562 
0.569102924893978 
0.8231149217558525 
2.617377961573942 
0.55826667599532 
2.163954848036042 
0.2660747409239752 
0.1563667472259084 
0.2365395736742795 
0.3920248944517781 
0.5715811049685826 
1.659016760827333 
1.602254386790744 
2.145066813617261 
2.608757089702145 
1.391364318706678 
0.8199863251192767 
0.8870730030174232 
0.9841326270286559 
0.9619737230776845 
0.8478710482963889 
0.7739961840175166 
0.642794020001876 
0.5904045799304078 
0.5400043268687902 
0.4387704073719173 
0.412541146764521 
0.3428449653978303 
0.2854215142944623 
0.2542604541549262 
0.1822159575319847 
0.1829060460542025 
0.2546388833359134 
1.548668419310392 
3.559716003733866 
2.130983827885067 
2.41370641937956 
2.673083457410316 
1.626414273824431 
0.9071192371475255 
3.014300727690054 
2.223002008664093 
0.9623026980529998 
0.5929431079392808 
0.4778737848795645 
0.6796234176141068 
0.225679011173769 
0.4887906102903306 
0.4690833334969108 
0.7889532098116327 
0.7163081301809309 
1.586510055344444 
0.738405969740754 
0.7628006393893916 
0.784191300250869 
0.7190423996353674 
0.1703168227455048 
0.1605818493470726 
0.2213883638722885 
0.199042980581567 
0.1332212450879132 
0.403219005425007 
0.3481048501086157 
2.297160512004342 
0.9219535697229504 
0.8482758094936994 
2.800599354314603 
1.637953462488024 
1.164430779377994 
0.4277753459533133 
0.9653796746293409 
0.3895705052599368 
0.40656363404294 
0.8099418045578336 
0.3585631331105943 
0.6015541155411723 
2.584319900924168 
2.492289467108007 
1.563795201261716 
1.622837588200864 
1.385907857224061 
0.4248821120121939 
0.1203915072130084 
0.2281782482263597 
0.2437458766501415 
0.5967601451312665 
0.4459552164843221 
0.8072650216096209 
0.5917991704761727 
0.4083392783767219 
0.3982945510515115 
0.5483443912759168 
0.9286206953843548 
0.5995461049926408 
0.5664624918841235 
0.9227681711649335 
0.7975333052945486 
0.2630687920661426 
0.4113574314935161 
0.2877403761271375 
0.289925927362146 
1.225042072769655 
0.4681493129299565 
0.4264121440170179 
0.5319318966873586 
0.7489586258302788 
1.949533849506843 
0.3819015876959064 
0.4651747123196536 
0.4051089334243268 
0.7238825813894517 
0.3457682466838382 
0.7413976296685328 
0.7710878408343668 
0.6737004386107194 
0.6326267485891538 
0.3086455141933839 
0.4906398414473969 
1.03867659737429 
1.293066818884328 
0.1215425748272704 
0.5870803556142068 
0.454794736671831 
2.39262848933633 
0.3946775935705799 
0.7919178283847799 
0.993742610461399 
0.6135685124600988 
0.6022957041208375 
0.6228591676415985 
1.064660277510665 
0.3822090609785593 
1.13153683894702 
0.8132950042221484 
0.4728991905650116 
0.3152036876121228 
0.3881597442434739 
0.238336011009402 
0.8057937488680706 
1.067301865519512 
0.8357391446529829 
0.8512389804254051 
1.017736249152377 
0.4036704634564081 
0.4178024664300077 
0.3918066079597938 
0.6006569959770741 
0.6226925796533276 
1.035512181174253 
0.5776526321241515 
1.40020516039437 
2.029378931707726 
0.4462630930434087 
0.39760924889975 
0.3852349243866209 
0.4127172194007779 
0.5777896061488634 
0.7118511053178175 
0.4573457809223768 
1.189575886369523 
0.5793801275562096 
0.8411357993779742 
1.217750476863472 
0.98283747935372 
0.5015834915545125 
0.5143647450332929 
1.836043820961942 
1.379496405994093 
0.7166976328879706 
1.13472868127801 
2.718974701538934 
0.9061639221369433 
0.8714474783724194 
0.3082509382128657 
0.4657274998531468 
0.2083029993853172 
1.784233124795822 
2.378606215992189 
0.2810928238129929 
0.3635072244939797 
2.819276461752243 
1.162254470966691 
1.615117656378692 
0.4228071008246966 
0.4295140586460824 
0.3047920595199621 
1.262097588226221 
0.3643821768685685 
1.540885671408996 
1.338126856843562 
1.108034372410326 
0.4709431027674104 
0.4454427706004 
0.3238464448993835 
0.3181391744649503 
1.256365094350107 
1.770884419490452 
1.617101417426219 
1.779716338859974 
1.486956573090871 
0.5574791327209346 
1.694221507769356 
1.750950821181166 
0.6565224814024758 
1.199923341847569 
1.148559769620793 
2.97661323017161 
0.9997896159071334 
0.9000584455829448 
1.426626235705755 
0.8795186200240486 
0.6126405871896431 
2.103995988256888 
1.314267969177453 
0.4345702708497133 
1.27452780174642 
0.8480257237012581 
0.9187056651112975 
1.698892990675492 
1.57981701098394 
0.3093538818435606 
0.6567915286887129 
0.651520545952708 
1.391785280918049 
1.328026946299864 
1.601869404857547 
1.663601057601906 
2.592067923611813 
1.371967040234281 
2.330581765188725 
1.973599508594096 
2.258831626199095 
0.5191613937089025 
0.4997420912450611 
1.582724589469665 
0.5519798477518104 
0.4538278657075273 
1.069727661271169 
1.605896988862056 
0.9239153664903572 
0.4735650349598474 
0.5619919500264947 
0.4624380538417822 
1.66218232957051 
2.090247308402662 
3.261660830846634 
1.451372387252355 
0.7971024451645082 
0.8431597448380364 
0.4057545290784524 
1.524864463872732 
0.5646934099861739 
2.115722102602902 
1.997779212073152 
1.869226734490346 
0.7631776159967195 
5.66275773870542 
3.000501506777717 
0.9766242927989209 
0.9107309341873837 
1.288074359570784 
0.8188138931382407 
2.120587307877973 
0.3879169701729703 
0.3897210773945063 
0.9027230657915166 
0.9955679998141157 
0.6201951817786429 
0.5972387324687363 
0.7871228611761506 
0.502724259179111 
0.5139242224236147 
1.937187315671101 
2.211046332200945 
0.3798613323443969 
2.07641250006188 
4.411787600356506 
0.6557063476389118 
0.6487779447674594 
3.006982108581133 
1.272542386056991 
4.144709204031724 
1.193386679859507 
0.7522753260469353 
1.39686225534772 
0.4470276255957082 
1.766719936617291 
0.7685698625510751 
1.582585291155147 
1.019714085216394 
0.5137259066330665 
2.263086099704545 
3.182241421884977 
0.410081726929616 
2.396621618161426 
2.594038474408158 
2.675419660562409 
0.5849225097140937 
2.110061343080609 
0.693390023241904 
1.181818038147511 
2.351024613772211 
0.8845621913034298 
1.471783425613648 
0.8624073328604239 
0.4458631359324341 
2.980538986341198 
3.630617270175405 
2.603030561087801 
5.339019799242998 
2.222402181746796 
0.5918839134312912 
1.708592787591478 
1.903453232919358 
1.307473361607697 
2.893537589583532 
1.480647334989339 
3.81295710261966 
3.931129744188584 
3.407299017802808 
2.513802476787571 
0.8384680335543581 
2.854729554266082 
2.872457257292631 
4.397606068161678 
2.702999537490091 
3.582975284798732 
5.43213179414426 
1.984039272879264 
2.140284436706389 
3.290440142466659 
4.741588274346611 
2.417403535181206 
2.085208878486212 
5.365008973550762 
2.898142900766139 
4.263125785326142 
4.572869443414015 
0.4867201915927201 
0.7608326733203428 
2.062015120700661 
0.4247332380544018 
0.278877331797279 
0.7319625575519852 
1.857368903062449 
1.734937687595891 
1.429376541526129 
1.017803717188191 
3.006733298059066 
1.209858277798247 
1.771328760939474 
2.915248930420378 
3.457670537664586 
0.9194518877676328 
0.599990897565307 
0.3763257114564491 
2.178906712527846 
1.898142929313181 
1.507879599536249 
0.583967456392241 
3.536502189606061 
0.4832034998808751 
2.207437877388254 
0.1959959179712634 
0.3320540501376937 
0.1466650188755992 
0.1682008570907727 
0.1692854516095794 
0.1599398244563312 
0.1829464161325109 
0.422879003455209 
0.4661953671243761 
0.3768023324584421 
0.4313511492788992 
0.1951116447919141 
0.5546735968746396 
0.6161358771035971 
0.669767267955331 
0.736724631042895 
0.8665506856631989 
0.925024447835514 
0.8325850782296804 
3.671411827465993 
1.00223837377665 
1.740171957419761 
1.453629874575989 
0.3184405648615485 
0.5383910451581004 
0.1971108931573253 
2.92635106366535 
1.677808478435315 
2.172329744023365 
0.5129919726275751 
0.865936583346598 
2.092000636071297 
3.168598645862275 
0.7063779239687529 
0.5266239196571212 
0.4132342016060805 
0.2930112517530374 
1.39296904120211 
1.785945270817002 
0.2645411351278437 
0.4493491798902135 
0.3419633297061557 
0.2849224576572308 
3.126394979744312 
3.676405909147788 
1.554148677464571 
0.9868042236721812 
0.7097913334922088 
0.6323659126586511 
0.5299220916580475 
0.5102643143866032 
0.4235753556356714 
0.3005722329716426 
0.2841208907014848 
0.3067058234601955 
0.4685690629152673 
0.9705568245070961 
1.27095211384094 
3.006951706539789 
2.841746881592555 
2.102399220641049 
1.000086703652737 
2.168195946327022 
2.630014387555945 
3.21349526888163 
1.283785188761651 
1.207619965611339 
0.4926927259571963 
0.4449762717425407 
0.482674638550311 
0.5930726251943426 
0.7891493000293517 
1.249086963485018 
0.6406297314266187 
2.835888902196466 
1.330952839162954 
0.5943566845795009 
0.6389423431774075 
0.5979863251463535 
0.1508174483853787 
0.4174275848250293 
0.3588475321212388 
0.4401698587968474 
0.3864171101347918 
0.1910433522354934 
0.1151898073506803 
0.5862489657140502 
0.4761820916409796 
0.3757704890933705 
0.5507749871756731 
0.3290078333807737 
1.180687172314391 
0.6896788269117075 
0.7837010517975629 
0.6223417642399001 
1.681637924144718 
1.266585629783341 
0.4865125403951372 
0.629542870701483 
0.2363541238235234 
0.3070303144658749 
0.3013310598647687 
0.6259352107004366 
0.6098512658729278 
2.30826486018242 
0.7731362752191505 
1.834285066481288 
0.9360239267237009 
2.205155703630453 
0.9862499575279058 
0.2508899376959065 
0.1997003508587476 
0.4626136545537051 
0.4139731980893102 
0.328976597625217 
0.7441556528171981 
0.566603801083709 
1.310011977198558 
0.6493467891117219 
0.6469254993334247 
0.4504467313285664 
2.272038329056715 
0.3583753075412527 
0.4406120514216423 
0.4140473947424548 
0.1390999319420886 
0.6163700150796914 
2.093315343300868 
0.3131380146514701 
0.577352291716816 
0.5098444498218981 
0.4789743556306061 
0.8713235364578534 
0.4472875191387308 
0.8137488728394141 
1.151512194433373 
0.4828881538780987 
0.4276191466026191 
1.779920287391632 
1.397481449542766 
0.533547694008653 
0.3353443620783344 
0.5992553483714609 
0.3428341928493498 
1.693058513810163 
0.1503847568196958 
0.3888737256979795 
2.638961471596088 
1.38070422577446 
1.237620276523125 
0.6979564826297371 
2.941075581264312 
1.57017730615968 
0.4458590768361357 
0.3480179966866901 
0.2902683663754447 
0.610049894733797 
1.308960077326783 
0.9632418354986286 
1.566618051844139 
0.7832699869367543 
0.4990420766092837 
0.784496375296894 
0.4134518993825188 
0.4114748529384353 
0.1465581732534575 
0.9665860688898396 
1.285376131587186 
0.9448145344373402 
1.263647514943746 
0.79163628682347 
0.4580959698870596 
0.5952354485436885 
0.5356703876177266 
0.4501212932974067 
0.424214432342559 
0.4096513217824898 
0.4112386755097933 
0.8330804337596094 
0.2707847983945222 
1.428449956824556 
0.3796940151625061 
0.3013441739851582 
0.1343241290925464 
0.9500987716778928 
0.1868934302927568 
2.368531016806452 
1.78793764056545 
0.3866144438313919 
1.359816257685529 
2.30253192128491 
1.049440717656144 
0.2325273667941911 
0.3544521355277774 
1.425147369879331 
1.529216599721973 
0.656946601502773 
2.545004457821155 
1.340339649994049 
0.3978577218514135 
1.980346213808636 
2.39256532281009 
0.5544144339842356 
0.2956640576731097 
0.3103355630851716 
0.7531716548611381 
1.202075058365963 
0.3678462600421527 
0.5139752858145346 
0.5005246477307966 
1.516045828551136 
0.247048226198983 
0.6241113996188929 
0.5739380341532105 
0.9634186098888022 
0.2735695789819194 
0.2317621014730301 
1.221549493308496 
0.3571040500248382 
0.2027384336016642 
0.9392767409036508 
1.646990115029985 
2.197595187340105 
3.392140014106983 
1.04249956030068 
0.4237291941534997 
1.074370107787647 
2.382149629144787 
2.732466694478042 
1.24697533026976 
2.319147143071921 
2.031670855731124 
0.4990733475414488 
0.2946148695479475 
0.3477511329062373 
0.2504312902811138 
1.185489092015737 
0.6368871340253679 
0.8428546263634473 
2.450820733380363 
1.122926074926803 
0.5264096241481651 
4.337643064371995 
0.7747006353210066 
0.8592874099575548 
1.437603350206524 
1.645491942078552 
0.1846533419168024 
0.3004173944570127 
1.69107778647811 
1.875805812709666 
1.065457850779722 
5.255754360285072 
2.730563304105093 
0.732427112801448 
0.398856243328356 
0.8839816695607824 
0.5429661283962914 
2.094730636004294 
0.5648193314080174 
0.794886597072976 
2.343724226064499 
1.779426773935072 
1.582372228756422 
0.1426617642776311 
4.077007781683312 
3.493165875058946 
1.596760943616723 
0.7824148406846919 
1.490882902361233 
0.3216260539128863 
0.419914932881768 
0.3775591626529169 
0.5878198917231394 
0.714516813400387 
1.687527138360957 
0.434692571568504 
0.5554969706809958 
0.6410948173724351 
1.295471721861896 
1.798655777766457 
2.510352174119279 
1.522941273950162 
0.9969941603303412 
0.9066097558391253 
3.792126025437545 
2.525918089857734 
0.1488353176342484 
0.310363396647577 
2.685464848618724 
5.558769865245005 
1.139718637589542 
3.827900080159771 
0.3746645208752757 
2.59982023514453 
2.614792499190521 
3.187484868434941 
2.092674960460305 
0.4024690022185826 
1.62417754936649 
4.577064334067853 
3.71319107112084 
0.2961337140709928 
0.5031358761491177 
0.8841631763367118 
4.808316294256754 
1.13971001958446 
2.785065921820706 
0.2311509260556627 
3.675359673783886 
0.9207342781293164 
0.4624963286713922 
0.3309617160657998 
3.73256538649761 
2.48571300464111 
3.549652414747895 
6.657746382869981 
2.665012825737984 
2.901471029633718 
2.561095203740413 
0.3425249420058588 
0.6300110034705186 
1.20641226859964 
0.7912348088187522 
2.975508658300478 
0.4182727557680853 
2.886630643615901 
5.371543975014164 
2.471448413633678 
4.287102970373066 
1.964416771530946 
4.546305329873301 
0.3256632176164925 
1.266712818355418 
2.216956913734586 
0.1942006402335699 
6.041963765210207 
1.843868922528897 
2.781116983640272 
5.180329371443576 
0.5511380602728047 
5.16189060150641 
5.740111912167894 
3.006266673322362 
4.242750543771536 
1.442639569824759 
6.614049806248278 
3.605521346070461 
2.036484909096982 
4.393457818448206 
7.230012848272503 
7.122482086951751 
1.88535529188827 
3.481161455455941 
5.188254054682673 
5.422697711682479 
5.588616968241087 
1.814551904973211 
0.1444898935567626 
0.2237238543459225 
0.3575361328146839 
0.4156824590520891 
0.2603736206171144 
0.5918832902493415 
0.4822895923547078 
0.3630242666112846 
0.308580628147112 
1.218825115792136 
0.1970146069874685 
0.9336085842776723 
0.9007499761109773 
1.579900611879063 
0.2781679028544436 
0.3536323778896548 
0.4487674951207445 
2.63349329784898 
1.595689486972007 
0.4814223847404456 
</DataArray>
</CellData>
</Piece>
</UnstructuredGrid>
</VTKFile>
