<?xml version="1.0"?>
<VTKFile type="UnstructuredGrid" version="0.1" byte_order="LittleEndian">
<UnstructuredGrid>
<Piece NumberOfPoints="1157" NumberOfCells="1117">
<Points>
<DataArray type="Float64" NumberOfComponents="3" format="ascii">
0 -0.0599999987 0
0.0198084321 -0.0599999987 0
0.0396168642 -0.0599999987 0
0.0594252981 -0.0599999987 0
0.0792337283 -0.0599999987 0
0.0990421623 -0.0599999987 0
0 -0.043333333 0
0.0198084321 -0.0432380959 0
0.0396168642 -0.0431428589 0
0.0594252981 -0.0430476181 0
0.0792337283 -0.0429523811 0
0.0990421623 -0.042857144 0
0 -0.0266666673 0
0.0198084321 -0.0264761914 0
0.0396168642 -0.0262857135 0
0.0594252981 -0.0260952376 0
0.0792337283 -0.0259047616 0
0.0990421623 -0.0257142857 0
0 -0.009999999779999999 0
0.0198084321 -0.00971428584 0
0.0396168642 -0.00942857098 0
0.0594252981 -0.009142857040000001 0
0.0792337283 -0.00885714311 0
0.0990421623 -0.008571428250000001 0
0 0.009999999779999999 0
0.0198084321 0.00971428584 0
0.0396168642 0.00942857098 0
0.0594252981 0.009142857040000001 0
0.0792337283 0.00885714311 0
0.0990421623 0.008571428250000001 0
0 0.0266666673 0
0.0198084321 0.0264761914 0
0.0396168642 0.0262857135 0
0.0594252981 0.0260952376 0
0.0792337283 0.0259047616 0
0.0990421623 0.0257142857 0
0 0.043333333 0
0.0198084321 0.0432380959 0
0.0396168642 0.0431428589 0
0.0594252981 0.0430476181 0
0.0792337283 0.0429523811 0
0.0990421623 0.042857144 0
0 0.0599999987 0
0.0198084321 0.0599999987 0
0.0396168642 0.0599999987 0
0.0594252981 0.0599999987 0
0.0792337283 0.0599999987 0
0.0990421623 0.0599999987 0
0.5 0.008571428250000001 0
0.5 0.0257142857 0
0.5 0.042857144 0
0.479952097 0.0599999987 0
0.459904224 0.0599999987 0
0.439856321 0.0599999987 0
0.419808447 0.0599999987 0
0.399760544 0.0599999987 0
0.379712641 0.0599999987 0
0.359664768 0.0599999987 0
0.339616865 0.0599999987 0
0.319568962 0.0599999987 0
0.299521089 0.0599999987 0
0.279473186 0.0599999987 0
0.259425282 0.0599999987 0
0.239377409 0.0599999987 0
0.219329506 0.0599999987 0
0.199281618 0.0599999987 0
0.17923373 0.0599999987 0
0.159185842 0.0599999987 0
0.139137954 0.0599999987 0
0.11909005 0.0599999987 0
0.5 0.0599999987 0
0.439856321 -0.0599999987 0
0.5 -0.008571428250000001 0
0.5 -0.0257142857 0
0.419808418 -0.0599999987 0
0.5 -0.0599999987 0
0.17923373 -0.0599999987 0
0.299521089 -0.0599999987 0
0.5 -0.042857144 0
0.479952097 -0.0599999987 0
0.459904224 -0.0599999987 0
0.319568962 -0.0599999987 0
0.199281618 -0.0599999987 0
0.11909005 -0.0599999987 0
0.139137939 -0.0599999987 0
0.159185842 -0.0599999987 0
0.219329506 -0.0599999987 0
0.239377409 -0.0599999987 0
0.259425282 -0.0599999987 0
0.279473186 -0.0599999987 0
0.339616865 -0.0599999987 0
0.359664768 -0.0599999987 0
0.379712641 -0.0599999987 0
0.399760544 -0.0599999987 0
0.11909005 0.042857144 0
0.11909005 0.0257142857 0
0.11909005 0.008571428250000001 0
0.11909005 -0.008571428250000001 0
0.11909005 -0.0257142857 0
0.11909005 -0.042857144 0
0.139137954 0.042857144 0
0.139137939 0.0257142857 0
0.139137939 0.008571428250000001 0
0.139137939 -0.008571428250000001 0
0.139137939 -0.0257142857 0
0.139137939 -0.042857144 0
0.159185842 0.042857144 0
0.159185842 0.0257142857 0
0.159185842 0.008571428250000001 0
0.159185842 -0.008571428250000001 0
0.159185842 -0.0257142857 0
0.159185842 -0.042857144 0
0.17923373 0.042857144 0
0.17923373 0.0257142857 0
0.17923373 0.008571428250000001 0
0.17923373 -0.008571428250000001 0
0.17923373 -0.0257142857 0
0.17923373 -0.042857144 0
0.199281618 0.042857144 0
0.199281618 0.0257142857 0
0.199281618 0.008571428250000001 0
0.199281618 -0.008571428250000001 0
0.199281618 -0.0257142857 0
0.199281618 -0.042857144 0
0.219329506 0.042857144 0
0.219329506 0.0257142857 0
0.219329506 0.008571428250000001 0
0.219329506 -0.008571428250000001 0
0.219329506 -0.0257142857 0
0.219329506 -0.042857144 0
0.239377409 0.042857144 0
0.239377409 0.0257142857 0
0.239377409 0.008571428250000001 0
0.239377409 -0.008571428250000001 0
0.239377409 -0.0257142857 0
0.239377409 -0.042857144 0
0.259425282 0.042857144 0
0.259425282 0.0257142857 0
0.259425282 0.008571428250000001 0
0.259425282 -0.008571428250000001 0
0.259425282 -0.0257142857 0
0.259425282 -0.042857144 0
0.279473186 0.042857144 0
0.279473186 0.0257142857 0
0.279473186 0.008571428250000001 0
0.279473186 -0.008571428250000001 0
0.279473186 -0.0257142857 0
0.279473186 -0.042857144 0
0.299521089 0.042857144 0
0.299521089 0.0257142857 0
0.299521089 0.008571428250000001 0
0.299521089 -0.008571428250000001 0
0.299521089 -0.0257142857 0
0.299521089 -0.042857144 0
0.319568962 0.042857144 0
0.319568962 0.0257142857 0
0.319568962 0.008571428250000001 0
0.319568962 -0.008571428250000001 0
0.319568962 -0.0257142857 0
0.319568962 -0.042857144 0
0.339616865 0.042857144 0
0.339616865 0.0257142857 0
0.339616865 0.008571428250000001 0
0.339616865 -0.008571428250000001 0
0.339616865 -0.0257142857 0
0.339616865 -0.042857144 0
0.359664768 0.042857144 0
0.359664768 0.0257142857 0
0.359664768 0.008571428250000001 0
0.359664768 -0.008571428250000001 0
0.359664768 -0.0257142857 0
0.359664768 -0.042857144 0
0.379712641 0.042857144 0
0.379712641 0.0257142857 0
0.379712641 0.008571428250000001 0
0.379712641 -0.008571428250000001 0
0.379712641 -0.0257142857 0
0.379712641 -0.042857144 0
0.399760544 0.042857144 0
0.399760544 0.0257142857 0
0.399760544 0.008571428250000001 0
0.399760544 -0.008571428250000001 0
0.399760544 -0.0257142857 0
0.399760544 -0.042857144 0
0.419808418 0.042857144 0
0.419808418 0.0257142857 0
0.419808418 0.008571428250000001 0
0.419808418 -0.008571428250000001 0
0.419808418 -0.0257142857 0
0.419808418 -0.042857144 0
0.439856321 0.042857144 0
0.439856321 0.0257142857 0
0.439856321 0.008571428250000001 0
0.439856321 -0.008571428250000001 0
0.439856321 -0.0257142857 0
0.439856321 -0.042857144 0
0.459904224 0.042857144 0
0.459904224 0.0257142857 0
0.459904224 0.008571428250000001 0
0.459904224 -0.008571428250000001 0
0.459904224 -0.0257142857 0
0.459904224 -0.042857144 0
0.479952097 0.042857144 0
0.479952097 0.0257142857 0
0.479952097 0.008571428250000001 0
0.479952097 -0.008571428250000001 0
0.479952097 -0.0257142857 0
0.479952097 -0.042857144 0
-0.400000006 0.009999999779999999 0
-0.379999995 0.009999999779999999 0
-0.360000014 0.009999999779999999 0
-0.340000004 0.009999999779999999 0
-0.319999993 0.009999999779999999 0
-0.300000012 0.009999999779999999 0
-0.280000001 0.009999999779999999 0
-0.25999999 0.009999999779999999 0
-0.239999995 0.009999999779999999 0
-0.219999999 0.009999999779999999 0
-0.200000003 0.009999999779999999 0
-0.180000007 0.009999999779999999 0
-0.159999996 0.009999999779999999 0
-0.140000001 0.009999999779999999 0
-0.119999997 0.009999999779999999 0
-0.100000001 0.009999999779999999 0
-0.07999999820000001 0.009999999779999999 0
-0.0599999987 0.009999999779999999 0
-0.0399999991 0.009999999779999999 0
-0.0199999996 0.009999999779999999 0
-0.0199999996 -0.009999999779999999 0
-0.0399999991 -0.009999999779999999 0
-0.0599999987 -0.009999999779999999 0
-0.07999999820000001 -0.009999999779999999 0
-0.100000001 -0.009999999779999999 0
-0.119999997 -0.009999999779999999 0
-0.140000001 -0.009999999779999999 0
-0.159999996 -0.009999999779999999 0
-0.180000007 -0.009999999779999999 0
-0.200000003 -0.009999999779999999 0
-0.219999999 -0.009999999779999999 0
-0.239999995 -0.009999999779999999 0
-0.25999999 -0.009999999779999999 0
-0.280000001 -0.009999999779999999 0
-0.300000012 -0.009999999779999999 0
-0.319999993 -0.009999999779999999 0
-0.340000004 -0.009999999779999999 0
-0.360000014 -0.009999999779999999 0
-0.379999995 -0.009999999779999999 0
-0.400000006 -0.009999999779999999 0
-0.419999987 -0.009999999779999999 0
-0.439999998 -0.009999999779999999 0
-0.460000008 -0.009999999779999999 0
-0.479999989 -0.009999999779999999 0
-0.5 -0.0266666673 0
-0.5 -0.043333333 0
-0.479999989 -0.0599999987 0
-0.460000008 -0.0599999987 0
-0.439999998 -0.0599999987 0
-0.419999987 -0.0599999987 0
-0.400000006 -0.0599999987 0
-0.379999995 -0.0599999987 0
-0.360000014 -0.0599999987 0
-0.340000004 -0.0599999987 0
-0.319999993 -0.0599999987 0
-0.300000012 -0.0599999987 0
-0.280000001 -0.0599999987 0
-0.25999999 -0.0599999987 0
-0.239999995 -0.0599999987 0
-0.219999999 -0.0599999987 0
-0.200000003 -0.0599999987 0
-0.180000007 -0.0599999987 0
-0.159999996 -0.0599999987 0
-0.140000001 -0.0599999987 0
-0.119999997 -0.0599999987 0
-0.100000001 -0.0599999987 0
-0.07999999820000001 -0.0599999987 0
-0.0599999987 -0.0599999987 0
-0.0399999991 -0.0599999987 0
-0.0199999996 -0.0599999987 0
-0.100000001 0.0599999987 0
-0.5 0.0599999987 0
-0.5 0.009999999779999999 0
-0.5 -0.009999999779999999 0
-0.140000001 0.0599999987 0
-0.0199999996 0.0599999987 0
-0.400000006 0.0599999987 0
-0.5 -0.0599999987 0
-0.200000003 0.0599999987 0
-0.25999999 0.0599999987 0
-0.340000004 0.0599999987 0
-0.119999997 0.0599999987 0
-0.379999995 0.0599999987 0
-0.360000014 0.0599999987 0
-0.0399999991 0.0599999987 0
-0.280000001 0.0599999987 0
-0.219999999 0.0599999987 0
-0.239999995 0.0599999987 0
-0.0599999987 0.0599999987 0
-0.180000007 0.0599999987 0
-0.300000012 0.0599999987 0
-0.319999993 0.0599999987 0
-0.07999999820000001 0.0599999987 0
-0.159999996 0.0599999987 0
-0.419999987 0.0599999987 0
-0.439999998 0.0599999987 0
-0.460000008 0.0599999987 0
-0.479999989 0.0599999987 0
-0.5 0.043333333 0
-0.5 0.0266666673 0
-0.479999989 0.009999999779999999 0
-0.460000008 0.009999999779999999 0
-0.439999998 0.009999999779999999 0
-0.419999987 0.009999999779999999 0
-0.0199999996 0.0266666673 0
-0.0199999996 0.043333333 0
-0.0399999991 0.0266666673 0
-0.0399999991 0.043333333 0
-0.0599999987 0.0266666673 0
-0.0599999987 0.043333333 0
-0.07999999820000001 0.0266666673 0
-0.07999999820000001 0.043333333 0
-0.100000001 0.0266666673 0
-0.100000001 0.043333333 0
-0.119999997 0.0266666673 0
-0.119999997 0.043333333 0
-0.140000001 0.0266666673 0
-0.140000001 0.043333333 0
-0.159999996 0.0266666673 0
-0.159999996 0.043333333 0
-0.180000007 0.0266666673 0
-0.180000007 0.043333333 0
-0.200000003 0.0266666673 0
-0.200000003 0.043333333 0
-0.219999999 0.0266666673 0
-0.219999999 0.043333333 0
-0.239999995 0.0266666673 0
-0.239999995 0.043333333 0
-0.25999999 0.0266666673 0
-0.25999999 0.043333333 0
-0.280000001 0.0266666673 0
-0.280000001 0.043333333 0
-0.300000012 0.0266666673 0
-0.300000012 0.043333333 0
-0.319999993 0.0266666673 0
-0.319999993 0.043333333 0
-0.340000004 0.0266666673 0
-0.340000004 0.043333333 0
-0.360000014 0.0266666673 0
-0.360000014 0.043333333 0
-0.379999995 0.0266666673 0
-0.379999995 0.043333333 0
-0.400000006 0.0266666673 0
-0.400000006 0.043333333 0
-0.419999987 0.0266666673 0
-0.419999987 0.043333333 0
-0.439999998 0.0266666673 0
-0.439999998 0.043333333 0
-0.460000008 0.0266666673 0
-0.460000008 0.043333333 0
-0.479999989 0.0266666673 0
-0.479999989 0.043333333 0
-0.0199999996 -0.043333333 0
-0.0199999996 -0.0266666673 0
-0.0399999991 -0.043333333 0
-0.0399999991 -0.0266666673 0
-0.0599999987 -0.043333333 0
-0.0599999987 -0.0266666673 0
-0.07999999820000001 -0.043333333 0
-0.07999999820000001 -0.0266666673 0
-0.100000001 -0.043333333 0
-0.100000001 -0.0266666673 0
-0.119999997 -0.043333333 0
-0.119999997 -0.0266666673 0
-0.140000001 -0.043333333 0
-0.140000001 -0.0266666673 0
-0.159999996 -0.043333333 0
-0.159999996 -0.0266666673 0
-0.180000007 -0.043333333 0
-0.180000007 -0.0266666673 0
-0.200000003 -0.043333333 0
-0.200000003 -0.0266666673 0
-0.219999999 -0.043333333 0
-0.219999999 -0.0266666673 0
-0.239999995 -0.043333333 0
-0.239999995 -0.0266666673 0
-0.25999999 -0.043333333 0
-0.25999999 -0.0266666673 0
-0.280000001 -0.043333333 0
-0.280000001 -0.0266666673 0
-0.300000012 -0.043333333 0
-0.300000012 -0.0266666673 0
-0.319999993 -0.043333333 0
-0.319999993 -0.0266666673 0
-0.340000004 -0.043333333 0
-0.340000004 -0.0266666673 0
-0.360000014 -0.043333333 0
-0.360000014 -0.0266666673 0
-0.379999995 -0.043333333 0
-0.379999995 -0.0266666673 0
-0.400000006 -0.043333333 0
-0.400000006 -0.0266666673 0
-0.419999987 -0.043333333 0
-0.419999987 -0.0266666673 0
-0.439999998 -0.043333333 0
-0.439999998 -0.0266666673 0
-0.460000008 -0.043333333 0
-0.460000008 -0.0266666673 0
-0.479999989 -0.043333333 0
-0.479999989 -0.0266666673 0
0.5 0.280000001 0
0.5 0.324000001 0
0.5 0.368000001 0
0.5 0.412 0
0.5 0.456 0
0.423076928 0.5 0
0.346153855 0.5 0
0.269230783 0.5 0
0.192307696 0.5 0
0.115384616 0.5 0
0.0384615399 0.5 0
-0.0384615399 0.5 0
-0.115384616 0.5 0
-0.192307696 0.5 0
-0.269230783 0.5 0
-0.346153855 0.5 0
-0.423076928 0.5 0
-0.5 0.451111108 0
-0.5 0.402222216 0
-0.5 0.353333324 0
-0.5 0.304444432 0
-0.5 0.25555557 0
-0.5 0.206666663 0
-0.5 0.157777771 0
-0.5 0.108888887 0
-0.5 0.5 0
0.5 0.104000002 0
0.5 0.5 0
0.5 0.148000002 0
0.5 0.192000002 0
0.5 0.236000001 0
0.0609144196 0.0817342326 0
0.0213773996 0.0810065791 0
0.00164963992 0.0806389153 0
0.0410537161 0.08140170569999999 0
0.0807928815 0.0816697404 0
-0.11636588 0.08086209 0
-0.155379474 0.08188256620000001 0
-0.195952147 0.0835963339 0
-0.216464236 0.0839877948 0
-0.236886531 0.08373397589999999 0
-0.25717181 0.0831861421 0
-0.0375812575 0.08077736200000001 0
-0.0571756735 0.0809583366 0
-0.07703223820000001 0.08103158320000001 0
-0.018060958 0.0806019977 0
-0.0969315991 0.0810548067 0
-0.135710105 0.0813468769 0
-0.17564556 0.0829808787 0
-0.277441889 0.0833770484 0
-0.297976643 0.0844593644 0
-0.337742865 0.0814660415 0
-0.357280463 0.08131340149999999 0
-0.395812064 0.0801450759 0
-0.431601644 0.0846370831 0
-0.449032396 0.0927124023 0
0.241154492 0.0802461654 0
0.201377258 0.0838236138 0
0.180563569 0.0829863772 0
0.160152987 0.0818641707 0
0.13998118 0.0809370205 0
0.100271612 0.0811994374 0
0.119869255 0.08062074330000001 0
0.373670965 0.07992801820000001 0
0.324530095 0.0833030716 0
0.281531155 0.08239974830000001 0
0.260980189 0.0810246468 0
0.22172907 0.0833596513 0
0.0419940539 0.10293632 0
0.0224408731 0.101743817 0
0.00314544118 0.100968696 0
0.0619302429 0.10367021 0
-0.0159631986 0.101458415 0
0.08237209920000001 0.103876717 0
-0.318290144 0.08418776090000001 0
-0.414466918 0.0801854879 0
-0.376616716 0.08122970910000001 0
-0.235601157 0.107684493 0
-0.214288786 0.108600825 0
-0.255871743 0.10540323 0
-0.0541822873 0.103133552 0
-0.131315932 0.104231022 0
-0.074047327 0.103388585 0
-0.112915099 0.104204893 0
-0.150728151 0.104886316 0
-0.0939841419 0.103821017 0
-0.171428666 0.106402844 0
-0.192837894 0.107991748 0
-0.275017977 0.104476884 0
-0.35379228 0.103946522 0
-0.433073252 0.110083312 0
-0.295674562 0.108139448 0
-0.0348416194 0.102517344 0
0.415305704 0.08237869289999999 0
0.359606773 0.07313796879999999 0
0.302707136 0.083627373 0
0.159252465 0.103709936 0
0.179841861 0.106472507 0
0.139538869 0.1013356 0
0.22791867 0.111114562 0
0.243271112 0.0979152769 0
0.394325763 0.08282602579999999 0
0.201971233 0.109258376 0
0.120320998 0.10044767 0
0.435215741 0.08225522189999999 0
0.259965211 0.10267438 0
0.329683661 0.107562989 0
0.474004507 0.0924669281 0
0.10174416 0.103126459 0
-0.468483716 0.110260278 0
-0.3943865 0.102075562 0
0.442493409 0.110294618 0
0.0621701814 0.126179203 0
0.0225422326 0.122126617 0
0.0418764055 0.12501201 0
0.00457998784 0.120126426 0
0.0835043266 0.12639606 0
-0.0129794497 0.122236557 0
-0.147280753 0.128402263 0
-0.213780656 0.134415403 0
-0.127986699 0.131244153 0
-0.167973459 0.129917011 0
-0.050670296 0.126652241 0
-0.07087001950000001 0.126821682 0
-0.09071145210000001 0.127626732 0
-0.190268174 0.132567599 0
-0.238525629 0.133869201 0
-0.273494035 0.120859079 0
-0.259225488 0.127459198 0
-0.287823677 0.129834697 0
0.106391847 0.128948033 0
-0.030988669 0.12521717 0
0.176051676 0.130309746 0
0.155358881 0.125951976 0
0.136383891 0.121375889 0
0.197837338 0.13508907 0
0.221228063 0.140195116 0
0.24643375 0.148225218 0
0.278431207 0.13069883 0
0.121331833 0.116863862 0
0.304693103 0.108170666 0
0.41313979 0.10605257 0
0.460590839 0.118400961 0
0.3594082 0.102554947 0
-0.32107237 0.11253228 0
-0.419543535 0.104857683 0
0.09811829029999999 0.159849972 0
0.0055290414 0.135468304 0
-0.272256285 0.147958145 0
0.213639542 0.167143762 0
-0.16421552 0.153452978 0
-0.0470549725 0.15146856 0
0.148239896 0.147893965 0
0.190186769 0.161729231 0
-0.0247382168 0.149399027 0
0.121496096 0.157260552 0
0.421064824 0.135523811 0
0.331904501 0.135500565 0
0.281374097 0.10639441 0
-0.403406292 0.127729908 0
-0.310004503 0.140224457 0
0.359246194 0.131814718 0
-0.372643173 0.130347505 0
-0.4354105 0.128464058 0
0.336629719 0.171858773 0
0.449453801 0.147653848 0
0.388494343 0.134514973 0
0.301465511 0.165098608 0
-0.346448064 0.12566866 0
-0.399034619 0.163094714 0
0.0394379087 0.149358913 0
0.27253148 0.157263905 0
-0.213087991 0.160163328 0
-0.247485504 0.166183531 0
-0.29579401 0.164818883 0
-0.0238127075 0.198093072 0
0.111787573 0.184981465 0
-0.100731499 0.16475822 0
-0.129909366 0.165031105 0
0.176729351 0.19246909 0
0.207438558 0.194471538 0
-0.07164825499999999 0.174688131 0
0.137555912 0.174095407 0
0.445077062 0.355614364 0
0.4540672 0.312721372 0
0.471876621 0.18936041 0
0.467166424 0.229818493 0
0.461504996 0.270973593 0
0.424467564 0.448932588 0
0.441845477 0.182664469 0
-0.324829191 0.179232806 0
0.0906601474 0.199683741 0
-0.207740158 0.18316175 0
-0.157712802 0.176730514 0
-0.278921545 0.189274922 0
0.0321525 0.177230626 0
0.245555773 0.214440852 0
-0.433855236 0.164075762 0
-0.366918921 0.159302726 0
0.291913986 0.195489585 0
-0.127964169 0.207778975 0
-0.0366133451 0.228911221 0
-0.100008652 0.206662506 0
0.179677323 0.226686761 0
0.122257464 0.208738238 0
0.146479711 0.202740476 0
0.434536189 0.401015729 0
0.398193419 0.336512506 0
0.424186647 0.257591337 0
0.43396154 0.220088616 0
0.412831038 0.296488136 0
0.369538605 0.193125933 0
-0.443918586 0.348807663 0
-0.435130209 0.398693502 0
-0.427496314 0.449492633 0
-0.452189833 0.300550848 0
-0.4590832 0.253552765 0
-0.357205957 0.190952316 0
0.279544592 0.225700334 0
0.104589514 0.213968039 0
-0.156489298 0.208392248 0
0.0224026144 0.217729628 0
0.212247699 0.248014852 0
-0.427817494 0.204839543 0
-0.234439731 0.195427537 0
0.323903114 0.207895994 0
0.0570687838 0.209155962 0
-0.391568303 0.199478686 0
-0.0962022617 0.246337354 0
-0.0230375547 0.256433278 0
0.184364036 0.258742362 0
0.124597915 0.237763807 0
0.376026452 0.277256101 0
0.38955155 0.242074385 0
0.359942079 0.312979162 0
0.378000379 0.380264699 0
-0.310198665 0.208065987 0
-0.372602284 0.387960404 0
-0.391070276 0.337650061 0
-0.464398772 0.207217991 0
-0.406558216 0.291264862 0
-0.182406142 0.205629736 0
0.475901842 0.151903644 0
0.401581109 0.207892701 0
-0.20234707 0.201936185 0
0.311389863 0.240205288 0
0.0997109637 0.235361338 0
-0.130189374 0.250119895 0
-0.380182773 0.237362921 0
0.0776065663 0.224026397 0
0.0415912047 0.235969722 0
0.356437773 0.225068003 0
0.00237123668 0.23785685 0
0.234924018 0.275154024 0
-0.0526191071 0.272373945 0
0.154033616 0.271343559 0
-0.16381526 0.245097548 0
0.327867359 0.289548635 0
0.343247354 0.258441687 0
-0.217780069 0.218593672 0
0.338168681 0.348227322 0
-0.343999118 0.224389404 0
-0.364733964 0.277306974 0
-0.344146281 0.319903255 0
0.269353002 0.254693568 0
0.0917307809 0.266476959 0
0.0217031389 0.261422962 0
-0.326631218 0.259382397 0
-0.133066654 0.30025813 0
-0.418796331 0.247499421 0
0.0644711778 0.253006309 0
-0.292130858 0.238324136 0
0.196372524 0.288258106 0
0.284591496 0.294490665 0
0.309394062 0.318163514 0
-0.303888261 0.296268225 0
-0.316326559 0.367387414 0
0.259190202 0.283179343 0
-0.212525114 0.264634311 0
-0.240297899 0.24214159 0
0.0789880231 0.303675681 0
0.0470647626 0.284426123 0
0.16370514 0.321180791 0
-0.00354623003 0.285852969 0
0.272422999 0.314563453 0
-0.269069314 0.269261181 0
0.30583939 0.378803372 0
0.221760422 0.304970533 0
-0.273979396 0.334394097 0
-0.0335755982 0.307707399 0
-0.23957935 0.298692495 0
0.0587245151 0.344805092 0
0.117237814 0.317083448 0
0.284336209 0.340413243 0
0.249890372 0.312829316 0
0.343847185 0.433378398 0
0.207801089 0.342838079 0
-0.274291515 0.426623851 0
0.0234502386 0.316493273 0
-0.08737619219999999 0.286369532 0
0.266001195 0.445831895 0
0.12272539 0.273716062 0
0.101134203 0.366993248 0
-0.234703615 0.369619191 0
0.147996157 0.380885184 0
-0.178461179 0.283813536 0
-0.203984484 0.323771179 0
-0.00658131344 0.34660095 0
-0.164417103 0.343546838 0
-0.0673920363 0.326083362 0
0.131059229 0.439091533 0
0.0761057213 0.423675179 0
0.200316936 0.392114729 0
0.029457761 0.387679994 0
-0.041373264 0.371180713 0
0.255755872 0.39359349 0
-0.129968509 0.398406595 0
0.248907045 0.349122852 0
0.195956767 0.446548343 0
-0.354339272 0.442943484 0
-0.193804756 0.443444848 0
-0.00892468356 0.424014986 0
-0.124071665 0.447903305 0
-0.183007032 0.391649544 0
-0.102894232 0.342963189 0
0.454051256 0.0865246058 0
0.477373928 0.124539249 0
-0.468024433 0.160724044 0
-0.0595881864 0.441332847 0
-0.08101215959999999 0.389415085 0
0.430654883 0.100503065 0
0.389429182 0.107357368 0
0.345321238 0.0801729336 0
-0.40980044 0.09662956 0
-0.338144869 0.0994073451 0
0.412171096 0.173297763 0
-0.132147774 0.361322463 0
0.382941902 0.164770678 0
-0.261872202 0.216164798 0
0.298553944 0.269673407 0
0.35991171 0.156175151 0
0.304619789 0.135348052 0
0.253422469 0.12404725 0
-0.374403059 0.104943611 0
-0.337032139 0.151434779 0
-0.109284967 0.131501675 0
-0.19354479 0.23484166 0
-0.06493017819999999 0.238962516 0
-0.0122938436 0.215621114 0
0.00691182632 0.197239071 0
0.0379151069 0.201571897 0
0.150936276 0.234486893 0
0.215393558 0.270183206 0
0.241323069 0.247472897 0
-0.0715796128 0.205469251 0
-0.0449168868 0.201832712 0
-0.015077455 0.176449656 0
0.00735802855 0.160683528 0
0.238734052 0.173370585 0
0.0684622079 0.179729119 0
0.210014313 0.22153379 0
0.169252723 0.153739303 0
0.263142437 0.184926003 0
-0.18295449 0.180039644 0
-0.0454696417 0.176156014 0
0.128362164 0.139589176 0
0.230636895 0.194044158 0
0.0191328265 0.142472118 0
0.0625149161 0.150935873 0
0.0812353119 0.146125689 0
-0.18740344 0.15683043 0
-0.147903278 0.149310306 0
-0.0862699524 0.148439452 0
-0.0688209161 0.151088551 0
-0.00671585044 0.142615706 0
0.161231548 0.173583657 0
0.5 -0.108888887 0
-0.5 -0.104000002 0
0.115384616 -0.5 0
0.346153855 -0.5 0
-0.5 -0.324000001 0
0.5 -0.304444432 0
-0.115384616 -0.5 0
0.0384615399 -0.5 0
0.269230783 -0.5 0
0.192307696 -0.5 0
-0.269230783 -0.5 0
0.5 -0.206666663 0
-0.5 -0.368000001 0
-0.5 -0.412 0
-0.5 -0.456 0
0.5 -0.451111108 0
-0.5 -0.5 0
0.5 -0.5 0
0.5 -0.402222216 0
-0.423076928 -0.5 0
-0.192307696 -0.5 0
-0.5 -0.148000002 0
-0.5 -0.192000002 0
-0.5 -0.236000001 0
-0.5 -0.280000001 0
-0.346153855 -0.5 0
0.5 -0.25555557 0
0.423076928 -0.5 0
-0.0384615399 -0.5 0
0.5 -0.157777771 0
0.5 -0.353333324 0
0.0772511885 -0.08056167509999999 0
0.0374877676 -0.0808010101 0
0.0176463742 -0.0810994208 0
0.0573830791 -0.0807405263 0
0.09732311959999999 -0.0806518868 0
-0.239483774 -0.0795809701 0
-0.219843984 -0.0792642012 0
-0.200446114 -0.07901526239999999 0
-0.181045815 -0.07884178310000001 0
-0.142179415 -0.0802084953 0
-0.102881968 -0.0817045122 0
-0.0223856941 -0.0814301819 0
-0.0627050027 -0.0818454996 0
-0.0425316021 -0.0818034559 0
-0.00224705855 -0.0814203545 0
-0.122754268 -0.081274122 0
-0.08287008849999999 -0.0820686147 0
-0.415999234 -0.07919201250000001 0
-0.381579161 -0.0748587102 0
-0.341950804 -0.08742288500000001 0
-0.319119245 -0.08530327679999999 0
-0.278412133 -0.08144206549999999 0
-0.258917481 -0.08033283049999999 0
-0.161435694 -0.0791214183 0
-0.472487122 -0.10505227 0
0.256461918 -0.08286640050000001 0
0.318938285 -0.08374304320000001 0
0.379224718 -0.0777013451 0
0.415607333 -0.0771136358 0
0.137026802 -0.0809221789 0
0.176194876 -0.0810839683 0
0.195934415 -0.0812368244 0
0.215941653 -0.0814755261 0
0.117289893 -0.08081298319999999 0
0.15661329 -0.081143111 0
0.236094043 -0.082149677 0
0.277177155 -0.0846093968 0
0.298077911 -0.0858106166 0
0.339882791 -0.0815737844 0
0.359948963 -0.0794832781 0
0.397859633 -0.076412484 0
0.432109773 -0.0828129873 0
0.448685735 -0.092795752 0
0.075753212 -0.101484895 0
0.0557561368 -0.102059513 0
0.0359173417 -0.102614924 0
0.0956945047 -0.101622269 0
0.0159939695 -0.10301619 0
0.11527735 -0.102301352 0
-0.397377491 -0.07783801849999999 0
-0.367144257 -0.088626951 0
-0.298090309 -0.0833709612 0
-0.200337872 -0.09863037619999999 0
-0.21885328 -0.09892425689999999 0
-0.18187283 -0.0977715552 0
-0.434422225 -0.0812884495 0
-0.106182195 -0.104892224 0
-0.0242696553 -0.103885174 0
-0.0446307808 -0.104614235 0
-0.08586321030000001 -0.105457388 0
-0.12644203 -0.10389293 0
-0.06511268019999999 -0.105166934 0
-0.145689055 -0.101519272 0
-0.163340643 -0.09789989139999999 0
-0.23776263 -0.099455364 0
-0.338522077 -0.115702689 0
-0.256322116 -0.10120821 0
-0.00407435466 -0.103709199 0
0.418813199 -0.0986522809 0
0.397742271 -0.0922142416 0
0.252526253 -0.1058909 0
0.212309584 -0.103968374 0
0.192341313 -0.104215957 0
0.273252606 -0.109232336 0
0.320911765 -0.107111856 0
0.34232372 -0.102683946 0
0.380523682 -0.09517564620000001 0
0.232309997 -0.104792736 0
0.172806621 -0.104274742 0
0.15369308 -0.103950769 0
0.297904164 -0.116075009 0
0.362232178 -0.09897334870000001 0
0.428666949 -0.112228334 0
0.134589821 -0.103278205 0
0.46945259 -0.110888988 0
-0.411913127 -0.0989815295 0
0.07460499549999999 -0.122705288 0
0.0345189869 -0.125521779 0
0.0545337796 -0.124148242 0
0.0147398924 -0.125232056 0
0.09377242619999999 -0.123138353 0
-0.00542884553 -0.127287924 0
-0.199170411 -0.119690679 0
-0.21721521 -0.119145781 0
-0.181177408 -0.116874449 0
-0.131077215 -0.127389789 0
-0.109915875 -0.129914075 0
-0.0461721793 -0.129090324 0
-0.153852567 -0.125061169 0
-0.0667753816 -0.128979772 0
-0.0885961056 -0.131090179 0
-0.166090339 -0.113361157 0
-0.234963834 -0.118861131 0
-0.251624823 -0.122507848 0
0.112385094 -0.124814384 0
-0.0254358575 -0.127300769 0
0.188759044 -0.129383489 0
0.168846637 -0.129991427 0
0.209063768 -0.128475145 0
0.2286672 -0.12831986 0
0.149858654 -0.129090652 0
0.248147339 -0.129130483 0
0.266228557 -0.132991135 0
0.316227257 -0.145300224 0
0.3464261 -0.123996772 0
0.379398167 -0.140497699 0
0.131228372 -0.127070695 0
-0.31478706 -0.110401563 0
-0.436272234 -0.107960358 0
-0.449050874 -0.118623495 0
-0.367599219 -0.126455709 0
0.437626481 -0.131681964 0
0.409618139 -0.140805781 0
0.09073735030000001 -0.144930616 0
0.0318898484 -0.152542442 0
-0.232055888 -0.134515703 0
-0.196568355 -0.144934669 0
-0.135222897 -0.150460809 0
-0.0468119048 -0.159751192 0
-0.15466474 -0.148551583 0
0.260239989 -0.164158478 0
0.164128304 -0.159461841 0
0.293380171 -0.17444025 0
-0.00580976577 -0.156512246 0
0.126097396 -0.151690036 0
-0.413921267 -0.126558542 0
-0.328458905 -0.140409112 0
-0.274515986 -0.10384129 0
-0.349528015 -0.153568953 0
0.351759881 -0.172270343 0
0.318618536 -0.183061182 0
-0.333783478 -0.167339042 0
-0.441113621 -0.144536555 0
-0.393654108 -0.154271141 0
0.292371094 -0.211694032 0
-0.286774576 -0.130766243 0
0.07354205849999999 -0.143089011 0
-0.257962167 -0.152474642 0
-0.0889976844 -0.161422387 0
0.226948202 -0.154064983 0
0.107703857 -0.148169219 0
0.336992621 -0.211675242 0
-0.00337611185 -0.200795993 0
0.273395419 -0.189953938 0
-0.17049475 -0.148092017 0
-0.129007757 -0.185398072 0
-0.0261532348 -0.181840271 0
0.143847302 -0.157626539 0
-0.448047906 -0.361545205 0
-0.455605984 -0.317959696 0
-0.465123922 -0.189018279 0
-0.462823182 -0.231938973 0
-0.460306674 -0.275001049 0
-0.426925808 -0.452901721 0
-0.424723893 -0.182535723 0
0.0366272852 -0.188651815 0
0.187246516 -0.187728658 0
0.0589350164 -0.166444242 0
-0.103470221 -0.184740975 0
-0.06846610459999999 -0.18379423 0
0.118219182 -0.173072204 0
0.208178952 -0.176860511 0
0.36315757 -0.199747011 0
0.312846452 -0.235824838 0
-0.299318105 -0.15677543 0
-0.198295265 -0.188920036 0
-0.162100241 -0.194625631 0
-0.0246460605 -0.229336455 0
-0.366503626 -0.182237729 0
-0.437883586 -0.40673089 0
-0.402278423 -0.349474549 0
-0.422037065 -0.268937945 0
-0.426025957 -0.228674114 0
-0.415005475 -0.309025466 0
0.440141648 -0.165292025 0
0.380865604 -0.165947661 0
0.454410315 -0.299123228 0
0.445268989 -0.34738335 0
0.435587972 -0.39737919 0
0.427431315 -0.448631287 0
0.461957723 -0.252621621 0
-0.2741943 -0.187123805 0
0.0236531589 -0.21747978 0
0.129730433 -0.192381173 0
-0.122267753 -0.2181191 0
0.286919326 -0.263395518 0
0.352644324 -0.233800679 0
-0.0484154336 -0.206472903 0
-0.238978505 -0.183906317 0
0.382674307 -0.187893778 0
-0.334735453 -0.187197372 0
-0.09211035820000001 -0.204660609 0
-0.199938565 -0.23082687 0
-0.384544611 -0.263622969 0
-0.379169017 -0.298835069 0
-0.363774121 -0.333696634 0
-0.382963866 -0.3914617 0
0.410056442 -0.166615397 0
0.0665235743 -0.19163233 0
0.394013286 -0.33461681 0
0.410622984 -0.288377047 0
0.423467785 -0.245048448 0
0.467720777 -0.206958532 0
0.09609952569999999 -0.198913157 0
-0.470833153 -0.148186505 0
-0.389988542 -0.228198498 0
-0.31124422 -0.183166504 0
0.00482664863 -0.250807226 0
-0.158838674 -0.228567705 0
-0.356113702 -0.222642258 0
-0.10804826 -0.250773847 0
-0.0749890804 -0.230587304 0
0.236951768 -0.25557974 0
-0.238797322 -0.222931072 0
0.200059086 -0.221732855 0
0.0547433943 -0.228673667 0
0.434716195 -0.204581663 0
-0.351000428 -0.291048676 0
-0.342559576 -0.261151582 0
-0.342663676 -0.367414057 0
0.0890857056 -0.235629171 0
0.371275783 -0.274487317 0
0.349839687 -0.316238403 0
-0.265262514 -0.214324355 0
0.125547007 -0.236138836 0
0.384301692 -0.231939763 0
-0.148362547 -0.268382192 0
-0.201895863 -0.284397453 0
0.0395672582 -0.26743412 0
-0.0845435709 -0.286633313 0
0.248264045 -0.20908615 0
0.255116969 -0.290184736 0
0.161755502 -0.2327106 0
-0.283162892 -0.230370551 0
-0.330711573 -0.314092934 0
0.07940530780000001 -0.27783528 0
0.374077588 -0.385226637 0
-0.256944537 -0.263938695 0
0.122180261 -0.280775845 0
-0.0512325764 -0.259115964 0
-0.167743802 -0.330821037 0
-0.123555109 -0.31115067 0
0.203418314 -0.267466187 0
0.0202970076 -0.310064286 0
-0.274711281 -0.308445483 0
-0.320849746 -0.397759885 0
0.338272214 -0.259483725 0
-0.326232761 -0.214808166 0
0.0678861737 -0.32463935 0
0.31976971 -0.3628214 0
-0.0192843862 -0.287305981 0
0.216469511 -0.311700195 0
0.119780473 -0.329584241 0
-0.266494006 -0.385957867 0
0.0543400496 -0.377309233 0
-0.203021392 -0.35156706 0
-0.347021431 -0.440783143 0
0.281908154 -0.327852577 0
0.274117023 -0.422076017 0
0.164584011 -0.276804119 0
0.314772338 -0.292671144 0
-0.14316158 -0.382356316 0
0.238232613 -0.360949397 0
-0.268800765 -0.446109235 0
0.117930107 -0.383022696 0
-0.00502681127 -0.359380454 0
-0.0899545625 -0.35999772 0
0.354485184 -0.440950871 0
-0.202243209 -0.393845558 0
0.180674002 -0.378484547 0
0.116467491 -0.439904302 0
-0.123636782 -0.439212173 0
0.0415827408 -0.435980946 0
-0.0426337756 -0.421091884 0
0.191037983 -0.43673709 0
-0.0501308329 -0.325539827 0
-0.19676277 -0.44627744 0
-0.451890498 -0.0888591111 0
0.470816433 -0.160953358 0
-0.427661389 -0.09695394340000001 0
-0.391985744 -0.096085377 0
0.41114524 -0.0895099714 0
-0.293581456 -0.107031554 0
0.404233605 -0.198149398 0
0.170815691 -0.325417221 0
-0.393289775 -0.197718471 0
-0.390543967 -0.116325445 0
0.407470196 -0.122044012 0
-0.302953094 -0.34384051 0
0.26649943 -0.235712677 0
0.402106464 -0.106607363 0
0.389978588 -0.124477439 0
-0.307111055 -0.134526476 0
-0.268105298 -0.127176061 0
0.283614874 -0.135133982 0
-0.236810908 -0.332041562 0
0.327947587 -0.12534298 0
0.36743632 -0.118909344 0
0.384408504 -0.111650333 0
0.227744669 -0.228958771 0
-0.308642864 -0.288504213 0
-0.310847104 -0.242751881 0
-0.278374851 -0.156388372 0
0.348389834 -0.146922976 0
-0.318303883 -0.161659449 0
0.289174825 -0.154943809 0
0.244689032 -0.15027234 0
0.207649693 -0.154539898 0
0.186118394 -0.157872438 0
0.229213864 -0.186583892 0
-0.242758006 -0.143100053 0
-0.217707261 -0.139593005 0
-0.176148549 -0.134145111 0
0.0545891523 -0.145960584 0
0.0142524652 -0.14502719 0
-0.0255044252 -0.148230761 0
-0.06708924469999999 -0.150351986 0
-0.115150906 -0.15625529 0
0.0140814194 -0.175574467 0
-0.299567908 -0.204695523 0
-0.293376505 -0.266066968 0
0.160018429 -0.193675786 0
-0.180937871 -0.163365349 0
-0.295688331 -0.175879121 0
-0.226377875 -0.15913336 0
0.0429039635 -0.169281721 0
0.101021759 -0.172521606 0
0.0724704266 -0.159666792 0
-0.141519114 -0.169197023 0
-0.160157546 -0.170055762 0
0.0838272274 -0.167311206 0
-0.20788826 -0.164396137 0
</DataArray>
</Points>
<Cells>
<DataArray type="Int32" Name="connectivity" format="ascii">
0 1 7 6 
1 2 8 7 
2 3 9 8 
3 4 10 9 
4 5 11 10 
6 7 13 12 
7 8 14 13 
8 9 15 14 
9 10 16 15 
10 11 17 16 
12 13 19 18 
13 14 20 19 
14 15 21 20 
15 16 22 21 
16 17 23 22 
18 19 25 24 
19 20 26 25 
20 21 27 26 
21 22 28 27 
22 23 29 28 
24 25 31 30 
25 26 32 31 
26 27 33 32 
27 28 34 33 
28 29 35 34 
30 31 37 36 
31 32 38 37 
32 33 39 38 
33 34 40 39 
34 35 41 40 
36 37 43 42 
37 38 44 43 
38 39 45 44 
39 40 46 45 
40 41 47 46 
47 41 94 69 
41 35 95 94 
35 29 96 95 
29 23 97 96 
23 17 98 97 
17 11 99 98 
11 5 83 99 
69 94 100 68 
94 95 101 100 
95 96 102 101 
96 97 103 102 
97 98 104 103 
98 99 105 104 
99 83 84 105 
68 100 106 67 
100 101 107 106 
101 102 108 107 
102 103 109 108 
103 104 110 109 
104 105 111 110 
105 84 85 111 
67 106 112 66 
106 107 113 112 
107 108 114 113 
108 109 115 114 
109 110 116 115 
110 111 117 116 
111 85 76 117 
66 112 118 65 
112 113 119 118 
113 114 120 119 
114 115 121 120 
115 116 122 121 
116 117 123 122 
117 76 82 123 
65 118 124 64 
118 119 125 124 
119 120 126 125 
120 121 127 126 
121 122 128 127 
122 123 129 128 
123 82 86 129 
64 124 130 63 
124 125 131 130 
125 126 132 131 
126 127 133 132 
127 128 134 133 
128 129 135 134 
129 86 87 135 
63 130 136 62 
130 131 137 136 
131 132 138 137 
132 133 139 138 
133 134 140 139 
134 135 141 140 
135 87 88 141 
62 136 142 61 
136 137 143 142 
137 138 144 143 
138 139 145 144 
139 140 146 145 
140 141 147 146 
141 88 89 147 
61 142 148 60 
142 143 149 148 
143 144 150 149 
144 145 151 150 
145 146 152 151 
146 147 153 152 
147 89 77 153 
60 148 154 59 
148 149 155 154 
149 150 156 155 
150 151 157 156 
151 152 158 157 
152 153 159 158 
153 77 81 159 
59 154 160 58 
154 155 161 160 
155 156 162 161 
156 157 163 162 
157 158 164 163 
158 159 165 164 
159 81 90 165 
58 160 166 57 
160 161 167 166 
161 162 168 167 
162 163 169 168 
163 164 170 169 
164 165 171 170 
165 90 91 171 
57 166 172 56 
166 167 173 172 
167 168 174 173 
168 169 175 174 
169 170 176 175 
170 171 177 176 
171 91 92 177 
56 172 178 55 
172 173 179 178 
173 174 180 179 
174 175 181 180 
175 176 182 181 
176 177 183 182 
177 92 93 183 
55 178 184 54 
178 179 185 184 
179 180 186 185 
180 181 187 186 
181 182 188 187 
182 183 189 188 
183 93 74 189 
54 184 190 53 
184 185 191 190 
185 186 192 191 
186 187 193 192 
187 188 194 193 
188 189 195 194 
189 74 71 195 
53 190 196 52 
190 191 197 196 
191 192 198 197 
192 193 199 198 
193 194 200 199 
194 195 201 200 
195 71 80 201 
52 196 202 51 
196 197 203 202 
197 198 204 203 
198 199 205 204 
199 200 206 205 
200 201 207 206 
201 80 79 207 
51 202 50 70 
202 203 49 50 
203 204 48 49 
204 205 72 48 
205 206 73 72 
206 207 78 73 
207 79 75 78 
24 30 312 227 
30 36 313 312 
36 42 283 313 
227 312 314 226 
312 313 315 314 
313 283 292 315 
226 314 316 225 
314 315 317 316 
315 292 296 317 
225 316 318 224 
316 317 319 318 
317 296 300 319 
224 318 320 223 
318 319 321 320 
319 300 278 321 
223 320 322 222 
320 321 323 322 
321 278 289 323 
222 322 324 221 
322 323 325 324 
323 289 282 325 
221 324 326 220 
324 325 327 326 
325 282 301 327 
220 326 328 219 
326 327 329 328 
327 301 297 329 
219 328 330 218 
328 329 331 330 
329 297 286 331 
218 330 332 217 
330 331 333 332 
331 286 294 333 
217 332 334 216 
332 333 335 334 
333 294 295 335 
216 334 336 215 
334 335 337 336 
335 295 287 337 
215 336 338 214 
336 337 339 338 
337 287 293 339 
214 338 340 213 
338 339 341 340 
339 293 298 341 
213 340 342 212 
340 341 343 342 
341 298 299 343 
212 342 344 211 
342 343 345 344 
343 299 288 345 
211 344 346 210 
344 345 347 346 
345 288 291 347 
210 346 348 209 
346 347 349 348 
347 291 290 349 
209 348 350 208 
348 349 351 350 
349 290 284 351 
208 350 352 311 
350 351 353 352 
351 284 302 353 
311 352 354 310 
352 353 355 354 
353 302 303 355 
310 354 356 309 
354 355 357 356 
355 303 304 357 
309 356 358 308 
356 357 359 358 
357 304 305 359 
308 358 307 280 
358 359 306 307 
359 305 279 306 
0 6 360 277 
6 12 361 360 
12 18 228 361 
277 360 362 276 
360 361 363 362 
361 228 229 363 
276 362 364 275 
362 363 365 364 
363 229 230 365 
275 364 366 274 
364 365 367 366 
365 230 231 367 
274 366 368 273 
366 367 369 368 
367 231 232 369 
273 368 370 272 
368 369 371 370 
369 232 233 371 
272 370 372 271 
370 371 373 372 
371 233 234 373 
271 372 374 270 
372 373 375 374 
373 234 235 375 
270 374 376 269 
374 375 377 376 
375 235 236 377 
269 376 378 268 
376 377 379 378 
377 236 237 379 
268 378 380 267 
378 379 381 380 
379 237 238 381 
267 380 382 266 
380 381 383 382 
381 238 239 383 
266 382 384 265 
382 383 385 384 
383 239 240 385 
265 384 386 264 
384 385 387 386 
385 240 241 387 
264 386 388 263 
386 387 389 388 
387 241 242 389 
263 388 390 262 
388 389 391 390 
389 242 243 391 
262 390 392 261 
390 391 393 392 
391 243 244 393 
261 392 394 260 
392 393 395 394 
393 244 245 395 
260 394 396 259 
394 395 397 396 
395 245 246 397 
259 396 398 258 
396 397 399 398 
397 246 247 399 
258 398 400 257 
398 399 401 400 
399 247 248 401 
257 400 402 256 
400 401 403 402 
401 248 249 403 
256 402 404 255 
402 403 405 404 
403 249 250 405 
255 404 406 254 
404 405 407 406 
405 250 251 407 
254 406 253 285 
406 407 252 253 
407 251 281 252 
24 227 228 18 
227 226 229 228 
226 225 230 229 
225 224 231 230 
224 223 232 231 
223 222 233 232 
222 221 234 233 
221 220 235 234 
220 219 236 235 
219 218 237 236 
218 217 238 237 
217 216 239 238 
216 215 240 239 
215 214 241 240 
214 213 242 241 
213 212 243 242 
212 211 244 243 
211 210 245 244 
210 209 246 245 
209 208 247 246 
208 311 248 247 
311 310 249 248 
310 309 250 249 
309 308 251 250 
308 280 281 251 
467 67 66 466 
68 468 470 69 
440 43 44 442 
297 456 446 286 
70 434 515 51 
733 515 550 519 
53 512 501 54 
54 501 509 55 
574 739 549 564 
502 57 56 471 
740 58 57 502 
58 740 472 59 
475 507 510 465 
473 61 60 503 
506 504 541 542 
63 464 475 64 
465 65 64 475 
65 465 466 66 
46 443 439 45 
435 413 596 412 
703 596 413 414 
410 411 614 591 
569 565 514 551 
514 565 749 548 
519 550 573 564 
424 433 425 622 
645 621 620 646 
485 448 447 486 
500 450 453 480 
479 481 524 520 
770 607 626 604 
643 615 591 614 
305 517 432 279 
302 483 462 303 
497 460 459 742 
449 487 496 457 
485 486 527 534 
620 427 428 623 
427 620 621 426 
426 621 622 425 
43 440 441 42 
42 441 453 283 
292 450 451 296 
296 451 452 300 
444 289 278 454 
289 444 455 282 
282 455 445 301 
301 445 456 297 
286 446 447 294 
294 447 448 295 
449 287 295 448 
293 457 458 298 
298 458 482 299 
459 288 299 482 
460 291 288 459 
484 290 291 460 
284 461 483 302 
303 462 463 304 
463 517 305 304 
469 47 69 470 
45 439 442 44 
443 46 47 469 
522 476 479 520 
477 440 442 476 
480 453 441 478 
450 292 283 453 
476 442 439 479 
481 443 469 516 
454 278 300 452 
527 486 495 533 
581 580 600 632 
495 446 456 494 
556 537 535 536 
448 485 487 449 
287 449 457 293 
450 500 488 451 
451 488 490 452 
440 477 478 441 
452 490 493 454 
491 444 454 493 
455 489 492 445 
445 492 494 456 
553 567 571 498 
741 483 461 518 
290 484 461 284 
498 571 517 463 
498 463 462 553 
464 63 62 474 
474 62 61 473 
516 538 524 481 
506 468 467 504 
67 467 468 68 
443 481 479 439 
516 469 470 511 
468 506 511 470 
471 56 55 509 
769 561 587 783 
59 472 503 60 
750 513 566 546 
466 505 504 467 
508 464 474 513 
507 475 464 508 
578 522 520 776 
522 521 477 476 
477 521 523 478 
599 767 554 584 
555 523 521 775 
552 482 458 499 
741 553 462 483 
518 461 484 751 
484 460 497 751 
486 447 446 495 
580 527 533 778 
489 455 444 491 
526 492 489 528 
485 534 536 487 
457 496 499 458 
494 529 533 495 
500 480 525 539 
493 532 753 491 
492 526 529 494 
500 539 530 488 
531 490 488 530 
537 499 496 535 
571 605 735 517 
482 552 742 459 
535 496 487 536 
523 525 480 478 
512 53 52 733 
512 733 519 738 
549 739 509 501 
505 466 465 510 
538 554 777 524 
513 474 473 566 
750 507 508 513 
503 548 566 473 
557 561 543 544 
472 514 548 503 
540 505 510 543 
510 507 544 543 
51 515 733 52 
544 507 750 545 
740 502 471 551 
565 569 748 572 
734 550 515 434 
511 547 538 516 
553 741 518 567 
549 738 519 564 
748 745 619 572 
775 521 522 578 
778 533 529 558 
541 504 505 540 
773 538 547 542 
528 489 491 753 
580 581 534 527 
493 490 531 532 
559 530 539 562 
779 558 529 526 
772 559 562 764 
530 559 781 531 
536 534 581 556 
582 598 752 568 
752 598 625 606 
582 568 537 556 
540 543 561 769 
782 562 539 525 
541 540 769 560 
511 506 542 547 
541 560 773 542 
566 548 749 546 
546 579 545 750 
672 626 653 747 
551 739 574 569 
672 761 604 626 
773 560 590 563 
739 551 471 509 
434 436 650 734 
595 594 438 408 
575 572 633 607 
740 551 514 472 
499 537 568 552 
571 567 577 605 
531 781 780 532 
523 555 782 525 
675 679 693 683 
588 587 561 557 
557 544 545 766 
528 753 585 586 
585 610 608 586 
589 585 780 781 
558 779 586 601 
528 586 779 526 
613 587 611 759 
773 563 554 538 
766 774 588 557 
590 560 769 783 
603 765 775 578 
559 772 589 781 
573 597 743 564 
546 749 575 579 
606 625 635 577 
742 552 576 497 
594 593 437 438 
408 409 592 595 
570 751 497 576 
576 552 568 752 
591 592 409 410 
573 650 593 597 
436 437 593 650 
432 517 735 431 
565 572 575 749 
582 602 644 598 
429 624 623 428 
752 606 570 576 
584 554 563 590 
657 599 627 654 
768 604 761 630 
579 770 766 545 
601 771 778 558 
771 649 652 600 
556 581 602 582 
623 648 646 620 
755 609 637 662 
764 562 782 765 
639 612 613 759 
636 655 608 610 
771 601 628 649 
590 613 612 584 
592 591 615 618 
640 642 665 666 
763 762 589 772 
763 583 756 609 
596 703 643 614 
640 641 616 618 
650 573 550 734 
594 595 616 617 
597 617 651 743 
659 619 651 641 
411 412 596 614 
593 594 617 597 
570 606 577 567 
584 612 627 599 
698 696 683 693 
608 628 601 586 
727 645 684 705 
610 762 755 636 
579 575 607 770 
431 735 647 430 
745 743 651 619 
585 589 762 610 
655 664 628 608 
756 757 629 660 
756 660 637 609 
728 705 711 731 
611 587 588 768 
709 673 654 639 
759 611 638 663 
639 759 663 709 
692 702 685 681 
633 572 619 659 
618 616 595 592 
685 672 747 681 
607 633 653 626 
424 622 727 423 
622 621 645 727 
624 429 430 647 
656 635 625 669 
631 605 577 635 
746 632 667 687 
629 758 634 658 
660 674 691 637 
723 708 726 720 
611 768 630 638 
624 647 631 677 
649 628 664 754 
602 581 632 746 
654 627 612 639 
670 648 677 656 
664 655 676 713 
658 634 657 678 
658 674 660 629 
760 630 761 661 
719 718 417 418 
712 690 704 720 
618 615 642 640 
617 616 641 651 
615 643 668 642 
680 760 661 695 
708 703 414 415 
652 667 632 600 
625 598 644 669 
671 683 696 684 
648 623 624 677 
605 631 647 735 
635 656 677 631 
667 754 686 687 
670 675 683 671 
653 633 659 666 
662 707 636 755 
655 636 707 676 
644 602 746 679 
673 678 657 654 
719 721 699 710 
641 640 666 659 
672 685 661 761 
717 697 715 722 
760 680 638 630 
712 710 700 690 
754 664 713 686 
642 668 682 665 
695 702 725 704 
656 669 675 670 
694 668 643 703 
671 646 648 670 
423 727 705 422 
645 646 671 684 
747 653 666 665 
674 658 678 689 
689 688 699 706 
679 675 669 644 
662 697 717 707 
714 716 731 711 
678 673 688 689 
754 667 652 649 
663 638 680 690 
692 681 682 701 
668 694 701 682 
716 714 713 676 
695 661 685 702 
711 705 684 696 
698 693 687 686 
679 746 687 693 
673 709 700 688 
699 721 715 706 
706 691 674 689 
718 719 710 712 
662 637 691 697 
665 682 681 747 
701 694 723 725 
690 680 695 704 
711 696 698 714 
717 722 737 732 
713 714 698 686 
688 700 710 699 
721 729 722 715 
663 690 700 709 
708 723 694 703 
702 692 701 725 
697 691 706 715 
724 730 728 731 
718 712 720 726 
732 676 707 717 
737 736 730 724 
719 418 729 721 
723 720 704 725 
737 724 744 732 
726 708 415 416 
416 417 718 726 
716 744 724 731 
728 421 422 705 
729 418 419 736 
730 420 421 728 
736 419 420 730 
722 729 736 737 
738 549 501 512 
564 743 745 574 
744 716 676 732 
569 574 745 748 
567 518 751 570 
585 753 532 780 
757 756 583 764 
757 603 758 629 
609 755 762 763 
772 764 583 763 
757 764 765 603 
555 775 765 782 
599 657 634 767 
758 603 767 634 
767 603 578 776 
768 588 774 604 
774 766 770 604 
771 600 580 778 
777 776 520 524 
767 776 777 554 
613 590 783 587 
828 276 275 827 
2 816 818 3 
89 851 852 77 
815 858 861 819 
285 785 839 254 
1029 839 785 805 
870 256 255 1102 
1105 865 833 864 
864 258 257 832 
259 258 864 833 
865 260 259 833 
834 261 260 865 
261 834 835 262 
866 1107 952 836 
836 264 263 866 
940 1135 1149 1136 
266 820 821 267 
267 821 822 268 
823 269 268 822 
838 270 269 823 
271 824 830 272 
825 273 272 830 
273 825 831 274 
1 817 816 2 
800 803 978 798 
1081 978 803 809 
796 797 994 973 
953 951 880 935 
865 935 880 834 
832 900 1105 864 
811 801 799 1004 
1001 1025 1024 1002 
1005 810 795 1027 
892 850 847 886 
845 76 85 849 
4 815 819 5 
860 816 817 862 
875 830 824 877 
867 822 821 868 
879 820 837 881 
962 1127 1006 1013 
1021 995 973 994 
79 899 784 75 
856 843 1106 883 
937 1112 1116 930 
90 853 854 91 
1123 1122 930 1116 
1002 1003 802 814 
802 1003 1004 799 
5 819 848 83 
84 844 849 85 
76 845 846 82 
82 846 847 86 
840 88 87 850 
88 840 851 89 
81 841 853 90 
92 842 855 93 
93 855 843 74 
74 843 856 71 
71 856 857 80 
857 899 79 80 
829 0 277 826 
817 1 0 829 
815 4 3 818 
861 858 901 905 
826 277 276 828 
862 817 829 882 
859 860 902 903 
859 818 816 860 
898 844 848 863 
844 84 83 848 
820 266 265 837 
837 265 264 836 
869 867 907 909 
822 867 869 823 
270 838 824 271 
828 873 872 826 
827 275 274 831 
818 859 858 815 
882 829 826 872 
878 838 823 869 
825 871 874 831 
876 827 831 874 
832 257 256 870 
935 865 1105 1111 
917 908 868 879 
262 835 866 263 
881 837 836 952 
254 839 1102 255 
1104 870 1102 933 
850 87 86 847 
888 851 840 885 
841 889 890 853 
841 81 77 852 
842 92 91 854 
936 899 857 897 
887 846 845 893 
893 845 849 894 
886 847 846 887 
819 861 863 848 
922 946 1133 921 
927 926 1131 945 
923 924 892 886 
1106 884 1115 883 
853 890 896 854 
884 855 842 891 
856 883 897 857 
964 924 923 1132 
860 862 904 902 
873 828 827 876 
862 882 906 904 
887 893 922 921 
1138 961 901 903 
894 849 844 898 
933 934 957 950 
950 1111 1105 900 
868 821 820 879 
878 916 913 877 
879 881 918 917 
830 875 871 825 
877 824 838 878 
872 873 912 920 
871 875 910 911 
911 915 874 871 
909 916 878 869 
1138 903 902 939 
1136 941 907 908 
932 835 834 880 
908 907 867 868 
951 953 956 1129 
970 1142 942 1153 
902 904 1139 939 
842 854 896 891 
936 897 1112 937 
851 888 895 852 
954 1128 928 955 
1133 981 986 1132 
885 840 850 892 
921 923 886 887 
894 898 931 925 
852 895 889 841 
895 888 927 1119 
938 905 901 961 
898 863 919 931 
885 892 924 926 
888 885 926 927 
895 928 1121 889 
890 929 1122 896 
863 861 905 919 
900 1104 933 950 
958 993 953 935 
858 859 903 901 
961 1138 982 1152 
882 872 920 906 
876 874 915 914 
980 1143 967 1007 
938 965 919 905 
942 910 913 944 
1137 913 916 909 
1107 932 1117 960 
910 875 877 913 
943 912 914 1141 
914 912 873 876 
1141 963 984 943 
963 1141 914 915 
1142 911 910 942 
915 911 1142 963 
907 941 1137 909 
941 1147 969 1137 
1144 1006 1148 1031 
893 894 925 922 
943 1140 920 912 
1134 1055 968 945 
925 931 949 972 
945 1131 964 1134 
1131 926 924 964 
986 1134 964 1132 
966 955 959 988 
1130 945 968 947 
1121 929 890 889 
966 987 954 955 
1122 929 1128 930 
999 936 937 1022 
1116 1112 1115 1123 
919 965 949 931 
835 932 1107 866 
880 951 1117 932 
934 933 1102 839 
977 976 807 808 
1129 989 1117 951 
784 899 1103 813 
1103 899 936 999 
1000 954 987 1014 
985 949 965 1151 
971 948 1140 943 
974 973 995 998 
940 1136 908 917 
944 913 1137 969 
963 983 1016 984 
948 906 920 1140 
1147 990 991 1154 
789 1001 1002 814 
946 922 925 972 
955 928 1130 947 
939 1143 980 1150 
1143 939 1139 948 
950 957 979 958 
1107 960 1118 952 
918 881 952 1118 
976 975 806 807 
808 788 974 977 
1011 966 988 1071 
1128 954 1000 930 
959 955 947 968 
973 974 788 796 
962 1135 918 1118 
957 1029 975 979 
805 806 975 1029 
1025 1046 1047 1024 
1118 960 1127 962 
989 1127 960 1117 
938 961 1152 1155 
1019 1020 1059 1042 
1135 940 917 918 
983 963 1142 970 
1150 982 1138 939 
810 1005 1001 789 
992 1032 1007 967 
991 990 1017 1033 
942 944 1154 1153 
970 1009 1016 983 
984 1012 971 943 
948 971 967 1143 
985 1008 972 949 
1146 946 972 1008 
978 1081 1021 994 
997 996 1018 1030 
1029 957 934 839 
1110 993 958 979 
1144 1058 1048 1006 
797 798 978 994 
975 976 997 979 
1134 1039 1124 1055 
1023 982 1150 980 
1152 982 1023 1155 
991 970 1153 1154 
1045 1060 1063 1049 
968 1055 1114 959 
1026 1050 1046 1025 
1074 1047 1085 1082 
1047 1074 1061 1024 
993 1015 956 953 
962 1013 1149 1135 
1016 1009 1035 1036 
984 1016 1036 1012 
1009 970 991 1033 
1060 1053 1068 1073 
992 967 971 1012 
976 977 996 997 
979 997 1030 1110 
998 996 977 974 
1058 1062 1038 1048 
813 1103 1027 795 
1000 1022 937 930 
1071 988 1010 1085 
811 1004 1092 787 
1024 1061 1003 1002 
999 1041 1027 1103 
1031 1129 956 1015 
1032 1053 1040 1007 
980 1007 1040 1023 
1035 1009 1033 1051 
1114 1010 988 959 
1026 1025 1001 1005 
987 966 1011 1050 
1014 1108 1022 1000 
1030 1034 993 1110 
1019 1018 996 998 
990 1013 1038 1017 
1017 1052 1051 1033 
1034 1030 1018 1043 
998 995 1020 1019 
995 1021 1044 1020 
1120 1052 1062 1069 
1088 1081 809 794 
1061 1092 1004 1003 
1041 1026 1005 1027 
1050 1026 1041 1108 
1041 999 1022 1108 
1028 1045 1049 1008 
1008 985 1151 1028 
1129 1031 1148 989 
1034 1072 1015 993 
1064 992 1012 1036 
1079 1097 1095 1089 
1052 1017 1038 1062 
1075 1064 1054 1100 
1018 1019 1042 1043 
1054 1035 1051 1066 
1036 1035 1054 1064 
1008 1049 1057 1146 
1076 1087 1082 1056 
1013 1006 1048 1038 
946 1146 981 1133 
1040 1053 1060 1045 
1023 1040 1045 1028 
1043 1126 1072 1034 
1059 1020 1044 1113 
1044 1021 1081 1070 
1073 1077 1063 1060 
1037 1056 1010 1114 
787 1092 1083 792 
1144 1072 1126 1058 
1084 1057 1049 1063 
1124 1037 1114 1055 
1014 987 1050 1108 
1050 1011 1071 1046 
1066 1091 1100 1054 
1086 1065 1080 1093 
1064 1075 1032 992 
1073 1068 1090 1079 
1065 1066 1051 1052 
1067 1039 1057 1084 
1146 1057 1039 981 
1125 1043 1042 1059 
1069 1062 1145 1125 
1078 1113 1044 1070 
1085 1047 1046 1071 
1092 1061 1074 1083 
1145 1062 1058 1126 
1076 1109 1094 1087 
1100 1091 1098 1090 
1087 1083 1074 1082 
1084 1063 1077 1109 
1037 1067 1076 1056 
1075 1068 1053 1032 
1125 1145 1126 1043 
1113 1078 1120 1069 
1093 1078 1088 1101 
1031 1015 1072 1144 
1099 1094 1089 1095 
1052 1120 1080 1065 
1076 1067 1084 1109 
1073 1079 1089 1077 
1059 1113 1069 1125 
1090 1068 1075 1100 
791 786 1095 1097 
1093 1101 1096 1086 
793 792 1083 1099 
1085 1010 1056 1082 
1098 1096 790 812 
1066 1065 1086 1091 
1070 1081 1088 1078 
1087 1094 1099 1083 
812 791 1097 1098 
1090 1098 1097 1079 
1078 1093 1080 1120 
804 790 1096 1101 
1089 1094 1109 1077 
786 793 1099 1095 
1091 1086 1096 1098 
1101 1088 794 804 
1104 900 832 870 
1106 843 855 884 
958 935 1111 950 
1112 897 883 1115 
1123 1115 884 891 
928 895 1119 1130 
1130 1119 927 945 
929 1121 928 1128 
896 1122 1123 891 
1124 1039 1067 1037 
1127 989 1148 1006 
1132 923 921 1133 
986 981 1039 1134 
1139 904 906 948 
941 1136 1149 1156 
990 1156 1149 1013 
1147 941 1156 990 
1028 1151 1155 1023 
1155 1151 965 938 
1154 944 969 1147 
</DataArray>
<DataArray type="Int32" Name="offsets" format="ascii">
4 8 12 16 20 24 28 32 36 40 44 48 52 56 60 64 68 72 76 80 84 88 92 96 100 104 108 112 116 120 124 128 132 136 140 144 148 152 156 160 164 168 172 176 180 184 188 192 196 200 204 208 212 216 220 224 228 232 236 240 244 248 252 256 260 264 268 272 276 280 284 288 292 296 300 304 308 312 316 320 324 328 332 336 340 344 348 352 356 360 364 368 372 376 380 384 388 392 396 400 404 408 412 416 420 424 428 432 436 440 444 448 452 456 460 464 468 472 476 480 484 488 492 496 500 504 508 512 516 520 524 528 532 536 540 544 548 552 556 560 564 568 572 576 580 584 588 592 596 600 604 608 612 616 620 624 628 632 636 640 644 648 652 656 660 664 668 672 676 680 684 688 692 696 700 704 708 712 716 720 724 728 732 736 740 744 748 752 756 760 764 768 772 776 780 784 788 792 796 800 804 808 812 816 820 824 828 832 836 840 844 848 852 856 860 864 868 872 876 880 884 888 892 896 900 904 908 912 916 920 924 928 932 936 940 944 948 952 956 960 964 968 972 976 980 984 988 992 996 1000 1004 1008 1012 1016 1020 1024 1028 1032 1036 1040 1044 1048 1052 1056 1060 1064 1068 1072 1076 1080 1084 1088 1092 1096 1100 1104 1108 1112 1116 1120 1124 1128 1132 1136 1140 1144 1148 1152 1156 1160 1164 1168 1172 1176 1180 1184 1188 1192 1196 1200 1204 1208 1212 1216 1220 1224 1228 1232 1236 1240 1244 1248 1252 1256 1260 1264 1268 1272 1276 1280 1284 1288 1292 1296 1300 1304 1308 1312 1316 1320 1324 1328 1332 1336 1340 1344 1348 1352 1356 1360 1364 1368 1372 1376 1380 1384 1388 1392 1396 1400 1404 1408 1412 1416 1420 1424 1428 1432 1436 1440 1444 1448 1452 1456 1460 1464 1468 1472 1476 1480 1484 1488 1492 1496 1500 1504 1508 1512 1516 1520 1524 1528 1532 1536 1540 1544 1548 1552 1556 1560 1564 1568 1572 1576 1580 1584 1588 1592 1596 1600 1604 1608 1612 1616 1620 1624 1628 1632 1636 1640 1644 1648 1652 1656 1660 1664 1668 1672 1676 1680 1684 1688 1692 1696 1700 1704 1708 1712 1716 1720 1724 1728 1732 1736 1740 1744 1748 1752 1756 1760 1764 1768 1772 1776 1780 1784 1788 1792 1796 1800 1804 1808 1812 1816 1820 1824 1828 1832 1836 1840 1844 1848 1852 1856 1860 1864 1868 1872 1876 1880 1884 1888 1892 1896 1900 1904 1908 1912 1916 1920 1924 1928 1932 1936 1940 1944 1948 1952 1956 1960 1964 1968 1972 1976 1980 1984 1988 1992 1996 2000 2004 2008 2012 2016 2020 2024 2028 2032 2036 2040 2044 2048 2052 2056 2060 2064 2068 2072 2076 2080 2084 2088 2092 2096 2100 2104 2108 2112 2116 2120 2124 2128 2132 2136 2140 2144 2148 2152 2156 2160 2164 2168 2172 2176 2180 2184 2188 2192 2196 2200 2204 2208 2212 2216 2220 2224 2228 2232 2236 2240 2244 2248 2252 2256 2260 2264 2268 2272 2276 2280 2284 2288 2292 2296 2300 2304 2308 2312 2316 2320 2324 2328 2332 2336 2340 2344 2348 2352 2356 2360 2364 2368 2372 2376 2380 2384 2388 2392 2396 2400 2404 2408 2412 2416 2420 2424 2428 2432 2436 2440 2444 2448 2452 2456 2460 2464 2468 2472 2476 2480 2484 2488 2492 2496 2500 2504 2508 2512 2516 2520 2524 2528 2532 2536 2540 2544 2548 2552 2556 2560 2564 2568 2572 2576 2580 2584 2588 2592 2596 2600 2604 2608 2612 2616 2620 2624 2628 2632 2636 2640 2644 2648 2652 2656 2660 2664 2668 2672 2676 2680 2684 2688 2692 2696 2700 2704 2708 2712 2716 2720 2724 2728 2732 2736 2740 2744 2748 2752 2756 2760 2764 2768 2772 2776 2780 2784 2788 2792 2796 2800 2804 2808 2812 2816 2820 2824 2828 2832 2836 2840 2844 2848 2852 2856 2860 2864 2868 2872 2876 2880 2884 2888 2892 2896 2900 2904 2908 2912 2916 2920 2924 2928 2932 2936 2940 2944 2948 2952 2956 2960 2964 2968 2972 2976 2980 2984 2988 2992 2996 3000 3004 3008 3012 3016 3020 3024 3028 3032 3036 3040 3044 3048 3052 3056 3060 3064 3068 3072 3076 3080 3084 3088 3092 3096 3100 3104 3108 3112 3116 3120 3124 3128 3132 3136 3140 3144 3148 3152 3156 3160 3164 3168 3172 3176 3180 3184 3188 3192 3196 3200 3204 3208 3212 3216 3220 3224 3228 3232 3236 3240 3244 3248 3252 3256 3260 3264 3268 3272 3276 3280 3284 3288 3292 3296 3300 3304 3308 3312 3316 3320 3324 3328 3332 3336 3340 3344 3348 3352 3356 3360 3364 3368 3372 3376 3380 3384 3388 3392 3396 3400 3404 3408 3412 3416 3420 3424 3428 3432 3436 3440 3444 3448 3452 3456 3460 3464 3468 3472 3476 3480 3484 3488 3492 3496 3500 3504 3508 3512 3516 3520 3524 3528 3532 3536 3540 3544 3548 3552 3556 3560 3564 3568 3572 3576 3580 3584 3588 3592 3596 3600 3604 3608 3612 3616 3620 3624 3628 3632 3636 3640 3644 3648 3652 3656 3660 3664 3668 3672 3676 3680 3684 3688 3692 3696 3700 3704 3708 3712 3716 3720 3724 3728 3732 3736 3740 3744 3748 3752 3756 3760 3764 3768 3772 3776 3780 3784 3788 3792 3796 3800 3804 3808 3812 3816 3820 3824 3828 3832 3836 3840 3844 3848 3852 3856 3860 3864 3868 3872 3876 3880 3884 3888 3892 3896 3900 3904 3908 3912 3916 3920 3924 3928 3932 3936 3940 3944 3948 3952 3956 3960 3964 3968 3972 3976 3980 3984 3988 3992 3996 4000 4004 4008 4012 4016 4020 4024 4028 4032 4036 4040 4044 4048 4052 4056 4060 4064 4068 4072 4076 4080 4084 4088 4092 4096 4100 4104 4108 4112 4116 4120 4124 4128 4132 4136 4140 4144 4148 4152 4156 4160 4164 4168 4172 4176 4180 4184 4188 4192 4196 4200 4204 4208 4212 4216 4220 4224 4228 4232 4236 4240 4244 4248 4252 4256 4260 4264 4268 4272 4276 4280 4284 4288 4292 4296 4300 4304 4308 4312 4316 4320 4324 4328 4332 4336 4340 4344 4348 4352 4356 4360 4364 4368 4372 4376 4380 4384 4388 4392 4396 4400 4404 4408 4412 4416 4420 4424 4428 4432 4436 4440 4444 4448 4452 4456 4460 4464 4468 
</DataArray>
<DataArray type="UInt8" Name="types" format="ascii">
9 9 9 9 9 9 9 9 9 9 9 9 9 9 9 9 9 9 9 9 9 9 9 9 9 9 9 9 9 9 9 9 9 9 9 9 9 9 9 9 9 9 9 9 9 9 9 9 9 9 9 9 9 9 9 9 9 9 9 9 9 9 9 9 9 9 9 9 9 9 9 9 9 9 9 9 9 9 9 9 9 9 9 9 9 9 9 9 9 9 9 9 9 9 9 9 9 9 9 9 9 9 9 9 9 9 9 9 9 9 9 9 9 9 9 9 9 9 9 9 9 9 9 9 9 9 9 9 9 9 9 9 9 9 9 9 9 9 9 9 9 9 9 9 9 9 9 9 9 9 9 9 9 9 9 9 9 9 9 9 9 9 9 9 9 9 9 9 9 9 9 9 9 9 9 9 9 9 9 9 9 9 9 9 9 9 9 9 9 9 9 9 9 9 9 9 9 9 9 9 9 9 9 9 9 9 9 9 9 9 9 9 9 9 9 9 9 9 9 9 9 9 9 9 9 9 9 9 9 9 9 9 9 9 9 9 9 9 9 9 9 9 9 9 9 9 9 9 9 9 9 9 9 9 9 9 9 9 9 9 9 9 9 9 9 9 9 9 9 9 9 9 9 9 9 9 9 9 9 9 9 9 9 9 9 9 9 9 9 9 9 9 9 9 9 9 9 9 9 9 9 9 9 9 9 9 9 9 9 9 9 9 9 9 9 9 9 9 9 9 9 9 9 9 9 9 9 9 9 9 9 9 9 9 9 9 9 9 9 9 9 9 9 9 9 9 9 9 9 9 9 9 9 9 9 9 9 9 9 9 9 9 9 9 9 9 9 9 9 9 9 9 9 9 9 9 9 9 9 9 9 9 9 9 9 9 9 9 9 9 9 9 9 9 9 9 9 9 9 9 9 9 9 9 9 9 9 9 9 9 9 9 9 9 9 9 9 9 9 9 9 9 9 9 9 9 9 9 9 9 9 9 9 9 9 9 9 9 9 9 9 9 9 9 9 9 9 9 9 9 9 9 9 9 9 9 9 9 9 9 9 9 9 9 9 9 9 9 9 9 9 9 9 9 9 9 9 9 9 9 9 9 9 9 9 9 9 9 9 9 9 9 9 9 9 9 9 9 9 9 9 9 9 9 9 9 9 9 9 9 9 9 9 9 9 9 9 9 9 9 9 9 9 9 9 9 9 9 9 9 9 9 9 9 9 9 9 9 9 9 9 9 9 9 9 9 9 9 9 9 9 9 9 9 9 9 9 9 9 9 9 9 9 9 9 9 9 9 9 9 9 9 9 9 9 9 9 9 9 9 9 9 9 9 9 9 9 9 9 9 9 9 9 9 9 9 9 9 9 9 9 9 9 9 9 9 9 9 9 9 9 9 9 9 9 9 9 9 9 9 9 9 9 9 9 9 9 9 9 9 9 9 9 9 9 9 9 9 9 9 9 9 9 9 9 9 9 9 9 9 9 9 9 9 9 9 9 9 9 9 9 9 9 9 9 9 9 9 9 9 9 9 9 9 9 9 9 9 9 9 9 9 9 9 9 9 9 9 9 9 9 9 9 9 9 9 9 9 9 9 9 9 9 9 9 9 9 9 9 9 9 9 9 9 9 9 9 9 9 9 9 9 9 9 9 9 9 9 9 9 9 9 9 9 9 9 9 9 9 9 9 9 9 9 9 9 9 9 9 9 9 9 9 9 9 9 9 9 9 9 9 9 9 9 9 9 9 9 9 9 9 9 9 9 9 9 9 9 9 9 9 9 9 9 9 9 9 9 9 9 9 9 9 9 9 9 9 9 9 9 9 9 9 9 9 9 9 9 9 9 9 9 9 9 9 9 9 9 9 9 9 9 9 9 9 9 9 9 9 9 9 9 9 9 9 9 9 9 9 9 9 9 9 9 9 9 9 9 9 9 9 9 9 9 9 9 9 9 9 9 9 9 9 9 9 9 9 9 9 9 9 9 9 9 9 9 9 9 9 9 9 9 9 9 9 9 9 9 9 9 9 9 9 9 9 9 9 9 9 9 9 9 9 9 9 9 9 9 9 9 9 9 9 9 9 9 9 9 9 9 9 9 9 9 9 9 9 9 9 9 9 9 9 9 9 9 9 9 9 9 9 9 9 9 9 9 9 9 9 9 9 9 9 9 9 9 9 9 9 9 9 9 9 9 9 9 9 9 9 9 9 9 9 9 9 9 9 9 9 9 9 9 9 9 9 9 9 9 9 9 9 9 9 9 9 9 9 9 9 9 9 9 9 9 9 9 9 9 9 9 9 9 9 9 9 9 9 9 9 9 9 9 9 9 9 9 9 9 9 9 9 9 9 9 9 9 9 9 9 9 9 9 9 9 9 9 9 9 9 9 9 9 9 9 9 9 9 9 9 9 9 9 9 9 9 9 9 9 9 9 9 9 9 9 9 9 9 9 9 9 9 9 9 9 9 9 9 9 9 9 9 9 9 9 9 9 9 9 9 9 9 9 9 9 9 9 9 9 9 9 9 9 9 9 9 9 9 
</DataArray>
</Cells>
<PointData>
<DataArray type="Float64" Name="phi" NumberOfComponents="1" format="ascii">
0.5668512934777328 
0.5412132694512877 
0.507560903597039 
0.4688892816044467 
0.4294117954471266 
0.3919992440451634 
0.6692641486538775 
0.6295959668648838 
0.5766381275023572 
0.5196107728975082 
0.4664668428284847 
0.419157106861466 
0.7982744410454577 
0.7317561509088761 
0.6415470256273181 
0.5629535124328543 
0.4961589194967631 
0.4399623146314404 
1 
0.807711888169506 
0.6841277386420132 
0.5890060511666473 
0.5130549758970934 
0.4513291195292636 
1 
0.8077782543622238 
0.6841924627238423 
0.5890628893732508 
0.5131016558695174 
0.4513668272489652 
0.7984058159316276 
0.7319218049738078 
0.641716333068087 
0.5631039701225866 
0.4962866110523272 
0.4400707752479159 
0.6694963090641636 
0.629855092283813 
0.5768854908650852 
0.5198245173131794 
0.4666509769052953 
0.4193238850465628 
0.5672085201273016 
0.5415620950112188 
0.5078595121975916 
0.4691309817541711 
0.4296141417191742 
0.3922098242924805 
0.1373405220587146 
0.1376859852421463 
0.138377619071209 
0.1402170363178825 
0.142405058217834 
0.145612090175252 
0.1496539523597842 
0.1544192727789555 
0.1598443021128649 
0.1659204562776938 
0.1728030083171596 
0.1805784245050221 
0.1893902742843782 
0.199403919061561 
0.210836313681449 
0.223954429458586 
0.2391546020160169 
0.2567062015639691 
0.2769817577106314 
0.3003483443747546 
0.32717993508991 
0.3577753313906167 
0.1394316317723316 
0.1456394977008013 
0.1373475534732528 
0.1377079258311066 
0.1496409831784035 
0.1394712762969409 
0.2767304984626333 
0.1892931421532251 
0.1384175785260137 
0.1403071683140084 
0.1424586570561928 
0.1805101795765775 
0.2564860568884463 
0.3575480746130035 
0.3269334722352689 
0.3000929465303966 
0.238968814565378 
0.2238178858267209 
0.2106873840500504 
0.1992765625650443 
0.1727582925004889 
0.1658888828947911 
0.1597822701724541 
0.1543702580347574 
0.3775467536704647 
0.3922291351760695 
0.4000784479105931 
0.4000454946647786 
0.3921312637830714 
0.3773851265555225 
0.3416759284960917 
0.352206499757905 
0.3577509916118944 
0.3577195200875564 
0.3521106866159184 
0.3415106342214507 
0.3110167747527852 
0.3186356312059292 
0.3225992174102452 
0.3225674370272654 
0.3185382577119608 
0.3108467530774128 
0.2848479166271105 
0.2903884656335762 
0.2932414174236909 
0.2932095515250899 
0.2902912453413853 
0.2846802734617019 
0.2625047767043289 
0.2665374100304284 
0.2685952511518162 
0.2685648972870445 
0.2664456673690159 
0.2623493135710403 
0.2434002041134664 
0.2463235686271492 
0.2478026124972991 
0.2477755547006623 
0.2462426859143872 
0.2432673378938482 
0.2270351223695637 
0.2291258915045377 
0.2301756488298623 
0.2301524846612274 
0.2290571496213822 
0.2269236252676868 
0.2129776954751695 
0.214430747169786 
0.2151555988273309 
0.2151356036765513 
0.2143709096806669 
0.2128780843774833 
0.2008398607242913 
0.2018046331587145 
0.2022822068397567 
0.2022647200796836 
0.2017521119000809 
0.200751042648228 
0.1902901160935179 
0.190885818346428 
0.1911757109913252 
0.1911606337277647 
0.1908412402782046 
0.1902179645424474 
0.1810676504485823 
0.1813797572833566 
0.181525904054051 
0.181513228260252 
0.1813432487895742 
0.1810117747855002 
0.1729626272768056 
0.1730502872538811 
0.1730833870460437 
0.173073056959465 
0.1730208823622872 
0.1729204216811987 
0.1658095423009721 
0.1657111247150807 
0.1656530380564674 
0.1656450144523182 
0.1656876515635149 
0.1657734398796237 
0.1594761819732598 
0.1592229348572577 
0.1590903026684218 
0.15908478237946 
0.1592051500253877 
0.1594424512970688 
0.1538711889701856 
0.1534936563117678 
0.1533007437270979 
0.1532986067006633 
0.1534847642369066 
0.1538477968009861 
0.1489631516635111 
0.1484868866505267 
0.1482451358859567 
0.1482475287176181 
0.1484917284024843 
0.1489638001094911 
0.1447948490738446 
0.1442342068639458 
0.1439514995115563 
0.1439579630067174 
0.1442532801307932 
0.1448223864850112 
0.1414796303612774 
0.1408501284249716 
0.1405337383206561 
0.1405416810548268 
0.1408752437502205 
0.1415262087003819 
0.1392301673133549 
0.1385520041576188 
0.1382139016975983 
0.1382212189389412 
0.138575099106834 
0.1392723038487184 
1 
1 
1 
1 
1 
1 
1 
1 
1 
1 
1 
1 
1 
1 
1 
1 
1 
1 
1 
1 
1 
1 
1 
1 
1 
1 
1 
1 
1 
1 
1 
1 
1 
1 
1 
1 
1 
1 
1 
1 
1 
1 
1 
1 
0.8454942894035516 
0.7142584692032027 
0.602888308742931 
0.6060525649380504 
0.6071369641479425 
0.6069873495902239 
0.6069679168740725 
0.6072122510118853 
0.6057323237012097 
0.605500080763268 
0.6060479627003253 
0.6064995901541979 
0.6068194642682192 
0.6069863823138398 
0.6071050754391397 
0.6071808477241871 
0.6072563721805063 
0.6072889817586254 
0.6071951428563538 
0.6068513261977894 
0.6062072330677787 
0.6052025321676298 
0.6034531023280143 
0.6004071760640126 
0.5946904395513818 
0.5843017914146837 
0.6052455789198863 
0.600989612387968 
1 
1 
0.6066731256391038 
0.584580286389793 
0.6067863312724906 
0.6025329582834296 
0.6067769989088775 
0.6068474978856659 
0.6066391235021003 
0.6062153258050132 
0.6065100393452717 
0.6065505760269809 
0.5949252139812852 
0.6067509122808082 
0.6067262363098528 
0.6067751605688272 
0.6005585248535986 
0.6068289826254883 
0.6065035875225753 
0.6064835361730019 
0.6035730699519499 
0.6068629883264323 
0.607177633383911 
0.6071515708643458 
0.6057686426559469 
0.6017117542658417 
0.7134686407351799 
0.8451567624816601 
1 
1 
1 
1 
0.8329676793135212 
0.6941648267189197 
0.8402278206466757 
0.706200664405798 
0.8435211863196314 
0.7114028751491985 
0.8450753154913558 
0.7140536823821491 
0.84587206875927 
0.7154542113815708 
0.8462863640100986 
0.7162036489641478 
0.8464908181005908 
0.7165804776451623 
0.8465741214627059 
0.7167281164848728 
0.8465906806798985 
0.7167501417800655 
0.8465790734064345 
0.7167204432319891 
0.8465640876201069 
0.7166962721895337 
0.8465532737142815 
0.7166943798265772 
0.8465375188699705 
0.7166853298522394 
0.846508476746222 
0.7166239865005325 
0.846475945220818 
0.7165413108726522 
0.8464567480438489 
0.7165106254108816 
0.8464522239437314 
0.7165198978832112 
0.846456587294937 
0.7165203072070415 
0.8464765469192672 
0.7165488982648496 
0.846509106222711 
0.7166562996546282 
0.8464928891490981 
0.7167287126404526 
0.8462979663200998 
0.7164553009608514 
0.8458696613012848 
0.7154314721881225 
0.8453770585015835 
0.7141307036020906 
0.6939751276406818 
0.8328726834582773 
0.7060546212579945 
0.8401552173792365 
0.71129511934879 
0.8434682261192538 
0.7139842295511156 
0.8450412135191812 
0.7154231377671858 
0.8458598924699194 
0.716231805128322 
0.846303847518203 
0.7166919821111775 
0.8465468377503191 
0.7169322353990254 
0.8466698968259379 
0.7170184600069982 
0.8467158713804264 
0.7170116738001169 
0.8467145906238522 
0.7169626736189776 
0.8466882395716344 
0.7168923175776823 
0.8466479603507899 
0.7167975956896634 
0.8465932856438995 
0.716656388905082 
0.8465173272216711 
0.7164517036097942 
0.8464168094628692 
0.716198339579431 
0.8463146039125226 
0.7160483444634409 
0.8462743010913847 
0.7162382960266647 
0.8463369517489893 
0.7165778675177527 
0.8464549275270405 
0.7167620381226215 
0.8465343805293153 
0.7167386968609223 
0.8465204991712978 
0.7165175808211073 
0.846360228239605 
0.7157420641231341 
0.8460335762018902 
0.7147585034311282 
0.8456608423247893 
0.1668060365626378 
0.1718553741939069 
0.1759839699978717 
0.1792023108031475 
0.1813577685596905 
0.1719558231319979 
0.1524521024081746 
0.129958062834307 
0.1052979657374603 
0.08027973916964372 
0.05607349385160702 
0.03919509668227644 
0.0274885905792456 
0.02067258828934737 
0.01705977566865734 
0.01586997214631388 
0.01556430025415738 
0.01728062347766823 
0.02297097834295848 
0.03402229054106393 
0.05318642991861919 
0.08523820469207068 
0.13809946977941 
0.2249179768832582 
0.3692631383821952 
0.01553353367759116 
0.1431653360835107 
0.1820917790363932 
0.1486889299642186 
0.1547239383882565 
0.1609733781957364 
0.4027148829867662 
0.4480579791567278 
0.4648683743112853 
0.4270426516276085 
0.377459537044596 
0.4919667120589164 
0.4878012249360565 
0.4794332753627265 
0.4774864487328125 
0.4788024856192344 
0.4817138781506029 
0.4823644814379099 
0.4861304831080024 
0.4886230877625521 
0.4759609102137759 
0.4901212683604904 
0.4901467022731086 
0.4825036702474818 
0.4808628837638153 
0.4750692972405544 
0.4899412473527763 
0.4900941792218724 
0.4958403636625817 
0.4744291144401458 
0.4374919271506655 
0.2181367813261749 
0.2446323688307596 
0.2623935449995515 
0.2825350912565873 
0.3049572275645343 
0.3530447081616919 
0.329122065865 
0.1620593787400875 
0.1777713828824407 
0.1958501418259969 
0.2065185156261971 
0.2298790482078113 
0.359476422621041 
0.3742528790612565 
0.3854997049373247 
0.3439853748406919 
0.3898453512891719 
0.3276892847250421 
0.4759121279993422 
0.4962937899781382 
0.4900782958942756 
0.3769516198287777 
0.3735626137471896 
0.3861337309461471 
0.3905598928952316 
0.3901476359330951 
0.3915795995622331 
0.3898166019371185 
0.388097382409246 
0.3909984792675472 
0.3823953620520452 
0.3761490727286982 
0.3902069705352057 
0.3904794807918163 
0.367051772252227 
0.3758477075938323 
0.389996230288595 
0.1517636096009221 
0.1660704896715211 
0.1862885472090093 
0.2644477704487551 
0.2471907227902628 
0.2829340713699684 
0.2157964557246778 
0.2122873790796234 
0.1566478213759525 
0.231215822269137 
0.3009149584098703 
0.1478117592356509 
0.2026395682712708 
0.1749365697905594 
0.1433237636400082 
0.3127798432175682 
0.3617321537092364 
0.3975608763385956 
0.1488880941438344 
0.2928948330289755 
0.3155582452895822 
0.3025948131755625 
0.3253698795445037 
0.2836919685899958 
0.3218469657015036 
0.3078785671533911 
0.2891903741289785 
0.2984011762673661 
0.3031997295246578 
0.3116250999144607 
0.3120603282353677 
0.3101096998446932 
0.2950099651123653 
0.2901299593207242 
0.3319074685955513 
0.3099455977216697 
0.3025475128356879 
0.2683783062443826 
0.3146793273152592 
0.2319043088982555 
0.2463753416110991 
0.2622218588276641 
0.2186510471687068 
0.2066304844318731 
0.1947596858444726 
0.1890870978995594 
0.2776049158987677 
0.1832799974932446 
0.1536164752105129 
0.1473307934232773 
0.1662274345778165 
0.3579930448525989 
0.3866140250585854 
0.2278496179130491 
0.2853776834436659 
0.2527974279278246 
0.1959004138277237 
0.2403331703763808 
0.2478238658265165 
0.2284856305480564 
0.2049514100133875 
0.2528130229611302 
0.2264950130265166 
0.1542933883617837 
0.1727915639904231 
0.1924311402583137 
0.3071206533052574 
0.2721374164003885 
0.1662859693342214 
0.3002296370522028 
0.3065302372988707 
0.1694506147454101 
0.1516313828031661 
0.1600834246126707 
0.1768337483012116 
0.3148243171558954 
0.2159103285358913 
0.2516256937795158 
0.1849573353501434 
0.2249470493759721 
0.2102186960752762 
0.2131783252534878 
0.1684378412687526 
0.1969216811141666 
0.2161452503750131 
0.2144937818900112 
0.1872264144577928 
0.1832107721385804 
0.2000420423403828 
0.2057826222896216 
0.17146830431045 
0.1691067214973048 
0.1549917060608285 
0.160410297920963 
0.1652924887371686 
0.1718693042701455 
0.1561280238708877 
0.184596645943621 
0.181151856602775 
0.1794979477460609 
0.1921689103230228 
0.1676087714784327 
0.2044781013852777 
0.1723511988629688 
0.2133127705491906 
0.224791740210183 
0.1731361125159883 
0.1430906145310276 
0.1297910676641573 
0.1467575545569571 
0.1664444694376616 
0.1748559834022888 
0.1807673517104157 
0.1722227175666995 
0.1650969113883252 
0.16360131752577 
0.160359583351426 
0.1653918730038865 
0.1640379881794955 
0.03542713164423287 
0.02357393956134907 
0.01740896850516981 
0.05528963584546343 
0.08714821558829609 
0.1639933173278687 
0.1676649020915618 
0.1690440153797639 
0.1415682879837722 
0.1519914954681062 
0.1590831083032723 
0.1417256093698449 
0.1583893902241486 
0.1679760041402348 
0.1669940368720187 
0.1501706600776906 
0.1043983739846358 
0.1079490959922182 
0.150979202851475 
0.1532234447392634 
0.1630248388183719 
0.1630979118714794 
0.1607482676116478 
0.1618007705717554 
0.1388464207415108 
0.02571923627980218 
0.03933488320834833 
0.1377482921891983 
0.06069235375964625 
0.144767299862793 
0.1498765113241204 
0.1614254633753376 
0.1499764718815734 
0.1643902654511708 
0.1508202010367436 
0.0975638781819351 
0.1031654814008706 
0.1561635182483052 
0.1384327978263893 
0.1643990367596859 
0.1285326929973709 
0.1519131428311881 
0.09105029129772849 
0.1392977866128287 
0.1001987332868477 
0.1590571592110757 
0.1626775649440347 
0.1269332026641415 
0.1555893111544012 
0.1177716847908711 
0.06985830635196918 
0.04673499637065522 
0.1607510892167536 
0.1279585996988468 
0.1140571878267881 
0.08369010843605379 
0.06362404254616599 
0.09288944994992422 
0.1302354310844979 
0.1033427388999509 
0.1412419696509057 
0.1535742747283929 
0.153533946582481 
0.05899391535326582 
0.03094955521465813 
0.1527842399965406 
0.08197313996843877 
0.1005808602334384 
0.1051066536020268 
0.1060401054349258 
0.1216482808849541 
0.09270066739091665 
0.1480245361063313 
0.07698862538520154 
0.1463477539360057 
0.1406872160553195 
0.04209462726916539 
0.07499447864700093 
0.05907913762471149 
0.08378981295900893 
0.1104157407206089 
0.146062791606379 
0.1442052477558756 
0.1528903762629989 
0.1275696062862304 
0.02078942162530203 
0.08439683538889547 
0.07701344110797238 
0.1305188217746834 
0.1312467168117641 
0.09012480089880766 
0.03245134131066221 
0.1015604086279139 
0.07019703035043624 
0.04848330745295484 
0.06614770128355292 
0.04374063251469603 
0.06098381035972175 
0.0876782357411032 
0.07211656044481964 
0.1159336730049389 
0.06484240428532743 
0.05209209398136715 
0.1320136453430603 
0.03394221274819629 
0.1366914761831176 
0.1083975753144789 
0.01830593838422234 
0.02303763092778649 
0.04976948056863706 
0.02851601870263094 
0.03047263810721073 
0.04999282615921471 
0.1451123928504169 
0.1465688768571133 
0.2188423537514403 
0.03798067927359931 
0.04160439719870455 
0.1499740336720329 
0.1587687116591675 
0.1705912942799955 
0.421304829049291 
0.4103158750810619 
0.1584194570378453 
0.04183746031932034 
0.1621036825903566 
0.1288639651308179 
0.159354006873068 
0.1660064040400084 
0.1802363936958491 
0.1997650802429454 
0.3861281100742212 
0.243403240006632 
0.2976863028284152 
0.1092715341921361 
0.1153963575326017 
0.1482599393123038 
0.1737629077613935 
0.172766756889338 
0.1590843771769493 
0.1509577027648269 
0.1613115085691289 
0.1518738353427601 
0.1600931002002893 
0.2012410211307972 
0.2312034873604765 
0.1876832345029538 
0.2031552833005297 
0.1703880069109326 
0.2163647141231838 
0.1797169582587306 
0.1855074373748252 
0.1995159981102631 
0.2445234718505561 
0.1808727953211887 
0.2677500450091486 
0.2458308345533609 
0.2509672095398165 
0.2324771314771883 
0.2515154004722623 
0.2548113052677624 
0.2479995026159909 
0.2685369633014384 
0.2025979358441217 
0.1437695992386961 
0.3876127613996931 
0.07994991646537859 
0.1528505714243974 
0.04442690744751739 
0.1696652368548716 
0.02726941672406222 
0.05689209370432903 
0.1297568028168465 
0.1051322865069383 
0.01736174442728008 
0.1568039544322562 
0.03008164981847717 
0.02154168849078582 
0.0170151304324514 
0.1810339223225154 
0.01563020192716466 
0.1819104908351762 
0.1785765183105798 
0.0155959729711452 
0.0207217427844159 
0.2484886123362078 
0.1607822124979262 
0.1039319024095261 
0.06746798804135748 
0.01584765223560799 
0.1635855899084936 
0.172102312551194 
0.03890667494310088 
0.1499051979691739 
0.174719525398738 
0.3845284469357476 
0.4329437783290862 
0.4508266229085027 
0.4098789828650982 
0.3576101875982433 
0.4994248427809705 
0.5010624867165274 
0.5023658409426994 
0.5033782974497664 
0.4960870863994112 
0.4872361795160747 
0.473850203674494 
0.4826684806467854 
0.4787497277302903 
0.4637319294117996 
0.490194997515271 
0.4840344421920311 
0.5008559281259668 
0.5238760116189008 
0.460560965254493 
0.4709578369186183 
0.4898738090538285 
0.4955438003847614 
0.5019650477052571 
0.3820487054658706 
0.2083240537646706 
0.1797180443580944 
0.1603599373459144 
0.1514007456023259 
0.3079409097848944 
0.2672070115958659 
0.2498743012505988 
0.23434547878543 
0.3317015975238126 
0.2863635879360101 
0.2205171470944934 
0.1973934801468933 
0.1879013879586833 
0.1723551837476808 
0.1659514017014303 
0.1554776384122987 
0.1484290649799288 
0.1463901982442581 
0.3382183517495441 
0.3525936502905236 
0.3641302215916126 
0.3206459461666985 
0.3731665416501792 
0.302183063600587 
0.5072695294843151 
0.4532930487505476 
0.4803000641092243 
0.4130463539452748 
0.4118864348415371 
0.4169161892906293 
0.4910697390753495 
0.387238254240569 
0.3829731632760561 
0.38387857390671 
0.3842774808012569 
0.391582544866582 
0.3840848840788155 
0.4013091150782945 
0.4167013640820478 
0.4097544226934938 
0.3476282231577264 
0.4023995051771464 
0.3783291409897553 
0.1520612162528122 
0.1562154314524984 
0.2049435413393572 
0.2272219517761093 
0.2397622289857349 
0.1949605490297782 
0.1777306549591265 
0.1711907464464147 
0.1605181783940922 
0.2155009727390156 
0.2533318456418229 
0.2680560436891295 
0.1845081993697195 
0.165445889791695 
0.1512467218962708 
0.2842775807751532 
0.145466173957785 
0.4104829152384974 
0.294743961014639 
0.3036195273626918 
0.300349600132707 
0.3093183173423623 
0.2840516342918857 
0.3066147818760674 
0.3346479805419644 
0.3367641500419046 
0.3446373117981911 
0.3109714132630059 
0.3030551388944656 
0.3045449989656455 
0.317620107661975 
0.3058978083675529 
0.2994276244174656 
0.3577879784137981 
0.338018145000369 
0.3254794971579216 
0.271198351398829 
0.3088357153000804 
0.2258472305926331 
0.2352257348139116 
0.2168415352116769 
0.208311945015458 
0.2457487987515197 
0.2001604955793747 
0.1926654839471197 
0.1758795476497083 
0.1695603124379764 
0.1620454230299407 
0.257869503527884 
0.3666056387485731 
0.3754139923101844 
0.3382423317094544 
0.309817669092971 
0.1515475000116052 
0.1565918338697818 
0.2501430744937958 
0.2459107669790896 
0.2896372937991701 
0.2602158382294423 
0.2481382047189143 
0.2294021404250911 
0.2520528418732283 
0.1861977509684418 
0.2126906104555516 
0.176829014040051 
0.237915066036547 
0.230935270891938 
0.3108897796845012 
0.2712929468336645 
0.391617316981534 
0.2376631524089574 
0.1670318923270445 
0.1715287280805032 
0.2081042482167351 
0.2596974537106564 
0.2357424758563122 
0.1700442402309171 
0.2990567744417178 
0.2577218587419045 
0.2408222705402594 
0.2239984659486933 
0.1980985077376035 
0.2406296674181722 
0.166562701095154 
0.1670910694154907 
0.1766072371234376 
0.2535676791152717 
0.1769596809852348 
0.1914034080972534 
0.2199404535807471 
0.03179048042180135 
0.04706094686964622 
0.1661899994174118 
0.1081892021245054 
0.07092618079027932 
0.01727621969228514 
0.1763841549875526 
0.1886146721380707 
0.188399758290733 
0.2209173602963918 
0.1808561535728347 
0.184360247698945 
0.2086092817120963 
0.1917815680286065 
0.1646788514389707 
0.1650739226492072 
0.231233770701852 
0.1686670822168187 
0.1615156386516277 
0.1311360220782556 
0.1776381630428633 
0.02228022210221108 
0.03552157284651282 
0.07559440252880439 
0.1120043737513259 
0.0514099813229742 
0.15450262232112 
0.1624196535766797 
0.1677827463459674 
0.1708406889673631 
0.1722062209030327 
0.1723794591131775 
0.1631502698337162 
0.1712858272727454 
0.152178738593509 
0.1890267182620194 
0.131514458311883 
0.1598246925281946 
0.1642363114244363 
0.1534444756378879 
0.1765667888105436 
0.1626410910039695 
0.171246756102626 
0.1513287346388267 
0.1119895444421599 
0.08026109527122317 
0.05691461431329047 
0.04129632778428484 
0.02518414229370579 
0.1582574612308246 
0.1873890753696731 
0.1643108234111957 
0.1648114429184438 
0.1626524686690263 
0.1574487638839895 
0.1820171257078886 
0.2486692652616372 
0.1135506916666463 
0.1781241055870039 
0.1178289390341972 
0.1170869712929913 
0.1196577147128204 
0.09977098931007754 
0.1224477485450916 
0.1582486131663939 
0.1202885131652978 
0.1697036942945394 
0.1472137418348232 
0.1589016700614871 
0.06199843864480603 
0.08226006657171668 
0.03095723798971627 
0.1482854993706115 
0.1628347247549294 
0.1592987643756722 
0.1318436309694552 
0.1542640888856005 
0.1631431583907414 
0.08243700975908487 
0.06776106096458352 
0.1140254554731436 
0.07717105673294501 
0.1733866357276591 
0.1505722343763762 
0.1613968326095733 
0.1119941208238354 
0.04985481364101574 
0.1179842006062767 
0.1606577633737504 
0.08077450258301301 
0.1274597807749276 
0.1006238094474093 
0.04776755865895996 
0.05961648569818971 
0.1499013123074247 
0.08609152984176544 
0.0529793878441213 
0.02493220371117001 
0.1624538753343478 
0.1301123655702433 
0.09317007740535986 
0.1507942979985383 
0.08820716802329584 
0.1377736067189311 
0.1066627750092236 
0.02755979325907641 
0.07378227721513188 
0.03928842707564188 
0.01843365702895171 
0.1475509557995162 
0.1342144464831143 
0.1390741635745953 
0.1574737210020729 
0.03535286689872627 
0.1318737416267741 
0.01954924454958716 
0.09191756463837496 
0.06260262971266235 
0.04661527486178528 
0.1554482430257712 
0.02916127845253894 
0.1123576792460116 
0.08309481956392066 
0.02913308393877673 
0.06106506720651326 
0.04240971499196421 
0.1075793741049174 
0.06414862779627964 
0.02256454736342335 
0.4550115198468108 
0.1513518172540788 
0.4201124134945923 
0.4235993551618409 
0.153085114554691 
0.3792107840033891 
0.1608875464102353 
0.1225190303183635 
0.1542994830610385 
0.3471093366384385 
0.155808449680381 
0.03831958110793193 
0.1652735583832496 
0.1559871723324057 
0.159456908594966 
0.2880766384637383 
0.3101250920074842 
0.1864636770387108 
0.04377359994553123 
0.1745662972327539 
0.1642674189773392 
0.1601376665918623 
0.1669135472697248 
0.06392353850761701 
0.09917375025758958 
0.2315417943469224 
0.1683951371728481 
0.2199622601716169 
0.181356461925858 
0.1943285551678716 
0.2036435940157494 
0.2078122431139784 
0.1843029177398657 
0.2653093083450983 
0.2749081209299707 
0.2910627375033781 
0.2564362068994435 
0.2630807472538526 
0.2568617890216177 
0.2511271830623654 
0.2349741461675489 
0.2054899230940049 
0.1443133488159345 
0.07977169713174864 
0.1868381229540628 
0.2177961327955916 
0.1921296571996939 
0.2260514765089942 
0.2170548143903546 
0.210750050053203 
0.2311235927974019 
0.2071293612845405 
0.2040480863441995 
0.2191091987851734 
0.2152369039285818 
</DataArray>
<DataArray type="Float64" Name="displacement" NumberOfComponents="3" format="ascii">
0.0003397127967183902 0.0009074913742231085 0 
0.000311452804105882 0.00113056375938488 0 
0.0002627800919174628 0.001343049728391686 0 
0.0002043673931355098 0.001516479811727623 0 
0.0001469630593432448 0.001647825107270897 0 
9.501612296826623e-05 0.001745381948787726 0 
0.0002919099106146857 0.0009769085940814519 0 
0.0002637048449661103 0.001270382890509817 0 
0.0002066237913806248 0.001523005890778837 0 
0.0001431439005421359 0.00170004707261584 0 
8.774188276433217e-05 0.001819422879765151 0 
4.057246089505501e-05 0.001902151777939388 0 
0.0002420752609679489 0.001065685109354337 0 
0.0002289605176349596 0.001501317704813977 0 
0.0001525848339801697 0.001778085545567858 0 
8.877644070865725e-05 0.001925002112443706 0 
3.838302747632393e-05 0.002013968543551182 0 
-2.557844217130553e-06 0.002071531331752485 0 
0.0003594719088735061 0.001291567170066189 0 
0.000226095616691515 0.001976026638237713 0 
0.0001206022380286396 0.002120861577012737 0 
5.554907336146924e-05 0.002189295975188782 0 
9.577047599375006e-06 0.002226527997335659 0 
-2.669688810916442e-05 0.002249855770117548 0 
0.0003597501745744394 0.003390160479925488 0 
0.0002261891659587865 0.002705137247808432 0 
0.0001206034030794952 0.002560339982474979 0 
5.550127648728573e-05 0.002491993102703025 0 
9.50231708332254e-06 0.002454775236837659 0 
-2.67769756039124e-05 0.002431395141896392 0 
0.0002424055122157037 0.003616438837938334 0 
0.0002290997870930757 0.003180280286847905 0 
0.0001525572115138651 0.00290337207236658 0 
8.863289547356757e-05 0.002756468830617357 0 
3.817042288517617e-05 0.002667450932398686 0 
-2.784775625146136e-06 0.0026097657070624 0 
0.0002924339196959657 0.003705438159288495 0 
0.0002638568008770412 0.003411561868501172 0 
0.0002064884756805963 0.003158776035596844 0 
0.0001428687989419648 0.002981686637136428 0 
8.742403278278415e-05 0.002862180573270634 0 
4.025234858110583e-05 0.002779221663683322 0 
0.0003407200948222555 0.003775203115047959 0 
0.0003114613481361385 0.00355184846121867 0 
0.0002621892868935272 0.003339026436452001 0 
0.0002038371563199298 0.003165433560626279 0 
0.0001466406877688775 0.003033931224122122 0 
9.477415169623067e-05 0.00293609201365909 0 
-0.0006129858084041097 0.002369554790052888 0 
-0.0006087399908903369 0.002425420797245191 0 
-0.0006002999852688342 0.002481759930443711 0 
-0.0005576750407590977 0.002554937308351296 0 
-0.0005256809332843062 0.002567855779629305 0 
-0.0004929310816993135 0.002578393058777857 0 
-0.00045973901090961 0.002587310530326512 0 
-0.0004262956058390975 0.002595202498553329 0 
-0.0003927407478352862 0.002602513291962443 0 
-0.0003593872405871829 0.002609631478659424 0 
-0.0003265675671075414 0.002616918333088009 0 
-0.0002941429029215507 0.002624555286207078 0 
-0.00026200083645081 0.002633012765082414 0 
-0.0002300197018173378 0.002642691188087197 0 
-0.000198183467838239 0.002654036034369217 0 
-0.0001663804398143965 0.002667705873263601 0 
-0.0001343624990087155 0.00268470235304048 0 
-0.0001016376355000974 0.002705477727676762 0 
-6.782699353095427e-05 0.002731389645055346 0 
-3.21711498694063e-05 0.00276429661256558 0 
6.096662750555981e-06 0.002806674136641468 0 
4.802199757077537e-05 0.002862180646364456 0 
-0.0005880713213366805 0.002538766946086649 0 
-0.0004921403781926771 0.002104112282787068 0 
-0.0006129765214756129 0.002313866098720744 0 
-0.0006087276483796379 0.002258023446613506 0 
-0.000458896812760199 0.002095240626631528 0 
-0.0005885322378516892 0.002144976770136826 0 
-6.752993779448256e-05 0.001950284730115425 0 
-0.0002617365601454288 0.002049707455567855 0 
-0.0006003828985853701 0.002201742223287266 0 
-0.0005580778010997 0.002128607069091694 0 
-0.000525254850831332 0.002114715631909598 0 
-0.0002938900318973641 0.002058302846884528 0 
-0.0001014131175620276 0.001976534229260687 0 
4.830490341744618e-05 0.001818995771019817 0 
6.405592070803366e-06 0.001874507961178524 0 
-3.185982521042631e-05 0.001917075886874934 0 
-0.0001341294872745121 0.001997532611105116 0 
-0.0001661945323714879 0.002014494444345008 0 
-0.0001979802707015899 0.002028393145659976 0 
-0.0002297681379408297 0.00203990841702843 0 
-0.0003263533399570916 0.002065972813003313 0 
-0.0003591703110325337 0.002073148480266582 0 
-0.0003922827463797851 0.002080192616081019 0 
-0.0004255711803440274 0.00208743292494116 0 
-7.003291059366831e-07 0.0027202485773608 0 
-3.779566749537202e-05 0.002571423681942424 0 
-5.796066057809722e-05 0.002418075585561565 0 
-5.789117013226227e-05 0.002263134229873471 0 
-3.759939069487495e-05 0.002109780804829749 0 
-4.207049123673388e-07 0.001960940445020893 0 
-3.709080027459881e-05 0.002677302483382913 0 
-6.912620697190531e-05 0.002544187775382645 0 
-8.623635222405838e-05 0.002408745200175493 0 
-8.618520586734687e-05 0.002272509976885786 0 
-6.897892002888626e-05 0.002137047320853679 0 
-3.686275337739217e-05 0.002003900279374134 0 
-7.04674283456829e-05 0.002645240448482941 0 
-9.83102350198434e-05 0.002524200422419339 0 
-0.0001129936193750237 0.002401996293039026 0 
-0.0001129575534499115 0.002279407940596913 0 
-9.82028099870065e-05 0.002157194258953629 0 
-7.027828264634584e-05 0.00203613841589283 0 
-0.0001019137031959362 0.002620760826275989 0 
-0.0001263312794899249 0.002509130994730922 0 
-0.0001390775365129113 0.002396971199125631 0 
-0.0001390481047621976 0.002284651560141471 0 
-0.0001262413504981458 0.002172502847931607 0 
-0.0001017541116889299 0.002060894144917578 0 
-0.0001322263680553468 0.002601690446109094 0 
-0.000153833188764741 0.00249749381158039 0 
-0.0001650206548957533 0.00239312788316048 0 
-0.0001649893447895065 0.0022887265266897 0 
-0.0001537389698854412 0.002184388127731504 0 
-0.000132064486797907 0.002080248313591459 0 
-0.0001619518369844787 0.00258653004165722 0 
-0.0001812463324433148 0.002488309001894286 0 
-0.0001911684558939607 0.002390112972670579 0 
-0.0001911326882563712 0.002291942641958443 0 
-0.0001811377704383662 0.002193771665612992 0 
-0.0001617741393407964 0.002095605172737527 0 
-0.0001914704289851036 0.002574283712661289 0 
-0.0002088579446277063 0.002480940183887198 0 
-0.0002177557271654837 0.002387704039211167 0 
-0.0002177190385724984 0.002294516645928411 0 
-0.0002087492244225716 0.00220128810907833 0 
-0.0001912951035578852 0.002107949709421715 0 
-0.0002210814010430854 0.002564374792159608 0 
-0.0002368928308356121 0.002474978444279633 0 
-0.000244952992090721 0.002385761165178421 0 
-0.0002449193612354466 0.002296610406906205 0 
-0.0002367936178395614 0.00220739759418417 0 
-0.0002209274093536724 0.002118011217207877 0 
-0.0002510441649399644 0.002556214323965421 0 
-0.000265517820495791 0.002470081055639024 0 
-0.0002728843390770201 0.00238417136872769 0 
-0.0002728525497018853 0.002298342553841135 0 
-0.0002654232287569903 0.002212443496644188 0 
-0.0002508823764258906 0.002126335729138875 0 
-0.0002814588421045265 0.002549309349391751 0 
-0.0002948316885324508 0.002465953758772299 0 
-0.0003016222172210874 0.002382832203755272 0 
-0.0003015880867792115 0.002299800544777281 0 
-0.0002947310683633888 0.002216699381455271 0 
-0.0002812889493354419 0.002133377062275294 0 
-0.0003123912812836418 0.002543288889268102 0 
-0.000324873717890333 0.002462351131944035 0 
-0.0003311891259826142 0.002381652656648128 0 
-0.0003311462327506792 0.002301050971670283 0 
-0.0003247521462950273 0.002220385576527522 0 
-0.0003122084539473531 0.002139505910482422 0 
-0.0003438832059626774 0.002537817199095026 0 
-0.0003556396610978197 0.002459062919402351 0 
-0.0003615589029942337 0.002380557733292702 0 
-0.0003615019673003996 0.002302150176491431 0 
-0.0003554788490396131 0.002223680377490444 0 
-0.000343657712723611 0.002144997800023126 0 
-0.0003759269442069223 0.002532592255119962 0 
-0.0003870671315477027 0.002455927012012916 0 
-0.0003926610683062429 0.002379499897578374 0 
-0.0003925899005245807 0.002303159649081092 0 
-0.0003868636003706711 0.00222675164956202 0 
-0.000375630661231114 0.00215012698903669 0 
-0.0004084276038860272 0.002527463743781007 0 
-0.0004190557394776604 0.002452844504396831 0 
-0.0004243870126945196 0.002378459523211964 0 
-0.0004243069006965365 0.002304151404315796 0 
-0.0004188187919907109 0.002229765683010649 0 
-0.0004080558059717723 0.002155157523577394 0 
-0.0004412709319158902 0.002522239310967571 0 
-0.0004514661987306269 0.002449701239180677 0 
-0.0004565871860411934 0.002377414634165052 0 
-0.0004565061534070899 0.002305203177700779 0 
-0.0004512138483207992 0.002232898026390482 0 
-0.0004408191192420915 0.002160348642967892 0 
-0.0004742479901016148 0.002516595168482095 0 
-0.0004840937448541008 0.002446314512142468 0 
-0.0004890405551604804 0.00237631527009352 0 
-0.000488972563603005 0.002306398161492391 0 
-0.0004838628696185831 0.0022363542053881 0 
-0.0004737737733328814 0.002166007917922735 0 
-0.0005070893466302552 0.002510155971766574 0 
-0.0005166327247301474 0.002442445431393095 0 
-0.0005214187704910209 0.002375081221912528 0 
-0.0005213778173329846 0.002307822300674313 0 
-0.0005164880917040962 0.002240396985546466 0 
-0.0005067274518138851 0.002172535586550844 0 
-0.0005394545660789796 0.002502484901335603 0 
-0.0005486549619316023 0.00243782298892991 0 
-0.0005532629233779856 0.002373610778914755 0 
-0.0005532504144227035 0.002309538832352325 0 
-0.0005486159459106747 0.002245298166664393 0 
-0.0005393818073643261 0.002180516206763359 0 
-0.000570809906885566 0.002493091319063664 0 
-0.0005795774190738726 0.00243220529719283 0 
-0.0005840032145431048 0.002371797363312856 0 
-0.0005839986119659274 0.002311554626873316 0 
-0.0005795840097027815 0.002251184382024529 0 
-0.0005708904728588828 0.002190387597603415 0 
0.0005625202971290859 0.004718678292796915 0 
0.0005583493380475748 0.004701283222862574 0 
0.0005525752586923738 0.00468359553991749 0 
0.0005450077921273546 0.004665402909459082 0 
0.0005354679355908254 0.004646489143409884 0 
0.0005237663054733392 0.004626674725647261 0 
0.0005097668847514509 0.004605585809906027 0 
0.0004934589433697065 0.00458288451012042 0 
0.0004746547028627531 0.004558324204471638 0 
0.0004532093391781164 0.004531488139863023 0 
0.0004290144471726021 0.004501874201665671 0 
0.0004019886762951595 0.004468913677139379 0 
0.0003720572012912222 0.004432019355674365 0 
0.0003390676942515249 0.004390248692523059 0 
0.0003028253064249308 0.004342892265397197 0 
0.000263435578975389 0.004288826482812029 0 
0.000221392538826076 0.004225720384635753 0 
0.0001775363707464583 0.004149677134207857 0 
0.0001334088500035969 0.004051208995835338 0 
0.0001314904013485091 0.003936500050561747 0 
0.0001310828688291084 0.0007459066646031865 0 
0.0001328261422616895 0.0006314693943758118 0 
0.0001769637614059707 0.0005328881010071966 0 
0.0002208178997668511 0.0004573992924730941 0 
0.0002628187602995525 0.0003947134119944609 0 
0.0003021256233826997 0.0003409997854666015 0 
0.0003382303911633001 0.0002939370709598542 0 
0.0003710683676724676 0.0002523860641938356 0 
0.0004008688410784398 0.0002155770251526265 0 
0.000427796503757663 0.0001825850580227686 0 
0.0004519379925883765 0.0001528031788016905 0 
0.0004733783454038174 0.0001257391622002593 0 
0.0004922157545036296 0.0001009555213210482 0 
0.0005085728160344187 7.806382342597447e-05 0 
0.0005226178422098749 5.676058504341024e-05 0 
0.0005344005908674647 3.668391866165174e-05 0 
0.0005440519804838256 1.769728135322505e-05 0 
0.0005516441120315284 -3.521693591218129e-07 0 
0.0005573882534441703 -1.803002764650582e-05 0 
0.0005615466424005803 -3.541773045385237e-05 0 
0.0005643383248998839 -5.270958072255687e-05 0 
0.0005659837735820518 -7.011485040876836e-05 0 
0.0005667632304247388 -8.77250737823114e-05 0 
0.0005670384175819729 -0.0001055134635653143 0 
0.0005821007695565756 -0.0001233872349143612 0 
0.000596929537894013 -0.0001233618094318244 0 
0.0006118369650918163 -0.0001056870939168547 0 
0.0006118916576134932 -8.885306555879225e-05 0 
0.0006112920555573994 -7.296667776092957e-05 0 
0.0006099821020429627 -5.780157619136237e-05 0 
0.0006077796026538523 -4.320000635493053e-05 0 
0.0006045042259718036 -2.881633865209051e-05 0 
0.0006001690592588968 -1.457268854876185e-05 0 
0.0005946760765559908 -5.211483784375713e-07 0 
0.0005878661437669986 1.434263710927292e-05 0 
0.0005794494157157493 2.996033641128932e-05 0 
0.0005694147346775506 4.662243595153538e-05 0 
0.0005577544107970218 6.465599315225252e-05 0 
0.0005444870087026174 8.443257833274391e-05 0 
0.0005296247746554284 0.000106402961810799 0 
0.0005132114951438648 0.0001310695788185803 0 
0.0004953154107520457 0.0001589708079258333 0 
0.0004761051219883899 0.0001908491879985154 0 
0.0004558955343946888 0.0002276682628456181 0 
0.0004351354399168531 0.0002705211986534466 0 
0.0004143871267537961 0.0003214700027952871 0 
0.0003944956822749382 0.0003835704521037734 0 
0.0003765324156735478 0.0004619236729551798 0 
0.0003612210815535837 0.0005674969371681159 0 
0.000351865692527754 0.0007136666510474827 0 
0.0004157662214809617 0.004362237568498629 0 
0.0006125739610623691 0.004806501637628643 0 
0.0005680255953671027 0.004806561733203229 0 
0.0005670967435702296 -0.0001233655730063492 0 
0.0004573344403433341 0.004456711231260664 0 
0.0003531742500431529 0.003969074386021649 0 
0.0006087735423824465 0.004726401191841059 0 
0.0006117022513509231 -0.0001232975403471347 0 
0.0005142838090436922 0.004553353346340154 0 
0.0005585123182873711 0.004619035781115756 0 
0.0005955716174839804 0.004683602733112279 0 
0.0004365519954453704 0.004413554152243868 0 
0.0006055836743747245 0.004712139569027643 0 
0.0006012295862537298 0.004697962609978275 0 
0.0003621910221602393 0.004115266672941055 0 
0.0005701098534435631 0.004636911066025888 0 
0.0005305607631423461 0.004577801419592405 0 
0.0005453144041328871 0.004599498127828168 0 
0.0003778117630082724 0.004220518695021561 0 
0.0004965447969011084 0.004525533929185825 0 
0.0005801017698972433 0.004653424471185718 0 
0.0005885480714830334 0.004668798788488355 0 
0.0003958296666110674 0.004299657660185903 0 
0.000477481033009952 0.004493656609903859 0 
0.0006109286661207624 0.004741029857698739 0 
0.0006122044974910421 0.004756209224557862 0 
0.0006127839352161325 0.004771977929735564 0 
0.0006126966162331224 0.004788890642445294 0 
0.0005978179251414249 0.004806559690746443 0 
0.0005830080179321898 0.004806585122617199 0 
0.000567966757503166 0.004788737471027609 0 
0.0005677061221439641 0.004770944603062487 0 
0.0005669521000914975 0.004753370852945474 0 
0.0005653110268454629 0.004735990478815084 0 
0.0002257304817009746 0.00393133435098551 0 
0.0002922290784660681 0.003944630853559766 0 
0.0002272704680829599 0.004084490622405757 0 
0.0002998531319917895 0.004101609336739821 0 
0.0002540361487587695 0.00418416595743938 0 
0.0003191602028421504 0.00420550897655429 0 
0.0002853828356097015 0.004259665166750469 0 
0.0003425886690026829 0.004282901483106148 0 
0.0003178971617077216 0.004321118067346789 0 
0.0003680902648574655 0.004344722762125248 0 
0.0003498471605799963 0.004373050377220809 0 
0.0003939981505696632 0.004396019888405717 0 
0.0003802418388791848 0.004417925084834078 0 
0.0004193049105574474 0.004439685909340305 0 
0.0004085798784422655 0.004457248061743677 0 
0.0004433955732560383 0.004477509011242647 0 
0.0004346657105228647 0.004491869059486242 0 
0.0004658778239875718 0.004510509422801168 0 
0.0004584291259381151 0.004522600888391455 0 
0.0004865584950038493 0.004539551925325152 0 
0.0004798514322722529 0.004550025513063923 0 
0.0005053598660231001 0.00456528373586601 0 
0.000498940236324117 0.004574726811216338 0 
0.0005222343592286568 0.004588287838258532 0 
0.0005157436386007666 0.004597235111100255 0 
0.0005371825517765762 0.004609138280657486 0 
0.0005303549281197778 0.004617999830949151 0 
0.0005502470186574792 0.004628313546568191 0 
0.0005428806425343781 0.004637297533437972 0 
0.000561487912200398 0.004646088514135845 0 
0.0005534161770415301 0.004655352602258116 0 
0.0005709605836459761 0.004662683646932162 0 
0.0005620695716035956 0.004672621944148216 0 
0.0005787631567512631 0.004678597768321003 0 
0.0005689637403947312 0.004689305574155809 0 
0.0005850218528693969 0.004694021321687296 0 
0.0005742424577466047 0.00470561787404807 0 
0.0005898451313474842 0.004709174457279442 0 
0.0005780700511168507 0.004721784753144516 0 
0.0005933574621577023 0.004724305305266278 0 
0.0005806433028701521 0.004738043967703458 0 
0.0005957153115053967 0.004739688605267134 0 
0.0005821582319540204 0.004754546524230255 0 
0.0005971157915259722 0.004755477448910992 0 
0.0005828105486644663 0.004771437598897128 0 
0.0005977063653491601 0.004771780297909478 0 
0.000582995353270397 0.004788882520837482 0 
0.0005978512196510258 0.004788951819917318 0 
0.0002913911649795708 0.0007381025765331254 0 
0.0002251025519572475 0.0007512417429281245 0 
0.0002987824228962332 0.0005810668841701558 0 
0.000226451339098488 0.0005981858971288098 0 
0.0003181477003505433 0.0004769836880064921 0 
0.0002532431283068547 0.0004983856120064792 0 
0.0003415886881176543 0.0004002689726859079 0 
0.000284620936966613 0.0004234706970771212 0 
0.0003670092798566268 0.0003389363817183951 0 
0.0003170799677147768 0.0003624764720024478 0 
0.0003928443187310215 0.0002880184521540536 0 
0.0003489378805795004 0.0003109204600722818 0 
0.0004180993281762648 0.0002446807516475785 0 
0.0003792309003199554 0.0002663799275877849 0 
0.0004421682788651322 0.000207040923011356 0 
0.0004074763744274695 0.0002272640390119752 0 
0.0004646735401421048 0.0001740760196954753 0 
0.0004334966686387384 0.0001927076713087119 0 
0.0004854073082381845 0.0001449501995298366 0 
0.0004572284003133906 0.0001619149790184376 0 
0.0005042744098119177 0.0001189971072769078 0 
0.0004786529726534341 0.0001342867221988231 0 
0.0005212248930545241 9.570917668262276e-05 0 
0.0004977802742561677 0.0001093210083784739 0 
0.0005362515075200166 7.460790675634374e-05 0 
0.0005146436755710202 8.656582207305943e-05 0 
0.0005493723201038647 5.525717317941322e-05 0 
0.0005293108476682369 6.560766043923238e-05 0 
0.0005606330233812142 3.729924728223669e-05 0 
0.0005418734006282984 4.610544408079e-05 0 
0.0005700947613777406 2.041698519376812e-05 0 
0.000552448133914453 2.776472068606726e-05 0 
0.0005778939220432726 4.403494087394722e-06 0 
0.0005611548759158167 1.040310379595102e-05 0 
0.0005840790349284021 -1.072592847901052e-05 0 
0.0005680436699083208 -6.063462582348564e-06 0 
0.0005888327616528822 -2.585061774947766e-05 0 
0.0005732763355299818 -2.23317083525027e-05 0 
0.0005923593446415466 -4.104835639382194e-05 0 
0.0005770865497890446 -3.851586896775912e-05 0 
0.0005947589011630299 -5.643583665221554e-05 0 
0.0005796753401043358 -5.476974290392957e-05 0 
0.0005961705466281737 -7.222940881700061e-05 0 
0.0005811978649467993 -7.129511838879611e-05 0 
0.0005967993453679042 -8.861793967090418e-05 0 
0.0005818824535771519 -8.824317370107897e-05 0 
0.000596961386750156 -0.0001057470452975141 0 
0.0005820853890697504 -0.000105669468176998 0 
-0.0002195936732232689 0.003461924769000418 0 
-0.0001446456401132753 0.003691148492183796 0 
-8.232910433619878e-05 0.003930679388489107 0 
-3.603273294812262e-05 0.004177725168224171 0 
-7.761881226094484e-06 0.004429362751768884 0 
0.0001837048879789449 0.004683368178217512 0 
0.000349716621654435 0.004683368178217512 0 
0.000503730657962372 0.004683368178217512 0 
0.0006405269135539614 0.004683368178217512 0 
0.0007550652172583666 0.004683368178217512 0 
0.0008472480403720778 0.004683368178217512 0 
0.0008942333058290802 0.004683368178217512 0 
0.0009221626852213173 0.004683368178217512 0 
0.0009312075150842634 0.004683368178217512 0 
0.0009288437581461618 0.004683368178217512 0 
0.0009215619799834295 0.004683368178217512 0 
0.0009116841688463691 0.004683368178217512 0 
0.0008933361251627557 0.004707639992097425 0 
0.0008792259441880374 0.00473108986795321 0 
0.0008560455819711968 0.004752602820806221 0 
0.0008248711050999165 0.004771089681592657 0 
0.0007873869275478264 0.00478569821712099 0 
0.0007455853976546043 0.004796045768583921 0 
0.0007015246095487816 0.004802298689008708 0 
0.0006568325938147737 0.004805235495018144 0 
0.000897973278790282 0.004683368178217512 0 
-0.0005396925177036956 0.002693642731544332 0 
1.9553738807768e-06 0.004683368178217512 0 
-0.0004693293072658235 0.002861646387650046 0 
-0.0003886332440401556 0.003045476261179784 0 
-0.0003028270101936364 0.00324597086330898 0 
0.0002743694151454239 0.003339917915354946 0 
0.0003685825930046171 0.003660736392330655 0 
0.0003976662563608129 0.003833341763508336 0 
0.0003262250116918449 0.003491919972812577 0 
0.0002184086782519122 0.003210417160557973 0 
0.0004842022980187194 0.004421161710829537 0 
0.0005174604760314021 0.004501818953283988 0 
0.0005505599756725697 0.004563226777742077 0 
0.0005648026697550855 0.004587833391311264 0 
0.0005768423484397037 0.00460891214123503 0 
0.0005872545486298624 0.004627400388584626 0 
0.0004275444171088948 0.004120297767281772 0 
0.0004397355905623064 0.00422359312429865 0 
0.0004543325431843246 0.004304989702091789 0 
0.0004153137187678238 0.00399089669006629 0 
0.0004693635780483033 0.004369754840929565 0 
0.0005007775103004273 0.004464438372056355 0 
0.000534957147267939 0.004534958080143282 0 
0.0005974211982585221 0.004644408458358106 0 
0.0006073810194113625 0.004660455003116324 0 
0.0006172957964197899 0.004687247906349712 0 
0.0006219423614304654 0.004700207873597948 0 
0.0006272913326029157 0.004725537002412353 0 
0.0006345103080178561 0.004750847307100693 0 
0.000642584053242885 0.004763880513561154 0 
-0.0001316090123517396 0.002776328893703332 0 
-5.18979565985437e-05 0.002845062014153729 0 
-1.374854805025337e-05 0.002874627814411663 0 
2.48185516939611e-05 0.002909651611561311 0 
6.598346355652377e-05 0.002955333328486109 0 
0.0001638501270579294 0.003104774332343685 0 
0.000112069111715656 0.003018613416465572 0 
-0.0003587510351255407 0.002693020268307851 0 
-0.0002695933096586081 0.002733076585769811 0 
-0.000197377665261831 0.002754735474919088 0 
-0.0001644840454018769 0.00276307571806299 0 
-9.043622045002004e-05 0.002815156051167734 0 
0.0003858530686330812 0.003612539284549074 0 
0.0004218480601193835 0.003748835519609815 0 
0.0004487617456841363 0.003886669333449199 0 
0.0003402240901877015 0.003481189677885637 0 
0.0004695069501750402 0.004017370754403498 0 
0.0002875288194608646 0.003359820492751464 0 
0.0006143113330527151 0.004674632168739675 0 
0.0006292480890569482 0.004738401974783082 0 
0.0006255848535441811 0.004712898020957878 0 
0.0006101427130359425 0.004616989260001232 0 
0.000601281209419219 0.004595984875866982 0 
0.0006159612091855552 0.004634138682817072 0 
0.0004984388721912895 0.004227105415626313 0 
0.0005466844687141684 0.004468036106903725 0 
0.0005102961259505785 0.00430834584028492 0 
0.0005356179426459847 0.004425978762844607 0 
0.0005596689171810021 0.00450599677883182 0 
0.0005234081042991589 0.004374581327354124 0 
0.0005746258877493109 0.004540427906372016 0 
0.000589198827632398 0.004570599940020093 0 
0.0006225287477458268 0.004649136184166081 0 
0.0006443173435487587 0.004701349326870973 0 
0.0006583598215905569 0.004752241799903174 0 
0.0006341562312578688 0.004664961699628414 0 
0.0004856942324599873 0.004130543227153079 0 
-0.0004266876587628481 0.002683061394891466 0 
-0.0003433426010375796 0.002669063884255981 0 
-0.0002316060360610334 0.00274709904166866 0 
9.15163389710103e-05 0.003052992588798084 0 
5.327438419543884e-05 0.00302024726216624 0 
0.0001308190220330699 0.00309532419400529 0 
-3.567788226178083e-05 0.00296148655036571 0 
-9.683966895382603e-05 0.002870144487815007 0 
-0.0003902766575629369 0.0026959232793595 0 
1.336191202193023e-05 0.002992660795518745 0 
0.0001760561176089058 0.003157111380329733 0 
-0.0004605770120633713 0.002670897580332272 0 
-0.0001178952380916648 0.002877520890551423 0 
-0.0002361165641207801 0.002845585645311357 0 
-0.0005124796405774382 0.00268092888508359 0 
0.0002332015551575375 0.003256069586445268 0 
0.000658748236552978 0.004778378526331501 0 
0.0006483668368210186 0.004726315180561738 0 
-0.0004334115940482959 0.002780304684640501 0 
0.0004025548359117067 0.00360480502168309 0 
0.0004714055567208289 0.003827873834359168 0 
0.0004433258951559662 0.003719912962177931 0 
0.000492562526880211 0.003933064276055268 0 
0.0003519256283190271 0.00348887151737122 0 
0.0005162028140173599 0.004041503565670458 0 
0.0006023915080251812 0.004509315667675933 0 
0.0006397816564217434 0.004603378571779768 0 
0.0005991709253446388 0.004472597709339908 0 
0.0006141197203180679 0.004543892884375844 0 
0.000552622631779695 0.004233735484509413 0 
0.0005632882849033456 0.004312360333787838 0 
0.0005744960991564914 0.004377494215169721 0 
0.0006278348041905316 0.004575659416215469 0 
0.0006477511663225705 0.004626854437370079 0 
0.0006423709407157729 0.004651899470226322 0 
0.0006461577711707628 0.004642709881565607 0 
0.0006575817772795445 0.004663980399190298 0 
0.000301742810498727 0.003397158841829946 0 
0.00053737569989519 0.004141692042551524 0 
0.0001314033526552023 0.003170036063743063 0 
0.0001681827392363253 0.003200509573246327 0 
0.0002013453416708258 0.003233392803929663 0 
9.431113962420633e-05 0.003147947623362449 0 
5.555255749000626e-05 0.003131536734227555 0 
2.138689889107934e-05 0.003133761492647993 0 
-8.908277011077022e-05 0.00300309023219919 0 
0.0002252773703060861 0.003261244997550253 0 
-0.0001892102731369572 0.002866365706432906 0 
-0.0003883721514151434 0.002785274789470422 0 
-0.0004517842421254028 0.002796467533136448 0 
-0.0002991291687677432 0.002803191382117341 0 
0.0006464396868682942 0.004682642021347614 0 
0.0006529028487675257 0.004742963483549482 0 
0.0004067233582732289 0.003598886575889214 0 
0.0005249118011794521 0.003969102953014404 0 
0.0006757215619135493 0.004656215702335114 0 
0.0001458845862750996 0.003289784097248747 0 
0.0006519395495527158 0.004545242716187768 0 
0.0006025154970290091 0.004246110169920578 0 
0.0002504444877061491 0.003349328085945181 0 
0.0001868078225122231 0.003311378227605376 0 
0.0005836076506137439 0.004149850382327447 0 
0.0003416532321840522 0.003491607882587444 0 
-0.0003520619030567549 0.002906653139719507 0 
-0.0001836594587514996 0.002977677186373447 0 
-0.0001497745669784221 0.002876530223475034 0 
0.0006740710135673574 0.004732987857149221 0 
0.0006747778226383555 0.004679716378771499 0 
-0.0002436694890945692 0.002938787875723187 0 
0.0006740113765642628 0.004714839953961646 0 
0.0006758954611479736 0.004753488309813741 0 
-0.0001118542510574134 0.00314803621365944 0 
-0.000380888493285047 0.0029308401951393 0 
-0.0002933014383155862 0.002929186922801187 0 
-5.428885543792962e-05 0.003150924949996126 0 
0.0006656518424520791 0.00469952234548 0 
0.0007083984839564316 0.004730433461885807 0 
0.0005045943806633692 0.003831632679426061 0 
-1.198114632205643e-05 0.003145334784316498 0 
0.0006766408463249046 0.004608373430276556 0 
0.0006932143961901961 0.00464080135235672 0 
0.000700360579239441 0.004673699301532287 0 
0.0006672308368482281 0.004225046918598627 0 
0.0004336549913004358 0.003664094684204797 0 
0.0006509580933303854 0.004424698843454111 0 
0.0006608212758456305 0.004489639448277033 0 
0.0003001899059017974 0.003502647653833447 0 
0.0002317834344485322 0.003442563181874323 0 
0.0006565510607179645 0.00435194016472551 0 
0.0003478772311784808 0.003522591794156699 0 
2.712566280771119e-05 0.003925669953639781 0 
-6.099236569394443e-05 0.003696843047281243 0 
-0.0003409704325733535 0.003082090934503639 0 
-0.0002491436430087096 0.003273430559556068 0 
-0.0001545525160607377 0.003479018647375866 0 
0.0001658265563586799 0.00442017877678749 0 
-0.0002974384993851704 0.003092961094625881 0 
0.0007200821597874108 0.004691173317138669 0 
0.0005110800221621569 0.003802305720804289 0 
0.0007072176811758825 0.004606970436676846 0 
0.0006868047847905613 0.004541713119926732 0 
0.000726263894707419 0.0046653068018965 0 
0.0005730021011734657 0.00395840834594444 0 
0.0001916310633023063 0.003471860280311094 0 
0.0007097107276264472 0.004751235148016566 0 
0.0007029405427014258 0.004712826121033863 0 
4.027643286758487e-05 0.003312386905681871 0 
0.0007265126397535764 0.004502558690144703 0 
0.0007214055071898842 0.00431075258622876 0 
0.0007179959010721702 0.004446751441541275 0 
0.000372953725008462 0.003659796312537948 0 
0.0004627879713976598 0.00373391486947004 0 
0.0003951095449234813 0.003634085908056316 0 
0.0001066736349327469 0.004168439340255354 0 
0.0001014134022270019 0.003876510172619749 0 
-0.00010303835619836 0.003463306865596284 0 
-0.0002027017124711801 0.003273686770359953 0 
-1.088342236491113e-06 0.003665139406306964 0 
-0.0001308142865800935 0.003217687477513464 0 
0.0008618730714057452 0.0047279355865361 0 
0.0008886334903652665 0.00471202455506589 0 
0.000905718937037225 0.004697006054768824 0 
0.0008281948692374162 0.00474334301414261 0 
0.0007899208569234322 0.004756966355808286 0 
0.0007345636418868039 0.004708055502629854 0 
0.0001404651980755467 0.003476534512309697 0 
0.0005101457748295146 0.00381172273189246 0 
0.0007325848469438865 0.00454920542908455 0 
0.0006529850628648463 0.004105118947454535 0 
0.0003445562265173754 0.003690772788112919 0 
0.0007483139857194233 0.004744665995195518 0 
0.0007275938175588282 0.00463355413974051 0 
-6.667663270657206e-08 0.003335667213008309 0 
0.0005903752084891391 0.003959956821734072 0 
0.0007438032739782562 0.004725222687453962 0 
0.000769795826943638 0.004465813728982244 0 
0.0007472514921823191 0.004315658022416359 0 
0.000428635997780743 0.003792901226519522 0 
0.0005152731880677736 0.003847137136632327 0 
4.062010640805296e-05 0.003612080829400222 0 
-6.305330988262884e-05 0.00342881439609495 0 
0.0001446470301284492 0.003800080751412813 0 
0.0002080073672105742 0.004106874213012918 0 
0.0007498278185478523 0.00468431340704143 0 
0.0008912934958778977 0.004698850103971994 0 
0.0008604003521606295 0.004710998477902842 0 
0.000748719183052724 0.004767850341249377 0 
0.0008251603535571536 0.004723605352820795 0 
0.0007329866697423732 0.004582762256086265 0 
-0.0004206485904436298 0.002915603138765167 0 
-0.0001634857303475212 0.003254083591545039 0 
0.0007309524226142738 0.004604156757853508 0 
0.0001024475621642568 0.003506144458199566 0 
0.0005598533450656114 0.003908607020820967 0 
0.0007816734260203 0.004525905613552901 0 
0.0007799110824606449 0.004717412493668745 0 
0.0005809264639358418 0.003937844744075256 0 
0.0006553814582979392 0.004090118189969958 0 
-3.044868146699935e-05 0.003383118680852341 0 
0.0007031431760777452 0.004213987247896091 0 
0.0003486948423310466 0.003776248681632346 0 
0.0007828390168710096 0.004404243045442189 0 
0.0005146575494464633 0.003909090159843044 0 
0.0007805302025139568 0.004570642232231797 0 
0.0001707518839871928 0.003722101397710498 0 
7.251183801236822e-05 0.003557236037092265 0 
0.0007539276849179609 0.004622002255851057 0 
0.000250339655717024 0.003987080430357852 0 
0.0007677126629884609 0.004701164220264589 0 
0.0008162042153282846 0.004707673150899722 0 
0.0008516056939826903 0.004696642146372646 0 
0.0002290750437375469 0.003629770017799668 0 
0.0006235820507811517 0.004038333418857279 0 
0.0007135811852071493 0.004209427980465516 0 
0.0008014296583844203 0.004692328099240996 0 
0.0008356797495913031 0.004556607744050306 0 
0.0007875470482260808 0.004735179192253281 0 
0.0006474510743119442 0.004070128700118483 0 
0.0007807031810470471 0.004675397748141804 0 
0.0004562171904563013 0.003897238624411118 0 
0.0002756768212589125 0.003794755889899446 0 
0.0002640257722998536 0.00387553822043927 0 
0.0008350507954238904 0.004681833351071069 0 
0.0008854232157057708 0.004685415436152398 0 
0.0003104576936260533 0.003776492117627991 0 
0.0008056268659705672 0.004624818659816482 0 
0.0007827750283638436 0.004643296991741663 0 
0.0006910333825576431 0.004181103222398605 0 
0.0007116449033502174 0.004200394870514204 0 
0.0005730240280427436 0.004081801487218642 0 
0.0007652466825229828 0.004319165053734823 0 
0.0003377037874417333 0.003900581497957035 0 
0.0008113435021820281 0.004663995350256494 0 
0.0003599073988228526 0.004153303450294118 0 
0.0004311484510524471 0.003926694584334352 0 
0.0008667358557371828 0.004670235900674797 0 
0.0008076524861892515 0.004413255996528486 0 
0.0008390377780308441 0.004649413571154871 0 
0.0007580625168963351 0.004326638374986122 0 
0.0006478508742950339 0.004146694045803853 0 
0.000353656956260336 0.004002297603274226 0 
0.0003840604156313086 0.003921253328652848 0 
0.0003338991476693133 0.004377350506547099 0 
0.0005152430251651254 0.004099871475729148 0 
0.0009172056437941267 0.004677092111357565 0 
0.0007711116590689327 0.004323434575905389 0 
0.0008112806838039523 0.004482579703391325 0 
0.0004958105157009598 0.004464035581234577 0 
0.0005798655514335874 0.003988148174177579 0 
0.0007218857400639443 0.004324251961870672 0 
0.0008918430064641005 0.00465753059385318 0 
0.0006627835761173293 0.004309852397134429 0 
0.0008235454800943504 0.004598576082709965 0 
0.0008605617026692492 0.004630992308911516 0 
0.000821510424818864 0.004429514210035975 0 
0.0008737924861939096 0.004608136645180804 0 
0.0008401064892757541 0.004489451777429199 0 
0.0007239799728556327 0.004504167210570118 0 
0.0007877280146987068 0.004499362087113586 0 
0.0005822248033159701 0.004295893191157864 0 
0.0008183420866824737 0.004460594530801954 0 
0.0008592604524999372 0.004510506371781784 0 
0.0004780702504790032 0.004255840523037079 0 
0.0009020654591117836 0.004613646686781723 0 
0.0004401777226535774 0.004077427895600478 0 
0.000624148066226321 0.004495487238820296 0 
0.0009132148639713687 0.004689426795991788 0 
0.0009234377726797932 0.004662402138188318 0 
0.0008651227764192892 0.00455949772225332 0 
0.0009183444818873796 0.004645370531490301 0 
0.0009039919956656258 0.004639314148580135 0 
0.0008643664634301869 0.004548930374118614 0 
-0.0004869690319799708 0.002674912222037411 0 
-0.0004696344456774766 0.002801987537701385 0 
0.0007056906151746696 0.004775402178227379 0 
0.0008985266175429254 0.004613889613430285 0 
0.0008858472201404857 0.004570522423108977 0 
-0.0004273487154826471 0.00274944481942571 0 
-0.0003443999791789165 0.002806636150144809 0 
-0.000309632740098476 0.002707903057687417 0 
0.0006444453917833648 0.004736068034208896 0 
0.0006363897490767445 0.004690890428709494 0 
-0.0002597920945186923 0.003083285706416794 0 
0.0008814118804885217 0.004590700479826671 0 
-0.0002207607274173381 0.003072078167828548 0 
0.0007552866303340687 0.004656157479491455 0 
0.0001953622078546154 0.003662046564055747 0 
-0.000193513386980614 0.003052322988085781 0 
-0.0001306509876274483 0.003000455975904719 0 
-5.455441995808908e-05 0.002997410482170857 0 
0.0006487025784185284 0.004714120285225733 0 
0.000691631171891054 0.00469629624620762 0 
0.0005912305343354188 0.00442938938103318 0 
0.0007711428581196067 0.00460147970171357 0 
0.000749467038553969 0.004394111692320324 0 
0.0006852107345263813 0.004217630336374572 0 
0.0006393379731697908 0.004113478485036551 0 
0.0006054664164947285 0.004006487442601469 0 
0.0004538164492172341 0.003764072885691036 0 
0.0003816845201165297 0.003785840813789871 0 
0.0002772064774991886 0.003638158443659526 0 
0.000706403400956551 0.004378291358935738 0 
0.0006878333355995854 0.004299011516653721 0 
0.0006263580909141474 0.004156750802334186 0 
0.0005747368274371447 0.004024810705073256 0 
0.0001042126004627915 0.003276597569807848 0 
0.0005152749115484673 0.003810314130475332 0 
0.0002908720487181717 0.00357014239993185 0 
0.0002150406686639707 0.003319596387932328 0 
7.832059904798367e-05 0.003298226512880742 0 
0.0006976425102329999 0.004577918294935509 0 
0.0006462867443039974 0.004269572649672913 0 
0.0002764238780359451 0.003369484329607342 0 
0.000175706524213687 0.003396497263946658 0 
0.0005223080590377093 0.003915811623148541 0 
0.0004631787673508961 0.003719445459779067 0 
0.0004101906035050604 0.003604375382845116 0 
0.0006645160800997076 0.004578368612606663 0 
0.0006392967584017213 0.004516886591365486 0 
0.0006143851063386058 0.004375591337051288 0 
0.0006126117589424437 0.004323660363495824 0 
0.0005540339648225206 0.004050836280141149 0 
0.0002880924518049521 0.003447996456726572 0 
-0.0005315002117862184 0.001970074869136559 0 
0.000651539850099343 -0.0001223249499854051 0 
0.0007556827537612805 0 0 
0.0003493389724970571 0 0 
0.0008374108380520521 -8.10816119284509e-05 0 
-0.0001760002487816455 0.001095044831245093 0 
0.0009231975808381436 0 0 
0.0008419672346450604 0 0 
0.0005036527070665616 0 0 
0.0006420034327810565 0 0 
0.0009280601017700657 0 0 
-0.0003599139721120347 0.001572591229498338 0 
0.0008632967021290464 -6.335230423034796e-05 0 
0.0008823657258756316 -4.330677865897308e-05 0 
0.0008937899796041247 -2.191836253261999e-05 0 
-1.122772464870791e-05 0.0002814465029432088 0 
0.0008975664726266553 0 0 
0 0 0 
-4.527452151628497e-05 0.0005602090219828149 0 
0.0009115268081131617 0 0 
0.0009303320545540129 0 0 
0.0006917053053173379 -0.0001199996335246313 0 
0.000731590326626358 -0.000115092610855294 0 
0.0007701767121308296 -0.0001071444436683419 0 
0.0008059136091271491 -9.581994158930449e-05 0 
0.000921048200530636 0 0 
-0.0002647194613853114 0.001342894103312577 0 
0.0001812145939814224 0 0 
0.0008940549462547569 0 0 
-0.0004526565652758441 0.001781904258799061 0 
-0.0001011376802961363 0.0008327536753938037 0 
0.0002243938135671413 0.001459694049062503 0 
0.000332651523745656 0.001164483025243566 0 
0.0003749054682635143 0.0009879528456838919 0 
0.000280626812887663 0.001324383009758056 0 
0.0001697154726484424 0.001567668233716558 0 
0.000571502321216433 7.43302456194604e-05 0 
0.000558745838847989 9.498393026467747e-05 0 
0.0005450589585928744 0.0001179777407399645 0 
0.000530432546243361 0.0001440629726830958 0 
0.0005023416298231967 0.0002077679319847575 0 
0.0004742885195576491 0.0002967718777809015 0 
0.0004199344692621607 0.0006593804491331329 0 
0.0004453406994240496 0.0004344181764141873 0 
0.00043278934421885 0.0005333036158299655 0 
0.0004033293111096895 0.0008139087489430861 0 
0.0004889887920215248 0.0002475369955588296 0 
0.0004601462659111017 0.0003573819429387947 0 
0.0006275223265690581 -5.621592766693977e-05 0 
0.0006192774978477222 -3.217384985450931e-05 0 
0.000623645334690419 -7.93723532881933e-06 0 
0.0006148599354748454 7.69669263382667e-06 0 
0.0005944991375828237 3.898122196581275e-05 0 
0.0005834441554139142 5.586928843689824e-05 0 
0.0005156105507175692 0.000174074328732029 0 
0.0006530228446037895 -9.862857554862348e-05 0 
-0.000152679509816067 0.001906022976837317 0 
-0.0002587080382287646 0.001944683508251419 0 
-0.0003703782622309818 0.002002008540405071 0 
-0.0004328800748809685 0.002021992045498773 0 
7.269767069264044e-05 0.001717364131600421 0 
-9.812659062841662e-06 0.001810784578530881 0 
-4.754704897444901e-05 0.00184411136232394 0 
-8.39063336584243e-05 0.001870949162967456 0 
0.0001190650468613249 0.00165167660516184 0 
3.042470895527957e-05 0.001768325754362565 0 
-0.0001184456802723195 0.001890416169629216 0 
-0.0001854045861029018 0.001913661152036272 0 
-0.0002194688723628828 0.001921970401319493 0 
-0.0002978451592542851 0.001965876149157363 0 
-0.0003351157288362595 0.001985118941689465 0 
-0.0004036817503821195 0.002016270794552703 0 
-0.0004538364110177196 0.002007756426030238 0 
-0.0004689823809962171 0.001979020983101361 0 
0.0002969473834845751 0.001300731117063187 0 
0.000350254466967171 0.001170477286780252 0 
0.0003973482482031092 0.001028239776473549 0 
0.000244005266558237 0.001407805058062697 0 
0.0004349139706587543 0.0008812961907826664 0 
0.0001946476089657654 0.001491639894739909 0 
0.0006243524811912545 -4.324274898073548e-05 0 
0.0006303057710326564 -2.449944891888671e-05 0 
0.0006051830304759224 2.317155893312191e-05 0 
0.0005770160485124999 0.000108278103554123 0 
0.0005878520731955558 8.698146568104875e-05 0 
0.0005644827576548129 0.0001327025095638942 0 
0.0006306255895218527 -6.952889293946605e-05 0 
0.0005319471675920347 0.0002746417568145281 0 
0.0004813170447374812 0.0006099157209273812 0 
0.0004962789334638173 0.0004995445471261897 0 
0.0005214796691927617 0.0003336765119918294 0 
0.000541902370348063 0.0002263945206237526 0 
0.0005089700766548966 0.0004084999929879953 0 
0.0005489029425160972 0.0001890681825283181 0 
0.0005530304655677437 0.00016039907236786 0 
0.0005984513403525889 6.766385371181926e-05 0 
0.0006527571255458256 -1.041108014423111e-05 0 
0.000609542942263587 5.037674405279992e-05 0 
0.0004630664016674379 0.0007380299459861173 0 
-0.0004090863857583507 0.001933196728932447 0 
-0.0003819586674920603 0.001947796727500796 0 
-9.577165046541934e-05 0.001780400050774848 0 
-2.17437254515615e-05 0.00173740442852042 0 
2.011707312933145e-05 0.001700964023529645 0 
-0.0001275992126374957 0.001784275489090966 0 
-0.0002203556330262567 0.001833575385809684 0 
-0.0002672668649076277 0.001868502074406957 0 
-0.0003474774594969501 0.001925052180690354 0 
-5.939125256265981e-05 0.001761824857052549 0 
6.257398795459206e-05 0.001659047080326018 0 
0.0001051957505307018 0.001612051547404435 0 
-0.0001597424669065507 0.001772053265780768 0 
-0.0003091552272906548 0.001897485492060935 0 
-0.0004054869696823592 0.001882807180230429 0 
0.0001489886552168974 0.001557326324893418 0 
-0.0004796102915491145 0.001926101557989653 0 
0.0006459233394907184 -5.439515709662042e-05 0 
0.000362552410915527 0.001166170792423109 0 
0.0004571973391142334 0.0009156008826853982 0 
0.0004136209878247945 0.001043527688968618 0 
0.0004897933870944258 0.0007958041607113536 0 
0.0003154540322641083 0.001262271949165887 0 
0.0005185369952004316 0.0006721476520671592 0 
0.0006100883747506683 0.0001017376694833007 0 
0.0006173649292700675 8.161436875186863e-05 0 
0.000596898124176877 0.0001257236982805839 0 
0.0005919754085338942 0.0002064181646481169 0 
0.0005873921988998844 0.0002533136108705753 0 
0.0005543538016080183 0.0004664843588398 0 
0.0005983035895248836 0.0001643044615963279 0 
0.0005654053659925949 0.0003843308645278171 0 
0.0005800560825252812 0.000311387930771463 0 
0.0005829478471382586 0.0001495281267155755 0 
0.0006244454932816612 6.406560909066621e-05 0 
0.0006358573957226287 4.829013322429954e-05 0 
0.0002725513343153686 0.001336279373363363 0 
0.000537279346489814 0.0005651021676358227 0 
9.910924210049685e-05 0.00154745780835027 0 
0.0001474516294347204 0.001495355823413859 0 
5.104265353777839e-05 0.001593963275912916 0 
8.130864519818951e-06 0.001628055698934291 0 
0.0001908769604114297 0.001446255110317098 0 
-3.085815529857058e-05 0.001652108629458746 0 
-5.856277152024085e-05 0.001654364058385401 0 
-0.0001306812645190826 0.001644153182190489 0 
-0.0002346676808167668 0.001771124787937836 0 
-0.0002639281572381952 0.001719358546409445 0 
0.0002313247759576714 0.001396254267881461 0 
0.0006413502889171875 5.165839575940517e-06 0 
0.0006556579391387078 -7.12259092783112e-05 0 
0.0006657769109359423 -8.032938050505994e-05 0 
0.0006688127302596037 -2.871182582760644e-05 0 
-0.0003879042809409544 0.001807844714936747 0 
-0.0003198304722999753 0.00174268596976623 0 
0.0003837153476831088 0.001127454131956912 0 
0.0005231331841675185 0.000799772190538001 0 
0.0006452484542533324 6.289353105037735e-05 0 
0.0006484925027442932 9.736095917112046e-05 0 
0.0006361744250065386 0.0001897678183877218 0 
0.0006178591697803828 0.000428026608752596 0 
0.0006396819311601984 0.000155771044760458 0 
3.2082304110195e-05 0.001486909011518363 0 
0.0002435418697080322 0.001317140550699032 0 
-1.395580326740031e-05 0.001476541912018425 0 
0.0005802055823988101 0.0006043004038588053 0 
0.0003154769188344695 0.001237959927524799 0 
0.000672669100419082 -5.636758204745257e-05 0 
0.0006775420519904495 -7.282195526646075e-06 0 
0.000620451800533562 3.486064461776942e-05 0 
0.000694633759030446 -2.013186820379764e-05 0 
-0.0001413005846253375 0.001547050827053286 0 
-4.742837794872317e-05 0.001462388059446316 0 
0.0007073125367655457 -1.207779880343516e-05 0 
0.000690150345523092 -7.397442028757008e-05 0 
0.0006989082663119431 -4.456923865366622e-05 0 
7.862236049678986e-05 0.001291555822534681 0 
0.00065736018850035 1.998980223508333e-05 0 
0.0004188654015361828 0.001055044138380459 0 
0.0006767205826440144 3.721141913833963e-05 0 
0.0006401194780822846 0.0002915228982320294 0 
8.068514880416493e-05 0.001486781787504305 0 
0.0003511750720848033 0.0011843557253273 0 
-1.927120283991645e-05 0.001342950389093659 0 
0.0006542704256474746 0.0005240451949303606 0 
6.836091380225045e-05 0.001374255467405954 0 
0.0006443366162121811 0.0001315463659423123 0 
0.000692928364604711 0.000188334395538157 0 
0.0006432462708961825 0.0004748566383950956 0 
0.0002884365588893515 0.001265610491355056 0 
0.0008680326062678108 -4.292895650457123e-05 0 
0.0008396202862532355 -5.772788750014203e-05 0 
0.0007311703689016286 -8.728497290948232e-05 0 
0.0007701471685650094 -7.991609561244229e-05 0 
0.000806717217889656 -7.028632295613743e-05 0 
0.0009059703134958543 -1.285525977071757e-05 0 
0.0007267753822074772 -6.13405752459027e-05 0 
0.0005845475311653607 0.0007103466220275518 0 
0.0002623126621463155 0.00123010278656783 0 
0.0005033330649482333 0.0008824840250769905 0 
0.0006837774903671219 0.0002429559325125099 0 
0.0006704583125459088 0.0003334348362073463 0 
0.0003897821995066801 0.00109883280479599 0 
0.0001842697620941194 0.001332426681619872 0 
-0.0001021705610959746 0.001427216672502338 0 
8.932069542820765e-05 0.001199275570169311 0 
0.0006907791541689129 8.374987902556931e-06 0 
0.0007127005539681728 8.598253357842811e-05 0 
0.0007135758689836544 0.0001309054076887501 0 
0.0007138120627625191 0.0004051802830656876 0 
0.0007254745464900878 -2.961969014188388e-05 0 
0.0008910240543878542 -2.731698233740996e-05 0 
0.0008661701782965046 -2.952438149323564e-05 0 
0.0008050082294605144 -5.071149187625655e-05 0 
0.0007695811229739258 -5.802549551382198e-05 0 
0.0008373753541584597 -4.119040859497997e-05 0 
-0.000329550611787096 0.001664725090530004 0 
-0.0002134615028766755 0.001603119856719256 0 
-8.55648037636394e-05 0.001054734497855982 0 
1.496594800461978e-05 0.0007996746987380681 0 
9.996025732353899e-05 0.0005341492697534906 0 
0.0001580913869163859 0.0002653795258271108 0 
-0.0001917259672947103 0.001293470413615646 0 
0.0007223829296175476 2.126891096015571e-05 0 
0.0006505047700573487 0.0005822804336452238 0 
0.0004110597430045255 0.001046068756039711 0 
0.0007389012529832384 0.0001864576707933068 0 
0.0002080574996502048 0.001035870980365292 0 
-2.543418428628913e-06 0.00125323764637348 0 
0.0006963112899447752 0.0003677240637255966 0 
0.0007131124704256682 4.751325392817749e-05 0 
-0.0001690330112351073 0.001502470234789363 0 
0.0007285198087427454 -1.326216155318335e-05 0 
0.0007117914482261858 0.0002554120956548543 0 
0.0007665963449207679 7.686997144350986e-05 0 
0.0008026306844064617 -3.400679065469644e-05 0 
0.0008323304418432901 -2.828165540978803e-05 0 
0.000859307750144145 -1.917853982614539e-05 0 
0.0008909140128489933 -1.731374843876897e-05 0 
-0.0002692206492956477 0.001627298289242402 0 
0.0005410984296978887 0.0008198810049240097 0 
0.000107638475367176 0.0008117822858615787 0 
-1.170615824547329e-05 0.001054616469256785 0 
-0.0001278089650016788 0.001278287440745236 0 
-0.0002971546034881299 0.001515758066971303 0 
0.0004970676241597064 0.0009046300871782679 0 
0.0006930384574591805 -9.534976888671513e-05 0 
0.0007704582723641436 -3.94991127806527e-05 0 
0.0007220728049218704 -5.197525029465545e-07 0 
0.0007171080741496578 0.0004501279717159267 0 
0.0007592623554317215 0.0001251396390978806 0 
0.0007652956153264445 -2.369202501313905e-05 0 
0.0007776353188981102 0.0001928956138908379 0 
0.0007423745981524887 0.0002739637253512525 0 
0.0003038928666807407 0.001001663646407766 0 
0.0007605997848590645 4.338424838715097e-05 0 
0.0003152170448362908 0.001091807012699242 0 
0.0006249843140496371 0.0006560431366091635 0 
-0.0002373293290055028 0.0014817119625006 0 
0.0008274771024330482 -1.792409242554665e-05 0 
0.0008020783681261293 -1.609189751403447e-05 0 
0.0008824439318604514 -1.007626735447882e-05 0 
0.0005795364187715674 0.0007421187471163518 0 
4.526422531206242e-05 0.001078383978855785 0 
0.0001724163068487009 0.000856507304846358 0 
0.0007524910419732482 2.540377278633842e-05 0 
0.0005099254507563227 0.0008459945148553085 0 
-7.409741694971699e-05 0.001296180546095532 0 
0.0008047153625866015 0.000123828335719305 0 
0.0008254233950537736 6.32570225225756e-05 0 
0.0006999290726682522 0.0005064498853455857 0 
0.0008106997910000114 0.0002057536444821616 0 
0.0001725242403945698 0.001242062750714363 0 
0.0003322460776241717 0.0008702864188208427 0 
0.0004255543932869513 0.0009553278580290329 0 
0.0007712020056406096 1.339644476548151e-05 0 
0.0008473072306454292 -8.934281771414125e-06 0 
0.0006581834604328083 0.0005789555046294481 0 
0.0002224970085189361 0.0005501811668087545 0 
0.0008055121218818693 2.676746536333731e-05 0 
0.0005907170136063495 0.0006699218854779901 0 
0.0007673471444905399 0.0002973780046995876 0 
0.0008646007285838477 7.907250032851289e-05 0 
0.0008431617511380268 0.0001330037331102198 0 
0.0004028794953060715 0.0008901405608691776 0 
0.0007675823523631635 0.0003664918442944802 0 
0.0008460170170144431 1.426422226832244e-05 0 
0.0008992557630839598 -2.937271110032093e-06 0 
8.547665180182477e-05 0.001114472547087413 0 
0.0007568304191160734 -9.390251684078736e-06 0 
0.0007276085843497948 0.0004237029086445926 0 
0.0003108531333272578 0.0006114188852779841 0 
0.0007785659096968621 0.0003271533284132576 0 
0.0004522266901366189 0.0007223198143094956 0 
0.0006574074940105089 0.0005013129522640855 0 
0.0008994803905208042 1.17723803760011e-05 0 
0.0007863887134115586 0.0002743493819454503 0 
0.0008798182852819025 4.649846071235974e-05 0 
0.0009135587101244004 -5.137886323122865e-06 0 
0.0003397447420284828 0.0007338294310034252 0 
0.0004686905156044469 0.0003214271080718216 0 
0.0005024556543034688 0.00077592975990712 0 
0.0002055114880071597 0.000931011562036876 0 
0.000896058616078828 7.119943406860607e-05 0 
0.0004766920619063062 0.0005455390112788915 0 
0.0009212348087802548 5.589261235589862e-06 0 
0.0007093263667529584 0.0003345079063237677 0 
0.0008289580208321401 0.0002332220492762595 0 
0.0008725568284512536 0.0001334049121578132 0 
0.0003131927748661506 0.000276528359885203 0 
0.0009048583102288289 3.39282053647822e-05 0 
0.0006046471628604777 0.0004176943014488385 0 
0.0007426694418269663 0.0001686662958026374 0 
0.000915789674810552 4.2774952081814e-05 0 
0.0008271772317997066 0.0001347333406529079 0 
0.0008858234540064267 0.000103800691340273 0 
0.000627255361945249 0.0002195701829170241 0 
0.000831996368274747 0.000218761488679754 0 
0.0009240785043027513 1.858185022609465e-05 0 
0.0006381554351655537 -8.284169833427504e-05 0 
-0.0003946910412184607 0.001722387094742453 0 
0.0006449683336000093 -6.512783758414146e-05 0 
0.0006413961436312162 -4.132030853266271e-05 0 
-0.000408808219901605 0.001967165243863979 0 
0.0006311457836620754 2.006636204469516e-05 0 
-0.0001904243192731544 0.001476812874119024 0 
0.0005628298491014772 0.0005989065970650396 0 
0.0007412946957567425 -4.308434505560628e-05 0 
0.0006611934937027702 -4.156586951743789e-05 0 
-0.0003506603588603299 0.001823943071027785 0 
0.0008707940648006711 1.798748336591643e-06 0 
0.0001932723579633561 0.001140114924923126 0 
-0.0003673129202853865 0.001887756937340335 0 
-0.0003142474858982476 0.001800173078258355 0 
0.0006667892951397517 6.167274359551243e-06 0 
0.0006474785226720857 3.410232096507783e-05 0 
-8.849240495843994e-05 0.001662741409978101 0 
0.0008660877466501041 3.088949133169307e-05 0 
-0.0001968154271994944 0.001750759405090106 0 
-0.0002832951524296232 0.001809450595962269 0 
-0.0003272521369732047 0.001853786848606185 0 
0.0002665292104348082 0.001111189540517157 0 
0.0008273204154701644 -6.430279553324857e-07 0 
0.0007847349669969521 -1.87898066844338e-06 0 
0.0006862709078249236 2.18671842075625e-05 0 
-0.0001905350848296275 0.0016643810775168 0 
0.000699235947407866 -3.19181723818022e-06 0 
-5.280778632020221e-05 0.001569667909234748 0 
3.101804118599324e-05 0.001535476380587434 0 
0.0001258808066841851 0.001448994852101482 0 
0.0001859159795363222 0.001383406651492298 0 
0.0001604509308552405 0.001322278003460801 0 
0.0006604258116952345 5.119544279801887e-05 0 
0.0006476492146707714 7.570725478583109e-05 0 
0.0006235950919542071 0.0001271340242072341 0 
0.0004659997125902762 0.0009444051461699295 0 
0.0005324327590102875 0.0007337098514966649 0 
0.0005801630772007345 0.0005318841703995923 0 
0.0006090178431466363 0.000367117780451702 0 
0.0006394146445776374 0.0002299149132654331 0 
0.0005928119369519408 0.0006499605641661722 0 
0.0007445883652480237 5.011806071583253e-06 0 
0.0008071170639306845 6.769113923733984e-06 0 
0.0003427721372041849 0.001131244565872271 0 
0.0006716531156045325 0.0001129462968208235 0 
0.0007120682794755507 9.047521778083363e-06 0 
0.0006776886880549357 6.299813815461289e-05 0 
0.0005379855792016395 0.0007981491035223118 0 
0.0004292913983933854 0.001035682087832215 0 
0.0004611435294382814 0.0009737748972046787 0 
0.0006697707657575371 0.0001723987272688613 0 
0.0006763997314956468 0.0001408925063341215 0 
0.0004554064915415406 0.0009885483908642109 0 
0.0006802207451984309 8.094790975951647e-05 0 
</DataArray>
<DataArray type="Float64" Name="Umag" NumberOfComponents="1" format="ascii">
0.000968991939359444 
0.001172679522810853 
0.0013685159661623 
0.001530188567057815 
0.00165436565636617 
0.001747966307106049 
0.001019589033437136 
0.001297464039485749 
0.001536958143383073 
0.001706062784709902 
0.001821537332421146 
0.001902584429375226 
0.001092833557442425 
0.001518676321479852 
0.001784620502773097 
0.001927048102497089 
0.002014334269979022 
0.002071532910913863 
0.001340658721696892 
0.001988919430975562 
0.00212428781681449 
0.002190000585965473 
0.002226548594295723 
0.00225001415777011 
0.003409194665570588 
0.002714577143548827 
0.00256317888698669 
0.002492611083906025 
0.002454793628275366 
0.002431542584957103 
0.003624553807146657 
0.003188521509314228 
0.00290737735655059 
0.002757893435998761 
0.002667724022071596 
0.002609767192822798 
0.003716959718600682 
0.003421750253010917 
0.003165517893433839 
0.002985107484796663 
0.002863515426100551 
0.002779513142162307 
0.003790547288042124 
0.003565478321746497 
0.003349304519670775 
0.003171989787662589 
0.003037472989840813 
0.002937621223456563 
0.002447558273947206 
0.002500646000580383 
0.002553329674105899 
0.002615091987041952 
0.002621111166775321 
0.002625088915991055 
0.002627838605868063 
0.002629981739871052 
0.002631980381737564 
0.002634261878232125 
0.002637215944502585 
0.002640986652313229 
0.002646015997568394 
0.002652682751257274 
0.00266142517434826 
0.002672889275109978 
0.002688062500307788 
0.002707386183001064 
0.002732231669197731 
0.002764483811695315 
0.002806680758224708 
0.002862583477328468 
0.00260598647070947 
0.002160900425846374 
0.002393682631154243 
0.002338636191321374 
0.002144905491682267 
0.002224251680772059 
0.001951453514952361 
0.002066351054474338 
0.002282132433212351 
0.002200549678300267 
0.002178971055834532 
0.002079178193503766 
0.001979134199556156 
0.001819637045864407 
0.001874518905781279 
0.001917340607325613 
0.002002030781927427 
0.0020213382915502 
0.002038032124611251 
0.002052807771584137 
0.002091590343869939 
0.002104031352798443 
0.002116857830158951 
0.002130372513357186 
0.002720248667510806 
0.002571701433785763 
0.002418770137004249 
0.002263874539369236 
0.002110115816396979 
0.001960940490150418 
0.002677559395231658 
0.002545126690146644 
0.002410288395153864 
0.002274143681642793 
0.002138160270647698 
0.002004239305138559 
0.002646178884495129 
0.002526114145253857 
0.002404652521632323 
0.002282205067152742 
0.002159428364811355 
0.002037350899007405 
0.002622741640238686 
0.002512309284482495 
0.002401002601123178 
0.002288879010934134 
0.002176167618279102 
0.002063404607875333 
0.002605048366112315 
0.002502227005858556 
0.002398810722358557 
0.002294665683246073 
0.002189791579907955 
0.002084436152745702 
0.00259159527200872 
0.002494901184803176 
0.002397745899935411 
0.00229989842787623 
0.002201237155039362 
0.002101840125262561 
0.002581394498802717 
0.00248971601534399 
0.002397613007884861 
0.002304822817094515 
0.002211163851429078 
0.002116611866662454 
0.002573887149925343 
0.002486289708169614 
0.002398303213859268 
0.002309633056270598 
0.002220062016309367 
0.002129502391738999 
0.002568512184669638 
0.00248431079666527 
0.002399737272697653 
0.002314482017358486 
0.002228307814510138 
0.002141085145390919 
0.002564799648841019 
0.002483516391120889 
0.002401846221799924 
0.002319490875137263 
0.002236207179668915 
0.002151841342399714 
0.002562402522418484 
0.002483690002710072 
0.002404569735750705 
0.002324756632787553 
0.002244008927115639 
0.002162165502385377 
0.002561009917076795 
0.002484646858232652 
0.002407857961316257 
0.002330360295637047 
0.002251914659428854 
0.002172352684445709 
0.002560340719137663 
0.002486241833100565 
0.002411680425997377 
0.002336379934674419 
0.00226010759790744 
0.002182692021940087 
0.002560251175909033 
0.002488383787830748 
0.002416024428705442 
0.002342893518704842 
0.002268758290708048 
0.002193447854912333 
0.00256054899916875 
0.002490955216345654 
0.002420861871565406 
0.002349970118656897 
0.002278031503990885 
0.002204864566149718 
0.002560890938353847 
0.002493752482931237 
0.002426115192539569 
0.00235766126644435 
0.002288100393023123 
0.002217217149672547 
0.002560863644956774 
0.002496487343768259 
0.00243164313683194 
0.002365983643201404 
0.002299160412350089 
0.002230848176199271 
0.002559969122914595 
0.002498800350689772 
0.00243723777916006 
0.002374880131543956 
0.002311350971474031 
0.00224623766820728 
0.002557602055635182 
0.002500306499690227 
0.002442638427441625 
0.002384185221789105 
0.002324596469534942 
0.002263562183757252 
0.004752089426304497 
0.004734323386173285 
0.004716079579274924 
0.004697128676230703 
0.004677241416676268 
0.004656227030514336 
0.004633711571645018 
0.004609374378578207 
0.004582970285745013 
0.004554095241300681 
0.004522269864073321 
0.004486957137035403 
0.004447608585532777 
0.004403322664021508 
0.004353437308042708 
0.004296909459593011 
0.004231515972482437 
0.004153473182904321 
0.004053405019140877 
0.003938695516756712 
0.0007573370919213714 
0.0006452878273309338 
0.0005615032511446442 
0.0005079120569668829 
0.0004742071049380247 
0.0004555883514672573 
0.0004481057901778746 
0.0004487654831717392 
0.0004551585235071706 
0.000465131327734929 
0.0004770710225917235 
0.0004897932163761347 
0.0005024623033290975 
0.0005145291728726958 
0.0005256911384173943 
0.0005356581945680194 
0.0005443397387989124 
0.0005516442244438991 
0.0005576797889241428 
0.000562662462957915 
0.000566794534951383 
0.0005703101999842044 
0.0005735122038209803 
0.000576771755556231 
0.0005950342138551104 
0.0006095432792153923 
0.0006208979253253746 
0.0006183092008988573 
0.0006156314751952324 
0.000612714604871597 
0.0006093129622379132 
0.0006051906646595611 
0.0006003459527166386 
0.0005946763049118897 
0.0005880410820909792 
0.0005802234458647813 
0.0005713202180931114 
0.0005614894301890615 
0.0005509945216876835 
0.0005402073603820329 
0.0005296841259085278 
0.0005202009937524725 
0.0005129322564854665 
0.0005095817659494503 
0.0005123715155944276 
0.0005244612983971921 
0.0005502300746602844 
0.0005959447455002531 
0.000672706060217933 
0.0007956943850470264 
0.00438200617924546 
0.00484537974263096 
0.004840009170661331 
0.0005803600444303033 
0.00448011493035269 
0.003984756395649133 
0.004765445776854611 
0.0006240047497923724 
0.004582304500234742 
0.004652679610386511 
0.004721317624685856 
0.004435091644996349 
0.004750893695365664 
0.004736278042951102 
0.004131174424537509 
0.00467182720990693 
0.004608444483837082 
0.004631711436094614 
0.004237395400867604 
0.004552693057909973 
0.004689443183627241 
0.004705748714055684 
0.004317839404119234 
0.00451895318238825 
0.00478022990521157 
0.004795447897174732 
0.004811161763352204 
0.004827926131253834 
0.004843593947920174 
0.004841813595125096 
0.004822301608573706 
0.004804602236045228 
0.004787062684927965 
0.004769610295663598 
0.003937809547147704 
0.003955440608220123 
0.004090808662133101 
0.004112555294703836 
0.004191870599657244 
0.004217602279371177 
0.004269214294889392 
0.004296581444604754 
0.00433279585918523 
0.004360287412867652 
0.004387022069408467 
0.004413640832907786 
0.004434258214317296 
0.004459442519151069 
0.004475935410725412 
0.004499409581283099 
0.004512850753955217 
0.004534505199033464 
0.004545775627897572 
0.004565552633776518 
0.004575258415279551 
0.004593169296155934 
0.004601854708341494 
0.004617912300235911 
0.0046260741636392 
0.004640336279210316 
0.004648354417256425 
0.004660907429555759 
0.004668966460113891 
0.004679893925799193 
0.004688131537869076 
0.004697511551816127 
0.004706306198735704 
0.004714259631092772 
0.004723696275766754 
0.004730336852359427 
0.004740526761536057 
0.004745971064815656 
0.004757038599699004 
0.004761421394422607 
0.004773490052892023 
0.004776978627465386 
0.004790054369013135 
0.004792818902857762 
0.004806899717677057 
0.004809068528384262 
0.004824238735833626 
0.004826125321034215 
0.0007935390504020516 
0.0007842418729036034 
0.0006533832413759606 
0.0006396143967292305 
0.0005733510249948226 
0.0005590351512111872 
0.0005262110625452225 
0.0005102318189242373 
0.0004995735004513725 
0.0004815899694567415 
0.0004871152713069641 
0.0004673640732821395 
0.0004844333993938361 
0.0004634375271589014 
0.0004882404434660729 
0.0004665682577550598 
0.0004962095923510707 
0.0004744002617011406 
0.0005065874211177962 
0.0004850507916534961 
0.0005181244946259825 
0.0004971333744468109 
0.0005299392754278227 
0.0005096432912453884 
0.000541416677862858 
0.0005218733125543345 
0.0005521442757867573 
0.0005333613583374569 
0.0005618724239125662 
0.0005438313105020373 
0.0005704602442193019 
0.0005531453881036492 
0.0005779106988927734 
0.0005612512978449894 
0.0005841775111938412 
0.0005680760305640443 
0.0005893999284304246 
0.0005737111312120634 
0.0005937798925079872 
0.0005783704332949299 
0.0005974304596949257 
0.0005822570091143944 
0.0006005301059605496 
0.0005855543972380281 
0.0006033428526659407 
0.0005885355108112043 
0.0006062551730581966 
0.0005915990506020883 
0.003468882310995616 
0.003693981531160448 
0.003931541496221794 
0.004177880555862911 
0.004429369552606532 
0.004686969701055019 
0.004696407053078109 
0.004710380246701069 
0.004726966492342354 
0.004743844535295591 
0.004759387222600693 
0.004767975534542352 
0.00477329252306571 
0.00477504815985031 
0.004774587753910017 
0.004773176507912881 
0.004771279232707462 
0.004791651461418689 
0.004812094097124751 
0.004829083516646576 
0.004841870412333305 
0.004850039752314225 
0.004853653531057559 
0.004853267917213857 
0.004849919300244048 
0.004768678381078115 
0.002747176583124384 
0.004683368586415918 
0.002899877591659547 
0.003070172870667508 
0.003260066110304155 
0.003351168491328983 
0.003679245039678666 
0.003853913274491944 
0.003507125297844481 
0.003217837891432827 
0.004447597411941841 
0.004531461048315607 
0.004596319713848778 
0.004622468743235922 
0.004644870097276899 
0.00466451522252416 
0.004142420538727103 
0.004246422761481717 
0.004328897595798806 
0.004012448364250788 
0.004394890162248161 
0.00449243676557744 
0.004566401640030134 
0.004682674664782614 
0.004699867289489477 
0.004727721125009099 
0.004741177739335855 
0.004766990075207527 
0.004793031761460257 
0.004807023175830312 
0.002779446538097858 
0.002845535320863119 
0.002874660691970909 
0.002909757457447188 
0.002956069840163405 
0.003109094807000436 
0.003020693040324801 
0.002716810716763414 
0.002746340870375681 
0.002761797508783347 
0.002767967200842719 
0.002816608297650845 
0.00363308720965846 
0.003772495664532257 
0.003912490972764526 
0.003497775579559323 
0.004044713160979305 
0.003372101209266004 
0.004714823891401756 
0.00478000067282527 
0.004754236443944767 
0.004657130442368732 
0.004635150059275177 
0.004674895671862943 
0.004256390666295638 
0.004501356524529988 
0.004338461249759013 
0.004458270358517505 
0.004540620691898993 
0.004405782317963679 
0.004576645112288417 
0.004608420452844452 
0.004690629947106501 
0.004745295600114695 
0.004797628557884792 
0.004707868072136602 
0.004159000629817825 
0.002716777651354167 
0.002691056699500565 
0.002756845026597754 
0.003054363925198614 
0.003020717081196793 
0.003098087391039863 
0.002961701453435116 
0.002871777725106516 
0.002724026100761698 
0.002992690625127791 
0.003162016449096214 
0.002710318259663615 
0.002879935027517903 
0.002855364897286204 
0.002729471573195427 
0.003264409918668572 
0.004823572387771086 
0.004770580126263223 
0.002813883392980136 
0.003627212378710064 
0.003856791579885907 
0.003746236817860722 
0.003963787638417171 
0.003506576123883795 
0.004074336316079769 
0.004549373948104123 
0.004647624645237058 
0.004512553165046474 
0.004585205074537558 
0.004269649625665937 
0.00434899360086171 
0.004415031299072567 
0.004618531761778222 
0.004671976408125734 
0.004696041855282808 
0.004687459323517517 
0.004710109017617471 
0.003410533231081476 
0.004176408219771202 
0.003172758340390998 
0.003204925422255316 
0.003239655687124276 
0.003149360066821593 
0.003132029438632444 
0.003133834471098873 
0.003004411203990025 
0.003269016492405411 
0.002872603851991286 
0.002812221289453291 
0.002832726542629747 
0.002819106274049386 
0.004727051995572806 
0.00478769096080904 
0.003621796305188994 
0.004003662154908319 
0.004704991423574219 
0.003293017114899862 
0.004591759632791002 
0.004288645065666203 
0.003358678470577916 
0.003316643322519122 
0.004190686827425565 
0.003508283417400679 
0.002927896866049966 
0.002983335754325648 
0.002880426799534906 
0.004780747408852898 
0.004728114898737846 
0.002948872496126818 
0.004762773050147478 
0.004801300426544492 
0.00315002275801158 
0.002955486473283396 
0.002943834533805777 
0.003151392600158357 
0.004746430516822687 
0.004783181906367424 
0.003864715316687995 
0.003145357603405136 
0.004657783647594014 
0.004692289781239145 
0.004725882997080651 
0.004277407912977313 
0.003689667533301291 
0.00447232672045955 
0.004538011363376645 
0.003515487813449263 
0.003450357202041757 
0.004401186486923837 
0.003539727604806974 
0.003925763669210478 
0.003697346154325371 
0.003100894284628029 
0.003282898137787282 
0.003482449888944521 
0.004423288241292481 
0.003107229955086335 
0.004746116876803386 
0.003836499913138836 
0.00466093697157366 
0.00459334941803101 
0.004721498363928271 
0.003999665991203741 
0.003477144844613782 
0.004803948870320755 
0.004764961222682979 
0.003312631764017434 
0.004560795476001888 
0.004370699459523823 
0.004504344180544582 
0.003678750267450082 
0.003762484944676833 
0.003655501598908574 
0.004169804047887413 
0.003877836483991512 
0.003464839296148439 
0.003279956258041946 
0.003665139567895469 
0.003220345490862807 
0.004805850611665829 
0.004795085493267316 
0.004783533492246379 
0.004815102251380201 
0.00482210575065444 
0.004765015252842875 
0.003479371018898505 
0.003845709153901544 
0.004607814079797941 
0.004156728408866141 
0.003706821113394427 
0.004803314400202007 
0.004690332262138392 
0.003335667213674708 
0.004003723381653234 
0.004783405978631796 
0.004531674952724008 
0.004379873167001001 
0.003817044476126364 
0.003881490771133832 
0.003612309221421278 
0.003429394098489576 
0.003802832691637005 
0.004112138478495629 
0.004743947075258778 
0.004782634879999922 
0.004788924245047214 
0.004826279860474622 
0.004795136821643344 
0.004641010596177182 
0.002945791387627357 
0.00325818777924016 
0.00466181841077211 
0.003507640868840042 
0.003948499032694843 
0.0045929113825259 
0.004781447681609294 
0.003980464393125772 
0.00414229304417298 
0.003383255699904334 
0.004272247517583171 
0.00379231356807402 
0.004473275503438331 
0.00394282364188204 
0.004636809011820234 
0.003726015971614134 
0.003557975012593514 
0.004683087849611409 
0.003994931826873529 
0.004763436549258192 
0.004777904961049537 
0.004773225294191297 
0.003636991305705963 
0.00408619521999573 
0.004269482642031424 
0.004760276513845051 
0.004632605614232254 
0.004800224196422293 
0.004121303256150397 
0.004740130964459361 
0.003923850534929905 
0.003804756230523311 
0.003884521348444891 
0.004755720067259997 
0.004768342697441735 
0.003789231675951994 
0.004694462938756709 
0.004708815530316216 
0.004237823886402201 
0.004260252989753821 
0.004121827254722673 
0.004386432405328568 
0.003915173031968987 
0.004734039596977109 
0.004168868297985972 
0.003950293577126346 
0.004749982569607198 
0.004486550014135842 
0.004724513831983353 
0.004392545777499166 
0.004196996814965431 
0.004017892401233006 
0.003940016506351963 
0.004390066753249025 
0.004132120701586391 
0.004766178428377495 
0.004391662523792812 
0.004555403071646818 
0.004491485471200812 
0.004030083115387986 
0.004384093298670778 
0.004742148793622706 
0.004360517142938009 
0.004671737272820033 
0.004710271351981605 
0.004505050001386965 
0.004690249103148694 
0.004567379574240073 
0.004561980848477012 
0.004567797567328952 
0.004335168281789395 
0.004535039949003331 
0.004591622399012627 
0.004282607817897592 
0.004701006045834713 
0.004101118709735361 
0.004538608412605145 
0.00477751871401296 
0.00475297075713651 
0.004640846571210109 
0.004735274433678736 
0.004726567178983427 
0.004630323631419485 
0.002718877384824963 
0.00284107209940203 
0.004827262703454661 
0.004700566715551753 
0.00465557735598632 
0.002782458218858199 
0.002827687717015108 
0.002725547908875159 
0.00477971236453054 
0.004733861523839529 
0.003094211156299537 
0.00467455001027341 
0.003079999929873155 
0.00471701816487764 
0.003667253935790421 
0.003058451087484908 
0.003003299143260686 
0.002997906900383115 
0.00475854443068714 
0.004746951875685614 
0.004468673610092825 
0.004665648588664912 
0.00445756866536737 
0.004272928668374569 
0.004162866595363759 
0.004051978678278827 
0.003791331436101911 
0.003805032685832506 
0.003648703919522467 
0.004434911610011448 
0.004353689781999101 
0.00420367716300378 
0.004065639387905031 
0.003278254398390386 
0.00384499701006012 
0.003581971985445539 
0.00332655417330799 
0.003299156293130821 
0.004630771100712002 
0.004318209949353787 
0.003380803870060769 
0.003401039024570049 
0.003950491915764536 
0.003748174101985633 
0.003627640863104247 
0.00462634205108236 
0.004561903640429099 
0.004418514298694639 
0.004366844639560628 
0.004088548422445886 
0.003460011102061088 
0.002040511569467869 
0.0006629235021149923 
0.0007556827537612805 
0.0003493389724970571 
0.0008413270110248192 
0.001109098404113808 
0.0009231975808381436 
0.0008419672346450604 
0.0005036527070665616 
0.0006420034327810565 
0.0009280601017700657 
0.001613251760394688 
0.0008656181088437222 
0.0008834278415795189 
0.0008940586906108866 
0.0002816703673085773 
0.0008975664726266553 
0 
0.0005620355243305092 
0.0009115268081131617 
0.0009303320545540129 
0.000702037136802746 
0.0007405880873243569 
0.0007775937883738869 
0.0008115899251361644 
0.000921048200530636 
0.0013687369966315 
0.0001812145939814224 
0.0008940549462547569 
0.001838499593041444 
0.00083887276404564 
0.001476840986848513 
0.001211064718473259 
0.001056695289773161 
0.00135378793193295 
0.001576828155716493 
0.0005763157889296633 
0.0005667617307462353 
0.000557680926383945 
0.0005496479111326684 
0.0005436125703243519 
0.0005594847158107081 
0.0007817464647655943 
0.0006221314094004012 
0.0006868182897438723 
0.0009083622541730343 
0.000548073537851411 
0.000582628903480284 
0.000630035317157775 
0.0006201127122991402 
0.0006236958418859226 
0.0006149081064107309 
0.0005957757633981674 
0.0005861130094760745 
0.0005442022711591542 
0.0006604289753555454 
0.001912128296153128 
0.001961816453267028 
0.002035980906832892 
0.00206780970867468 
0.001718902123982574 
0.001810811165782657 
0.001844724217469494 
0.001872829688796241 
0.001655962588171312 
0.001768587469269458 
0.001894123193873822 
0.001922621612632288 
0.001934460340633648 
0.001988311035204752 
0.00201320633924289 
0.002056284725556692 
0.002058410394996867 
0.002033830997216917 
0.001334196082835946 
0.001221759088568166 
0.001102344169609679 
0.0014287944749386 
0.0009827680996869006 
0.001504286298300885 
0.0006258481893471345 
0.0006307817276954054 
0.0006056264702928797 
0.0005870874448923746 
0.0005942523330474492 
0.0005798713130808745 
0.0006344469253713599 
0.0005986617439718014 
0.0007769577106826275 
0.0007041573221684867 
0.000619096971432122 
0.0005872926510329479 
0.0006526275991722106 
0.000580552510930227 
0.0005758216375428639 
0.000602264396979387 
0.0006528401454725485 
0.0006116211366562733 
0.0008712741781583454 
0.001976006392643492 
0.001984894081641416 
0.001782974074357771 
0.00173754048523736 
0.001701082980331485 
0.001788832183307454 
0.00184676888116882 
0.001887519954633766 
0.001956161159832989 
0.001762825614690573 
0.001660226707021312 
0.001615480218826202 
0.001779238722740058 
0.0019225056949572 
0.001925975742450938 
0.001564436927967816 
0.001984916432359306 
0.0006482096833698242 
0.001221228302882554 
0.00102340333362141 
0.001122511629878882 
0.0009344526870028959 
0.001301092510209298 
0.0008489187720688518 
0.0006185130381793137 
0.0006227361889912947 
0.0006099949335488139 
0.000626931689265719 
0.0006396853764005635 
0.0007245107275944514 
0.0006204539800330235 
0.0006836617886951994 
0.0006583521111872501 
0.0006018196184590527 
0.0006277233278666129 
0.0006376884542329304 
0.001363791330634372 
0.0007797496752363716 
0.001550628359889614 
0.001502608073198296 
0.001594780322627293 
0.001628076002461268 
0.001458796715836113 
0.00165239678929744 
0.001655400264554028 
0.001649338436890203 
0.001786603463241848 
0.001739497595081508 
0.001415286943537975 
0.0006413710930441785 
0.0006595153245438196 
0.0006706054760496162 
0.0006694287393738487 
0.001848992224022873 
0.001771791725974498 
0.001190961916987392 
0.0009556693388066813 
0.0006483063812460121 
0.0006557603849625851 
0.0006638747803072771 
0.0007516360365775125 
0.0006583749626456078 
0.001487255083289862 
0.001339467010641409 
0.001476607863446441 
0.0008377454839929952 
0.001277525134185036 
0.0006750266831500021 
0.0006775811852369555 
0.0006214303672403735 
0.0006949254285908257 
0.001553490301450807 
0.001463156959265139 
0.0007074156471902835 
0.000694103532826714 
0.0007003279101630418 
0.001293946644299263 
0.0006576640552885747 
0.001135150368248644 
0.0006777428986631609 
0.0007033765324589231 
0.001488969501666185 
0.001235322798044836 
0.001343088651886281 
0.0008382679501248555 
0.001375954688291383 
0.0006576276464568627 
0.0007180665449778887 
0.000799533984299439 
0.001298062234383204 
0.0008690934937339364 
0.0008416024798461529 
0.0007363618504889784 
0.0007742824055773436 
0.0008097733243533779 
0.000906061513717225 
0.0007293593917639799 
0.0009199392043050844 
0.00125776023082471 
0.00101593416557682 
0.0007256577991558988 
0.0007487944570164282 
0.001165917533939724 
0.001345108251076756 
0.00143086905544264 
0.001202597222613085 
0.0006908299213675437 
0.0007178684250662554 
0.0007254838017198835 
0.0008207915220873528 
0.0007260789513882769 
0.0008914426975536857 
0.0008666732180428542 
0.0008066039331093469 
0.0007717655492229705 
0.0008383878180843441 
0.001697030710614684 
0.001617269021597191 
0.00105819950699791 
0.0007998147306729833 
0.0005434220233137184 
0.0003088999503809746 
0.001307602599199819 
0.0007226959689774545 
0.0008730446490721045 
0.001123935031343634 
0.0007620639898708408 
0.001056558853601467 
0.001253240227276894 
0.0007874454898895691 
0.0007146935740409612 
0.001511948731047191 
0.0007286405126395519 
0.0007562290687184244 
0.0007704407495424985 
0.0008033507810174939 
0.0008328107927085026 
0.000859521742510133 
0.0008910822319941618 
0.001649417921625207 
0.0009823402530980418 
0.0008188873677240478 
0.001054681435964678 
0.001284661010812504 
0.00154461107595497 
0.001032197567143004 
0.0006995669245641553 
0.0007714701091842766 
0.0007220729919823908 
0.00084667536927191 
0.0007695058503021752 
0.0007656622564075524 
0.0008012024756926859 
0.0007913129385966121 
0.001046747789562672 
0.0007618360884965828 
0.001136399726475929 
0.0009060893939894037 
0.001500598397381385 
0.0008276712077511654 
0.0008022397757413159 
0.0008825014583790397 
0.0009415958238565617 
0.001079333523960937 
0.0008736888153813789 
0.0007529197300654067 
0.0009877908100880003 
0.001298296743920715 
0.0008141868775102546 
0.0008278437243831227 
0.0008639399244928992 
0.0008364022437470824 
0.001253987436235249 
0.0009315502707211535 
0.001045824009081913 
0.0007713183507712322 
0.0008473543323160611 
0.0008765813960654453 
0.0005934679731130553 
0.0008059567455518993 
0.0008931639954713745 
0.0008229552344064004 
0.0008682090071958036 
0.0008535875652816168 
0.0009770681172991825 
0.0008505874085558387 
0.0008461372590277163 
0.0008992605601277578 
0.001117745640212815 
0.0007568886708929535 
0.0008419848020085638 
0.000685902853014876 
0.0008445082450953189 
0.0008522058984869946 
0.0008267401582655281 
0.0008995574255550202 
0.0008328714138178457 
0.0008810461520062419 
0.0009135731578368685 
0.0008086606974144416 
0.0005683187355885576 
0.0009244072029419978 
0.0009534240925995423 
0.0008988828638152994 
0.0007244640327246317 
0.0009212517640414874 
0.0007842444988420786 
0.0008611410596241228 
0.0008826960345808427 
0.0004178009670275544 
0.0009054941660272839 
0.0007348923193353284 
0.0007615813936562266 
0.0009167881025707184 
0.000838078305345818 
0.000891884395642504 
0.0006645753187677682 
0.0008602758544512049 
0.0009242653121654165 
0.0006435099893663224 
0.001767030934124658 
0.0006482482445600289 
0.0006427257431924056 
0.002009194678801819 
0.0006314646934865988 
0.001489039182336831 
0.0008218677211374208 
0.0007425456799052513 
0.0006624987227335732 
0.001857345151991499 
0.0008707959225832731 
0.001156380666729248 
0.001923160169066825 
0.001827395576792154 
0.0006668178157382967 
0.0006483759755086796 
0.001665094562537303 
0.0008666384168568721 
0.001761787389810467 
0.001831493271245716 
0.001882450435262182 
0.001142707318157074 
0.0008273206653642086 
0.0007847372165228687 
0.0006866192049979466 
0.001675251619831187 
0.0006992432322480196 
0.001570555954933611 
0.001535789645173095 
0.001454452494551836 
0.001395843370453892 
0.001331977334510087 
0.00066240714527894 
0.0006520591182483946 
0.0006364227359393295 
0.001053117663058818 
0.0009065400096248178 
0.0007870768494046105 
0.0007111105385203941 
0.0006794938962508773 
0.0008797014991256527 
0.0007446052322290138 
0.0008071454489690202 
0.001182035111940025 
0.0006810835291407457 
0.0007121257559487621 
0.0006806105518786552 
0.000962533362997041 
0.001121128222725235 
0.001077446474386908 
0.0006916026314491298 
0.0006909177194923383 
0.00108840387431247 
0.0006850203108614689 
</DataArray>
</PointData>
<CellData>
<DataArray type="Float64" Name="sigma_xx" NumberOfComponents="1" format="ascii">
58.04822051352611 
77.92240411544162 
101.6617030039524 
129.1928911506957 
150.1324051498717 
77.05464905238421 
104.328662538673 
147.156652357829 
177.200407276744 
196.724120983825 
57.50938891375414 
131.3779081590476 
180.6938495842118 
213.4075276123824 
230.1435505277014 
57.83070740165063 
134.8901348019504 
193.199133585389 
225.6785088453892 
241.7085625432244 
57.45555367871631 
131.3092215986234 
180.6379101318308 
213.3898822626147 
230.1826554826442 
76.76998787516995 
104.0906504534741 
147.0651771170092 
177.2622897066011 
196.8499591827473 
56.82053752248374 
77.1057649868262 
101.8270545368606 
129.7628785604829 
150.513268398533 
164.021972373432 
206.2812403610939 
235.811798990771 
246.3437115772686 
235.7235688625388 
206.1246318460842 
164.0142655575098 
170.7931760712711 
208.1262031082281 
233.5577442530202 
242.5775414229008 
233.4557880923665 
207.994283144074 
170.8737211531693 
172.0192390421858 
204.2906350266038 
225.9616683432145 
233.5680375402091 
225.8807560752583 
204.1980273520295 
172.0503945859946 
168.8516226646992 
196.5131482128274 
214.7959415873043 
221.1945381616783 
214.7506781283267 
196.4154817991287 
168.7742950567412 
162.5717671745598 
185.9141090581089 
201.3288203499517 
206.7005373039139 
201.3152262120226 
185.8588197135589 
162.2198628993349 
153.471493561559 
173.4390485883796 
186.4181308150854 
190.9288891358771 
186.4176128744829 
173.3920748836553 
153.2947367391638 
142.8315015353226 
159.7361597610496 
170.6686124050302 
174.4264085752853 
170.6286721094384 
159.6459473802608 
142.5423129378917 
130.5520637752916 
145.2110141914066 
154.3996182485577 
157.5378936129836 
154.3372419956677 
145.0780707629373 
130.5535188594032 
117.6604088217053 
130.0861846223881 
137.8729592641825 
140.4997498402815 
137.8239152385722 
130.0459828292768 
117.7378969731296 
104.5940315435172 
114.9197422054928 
121.3419042138201 
123.528226656236 
121.3189000998241 
114.8682161969096 
104.5233943689311 
91.72853836294168 
99.82808116716392 
105.0137003735007 
106.8092442701211 
105.0342073344959 
99.78502539050046 
91.52406888349186 
78.61180412959314 
84.86395266554656 
89.02117390900428 
90.50522450106162 
89.11649041404814 
84.95277345792964 
78.30696824669226 
65.13837381788514 
70.15092232159562 
73.54458584318378 
74.74838163673232 
73.6920163281891 
70.43509451441258 
65.16838392965464 
51.24933949271377 
56.02939065476823 
58.7080692489111 
59.65284982468546 
58.87409190934855 
56.44389083604017 
52.45876532187093 
39.00637568472262 
42.63130934675054 
44.66115848350396 
45.34767714932014 
44.79261877755292 
43.11275653086469 
40.41479947458021 
28.35355417074043 
30.34281550492609 
31.6697871847674 
32.09625345275104 
31.65572661932987 
30.54416766516801 
29.07764461468473 
18.49410096042212 
19.40060719317934 
20.1809740655742 
20.39141278441737 
19.87111331431012 
18.93805278610288 
18.26646466638137 
9.552526875883007 
10.12910153889284 
10.77201676089674 
10.91325816457568 
10.30920807507715 
8.787140905336784 
7.768409379971039 
2.133635378830695 
3.362434603739239 
4.148886567950093 
4.260742549762583 
3.845115554502559 
2.405168320912037 
-2.027274256280372 
-1.660456287856216 
0.5214244670068516 
0.6827406539428719 
0.7509851835492624 
0.6461641222125211 
0.22232108149409 
-2.779914360864606 
20.89056779632082 
31.13729905813618 
34.74194504648629 
-5.886918222321432 
2.063780489612345 
2.575918409565319 
-5.277266063920031 
-17.81701642225283 
-21.9435185981866 
-5.29579309822352 
-22.18374858336355 
-34.77176637713119 
-4.991877490048858 
-23.3475547838025 
-39.65632053847639 
-4.609165024329637 
-22.92527083355235 
-41.2706394590813 
-4.21567355628355 
-21.82278153122301 
-40.85737256240601 
-3.861859885871322 
-20.40334877630471 
-39.18464028006549 
-3.5358367491766 
-18.87168495227082 
-36.71359252352761 
-3.204337295612547 
-17.22772184058107 
-33.96323064032934 
-2.875808570266394 
-15.54904378333411 
-31.01765095387497 
-2.551623748885679 
-13.88921908642341 
-27.98511628289875 
-2.236857556945618 
-12.25383935400187 
-24.94663247708894 
-1.937121625352779 
-10.67408816772472 
-21.86175268885312 
-1.648592108589007 
-9.170955673734511 
-18.78587461569908 
-1.378405210546739 
-7.710082119027574 
-15.87459070498332 
-1.127869624529605 
-6.314662375782703 
-13.19072864580787 
-0.8967180927969718 
-5.044145338501205 
-10.60335804905144 
-0.6854082194022059 
-3.874782249162671 
-8.140011806834744 
-0.4961663532777955 
-2.805373154116171 
-5.978949464840965 
-0.3331185981646383 
-1.871606582897499 
-4.068165841952324 
-0.1973700616054886 
-1.110337597373729 
-2.442831830680849 
-0.08801915553896673 
-0.5036357025824854 
-1.252191371888296 
-0.02709456571055684 
-0.1424424561895732 
-0.1660967513776601 
-0.003997440030296457 
-0.005712598162891966 
0.02487070688345275 
35.2123946397699 
31.36919624709213 
20.93365999166646 
2.387613327962979 
2.202683784652077 
-5.860768295618044 
-21.61807563564436 
-17.86764996689811 
-5.286956182343403 
-34.65636624524428 
-22.20855692423896 
-5.307372850653197 
-39.6050583686047 
-23.29068652955578 
-4.985854954088226 
-41.18898647382628 
-22.85564819950189 
-4.59355791941226 
-40.7540567010649 
-21.74981757613167 
-4.194942724838969 
-39.19816696181825 
-20.33792017340582 
-3.842580273463642 
-36.84494273126759 
-18.83288735103732 
-3.517729433518513 
-34.10333879128974 
-17.21170885398505 
-3.189995845729471 
-31.14361815761709 
-15.55225502876515 
-2.86688137662337 
-28.10175494119466 
-13.91061605026214 
-2.550419965963417 
-25.0134521355318 
-12.29565229550168 
-2.241841393376706 
-21.95042199285336 
-10.71448791355309 
-1.943999270017141 
-18.87617750212821 
-9.193092104431688 
-1.655194540764434 
-15.90008372050064 
-7.720353831415133 
-1.386992026917297 
-12.88111571479393 
-6.348562942004855 
-1.139057986349795 
-10.42143817746121 
-5.025692058821945 
-0.9001699878233984 
-8.152662569895792 
-3.82788896122751 
-0.6807839754609969 
-6.07879528385912 
-2.813515116004921 
-0.4939036476214161 
-4.118188882935543 
-1.894604061975029 
-0.3345851381248702 
-2.51353881782873 
-1.119118631264844 
-0.1979433216367136 
-1.267564412395475 
-0.5234030975776149 
-0.09136825322379552 
-0.214504440408531 
-0.1577925680986957 
-0.02927741431155839 
0.02572516051562845 
-0.007610961341039467 
-0.004095249957325253 
0 
0 
0 
0 
0 
0 
0 
0 
0 
0 
0 
0 
0 
0 
0 
0 
0 
0 
0 
0 
0 
0 
0 
0 
0 
130.3990387253639 
124.270645058286 
46.03005055561768 
-49.3506843989872 
2.85319267268934 
4.949167622053586 
17.83471091429704 
26.22692255176707 
14.07296828996034 
48.05537216937501 
56.18281600950707 
65.97178308942185 
80.77282932099536 
88.55747646570889 
38.11736528231161 
116.28185966753 
123.4402877548893 
127.7601480449257 
78.07844856405877 
-2.454809329241906 
-15.47150989317877 
-2.637257857351576 
30.83369928609472 
36.25921679228382 
6.702724201511489 
2.585052181225691 
6.65310108976472 
-50.04087850690647 
1.645143622351549 
-2.66781399199069 
-29.01857975558596 
-12.18603029800778 
0.1208572514866462 
-4.546227018472291 
-20.90215332834481 
-40.9732361143356 
-48.4336889069896 
0.3924488892557067 
1.082759869156551 
1.874180739186356 
38.33676969387442 
25.23722163098716 
-18.76878697559269 
-37.58029862758807 
-52.69179252647042 
-54.27880729983028 
-53.95871960422696 
-52.17421007207611 
-45.84317786252024 
-41.84900475856427 
-37.60717941587575 
-28.86543871656543 
-24.40575948738207 
-20.42410115206279 
-16.32900534347492 
-12.79579164233916 
-6.798471670342161 
-2.893863128027086 
-1.80880619882818 
113.2455086377874 
59.31487517238264 
97.70430209551391 
-5.565967548558803 
17.71318244842968 
13.45688166103757 
3.853476453286877 
21.38548450667395 
45.88219032149124 
-47.62255305439481 
-52.00639679142478 
-29.43656979214639 
-57.08606976251794 
-39.05648063813757 
-45.47009513219429 
-33.34169357400283 
-14.6907145326663 
-30.25992601726306 
17.37834652046826 
-44.59458018981347 
-52.70623703105358 
-59.03375129079947 
-58.97460967133437 
-6.85429361212295 
-9.027137968056529 
-9.514804298529825 
-2.807444829464969 
-5.382627962853261 
109.7672910478861 
99.53828105532504 
6.113102582587765 
82.14396477383433 
129.4733209317639 
31.80416015579852 
62.85980881365569 
74.64988570743915 
37.12981696471099 
-30.44178477351424 
76.56839253540308 
49.56477503738876 
84.29717523844465 
85.30921808744118 
85.71774872449457 
-25.27381483169637 
-3.43760842332833 
0.4283481244583207 
-50.1250256834893 
-10.32870552879119 
-30.53159099531131 
-6.933675359514575 
-12.83134991485366 
-16.79158138440442 
-54.07091201867728 
-43.29349756138563 
-57.13790484665388 
-53.33179556922926 
-45.68643170054392 
-36.19529017342057 
-54.24660180668526 
-3.420720180762809 
-42.46797837020909 
-54.4784157262635 
-12.13981717913227 
-23.33247889872632 
-38.14580555669537 
-3.149457779355306 
-25.82075932726239 
-42.46666343449655 
1.750525724467746 
11.47420121991839 
10.15649694867621 
23.28046813559066 
83.56035614284691 
-28.86497586656228 
76.11039078872359 
61.82770819374568 
65.92366222480415 
0.9817134296653172 
56.65534163536871 
40.3909812754563 
39.52363636494803 
5.934200284236362 
33.05783281513882 
45.75113168830197 
14.14858755617075 
-1.478806856037159 
17.79929882640167 
-10.35583494137065 
11.50355780856534 
1.746282534090928 
-18.01938104747025 
-44.29445774817374 
40.16421629682834 
-2.207484451644233 
-49.09039368854428 
-39.4422714896761 
-33.80218187867802 
-12.09430356845578 
-45.255774885287 
-10.13045628176028 
-16.77432907755707 
-38.88652289819521 
-24.30955366244715 
-17.00791532220439 
-31.56825055097486 
1.595129093562481 
-8.630445228422037 
0.3888999343882212 
35.45146950907618 
-0.277181042195265 
42.05972871031781 
23.1148954406473 
-39.5072064634268 
23.66786447194013 
-43.44949391576854 
-27.42966863311128 
32.56563640460492 
-1.206749371892901 
-1.135737515319415 
-8.642650715850875 
46.76348532431254 
-33.20013927551785 
-7.515319950694109 
-23.80341104001842 
-8.427925861720963 
3.715317054220741 
-29.65378548790643 
-0.1138427883297505 
-31.04601673142047 
-14.60060821990267 
-19.51157986530854 
-29.43023597376114 
-39.60394787589292 
-58.08629858778252 
-23.93368551851459 
-25.2659461034333 
-28.51152169937471 
-25.7692089635341 
-12.29932066161835 
2.362571676355533 
16.82436462821692 
-10.9694828539854 
-24.96680820898133 
-0.7176963103208882 
-1.80637024533233 
-19.14399354291145 
-25.53629058443694 
-2.127894619674322 
0.1287871857644004 
1.898642833461591 
-0.6166171734719748 
12.58482428640948 
-19.27622976709078 
-0.1201691332294659 
-19.15068088207966 
-48.85499366453966 
-59.27465916518652 
-53.08216248491527 
-3.165920164140692 
-31.46255327074035 
-20.09906813974663 
-28.51966692354329 
3.064745233669018 
-3.172685680926863 
-15.169735641902 
-63.32000341994994 
2.449584823516351 
-18.40954103723338 
-54.27618167215878 
-10.10529367714855 
-28.86801376168201 
-7.904333310548313 
-13.17208374639457 
-16.23190825074431 
-15.18088749965995 
2.794755108501943 
-4.941700926405244 
-3.0443909077873 
-12.14226968209623 
-2.325871519167815 
-1.875694441064728 
-13.48540463328656 
-58.83735985688853 
13.69066264520226 
-17.38970905719501 
21.12980304686015 
-0.1354069252753738 
-6.803737488167363 
-0.6945081870284158 
-2.430024069374833 
-9.821588019600982 
-1.050869038557771 
-24.17030491844948 
-13.81615484686916 
32.20925802959157 
-51.06837261649958 
-62.18559949973415 
-64.38234922136624 
-66.7983992426088 
-52.03599548151992 
-11.21052712205597 
-7.56975292138116 
-47.6941305229123 
-26.6892335663291 
12.07448640350192 
9.69789129889107 
-0.4465016719168484 
-7.018147084106708 
-6.390563042635088 
-10.41087036665936 
-41.76234193629889 
-18.38463040245038 
-44.74386112591367 
-61.51475884410362 
-1.475167784284164 
-4.387778551593063 
-20.62115119143692 
-61.82681080598063 
0.4305957509997252 
13.96741183102931 
-49.12251869166402 
-31.84014208893919 
-58.84264283574687 
-27.83546417567472 
-52.2232514748499 
-20.22528219732492 
-9.264195830891541 
-24.8952133253241 
-62.99249052489521 
-31.42173635719158 
-17.96539147713941 
-12.14356396967221 
15.65819897192898 
0.4637241850887659 
-2.64866067880741 
-3.530762951033911 
-0.7277118647492041 
6.491940165326518 
-24.64413603006773 
5.971143636327017 
12.2945484487645 
-11.58211071720255 
-56.13929387859537 
-26.86010423216102 
-20.96247884671497 
-53.95281518810152 
5.826212808002859 
-66.97531473684204 
-51.87471500869768 
7.424077202595699 
-34.53946856935323 
-57.03327690962595 
-1.106935201994742 
-28.9182888776381 
5.744587349469817 
24.7763159009317 
12.31563830070068 
-34.78354412368203 
-39.34906931015736 
-34.59485160755641 
-5.072938779853572 
8.155530587775326 
29.5937805075311 
-47.69033826003246 
-10.1244794673548 
-67.11631293235796 
-45.49624734298132 
-39.06065224609149 
23.94027363813846 
-57.6452007317253 
25.23579158790666 
7.333307806817978 
-2.365202931756952 
-55.84750138827836 
-17.02318271619362 
-25.32164199391404 
-34.36500296671483 
-4.246436345239206 
-42.22158304246096 
-45.66676610197668 
-62.60016362931602 
23.0621486435247 
17.76069336330494 
16.51189000693471 
-43.93717616831618 
0.3624383694495869 
-58.76268430673493 
-35.39808265982762 
-50.74841059843137 
-9.218838876574548 
35.88628411753981 
-44.64605798428736 
18.0864474224031 
29.04240122366578 
-8.687660496920463 
-50.86795996317917 
26.74599722783589 
-40.12929631054489 
-37.43517351616667 
31.19559946388874 
35.58480790720895 
13.34686462622682 
37.04330847893708 
26.94704659231394 
13.33322924310708 
14.92814697182239 
7.758566672183592 
25.35758070150341 
12.34535705177337 
-13.38244296146362 
-29.30747533073135 
-17.13173738595401 
-32.11424796324127 
-5.04927684582078 
-10.34484276834463 
-25.40561799295078 
-16.49777912867192 
-53.08439403632099 
-46.8714622151148 
-35.89283724543466 
-40.45002917408127 
-26.58397304233007 
-31.38916776939709 
-25.50355993653496 
-45.24598366841337 
-46.62645776491927 
-21.9333631249942 
58.67090157814682 
88.39228477611977 
45.44056814288227 
0.08258100825178992 
-0.5003358583991234 
-2.641030513926655 
-13.21343836950868 
-6.776956621694192 
-9.174715236306046 
-12.91432489120492 
-15.45183145142079 
-20.64548699794196 
-35.93164890302969 
-28.75960670348331 
-42.47590209983076 
-40.51586281073696 
-44.31922349915431 
-47.8077869381373 
-50.97563213750391 
-54.18247780903876 
-52.8198403474024 
-48.40125653145304 
45.73269593130701 
2.645426152555641 
12.48688353503512 
0.9204326629908444 
-22.41990955051921 
-21.1428944662145 
-8.618886153778442 
-2.964864853709492 
-10.1289675605798 
-0.1554007019843108 
86.78716910806271 
131.5244544360606 
96.62465966305047 
17.54346779467931 
-58.65368669687934 
-52.09485555652714 
-44.33785609811058 
-27.37272284686741 
5.361864076961113 
-1.350076908829417 
18.54583776006227 
12.84439703027816 
55.94077732235014 
21.41376166263944 
-2.197840822882302 
-2.555668342485108 
112.6204378900004 
129.8502858370589 
129.9113249075793 
125.3328969771067 
109.6628708665221 
99.58187474931965 
66.43972320853122 
36.36030412006892 
27.77278932196325 
20.6009095123374 
14.989801376214 
11.14417053356809 
23.36532408706574 
37.76250008176424 
77.08518660965214 
6.190546106069275 
1.37046280565094 
15.40515039818684 
-3.111162999769628 
21.3996799824932 
71.53167121248913 
123.7877838321123 
-36.59401614339252 
-32.61822961146864 
-55.60106850610973 
-55.38741832510627 
-53.23837838631607 
-4.064968723486735 
-38.75708158875236 
31.69976882977154 
9.436618628604899 
-57.94156383338009 
-47.94951905398588 
-36.1956022986692 
-4.420731458653243 
-14.2945164184326 
-50.42816270595327 
-24.79743509457301 
-40.18747435264645 
-1.506703980731796 
-4.663885854728245 
118.5732660873519 
74.36878652717989 
52.04219341870226 
76.75892305260767 
45.84243871551276 
1.661614978754074 
88.85966285543964 
85.96184086039747 
89.19353665607227 
59.66446071361365 
2.290490650302645 
17.34309361007236 
51.61112500583054 
20.60687178054196 
45.10810172521613 
31.33432514025335 
12.68729859614209 
17.94888588159429 
-5.438332558211171 
-20.04470173980161 
1.016424167241874 
44.67702964106435 
-22.90923060290637 
80.22491283032315 
-5.872053985841744 
-10.25696605661307 
-48.45961168527215 
-58.49127010309909 
-46.89996780473012 
-55.18370626320295 
-59.72124511620171 
-7.20518267982311 
-48.46556271959427 
-40.42151984301476 
-58.34431246239994 
-24.28577959889516 
-48.28759071718998 
-26.32350025584434 
-53.56654641691876 
-21.78443617636147 
-27.34360679150278 
-16.29691935561654 
38.04868791438657 
10.14317500385444 
64.25043140992499 
6.637805578379253 
-21.08613293999612 
81.96004714652375 
49.90962092381907 
31.75231517405257 
55.58838149220933 
39.74158411331363 
-20.65172850966318 
24.29143372152396 
50.63705598658173 
47.81114058084918 
37.58414842707149 
33.25006306515209 
15.48725199782448 
-6.883604396577636 
-15.21667853983456 
-1.507324019835391 
-34.73327951844315 
-4.166018028105196 
-29.01887674594168 
-31.30459829929157 
-17.55541496060788 
-44.3098326278292 
-52.72769236663807 
-33.57832591661405 
-53.47516844573617 
-15.04369429168715 
-19.94402160076553 
-13.58948384845036 
-23.32902256688804 
-37.86104586111653 
-27.8767496115928 
-50.76723859036849 
-44.03243886173507 
-19.28660863380405 
38.51517400267853 
-12.50079382945458 
-22.63961917646633 
-9.713492380787629 
-4.112590333450111 
20.50126719514446 
-14.38228587939741 
-21.43783250616391 
-1.74804051378765 
37.26169064818525 
-7.325568379223332 
19.38483829080903 
4.318689185461098 
18.95784162469123 
-13.59872017252578 
-31.3461097303531 
-28.21187824016114 
-2.335461980968797 
-0.142688792826916 
-26.95165007765463 
2.451807169716716 
2.275655001941183 
-1.086705147363304 
-40.28876971918901 
-13.06098504706449 
3.14246781449248 
-48.183425700759 
-46.38027497384248 
-10.60363165762592 
-8.449573725796336 
-24.4030148365633 
-1.700732980595319 
-5.640139368115012 
5.116921381644111 
-30.59287527191854 
-23.60101965384664 
-7.370697960501692 
-38.31293882190013 
-42.76517113187166 
-0.2647241605873508 
0.1250429948272333 
-26.22984085801577 
7.886664646084895 
-14.77246423407628 
0.304693551876166 
-40.65425156079495 
-2.21190257632925 
-0.5150310198714976 
-21.17475348751339 
-36.19841771688967 
-31.63296620446312 
-38.05674161993387 
7.9464348399104 
-45.46093286673582 
-18.4670350894425 
-37.83051219819232 
-1.156986000034407 
-22.00855713079503 
-9.699611561418308 
-33.01664691962726 
-9.855757640453636 
-11.20220138271557 
-20.16840751706881 
-44.97512259144454 
-39.68985880665653 
10.2317276396351 
-1.162272565170075 
-2.770947599500163 
-8.37948766412755 
-13.29305485402354 
1.74796736308043 
-2.104392390554512 
-41.89623807704284 
-37.03139244187406 
-50.50712990226416 
-19.60140556198063 
-61.32130727886037 
-32.71015391606007 
-14.50310796085909 
-39.84248615011042 
-26.8950913030155 
-15.89119414753628 
-34.96892318113179 
0.8082659065939772 
-5.313763876644176 
-8.121256638547704 
-36.47287254518594 
-13.7374585632035 
-0.5534885511963124 
-4.269893242046732 
1.142825595615541 
-5.078737547199188 
0.2379978157391732 
7.471976966307488 
-37.05254322764913 
-15.35715084745377 
-13.03215456548757 
0.4783210024849773 
-19.15678047309829 
-35.69658768437519 
-43.57037290119596 
4.915203976839858 
-36.90148060998551 
-7.019854393471197 
-15.97597196093307 
-0.5255043804098203 
-7.170985749588308 
2.19174798279027 
-14.56290979588472 
7.555457120040124 
-2.031784723290952 
6.089110296073916 
11.20239994757136 
15.96351611509732 
25.13100987889401 
-14.26237104427483 
-3.491545387145479 
-8.489430376457198 
-0.7153544894012074 
-59.94121827673182 
-47.90960629459504 
-23.53087416135043 
-11.05085901434515 
-4.389891246208006 
-27.48682921195954 
3.101530358653567 
4.385782200304125 
2.403984261913794 
15.03550557615851 
6.12687357619285 
-61.01795451167069 
-53.99248620716122 
-17.43455935125287 
-33.56921124304125 
-48.4687401099918 
-55.02878405038969 
-3.822065386666899 
13.81071908691814 
15.07571027714743 
-51.1533602500888 
-49.56211430199075 
-30.8568914557009 
-8.141098295319122 
-65.74563020775237 
-46.16026944091315 
-7.591448894867979 
-22.86088386472287 
16.81357332394209 
31.22819479898347 
-9.96516319905413 
-19.75415834541007 
19.64491338367661 
-64.28316015326999 
-51.26694976526976 
6.941559306146244 
7.847549475694319 
22.62729389007023 
-31.30165164681657 
-31.5594120391483 
0.9596198103695144 
-58.04433424834207 
11.66834855470302 
-45.61375315532347 
-61.85335423687544 
-59.06832289432604 
-21.37123073271594 
1.70909637217713 
21.89433807137002 
33.36317322080802 
-14.47635007727366 
-43.32609431872055 
24.17873124383464 
-64.39064636647078 
-38.9122453846581 
13.99757280567457 
-5.578602372980112 
-21.40823741222963 
35.59300589793475 
-41.62513674194874 
-47.53864725849978 
26.70609608346522 
26.33312053329481 
24.31176589242559 
-44.78044015725062 
3.271694494939844 
-5.181223945096407 
28.353369192417 
37.41706083326886 
-52.06204982874708 
-37.07781809663662 
26.68778761374438 
35.7828753861005 
-6.275873556828243 
25.16413586025297 
-14.00720338505977 
13.67409972115259 
25.1268134240991 
23.86990415076528 
15.46140139074571 
21.39521783439369 
28.80176774691301 
-54.6428176671926 
-26.15805698008275 
10.26248909945405 
-41.79118519110546 
-14.48779589179331 
-40.66049260600951 
-27.96755037243913 
-33.30720853069678 
-49.37646359172409 
-39.31186253399998 
-35.75757204215981 
</DataArray>
<DataArray type="Float64" Name="sigma_yy" NumberOfComponents="1" format="ascii">
257.3053959832152 
454.3393939715972 
621.0160511386345 
729.8769156989871 
792.3526516359307 
230.1982415363045 
470.2075820583581 
654.4632856476908 
755.1215609935412 
811.8164539401354 
183.7043589117813 
505.9127831420523 
674.7647900183316 
773.1052051421374 
823.8839844670968 
179.3154277566612 
503.1079782486696 
685.4397982367379 
778.9055618401972 
828.5104356481115 
183.6833361912533 
505.88514126888 
674.8214171644923 
773.2367433103136 
823.975785714165 
230.1568965941685 
470.1863170063458 
654.6007470322634 
755.3970521113486 
811.9920182998479 
257.3299254603382 
454.4254940367184 
621.2342057688764 
730.2147564818561 
792.5898252959922 
826.2895595273708 
840.177803017565 
848.5899613089459 
851.2706668059732 
848.6425335159574 
840.3116493069276 
826.542143752226 
841.8451639595593 
851.5876570727746 
857.260411303741 
859.1934749934634 
857.4409966601602 
851.9747376028965 
842.4490377739935 
846.465931168448 
853.019413850413 
856.7879207039351 
858.0543870598701 
856.9874711522123 
853.4266006617738 
847.0389199321683 
844.2164213751297 
848.606600245017 
850.9988786011365 
851.7897041567348 
851.1149270331742 
848.8370166441574 
844.5998259453889 
838.0206817973861 
840.7784907936343 
842.208095616692 
842.6394035647728 
842.1986265268895 
840.7477419487236 
837.9544923235355 
829.372299790097 
830.9870639427929 
831.7557199489378 
831.9605673423124 
831.6768409445258 
830.7846288822792 
828.9952885056604 
818.993970567527 
820.0251216550682 
820.4796451335695 
820.5824884423428 
820.4336067391496 
819.9476830431502 
818.8902207139566 
808.1070735952254 
808.764094074594 
808.9857952293071 
809.0341717107709 
808.9920212123745 
808.808101743075 
808.303582524498 
797.7562015848565 
797.6864345871946 
797.6293638397377 
797.5898517455182 
797.6144551612983 
797.6597382391996 
797.6145126498973 
787.0962726001666 
786.7160127767471 
786.4117038382203 
786.2707637655468 
786.326127962761 
786.5563939554739 
786.880385460082 
776.2176633060745 
775.6320057162231 
775.1393572743666 
774.8935597077517 
774.9584186574895 
775.2996821650554 
775.8282928434913 
765.0329164008821 
764.166800949753 
763.4667938911143 
763.1481193861349 
763.2348556222139 
763.6855931480939 
764.3596930030127 
752.9823815983909 
751.7655683443452 
750.9727614682964 
750.6507275768819 
750.8139201447148 
751.4233225685783 
752.4273223693706 
739.5056110689237 
738.1122689294225 
737.2607291144536 
736.9793245443504 
737.2686649467369 
738.0937590943716 
739.4077939440509 
724.8379284585632 
722.9443310562314 
721.8860416618448 
721.5905107224941 
722.0493045709524 
723.1870483141095 
724.8804619465543 
708.0027674417474 
705.5437185477679 
704.0516128420392 
703.6474390100708 
704.35441008625 
706.0146387975107 
708.3704111146182 
688.000985948357 
684.6914893870942 
682.5641966315452 
681.9378443550693 
682.9378054471795 
685.5345212842258 
689.0531225922088 
663.6726744450583 
658.9379087846075 
655.9551942566821 
655.0214901415161 
656.1777563149324 
659.6570898562593 
665.8903180676742 
632.9690070494975 
626.3714336545773 
622.7976864808443 
621.5533514462124 
622.5982790206278 
626.0638388212806 
632.9077066888543 
591.8844459751687 
585.8616469172543 
581.8709744375504 
580.412089346493 
581.5299621808128 
584.9552104823975 
589.8005775124356 
27.47223895175078 
60.43808026916496 
106.1705677153237 
-4.581080198455623 
12.48794919076986 
34.72160150228972 
-0.4461542941535488 
1.225226537650923 
11.80901095679381 
-0.3655847978520907 
-0.415226390291235 
2.993220018164236 
-0.1934131478373943 
-0.6586070057142088 
0.9276795132771869 
-0.06250298719749151 
-0.4670180092891147 
0.07788823567611264 
0.0126840299306073 
-0.285444201270733 
-0.1906681538492197 
0.02163679816268156 
-0.1675757740925534 
-0.1983569726074761 
0.01013387045363851 
-0.1311570059185829 
-0.09270140147142689 
0.01394392847380914 
-0.07175619253170026 
-0.08252992324034505 
0.0188938762442323 
-0.0134499075296986 
-0.06817387710383178 
0.02459889653740492 
0.01254484362389816 
-0.07219377439153685 
0.03001635356289429 
0.02942665566280503 
-0.1085013972046652 
0.03480115736298422 
0.04298361113552011 
-0.09198684686289541 
0.04636797233458358 
0.0445419908928365 
-0.02316532331207469 
0.0507414464858188 
0.06095664796258718 
-0.0272654238308556 
0.04796228966036489 
0.08948071944073314 
-0.08265209098684571 
0.04397040768399476 
0.08938905838550078 
-0.06294112090906581 
0.0399531358491762 
0.08325426206222611 
-0.01224653286744936 
0.03536666757386981 
0.08568095995234253 
-0.03577099446627177 
0.02996185731486708 
0.0892221283381243 
-0.05426027547359814 
0.02392843273961316 
0.07735990618718505 
-0.04407335439699932 
0.01904182157576484 
0.04632515551752755 
-0.1845271967022993 
0.0105288606680784 
0.02144342906501656 
-0.07364196020839091 
0.004075342384353696 
-0.001051762541081442 
-0.1226301416248491 
106.1567315826102 
60.42782663381021 
27.46835618635191 
34.59862241066099 
12.49917390684906 
-4.574468332227225 
12.00119542915988 
1.224507436048964 
-0.4498932444325936 
3.105719875534562 
-0.4128165383267601 
-0.373009206213205 
0.8767971984361895 
-0.6464482675819476 
-0.1920252474152257 
0.06491361295162364 
-0.4612531139077169 
-0.05787895308656385 
-0.1669143802331668 
-0.2822977011266229 
0.01682979804090343 
-0.2185980931254659 
-0.1674413521448266 
0.02169940018995482 
-0.1379695832761717 
-0.1383372428017377 
0.01064209493750874 
-0.1057749970020773 
-0.07946836105045076 
0.01435198394987406 
-0.07821451577335677 
-0.01931276506313708 
0.01924186221127094 
-0.07336489849378244 
0.01287946839590337 
0.02366910178734702 
-0.06820347485782931 
0.02777376173314618 
0.02825603118865928 
-0.08498306199679705 
0.04140875211811233 
0.03361115486763274 
-0.06105921598037225 
0.04754659382920549 
0.04562363100604906 
-0.07447426458819326 
0.07267587528400206 
0.05053206377818377 
0.09244836462276645 
0.08932184392272502 
0.04853494351426635 
-0.05277783369395769 
0.09503826251135858 
0.04540121940017533 
-0.1115145313128118 
0.08825347293715373 
0.04137831813535663 
-0.06337986619955993 
0.07105249974557276 
0.03502326509437372 
-0.01834516609306205 
0.08573581834385451 
0.02906186247703065 
-0.07522925059347119 
0.07793317242949067 
0.02408859322073663 
-0.150326207640557 
0.04858152610414603 
0.0186231168144179 
-0.07615924789873771 
0.02231957191212441 
0.01072687301740152 
-0.1294454388255674 
-0.0001801733783289639 
0.00442351103462183 
0 
0 
0 
0 
0 
0 
0 
0 
0 
0 
0 
0 
0 
0 
0 
0 
0 
0 
0 
0 
0 
0 
0 
0 
0 
835.9336456095858 
826.4962150000524 
447.9575398402623 
-0.06009990526961487 
612.878668932466 
674.5234360209944 
695.3576431050752 
713.8238437297848 
728.2893915040632 
741.483763542439 
754.4153615330528 
765.1933111274129 
816.6532441045647 
786.6120785629654 
796.9540224736816 
816.7621667985891 
825.4459987497644 
831.7078771717586 
698.4558302467194 
849.3078770191117 
777.3480367392091 
842.8157718867704 
761.171791430898 
773.7955089628995 
703.4760824702248 
-83.95115888956795 
-40.77897994673176 
0.3358090387958194 
116.8627940940156 
631.4962662047215 
767.5279958125212 
795.8777045787239 
-1.474700183746229 
-0.6950742111961745 
-1.385015209329838 
-0.6316742953843594 
1.847079479870695 
-65.31538875381783 
-75.62085047482957 
-81.5759076000103 
288.1954519740318 
153.625085417155 
33.72436688830118 
14.97357263378955 
3.012760553408632 
1.38226791742211 
0.5601554560514661 
0.07824112877331124 
-0.1648408605280583 
-0.2416401253481365 
-0.3758780160832401 
-0.3342501585807409 
-0.1817646963488009 
-0.418289557554532 
-0.4080093964488684 
-0.4648035393618196 
-0.6240624261576474 
-0.9003379676541261 
-2.151650086912866 
805.4937186016278 
592.5259671782979 
766.2200487349049 
545.3223488151266 
446.9973676253848 
200.2688921833928 
71.02219589551277 
567.6590235412551 
734.7898104000382 
6.654392300426691 
3.052965034882308 
9.207333626277295 
1.216329439711041 
0.03855670777587577 
-0.1411139309023814 
-0.5167510713035031 
65.45535390533604 
38.10444884663708 
316.3920732486077 
20.65928728687368 
11.50514415531307 
4.00085692300626 
2.193350400520442 
-3.869078273203716 
-1.276592454529728 
-0.5117072430059904 
-3.049242932574404 
-2.765268751527529 
806.2678849945113 
796.7963173301039 
706.1098632022871 
819.0168460109882 
835.1242291877722 
665.6248138427839 
779.0548836442737 
804.8359421520955 
728.9502771932508 
753.9327896470119 
775.8903989386275 
793.6142286357358 
822.7604469741458 
803.7268257123928 
809.9952945621197 
523.5587144251323 
442.9994434454783 
335.0978808916577 
619.4868992994062 
343.7978124335124 
-0.423082921116224 
-1.734625224064849 
-1.32225107069217 
-1.167982053242232 
0.7974163801103374 
6.825526647533133 
6.686604294560926 
11.91060133351049 
0.6831789841011859 
-1.078572878130681 
4.542422010998855 
161.2956379503714 
27.30519567635369 
7.403757253514911 
105.936814190727 
67.13856959403444 
-0.6768480446124234 
-8.131564695097781 
-0.6293135197181399 
-0.2480054092875089 
236.9946649299699 
672.8945725532552 
690.4312715257961 
723.0039028646706 
821.0720543188447 
662.7482851587173 
795.1687532953597 
800.7698992765868 
785.4596427221358 
788.6414113962311 
774.8754268691148 
806.704280250461 
804.2232470397738 
647.4881536435371 
799.1662894038387 
750.5139066165605 
763.3638890683437 
657.1821716921852 
747.8876957148817 
-3.420704662488406 
714.2391383122897 
758.5477154706043 
432.2953771701036 
11.26856752393346 
804.4995370509839 
750.1896424616363 
18.01305324960259 
4.010797189172621 
43.31447123401785 
149.8099041904862 
15.04635313951411 
195.348355979601 
102.1201243518873 
2.889058935655407 
-2.834073908306384 
-5.335284106954095 
-0.9057763185686877 
786.4534599888824 
206.9665022353785 
779.3258567916339 
782.2454297103418 
769.1175820426538 
783.7174435306009 
789.0714737296897 
755.4282641773091 
747.9335138856666 
753.1790985262223 
728.890281675701 
738.3285827707376 
657.1266165265816 
781.1814278585782 
770.218366733687 
762.3004260127245 
-1.595240648429688 
-7.022107246182054 
68.94987448490276 
267.6524969299859 
3.702752058445851 
765.6478330268088 
786.4171031068505 
38.88997513321225 
68.0747217070612 
87.85372470050335 
27.37330396941177 
26.21009498273439 
706.7446024244064 
709.7164429496404 
771.5925834383909 
750.6515584057933 
402.3296282979298 
131.9569939225266 
728.3749827665829 
781.5673896102039 
-8.601715075985837 
-2.371185664843647 
743.4005806632039 
810.7057665272887 
-2.660253217996689 
-2.149905280684709 
831.2048294629598 
715.8676019336921 
700.8845453362193 
-7.859232198930225 
771.8150010998047 
-1.544684562979571 
-51.24400434042423 
-3.981527558434806 
681.2805353900925 
588.4195253204085 
741.5767048576728 
782.4278174011981 
20.22664745238995 
22.92503780693769 
0.9188982506570075 
-39.88257789350583 
229.7613355790286 
261.4601130429263 
664.3929984975747 
99.2353156745896 
33.44521066897749 
682.8450148145928 
794.6373778998802 
763.2037905259338 
155.9608791391969 
241.2948769245493 
787.5315374047215 
771.637923018243 
688.0951717954614 
768.6061389106443 
748.1122343464466 
761.3167357660757 
847.0956709966846 
744.7945894179164 
-5.849350500599729 
632.4264237395261 
17.70190218091262 
47.0926341071611 
-1.673152503968214 
139.16867814591 
776.4595803862866 
-19.79446564610005 
753.2455225570591 
103.8192423430785 
68.52660931466383 
338.9870769001352 
283.2052794472903 
67.11108728269303 
735.7837774415735 
595.9158167722369 
681.2940392478816 
640.2463719606864 
726.8410582184557 
765.0280608189173 
785.5378448348944 
742.3742141013036 
765.3090688731168 
-34.34792132048655 
-37.66032597944324 
-35.15882735505646 
-10.91100225113766 
-12.5797222733605 
14.91665492733933 
442.4509545632923 
334.0914732439163 
667.1169786138157 
715.7937581159281 
-26.14245882142284 
45.6763752426947 
5.696094896521789 
625.0834449330756 
-21.247212382752 
87.98201466088798 
491.2343208377085 
392.1300883391594 
725.2417506326208 
492.0944090911817 
632.8589216465484 
774.5120261723255 
762.7764344133069 
769.7661595425461 
705.8960598484169 
726.9684154794902 
17.88251620034672 
-5.518863696442694 
3.564191017901052 
-34.60736686078188 
-16.49607675330011 
-17.83735407860365 
29.5343737646889 
-6.905612052818499 
763.6434062714972 
178.2680991707961 
126.6415816315193 
2.53849424407725 
544.3233394670555 
470.2884286634268 
765.2546652732046 
736.1076435383661 
276.7384576022637 
704.1949377012995 
581.0322687770844 
51.53997783042582 
754.4216837822963 
695.3749949918542 
-10.95160076439814 
752.4493407743297 
-20.94482564212344 
12.728274157243 
-15.22657595563317 
757.6622012758878 
443.5218743590129 
453.6525660516763 
-3.12430620816487 
222.3532382598055 
77.79582095413045 
500.8541661461085 
29.88056971996902 
658.4893716507838 
732.2436042221767 
737.0904704979182 
87.91505727224106 
717.0684783348174 
26.69883998457033 
26.11638005765842 
10.7621141797714 
558.2057349582406 
398.9247015872142 
390.6670419450376 
538.1234257860577 
277.1271085826952 
747.0673305667991 
711.1703480706332 
674.7041934313906 
41.82163723953739 
224.2596382154587 
51.01616293652238 
519.6326666486527 
337.1800220973165 
617.7479897861291 
717.4884919423191 
714.5692595680994 
333.4140686959025 
128.9460551016602 
604.2927782248587 
170.856017568675 
202.3036437684956 
411.7130267863918 
678.2357572992998 
174.210086209636 
660.6801908315455 
582.8203566774042 
122.4532837487989 
62.95585848705054 
330.1066658564225 
137.606357571837 
230.7459159620532 
273.7645141576954 
706.6597315277063 
740.1183030420286 
130.1025428225242 
751.8029756132556 
-2.324710111531929 
53.47770572709288 
278.0215545330994 
408.8324110579073 
188.8228863024291 
219.5118351375965 
337.9786278425682 
318.9170336349767 
545.1541124729579 
473.7876909318267 
502.5809361284064 
757.4972180854315 
767.9981659414558 
14.3481719454795 
599.7346073649363 
585.2054881864141 
723.1425091339941 
29.46628706751932 
580.8538368476734 
787.5543077291296 
721.8055073795166 
-1.281016862150893 
-6.446817313589421 
-0.7808895691818328 
-1.706483904619157 
-0.6672438168265147 
-0.5523110971095463 
-0.6941739518986466 
0.4656147588418595 
-0.8110056641360178 
-0.5561154210114257 
-0.4098029838910126 
4.227040358592428 
-0.03589322032002221 
0.07894393723838916 
0.2420131528292495 
0.3494476417405425 
1.734849693710972 
3.290928872398386 
6.242682489985377 
432.696937033052 
-84.10864856308233 
-31.96897294528796 
-79.22666254329616 
-2.7504427783999 
-1.9871349349828 
-0.9828969342414738 
850.122264038381 
791.2601835151513 
760.9654794018496 
813.6583019131085 
836.8476157671818 
761.8187795445996 
413.6660797401044 
5.492565262774646 
0.5248240536787551 
-0.1301947869784154 
3.075377222956263 
-46.28045534382429 
622.6702690941919 
708.2006920065011 
735.7461666514544 
754.5295632161519 
745.0113379015663 
840.3963198965199 
847.803779421165 
803.4537271260243 
835.4371199097683 
833.0143559452663 
825.9557339793874 
807.6216106048671 
797.4373738679778 
766.1135566477762 
727.9113262205793 
712.3652297315883 
694.6361627688526 
675.554082589936 
655.7309550689628 
143.8892287974198 
273.3846753531217 
690.404442071924 
682.2692189405778 
65.57410526218111 
283.5032992592347 
511.1114741295156 
540.1060057903888 
800.7653872198293 
825.9620256021991 
-0.1474046273729755 
-0.2203902944524707 
2.858080425921966 
0.8884436768583797 
0.8075946201469759 
98.32905317767774 
13.03120784136988 
645.7227519721231 
174.4197607498934 
1.433978345429013 
16.24427608975588 
29.58573279873487 
-0.6927869384011128 
-1.058379296469429 
0.7672035559205946 
-0.594238990577019 
-0.3180150121140173 
-1.768192407867874 
-2.424985898543464 
817.1992997601398 
797.3722583919554 
767.078645972255 
777.1817033180785 
741.8514651046763 
693.114984844124 
823.7349731116201 
823.1573640029266 
820.137042133444 
771.4322216448691 
784.4490945558284 
786.5149145017048 
806.6553397144118 
720.6533751761556 
755.8253620511116 
731.1095420267093 
700.5596047294139 
794.5067730212717 
402.999304187196 
54.04450839454331 
294.6298120261796 
807.8918407396214 
574.9235418552241 
816.4908312634715 
-5.806736541493196 
-3.031942836959129 
0.07822404464640166 
6.683148888063566 
0.1878058501739713 
9.207437300241773 
2.529833879810869 
130.1200185630873 
18.60327192647246 
30.52596079389488 
3.000185098728069 
486.3798813622338 
4.477260593615981 
-1.199053516969024 
1.490153636555276 
-2.979549025789702 
44.27825739946775 
402.2974958289753 
744.0050228519329 
720.8151648780498 
787.0093691442623 
768.1291773361467 
769.2086341586742 
805.8922656432318 
808.8274126132193 
789.5778616268929 
777.8011190724741 
788.2751130535387 
645.7200719854401 
768.5149595794151 
801.1626830108129 
794.9675123876671 
773.5243464406861 
756.2567128425944 
734.757286800924 
-2.602778353444846 
-5.210251368443204 
606.2642889745191 
554.8997351026686 
201.2586833969078 
50.64591178201741 
377.9256568310118 
695.9607084820142 
18.59152511060017 
6.854688532793572 
-1.05465187285092 
11.23934126249048 
116.1309959116579 
81.45519629530158 
117.6135431443146 
72.83482630045813 
30.60645801460395 
51.28841391637715 
5.493479109942125 
11.31058131970503 
-0.2847290937510477 
802.2049073546383 
156.0989209788253 
770.8187325481404 
754.524137727316 
785.0233527955972 
795.4560065963104 
776.2207014294024 
766.6261995543049 
777.4246418663446 
765.7552377314267 
764.714454667858 
756.3330537983546 
726.4402117449617 
732.5439181676384 
729.0396658302593 
-0.8937339008400809 
-1.736618736848824 
-3.022130794006256 
-44.27193367629082 
-2.069934551302963 
668.2789039695168 
699.852446944077 
758.9582410255452 
688.2768234501152 
217.9814525784155 
-45.87584954488883 
1.563742224560326 
12.71582596713566 
95.42829352763964 
234.2707194975479 
23.58044703368834 
824.5436967049166 
772.806044383001 
773.2035088553488 
423.7304685248165 
355.3838366305047 
-9.008223742933451 
-0.4419587391394749 
-0.07299228030682095 
-28.93148911609105 
-59.15061665124632 
763.2476860794768 
756.3134574706208 
771.2857184181116 
-71.35306979117165 
1.085564564161468 
-12.61882839855218 
-16.08716754575914 
772.0205147503722 
0.3306167048105285 
-0.673406263418153 
611.1630671709838 
-13.86286254743169 
1.527817821292069 
62.64806031916309 
490.8694010137627 
798.153547734135 
330.8789104108972 
33.82329307885532 
25.37603061754578 
80.13920225969879 
174.2819245527011 
292.0148384488637 
701.5480577789862 
731.1879148912006 
-39.07250129218464 
-22.07533812577679 
-6.601347191609441 
-9.741221638246436 
3.083261419593492 
-82.62640038869887 
-21.75435476188944 
756.3441471030765 
498.5303909543468 
549.7133981893486 
35.29153075871734 
578.1764747074243 
763.2715634917226 
769.6170406435348 
747.9484809082238 
765.0228480889699 
-4.831997771597137 
5.466422369621709 
116.1989650886162 
148.3650588294618 
56.24114705271539 
456.7457761712246 
250.1131865202589 
-31.92741738668997 
-16.26500441465913 
-40.57144574174578 
13.13897019068985 
715.2975290982378 
744.5775660503359 
756.8793335579882 
783.3833067942204 
793.2375470946038 
730.4975346948609 
-3.635973356291809 
416.1466727958472 
466.3364228224975 
85.07708198629662 
758.0169246338954 
779.56655754679 
763.2455458232786 
750.94959973481 
-10.87139615593845 
-26.30416824473513 
18.43052337616212 
52.51001787239463 
-13.1028170437933 
-27.4285673391374 
-23.01288017792443 
32.59585541631076 
11.70914299733977 
787.5974597052017 
759.1461073410201 
758.5200403161028 
741.8121503919677 
623.8295011680761 
654.2225283633707 
-2.079398270289214 
-7.041549476396871 
209.4393947651008 
486.4936061140438 
30.15517189374383 
238.2627815735744 
-15.22211152108057 
127.1354044429394 
167.6857790767801 
678.6865014315807 
706.7625849517689 
8.376643535566357 
752.7231628174376 
500.2024095784573 
545.5811872121074 
-6.185149340409486 
-5.553529685020077 
-11.2561751955106 
541.6616266456247 
740.2288921559491 
723.1819611072583 
-0.06708685192730296 
644.7984786879384 
748.5991385851 
760.3191202686024 
764.7002598912264 
187.5655476017869 
95.11185706909822 
284.8424099293064 
416.6522043808274 
88.88312181525913 
695.0977213502692 
725.8121751704042 
-5.804202492076977 
12.77778987422758 
8.206585995739363 
761.4977575826921 
746.57820111046 
6.14652315605866 
660.1709114094203 
272.7818070274656 
713.2788198449771 
615.0309518711289 
711.9576342978544 
369.2343500474361 
-0.2025543733403272 
25.87298748851763 
57.93150095573235 
-2.947912682637009 
585.0923772897302 
59.94257853332795 
671.2359404520453 
511.0341674545748 
5.71079821032681 
323.0371058502593 
476.1205578501154 
122.0251126722072 
665.7193214824795 
738.4983385277015 
241.8340003631343 
139.5745179494735 
16.74385786432761 
662.1890447304123 
349.3633076536199 
374.9447505436513 
54.59342870814918 
136.7879831840976 
595.4643398329672 
579.7468559092421 
195.7919854533784 
65.80698059276018 
-1.483834279202398 
718.6230584218624 
-5.162532410751404 
719.4103372558756 
733.0103094426938 
780.6603810046159 
785.3849957462211 
766.4125821607514 
745.2054419535441 
726.1484301037614 
0.4274154646648344 
790.4674844781101 
751.4241758415444 
300.3001747863571 
5.808229052590979 
9.10601458456013 
14.14649736479567 
599.2189937877889 
655.693175770032 
19.8803937788819 
</DataArray>
<DataArray type="Float64" Name="sigma_xy" NumberOfComponents="1" format="ascii">
129.1382562540822 
132.0495899542827 
100.3813976473707 
62.71525463565077 
32.2536705466791 
108.1088104906511 
108.1977691967397 
71.71587725932204 
41.46398829411535 
18.59815865600795 
71.96099877879155 
62.35767485894024 
39.4105791606977 
20.89031420361274 
8.233298046363302 
-0.003165517138927716 
0.01923052253092031 
0.01084815148144799 
-0.0493601004221438 
-0.1244465327017416 
-71.94132294827301 
-62.3202033136639 
-39.39988027473696 
-21.01369333995208 
-8.512919165803771 
-108.0831835946385 
-108.1785515899885 
-71.76565752293799 
-41.65656809976484 
-18.93943501629629 
-129.0385972262433 
-132.3515843211111 
-100.7697119116848 
-62.99707645160838 
-32.51687591593631 
-9.455846631920494 
-2.820422583445436 
-0.1936812083630066 
-0.1430092800622572 
-0.1120770185315968 
2.479232216700516 
9.160291523550326 
7.477376938200663 
8.459854755817005 
5.408392644678967 
-0.07378077464191309 
-5.553645995831222 
-8.582521567008305 
-7.5500143803969 
19.28930325269689 
16.09557037973242 
9.157320531520156 
0.0417542879098064 
-9.058607227000998 
-15.97004537698169 
-19.18115803670487 
27.33567432831974 
21.13669976393185 
11.57450394758549 
0.1372243709099607 
-11.28179300170822 
-20.81129791607628 
-27.07560781763051 
32.81891315301311 
24.35169544109593 
13.04464399224705 
0.1674144751891727 
-12.69602503150677 
-23.96783620701889 
-32.41971348604439 
36.28656624915725 
26.24615526598409 
13.85486242876311 
0.1361245317324042 
-13.58886228937717 
-25.99086415750674 
-35.98433356624705 
38.28272691956671 
27.31812020229417 
14.27983752745089 
0.09378266869293017 
-14.11407834319923 
-27.22280635049762 
-38.31265653921555 
39.99194493864444 
28.05079471492068 
14.52516320786254 
0.08364094306907743 
-14.35880111080941 
-27.86301928088324 
-39.6215956714536 
40.44350663608819 
28.2754138019378 
14.57720849198275 
0.08309884263313773 
-14.40085429430209 
-28.06580348303667 
-40.23716902367939 
40.14322609426481 
28.03415435663851 
14.41668791166181 
0.05425701126374835 
-14.2927015583784 
-27.90140322508038 
-40.09852223328718 
39.58995735219621 
27.51453791690961 
14.06301142833796 
-0.02563626926276954 
-14.08442884041127 
-27.46550655084685 
-39.52470577971068 
38.87043020476062 
26.71282554389485 
13.53087842290818 
-0.1534009644831193 
-13.80802275823649 
-26.87986001326773 
-38.89618979569334 
37.63392056216988 
25.59140145016427 
12.8827878181587 
-0.2754945632462006 
-13.42450121176651 
-26.07236775313737 
-37.77745590028201 
35.92042481358651 
24.36237389642091 
12.22838479675866 
-0.3187949766096898 
-12.87232331909347 
-24.97537317488326 
-36.17883705323043 
33.39348005570886 
22.90743653118219 
11.52207677774176 
-0.2604186108309153 
-12.07846999459474 
-23.53255179961871 
-34.1469982384194 
30.35870921168343 
20.90717368536411 
10.58446250581187 
-0.1142281312071352 
-10.91235158305768 
-21.53642024308778 
-31.54655004361375 
26.61390005681113 
18.14177028823364 
9.219817361609676 
0.09214163290665436 
-9.143047689797584 
-18.54672051214965 
-27.91570258145122 
21.36073513715171 
14.24796283642758 
7.249560529866469 
0.2721137135472982 
-6.697183635691935 
-13.8103996247758 
-22.15490638802078 
13.61622640752008 
8.941502659979857 
4.673932453333948 
0.2720908112758211 
-3.998153094279218 
-7.758893640800166 
-11.51087894058358 
3.225443818800281 
3.003401998794405 
1.668479826689019 
0.07883253252396041 
-1.469407696877549 
-2.590993760282057 
-1.671308103401789 
-18.09505643117571 
-52.49618515010079 
-83.46606866764051 
-1.102906037203729 
-16.05848865511821 
-39.55102775233818 
0.09813954824577836 
-4.099598692201285 
-15.6900367347174 
0.2833966213025359 
-0.65567247884726 
-5.362168016994847 
0.2961996167157269 
0.5575670572939443 
-0.7959666476870952 
0.2688025367916754 
1.008585110538748 
1.327870706340851 
0.2358202633689311 
1.147570880993808 
2.319683287439723 
0.2119062818478432 
1.169885725032035 
2.765745607889112 
0.2005810144226631 
1.181658722484914 
3.016371030815156 
0.1890218117139296 
1.165461003885695 
3.108677130290964 
0.1794237423799816 
1.143294222901105 
3.139541904928332 
0.1686619794161783 
1.10869516340553 
3.11809076604038 
0.1559872717180263 
1.054815008449864 
3.040149220419612 
0.1418886359074109 
0.9879664395547136 
2.91825879463443 
0.1292932391543685 
0.9345168705418084 
2.803511741411435 
0.1187611754375607 
0.8944993411115941 
2.708101159939385 
0.1055443041248272 
0.8102441689231166 
2.491324286158807 
0.09550655005770195 
0.7382057432114529 
2.321594636836929 
0.08608355540329628 
0.6699580367910138 
2.125964099396234 
0.07587182893791272 
0.5922106913388239 
1.886022386721826 
0.06364976086078397 
0.4915338866842276 
1.589598590965723 
0.0508507191144975 
0.3851973434075153 
1.27131841263827 
0.035862407092414 
0.2734541339937718 
0.9784287172419419 
0.01757563971198104 
0.1143090484081916 
0.4376525320008878 
0.008817816823288322 
0.0309961058461634 
0.07225622446723745 
83.79395179617561 
52.51919117584706 
18.10133938769418 
39.7210916026134 
16.13632257309153 
1.108741865671023 
15.88005569569025 
4.195985713735566 
-0.08488548372095416 
5.185199445618642 
0.5814348974139232 
-0.2944110372193115 
0.7469403977707267 
-0.5930763470179501 
-0.3032580896888482 
-1.345090856159766 
-1.023195050610941 
-0.2727660548218477 
-2.326871905537395 
-1.160402772694358 
-0.2387046611450704 
-2.726422562270704 
-1.169036581489949 
-0.2128838328159393 
-2.969398793461476 
-1.170267432680202 
-0.1993940185777931 
-3.078403305986761 
-1.150269950656881 
-0.1864026090777596 
-3.094059304062076 
-1.118050491331517 
-0.1746695789529551 
-3.075342314430379 
-1.08359082869811 
-0.1639331024561908 
-3.022081977029676 
-1.042268053744991 
-0.1531322331155107 
-2.93799351801782 
-0.9914849031207744 
-0.1412946648953143 
-2.833860514195441 
-0.9349902910675284 
-0.1283083760135278 
-2.696826906379588 
-0.8691158468310378 
-0.114607706351203 
-2.508023737919501 
-0.8107408978128293 
-0.1056620902218363 
-2.432194998648443 
-0.7950857051826817 
-0.1030042181152784 
-2.064091989104523 
-0.6692587975361406 
-0.08740736828138254 
-1.820071012116706 
-0.5754711604136645 
-0.07523471050654038 
-1.59940130559592 
-0.4909091644635907 
-0.06381889699774373 
-1.286230430773032 
-0.3858522544756567 
-0.05032220530656444 
-0.9425524796939748 
-0.2626584203868677 
-0.03459380047310621 
-0.4783185646737166 
-0.125467510100516 
-0.01864453221425048 
-0.0838582488523497 
-0.03349945339625027 
-0.00896400187775606 
0 
0 
0 
0 
0 
0 
0 
0 
0 
0 
0 
0 
0 
0 
0 
0 
0 
0 
0 
0 
0 
0 
0 
0 
0 
29.74443090114124 
1.722091222109808 
-145.0242378526999 
6.193468806536797 
7.676269107831922 
32.83561780283097 
35.54916556766022 
40.36781706847861 
58.06580971486179 
45.84775126744715 
48.50964719712596 
50.52908258403978 
48.5976212540484 
52.0792383362904 
0.4090058059267145 
47.76465756681934 
44.57811458247039 
38.23459588083155 
-83.89255526360172 
3.52217307162808 
5.533621614104816 
11.61695833496115 
69.31445465989586 
70.81303725181903 
44.94678149275109 
1.847381786965863 
18.6604439780299 
12.16756255713825 
-91.44613990807493 
-108.7357572284238 
56.18688494410535 
26.11391617504792 
1.093759863631684 
3.183137279462193 
9.810637270670796 
11.96885152486972 
17.02030760610674 
9.361775087768487 
8.169571503516368 
5.434044377455924 
-141.2339492897343 
-107.5798968389854 
-36.36499470966598 
-17.71745523739735 
-0.8613474042941396 
2.298766738054168 
4.121515923808812 
5.385871154377479 
6.727864273007995 
7.009456712327708 
6.984686296379845 
6.733409307350231 
6.650474350714901 
6.01046369881084 
5.512784289060175 
5.049163571146233 
3.733232308329897 
2.833736611390385 
2.49321566881977 
-20.86163221425119 
-120.2531319428804 
-49.13833074516197 
-135.1770779238019 
-150.1131192407589 
-124.5605676732064 
-66.83373813463942 
-131.3944795099508 
-64.15856844226218 
-6.813461540902338 
14.20849124169321 
20.92386491450161 
9.434924114690485 
20.66910660436981 
12.25113305813539 
6.825849108370313 
-60.67955130996803 
-36.34417512733791 
-147.8631183513066 
-19.19305162636662 
-7.485484428632887 
3.658591428345793 
7.075537313935276 
10.54557665913572 
6.912488383973008 
4.448026166576354 
6.36054570937083 
6.06006364503205 
50.43681073529501 
51.57820476860094 
-72.68924094913328 
11.79342542421458 
18.14691578098379 
-99.16688145526354 
-34.29575873431728 
-7.475418995406945 
43.89479040058895 
4.269049784841685 
51.6844648620419 
65.56116925577139 
27.20435467892118 
58.0545469865624 
56.44909230608858 
-133.0770433388913 
-149.0255446322991 
-148.1512407388098 
-86.62080090061195 
-144.9836736082152 
12.43067070160795 
6.104384083592528 
8.486598092188432 
9.450668878321853 
11.08155397174915 
15.30164634532469 
-0.7994834541206943 
0.04813887092364114 
17.35233244905184 
12.07116534960256 
10.65635446596718 
-108.1080790547966 
-18.62187326661581 
6.356625841928929 
-80.95901142009593 
-55.07990557060363 
17.02757596303424 
9.483701786033437 
11.15370677452708 
16.88127429864667 
-132.4325507964048 
29.5665607925789 
39.39940828747395 
51.61905375151614 
39.51371371877239 
-84.7562181756455 
60.54917028539425 
58.80633024651162 
62.83099701881515 
36.69150398686043 
63.31742723933903 
33.95022352514945 
47.24845979757666 
21.64478616786521 
57.47624862708521 
56.46931376282542 
74.84833050711335 
19.35009600047394 
-43.20251612307641 
9.864203396074569 
50.92958409079515 
73.26924872440952 
-143.7661798738902 
9.489354914933216 
18.25456737122354 
-39.65248666782639 
-8.508383917996458 
20.38509392830304 
-34.25775115620871 
-95.20747004537306 
2.401625821117519 
-101.8523249031556 
-68.88865991706678 
22.48107949399179 
25.67755463079929 
26.3863644617848 
23.27953337181813 
22.63332421824099 
-118.9753807121348 
3.189247851037706 
-20.59912764686398 
-15.32054244132061 
69.2660596023742 
65.06676530595915 
52.37094119533465 
66.31366388303066 
44.20857571383253 
-34.88134168448147 
55.42336387149006 
12.53358959630172 
16.57387632229134 
71.85573985140768 
60.41267813052728 
18.29205151999995 
15.24473670394052 
-46.91851122237304 
-135.8669827700261 
30.44661344080778 
21.55961080787227 
49.35837928850486 
-18.46835442590885 
-28.31434556216547 
-49.58133574620467 
-4.475689078151353 
-4.776434901265655 
-17.7881321164746 
-56.08544760764099 
39.49768312489611 
-13.33550914666904 
-137.3355762457423 
-76.35852236597243 
53.97404988345652 
70.62685249961947 
24.99657013897695 
14.38110642176138 
16.3623334390555 
15.78708385814814 
14.87498496678909 
19.94302553577694 
14.14095051208592 
37.8190562432049 
14.39004800190101 
3.228544019378787 
73.6394326643873 
29.2485140125679 
9.032316667324062 
20.76439472193517 
-61.37004488141313 
-78.96582271969174 
27.52326794974938 
60.05010695249663 
6.44003994759105 
12.72775492117434 
25.71591862055477 
21.32583701297099 
-76.16970899409576 
-126.6855436593698 
-42.09964226183472 
-32.16565324310367 
3.5449854342332 
-50.11456934782723 
32.83535374174015 
52.7860549369572 
-75.91049991568971 
-96.39231991223387 
18.49097624364546 
52.84864044184628 
30.17085379764854 
40.96418627082959 
58.24480287153268 
67.13998419656797 
7.324400238441178 
41.13078395043894 
18.820455204835 
-68.95607962647617 
24.75724140219562 
-9.274068729866425 
16.59261292768661 
-54.30347478835714 
66.42527648884726 
5.559574444099702 
68.38858652251199 
-51.45787854111131 
-13.26138965318434 
-111.5161060806471 
-94.73288090504356 
7.573131653870571 
8.783795295251243 
-58.89801166459365 
-18.23890759965537 
-39.22602666155956 
30.04953049251186 
72.16771440943697 
37.99816595867561 
40.89102820633654 
63.42594839202283 
4.741858701162609 
12.61877366769224 
7.650505200421479 
29.62552744225278 
21.10887315142049 
23.81804183719036 
-108.6603110258256 
-89.37610957671428 
4.273597473801331 
5.192508658310452 
18.68994907197557 
3.098936023850227 
26.6264856604601 
-61.34614265137806 
28.29324418719618 
-9.675371296302194 
-96.88629272110745 
-101.8766280592219 
19.34247957196154 
-4.685576913802017 
-8.858421148577577 
45.38559098271292 
57.27651896994411 
35.43172130261509 
9.434815026297082 
4.719420268004902 
18.89834547697551 
30.6245912191692 
25.55502143594689 
21.17619967117352 
14.44563797191923 
25.79540401137083 
16.97436805590165 
30.57930359844595 
65.23024644653927 
-55.56862900426414 
-31.75640033254688 
30.27826259810616 
-79.98533769081881 
-38.55161931228208 
61.80282748914406 
31.76337307626834 
-49.46766643094143 
2.974929248706639 
-29.55774625132351 
5.568858996554805 
41.76804945875233 
13.03320590295775 
31.73220692459076 
22.29856216116203 
27.71559386777226 
5.208846811409313 
23.70296549081487 
55.38466296584963 
-89.77342685670395 
-65.45215893875488 
32.17396200646914 
-54.09882142338227 
4.175423721029778 
-74.67462389681518 
13.38597240143826 
-14.47805617647818 
33.17421992913636 
30.10414115194848 
-4.768051740281661 
21.34335289787115 
15.43370583308286 
21.34785207525035 
27.76778590170719 
-55.19377483090405 
-53.60763923691083 
-79.28034250878711 
-21.4992601706458 
-72.72355697121559 
43.82132126448347 
19.98697808484466 
-2.424285591980598 
15.09848847911794 
-33.5759988469762 
10.88474833633604 
-48.38276412053432 
-39.14237100438186 
-30.42784327622863 
15.94886093515435 
23.76898860617361 
-65.28842929577452 
-3.562522388469819 
-7.892587760656994 
-33.73325539250121 
-13.38962529466691 
-26.28432749698614 
8.473751067626269 
-18.32076880625766 
1.444324481090517 
-4.594011181221061 
-5.513035942371335 
2.418292582235686 
-5.221176460656679 
-1.293678199123844 
-6.770649797832271 
-24.55294253174056 
45.68670265800957 
65.25354556877335 
-14.98591520420486 
71.78536445928192 
13.23816157917302 
-34.06238037288558 
-111.2927011683566 
-119.0280147903701 
-77.25325207883805 
-102.4506062593302 
-127.76860723988 
-138.6516354196496 
-98.77904605056229 
-120.6438915557367 
-123.7590430017324 
33.7840092026712 
48.59568555347649 
14.5980050016939 
-113.1791644395984 
-104.7175815637743 
-18.9834183313799 
33.44517916639581 
123.234754085113 
-52.86997424678569 
72.04741788002838 
-0.8794591949080967 
-2.585323478521564 
-2.502765620650794 
-6.985821137015184 
-3.689541650236968 
-4.094912752294876 
-4.860787444399502 
-6.272268425863561 
-6.34761930522754 
-11.58424396168967 
-6.252627573840976 
-19.48141568962044 
-6.273996588808482 
-6.16956959971253 
-5.966178584093398 
-5.517153117514333 
-3.194141273176966 
-0.1562043893475049 
5.320654837159616 
146.1121320053908 
-2.093739851567049 
-4.328061294962427 
-7.426883856417651 
-19.52054334298416 
-12.62738072415159 
-6.805925680688874 
-2.344469523922516 
-35.29320200833953 
-17.81080064156773 
-52.13733894218597 
-28.4987305836536 
51.84413072855784 
151.8225672528328 
-2.636600243442841 
-9.81324464307178 
-10.75277650571909 
-25.71205487815709 
-16.41966453883398 
-8.586533943537015 
-44.73817342962003 
-62.70177399205465 
-49.22201355194429 
-66.24842603864973 
-12.03495117670535 
-7.297174304565106 
22.44179048332052 
-16.602169649225 
-36.92614819790106 
-42.94905983324229 
-50.17789221751161 
-51.93194785495194 
-51.34120052784952 
-43.2779692805624 
-39.87502432287846 
-36.44699566022729 
-32.85509120479328 
-26.4819257382029 
103.9017929486935 
139.3860676293882 
87.12722513618148 
87.13524644164846 
62.99955608695831 
143.5009621986825 
141.8470763310294 
137.0915901801321 
13.39825021530307 
-0.1065043275465578 
-6.295204688911463 
-6.257972699625199 
-11.53522758380879 
-9.025287834796908 
-4.650483865785233 
80.88175904599902 
15.27105179453624 
107.2170296400468 
115.891624461349 
-7.701885175329388 
13.1861000141341 
28.45009438623189 
-3.085693771747739 
-11.7354695579457 
-14.24673375453806 
-6.288111144256373 
-11.12829008151982 
-2.194676838465223 
-5.192052423735919 
-47.3221456626643 
-61.3948142305837 
-62.54890538768483 
-52.25284785166538 
-46.4223271013148 
-38.47138653129675 
-35.71048061664974 
-23.54092313871544 
-45.10762393547479 
39.81943666048221 
-15.74674235081225 
-61.63074270955904 
-52.04236138680333 
-50.71958454890704 
-59.14243619276066 
-50.95658480868662 
-42.32123520567702 
-48.29322789146164 
150.7200838210262 
50.81219740841194 
142.649338598192 
-28.15616989489741 
122.8228353329373 
-7.566032838548411 
-9.894895751713488 
-10.90964149581508 
-10.3269420743186 
-6.086497648124761 
-15.18031657178303 
3.528864310947836 
-5.702323375061327 
91.71522163153904 
8.533385186263564 
22.49996455281082 
-8.575765478153086 
139.0885626871046 
-16.38080123031153 
-12.38585839757162 
-13.14802275937795 
-24.48489814156962 
15.03919659728888 
144.5653006949549 
-55.17993446899145 
-54.39343895417796 
-63.64586913032318 
-75.28164107918477 
-23.76434323888059 
-57.36859860819574 
-41.59448861242941 
6.432009576198108 
-64.66176817245064 
-68.94601679386966 
96.27865155838188 
29.9488006282274 
-58.51298311254322 
-64.59902818859403 
-72.24259028112564 
-66.05609454798893 
56.94410628912609 
-8.695091771815674 
-21.68753087200093 
118.016357990024 
120.8527627665402 
121.6675372241949 
40.0568987578046 
122.0415951999812 
71.63293730647469 
1.734941666638097 
-7.846202612719543 
-18.02284560651556 
-1.131970334238881 
71.70638674730257 
64.70918699519268 
67.9789371706829 
51.42854741156103 
13.56529968174073 
28.27167418773255 
-12.20298694363915 
-10.89347556137216 
-28.89768890814262 
-12.43479178820488 
99.39855637703732 
-52.0394036873727 
22.40351162632558 
-54.35511788277062 
-56.78576552849041 
-39.56990204130013 
-67.15167146830815 
-67.39467461443665 
-68.5087448876464 
-72.9059054472044 
-70.67321265605396 
-54.86259540081481 
-59.91618074240703 
47.70893415469847 
-12.01518917842679 
-18.66614240648367 
-5.211555293107666 
-7.778985407775732 
-23.85944361648569 
-17.0748812235604 
-38.94763210451248 
-72.89732716513532 
63.04122541396617 
111.5664070310752 
-18.87657540640091 
-17.32979167292255 
-7.111758193326637 
50.05644753076473 
119.9866984099129 
-7.927056915094233 
-15.47846272780847 
3.438063009756992 
-72.07740052909108 
128.5683733619245 
138.0478021453124 
-16.26291370365163 
-17.21703881429666 
-16.27936990478926 
-6.767773321718676 
-8.303701543314403 
-64.16891298007685 
-72.92025804445893 
-67.79472954498432 
-8.240119998835969 
-20.5965003617228 
-12.86832091134304 
-4.770885690059833 
-46.12400505974524 
-22.15704062717332 
-23.3232670709592 
100.3719405762773 
-28.54485932570671 
-18.44049287659277 
30.78966379355067 
133.3286218589533 
-17.37016727871997 
104.7463708796328 
-6.073338613880108 
3.424010617357627 
33.66842083832871 
86.39257352333112 
119.2010037969584 
46.00397508691965 
22.4110218680054 
-12.56307083284535 
-26.42827473532155 
-7.517544033658137 
-22.95847705592891 
-29.93581610112499 
-4.925977699752654 
-16.95063447015017 
-32.81142645278813 
117.5844981537574 
113.730765222399 
6.703255691791955 
62.82731246148872 
-54.12249652007939 
-55.33199490105039 
-37.14849779816524 
-34.0991876937025 
-27.00604108701339 
-22.42612629494393 
42.76896242451767 
65.5277700093462 
11.79039323292651 
71.87459256350151 
100.3827849486642 
-19.09638436242972 
-24.59979433454798 
-19.75835737371304 
-26.69811258392303 
-17.11894594195757 
-66.62468272355069 
-54.05460280224748 
-6.312564009006701 
-27.19833809540257 
-42.13530808384347 
-28.19279714716988 
99.72580029252582 
112.0747799750781 
20.04169421294739 
-55.085171466459 
-40.88205304191937 
-68.10317872631667 
-67.62672180105903 
-28.56176992141479 
-26.85977832462648 
-19.08381049104016 
-1.629057399276566 
-31.25536158326814 
-25.44140891828043 
-22.05615370445153 
-18.18202319709936 
-4.439668045453526 
-16.83457485030314 
-43.05177745274498 
-59.45963496906287 
-58.61172470493786 
65.90096937851129 
63.90304568655593 
-27.34683317091176 
-30.14133133650824 
77.40413078563888 
24.86270957456253 
-19.64684169384584 
60.63856066513493 
-30.25252471256184 
29.2231773921159 
53.01109173157454 
36.04027768124841 
-18.06837388794318 
-26.94833447252096 
-3.501044449519649 
85.39637519033913 
93.36075463439902 
-32.38457324700221 
-25.30986316048635 
-15.83582893583841 
53.53834562856345 
-38.27590487653663 
-5.355310106839607 
-31.50699214306663 
35.21220199135638 
-38.70845540383935 
-68.36361077249241 
-61.56251841144522 
37.11874036176589 
-0.3705592678837343 
83.78276949718033 
53.8054624384535 
6.77196038511656 
6.345620081387824 
2.149552917338576 
-30.59587988303196 
-28.37348202434006 
-20.63089602831664 
-51.52020173022446 
-20.92207405135072 
-30.55878727014723 
0.7505758288966345 
40.68964220291714 
-17.31038094185252 
30.1359143024252 
-17.19731952489553 
82.00606175879386 
-31.76317381458783 
-19.21293891212289 
-7.180573672875806 
-30.59467669595726 
12.36225707140691 
-8.450461634815069 
5.707885007802064 
40.04817457682611 
-26.57776855123666 
61.61073479462514 
7.007714529285479 
1.659020442335893 
-1.182237564570402 
-38.29317646312198 
8.98428319430249 
16.8161677180289 
-13.9417230401969 
-4.951986314205056 
13.11026339728542 
32.25980083293021 
-13.134728040405 
0.4001471390160916 
20.86366880459042 
2.8506125811103 
16.85057827047985 
-2.547766284668266 
-5.706930945319488 
-47.1669531267709 
-15.6440498946322 
-52.3806948765373 
-56.67242062565133 
-71.14211815002578 
-67.94305931421525 
-72.08471290007698 
-62.01316552091001 
-18.89587248689891 
-27.831138918938 
-33.48597501643712 
-23.25968051940891 
139.236265591661 
-17.39856520200181 
-20.26241418199394 
-13.4562156169664 
94.20276561791022 
83.12781723663045 
-6.203526504806743 
</DataArray>
<DataArray type="Float64" Name="vonMises" NumberOfComponents="1" format="ascii">
323.5268304585376 
478.9616380632914 
602.5709611812225 
683.3123851964639 
731.1125440756684 
276.1400900811896 
466.9515860108379 
607.5344825934875 
687.719779445541 
734.2207644022318 
205.000126610537 
467.3409618042266 
608.8444160071563 
692.5006688288653 
736.4391691734419 
158.5196370958308 
451.0528620327016 
612.1496936483188 
694.1487053953601 
737.9664973376422 
204.9725413393163 
467.3178007933296 
608.9110943552315 
692.6428598956562 
736.5274097393816 
276.1206432977232 
466.9859031198145 
607.7106699174592 
688.0036508574785 
734.381682199439 
323.6951004554132 
479.5412692296943 
602.9144571315576 
683.5225829422761 
731.2520985816146 
757.8893318991453 
758.3941164253973 
758.6861763160327 
758.7106550820764 
758.7586846979223 
758.564791064283 
758.1290291681444 
770.8825547768895 
769.0871575094887 
767.6669700597371 
767.226346415722 
767.8701928587514 
769.5048275085161 
771.451110578073 
775.6307095098236 
771.9391869683128 
769.2818457522559 
768.373141940161 
769.4925853059198 
772.3541258999767 
776.174361998587 
775.181682729609 
770.278199757933 
766.7771448790029 
765.5465695107897 
766.8890412502623 
770.5049779758046 
775.5553842543964 
771.8166768186728 
766.119414784366 
762.1007125418291 
760.6525771824179 
762.0777565108847 
766.0700065784488 
771.8181558704221 
766.8618194291735 
760.6323555139862 
756.3668568859223 
754.8291031626595 
756.2755148200795 
760.4229189701882 
766.5092738862662 
760.6382350588594 
754.4587570662892 
750.2641148800067 
748.7649580031763 
750.2223480831636 
754.4023795945291 
760.6422137964236 
754.5720008861218 
748.4014199726278 
744.3272816072435 
742.900370598192 
744.3446801111118 
748.4697165373854 
754.7063258870511 
749.2006672712819 
742.8704972137263 
738.8420123337004 
737.4473522791168 
738.8342557339571 
742.8348665825035 
748.9985027834583 
743.6190672752018 
737.6158701940723 
733.7343215927895 
732.3621456937532 
733.6509238238949 
737.4624078272366 
743.4259523298 
737.8541644806419 
732.4014941606433 
728.7399763431646 
727.3942878574119 
728.5538453298428 
732.0836100730678 
737.5403989927499 
732.0159097871168 
726.9410567969271 
723.4575720513748 
722.1616346134323 
723.2042356645392 
726.4454765055353 
731.4791672334064 
725.5524535283614 
720.6249601188144 
717.381915382852 
716.208165270383 
717.1915476281119 
720.2158319382938 
725.0108479267794 
717.9600965504902 
713.0032323096214 
710.0461015555043 
709.0376401981932 
710.0157110877415 
712.8665613264238 
717.366093857385 
708.5080047951901 
703.7187810983253 
700.9080425201462 
700.0193046815857 
701.0397749074829 
703.8046408395785 
708.0163798118609 
696.2488072482359 
691.8206213224303 
689.0069497179373 
688.1609408499482 
689.3312756854675 
692.2546056646382 
696.4351801481921 
680.5059351467469 
675.9310320232698 
672.8903023403857 
671.9742425656394 
673.4084634884434 
677.0269442867195 
681.8204780733997 
659.986182834265 
654.3976854180313 
650.7572214383157 
649.6337855002146 
651.1876929392145 
655.7441358171156 
663.1514720777149 
632.3448395320032 
624.8889479668338 
620.7864298801883 
619.4341497769303 
620.7232840088263 
625.0092219270661 
634.2372218100899 
592.7427462364299 
585.6242138827491 
581.5370852601778 
580.0369774441623 
581.2127219198462 
584.861299427605 
591.2025237307929 
39.99402789515948 
104.9188387533821 
172.3089493380452 
5.685319922702622 
30.13404806303085 
76.26031958243999 
5.071785677705103 
19.77870733675467 
40.23224773752488 
5.14625652967562 
22.00839738636672 
37.52829849296843 
4.924830699757251 
23.04556047254795 
40.15187906907879 
4.601846007176071 
22.762499116776 
41.37361438247452 
4.241741356704274 
21.77238715640884 
40.95990526005421 
3.890077252302282 
20.42085977110732 
39.3783046746647 
3.557917108893904 
18.91749173152355 
37.03766394685412 
3.227977807104882 
17.31006213440784 
34.3467099501521 
2.901989958734317 
15.66796653415336 
31.45719146662912 
2.580600042643423 
14.02755920256063 
28.4661037764738 
2.268164699852976 
12.40386788300807 
25.44340822036393 
1.970142771851151 
10.83166883334577 
22.39380275185998 
1.687186423521575 
9.334713167882331 
19.39209826456368 
1.419447266880506 
7.894266905186257 
16.54001153832009 
1.16700654719518 
6.512871493551011 
13.83950874733922 
0.9342538724195931 
5.247582982648472 
11.3109319347898 
0.7218005427559753 
4.085338688599284 
8.928573532575481 
0.5312713102145961 
3.02819539237667 
6.797535187742238 
0.3660607072836042 
2.098255751176416 
4.890056107762584 
0.2280518674750403 
1.33036112679998 
3.272683537937751 
0.1168090086128834 
0.7095473440092921 
2.059839415764269 
0.04535368385364229 
0.2510055862416045 
0.7716208881738585 
0.01679704020704556 
0.05394448459604757 
0.1853900966233648 
172.7292990296483 
104.9512871655639 
40.00863589498375 
76.50785967750058 
30.24387797672865 
5.670307940554927 
40.34031659664719 
19.88593202189273 
5.079110194846869 
37.4032226232445 
22.02808566763289 
5.156323989644215 
40.07154583744843 
22.99723829252203 
4.920783443172535 
41.28726625338611 
22.69784030446219 
4.589276410380686 
40.8700569914214 
21.70331626434155 
4.223667540348179 
39.37353900407235 
20.35567646429791 
3.871076631625839 
37.13404565443499 
18.87326339167249 
3.539949654466418 
34.46550921208041 
17.2873020879316 
3.213456090007399 
31.56287051862466 
15.66278273866342 
2.89241622156133 
28.56616043218461 
14.04304359355264 
2.57802066810603 
25.5219586537623 
12.44123391623586 
2.271639324176233 
22.49129279183027 
10.87174164740228 
1.976232648012238 
19.47443290477207 
9.358147459227414 
1.693120074454056 
16.53640492313729 
7.901665368954408 
1.426812083222981 
13.63792785031088 
6.546082613196805 
1.178382910588186 
11.21632095607758 
5.257445179780026 
0.9407793044408678 
8.851589085712053 
4.042532508719946 
0.7185184941697045 
6.819711969445955 
3.018993908105137 
0.5286268491179222 
4.955655453178583 
2.117141005023853 
0.367061341764209 
3.331307753782828 
1.338791411057108 
0.2283133112640301 
2.025829432146576 
0.7132370054061844 
0.1182655187427273 
0.8496127571297399 
0.2759434882016043 
0.04826120225983511 
0.2045593505803391 
0.05850835868409351 
0.01719051757380792 
0 
0 
0 
0 
0 
0 
0 
0 
0 
0 
0 
0 
0 
0 
0 
0 
0 
0 
0 
0 
0 
0 
0 
0 
0 
780.6652412179313 
771.9059953458444 
495.2386329261328 
50.47380368827294 
611.6016006647307 
674.4646498085197 
689.3693173538306 
704.5563218389409 
728.3331706539427 
723.0361409125142 
732.7847055538322 
739.629283476061 
783.9442354767264 
751.7162691742182 
778.5957627308651 
769.7348062009868 
775.0270542248165 
778.5802333908376 
678.6135319941598 
850.5598168646919 
785.2566132074505 
844.3772641122425 
755.8286524299974 
766.1987079835384 
704.4635962602254 
85.3330894699441 
54.98301686794979 
54.45323869625233 
196.3531323225228 
660.2649170878211 
788.4698934057749 
803.31452100371 
2.440595672377399 
6.956179405642151 
26.4313127103864 
45.64081036219157 
57.51319335316057 
67.48937304748547 
77.47122248480156 
83.0639257674631 
365.1286472955153 
234.6930261170705 
78.03719795884065 
56.0439355659941 
54.28144469217427 
55.1269482736174 
54.70871180334096 
53.04016696507394 
47.22139105515443 
43.45897652594855 
39.32763715109296 
30.97891864963533 
26.9058442790213 
22.74099178605619 
18.74334205559797 
15.31283628674436 
9.174806300042713 
5.538030964214623 
4.760024481056734 
756.1294552929766 
602.3637768358354 
727.3376281090644 
596.0379331863535 
509.7102149990026 
290.0684869390639 
134.8538649435054 
601.9534620213209 
721.5652712284841 
52.61518242091839 
58.97798982520161 
50.35616468123743 
59.97322456427056 
52.99577303178112 
50.11390809180718 
35.13520818679854 
128.4828012177044 
86.5063416436267 
400.622122657763 
66.64754060941252 
60.7026033241444 
61.46000418031108 
61.33805540161457 
19.21090498476495 
14.66091466958851 
12.05318883956308 
11.40125750917384 
11.48512500120941 
762.3952613928038 
757.2723674804646 
714.2570714775519 
781.4577331502694 
779.1389114420716 
672.6072184834279 
751.9542695233174 
770.3377400780535 
715.16543361122 
769.6408822557753 
745.9717159480256 
778.3570522911394 
785.4327571606154 
771.2328813532455 
776.8966704771079 
584.0490711918043 
514.2071776257637 
421.8928834535512 
663.2027011308996 
430.0179079955133 
37.18876679098052 
12.28201797772109 
19.11786243027786 
23.05763536241902 
57.75654894150423 
54.0262603649022 
60.77357097100187 
60.17776624503386 
54.97489526426057 
41.34443361066602 
59.58533405864793 
248.2776704879693 
68.91314714209422 
59.55903326439012 
179.7751982593711 
125.3789828880256 
47.95369350190032 
17.89561979106723 
32.00115340491444 
51.45754865453795 
329.1957044364131 
669.1938283422076 
688.7982811743093 
717.2435671110724 
785.6313250754536 
693.3610452914286 
767.1793397333936 
778.4085578000175 
762.4667900750961 
790.7090609446643 
756.1535641944157 
789.4792604600862 
789.4609379812263 
645.6309237955512 
789.4627478938156 
735.2508277388259 
767.418338705028 
658.7759238213102 
742.9268578089656 
19.37595960901971 
714.0273488666985 
768.2305617114429 
506.9515063286224 
53.46268099732945 
785.8245756267129 
754.4285013920584 
61.93369443294217 
54.55850428100627 
89.4630375938297 
227.1442561204915 
54.52261634906286 
267.140903968128 
163.2784029823741 
56.1164021186915 
50.08095184679371 
48.12185645139466 
50.93712910882856 
786.6345380582095 
295.2308492363908 
779.151061372675 
765.9673238281874 
769.7137608952556 
772.9246211962743 
785.8942907776208 
781.2206401054076 
745.2886863586014 
779.5864661069646 
745.4373027505354 
728.9449392276063 
658.0889804030855 
782.2768118216213 
784.5109930604519 
747.3887966186029 
45.33904802006048 
27.39019227702594 
116.473043482677 
359.6444848306574 
52.86535600742081 
781.7894590404945 
791.1069142365795 
68.6068836562535 
90.80960483918969 
131.1032807434065 
49.81099008298479 
57.9819626519912 
738.1486178771646 
728.4868654605333 
787.5079049719432 
765.6542265379451 
479.0449662704299 
191.5170350891731 
733.1810508623099 
782.9085041592886 
44.43476394029577 
34.49944581614696 
744.2994371480656 
812.0709535986796 
31.4075961960425 
42.3673981513391 
832.6311381318127 
718.7941906804626 
700.3807834036942 
9.411275121170217 
776.1519926431639 
53.95007048845491 
53.52151629964964 
39.99790545461129 
714.9215214090777 
635.0875477289295 
770.9674514140158 
790.884607596331 
46.47379737030811 
43.31615208584486 
53.14459388279546 
55.55732711529436 
266.3358246005348 
347.4269323245368 
702.0071123987857 
112.7583733710117 
45.94458685623474 
716.8122825501877 
801.7575723075222 
783.3930484801298 
207.1382462787295 
299.0811190310563 
796.4158998410034 
784.6965199837775 
688.687563314794 
774.3463259539388 
756.3967879120798 
776.2203633140891 
848.355857946055 
749.1293145325968 
34.63840041646599 
674.46285308223 
45.79523795210434 
59.97558191901244 
36.20173766935703 
168.0279317166848 
788.3245207669468 
21.70903953163002 
763.7055213358343 
140.8485296003255 
72.77778760410108 
401.2447989736559 
333.5144383824672 
59.5969209044219 
762.7532308150633 
637.5319749753314 
716.3574099669345 
679.529925184328 
756.0003238144659 
780.7653390058359 
792.0889571705977 
770.5954354110663 
786.7047421781962 
42.51778571074499 
48.53117907883352 
37.36622430744175 
52.19908973037749 
38.15037060630352 
46.77697646962524 
501.4039469621021 
376.9104963711295 
690.6165771361278 
748.503531430873 
41.17016333590822 
48.31989123511595 
51.98121414003613 
666.6999559069112 
53.50048042793711 
83.59354576591383 
544.0732561618473 
445.4231926980667 
757.1232325893758 
506.6510245849972 
660.6989088769742 
788.7472476190519 
773.8359150105455 
784.9136420009654 
739.5880605021639 
743.2225987513173 
45.11372813256975 
54.07866575713038 
46.48925899925125 
50.58880757333971 
29.35085707502318 
47.58010742890566 
41.93672406290918 
54.22125976850644 
784.4379341411601 
200.0358040467038 
132.882097909906 
54.03989194069747 
590.9233527807282 
488.859232910614 
783.2972178119246 
766.4901724094372 
286.9615507206208 
739.9773180773692 
610.7792955409677 
49.21266132011418 
775.6520390947039 
725.9258132541494 
55.94496421801531 
768.2886846029947 
53.81884257158563 
23.27898852109709 
47.50305551530719 
781.5487607747044 
489.7856467619475 
485.3281909967691 
55.90293441854499 
237.6428287284686 
68.39599142263923 
541.9816113800512 
42.84193643235222 
694.9367403591292 
758.1995299281753 
759.1693544514616 
79.15608897131234 
748.473342410793 
37.28947169546484 
43.72088312949838 
49.59860554678804 
595.840616146518 
418.1423338111358 
426.6267365217975 
557.3482237307993 
306.3664739732673 
772.78428322705 
735.883146514454 
708.0951585150161 
44.72480620393878 
223.6221455689927 
48.87076181541786 
549.3654988322611 
343.7508797213944 
651.2631749116382 
736.3447397559728 
742.3899087013704 
356.5267953083007 
115.4365212666083 
627.956369144423 
172.7498697520807 
190.8734867814472 
418.6078265934693 
705.200095398133 
165.5657927562734 
681.6359470740913 
602.4634896580327 
110.6306884630816 
54.83603703568721 
323.7660308119025 
123.3504860343328 
218.8365262035895 
270.7086259228854 
703.7780401538487 
744.8940302372223 
122.2469868027425 
756.0014956776248 
26.06013281314679 
93.63133520054745 
345.703152243085 
473.0830958643517 
233.5319924256272 
286.4466043198615 
415.2541453143546 
406.096665651939 
598.5165284011749 
540.8730697782333 
563.7941566231966 
780.7067968652582 
786.1481762462716 
47.75806024014852 
643.4718083453957 
635.5219713499031 
748.2698706049168 
73.15305389477929 
593.5609909882321 
752.8791148091209 
711.2251926373959 
2.018404546821067 
7.657539293875268 
4.930921290212113 
17.35982752893556 
9.093328638468479 
11.38938459813288 
15.13864725344224 
19.0838818561618 
23.04402458789623 
40.91447956025555 
30.54149960813153 
56.03743528790866 
41.93055308984778 
45.62772517722838 
49.03059286024436 
52.03621273186028 
55.34759864201243 
54.54049215249857 
52.61876565280734 
483.2969963704225 
85.53898234664547 
40.41443649508725 
80.7224248488063 
39.89620832398838 
29.78773471240922 
14.34369831149522 
851.618248672134 
798.7156897514171 
761.6681780269088 
779.1736973778824 
781.0142258337312 
723.9869743969193 
483.0326459193627 
61.7530357222836 
55.04897238174446 
48.03078683589702 
53.16234238312428 
56.81193356055137 
623.5237967945588 
703.3935638080927 
737.4494706653851 
733.1464259681719 
743.4470454729328 
841.7555360605846 
849.178562717929 
754.4844902118541 
779.2056373943317 
778.8854165822249 
774.5486749490259 
763.7185144882174 
757.9600173882045 
740.507665365101 
714.3730406707909 
702.2971106347255 
687.4727702562064 
670.6041769826226 
651.8462836877407 
224.2203777625479 
352.3165137380517 
672.4239172232313 
695.7611978513996 
126.9598628639108 
371.5125931136579 
568.503780655951 
580.5141345462793 
767.8544382142491 
771.5521424464391 
38.11349399542404 
34.2679938217508 
60.47928731830918 
57.98389003834183 
54.24807066433774 
172.3670735217256 
53.63385502949023 
657.2518239816279 
262.9790406260042 
60.16913799409175 
62.15752416096516 
75.39585028936123 
6.747200420753789 
24.5659944512355 
56.49057557645298 
26.81699703053175 
44.42826272391049 
4.145158382142652 
9.858740059277485 
769.2167973676753 
770.2866980798705 
750.2897309953042 
747.2876166534052 
724.501168046519 
695.4851513036876 
785.5343715552281 
784.7801519250725 
783.2837447192385 
746.5903800548954 
783.7810502073576 
785.2776179049458 
787.3051364468945 
715.9839016258228 
741.4218466699581 
721.3763919602496 
698.1617142773625 
790.1261741396005 
482.4720612370493 
110.2340384060321 
384.1286136163787 
788.0160945724111 
624.0907902406823 
779.5910100622118 
18.10603829206094 
20.98476418715375 
51.69204956601679 
62.99155010750692 
53.84957170774371 
60.62571652335329 
61.81958817842169 
207.7395437299404 
61.76622480491056 
72.92725480504794 
61.71494879517329 
554.079585886234 
58.07689173512695 
33.51163341631342 
58.90695497376088 
47.08569089799482 
67.80484107585201 
481.0015104678023 
731.9953806300208 
721.9708928747227 
764.9173573256801 
775.8671135255635 
781.0508404795459 
774.5981496127578 
788.3620922823621 
774.2703637715591 
759.8495748796676 
778.3896231019382 
677.1446500659243 
758.4377223096054 
783.6635400682362 
780.2371759614091 
765.7265859642581 
748.9822573991059 
733.7960533736725 
16.218995988949 
39.88055028323548 
640.5123567085245 
610.0899729810892 
292.8648655861847 
98.4401161813377 
447.5723893592976 
715.7382290337486 
56.05197148317801 
58.08026249715333 
45.47165830370604 
59.92316889199169 
175.7417931248016 
145.6677515452972 
171.6954706557878 
124.4307316909797 
63.88316400117363 
85.06016416525161 
57.73316432111002 
54.04461889745666 
53.5891048380908 
783.9534058604517 
236.8854626919809 
787.5591482364771 
760.4182025766405 
792.6982362829383 
791.540633040094 
786.502757115834 
786.2176260485924 
787.0052259649923 
757.1766816937384 
778.7102428410186 
756.7946717855605 
730.4974168005928 
730.6588714057881 
740.5580282118723 
37.26199924276113 
42.36988622994727 
9.434538215995021 
46.20871351466378 
48.81298053089397 
667.711665726584 
701.9663507016816 
769.9257219363992 
717.635412596248 
296.4367470890381 
57.68541716333799 
57.44910179957876 
55.26587514327485 
133.2209687039224 
316.4238872338346 
43.76634903945531 
825.8306590050149 
775.6643526897518 
780.7040940234132 
492.9868631443932 
438.649846017696 
29.36878399687619 
48.37792003757812 
51.19372340378752 
31.09422043382653 
60.93489832753092 
784.6068113248571 
762.9282711525534 
787.5798701637236 
72.91634220009912 
54.50437520713002 
25.15942712674894 
17.86227524957762 
786.8885950349536 
52.86970684862431 
51.10499535178147 
654.561734717732 
53.00860402212911 
56.20179712794143 
90.92164189293628 
560.6097765718874 
799.2990960783508 
387.5084566589433 
40.94907507490235 
51.05922926330211 
103.4888783285411 
234.1859304863796 
366.3270979842547 
729.4475622684448 
752.8204026072248 
50.04617912881697 
50.58038144843892 
14.23040242169052 
40.80141875168474 
53.99682424397481 
83.94880255965307 
35.97044268061142 
780.2111939692336 
556.6358701171908 
609.3474355451309 
49.56078854509978 
620.7613788500668 
785.7530769997502 
782.8585168455385 
771.3329459144761 
781.0550090657595 
48.85765860917676 
54.33834454305952 
137.4644883604052 
188.9721397067935 
64.05318366651913 
492.0403196185297 
310.5017776393166 
45.78220787293214 
45.04200448893811 
53.52468967574022 
49.02573957234753 
715.7929501315074 
749.8030814327929 
781.6963739227136 
791.2492201910334 
801.219374628212 
733.8961896856421 
51.91387511922065 
468.127142535374 
526.6581029518153 
89.71681235139749 
782.9600580460819 
786.2949615175104 
780.3247485479598 
760.2896325121936 
50.38825028932135 
54.02507018876509 
43.73488369293019 
49.2504944632535 
55.4966912819653 
53.8350722624956 
48.70634101501233 
42.29346375592717 
23.09850765714431 
795.3592834039888 
764.5429764866014 
769.7210336431198 
749.08106348508 
665.7162381737223 
688.4016186068001 
52.46564333320736 
53.09792178314328 
250.5548757826448 
502.6511555901449 
44.53562469571008 
258.4076713661627 
54.95208176651738 
130.5370242461682 
188.571464053278 
713.8958782037398 
735.912907604661 
51.95010392778833 
770.0806104442754 
546.5102676026702 
597.3762296615096 
56.35162787488161 
47.11733663619442 
35.72105528570312 
576.472774486916 
769.0758477559475 
739.1518666261203 
55.17071218639174 
682.7883609547494 
775.6171815172664 
773.2628714229163 
783.6712718614616 
190.9012479413436 
83.97443568016399 
324.2401293281403 
436.9267480622911 
81.71663893308127 
729.4498239988901 
752.7653364897616 
54.13398032145955 
50.39588331572334 
40.87237774007014 
782.7245743529083 
763.707912410045 
53.23833891068829 
691.0250705615417 
276.2790117746724 
737.754404392643 
650.2731399305343 
743.8508766082459 
406.0255038083852 
55.04548897008134 
41.10611452201969 
51.87545993851955 
54.62309594982324 
608.2914467052619 
54.24591390040755 
705.7073749210316 
536.0663568361765 
47.62080732632512 
342.8904140561605 
487.3287641466219 
108.72905169715 
687.4807036196155 
766.2545485010237 
230.175170866137 
131.7095181961864 
32.3645007445504 
685.7304880033836 
348.4796288568391 
381.6741647148207 
52.47867762355889 
122.4469879176804 
624.1756236866922 
599.1671786515192 
186.2077082598566 
57.23358470924844 
11.40101658615608 
711.0857683546589 
29.74474302158881 
718.4233690860692 
727.4287229670875 
778.813018156589 
786.6220641055531 
766.1834341695217 
739.0766919430038 
755.6635086606794 
54.94837456747231 
787.5251934542429 
774.2162103069685 
391.0255641423309 
53.2100258541802 
48.49198472410672 
48.20667051040306 
646.3058375516162 
691.3654498694706 
50.0015984866089 
</DataArray>
<DataArray type="Float64" Name="Eta_u" NumberOfComponents="1" format="ascii">
3.06822741541203 
4.17969751022423 
4.04792135036519 
3.148960479128398 
2.240394683214648 
3.407642713708267 
4.965423422249194 
3.762684902205091 
2.607309704373209 
1.797461091845817 
3.338130901638334 
4.177166614852631 
2.74248438298494 
1.829627036815618 
1.28578733942416 
2.471713638053142 
2.340813533591834 
1.794437850378283 
1.219218851648078 
0.9864259344153292 
3.335299025551672 
4.171743430474685 
2.736142328716668 
1.824020840396697 
1.283119191497286 
3.402691859765171 
4.958927846482655 
3.759720862333927 
2.606193203918165 
1.796531256366314 
2.896967538834085 
3.983367078238868 
4.093289799431008 
3.175288298644507 
2.311230679982943 
1.670007015495301 
1.281692197410692 
0.9934143132957594 
0.8598462215889937 
0.9926907655141918 
1.28063122139947 
1.599555807487911 
1.178665466099299 
0.9182029063383114 
0.7803683135226389 
0.7291361348005821 
0.7786433366807146 
0.9163442468887295 
1.107031865901102 
0.8709203251058583 
0.7168425040470084 
0.6795467158440222 
0.6719693259799546 
0.6788641162790917 
0.7168172129835109 
0.7924750456944792 
0.679585403401801 
0.6035198439698573 
0.6164415915127063 
0.6260899166044355 
0.616773941566169 
0.6051138049267221 
0.6230157890696474 
0.5744674297579327 
0.5395210287369332 
0.5721967805488373 
0.5868331140611414 
0.572822679259486 
0.5414868825829818 
0.5240184143716294 
0.4955153318830817 
0.5011848559660205 
0.5378217544561905 
0.5524323758141377 
0.5382397225676614 
0.5021024973318721 
0.4864915868763964 
0.4579289358288858 
0.4755841045607287 
0.5093665164659531 
0.5222871030952989 
0.5094871651389621 
0.4749819703559399 
0.4834383996573701 
0.421265821449602 
0.4554082013773297 
0.4851303910122968 
0.4960635011507746 
0.4849351860173703 
0.4541865003090453 
0.4699326647123869 
0.4087955943691455 
0.4370891437673544 
0.4636833963847662 
0.4729707946156796 
0.4633212349183201 
0.4365567724171995 
0.4451222990592539 
0.3993939269312948 
0.4195609076810399 
0.4439463779763933 
0.4520067055601142 
0.4435137897083598 
0.4198558112497555 
0.4358259777763899 
0.3938296943367148 
0.4044294094814138 
0.4259647132319375 
0.4324700558417972 
0.424851993300862 
0.4039198798145817 
0.4336154966015468 
0.3740059003630834 
0.392868166255691 
0.4092076884070528 
0.413884412295262 
0.4072591546874041 
0.3898289840462505 
0.3993694776101199 
0.3542750990388246 
0.3824090704999216 
0.3925881449079637 
0.3960556162137701 
0.3906321041889501 
0.376460532653211 
0.3759545036409361 
0.3547050356703292 
0.369024514279968 
0.3761169898010936 
0.379170936082859 
0.3750203621651848 
0.3632107337615967 
0.3703152796084946 
0.3832749548291086 
0.3532957631559438 
0.3606140596353414 
0.3635535635045339 
0.361268458097378 
0.3521833041725451 
0.3432782303999486 
0.4245814351226452 
0.3431993513818583 
0.3485319925435588 
0.3509403625366982 
0.3517000787770255 
0.3475624969799714 
0.3457032425616303 
0.446720681817677 
0.3485902560090552 
0.3473965625945251 
0.3477085538129416 
0.3534955659980479 
0.3578599439933761 
0.3765384815468723 
0.4539774619018843 
0.3805116351617616 
0.3693034588375355 
0.3655755073624101 
0.376993933970488 
0.4062555372781171 
0.4687657126370501 
0.6300281556682512 
0.4483499370369317 
0.42037279966356 
0.414055838743887 
0.4239398739943198 
0.4688468681222669 
0.7021248881062185 
0.8059181440120927 
0.4620744236361073 
0.4383277807897879 
0.4311367524079098 
0.4362234907402198 
0.4563935516605176 
0.9396078261009965 
1.213542754046805 
0.9481460877486469 
0.8186964495546305 
0.9839225770980211 
0.6332388284830851 
0.6841047390793503 
0.7236840309447328 
0.862668278375364 
0.6425002063647732 
0.7243140075711419 
0.944284500744979 
0.8818006829837379 
0.6735050379612968 
0.9112658495972912 
0.9975030589061132 
0.6134926868631262 
0.8595545571444771 
1.000020482520665 
0.5488257509841028 
0.8005368119701995 
0.9608745750215549 
0.486859489836214 
0.7387971320933902 
0.8923854417596272 
0.4305822079905153 
0.6767142043544101 
0.8221796631800712 
0.3817888310727367 
0.6139196117913684 
0.7458580501500578 
0.3382144427790411 
0.5528802321403106 
0.6720755160603552 
0.2977423281102918 
0.4941073818529058 
0.5993415132733302 
0.2608604171780193 
0.4389678743382842 
0.5381845535761013 
0.2273409543922328 
0.3889773473004325 
0.4691352143628574 
0.1971685046723086 
0.3420033718143433 
0.4167520759970528 
0.1677423921282553 
0.2960491016485846 
0.3658382438170006 
0.1394176313238851 
0.250809482322019 
0.3214205644288867 
0.1131356099426545 
0.2086192960898441 
0.2743685827251983 
0.0901794954772928 
0.1713234149466208 
0.229915758435154 
0.07024326047971767 
0.1370651959240539 
0.1739398742501854 
0.05264441970497816 
0.1055232426396922 
0.1333771192338988 
0.03727448689639911 
0.07601746349586938 
0.09871093759861585 
0.02514088402206747 
0.05022388894345779 
0.07277622968945117 
0.01448694177354683 
0.0295559537001179 
0.04842770697675705 
0.006448288599536329 
0.01200490612170467 
0.03639747734839932 
0.8517065779926432 
0.9488135418694845 
1.215388013778475 
0.6017365906718156 
0.6364131375688815 
0.9860532931433043 
0.6850636321840556 
0.8687166556804702 
0.7236513063230631 
0.909762894149191 
0.9455419859875461 
0.725829138483817 
0.9861587437575623 
0.9097190840949299 
0.674704058980939 
0.9844848106666764 
0.8563986177352815 
0.6125360788986106 
0.9343958946245992 
0.7958425948904623 
0.5459608396627282 
0.8617320354368817 
0.7309675587192265 
0.4823127636716663 
0.7850211081982542 
0.6672577172320363 
0.4250128641569761 
0.7126615387947548 
0.6048699387964956 
0.3765077612615402 
0.6526683829472016 
0.5465330013961143 
0.3341121904244432 
0.5891446006709203 
0.4909332860149138 
0.29523897320477 
0.5189050207363075 
0.4386973417546665 
0.2596684514767432 
0.4634522605778971 
0.390002206542255 
0.2274340793320341 
0.4148653370178201 
0.34365697400778 
0.1982590824602097 
0.3873219606398936 
0.2995158486844888 
0.1700647067077911 
0.3536818110920007 
0.2582166762470651 
0.1423224676940456 
0.291555227920842 
0.2146192953272245 
0.1164295960909085 
0.2237648858295949 
0.171683135705569 
0.09131342275958008 
0.170389849888463 
0.1329254185658625 
0.0691488732646951 
0.1348828199295659 
0.1038329629805042 
0.05182699184577468 
0.1018500659274682 
0.07633556398609079 
0.0372511359044146 
0.07261023957657689 
0.05032880306504708 
0.02497404653822473 
0.05063514857908542 
0.02981023665628943 
0.01456049014569667 
0.03317430480264181 
0.01311203681652464 
0.006812528861765818 
0 
0.2693257623447368 
0.6109297533461872 
0.4904290306463499 
0.4153077835709716 
0.3600548464452312 
0.3080791867953264 
0.262449388755379 
0.2241787244889165 
0.1942049926874029 
0.1685166192201037 
0.1462192381791407 
0.1268242842717041 
0.1098678039748844 
0.09566518406180398 
0.0772027078762169 
0.0614932859980608 
0.04777350580024189 
0.03587871838082473 
0.02559254490440873 
0.01675354209266336 
0.01022318035066967 
0.006377795300144508 
0.003621620217583289 
0.00131341165343876 
0.991625492214774 
1.528668144319159 
3.243948939454535 
0.7736436992072036 
1.214114754844939 
0.9113711710155544 
0.5980165599880063 
0.597088456333815 
0.8795895364675252 
0.3116024827168288 
0.2979558521894298 
0.3737569537635194 
0.9598069533064481 
0.460952907275412 
1.210552629549263 
0.6061506656579101 
0.7543059765966148 
0.8709550656276285 
3.463412896815474 
2.303198910431653 
3.266717715978767 
3.047742174804478 
0.6729944820916769 
0.4956688671365195 
0.9388602785480127 
2.182055022078341 
1.755839034996064 
0.6327898879913773 
0.8398293514515894 
3.071032187324459 
0.7250583025077534 
2.522330715011435 
0.2899665656154757 
0.1719728786076886 
0.2620238515703883 
0.436296938580963 
0.6439999847790485 
1.830859808143958 
1.765078452216602 
2.343603714179114 
2.542627641352436 
1.327966511801979 
0.8530745908401905 
0.9710878792150456 
1.081611794732191 
1.048802804106705 
0.9179314567742989 
0.8422158768159944 
0.7080822991481875 
0.6513133422200247 
0.5961857180080465 
0.4857241940486938 
0.4568493577952745 
0.3801152291688208 
0.3161742429288927 
0.2813966440131745 
0.2009922999498175 
0.2004992866856979 
0.2784790040278206 
2.069250556881948 
4.045011253407296 
2.73322051169516 
2.701095818099868 
2.820152847503103 
1.556850095152704 
0.8994908041259565 
3.382716563221287 
2.775327940460698 
1.066323010246235 
0.664390895287736 
0.5419364095787308 
0.7450833941810352 
0.2506579779647131 
0.5432628031107315 
0.5184005453611854 
0.7991481552254732 
0.7431639077796975 
1.593088546736907 
0.8133016725003082 
0.8444816794010898 
0.847414592116884 
0.7820657252235098 
0.1890207531242025 
0.1785118385960618 
0.2448032302329288 
0.2212298253517254 
0.1475584635972071 
0.4759485913952737 
0.4017768928197928 
2.823440023741559 
1.264075607373065 
1.164878586044048 
3.332803942911529 
2.13605769738118 
1.569626488286584 
0.5407077856095359 
1.104247299240565 
0.4519420830135578 
0.4602418920941507 
1.086099004593607 
0.4303956045513199 
0.7123235334639176 
2.898616509731151 
2.658018476947089 
1.600656748423215 
1.902053625007314 
1.454798992304922 
0.4705690647386679 
0.1335154586998102 
0.2532739917737806 
0.2700721110349232 
0.6629361834012366 
0.5085512297165891 
0.8777899697532878 
0.6401861336833475 
0.4602357109549456 
0.441840824972612 
0.6111648112313658 
0.9402510598094607 
0.6583882196283865 
0.6266672182981373 
0.9320645002011028 
0.802575604668314 
0.2934786190080298 
0.4568420202000388 
0.3199062833700879 
0.3237646834098466 
1.210738561661741 
0.5977118431632492 
0.5292436094945018 
0.6545306112957817 
0.9819017719012937 
2.353644971904914 
0.4371123965833755 
0.5252881357544827 
0.4687877882589273 
0.9651504911345401 
0.4005876331477694 
1.007525306624322 
0.9765712502312051 
0.8529883656645172 
0.7365419364089247 
0.3858683511249572 
0.5793309380351795 
1.281231684699573 
1.61847972163472 
0.1350567076267842 
0.7072772475739711 
0.5060467908733747 
2.628030396933046 
0.4476466867662555 
1.094458762129071 
1.310824989767479 
0.6667397256082406 
0.6838322106320501 
0.6397093467581209 
1.092396580957004 
0.435687046039102 
1.21551252830738 
0.8328351498562307 
0.5284924237210524 
0.3587605568772039 
0.4440423384288993 
0.2627131409487167 
1.072568471359254 
1.086205254916368 
1.182533411149625 
1.159921774000321 
1.324161823730994 
0.4669430882018573 
0.4812173577445483 
0.5374619028006062 
0.7331701542767749 
0.8541458843178461 
1.193110869260552 
0.7193782621539893 
1.728316534700447 
2.397567712393537 
0.4799173350247551 
0.4663801020217261 
0.4311047821525792 
0.4618227713859901 
0.6000231614792446 
0.7561302847108556 
0.4965246803805953 
1.593738640434574 
0.753643551808979 
0.858380823132327 
1.275763897506181 
1.010548815630547 
0.5422257413080206 
0.5655503433807355 
2.299987565736303 
1.668608075535122 
0.8754983922595504 
1.42683806027365 
3.065867692273159 
0.9410094756593704 
1.037370986261424 
0.3550948456909797 
0.5284696779423873 
0.2349653268589134 
2.141833716779911 
2.771419936485962 
0.3147802824625296 
0.4120266663098919 
3.255702302959581 
1.402150346414929 
1.973992646923145 
0.4653754479649865 
0.495868987908269 
0.3465131771546353 
1.397552218247208 
0.4108282106943487 
1.724697775473588 
1.596940885759996 
1.493246068096313 
0.5594648219271968 
0.4806427684481611 
0.3576683201662322 
0.3442208229610028 
1.389120159151501 
1.877628963636947 
1.700451627185787 
2.180436562636447 
1.557661806578337 
0.6063719995995779 
1.947123130487888 
1.979903917452976 
0.7514982058497587 
1.261312975596345 
1.223665787170082 
3.552604196090325 
1.10891106579319 
1.109081338876065 
1.649102685089699 
1.016863791305242 
0.6654155242684017 
2.525022246207449 
1.554418258538381 
0.488125515240715 
1.403591349159568 
0.8873489852467573 
0.9941992811282948 
1.790699462079325 
1.650014086283646 
0.3638249104745853 
0.7263743865702372 
0.7382849060624803 
1.437797476339739 
1.398191664887637 
1.765747009746503 
1.794389856203759 
2.724171374575589 
1.878247244233642 
2.809130905788613 
2.492572936789637 
2.779370673385764 
0.698700362086232 
0.5459672283532482 
1.798610309014737 
0.7037262438479601 
0.5431414254032737 
1.133668035882263 
1.740124303454627 
1.023672904553999 
0.5410258177180717 
0.6309191294827318 
0.4912028200949904 
1.892054820255324 
2.286295643064684 
4.02642714999565 
1.892525279657646 
0.8882092227333894 
0.9029124802850176 
0.4537670727409393 
1.832200611042485 
0.6400075069546239 
2.216290480300928 
2.309717719758587 
2.087195817457191 
1.068504480502773 
6.540429431928295 
3.727396557262232 
1.101944362711621 
1.02460293178088 
1.509778277763095 
1.071939677810455 
2.920595862801312 
0.4217408998501367 
0.449719332227539 
0.9732324852804498 
1.107617443277354 
0.6904029091488366 
0.6742897333193332 
0.8117443787952136 
0.5581169673161253 
0.5657448457064506 
2.035771441648541 
2.305710529355966 
0.4251526981461411 
2.448073906481713 
5.024488341562908 
0.7210205628065222 
0.9117260298256535 
3.227636271498426 
1.600413962061526 
4.955716979232515 
1.237118935279381 
0.9186992680603913 
1.779924540941157 
0.510216102331372 
2.213784086186256 
0.85937785583995 
1.614686960004838 
1.099238657869084 
0.6012469363129747 
2.582598215065622 
3.618006275112679 
0.4656653977231633 
2.543069441377805 
2.707024751537412 
3.104786545224558 
0.6190332230170619 
2.652361528671628 
0.8463226220471803 
1.437909953465264 
2.459758428061416 
1.188606566692118 
1.528868418860358 
0.8893401827730639 
0.4745642286219153 
3.532113253061345 
4.050689599682408 
2.903553704910804 
6.228278675735545 
2.396115607963809 
0.7082754659714857 
2.123384798291057 
2.48079619513079 
1.348614825492225 
3.066152690008765 
1.534538553041186 
4.465949674611857 
4.267557766089118 
4.141107286101676 
3.181411265969533 
1.048871256080824 
3.117944794024841 
3.006702833165862 
5.297940167324664 
2.834855776790705 
3.792184089576866 
6.041551995568987 
2.516182185201552 
2.257534907835128 
4.110003411617257 
5.66017997644645 
2.545320704750118 
2.133075344173908 
5.793906181331895 
2.987843899504852 
4.484794565513423 
4.912571735873824 
0.6068732762411674 
0.8849436627181539 
2.182726816519896 
0.5037580979882965 
0.3107961861177064 
0.7684698471910817 
2.072733062791874 
1.864606787825827 
1.499019225851817 
1.094052721148463 
3.309590086658338 
1.333633070132813 
2.133189530155594 
3.20374304694391 
3.812495357569021 
1.245584482398023 
0.6761278968903945 
0.4141738941544932 
2.522126639086179 
2.203152095566587 
1.829225737841823 
0.6373208268288678 
4.097091307112777 
0.5588301115970316 
2.813114331148054 
0.212905783470277 
0.364038533419903 
0.1606770558166933 
0.1867035525407351 
0.1863013903969357 
0.1760602792637947 
0.2017362423234887 
0.4659316770427246 
0.5153724562432795 
0.4185965319566044 
0.4775302538409755 
0.2098932362169565 
0.6147158401784294 
0.6832956186326087 
0.7432483657703878 
0.8184232684403392 
0.9779456117477884 
1.062202136804035 
0.9870909187918069 
3.956227253389971 
1.082183926987605 
1.85675394410404 
1.600979690466909 
0.3591343208575079 
0.5966787109683616 
0.2186171689865804 
3.506339356041017 
1.88598454881797 
2.574120644818811 
0.5898441909728683 
1.00538245879497 
2.704092373621161 
3.415175635887708 
0.8134908881424457 
0.5863200145037628 
0.4586922528126938 
0.32793780568261 
1.523114759934343 
2.2343763063663 
0.3328648119077369 
0.5383835021764319 
0.4051583114816552 
0.3361051373254026 
3.633359669720465 
4.317528459867221 
2.055432028179684 
1.209223500029849 
0.8042492302099185 
0.7173062987074491 
0.6087332068662336 
0.5897166292058242 
0.4986839344369704 
0.3701428330743092 
0.355560476739256 
0.3869098617259641 
0.5881074542674375 
1.207655438798667 
1.295006354508028 
3.027490612680538 
3.528632132956229 
2.612858965109635 
0.9986271619829176 
2.257590367833654 
2.956455033999867 
3.678838388829349 
1.727160700369786 
1.553352770204056 
0.5443693739181563 
0.4922746942529388 
0.5404221918896568 
0.6616177653092029 
0.8825715141857262 
1.249437879104444 
0.7878828472791093 
3.44635919291157 
1.377090674212113 
0.666874462342988 
0.7834559133375305 
0.7060261922774484 
0.1657986040205613 
0.4646447726143328 
0.4004731022899592 
0.4871873341143437 
0.4283565987794363 
0.2084497103549867 
0.1273034964432156 
0.6654184593891788 
0.5466743564608995 
0.4511199666471553 
0.6449535559516141 
0.3993941098279594 
1.420162769776496 
0.849644632861172 
1.032479073170254 
0.7239037083934726 
2.219515012408909 
1.632082371616877 
0.5483067614035327 
0.751904287314304 
0.2828449743273757 
0.3629835483340154 
0.3698989011676245 
0.7538672203660732 
0.8000831074713544 
2.487617826896953 
0.7922613102901469 
1.933899710860045 
1.182053937304136 
2.559288098793569 
1.3347310575361 
0.2797731418911459 
0.2214714435735217 
0.5150328218287563 
0.4697778821743266 
0.3641212434531811 
0.8717775427606638 
0.6456783326891632 
1.33236089227588 
0.7628376812683559 
0.7575626323075937 
0.506814581537081 
2.526548203849928 
0.403586533041071 
0.4895859505960327 
0.4640032015736781 
0.1593492831540755 
0.66853646555985 
2.309957721906664 
0.3763250401197678 
0.685018861949371 
0.590301696207739 
0.5803050937783757 
1.153992220341804 
0.5024966287039567 
0.9768120318806525 
1.569169399669718 
0.5631627617514846 
0.468136484288447 
2.169581200531673 
1.874241332345511 
0.6054351426419566 
0.3917782446365085 
0.6775815105927845 
0.3982025230613149 
2.206378422915646 
0.1666860992957852 
0.4437623144117456 
3.116765775948024 
1.566152208659565 
1.296753339291423 
0.7574084132613549 
3.279920540324546 
2.010410699587652 
0.5206304652593423 
0.3767078952893292 
0.3269676485585294 
0.7095126679333804 
1.361261208693025 
0.9855507192546057 
1.622391638952033 
0.833302534217897 
0.5818027714876967 
0.8657905936101525 
0.4528116155290703 
0.4364100389620476 
0.1603263027020632 
1.315065609518544 
1.342965419651811 
1.197652007270886 
1.661864705232617 
1.010891808332727 
0.5629519346718304 
0.74076538480015 
0.6382002513724157 
0.5792128372352823 
0.4911244789541108 
0.4785769958518516 
0.4653105972063629 
1.011125071426364 
0.3278760475292959 
1.883335889811534 
0.4224824057053634 
0.3397859164659102 
0.1487615354205822 
1.052872811313707 
0.2131247788233655 
2.936860141122648 
2.18305237147373 
0.4318155775483616 
1.737176725679953 
2.439741174120301 
1.159975896526513 
0.2598032662844988 
0.3882930479756101 
1.471181549952683 
1.623491029178566 
0.6987821370756176 
2.929401802327861 
1.780714747929755 
0.4992804711791876 
2.198935717751512 
2.62428212848614 
0.6216364892503945 
0.3299638203926824 
0.3441997462493612 
0.8340378260077118 
1.329661039824859 
0.445694656320531 
0.5846931212915523 
0.6045989174083753 
1.672689832616769 
0.2719273390000405 
0.6918804681992384 
0.6326180390156365 
1.108463884552107 
0.3033104732252995 
0.2627344338344557 
1.486754268509461 
0.3977482242597572 
0.2251822484338986 
0.999104909187428 
1.790800038083924 
2.546777624358004 
3.732710523528809 
1.091478134046251 
0.4945861119791288 
1.120304189748562 
2.517220933192499 
3.000990378094653 
1.54272374060647 
3.058147574560543 
2.1953427205725 
0.5613569744633407 
0.3245806555643291 
0.3975499587926478 
0.2769667532836065 
1.297929366249226 
0.7082580532096387 
1.057405473520721 
2.751972609767923 
1.238846293757088 
0.5503079829640189 
5.23714499370477 
0.9809768588207929 
0.9368109880489824 
1.746750713180198 
2.132977388083459 
0.2140455605600537 
0.3248325143784343 
1.757661842573911 
1.962478846059249 
1.118307907906813 
6.043735169597683 
2.935730953924196 
0.815145096164076 
0.4503763674074351 
0.9809390358054978 
0.5665173848031942 
2.540538076196297 
0.673037663886647 
0.9624562844979784 
3.014309691691815 
2.156440111185507 
1.896993272296779 
0.1610531858278054 
4.62451751671911 
3.962365280834989 
1.665725334160699 
0.9664708756812649 
1.667885576855449 
0.3656371679118315 
0.4788677988973527 
0.431083528697891 
0.656091487658812 
0.7471845847401729 
1.754043928413329 
0.4940835265367507 
0.6173055013959984 
0.7080339399606431 
1.352267506496514 
1.876812467794539 
3.108156721754227 
1.767352554913331 
1.120296832705063 
1.074645855099833 
4.573124555235111 
3.016725983717012 
0.1675162814082795 
0.3596474110882588 
2.862341221229384 
6.382489411408952 
1.22599842778838 
4.130775799191754 
0.418213376197252 
2.723434537765956 
2.763699948245332 
4.091291015267519 
2.574178796625793 
0.4341316125001203 
2.126910330396761 
5.341672329022075 
4.41968571557442 
0.3369925091398593 
0.5391200937679049 
0.9590854464389981 
5.693648585445914 
1.418778493221704 
3.916362553605008 
0.2602325890373961 
4.578538970774272 
1.12738744724157 
0.4954596480611777 
0.3545281463711806 
3.966764804114537 
2.613340980350832 
3.856610439297883 
7.479304120979208 
2.766721660271765 
3.705969103668997 
3.296620810536045 
0.372634944779377 
0.6459376594021703 
1.291263231802526 
0.9208071953071777 
3.963058833708069 
0.4381016247015378 
3.555570051700847 
5.838688503780666 
3.152107092791765 
5.186550988123955 
2.440273809740424 
5.082699408388818 
0.3465418147822324 
1.319679162338916 
2.317935130835759 
0.2214975818629444 
7.034957662993829 
1.932596181308361 
3.494459485493462 
6.025079715802232 
0.5734584016911056 
5.695361220228381 
6.469056265386964 
3.137851756852492 
5.238182233310869 
1.750105345926353 
6.999023417011257 
3.781236743272009 
2.152102558513646 
5.242615693601262 
7.843946987551647 
7.909266019089656 
1.985712529911226 
3.603923584448902 
6.120903668291707 
6.381048001599825 
5.958056565380376 
1.84946895369774 
0.1599251836527683 
0.2815409616024316 
0.4035471909779313 
0.4906269692385024 
0.3155731118356298 
0.6968322941854139 
0.6058262759043203 
0.4062261210358472 
0.3646090602227213 
1.593313422404198 
0.2162036074409681 
1.194212218876771 
1.192089439315942 
1.660877515169501 
0.3133738645184327 
0.3706642448114746 
0.4745169028876081 
3.194864097089966 
2.018681465696548 
0.5357011262209193 
</DataArray>
<DataArray type="Float64" Name="Eta_phi" NumberOfComponents="1" format="ascii">
0.007421412164339039 
0.003565270476454859 
0.001723878391493919 
0.002523821670631074 
0.002215502231751955 
0.0111048819303835 
0.006734528117189216 
0.005334419258107987 
0.004473840711474691 
0.003653752859642172 
0.03996780376546335 
0.0179241717699954 
0.01096311481285072 
0.007255314900347333 
0.005036728766232636 
0.05764798545407865 
0.02776763791605938 
0.0144675688161585 
0.00870904914591898 
0.005660989448321906 
0.0399524718155571 
0.01793199206502151 
0.0109710894020084 
0.00726227721487006 
0.005041171912886023 
0.01110436521849583 
0.006741556955317828 
0.005345583754891893 
0.004485216464643674 
0.003661554894945622 
0.00756869365563178 
0.003851821477666499 
0.002746846480051303 
0.002478155149283155 
0.002127015372172157 
0.00202400241920494 
0.00294112900491312 
0.003667762546612273 
0.003937597911067172 
0.003665809523328887 
0.002938112113541596 
0.002102516556758474 
0.001768387910646109 
0.002238182498705043 
0.002693547674111199 
0.002862971854299362 
0.002693238578776699 
0.002238471982774295 
0.001834910841117992 
0.001473747836104259 
0.001763875918216939 
0.002039237876560326 
0.002139838888851264 
0.002039944982408164 
0.001765980390680978 
0.001453327199692452 
0.001157474618816791 
0.001404547190230957 
0.001577459227768495 
0.001639665390644655 
0.001578595334899389 
0.001407388554649593 
0.001279610895800111 
0.001012034712088246 
0.001130557555480572 
0.001242717096909091 
0.001282680527478224 
0.001243840037090297 
0.001133039166716599 
0.001023161039215741 
0.0008050928559792538 
0.0009196631287734974 
0.0009945451171987142 
0.001020934146302634 
0.0009951395423700381 
0.0009208131479125318 
0.000851711450836995 
0.0007013420184404272 
0.0007558407430717871 
0.0008066007999346069 
0.0008243786682307113 
0.0008063604261222945 
0.0007545724311698535 
0.0007251029986601171 
0.0005631764935505676 
0.0006240268673001162 
0.0006608174776236202 
0.0006735032537317717 
0.0006603244344275983 
0.0006226523427187922 
0.0006011175537171005 
0.0004669904015801818 
0.0005166024909935755 
0.0005460515559110546 
0.0005559581851981663 
0.0005459586631037138 
0.0005170921271128432 
0.0004882378926456321 
0.000394559171292883 
0.0004330530028087199 
0.0004564320943989178 
0.0004643773799792535 
0.0004565728471988202 
0.0004335914211622627 
0.0004067798155562598 
0.0003472944101157795 
0.0003697501226954791 
0.0003878920208522821 
0.0003942243236115466 
0.0003881124606797783 
0.0003699880580407263 
0.000352037325000887 
0.0003060315829356414 
0.0003229720305190238 
0.0003374089837999632 
0.0003425989368798428 
0.000337774731807513 
0.0003233358148074276 
0.0003019976287081392 
0.0002738348845762403 
0.0002914466840271616 
0.0003035425581138362 
0.000307906309142592 
0.000303904807874776 
0.0002917885526841056 
0.000272490168990931 
0.0002574713324716912 
0.0002751476403952031 
0.0002858201904050952 
0.0002894513477205344 
0.0002859512021693593 
0.0002755664041212497 
0.0002606793196481898 
0.0002565754488053025 
0.0002748444743665037 
0.0002843376664283095 
0.0002873344044784407 
0.0002840711284417002 
0.0002750391111777737 
0.0002604751394376467 
0.0002778099442120369 
0.0002920509691605291 
0.0003006690244659279 
0.0003031996274698661 
0.0002996708989497285 
0.000290971942552373 
0.0002778347232342608 
0.0003171678731357188 
0.000330063259840808 
0.0003385773842283589 
0.0003410295776171803 
0.0003367224671081319 
0.0003264056408047377 
0.000312541861405832 
0.000379329964850912 
0.0003941435693543563 
0.0004037611691907502 
0.0004067074721431986 
0.0004022194331479617 
0.0003892273668993818 
0.0003708487045299355 
0.0004769876174961531 
0.0004919812955044603 
0.0005026902263272554 
0.0005061171376313872 
0.0005028887515492065 
0.0004916457571825595 
0.0004721878236981468 
0.0005727878086905082 
0.0005838836782065443 
0.0005930751657072978 
0.0005964874959987803 
0.0005941033019718528 
0.0005862901270491934 
0.0005780797379809907 
0.02421741078503817 
0.01560030355751076 
0.009793398554456836 
0.01062795828629633 
0.01148063390510636 
0.009835928098773018 
0.01007444160599553 
0.01037110608053946 
0.009147341717871613 
0.009956270129328725 
0.01011244421090743 
0.008871542425352793 
0.009919253636544877 
0.01001564324648198 
0.008745294325781467 
0.009906598632086296 
0.009979165819835344 
0.008674563172936984 
0.009903725805700033 
0.009966220143633868 
0.008650882125230273 
0.009904069126426112 
0.009961759889555487 
0.008670170618906648 
0.009905076109646523 
0.009959722655231696 
0.008712730306356125 
0.009906364480594685 
0.009958931274303324 
0.008759465799434377 
0.009908397737498957 
0.009961147868732234 
0.008786427563750965 
0.009911814577555597 
0.009967133604594607 
0.008795826211177468 
0.00991600904106924 
0.009978638923769436 
0.008789039590849267 
0.009918478715195765 
0.009985836703498759 
0.008797828216030847 
0.009918152944575202 
0.00998005159571212 
0.008826557923986686 
0.009918316295717896 
0.009975951961456331 
0.008820573175273185 
0.009920624220474286 
0.009986932865126943 
0.008762584655162241 
0.009921782600035499 
0.009991052105654678 
0.008695752091111711 
0.009920972162710304 
0.009982090854825709 
0.008650281573909088 
0.009923281893195687 
0.009985682371912465 
0.008611718507325603 
0.009932678805114666 
0.01001256513520578 
0.008601610146964483 
0.009946298217526049 
0.01005563318466236 
0.008715946250622161 
0.009942007121107203 
0.01007960116605798 
0.009076787596528109 
0.009910152360431168 
0.0099547071694148 
0.00986268029822099 
0.009875552382647203 
0.009836237243204024 
0.01056900422458989 
0.009725577466992701 
0.01560229673455432 
0.02422492785745779 
0.009831924466896272 
0.0114795025569553 
0.01062790658772246 
0.009185485474579249 
0.0103699296399837 
0.01007403728265698 
0.008920428527772794 
0.0101116112482714 
0.009955875156880912 
0.00878753205762956 
0.01001458554131189 
0.009918701238642587 
0.008701293472245674 
0.009976360007027514 
0.009905848885406176 
0.008633058961598475 
0.009964366388737792 
0.009903529239325156 
0.008575671528865694 
0.009965005457663868 
0.009905235413554694 
0.00854157589448935 
0.00996637240729655 
0.009907496388053629 
0.008531787475455997 
0.009966856001563964 
0.009909298400476069 
0.008542172594478538 
0.009968899858823045 
0.009911304054858606 
0.008563469460593517 
0.00997372526654757 
0.009913885359889532 
0.008595548152606632 
0.009979803296884349 
0.009916846798638652 
0.008645732957977515 
0.009986153994962452 
0.009919536368375451 
0.008734262772275413 
0.009989302394469631 
0.009920750997988528 
0.00886387451982695 
0.009983598425002573 
0.009917973412646259 
0.009003656487194355 
0.009959234866472886 
0.009911054401509673 
0.009013937984445466 
0.009940611769195588 
0.009911345586615279 
0.008712850484702972 
0.009996597426277579 
0.009922561899900316 
0.00842548806238878 
0.01002646942154684 
0.009931259737848303 
0.008483188602987326 
0.01000355881788664 
0.009933394131257507 
0.008619517090416395 
0.01003525066329459 
0.009939701242088386 
0.008925218342763604 
0.01006200241368733 
0.009937419976954909 
0.00959488918623245 
0.009960752065101561 
0.009913629068517338 
0.0101357635406951 
0.009875783869792123 
0.009887492620278932 
0.01079999954640001 
0.01079999949240001 
0.01079999954640001 
0.01079999949240001 
0.01080000127439997 
0.01079999760240005 
0.01080000192239997 
0.01079999706240006 
0.01080000570239987 
0.01079999760240006 
0.01079999760240005 
0.01079999760240005 
0.01079999706240007 
0.01080000570239986 
0.01080000570239987 
0.01079998950240023 
0.0108000057023999 
0.01080000516239986 
0.01079998950240023 
0.0108000057023999 
0.01079998950240023 
0.01080000570239987 
0.01080000516239988 
0.01079998950240024 
0.01080000570239987 
0.001396124879245119 
0.001584343952499082 
0.005283153825467798 
0.009371823535877509 
0.001325322473330018 
0.0005866763868687507 
0.0003846858374212408 
0.0003479211307484759 
0.0004386873273324637 
0.0002163224516293061 
0.0002307094368527874 
0.0003461616890551146 
0.001059532876769635 
0.0005066361463996655 
0.001055742897685419 
0.0007930820672831157 
0.001004673453515725 
0.001264225952577765 
0.002543696907088944 
0.003785959078899268 
0.001621468422930916 
0.002544158369637778 
0.000435946409026413 
0.0003796644789819606 
0.0006015463996176609 
0.002071187572978189 
0.003456074911586662 
0.008299490016210812 
0.00703841344726461 
0.002595667608808861 
0.0009617793624586064 
0.001322345453294191 
0.02142771374820359 
0.008348517403913368 
0.006189122440645754 
0.007166333149832492 
0.007631659102884585 
0.004278322673233432 
0.003245757251701145 
0.00255106156656235 
0.007172706567461098 
0.00834679229190982 
0.008838566258421674 
0.008782563179574838 
0.008540973430648136 
0.008520375008623833 
0.008719021049827587 
0.009100469490435961 
0.009568226184891506 
0.009542998503994831 
0.009358019083454093 
0.009591417512342179 
0.009748632258548448 
0.009075490928150567 
0.008559284819175757 
0.008541641428295421 
0.007959785455367251 
0.01053606392713959 
0.01535047051064761 
0.001335549507305976 
0.003935672340596023 
0.001762062749983542 
0.003082678835686102 
0.004527399585996129 
0.006519710333874736 
0.00883294036414748 
0.003557496272312157 
0.001850113308688136 
0.008718180332510275 
0.007227505050222864 
0.006515218292316326 
0.008218225591428876 
0.004052975036926927 
0.007765577443244873 
0.009283841790071067 
0.007439705267522786 
0.007652541578304446 
0.005656023563363219 
0.00771037074596701 
0.00754373360045684 
0.007578071546902377 
0.00794685621625987 
0.007106414690982416 
0.005751602567022619 
0.008325792119140677 
0.01125572799750999 
0.006270227809897289 
0.0005804257748592134 
0.0005146351093141453 
0.001910928058262206 
0.001283035779812628 
0.001468973798467763 
0.00275183922678826 
0.00114254594732804 
0.00126399365336161 
0.0003136837005024473 
0.001056141595051291 
0.0004381794626352584 
0.0007183991873113535 
0.001319925206840026 
0.0004476955465309341 
0.0006282625608189748 
0.003176058276185622 
0.003783183220022079 
0.004144597537186197 
0.003050700241524621 
0.002599739644272626 
0.009364612736430983 
0.005072161452828954 
0.007615073506405213 
0.007776232186637668 
0.008403655269232403 
0.006091862994400058 
0.007422981267763343 
0.006514433815694835 
0.006609836268145654 
0.00766606579014117 
0.006837828192950601 
0.005395000891154701 
0.006488969007367765 
0.006447679509400447 
0.006113998461566928 
0.006393421422737462 
0.004881075220695091 
0.01445788463318982 
0.007095074547396918 
0.004552216536239806 
0.004694816647792869 
0.0005080125966734152 
0.000351599118392915 
0.0003503911295051996 
0.001185498411916326 
0.001746020532721916 
0.0005723830574081052 
0.0008074190221513413 
0.0005313200962047796 
0.0009824358535346837 
0.0003653421997875522 
0.0009485532894006152 
0.001235812494022969 
0.0007930965637538822 
0.001183093675871765 
0.0003080102471430344 
0.0002988541483121796 
0.0007355626960668545 
0.001259542098594752 
0.005107671406863608 
0.0003984292973558489 
0.000651134594545242 
0.003269251121927108 
0.005621416341091773 
0.001074223954621718 
0.001193146526829455 
0.006672086695711246 
0.007988648298055947 
0.006375910296655158 
0.005386718179764956 
0.004441272586161672 
0.005232624367176331 
0.005416262759353464 
0.006686666829889305 
0.007349416394693447 
0.007638097135103636 
0.00622422316724342 
0.0009153476916701366 
0.004370213125684435 
0.000819588680699339 
0.0009224017200123101 
0.001102241056949084 
0.0005437193541067831 
0.0008535018739324979 
0.0006565606026336876 
0.0004318875622006118 
0.0006737526956697636 
0.001145612786516017 
0.000413430092564242 
0.000939839457888538 
0.000350141205773334 
0.0008949186369893256 
0.0003099212338910594 
0.007932773311933063 
0.01107080450553616 
0.004515672515077199 
0.002949525408415174 
0.004806523197378074 
0.00102991551774502 
0.0009015165469737956 
0.00783270251387758 
0.008030925239138995 
0.004862545036510035 
0.004970707129519864 
0.005242752724199907 
0.001695935684901382 
0.001378312521624646 
0.0007641828553057461 
0.001074892120065751 
0.003388626873546668 
0.004741390477964937 
0.0006482877067965062 
0.0006166576848679176 
0.008312474480172426 
0.006668869075358201 
0.0004887712406682332 
0.0009350829506426791 
0.00749724734945548 
0.008476927900389288 
0.00171204045605898 
0.0007064949091984416 
0.0008162391927311692 
0.01829223023294678 
0.000521329695257175 
0.006503870138679477 
0.005742152037610258 
0.008009312342170418 
0.00206185948998939 
0.001385838734288229 
0.0006865272594894202 
0.0008652054875071889 
0.004745968301515063 
0.003204975742001162 
0.007308031984692664 
0.004348625179970611 
0.003543648966687085 
0.004220965946840046 
0.001519744150056116 
0.005782101215921917 
0.004506058255084129 
0.002033411733500951 
0.0009645763363861585 
0.0008165552269325515 
0.004551308223738125 
0.002799392263558592 
0.001638431772402888 
0.0007671831832820494 
0.0006019760032971406 
0.0004748218009267277 
0.0005515443179004275 
0.000773590415764857 
0.003293206343523085 
0.0005357153450397641 
0.009834592285052641 
0.001490632292937193 
0.00425312546019453 
0.006529177528715386 
0.003708048983517672 
0.005124952860267859 
0.0007728579317290904 
0.01145643543328272 
0.0006205054565388596 
0.006442355457695912 
0.005561810567689892 
0.002791929254573 
0.00300080720795752 
0.003683526431948756 
0.001040136363189389 
0.001586591094092985 
0.001415424623478267 
0.001555387418581001 
0.0003194715126888365 
0.000958669825479996 
0.0006759148214806006 
0.0005546674665867218 
0.0008343000642945692 
0.002349078133982374 
0.002855764666004943 
0.00789193662116798 
0.006835878354811326 
0.009588741651654901 
0.004671519127044236 
0.00211094402224168 
0.00297298590474502 
0.001542656111399657 
0.0009917806812912205 
0.007656432180417838 
0.004363981309501583 
0.006534676565363257 
0.001106881070818762 
0.005552760360677212 
0.005254969709983982 
0.002157132748226872 
0.002658069847267863 
0.000348259250652999 
0.003447496318947768 
0.001666388963554278 
0.0008221024115686332 
0.0006328163871884238 
0.0009398380811651726 
0.0003632803254479816 
0.00121251105290016 
0.003586888076257078 
0.006665114013271317 
0.003998848784207516 
0.005644895804146705 
0.01082049897618837 
0.00727912291752201 
0.003949132160528491 
0.004522661636697866 
0.0008826074887720665 
0.004182081181651737 
0.005266838123146485 
0.005789145682078017 
0.001758222207237907 
0.003081453111513917 
0.0008472093032259933 
0.0004173188306133479 
0.00320406759048783 
0.0007390908437573073 
0.002404388546282873 
0.004175111906536823 
0.0008337163685636649 
0.000712536596938243 
0.005532799999198342 
0.001123034256573551 
0.004421489559199738 
0.003195870578485087 
0.00374484335799001 
0.0007903381252659692 
0.002515714715673626 
0.002704200914659251 
0.00572629470232963 
0.00355298413589025 
0.003448656063014753 
0.002261102961839536 
0.003046009718781628 
0.001513529446850792 
0.0005759984527547198 
0.0009063550757242732 
0.004437927175822716 
0.0003003332589702338 
0.003874029962493596 
0.00427068503021068 
0.004763903682157696 
0.00202876398015722 
0.003138107188314066 
0.002913120674565802 
0.00261322340887527 
0.003244292270316544 
0.0007155567555314747 
0.0009970310791681536 
0.001147745653503908 
0.003854860357605677 
0.002996054008013356 
0.004120174557021396 
0.002508313134628867 
0.003273709966160142 
0.002018596202094044 
0.001465260922370354 
0.0005351062618702062 
0.003156789982067459 
0.002799436484119506 
0.002134638330049748 
0.004170064703836001 
0.002857149437702038 
0.004200791628746151 
0.00111788561603441 
0.002263419345303818 
0.001629848842254685 
0.002335426516170228 
0.002333222649073463 
0.003352762169181819 
0.003942045661237876 
0.002847258467826588 
0.00314896353516348 
0.003007905019123368 
0.0002913217245927237 
0.0005773477473444575 
0.00290545909029001 
0.0003260431963349291 
0.008829463729602865 
0.005012155176768797 
0.002838693104844388 
0.002766687582020058 
0.004078268455885816 
0.003867348962402989 
0.004395734406190305 
0.002434251385093544 
0.002225557424980235 
0.003337190491859755 
0.004109144170244021 
0.0006713453661518009 
0.000845941415788695 
0.004681533051840869 
0.002323155291619526 
0.003066526059076662 
0.001483175196334516 
0.00918963149827489 
0.00302244370163492 
0.0005484794158546328 
0.001185916570068601 
0.01823400096587632 
0.01543119305437372 
0.009396044372346288 
0.007393784868837625 
0.007529518958869652 
0.006256462702374404 
0.007736231311868328 
0.01238612275626895 
0.01098649942412392 
0.007495825668344663 
0.008945921002374383 
0.003116311438290348 
0.00797310963052371 
0.007830672182272267 
0.007756766610087151 
0.007814519314854603 
0.008401181117207361 
0.008767502421871701 
0.00897625430153714 
0.004770987685376742 
0.001877071560193504 
0.002412310690559128 
0.002514509795510608 
0.0094371895074852 
0.01308829454174888 
0.006786642789267949 
0.003973514830871697 
0.001053378188762905 
0.0003777082669299804 
0.0007452362157453832 
0.001377077080628726 
0.001744266219517426 
0.004553914297430657 
0.007271389812946797 
0.006509458543190327 
0.006707254971754579 
0.006755400734359585 
0.002484503583938453 
0.001741254097556217 
0.000194030852623667 
0.0002091248606763733 
0.0002803849354777601 
0.0001640347690007149 
0.00268981438381987 
0.003517810928157956 
0.001507448339914345 
0.001598102478491374 
0.001151158194145168 
0.0009751483209746316 
0.0007271890919233511 
0.0006500831001076616 
0.0003522906219989193 
0.0002312788013458879 
0.000246557132415811 
0.0003456650263229915 
0.0005980135588935211 
0.001172972841329416 
0.008414727725108866 
0.007055490337664754 
0.003154877976438818 
0.001484430460405707 
0.009096205934389265 
0.005819304562921067 
0.003127310435828892 
0.003399094229186261 
0.001182164545691216 
0.00183367273569515 
0.008109972340945947 
0.008421363780542574 
0.005345817152450571 
0.006398312388829506 
0.007995266723217834 
0.007599980115777535 
0.009116910149637725 
0.002534016905148046 
0.006945299985832167 
0.006305649741708093 
0.007918784578972332 
0.008054607476698767 
0.007909772289493988 
0.009177706606592373 
0.005198319344163364 
0.009848801894582355 
0.006985260045463576 
0.01392291443913805 
0.005372028500428353 
0.0008453787410327199 
0.0006483819171978873 
0.0002197226331556653 
0.0004751628662762828 
0.0002492893478975125 
0.0005927772220497206 
0.0009158254196444195 
0.0008979821935834791 
0.0008736752179903236 
0.001304454035372043 
0.001092911017919837 
0.0006352955630141818 
0.0006715903680667759 
0.0001410849221737303 
0.0002063991378722908 
0.0001881618659511699 
0.0003570790319687372 
0.0004140633719986279 
0.004045016969864805 
0.007906013116933565 
0.004976695796605407 
0.00085144785859306 
0.002165174289579995 
0.001019019366759534 
0.007923040259442101 
0.006819937769379752 
0.006641946852160331 
0.004584583902967847 
0.005144008368311337 
0.007771562263923626 
0.006505157369897559 
0.006291200938860284 
0.006700229733027065 
0.006938566069041476 
0.004316743512243078 
0.003282893234049387 
0.004988722034832862 
0.009825596474422221 
0.005422754499900184 
0.004084868055189246 
0.003814652450999965 
0.003156094430270449 
0.000200934149232662 
0.0002681018024234161 
0.0006262594551151391 
0.0003755500137400306 
0.0007854119246695953 
0.0006471187845725621 
0.0008600420006383945 
0.0005641836668326888 
0.0003847871394868399 
0.0005567610206470533 
0.001269287639240182 
0.0007212950524056583 
0.0006030592903644275 
0.0005263654573176708 
0.0004612269371124329 
0.0002196908845311643 
0.001100115345971776 
0.005839639555116284 
0.009804369268616173 
0.002374761398883223 
0.001645589856811866 
0.005684634073256901 
0.006925380106603611 
0.003757103131937368 
0.001187449401316128 
0.005335399202808889 
0.004077066662927151 
0.006529486073518324 
0.006691734967907582 
0.005128062820142519 
0.006523430697480207 
0.005384597065171306 
0.005589452325072831 
0.005413246021906284 
0.006568496658161711 
0.004896032210464524 
0.003925568616821259 
0.003345016670166445 
0.0005838519351869541 
0.005129940388133811 
0.001361800329780742 
0.001011649763391625 
0.0008053002015745374 
0.0004306275589507638 
0.0006326369145825221 
0.001101208502764903 
0.0006949662449965103 
0.0002429842044559804 
0.0007305603170308076 
0.0002672206182472044 
0.000375489029257207 
0.0001393058897142816 
0.001131309976866488 
0.008422679728176211 
0.007190955118892834 
0.008981759304323452 
0.005744217593441743 
0.004666430443455118 
0.001519297190195169 
0.0009979686630513379 
0.0003482450346227332 
0.0009199185473042983 
0.004967893976779168 
0.002969443175682801 
0.003492150142093325 
0.003803421623148388 
0.004536115088380654 
0.004388864100748179 
0.005526025275593734 
0.001678071875056974 
0.001164213830265924 
0.0004209090560429007 
0.002806348953477189 
0.003674421683600487 
0.01115547522490202 
0.006018095927507118 
0.005460317690011411 
0.008098457228128884 
0.004082943323549516 
0.000785536232354014 
0.0003491245146527402 
0.000950948983309327 
0.003092886227360675 
0.004447504320330487 
0.01138107307987659 
0.01084066463594908 
0.0009918097670790179 
0.005381890684110097 
0.005128817842829589 
0.001115500024021366 
0.002161238590025056 
0.003284862411923926 
0.005409365266556781 
0.002489427529620448 
0.0007208028589615918 
0.004403449167873021 
0.007460544559823946 
0.003463574813201518 
0.004534355386708423 
0.005700520413286972 
0.004851691284429542 
0.0009991405849907777 
0.001419665009454186 
0.002594314142398407 
0.005177288800828496 
0.01006174187552886 
0.008774277195631312 
0.003608969407802546 
0.002168393265276687 
0.009330090164884159 
0.001459685793272662 
0.002444933713080766 
0.001645310332270409 
0.004301325596692706 
0.002875380234193397 
0.001203580272298623 
0.0007701436857189639 
0.001334424755071568 
0.001201682343892101 
0.005217707858045814 
0.004722348937180086 
0.005033242102760452 
0.005074438495081851 
0.006308191702581232 
0.003761755826892327 
0.00492296121314074 
0.005687571050815929 
0.006333744644814376 
0.003933820452568861 
0.004233449446670441 
0.000888346161909167 
0.000264613981390962 
0.001167733974367676 
0.001653774150614436 
0.001331647944902698 
0.0006720849614122285 
0.003036041845291872 
0.00386801656013043 
0.003498681963701009 
0.005937059071649335 
0.001168636431532653 
0.0006570333575427968 
0.0005794788548678746 
0.0002851786131204909 
0.005602948514924106 
0.003602611717739936 
0.00858331298814002 
0.007612269692862417 
0.005276329600563455 
0.002675088828615781 
0.00219657136103159 
0.006110185888117817 
0.002673168407946056 
0.001567536612285028 
0.0005193960523519382 
0.0007366323684956033 
0.0004892606185255724 
0.002747412230182432 
0.001745861868454207 
0.002920119416726414 
0.00576784240033809 
0.005035618129564873 
0.003589463091064548 
0.00800145912070116 
0.004987541541677214 
0.003322306164816777 
0.005386301633958284 
0.005089437100806334 
0.002051758268757416 
0.001710729386215931 
0.005891730423105766 
0.001185833427908328 
0.003459076409199815 
0.002987743948862074 
0.004575024597326621 
0.002256038655703639 
0.001874022960943285 
0.003133856384329251 
0.001318591001853238 
0.001129223798053479 
0.003806389191267153 
0.002382362302507984 
0.001036658385170551 
0.000567447190238674 
0.0006235355369227688 
0.005022234595651893 
0.003058672048041488 
0.004716895160446264 
0.004175750528564831 
0.006104857446964086 
0.002001173887227162 
0.001766518531843316 
0.002513686332296626 
0.003140590522248291 
0.0024175772520601 
0.001090242352443296 
0.001333869971589829 
0.003540575652176049 
0.00207684058701171 
0.005245204041753162 
0.001686715223516319 
0.002497716865659323 
0.001547079839403108 
0.004218926510500897 
0.003148504791069051 
0.003567345740461816 
0.003233686033503213 
0.003753669188348434 
0.002773300184469593 
0.003824220835879174 
0.001922254935070935 
0.00339034510845687 
0.002764338867108654 
0.004646045944501913 
0.003476002250404901 
0.00340458557359192 
0.002302839586805678 
0.001425943902991951 
0.004496853462409255 
0.004543355718066666 
0.00269485069901974 
0.00255614203910396 
0.004857571784368091 
0.004997439154328754 
0.003094631044530323 
0.003151189034502672 
0.002630380826763369 
0.002728937338938462 
0.004921088512784164 
0.002627579258188078 
0.005496401148121434 
0.0001516674058548802 
0.009181105307686269 
0.0002110284976370976 
0.0001577492471940801 
0.0005402459002182179 
0.0004287524156218251 
0.0002609297589403676 
0.0001751286476075332 
0.001202034899426264 
0.003948519677288294 
0.0008174868207898076 
0.001504289509002595 
0.004135801147094807 
0.004225122587368803 
0.006237279926782515 
0.004371804881434941 
0.002000535451084828 
0.001112169235072809 
0.003280242619203929 
</DataArray>
<DataArray type="Float64" Name="Eta_mix" NumberOfComponents="1" format="ascii">
3.068236390835051 
4.179699030806907 
4.047921717437116 
3.148961490521657 
2.240395778657557 
3.407660808045855 
4.965427989216021 
3.762688683549432 
2.607313542665979 
1.797464805388277 
3.338370162491061 
4.177205070878497 
2.742506295490073 
1.829641422093685 
1.285797204406715 
2.472385811066875 
2.34097822304312 
1.794496171469218 
1.219249956223531 
0.986442178178067 
3.335538305858607 
4.171781970099602 
2.736164323975762 
1.824035297594818 
1.283129094441749 
3.402709978743275 
4.958932428982198 
3.759724662516479 
2.606197063407901 
1.796534987715345 
2.896977425901359 
3.983368940548433 
4.093290721081454 
3.175289265682998 
2.311231658724155 
1.67000824201239 
1.281695571944942 
0.9934210841043104 
0.8598552375011611 
0.9926975340437858 
1.280634591804348 
1.599557189300894 
1.178666792681834 
0.9182056341958589 
0.7803729620823882 
0.7291417555453612 
0.7786479944694643 
0.9163469809864004 
1.107033386586995 
0.8709215720230945 
0.7168446741565708 
0.679549775590805 
0.6719727330542696 
0.6788671812268755 
0.7168193883511998 
0.7924763783283488 
0.6795863891105249 
0.6035214783404237 
0.6164436098495413 
0.6260920636586461 
0.6167759617221633 
0.605115441593948 
0.6230171031634043 
0.5744683212040015 
0.5395222132681331 
0.5721981300355998 
0.5868345158799303 
0.5728240297089969 
0.5414880680007541 
0.524019413246369 
0.4955159859234688 
0.5011856997460633 
0.5378226740165619 
0.5524333191926278 
0.5382406425126421 
0.5021033416775434 
0.4864923324307484 
0.4579294728994878 
0.4755847051851637 
0.5093671551067173 
0.5222877536950948 
0.509487803248 
0.4749825697252109 
0.4834389434433657 
0.4212661978955478 
0.4554086289161259 
0.485130841076387 
0.4960639583567801 
0.4849356355910135 
0.4541869271114243 
0.4699330491740265 
0.4087958611038743 
0.4370894490575273 
0.4636837179104027 
0.4729711213688327 
0.4633215565858111 
0.4365570786593552 
0.4451225668240554 
0.3993941218227179 
0.4195611311704665 
0.4439466126108132 
0.4520069441033608 
0.4435140247165088 
0.419856035137892 
0.4358261676110839 
0.3938298474655743 
0.4044295785036479 
0.4259648898430323 
0.4324702355221969 
0.4248521705758344 
0.4039200492679079 
0.4336156395049471 
0.3740060255687472 
0.3928682990113121 
0.4092078275109922 
0.4138845540909035 
0.4072592947600685 
0.3898291181384235 
0.3993695917933009 
0.3542752048683523 
0.3824091815605159 
0.3925882622549493 
0.3960557359018606 
0.3906322224051915 
0.3764606457335199 
0.3759546023907605 
0.3547051291162514 
0.3690246168560985 
0.376117098401837 
0.3791710465634662 
0.3750204711833694 
0.3632108382970978 
0.3703153713596362 
0.3832750407086485 
0.3532958700627929 
0.3606141717328787 
0.3635536770518284 
0.3612685697821815 
0.3521834115690348 
0.3432783292225399 
0.4245815260102235 
0.343199475644554 
0.3485321222330097 
0.3509404935133637 
0.351700206446362 
0.347562618777716 
0.3457033542066938 
0.446720794410905 
0.3485904122694917 
0.3473967275855329 
0.3477087210523488 
0.3534957263706311 
0.3578600928513608 
0.3765386112579152 
0.4539776203802331 
0.3805118392936425 
0.3693036795544407 
0.3655757335959972 
0.3769941485368402 
0.4062557237345398 
0.4687658593294557 
0.6300283362293521 
0.4483502069661792 
0.4203731002269808 
0.4140561480674581 
0.4239401722642195 
0.4688471258988466 
0.7021250468823276 
0.8059183475599559 
0.4620747925377345 
0.4383281820169136 
0.4311371650347163 
0.4362238953018461 
0.4563939282389881 
0.9396080039284594 
1.213784370835543 
0.9482744187123004 
0.8187550226829781 
0.9839799750099321 
0.6333428920051863 
0.6841754449791297 
0.7237541509505071 
0.8627306174910268 
0.6425653188892781 
0.7243824327512757 
0.9443386468185622 
0.8818453088697538 
0.6735780784377962 
0.9113208884646031 
0.9975413939781633 
0.6135726668708402 
0.8596124827259654 
1.000058105065453 
0.5489151015668078 
0.8005988464039665 
0.9609135167560078 
0.4869602175012243 
0.7388642900083312 
0.892427559257941 
0.4306961206822338 
0.6767874928294637 
0.8222258267752762 
0.381917330831044 
0.6140003827801664 
0.7459094845989945 
0.3383595508480021 
0.5529699590017404 
0.6721329486025259 
0.2979072641221703 
0.4942079001329553 
0.5994060527651541 
0.2610488162884345 
0.4390812771410808 
0.5382563152670269 
0.2275572142648856 
0.3891055045197257 
0.4692177012183182 
0.1974178031296726 
0.3421489555182553 
0.4168455361073677 
0.1680353626920573 
0.2962171335430671 
0.3659445629466949 
0.1397701495630831 
0.2510082374160094 
0.3215399852702973 
0.1135698375760872 
0.2088584013708809 
0.2745063483620444 
0.09072357517862897 
0.1716139698474632 
0.2300784286892625 
0.07094072995362602 
0.1374284606118107 
0.1741529257572772 
0.05357324924175747 
0.1059971990091347 
0.1336541942187152 
0.03857870165806245 
0.07667966167824632 
0.09909498938211542 
0.02703530201435142 
0.05122535876176543 
0.07334008236213156 
0.01755228195298536 
0.03118734669625345 
0.04942180961571076 
0.01179436139540073 
0.01551996566025634 
0.03790092621066985 
0.8517621040249471 
0.9489418153387009 
1.215629413582152 
0.6018169084464667 
0.6365166617216106 
0.9861105664767985 
0.6851252099321807 
0.8687785467525074 
0.7237214238712627 
0.9098066264958896 
0.9455960511483268 
0.7258974154261051 
0.986197895256909 
0.9097742048937649 
0.6747769615507155 
0.9845232627731514 
0.8564567240776912 
0.6126161716724636 
0.9344357749991914 
0.7959049719906979 
0.5460506554676273 
0.8617747055004353 
0.7310354801469742 
0.4824144646351295 
0.7850675759675574 
0.6673321435272461 
0.4251283255484108 
0.71271260706882 
0.6049520485775979 
0.376638139976512 
0.6527242808503058 
0.5466239114596436 
0.3342591655262235 
0.58920683423472 
0.4910345878989521 
0.2954053764269295 
0.5189762075407615 
0.4388108409513775 
0.2598577467437856 
0.463532896926576 
0.3901300352183088 
0.2276502968225025 
0.414957269131515 
0.3438021261518203 
0.1985071411267825 
0.3874233723788932 
0.2996821914140066 
0.1703536634892862 
0.3537963953002589 
0.2584086652014735 
0.142667143413865 
0.2916945354406928 
0.2148493837298592 
0.1168506979749348 
0.2239344499935202 
0.1719739254823238 
0.09185095759286972 
0.1705980357275616 
0.133303026934766 
0.06985840388784638 
0.1351493233465323 
0.1043137353867345 
0.05277034586535222 
0.102214147769776 
0.07699236705641485 
0.0385544392638661 
0.07315672500757464 
0.05132477287366542 
0.02687852890862514 
0.0515362025194148 
0.03143034825143379 
0.01761499118907193 
0.03468815650465541 
0.01641513376493606 
0.01200720866015339 
0.01079999954640001 
0.2695422160842518 
0.6110252069381715 
0.4905479325099172 
0.415448185845311 
0.3602167852792411 
0.3082684307190626 
0.2626715089129765 
0.2244387235675907 
0.1945050619725 
0.1688623430536994 
0.1466175486150963 
0.1272833021946629 
0.1103973481268255 
0.09627288073362458 
0.07795446027439634 
0.0624344804255723 
0.04897905642163402 
0.03746894989057587 
0.02777802148922863 
0.019932911124635 
0.01487123194809994 
0.01254258284399228 
0.0113910450026485 
0.01087957597258544 
0.9916264750272006 
1.528668965342707 
3.243953241571547 
0.7737004616771233 
1.214115478202895 
0.9113713598459444 
0.5980166837163343 
0.5970885576999541 
0.8795896458631872 
0.3116025578051224 
0.2979559415094346 
0.3737571140654056 
0.9598075381165346 
0.4609531856987642 
1.210553089914565 
0.6061511844884022 
0.7543066456674773 
0.8709559831642962 
3.463413830921986 
2.303202022077026 
3.266718118394879 
3.047743236695594 
0.6729946232884152 
0.4956690125411485 
0.9388604712593468 
2.182056005054699 
1.755842436344932 
0.6328443125119075 
0.8398588445825 
3.071033284266582 
0.725058940400687 
2.522331061634771 
0.2907572115895132 
0.1721754010288875 
0.2620969363200688 
0.4363557894034809 
0.6440452023080968 
1.830864806893679 
1.765081436483737 
2.343605102620587 
2.542637758370027 
1.327992742980578 
0.8531203770809035 
0.9711275933544357 
1.081645516207105 
1.048837412896954 
0.9179728648842808 
0.8422650424337227 
0.7081469433100087 
0.6513832501486865 
0.5962591574793098 
0.4858188839209003 
0.4569533581765946 
0.3802235552693338 
0.3162900776949448 
0.28152625259497 
0.2011498516619211 
0.200775926357097 
0.2789017616101146 
2.069250987881542 
4.045013168051303 
2.733221079681679 
2.701097577183282 
2.820156481585175 
1.556863746575089 
0.8995341725263339 
3.382718433874058 
2.775328557129961 
1.06635864925873 
0.6644302059437773 
0.5419755714942163 
0.7451287160727357 
0.2506907427967944 
0.543318302136746 
0.5184836691248409 
0.7991827846085929 
0.7432033067869104 
1.593098587139811 
0.8133382201205344 
0.844515372720189 
0.8474484751894918 
0.7821060996393624 
0.1891542921569609 
0.1786044720913656 
0.2449447699929261 
0.2215159746788228 
0.1476916244610923 
0.475948945313702 
0.4017772224171289 
2.82344067040761 
1.264076258513067 
1.164879512270691 
3.332805078984633 
2.136058002946696 
1.569626997222853 
0.54070787659903 
1.104247804306239 
0.4519422954314798 
0.4602424527744004 
1.086099806639231 
0.4303958373966906 
0.7123238105246562 
2.898618249758353 
2.658021169266227 
1.600662114239456 
1.902056071511939 
1.45480131518281 
0.4706622362806772 
0.1336117679458822 
0.2533884453828411 
0.2701840390287339 
0.6629894453793983 
0.5085877151888329 
0.8778213552029703 
0.640219277754405 
0.4602831732463136 
0.4419073241949912 
0.6112030614958234 
0.9402665374814897 
0.6584201959723099 
0.6267003869957168 
0.9320845527699295 
0.8026010696767096 
0.2935192067142632 
0.4570707405298651 
0.3199849531188867 
0.3237966845087686 
1.210747664048169 
0.5977120590505156 
0.5292437262856394 
0.6545307050835533 
0.9819024875563687 
2.353645619535996 
0.4371127713407909 
0.5252887562949518 
0.4687880893556719 
0.9651509911498046 
0.4005877997466408 
1.007525753140721 
0.9765720321669361 
0.8529887343694427 
0.7365428865990454 
0.38586847405587 
0.5793310151187514 
1.281231895845005 
1.6184802117385 
0.1351532559067193 
0.7072773597972137 
0.5060472097833375 
2.628032430394831 
0.4476819814270906 
1.094459289310572 
1.310825532783652 
0.6667731086696786 
0.6838788714381712 
0.6397411199554182 
1.092409862102728 
0.4357096819999106 
1.215523791141074 
0.8328527617402303 
0.5285347230256934 
0.3588358274924398 
0.4441080260986627 
0.2627868630300532 
1.072568861945621 
1.086214046388048 
1.182533695169307 
1.159922140759881 
1.324162282487286 
0.4669434047614588 
0.4812181146425116 
0.5374623038259272 
0.7331702814824782 
0.8541461500468231 
1.193111419263233 
0.7193783809540951 
1.728316790237591 
2.397567737960879 
0.4799181694170683 
0.4663802049969176 
0.4311777615870759 
0.4619554468593657 
0.6000401533312676 
0.7561360374675012 
0.4965479442030742 
1.593738973213687 
0.7536440910106956 
0.858416558991031 
1.27578917456622 
1.010560514326843 
0.5422485246327554 
0.565574643485893 
2.299988191 
1.668608644795547 
0.8754987257697717 
1.42683846515243 
3.065869564954849 
0.9410214206193118 
1.037371188829703 
0.3550953811344228 
0.5285350487304641 
0.2350599469085711 
2.141833772549255 
2.771420094235441 
0.3148695522672982 
0.4121138581230573 
3.255702753105517 
1.402150524404054 
1.973992815679192 
0.4657348100104898 
0.4958692619570426 
0.3465742088912279 
1.397564014647527 
0.4109062761585841 
1.724699007939675 
1.596941487081138 
1.493246225913455 
0.5594654909416359 
0.480666199224193 
0.3576826793682372 
0.3442983913576119 
1.389126965796161 
1.877632307598151 
1.70045686594877 
2.180437092260203 
1.557672538233681 
0.6063887420288975 
1.947124192249748 
1.979904152415755 
0.7514986494717372 
1.261321187015525 
1.223668989264508 
3.552604573905918 
1.108911331175142 
1.10908150224329 
1.649102753446795 
1.016863940883344 
0.6654159739437604 
2.52502439375356 
1.554418350852956 
0.4882245772535695 
1.4035921406948 
0.8873591779514257 
0.9942207203409209 
1.790703301253015 
1.650022045330388 
0.3638257313484337 
0.7264647268643711 
0.7382851668201841 
1.437811909434877 
1.398202726895515 
1.765749216989117 
1.794392365367967 
2.724173864940348 
1.878247532237145 
2.809131353840196 
2.492573338668891 
2.779371108597565 
0.6987004351232931 
0.5459680700220134 
1.798610436018576 
0.7037264624386077 
0.5431420661720995 
1.133670469646814 
1.740126646789043 
1.023703325276251 
0.5410690017644607 
0.630991990372073 
0.4912250335235632 
1.892055997833064 
2.286297576025865 
4.02642744551668 
1.892525539529697 
0.8882422216391119 
0.9029230262803757 
0.4538141230742988 
1.832200945390587 
0.6400315946153722 
2.216296710230643 
2.309718727072303 
2.087197509999019 
1.068504537257098 
6.540430340525366 
3.727396929754399 
1.101944669375145 
1.024603127201237 
1.509778570288013 
1.071939739368299 
2.920596114493613 
0.4217561527381369 
0.4497687200373026 
0.973240700544711 
1.107631827594758 
0.6904876973265132 
0.674329022132598 
0.8117539849920347 
0.5581352915507395 
0.5657455341753878 
2.035775737264493 
2.305716544757136 
0.4251921106378528 
2.448074537864802 
5.024489286470304 
0.7210210605477744 
0.9117261253340583 
3.22763786183354 
1.600414132722136 
4.955717562506738 
1.23712598048308 
0.9186996463576558 
1.779924683561917 
0.5102461003810301 
2.213784371039207 
0.8593892300221081 
1.61469012271656 
1.099245036743674 
0.6012474557618439 
2.582599440347006 
3.618007285710922 
0.4657006045601507 
2.543071923356846 
2.707026948270893 
3.104787368563917 
0.6190407170567203 
2.652361960507782 
0.8463228180564624 
1.437910239115781 
2.459762431540247 
1.188606604635735 
1.528873327093099 
0.8893504368051179 
0.4745881391962997 
3.532113835698799 
4.050690815242747 
2.903555166270019 
6.228279223955739 
2.396117804315996 
0.708275827427843 
2.123385032368018 
2.480796460634263 
1.34862033481844 
3.06615415378738 
1.534544084283054 
4.465950379012348 
4.267559021745861 
4.141107778087285 
3.181411603396743 
1.048871392579318 
3.117946392083995 
3.006704136394575 
5.297940597367329 
2.834858843865646 
3.792185165909338 
6.041553456008969 
2.516182433527805 
2.257536042494404 
4.110003734780875 
5.6601804582524 
2.545321774149108 
2.133077979103624 
5.793907522372094 
2.987845256148508 
4.484795671023384 
4.912572656724678 
0.6068733461637902 
0.8849438510523949 
2.182728750268252 
0.503758203499409 
0.3109215797191703 
0.7684861922906621 
2.072735006644392 
1.864608840418366 
1.499024773560123 
1.094059556441217 
3.309593005822335 
1.33363529172397 
2.13319069111772 
3.20374478504169 
3.812497572005935 
1.245584663318938 
0.6761284260924895 
0.4142003517029081 
2.522127709026379 
2.203154229685592 
1.829226339136747 
0.6373870767727455 
4.097092421948156 
0.5588303807571851 
2.813114581119773 
0.2136851689432752 
0.3643654422878152 
0.1609515514549887 
0.1868498985443067 
0.186453484063944 
0.1761714087472527 
0.2018845232842579 
0.4660962815865185 
0.5154895457948953 
0.4186636406096745 
0.4776140417073259 
0.2099163690773244 
0.6147675452099376 
0.6833404875092253 
0.7432888406592658 
0.8184605751266764 
0.9779816968537398 
1.062238320025113 
0.9871317313826657 
3.956230130160409 
1.082185554897106 
1.856755511150775 
1.600981665118946 
0.3592582928250698 
0.5968222411881758 
0.2187224842032848 
3.506341607508065 
1.885984842989394 
2.574120672529932 
0.5898446617554954 
1.005383401889004 
2.704092936187803 
3.415178672060429 
0.8135233851590236 
0.5863561481371353 
0.4587412888106327 
0.3280073777142933 
1.523116786293129 
2.234376984847664 
0.3328648684591765 
0.5383835427917234 
0.4051584085001544 
0.336105177353657 
3.63336066536927 
4.317529892977829 
2.055432580958895 
1.209224556050682 
0.8042500540618163 
0.7173069615440995 
0.6087336412139747 
0.5897169875202143 
0.4986840588731696 
0.3701429053300358 
0.35556056222459 
0.3869100161343915 
0.58810775831062 
1.207656008441679 
1.295033692943492 
3.027498833990309 
3.528633543311954 
2.612859386780618 
0.998668588477908 
2.257597867920877 
2.956456688019244 
3.678839959140123 
1.727161104939219 
1.553353852493474 
0.5444297814332133 
0.4923467212948093 
0.540448631460797 
0.6616487026921224 
0.8826077282360839 
1.249460993164161 
0.7879355932354579 
3.446360124509301 
1.37710818826767 
0.6669042732985855 
0.7834959318929182 
0.7060721357505877 
0.1659871729768253 
0.4647354032311093 
0.4005068391198183 
0.4872868738435296 
0.4284135497107785 
0.208914167287806 
0.1274167920522143 
0.665418996393313 
0.5466747409667371 
0.4511200201562396 
0.6449537309872556 
0.3993941876272701 
1.420162893489365 
0.8496451264416192 
1.03247946367302 
0.7239042356100759 
2.219515395735936 
1.632082737546434 
0.5483071294459729 
0.7519045872417949 
0.2828450095144142 
0.3629836070151882 
0.3698989490251409 
0.7538673049336366 
0.8000832146155141 
2.487621115615842 
0.7923007565477048 
1.933906114361712 
1.182054243958231 
2.559289014669134 
1.334731446528441 
0.2798853077433612 
0.2215764244447451 
0.5150756478604656 
0.4698002522240264 
0.3641575768207824 
0.8718121823201618 
0.6457111013267968 
1.332375745229337 
0.7628671057539164 
0.7575944070331465 
0.5068329649235112 
2.526550336677519 
0.4036173645913321 
0.489684536581562 
0.4640348880601431 
0.1594016317003876 
0.6685473486272894 
2.309959877991018 
0.3763250937629288 
0.6850189144140386 
0.5903020284114218 
0.5803052152987618 
1.153992487619091 
0.5024970453859042 
0.9768124104960234 
1.569169501093822 
0.5631628932064879 
0.4681368153700171 
2.169581571822448 
1.874241471139412 
0.6054354429882629 
0.3917785982299933 
0.6775816675704024 
0.3982025836637449 
2.206378697178141 
0.1667883601711404 
0.4438706087913732 
3.116766680650413 
1.566153073187678 
1.296765799220508 
0.7574400737805627 
3.2799226921784 
2.010411050271211 
0.5206578030153899 
0.3767299574574474 
0.3270328384004859 
0.7095442236216317 
1.361270867726436 
0.9855723085453119 
1.622400574465819 
0.8333212798862535 
0.5818279540751361 
0.865815509870416 
0.4528380839653976 
0.4364276941210551 
0.1603611937927543 
1.315065739125411 
1.342975217444072 
1.197652781493918 
1.661865013150327 
1.010892129093221 
0.5629520993751167 
0.7407656549460024 
0.6382012014341411 
0.5792132541613902 
0.4911245390624158 
0.4785775534612546 
0.4653106739366731 
1.011125141146723 
0.3278760771229948 
1.883336229597484 
0.422566355338892 
0.3398619997353343 
0.1490324341238844 
1.052888480723096 
0.2131758591435533 
2.936860534104214 
2.183052599581268 
0.4318157179724115 
1.737176969250472 
2.439746232022599 
1.159979697285803 
0.2598267351230606 
0.3883116752329666 
1.471188543070287 
1.623496961485106 
0.6988039868599161 
2.929402282959262 
1.780715128505504 
0.4992806485989068 
2.198937508524925 
2.624284700878786 
0.621736575564804 
0.330018696813873 
0.344243054232617 
0.834077142847798 
1.329667308485213 
0.4456953485732699 
0.5846932255239363 
0.6045996652623522 
1.672692692064125 
0.2719637071197594 
0.6919740682280275 
0.6327109160570399 
1.10846432826815 
0.3033582171550506 
0.2627844886875497 
1.486754686984846 
0.3977540959613529 
0.2252062062439917 
0.9991195528038703 
1.790801768384991 
2.546777726360776 
3.732713120885034 
1.091503631155763 
0.4945982394965817 
1.120313365959255 
2.517227387908271 
3.00099429994877 
1.542724064151697 
3.058147904081696 
2.195344253468356 
0.5613808485315142 
0.3247365711097834 
0.3976467750106138 
0.2769902653247017 
1.297931177567389 
0.7083195045449422 
1.057406481025246 
2.751973695843355 
1.238847386323983 
0.5503247927504409 
5.237145783048093 
0.9809775971689576 
0.9368113046129446 
1.746751222894937 
2.132977726586892 
0.2141091461632584 
0.3248668388384697 
1.757669049157543 
1.962485406609711 
1.118325699503266 
6.043736340298014 
2.935735081606611 
0.8151649380737611 
0.4504209016468293 
0.9809469235949377 
0.5665332023619339 
2.540538231509631 
0.6730377159049515 
0.9624569928948973 
3.014310145356006 
2.156440522346028 
1.896993391353127 
0.1610817997645047 
4.624519134352673 
3.962366825464551 
1.665735914704127 
0.9664715822264098 
1.667885706268648 
0.3656376271041153 
0.4788678838131001 
0.4311199389342673 
0.6561013785914047 
0.7472338836905063 
1.754060446351134 
0.4941116987575236 
0.6173112976076219 
0.7080373472225427 
1.352281310784811 
1.876814371507839 
3.108157117032054 
1.767352631234338 
1.120297074885158 
1.074645966474171 
4.573125380521323 
3.016726488905985 
0.1675417310232463 
0.3596936589772499 
2.862345650720553 
6.382490420752127 
1.226024538207796 
4.130778810195348 
0.4182265722650307 
2.723439864168431 
2.763704634417588 
4.09129152973981 
2.574179365077897 
0.4341715898804678 
2.126910660970361 
5.341673449009189 
4.419686725444065 
0.3370235630730354 
0.5391248141337316 
0.9590872773283724 
5.693649447902997 
1.418779105960712 
3.91636271640229 
0.2602604253354353 
4.578539590584411 
1.127387923856945 
0.4954599730081329 
0.3545286947003741 
3.966767983384228 
2.613342770295497 
3.856613323837557 
7.479305286655241 
2.766728395542541 
3.705969643972561 
3.296621283836991 
0.3726434229792692 
0.645945294233794 
1.291265494964096 
0.920807840734351 
3.963059058182286 
0.4381159312808379 
3.555570658251469 
5.838690859802902 
3.152107544078469 
5.186551589543781 
2.440274300147644 
5.082701159361717 
0.3465561173532831 
1.319683983939782 
2.317937386446828 
0.2215293858690249 
7.034958209634902 
1.932599964988269 
3.494460014196652 
6.025080669684968 
0.5734650643583179 
5.695363115256501 
6.469057199262809 
3.137853603848529 
5.23818273950459 
1.75010592683872 
6.999024861619151 
3.781239472811989 
2.152104245751416 
5.242616316750288 
7.843948491641452 
7.909267597895802 
1.985714941321574 
3.603924962112745 
6.120904233478103 
6.381048585132394 
5.958058597679647 
1.849470820225226 
0.1600196075234306 
0.2815410024543918 
0.4036516171661521 
0.4906270146222945 
0.3155731512636142 
0.6968325036085358 
0.6058264276215849 
0.4062262048368739 
0.3646091022815245 
1.593313875826504 
0.2162396602802783 
1.194212498678222 
1.192090388441885 
1.660882664503048 
0.3134023462325949 
0.3707167193997943 
0.4745370415509932 
3.194864723429863 
2.018681772064922 
0.5357111690323454 
</DataArray>
</CellData>
</Piece>
</UnstructuredGrid>
</VTKFile>
