<?xml version="1.0"?>
<VTKFile type="UnstructuredGrid" version="0.1" byte_order="LittleEndian">
<UnstructuredGrid>
<Piece NumberOfPoints="1157" NumberOfCells="1117">
<Points>
<DataArray type="Float64" NumberOfComponents="3" format="ascii">
0 -0.0599999987 0
0.0198084321 -0.0599999987 0
0.0396168642 -0.0599999987 0
0.0594252981 -0.0599999987 0
0.0792337283 -0.0599999987 0
0.0990421623 -0.0599999987 0
0 -0.043333333 0
0.0198084321 -0.0432380959 0
0.0396168642 -0.0431428589 0
0.0594252981 -0.0430476181 0
0.0792337283 -0.0429523811 0
0.0990421623 -0.042857144 0
0 -0.0266666673 0
0.0198084321 -0.0264761914 0
0.0396168642 -0.0262857135 0
0.0594252981 -0.0260952376 0
0.0792337283 -0.0259047616 0
0.0990421623 -0.0257142857 0
0 -0.009999999779999999 0
0.0198084321 -0.00971428584 0
0.0396168642 -0.00942857098 0
0.0594252981 -0.009142857040000001 0
0.0792337283 -0.00885714311 0
0.0990421623 -0.008571428250000001 0
0 0.009999999779999999 0
0.0198084321 0.00971428584 0
0.0396168642 0.00942857098 0
0.0594252981 0.009142857040000001 0
0.0792337283 0.00885714311 0
0.0990421623 0.008571428250000001 0
0 0.0266666673 0
0.0198084321 0.0264761914 0
0.0396168642 0.0262857135 0
0.0594252981 0.0260952376 0
0.0792337283 0.0259047616 0
0.0990421623 0.0257142857 0
0 0.043333333 0
0.0198084321 0.0432380959 0
0.0396168642 0.0431428589 0
0.0594252981 0.0430476181 0
0.0792337283 0.0429523811 0
0.0990421623 0.042857144 0
0 0.0599999987 0
0.0198084321 0.0599999987 0
0.0396168642 0.0599999987 0
0.0594252981 0.0599999987 0
0.0792337283 0.0599999987 0
0.0990421623 0.0599999987 0
0.5 0.008571428250000001 0
0.5 0.0257142857 0
0.5 0.042857144 0
0.479952097 0.0599999987 0
0.459904224 0.0599999987 0
0.439856321 0.0599999987 0
0.419808447 0.0599999987 0
0.399760544 0.0599999987 0
0.379712641 0.0599999987 0
0.359664768 0.0599999987 0
0.339616865 0.0599999987 0
0.319568962 0.0599999987 0
0.299521089 0.0599999987 0
0.279473186 0.0599999987 0
0.259425282 0.0599999987 0
0.239377409 0.0599999987 0
0.219329506 0.0599999987 0
0.199281618 0.0599999987 0
0.17923373 0.0599999987 0
0.159185842 0.0599999987 0
0.139137954 0.0599999987 0
0.11909005 0.0599999987 0
0.5 0.0599999987 0
0.439856321 -0.0599999987 0
0.5 -0.008571428250000001 0
0.5 -0.0257142857 0
0.419808418 -0.0599999987 0
0.5 -0.0599999987 0
0.17923373 -0.0599999987 0
0.299521089 -0.0599999987 0
0.5 -0.042857144 0
0.479952097 -0.0599999987 0
0.459904224 -0.0599999987 0
0.319568962 -0.0599999987 0
0.199281618 -0.0599999987 0
0.11909005 -0.0599999987 0
0.139137939 -0.0599999987 0
0.159185842 -0.0599999987 0
0.219329506 -0.0599999987 0
0.239377409 -0.0599999987 0
0.259425282 -0.0599999987 0
0.279473186 -0.0599999987 0
0.339616865 -0.0599999987 0
0.359664768 -0.0599999987 0
0.379712641 -0.0599999987 0
0.399760544 -0.0599999987 0
0.11909005 0.042857144 0
0.11909005 0.0257142857 0
0.11909005 0.008571428250000001 0
0.11909005 -0.008571428250000001 0
0.11909005 -0.0257142857 0
0.11909005 -0.042857144 0
0.139137954 0.042857144 0
0.139137939 0.0257142857 0
0.139137939 0.008571428250000001 0
0.139137939 -0.008571428250000001 0
0.139137939 -0.0257142857 0
0.139137939 -0.042857144 0
0.159185842 0.042857144 0
0.159185842 0.0257142857 0
0.159185842 0.008571428250000001 0
0.159185842 -0.008571428250000001 0
0.159185842 -0.0257142857 0
0.159185842 -0.042857144 0
0.17923373 0.042857144 0
0.17923373 0.0257142857 0
0.17923373 0.008571428250000001 0
0.17923373 -0.008571428250000001 0
0.17923373 -0.0257142857 0
0.17923373 -0.042857144 0
0.199281618 0.042857144 0
0.199281618 0.0257142857 0
0.199281618 0.008571428250000001 0
0.199281618 -0.008571428250000001 0
0.199281618 -0.0257142857 0
0.199281618 -0.042857144 0
0.219329506 0.042857144 0
0.219329506 0.0257142857 0
0.219329506 0.008571428250000001 0
0.219329506 -0.008571428250000001 0
0.219329506 -0.0257142857 0
0.219329506 -0.042857144 0
0.239377409 0.042857144 0
0.239377409 0.0257142857 0
0.239377409 0.008571428250000001 0
0.239377409 -0.008571428250000001 0
0.239377409 -0.0257142857 0
0.239377409 -0.042857144 0
0.259425282 0.042857144 0
0.259425282 0.0257142857 0
0.259425282 0.008571428250000001 0
0.259425282 -0.008571428250000001 0
0.259425282 -0.0257142857 0
0.259425282 -0.042857144 0
0.279473186 0.042857144 0
0.279473186 0.0257142857 0
0.279473186 0.008571428250000001 0
0.279473186 -0.008571428250000001 0
0.279473186 -0.0257142857 0
0.279473186 -0.042857144 0
0.299521089 0.042857144 0
0.299521089 0.0257142857 0
0.299521089 0.008571428250000001 0
0.299521089 -0.008571428250000001 0
0.299521089 -0.0257142857 0
0.299521089 -0.042857144 0
0.319568962 0.042857144 0
0.319568962 0.0257142857 0
0.319568962 0.008571428250000001 0
0.319568962 -0.008571428250000001 0
0.319568962 -0.0257142857 0
0.319568962 -0.042857144 0
0.339616865 0.042857144 0
0.339616865 0.0257142857 0
0.339616865 0.008571428250000001 0
0.339616865 -0.008571428250000001 0
0.339616865 -0.0257142857 0
0.339616865 -0.042857144 0
0.359664768 0.042857144 0
0.359664768 0.0257142857 0
0.359664768 0.008571428250000001 0
0.359664768 -0.008571428250000001 0
0.359664768 -0.0257142857 0
0.359664768 -0.042857144 0
0.379712641 0.042857144 0
0.379712641 0.0257142857 0
0.379712641 0.008571428250000001 0
0.379712641 -0.008571428250000001 0
0.379712641 -0.0257142857 0
0.379712641 -0.042857144 0
0.399760544 0.042857144 0
0.399760544 0.0257142857 0
0.399760544 0.008571428250000001 0
0.399760544 -0.008571428250000001 0
0.399760544 -0.0257142857 0
0.399760544 -0.042857144 0
0.419808418 0.042857144 0
0.419808418 0.0257142857 0
0.419808418 0.008571428250000001 0
0.419808418 -0.008571428250000001 0
0.419808418 -0.0257142857 0
0.419808418 -0.042857144 0
0.439856321 0.042857144 0
0.439856321 0.0257142857 0
0.439856321 0.008571428250000001 0
0.439856321 -0.008571428250000001 0
0.439856321 -0.0257142857 0
0.439856321 -0.042857144 0
0.459904224 0.042857144 0
0.459904224 0.0257142857 0
0.459904224 0.008571428250000001 0
0.459904224 -0.008571428250000001 0
0.459904224 -0.0257142857 0
0.459904224 -0.042857144 0
0.479952097 0.042857144 0
0.479952097 0.0257142857 0
0.479952097 0.008571428250000001 0
0.479952097 -0.008571428250000001 0
0.479952097 -0.0257142857 0
0.479952097 -0.042857144 0
-0.400000006 0.009999999779999999 0
-0.379999995 0.009999999779999999 0
-0.360000014 0.009999999779999999 0
-0.340000004 0.009999999779999999 0
-0.319999993 0.009999999779999999 0
-0.300000012 0.009999999779999999 0
-0.280000001 0.009999999779999999 0
-0.25999999 0.009999999779999999 0
-0.239999995 0.009999999779999999 0
-0.219999999 0.009999999779999999 0
-0.200000003 0.009999999779999999 0
-0.180000007 0.009999999779999999 0
-0.159999996 0.009999999779999999 0
-0.140000001 0.009999999779999999 0
-0.119999997 0.009999999779999999 0
-0.100000001 0.009999999779999999 0
-0.07999999820000001 0.009999999779999999 0
-0.0599999987 0.009999999779999999 0
-0.0399999991 0.009999999779999999 0
-0.0199999996 0.009999999779999999 0
-0.0199999996 -0.009999999779999999 0
-0.0399999991 -0.009999999779999999 0
-0.0599999987 -0.009999999779999999 0
-0.07999999820000001 -0.009999999779999999 0
-0.100000001 -0.009999999779999999 0
-0.119999997 -0.009999999779999999 0
-0.140000001 -0.009999999779999999 0
-0.159999996 -0.009999999779999999 0
-0.180000007 -0.009999999779999999 0
-0.200000003 -0.009999999779999999 0
-0.219999999 -0.009999999779999999 0
-0.239999995 -0.009999999779999999 0
-0.25999999 -0.009999999779999999 0
-0.280000001 -0.009999999779999999 0
-0.300000012 -0.009999999779999999 0
-0.319999993 -0.009999999779999999 0
-0.340000004 -0.009999999779999999 0
-0.360000014 -0.009999999779999999 0
-0.379999995 -0.009999999779999999 0
-0.400000006 -0.009999999779999999 0
-0.419999987 -0.009999999779999999 0
-0.439999998 -0.009999999779999999 0
-0.460000008 -0.009999999779999999 0
-0.479999989 -0.009999999779999999 0
-0.5 -0.0266666673 0
-0.5 -0.043333333 0
-0.479999989 -0.0599999987 0
-0.460000008 -0.0599999987 0
-0.439999998 -0.0599999987 0
-0.419999987 -0.0599999987 0
-0.400000006 -0.0599999987 0
-0.379999995 -0.0599999987 0
-0.360000014 -0.0599999987 0
-0.340000004 -0.0599999987 0
-0.319999993 -0.0599999987 0
-0.300000012 -0.0599999987 0
-0.280000001 -0.0599999987 0
-0.25999999 -0.0599999987 0
-0.239999995 -0.0599999987 0
-0.219999999 -0.0599999987 0
-0.200000003 -0.0599999987 0
-0.180000007 -0.0599999987 0
-0.159999996 -0.0599999987 0
-0.140000001 -0.0599999987 0
-0.119999997 -0.0599999987 0
-0.100000001 -0.0599999987 0
-0.07999999820000001 -0.0599999987 0
-0.0599999987 -0.0599999987 0
-0.0399999991 -0.0599999987 0
-0.0199999996 -0.0599999987 0
-0.100000001 0.0599999987 0
-0.5 0.0599999987 0
-0.5 0.009999999779999999 0
-0.5 -0.009999999779999999 0
-0.140000001 0.0599999987 0
-0.0199999996 0.0599999987 0
-0.400000006 0.0599999987 0
-0.5 -0.0599999987 0
-0.200000003 0.0599999987 0
-0.25999999 0.0599999987 0
-0.340000004 0.0599999987 0
-0.119999997 0.0599999987 0
-0.379999995 0.0599999987 0
-0.360000014 0.0599999987 0
-0.0399999991 0.0599999987 0
-0.280000001 0.0599999987 0
-0.219999999 0.0599999987 0
-0.239999995 0.0599999987 0
-0.0599999987 0.0599999987 0
-0.180000007 0.0599999987 0
-0.300000012 0.0599999987 0
-0.319999993 0.0599999987 0
-0.07999999820000001 0.0599999987 0
-0.159999996 0.0599999987 0
-0.419999987 0.0599999987 0
-0.439999998 0.0599999987 0
-0.460000008 0.0599999987 0
-0.479999989 0.0599999987 0
-0.5 0.043333333 0
-0.5 0.0266666673 0
-0.479999989 0.009999999779999999 0
-0.460000008 0.009999999779999999 0
-0.439999998 0.009999999779999999 0
-0.419999987 0.009999999779999999 0
-0.0199999996 0.0266666673 0
-0.0199999996 0.043333333 0
-0.0399999991 0.0266666673 0
-0.0399999991 0.043333333 0
-0.0599999987 0.0266666673 0
-0.0599999987 0.043333333 0
-0.07999999820000001 0.0266666673 0
-0.07999999820000001 0.043333333 0
-0.100000001 0.0266666673 0
-0.100000001 0.043333333 0
-0.119999997 0.0266666673 0
-0.119999997 0.043333333 0
-0.140000001 0.0266666673 0
-0.140000001 0.043333333 0
-0.159999996 0.0266666673 0
-0.159999996 0.043333333 0
-0.180000007 0.0266666673 0
-0.180000007 0.043333333 0
-0.200000003 0.0266666673 0
-0.200000003 0.043333333 0
-0.219999999 0.0266666673 0
-0.219999999 0.043333333 0
-0.239999995 0.0266666673 0
-0.239999995 0.043333333 0
-0.25999999 0.0266666673 0
-0.25999999 0.043333333 0
-0.280000001 0.0266666673 0
-0.280000001 0.043333333 0
-0.300000012 0.0266666673 0
-0.300000012 0.043333333 0
-0.319999993 0.0266666673 0
-0.319999993 0.043333333 0
-0.340000004 0.0266666673 0
-0.340000004 0.043333333 0
-0.360000014 0.0266666673 0
-0.360000014 0.043333333 0
-0.379999995 0.0266666673 0
-0.379999995 0.043333333 0
-0.400000006 0.0266666673 0
-0.400000006 0.043333333 0
-0.419999987 0.0266666673 0
-0.419999987 0.043333333 0
-0.439999998 0.0266666673 0
-0.439999998 0.043333333 0
-0.460000008 0.0266666673 0
-0.460000008 0.043333333 0
-0.479999989 0.0266666673 0
-0.479999989 0.043333333 0
-0.0199999996 -0.043333333 0
-0.0199999996 -0.0266666673 0
-0.0399999991 -0.043333333 0
-0.0399999991 -0.0266666673 0
-0.0599999987 -0.043333333 0
-0.0599999987 -0.0266666673 0
-0.07999999820000001 -0.043333333 0
-0.07999999820000001 -0.0266666673 0
-0.100000001 -0.043333333 0
-0.100000001 -0.0266666673 0
-0.119999997 -0.043333333 0
-0.119999997 -0.0266666673 0
-0.140000001 -0.043333333 0
-0.140000001 -0.0266666673 0
-0.159999996 -0.043333333 0
-0.159999996 -0.0266666673 0
-0.180000007 -0.043333333 0
-0.180000007 -0.0266666673 0
-0.200000003 -0.043333333 0
-0.200000003 -0.0266666673 0
-0.219999999 -0.043333333 0
-0.219999999 -0.0266666673 0
-0.239999995 -0.043333333 0
-0.239999995 -0.0266666673 0
-0.25999999 -0.043333333 0
-0.25999999 -0.0266666673 0
-0.280000001 -0.043333333 0
-0.280000001 -0.0266666673 0
-0.300000012 -0.043333333 0
-0.300000012 -0.0266666673 0
-0.319999993 -0.043333333 0
-0.319999993 -0.0266666673 0
-0.340000004 -0.043333333 0
-0.340000004 -0.0266666673 0
-0.360000014 -0.043333333 0
-0.360000014 -0.0266666673 0
-0.379999995 -0.043333333 0
-0.379999995 -0.0266666673 0
-0.400000006 -0.043333333 0
-0.400000006 -0.0266666673 0
-0.419999987 -0.043333333 0
-0.419999987 -0.0266666673 0
-0.439999998 -0.043333333 0
-0.439999998 -0.0266666673 0
-0.460000008 -0.043333333 0
-0.460000008 -0.0266666673 0
-0.479999989 -0.043333333 0
-0.479999989 -0.0266666673 0
0.5 0.280000001 0
0.5 0.324000001 0
0.5 0.368000001 0
0.5 0.412 0
0.5 0.456 0
0.423076928 0.5 0
0.346153855 0.5 0
0.269230783 0.5 0
0.192307696 0.5 0
0.115384616 0.5 0
0.0384615399 0.5 0
-0.0384615399 0.5 0
-0.115384616 0.5 0
-0.192307696 0.5 0
-0.269230783 0.5 0
-0.346153855 0.5 0
-0.423076928 0.5 0
-0.5 0.451111108 0
-0.5 0.402222216 0
-0.5 0.353333324 0
-0.5 0.304444432 0
-0.5 0.25555557 0
-0.5 0.206666663 0
-0.5 0.157777771 0
-0.5 0.108888887 0
-0.5 0.5 0
0.5 0.104000002 0
0.5 0.5 0
0.5 0.148000002 0
0.5 0.192000002 0
0.5 0.236000001 0
0.0609144196 0.0817342326 0
0.0213773996 0.0810065791 0
0.00164963992 0.0806389153 0
0.0410537161 0.08140170569999999 0
0.0807928815 0.0816697404 0
-0.11636588 0.08086209 0
-0.155379474 0.08188256620000001 0
-0.195952147 0.0835963339 0
-0.216464236 0.0839877948 0
-0.236886531 0.08373397589999999 0
-0.25717181 0.0831861421 0
-0.0375812575 0.08077736200000001 0
-0.0571756735 0.0809583366 0
-0.07703223820000001 0.08103158320000001 0
-0.018060958 0.0806019977 0
-0.0969315991 0.0810548067 0
-0.135710105 0.0813468769 0
-0.17564556 0.0829808787 0
-0.277441889 0.0833770484 0
-0.297976643 0.0844593644 0
-0.337742865 0.0814660415 0
-0.357280463 0.08131340149999999 0
-0.395812064 0.0801450759 0
-0.431601644 0.0846370831 0
-0.449032396 0.0927124023 0
0.241154492 0.0802461654 0
0.201377258 0.0838236138 0
0.180563569 0.0829863772 0
0.160152987 0.0818641707 0
0.13998118 0.0809370205 0
0.100271612 0.0811994374 0
0.119869255 0.08062074330000001 0
0.373670965 0.07992801820000001 0
0.324530095 0.0833030716 0
0.281531155 0.08239974830000001 0
0.260980189 0.0810246468 0
0.22172907 0.0833596513 0
0.0419940539 0.10293632 0
0.0224408731 0.101743817 0
0.00314544118 0.100968696 0
0.0619302429 0.10367021 0
-0.0159631986 0.101458415 0
0.08237209920000001 0.103876717 0
-0.318290144 0.08418776090000001 0
-0.414466918 0.0801854879 0
-0.376616716 0.08122970910000001 0
-0.235601157 0.107684493 0
-0.214288786 0.108600825 0
-0.255871743 0.10540323 0
-0.0541822873 0.103133552 0
-0.131315932 0.104231022 0
-0.074047327 0.103388585 0
-0.112915099 0.104204893 0
-0.150728151 0.104886316 0
-0.0939841419 0.103821017 0
-0.171428666 0.106402844 0
-0.192837894 0.107991748 0
-0.275017977 0.104476884 0
-0.35379228 0.103946522 0
-0.433073252 0.110083312 0
-0.295674562 0.108139448 0
-0.0348416194 0.102517344 0
0.415305704 0.08237869289999999 0
0.359606773 0.07313796879999999 0
0.302707136 0.083627373 0
0.159252465 0.103709936 0
0.179841861 0.106472507 0
0.139538869 0.1013356 0
0.22791867 0.111114562 0
0.243271112 0.0979152769 0
0.394325763 0.08282602579999999 0
0.201971233 0.109258376 0
0.120320998 0.10044767 0
0.435215741 0.08225522189999999 0
0.259965211 0.10267438 0
0.329683661 0.107562989 0
0.474004507 0.0924669281 0
0.10174416 0.103126459 0
-0.468483716 0.110260278 0
-0.3943865 0.102075562 0
0.442493409 0.110294618 0
0.0621701814 0.126179203 0
0.0225422326 0.122126617 0
0.0418764055 0.12501201 0
0.00457998784 0.120126426 0
0.0835043266 0.12639606 0
-0.0129794497 0.122236557 0
-0.147280753 0.128402263 0
-0.213780656 0.134415403 0
-0.127986699 0.131244153 0
-0.167973459 0.129917011 0
-0.050670296 0.126652241 0
-0.07087001950000001 0.126821682 0
-0.09071145210000001 0.127626732 0
-0.190268174 0.132567599 0
-0.238525629 0.133869201 0
-0.273494035 0.120859079 0
-0.259225488 0.127459198 0
-0.287823677 0.129834697 0
0.106391847 0.128948033 0
-0.030988669 0.12521717 0
0.176051676 0.130309746 0
0.155358881 0.125951976 0
0.136383891 0.121375889 0
0.197837338 0.13508907 0
0.221228063 0.140195116 0
0.24643375 0.148225218 0
0.278431207 0.13069883 0
0.121331833 0.116863862 0
0.304693103 0.108170666 0
0.41313979 0.10605257 0
0.460590839 0.118400961 0
0.3594082 0.102554947 0
-0.32107237 0.11253228 0
-0.419543535 0.104857683 0
0.09811829029999999 0.159849972 0
0.0055290414 0.135468304 0
-0.272256285 0.147958145 0
0.213639542 0.167143762 0
-0.16421552 0.153452978 0
-0.0470549725 0.15146856 0
0.148239896 0.147893965 0
0.190186769 0.161729231 0
-0.0247382168 0.149399027 0
0.121496096 0.157260552 0
0.421064824 0.135523811 0
0.331904501 0.135500565 0
0.281374097 0.10639441 0
-0.403406292 0.127729908 0
-0.310004503 0.140224457 0
0.359246194 0.131814718 0
-0.372643173 0.130347505 0
-0.4354105 0.128464058 0
0.336629719 0.171858773 0
0.449453801 0.147653848 0
0.388494343 0.134514973 0
0.301465511 0.165098608 0
-0.346448064 0.12566866 0
-0.399034619 0.163094714 0
0.0394379087 0.149358913 0
0.27253148 0.157263905 0
-0.213087991 0.160163328 0
-0.247485504 0.166183531 0
-0.29579401 0.164818883 0
-0.0238127075 0.198093072 0
0.111787573 0.184981465 0
-0.100731499 0.16475822 0
-0.129909366 0.165031105 0
0.176729351 0.19246909 0
0.207438558 0.194471538 0
-0.07164825499999999 0.174688131 0
0.137555912 0.174095407 0
0.445077062 0.355614364 0
0.4540672 0.312721372 0
0.471876621 0.18936041 0
0.467166424 0.229818493 0
0.461504996 0.270973593 0
0.424467564 0.448932588 0
0.441845477 0.182664469 0
-0.324829191 0.179232806 0
0.0906601474 0.199683741 0
-0.207740158 0.18316175 0
-0.157712802 0.176730514 0
-0.278921545 0.189274922 0
0.0321525 0.177230626 0
0.245555773 0.214440852 0
-0.433855236 0.164075762 0
-0.366918921 0.159302726 0
0.291913986 0.195489585 0
-0.127964169 0.207778975 0
-0.0366133451 0.228911221 0
-0.100008652 0.206662506 0
0.179677323 0.226686761 0
0.122257464 0.208738238 0
0.146479711 0.202740476 0
0.434536189 0.401015729 0
0.398193419 0.336512506 0
0.424186647 0.257591337 0
0.43396154 0.220088616 0
0.412831038 0.296488136 0
0.369538605 0.193125933 0
-0.443918586 0.348807663 0
-0.435130209 0.398693502 0
-0.427496314 0.449492633 0
-0.452189833 0.300550848 0
-0.4590832 0.253552765 0
-0.357205957 0.190952316 0
0.279544592 0.225700334 0
0.104589514 0.213968039 0
-0.156489298 0.208392248 0
0.0224026144 0.217729628 0
0.212247699 0.248014852 0
-0.427817494 0.204839543 0
-0.234439731 0.195427537 0
0.323903114 0.207895994 0
0.0570687838 0.209155962 0
-0.391568303 0.199478686 0
-0.0962022617 0.246337354 0
-0.0230375547 0.256433278 0
0.184364036 0.258742362 0
0.124597915 0.237763807 0
0.376026452 0.277256101 0
0.38955155 0.242074385 0
0.359942079 0.312979162 0
0.378000379 0.380264699 0
-0.310198665 0.208065987 0
-0.372602284 0.387960404 0
-0.391070276 0.337650061 0
-0.464398772 0.207217991 0
-0.406558216 0.291264862 0
-0.182406142 0.205629736 0
0.475901842 0.151903644 0
0.401581109 0.207892701 0
-0.20234707 0.201936185 0
0.311389863 0.240205288 0
0.0997109637 0.235361338 0
-0.130189374 0.250119895 0
-0.380182773 0.237362921 0
0.0776065663 0.224026397 0
0.0415912047 0.235969722 0
0.356437773 0.225068003 0
0.00237123668 0.23785685 0
0.234924018 0.275154024 0
-0.0526191071 0.272373945 0
0.154033616 0.271343559 0
-0.16381526 0.245097548 0
0.327867359 0.289548635 0
0.343247354 0.258441687 0
-0.217780069 0.218593672 0
0.338168681 0.348227322 0
-0.343999118 0.224389404 0
-0.364733964 0.277306974 0
-0.344146281 0.319903255 0
0.269353002 0.254693568 0
0.0917307809 0.266476959 0
0.0217031389 0.261422962 0
-0.326631218 0.259382397 0
-0.133066654 0.30025813 0
-0.418796331 0.247499421 0
0.0644711778 0.253006309 0
-0.292130858 0.238324136 0
0.196372524 0.288258106 0
0.284591496 0.294490665 0
0.309394062 0.318163514 0
-0.303888261 0.296268225 0
-0.316326559 0.367387414 0
0.259190202 0.283179343 0
-0.212525114 0.264634311 0
-0.240297899 0.24214159 0
0.0789880231 0.303675681 0
0.0470647626 0.284426123 0
0.16370514 0.321180791 0
-0.00354623003 0.285852969 0
0.272422999 0.314563453 0
-0.269069314 0.269261181 0
0.30583939 0.378803372 0
0.221760422 0.304970533 0
-0.273979396 0.334394097 0
-0.0335755982 0.307707399 0
-0.23957935 0.298692495 0
0.0587245151 0.344805092 0
0.117237814 0.317083448 0
0.284336209 0.340413243 0
0.249890372 0.312829316 0
0.343847185 0.433378398 0
0.207801089 0.342838079 0
-0.274291515 0.426623851 0
0.0234502386 0.316493273 0
-0.08737619219999999 0.286369532 0
0.266001195 0.445831895 0
0.12272539 0.273716062 0
0.101134203 0.366993248 0
-0.234703615 0.369619191 0
0.147996157 0.380885184 0
-0.178461179 0.283813536 0
-0.203984484 0.323771179 0
-0.00658131344 0.34660095 0
-0.164417103 0.343546838 0
-0.0673920363 0.326083362 0
0.131059229 0.439091533 0
0.0761057213 0.423675179 0
0.200316936 0.392114729 0
0.029457761 0.387679994 0
-0.041373264 0.371180713 0
0.255755872 0.39359349 0
-0.129968509 0.398406595 0
0.248907045 0.349122852 0
0.195956767 0.446548343 0
-0.354339272 0.442943484 0
-0.193804756 0.443444848 0
-0.00892468356 0.424014986 0
-0.124071665 0.447903305 0
-0.183007032 0.391649544 0
-0.102894232 0.342963189 0
0.454051256 0.0865246058 0
0.477373928 0.124539249 0
-0.468024433 0.160724044 0
-0.0595881864 0.441332847 0
-0.08101215959999999 0.389415085 0
0.430654883 0.100503065 0
0.389429182 0.107357368 0
0.345321238 0.0801729336 0
-0.40980044 0.09662956 0
-0.338144869 0.0994073451 0
0.412171096 0.173297763 0
-0.132147774 0.361322463 0
0.382941902 0.164770678 0
-0.261872202 0.216164798 0
0.298553944 0.269673407 0
0.35991171 0.156175151 0
0.304619789 0.135348052 0
0.253422469 0.12404725 0
-0.374403059 0.104943611 0
-0.337032139 0.151434779 0
-0.109284967 0.131501675 0
-0.19354479 0.23484166 0
-0.06493017819999999 0.238962516 0
-0.0122938436 0.215621114 0
0.00691182632 0.197239071 0
0.0379151069 0.201571897 0
0.150936276 0.234486893 0
0.215393558 0.270183206 0
0.241323069 0.247472897 0
-0.0715796128 0.205469251 0
-0.0449168868 0.201832712 0
-0.015077455 0.176449656 0
0.00735802855 0.160683528 0
0.238734052 0.173370585 0
0.0684622079 0.179729119 0
0.210014313 0.22153379 0
0.169252723 0.153739303 0
0.263142437 0.184926003 0
-0.18295449 0.180039644 0
-0.0454696417 0.176156014 0
0.128362164 0.139589176 0
0.230636895 0.194044158 0
0.0191328265 0.142472118 0
0.0625149161 0.150935873 0
0.0812353119 0.146125689 0
-0.18740344 0.15683043 0
-0.147903278 0.149310306 0
-0.0862699524 0.148439452 0
-0.0688209161 0.151088551 0
-0.00671585044 0.142615706 0
0.161231548 0.173583657 0
0.5 -0.108888887 0
-0.5 -0.104000002 0
0.115384616 -0.5 0
0.346153855 -0.5 0
-0.5 -0.324000001 0
0.5 -0.304444432 0
-0.115384616 -0.5 0
0.0384615399 -0.5 0
0.269230783 -0.5 0
0.192307696 -0.5 0
-0.269230783 -0.5 0
0.5 -0.206666663 0
-0.5 -0.368000001 0
-0.5 -0.412 0
-0.5 -0.456 0
0.5 -0.451111108 0
-0.5 -0.5 0
0.5 -0.5 0
0.5 -0.402222216 0
-0.423076928 -0.5 0
-0.192307696 -0.5 0
-0.5 -0.148000002 0
-0.5 -0.192000002 0
-0.5 -0.236000001 0
-0.5 -0.280000001 0
-0.346153855 -0.5 0
0.5 -0.25555557 0
0.423076928 -0.5 0
-0.0384615399 -0.5 0
0.5 -0.157777771 0
0.5 -0.353333324 0
0.0772511885 -0.08056167509999999 0
0.0374877676 -0.0808010101 0
0.0176463742 -0.0810994208 0
0.0573830791 -0.0807405263 0
0.09732311959999999 -0.0806518868 0
-0.239483774 -0.0795809701 0
-0.219843984 -0.0792642012 0
-0.200446114 -0.07901526239999999 0
-0.181045815 -0.07884178310000001 0
-0.142179415 -0.0802084953 0
-0.102881968 -0.0817045122 0
-0.0223856941 -0.0814301819 0
-0.0627050027 -0.0818454996 0
-0.0425316021 -0.0818034559 0
-0.00224705855 -0.0814203545 0
-0.122754268 -0.081274122 0
-0.08287008849999999 -0.0820686147 0
-0.415999234 -0.07919201250000001 0
-0.381579161 -0.0748587102 0
-0.341950804 -0.08742288500000001 0
-0.319119245 -0.08530327679999999 0
-0.278412133 -0.08144206549999999 0
-0.258917481 -0.08033283049999999 0
-0.161435694 -0.0791214183 0
-0.472487122 -0.10505227 0
0.256461918 -0.08286640050000001 0
0.318938285 -0.08374304320000001 0
0.379224718 -0.0777013451 0
0.415607333 -0.0771136358 0
0.137026802 -0.0809221789 0
0.176194876 -0.0810839683 0
0.195934415 -0.0812368244 0
0.215941653 -0.0814755261 0
0.117289893 -0.08081298319999999 0
0.15661329 -0.081143111 0
0.236094043 -0.082149677 0
0.277177155 -0.0846093968 0
0.298077911 -0.0858106166 0
0.339882791 -0.0815737844 0
0.359948963 -0.0794832781 0
0.397859633 -0.076412484 0
0.432109773 -0.0828129873 0
0.448685735 -0.092795752 0
0.075753212 -0.101484895 0
0.0557561368 -0.102059513 0
0.0359173417 -0.102614924 0
0.0956945047 -0.101622269 0
0.0159939695 -0.10301619 0
0.11527735 -0.102301352 0
-0.397377491 -0.07783801849999999 0
-0.367144257 -0.088626951 0
-0.298090309 -0.0833709612 0
-0.200337872 -0.09863037619999999 0
-0.21885328 -0.09892425689999999 0
-0.18187283 -0.0977715552 0
-0.434422225 -0.0812884495 0
-0.106182195 -0.104892224 0
-0.0242696553 -0.103885174 0
-0.0446307808 -0.104614235 0
-0.08586321030000001 -0.105457388 0
-0.12644203 -0.10389293 0
-0.06511268019999999 -0.105166934 0
-0.145689055 -0.101519272 0
-0.163340643 -0.09789989139999999 0
-0.23776263 -0.099455364 0
-0.338522077 -0.115702689 0
-0.256322116 -0.10120821 0
-0.00407435466 -0.103709199 0
0.418813199 -0.0986522809 0
0.397742271 -0.0922142416 0
0.252526253 -0.1058909 0
0.212309584 -0.103968374 0
0.192341313 -0.104215957 0
0.273252606 -0.109232336 0
0.320911765 -0.107111856 0
0.34232372 -0.102683946 0
0.380523682 -0.09517564620000001 0
0.232309997 -0.104792736 0
0.172806621 -0.104274742 0
0.15369308 -0.103950769 0
0.297904164 -0.116075009 0
0.362232178 -0.09897334870000001 0
0.428666949 -0.112228334 0
0.134589821 -0.103278205 0
0.46945259 -0.110888988 0
-0.411913127 -0.0989815295 0
0.07460499549999999 -0.122705288 0
0.0345189869 -0.125521779 0
0.0545337796 -0.124148242 0
0.0147398924 -0.125232056 0
0.09377242619999999 -0.123138353 0
-0.00542884553 -0.127287924 0
-0.199170411 -0.119690679 0
-0.21721521 -0.119145781 0
-0.181177408 -0.116874449 0
-0.131077215 -0.127389789 0
-0.109915875 -0.129914075 0
-0.0461721793 -0.129090324 0
-0.153852567 -0.125061169 0
-0.0667753816 -0.128979772 0
-0.0885961056 -0.131090179 0
-0.166090339 -0.113361157 0
-0.234963834 -0.118861131 0
-0.251624823 -0.122507848 0
0.112385094 -0.124814384 0
-0.0254358575 -0.127300769 0
0.188759044 -0.129383489 0
0.168846637 -0.129991427 0
0.209063768 -0.128475145 0
0.2286672 -0.12831986 0
0.149858654 -0.129090652 0
0.248147339 -0.129130483 0
0.266228557 -0.132991135 0
0.316227257 -0.145300224 0
0.3464261 -0.123996772 0
0.379398167 -0.140497699 0
0.131228372 -0.127070695 0
-0.31478706 -0.110401563 0
-0.436272234 -0.107960358 0
-0.449050874 -0.118623495 0
-0.367599219 -0.126455709 0
0.437626481 -0.131681964 0
0.409618139 -0.140805781 0
0.09073735030000001 -0.144930616 0
0.0318898484 -0.152542442 0
-0.232055888 -0.134515703 0
-0.196568355 -0.144934669 0
-0.135222897 -0.150460809 0
-0.0468119048 -0.159751192 0
-0.15466474 -0.148551583 0
0.260239989 -0.164158478 0
0.164128304 -0.159461841 0
0.293380171 -0.17444025 0
-0.00580976577 -0.156512246 0
0.126097396 -0.151690036 0
-0.413921267 -0.126558542 0
-0.328458905 -0.140409112 0
-0.274515986 -0.10384129 0
-0.349528015 -0.153568953 0
0.351759881 -0.172270343 0
0.318618536 -0.183061182 0
-0.333783478 -0.167339042 0
-0.441113621 -0.144536555 0
-0.393654108 -0.154271141 0
0.292371094 -0.211694032 0
-0.286774576 -0.130766243 0
0.07354205849999999 -0.143089011 0
-0.257962167 -0.152474642 0
-0.0889976844 -0.161422387 0
0.226948202 -0.154064983 0
0.107703857 -0.148169219 0
0.336992621 -0.211675242 0
-0.00337611185 -0.200795993 0
0.273395419 -0.189953938 0
-0.17049475 -0.148092017 0
-0.129007757 -0.185398072 0
-0.0261532348 -0.181840271 0
0.143847302 -0.157626539 0
-0.448047906 -0.361545205 0
-0.455605984 -0.317959696 0
-0.465123922 -0.189018279 0
-0.462823182 -0.231938973 0
-0.460306674 -0.275001049 0
-0.426925808 -0.452901721 0
-0.424723893 -0.182535723 0
0.0366272852 -0.188651815 0
0.187246516 -0.187728658 0
0.0589350164 -0.166444242 0
-0.103470221 -0.184740975 0
-0.06846610459999999 -0.18379423 0
0.118219182 -0.173072204 0
0.208178952 -0.176860511 0
0.36315757 -0.199747011 0
0.312846452 -0.235824838 0
-0.299318105 -0.15677543 0
-0.198295265 -0.188920036 0
-0.162100241 -0.194625631 0
-0.0246460605 -0.229336455 0
-0.366503626 -0.182237729 0
-0.437883586 -0.40673089 0
-0.402278423 -0.349474549 0
-0.422037065 -0.268937945 0
-0.426025957 -0.228674114 0
-0.415005475 -0.309025466 0
0.440141648 -0.165292025 0
0.380865604 -0.165947661 0
0.454410315 -0.299123228 0
0.445268989 -0.34738335 0
0.435587972 -0.39737919 0
0.427431315 -0.448631287 0
0.461957723 -0.252621621 0
-0.2741943 -0.187123805 0
0.0236531589 -0.21747978 0
0.129730433 -0.192381173 0
-0.122267753 -0.2181191 0
0.286919326 -0.263395518 0
0.352644324 -0.233800679 0
-0.0484154336 -0.206472903 0
-0.238978505 -0.183906317 0
0.382674307 -0.187893778 0
-0.334735453 -0.187197372 0
-0.09211035820000001 -0.204660609 0
-0.199938565 -0.23082687 0
-0.384544611 -0.263622969 0
-0.379169017 -0.298835069 0
-0.363774121 -0.333696634 0
-0.382963866 -0.3914617 0
0.410056442 -0.166615397 0
0.0665235743 -0.19163233 0
0.394013286 -0.33461681 0
0.410622984 -0.288377047 0
0.423467785 -0.245048448 0
0.467720777 -0.206958532 0
0.09609952569999999 -0.198913157 0
-0.470833153 -0.148186505 0
-0.389988542 -0.228198498 0
-0.31124422 -0.183166504 0
0.00482664863 -0.250807226 0
-0.158838674 -0.228567705 0
-0.356113702 -0.222642258 0
-0.10804826 -0.250773847 0
-0.0749890804 -0.230587304 0
0.236951768 -0.25557974 0
-0.238797322 -0.222931072 0
0.200059086 -0.221732855 0
0.0547433943 -0.228673667 0
0.434716195 -0.204581663 0
-0.351000428 -0.291048676 0
-0.342559576 -0.261151582 0
-0.342663676 -0.367414057 0
0.0890857056 -0.235629171 0
0.371275783 -0.274487317 0
0.349839687 -0.316238403 0
-0.265262514 -0.214324355 0
0.125547007 -0.236138836 0
0.384301692 -0.231939763 0
-0.148362547 -0.268382192 0
-0.201895863 -0.284397453 0
0.0395672582 -0.26743412 0
-0.0845435709 -0.286633313 0
0.248264045 -0.20908615 0
0.255116969 -0.290184736 0
0.161755502 -0.2327106 0
-0.283162892 -0.230370551 0
-0.330711573 -0.314092934 0
0.07940530780000001 -0.27783528 0
0.374077588 -0.385226637 0
-0.256944537 -0.263938695 0
0.122180261 -0.280775845 0
-0.0512325764 -0.259115964 0
-0.167743802 -0.330821037 0
-0.123555109 -0.31115067 0
0.203418314 -0.267466187 0
0.0202970076 -0.310064286 0
-0.274711281 -0.308445483 0
-0.320849746 -0.397759885 0
0.338272214 -0.259483725 0
-0.326232761 -0.214808166 0
0.0678861737 -0.32463935 0
0.31976971 -0.3628214 0
-0.0192843862 -0.287305981 0
0.216469511 -0.311700195 0
0.119780473 -0.329584241 0
-0.266494006 -0.385957867 0
0.0543400496 -0.377309233 0
-0.203021392 -0.35156706 0
-0.347021431 -0.440783143 0
0.281908154 -0.327852577 0
0.274117023 -0.422076017 0
0.164584011 -0.276804119 0
0.314772338 -0.292671144 0
-0.14316158 -0.382356316 0
0.238232613 -0.360949397 0
-0.268800765 -0.446109235 0
0.117930107 -0.383022696 0
-0.00502681127 -0.359380454 0
-0.0899545625 -0.35999772 0
0.354485184 -0.440950871 0
-0.202243209 -0.393845558 0
0.180674002 -0.378484547 0
0.116467491 -0.439904302 0
-0.123636782 -0.439212173 0
0.0415827408 -0.435980946 0
-0.0426337756 -0.421091884 0
0.191037983 -0.43673709 0
-0.0501308329 -0.325539827 0
-0.19676277 -0.44627744 0
-0.451890498 -0.0888591111 0
0.470816433 -0.160953358 0
-0.427661389 -0.09695394340000001 0
-0.391985744 -0.096085377 0
0.41114524 -0.0895099714 0
-0.293581456 -0.107031554 0
0.404233605 -0.198149398 0
0.170815691 -0.325417221 0
-0.393289775 -0.197718471 0
-0.390543967 -0.116325445 0
0.407470196 -0.122044012 0
-0.302953094 -0.34384051 0
0.26649943 -0.235712677 0
0.402106464 -0.106607363 0
0.389978588 -0.124477439 0
-0.307111055 -0.134526476 0
-0.268105298 -0.127176061 0
0.283614874 -0.135133982 0
-0.236810908 -0.332041562 0
0.327947587 -0.12534298 0
0.36743632 -0.118909344 0
0.384408504 -0.111650333 0
0.227744669 -0.228958771 0
-0.308642864 -0.288504213 0
-0.310847104 -0.242751881 0
-0.278374851 -0.156388372 0
0.348389834 -0.146922976 0
-0.318303883 -0.161659449 0
0.289174825 -0.154943809 0
0.244689032 -0.15027234 0
0.207649693 -0.154539898 0
0.186118394 -0.157872438 0
0.229213864 -0.186583892 0
-0.242758006 -0.143100053 0
-0.217707261 -0.139593005 0
-0.176148549 -0.134145111 0
0.0545891523 -0.145960584 0
0.0142524652 -0.14502719 0
-0.0255044252 -0.148230761 0
-0.06708924469999999 -0.150351986 0
-0.115150906 -0.15625529 0
0.0140814194 -0.175574467 0
-0.299567908 -0.204695523 0
-0.293376505 -0.266066968 0
0.160018429 -0.193675786 0
-0.180937871 -0.163365349 0
-0.295688331 -0.175879121 0
-0.226377875 -0.15913336 0
0.0429039635 -0.169281721 0
0.101021759 -0.172521606 0
0.0724704266 -0.159666792 0
-0.141519114 -0.169197023 0
-0.160157546 -0.170055762 0
0.0838272274 -0.167311206 0
-0.20788826 -0.164396137 0
</DataArray>
</Points>
<Cells>
<DataArray type="Int32" Name="connectivity" format="ascii">
0 1 7 6 
1 2 8 7 
2 3 9 8 
3 4 10 9 
4 5 11 10 
6 7 13 12 
7 8 14 13 
8 9 15 14 
9 10 16 15 
10 11 17 16 
12 13 19 18 
13 14 20 19 
14 15 21 20 
15 16 22 21 
16 17 23 22 
18 19 25 24 
19 20 26 25 
20 21 27 26 
21 22 28 27 
22 23 29 28 
24 25 31 30 
25 26 32 31 
26 27 33 32 
27 28 34 33 
28 29 35 34 
30 31 37 36 
31 32 38 37 
32 33 39 38 
33 34 40 39 
34 35 41 40 
36 37 43 42 
37 38 44 43 
38 39 45 44 
39 40 46 45 
40 41 47 46 
47 41 94 69 
41 35 95 94 
35 29 96 95 
29 23 97 96 
23 17 98 97 
17 11 99 98 
11 5 83 99 
69 94 100 68 
94 95 101 100 
95 96 102 101 
96 97 103 102 
97 98 104 103 
98 99 105 104 
99 83 84 105 
68 100 106 67 
100 101 107 106 
101 102 108 107 
102 103 109 108 
103 104 110 109 
104 105 111 110 
105 84 85 111 
67 106 112 66 
106 107 113 112 
107 108 114 113 
108 109 115 114 
109 110 116 115 
110 111 117 116 
111 85 76 117 
66 112 118 65 
112 113 119 118 
113 114 120 119 
114 115 121 120 
115 116 122 121 
116 117 123 122 
117 76 82 123 
65 118 124 64 
118 119 125 124 
119 120 126 125 
120 121 127 126 
121 122 128 127 
122 123 129 128 
123 82 86 129 
64 124 130 63 
124 125 131 130 
125 126 132 131 
126 127 133 132 
127 128 134 133 
128 129 135 134 
129 86 87 135 
63 130 136 62 
130 131 137 136 
131 132 138 137 
132 133 139 138 
133 134 140 139 
134 135 141 140 
135 87 88 141 
62 136 142 61 
136 137 143 142 
137 138 144 143 
138 139 145 144 
139 140 146 145 
140 141 147 146 
141 88 89 147 
61 142 148 60 
142 143 149 148 
143 144 150 149 
144 145 151 150 
145 146 152 151 
146 147 153 152 
147 89 77 153 
60 148 154 59 
148 149 155 154 
149 150 156 155 
150 151 157 156 
151 152 158 157 
152 153 159 158 
153 77 81 159 
59 154 160 58 
154 155 161 160 
155 156 162 161 
156 157 163 162 
157 158 164 163 
158 159 165 164 
159 81 90 165 
58 160 166 57 
160 161 167 166 
161 162 168 167 
162 163 169 168 
163 164 170 169 
164 165 171 170 
165 90 91 171 
57 166 172 56 
166 167 173 172 
167 168 174 173 
168 169 175 174 
169 170 176 175 
170 171 177 176 
171 91 92 177 
56 172 178 55 
172 173 179 178 
173 174 180 179 
174 175 181 180 
175 176 182 181 
176 177 183 182 
177 92 93 183 
55 178 184 54 
178 179 185 184 
179 180 186 185 
180 181 187 186 
181 182 188 187 
182 183 189 188 
183 93 74 189 
54 184 190 53 
184 185 191 190 
185 186 192 191 
186 187 193 192 
187 188 194 193 
188 189 195 194 
189 74 71 195 
53 190 196 52 
190 191 197 196 
191 192 198 197 
192 193 199 198 
193 194 200 199 
194 195 201 200 
195 71 80 201 
52 196 202 51 
196 197 203 202 
197 198 204 203 
198 199 205 204 
199 200 206 205 
200 201 207 206 
201 80 79 207 
51 202 50 70 
202 203 49 50 
203 204 48 49 
204 205 72 48 
205 206 73 72 
206 207 78 73 
207 79 75 78 
24 30 312 227 
30 36 313 312 
36 42 283 313 
227 312 314 226 
312 313 315 314 
313 283 292 315 
226 314 316 225 
314 315 317 316 
315 292 296 317 
225 316 318 224 
316 317 319 318 
317 296 300 319 
224 318 320 223 
318 319 321 320 
319 300 278 321 
223 320 322 222 
320 321 323 322 
321 278 289 323 
222 322 324 221 
322 323 325 324 
323 289 282 325 
221 324 326 220 
324 325 327 326 
325 282 301 327 
220 326 328 219 
326 327 329 328 
327 301 297 329 
219 328 330 218 
328 329 331 330 
329 297 286 331 
218 330 332 217 
330 331 333 332 
331 286 294 333 
217 332 334 216 
332 333 335 334 
333 294 295 335 
216 334 336 215 
334 335 337 336 
335 295 287 337 
215 336 338 214 
336 337 339 338 
337 287 293 339 
214 338 340 213 
338 339 341 340 
339 293 298 341 
213 340 342 212 
340 341 343 342 
341 298 299 343 
212 342 344 211 
342 343 345 344 
343 299 288 345 
211 344 346 210 
344 345 347 346 
345 288 291 347 
210 346 348 209 
346 347 349 348 
347 291 290 349 
209 348 350 208 
348 349 351 350 
349 290 284 351 
208 350 352 311 
350 351 353 352 
351 284 302 353 
311 352 354 310 
352 353 355 354 
353 302 303 355 
310 354 356 309 
354 355 357 356 
355 303 304 357 
309 356 358 308 
356 357 359 358 
357 304 305 359 
308 358 307 280 
358 359 306 307 
359 305 279 306 
0 6 360 277 
6 12 361 360 
12 18 228 361 
277 360 362 276 
360 361 363 362 
361 228 229 363 
276 362 364 275 
362 363 365 364 
363 229 230 365 
275 364 366 274 
364 365 367 366 
365 230 231 367 
274 366 368 273 
366 367 369 368 
367 231 232 369 
273 368 370 272 
368 369 371 370 
369 232 233 371 
272 370 372 271 
370 371 373 372 
371 233 234 373 
271 372 374 270 
372 373 375 374 
373 234 235 375 
270 374 376 269 
374 375 377 376 
375 235 236 377 
269 376 378 268 
376 377 379 378 
377 236 237 379 
268 378 380 267 
378 379 381 380 
379 237 238 381 
267 380 382 266 
380 381 383 382 
381 238 239 383 
266 382 384 265 
382 383 385 384 
383 239 240 385 
265 384 386 264 
384 385 387 386 
385 240 241 387 
264 386 388 263 
386 387 389 388 
387 241 242 389 
263 388 390 262 
388 389 391 390 
389 242 243 391 
262 390 392 261 
390 391 393 392 
391 243 244 393 
261 392 394 260 
392 393 395 394 
393 244 245 395 
260 394 396 259 
394 395 397 396 
395 245 246 397 
259 396 398 258 
396 397 399 398 
397 246 247 399 
258 398 400 257 
398 399 401 400 
399 247 248 401 
257 400 402 256 
400 401 403 402 
401 248 249 403 
256 402 404 255 
402 403 405 404 
403 249 250 405 
255 404 406 254 
404 405 407 406 
405 250 251 407 
254 406 253 285 
406 407 252 253 
407 251 281 252 
24 227 228 18 
227 226 229 228 
226 225 230 229 
225 224 231 230 
224 223 232 231 
223 222 233 232 
222 221 234 233 
221 220 235 234 
220 219 236 235 
219 218 237 236 
218 217 238 237 
217 216 239 238 
216 215 240 239 
215 214 241 240 
214 213 242 241 
213 212 243 242 
212 211 244 243 
211 210 245 244 
210 209 246 245 
209 208 247 246 
208 311 248 247 
311 310 249 248 
310 309 250 249 
309 308 251 250 
308 280 281 251 
467 67 66 466 
68 468 470 69 
440 43 44 442 
297 456 446 286 
70 434 515 51 
733 515 550 519 
53 512 501 54 
54 501 509 55 
574 739 549 564 
502 57 56 471 
740 58 57 502 
58 740 472 59 
475 507 510 465 
473 61 60 503 
506 504 541 542 
63 464 475 64 
465 65 64 475 
65 465 466 66 
46 443 439 45 
435 413 596 412 
703 596 413 414 
410 411 614 591 
569 565 514 551 
514 565 749 548 
519 550 573 564 
424 433 425 622 
645 621 620 646 
485 448 447 486 
500 450 453 480 
479 481 524 520 
770 607 626 604 
643 615 591 614 
305 517 432 279 
302 483 462 303 
497 460 459 742 
449 487 496 457 
485 486 527 534 
620 427 428 623 
427 620 621 426 
426 621 622 425 
43 440 441 42 
42 441 453 283 
292 450 451 296 
296 451 452 300 
444 289 278 454 
289 444 455 282 
282 455 445 301 
301 445 456 297 
286 446 447 294 
294 447 448 295 
449 287 295 448 
293 457 458 298 
298 458 482 299 
459 288 299 482 
460 291 288 459 
484 290 291 460 
284 461 483 302 
303 462 463 304 
463 517 305 304 
469 47 69 470 
45 439 442 44 
443 46 47 469 
522 476 479 520 
477 440 442 476 
480 453 441 478 
450 292 283 453 
476 442 439 479 
481 443 469 516 
454 278 300 452 
527 486 495 533 
581 580 600 632 
495 446 456 494 
556 537 535 536 
448 485 487 449 
287 449 457 293 
450 500 488 451 
451 488 490 452 
440 477 478 441 
452 490 493 454 
491 444 454 493 
455 489 492 445 
445 492 494 456 
553 567 571 498 
741 483 461 518 
290 484 461 284 
498 571 517 463 
498 463 462 553 
464 63 62 474 
474 62 61 473 
516 538 524 481 
506 468 467 504 
67 467 468 68 
443 481 479 439 
516 469 470 511 
468 506 511 470 
471 56 55 509 
769 561 587 783 
59 472 503 60 
750 513 566 546 
466 505 504 467 
508 464 474 513 
507 475 464 508 
578 522 520 776 
522 521 477 476 
477 521 523 478 
599 767 554 584 
555 523 521 775 
552 482 458 499 
741 553 462 483 
518 461 484 751 
484 460 497 751 
486 447 446 495 
580 527 533 778 
489 455 444 491 
526 492 489 528 
485 534 536 487 
457 496 499 458 
494 529 533 495 
500 480 525 539 
493 532 753 491 
492 526 529 494 
500 539 530 488 
531 490 488 530 
537 499 496 535 
571 605 735 517 
482 552 742 459 
535 496 487 536 
523 525 480 478 
512 53 52 733 
512 733 519 738 
549 739 509 501 
505 466 465 510 
538 554 777 524 
513 474 473 566 
750 507 508 513 
503 548 566 473 
557 561 543 544 
472 514 548 503 
540 505 510 543 
510 507 544 543 
51 515 733 52 
544 507 750 545 
740 502 471 551 
565 569 748 572 
734 550 515 434 
511 547 538 516 
553 741 518 567 
549 738 519 564 
748 745 619 572 
775 521 522 578 
778 533 529 558 
541 504 505 540 
773 538 547 542 
528 489 491 753 
580 581 534 527 
493 490 531 532 
559 530 539 562 
779 558 529 526 
772 559 562 764 
530 559 781 531 
536 534 581 556 
582 598 752 568 
752 598 625 606 
582 568 537 556 
540 543 561 769 
782 562 539 525 
541 540 769 560 
511 506 542 547 
541 560 773 542 
566 548 749 546 
546 579 545 750 
672 626 653 747 
551 739 574 569 
672 761 604 626 
773 560 590 563 
739 551 471 509 
434 436 650 734 
595 594 438 408 
575 572 633 607 
740 551 514 472 
499 537 568 552 
571 567 577 605 
531 781 780 532 
523 555 782 525 
675 679 693 683 
588 587 561 557 
557 544 545 766 
528 753 585 586 
585 610 608 586 
589 585 780 781 
558 779 586 601 
528 586 779 526 
613 587 611 759 
773 563 554 538 
766 774 588 557 
590 560 769 783 
603 765 775 578 
559 772 589 781 
573 597 743 564 
546 749 575 579 
606 625 635 577 
742 552 576 497 
594 593 437 438 
408 409 592 595 
570 751 497 576 
576 552 568 752 
591 592 409 410 
573 650 593 597 
436 437 593 650 
432 517 735 431 
565 572 575 749 
582 602 644 598 
429 624 623 428 
752 606 570 576 
584 554 563 590 
657 599 627 654 
768 604 761 630 
579 770 766 545 
601 771 778 558 
771 649 652 600 
556 581 602 582 
623 648 646 620 
755 609 637 662 
764 562 782 765 
639 612 613 759 
636 655 608 610 
771 601 628 649 
590 613 612 584 
592 591 615 618 
640 642 665 666 
763 762 589 772 
763 583 756 609 
596 703 643 614 
640 641 616 618 
650 573 550 734 
594 595 616 617 
597 617 651 743 
659 619 651 641 
411 412 596 614 
593 594 617 597 
570 606 577 567 
584 612 627 599 
698 696 683 693 
608 628 601 586 
727 645 684 705 
610 762 755 636 
579 575 607 770 
431 735 647 430 
745 743 651 619 
585 589 762 610 
655 664 628 608 
756 757 629 660 
756 660 637 609 
728 705 711 731 
611 587 588 768 
709 673 654 639 
759 611 638 663 
639 759 663 709 
692 702 685 681 
633 572 619 659 
618 616 595 592 
685 672 747 681 
607 633 653 626 
424 622 727 423 
622 621 645 727 
624 429 430 647 
656 635 625 669 
631 605 577 635 
746 632 667 687 
629 758 634 658 
660 674 691 637 
723 708 726 720 
611 768 630 638 
624 647 631 677 
649 628 664 754 
602 581 632 746 
654 627 612 639 
670 648 677 656 
664 655 676 713 
658 634 657 678 
658 674 660 629 
760 630 761 661 
719 718 417 418 
712 690 704 720 
618 615 642 640 
617 616 641 651 
615 643 668 642 
680 760 661 695 
708 703 414 415 
652 667 632 600 
625 598 644 669 
671 683 696 684 
648 623 624 677 
605 631 647 735 
635 656 677 631 
667 754 686 687 
670 675 683 671 
653 633 659 666 
662 707 636 755 
655 636 707 676 
644 602 746 679 
673 678 657 654 
719 721 699 710 
641 640 666 659 
672 685 661 761 
717 697 715 722 
760 680 638 630 
712 710 700 690 
754 664 713 686 
642 668 682 665 
695 702 725 704 
656 669 675 670 
694 668 643 703 
671 646 648 670 
423 727 705 422 
645 646 671 684 
747 653 666 665 
674 658 678 689 
689 688 699 706 
679 675 669 644 
662 697 717 707 
714 716 731 711 
678 673 688 689 
754 667 652 649 
663 638 680 690 
692 681 682 701 
668 694 701 682 
716 714 713 676 
695 661 685 702 
711 705 684 696 
698 693 687 686 
679 746 687 693 
673 709 700 688 
699 721 715 706 
706 691 674 689 
718 719 710 712 
662 637 691 697 
665 682 681 747 
701 694 723 725 
690 680 695 704 
711 696 698 714 
717 722 737 732 
713 714 698 686 
688 700 710 699 
721 729 722 715 
663 690 700 709 
708 723 694 703 
702 692 701 725 
697 691 706 715 
724 730 728 731 
718 712 720 726 
732 676 707 717 
737 736 730 724 
719 418 729 721 
723 720 704 725 
737 724 744 732 
726 708 415 416 
416 417 718 726 
716 744 724 731 
728 421 422 705 
729 418 419 736 
730 420 421 728 
736 419 420 730 
722 729 736 737 
738 549 501 512 
564 743 745 574 
744 716 676 732 
569 574 745 748 
567 518 751 570 
585 753 532 780 
757 756 583 764 
757 603 758 629 
609 755 762 763 
772 764 583 763 
757 764 765 603 
555 775 765 782 
599 657 634 767 
758 603 767 634 
767 603 578 776 
768 588 774 604 
774 766 770 604 
771 600 580 778 
777 776 520 524 
767 776 777 554 
613 590 783 587 
828 276 275 827 
2 816 818 3 
89 851 852 77 
815 858 861 819 
285 785 839 254 
1029 839 785 805 
870 256 255 1102 
1105 865 833 864 
864 258 257 832 
259 258 864 833 
865 260 259 833 
834 261 260 865 
261 834 835 262 
866 1107 952 836 
836 264 263 866 
940 1135 1149 1136 
266 820 821 267 
267 821 822 268 
823 269 268 822 
838 270 269 823 
271 824 830 272 
825 273 272 830 
273 825 831 274 
1 817 816 2 
800 803 978 798 
1081 978 803 809 
796 797 994 973 
953 951 880 935 
865 935 880 834 
832 900 1105 864 
811 801 799 1004 
1001 1025 1024 1002 
1005 810 795 1027 
892 850 847 886 
845 76 85 849 
4 815 819 5 
860 816 817 862 
875 830 824 877 
867 822 821 868 
879 820 837 881 
962 1127 1006 1013 
1021 995 973 994 
79 899 784 75 
856 843 1106 883 
937 1112 1116 930 
90 853 854 91 
1123 1122 930 1116 
1002 1003 802 814 
802 1003 1004 799 
5 819 848 83 
84 844 849 85 
76 845 846 82 
82 846 847 86 
840 88 87 850 
88 840 851 89 
81 841 853 90 
92 842 855 93 
93 855 843 74 
74 843 856 71 
71 856 857 80 
857 899 79 80 
829 0 277 826 
817 1 0 829 
815 4 3 818 
861 858 901 905 
826 277 276 828 
862 817 829 882 
859 860 902 903 
859 818 816 860 
898 844 848 863 
844 84 83 848 
820 266 265 837 
837 265 264 836 
869 867 907 909 
822 867 869 823 
270 838 824 271 
828 873 872 826 
827 275 274 831 
818 859 858 815 
882 829 826 872 
878 838 823 869 
825 871 874 831 
876 827 831 874 
832 257 256 870 
935 865 1105 1111 
917 908 868 879 
262 835 866 263 
881 837 836 952 
254 839 1102 255 
1104 870 1102 933 
850 87 86 847 
888 851 840 885 
841 889 890 853 
841 81 77 852 
842 92 91 854 
936 899 857 897 
887 846 845 893 
893 845 849 894 
886 847 846 887 
819 861 863 848 
922 946 1133 921 
927 926 1131 945 
923 924 892 886 
1106 884 1115 883 
853 890 896 854 
884 855 842 891 
856 883 897 857 
964 924 923 1132 
860 862 904 902 
873 828 827 876 
862 882 906 904 
887 893 922 921 
1138 961 901 903 
894 849 844 898 
933 934 957 950 
950 1111 1105 900 
868 821 820 879 
878 916 913 877 
879 881 918 917 
830 875 871 825 
877 824 838 878 
872 873 912 920 
871 875 910 911 
911 915 874 871 
909 916 878 869 
1138 903 902 939 
1136 941 907 908 
932 835 834 880 
908 907 867 868 
951 953 956 1129 
970 1142 942 1153 
902 904 1139 939 
842 854 896 891 
936 897 1112 937 
851 888 895 852 
954 1128 928 955 
1133 981 986 1132 
885 840 850 892 
921 923 886 887 
894 898 931 925 
852 895 889 841 
895 888 927 1119 
938 905 901 961 
898 863 919 931 
885 892 924 926 
888 885 926 927 
895 928 1121 889 
890 929 1122 896 
863 861 905 919 
900 1104 933 950 
958 993 953 935 
858 859 903 901 
961 1138 982 1152 
882 872 920 906 
876 874 915 914 
980 1143 967 1007 
938 965 919 905 
942 910 913 944 
1137 913 916 909 
1107 932 1117 960 
910 875 877 913 
943 912 914 1141 
914 912 873 876 
1141 963 984 943 
963 1141 914 915 
1142 911 910 942 
915 911 1142 963 
907 941 1137 909 
941 1147 969 1137 
1144 1006 1148 1031 
893 894 925 922 
943 1140 920 912 
1134 1055 968 945 
925 931 949 972 
945 1131 964 1134 
1131 926 924 964 
986 1134 964 1132 
966 955 959 988 
1130 945 968 947 
1121 929 890 889 
966 987 954 955 
1122 929 1128 930 
999 936 937 1022 
1116 1112 1115 1123 
919 965 949 931 
835 932 1107 866 
880 951 1117 932 
934 933 1102 839 
977 976 807 808 
1129 989 1117 951 
784 899 1103 813 
1103 899 936 999 
1000 954 987 1014 
985 949 965 1151 
971 948 1140 943 
974 973 995 998 
940 1136 908 917 
944 913 1137 969 
963 983 1016 984 
948 906 920 1140 
1147 990 991 1154 
789 1001 1002 814 
946 922 925 972 
955 928 1130 947 
939 1143 980 1150 
1143 939 1139 948 
950 957 979 958 
1107 960 1118 952 
918 881 952 1118 
976 975 806 807 
808 788 974 977 
1011 966 988 1071 
1128 954 1000 930 
959 955 947 968 
973 974 788 796 
962 1135 918 1118 
957 1029 975 979 
805 806 975 1029 
1025 1046 1047 1024 
1118 960 1127 962 
989 1127 960 1117 
938 961 1152 1155 
1019 1020 1059 1042 
1135 940 917 918 
983 963 1142 970 
1150 982 1138 939 
810 1005 1001 789 
992 1032 1007 967 
991 990 1017 1033 
942 944 1154 1153 
970 1009 1016 983 
984 1012 971 943 
948 971 967 1143 
985 1008 972 949 
1146 946 972 1008 
978 1081 1021 994 
997 996 1018 1030 
1029 957 934 839 
1110 993 958 979 
1144 1058 1048 1006 
797 798 978 994 
975 976 997 979 
1134 1039 1124 1055 
1023 982 1150 980 
1152 982 1023 1155 
991 970 1153 1154 
1045 1060 1063 1049 
968 1055 1114 959 
1026 1050 1046 1025 
1074 1047 1085 1082 
1047 1074 1061 1024 
993 1015 956 953 
962 1013 1149 1135 
1016 1009 1035 1036 
984 1016 1036 1012 
1009 970 991 1033 
1060 1053 1068 1073 
992 967 971 1012 
976 977 996 997 
979 997 1030 1110 
998 996 977 974 
1058 1062 1038 1048 
813 1103 1027 795 
1000 1022 937 930 
1071 988 1010 1085 
811 1004 1092 787 
1024 1061 1003 1002 
999 1041 1027 1103 
1031 1129 956 1015 
1032 1053 1040 1007 
980 1007 1040 1023 
1035 1009 1033 1051 
1114 1010 988 959 
1026 1025 1001 1005 
987 966 1011 1050 
1014 1108 1022 1000 
1030 1034 993 1110 
1019 1018 996 998 
990 1013 1038 1017 
1017 1052 1051 1033 
1034 1030 1018 1043 
998 995 1020 1019 
995 1021 1044 1020 
1120 1052 1062 1069 
1088 1081 809 794 
1061 1092 1004 1003 
1041 1026 1005 1027 
1050 1026 1041 1108 
1041 999 1022 1108 
1028 1045 1049 1008 
1008 985 1151 1028 
1129 1031 1148 989 
1034 1072 1015 993 
1064 992 1012 1036 
1079 1097 1095 1089 
1052 1017 1038 1062 
1075 1064 1054 1100 
1018 1019 1042 1043 
1054 1035 1051 1066 
1036 1035 1054 1064 
1008 1049 1057 1146 
1076 1087 1082 1056 
1013 1006 1048 1038 
946 1146 981 1133 
1040 1053 1060 1045 
1023 1040 1045 1028 
1043 1126 1072 1034 
1059 1020 1044 1113 
1044 1021 1081 1070 
1073 1077 1063 1060 
1037 1056 1010 1114 
787 1092 1083 792 
1144 1072 1126 1058 
1084 1057 1049 1063 
1124 1037 1114 1055 
1014 987 1050 1108 
1050 1011 1071 1046 
1066 1091 1100 1054 
1086 1065 1080 1093 
1064 1075 1032 992 
1073 1068 1090 1079 
1065 1066 1051 1052 
1067 1039 1057 1084 
1146 1057 1039 981 
1125 1043 1042 1059 
1069 1062 1145 1125 
1078 1113 1044 1070 
1085 1047 1046 1071 
1092 1061 1074 1083 
1145 1062 1058 1126 
1076 1109 1094 1087 
1100 1091 1098 1090 
1087 1083 1074 1082 
1084 1063 1077 1109 
1037 1067 1076 1056 
1075 1068 1053 1032 
1125 1145 1126 1043 
1113 1078 1120 1069 
1093 1078 1088 1101 
1031 1015 1072 1144 
1099 1094 1089 1095 
1052 1120 1080 1065 
1076 1067 1084 1109 
1073 1079 1089 1077 
1059 1113 1069 1125 
1090 1068 1075 1100 
791 786 1095 1097 
1093 1101 1096 1086 
793 792 1083 1099 
1085 1010 1056 1082 
1098 1096 790 812 
1066 1065 1086 1091 
1070 1081 1088 1078 
1087 1094 1099 1083 
812 791 1097 1098 
1090 1098 1097 1079 
1078 1093 1080 1120 
804 790 1096 1101 
1089 1094 1109 1077 
786 793 1099 1095 
1091 1086 1096 1098 
1101 1088 794 804 
1104 900 832 870 
1106 843 855 884 
958 935 1111 950 
1112 897 883 1115 
1123 1115 884 891 
928 895 1119 1130 
1130 1119 927 945 
929 1121 928 1128 
896 1122 1123 891 
1124 1039 1067 1037 
1127 989 1148 1006 
1132 923 921 1133 
986 981 1039 1134 
1139 904 906 948 
941 1136 1149 1156 
990 1156 1149 1013 
1147 941 1156 990 
1028 1151 1155 1023 
1155 1151 965 938 
1154 944 969 1147 
</DataArray>
<DataArray type="Int32" Name="offsets" format="ascii">
4 8 12 16 20 24 28 32 36 40 44 48 52 56 60 64 68 72 76 80 84 88 92 96 100 104 108 112 116 120 124 128 132 136 140 144 148 152 156 160 164 168 172 176 180 184 188 192 196 200 204 208 212 216 220 224 228 232 236 240 244 248 252 256 260 264 268 272 276 280 284 288 292 296 300 304 308 312 316 320 324 328 332 336 340 344 348 352 356 360 364 368 372 376 380 384 388 392 396 400 404 408 412 416 420 424 428 432 436 440 444 448 452 456 460 464 468 472 476 480 484 488 492 496 500 504 508 512 516 520 524 528 532 536 540 544 548 552 556 560 564 568 572 576 580 584 588 592 596 600 604 608 612 616 620 624 628 632 636 640 644 648 652 656 660 664 668 672 676 680 684 688 692 696 700 704 708 712 716 720 724 728 732 736 740 744 748 752 756 760 764 768 772 776 780 784 788 792 796 800 804 808 812 816 820 824 828 832 836 840 844 848 852 856 860 864 868 872 876 880 884 888 892 896 900 904 908 912 916 920 924 928 932 936 940 944 948 952 956 960 964 968 972 976 980 984 988 992 996 1000 1004 1008 1012 1016 1020 1024 1028 1032 1036 1040 1044 1048 1052 1056 1060 1064 1068 1072 1076 1080 1084 1088 1092 1096 1100 1104 1108 1112 1116 1120 1124 1128 1132 1136 1140 1144 1148 1152 1156 1160 1164 1168 1172 1176 1180 1184 1188 1192 1196 1200 1204 1208 1212 1216 1220 1224 1228 1232 1236 1240 1244 1248 1252 1256 1260 1264 1268 1272 1276 1280 1284 1288 1292 1296 1300 1304 1308 1312 1316 1320 1324 1328 1332 1336 1340 1344 1348 1352 1356 1360 1364 1368 1372 1376 1380 1384 1388 1392 1396 1400 1404 1408 1412 1416 1420 1424 1428 1432 1436 1440 1444 1448 1452 1456 1460 1464 1468 1472 1476 1480 1484 1488 1492 1496 1500 1504 1508 1512 1516 1520 1524 1528 1532 1536 1540 1544 1548 1552 1556 1560 1564 1568 1572 1576 1580 1584 1588 1592 1596 1600 1604 1608 1612 1616 1620 1624 1628 1632 1636 1640 1644 1648 1652 1656 1660 1664 1668 1672 1676 1680 1684 1688 1692 1696 1700 1704 1708 1712 1716 1720 1724 1728 1732 1736 1740 1744 1748 1752 1756 1760 1764 1768 1772 1776 1780 1784 1788 1792 1796 1800 1804 1808 1812 1816 1820 1824 1828 1832 1836 1840 1844 1848 1852 1856 1860 1864 1868 1872 1876 1880 1884 1888 1892 1896 1900 1904 1908 1912 1916 1920 1924 1928 1932 1936 1940 1944 1948 1952 1956 1960 1964 1968 1972 1976 1980 1984 1988 1992 1996 2000 2004 2008 2012 2016 2020 2024 2028 2032 2036 2040 2044 2048 2052 2056 2060 2064 2068 2072 2076 2080 2084 2088 2092 2096 2100 2104 2108 2112 2116 2120 2124 2128 2132 2136 2140 2144 2148 2152 2156 2160 2164 2168 2172 2176 2180 2184 2188 2192 2196 2200 2204 2208 2212 2216 2220 2224 2228 2232 2236 2240 2244 2248 2252 2256 2260 2264 2268 2272 2276 2280 2284 2288 2292 2296 2300 2304 2308 2312 2316 2320 2324 2328 2332 2336 2340 2344 2348 2352 2356 2360 2364 2368 2372 2376 2380 2384 2388 2392 2396 2400 2404 2408 2412 2416 2420 2424 2428 2432 2436 2440 2444 2448 2452 2456 2460 2464 2468 2472 2476 2480 2484 2488 2492 2496 2500 2504 2508 2512 2516 2520 2524 2528 2532 2536 2540 2544 2548 2552 2556 2560 2564 2568 2572 2576 2580 2584 2588 2592 2596 2600 2604 2608 2612 2616 2620 2624 2628 2632 2636 2640 2644 2648 2652 2656 2660 2664 2668 2672 2676 2680 2684 2688 2692 2696 2700 2704 2708 2712 2716 2720 2724 2728 2732 2736 2740 2744 2748 2752 2756 2760 2764 2768 2772 2776 2780 2784 2788 2792 2796 2800 2804 2808 2812 2816 2820 2824 2828 2832 2836 2840 2844 2848 2852 2856 2860 2864 2868 2872 2876 2880 2884 2888 2892 2896 2900 2904 2908 2912 2916 2920 2924 2928 2932 2936 2940 2944 2948 2952 2956 2960 2964 2968 2972 2976 2980 2984 2988 2992 2996 3000 3004 3008 3012 3016 3020 3024 3028 3032 3036 3040 3044 3048 3052 3056 3060 3064 3068 3072 3076 3080 3084 3088 3092 3096 3100 3104 3108 3112 3116 3120 3124 3128 3132 3136 3140 3144 3148 3152 3156 3160 3164 3168 3172 3176 3180 3184 3188 3192 3196 3200 3204 3208 3212 3216 3220 3224 3228 3232 3236 3240 3244 3248 3252 3256 3260 3264 3268 3272 3276 3280 3284 3288 3292 3296 3300 3304 3308 3312 3316 3320 3324 3328 3332 3336 3340 3344 3348 3352 3356 3360 3364 3368 3372 3376 3380 3384 3388 3392 3396 3400 3404 3408 3412 3416 3420 3424 3428 3432 3436 3440 3444 3448 3452 3456 3460 3464 3468 3472 3476 3480 3484 3488 3492 3496 3500 3504 3508 3512 3516 3520 3524 3528 3532 3536 3540 3544 3548 3552 3556 3560 3564 3568 3572 3576 3580 3584 3588 3592 3596 3600 3604 3608 3612 3616 3620 3624 3628 3632 3636 3640 3644 3648 3652 3656 3660 3664 3668 3672 3676 3680 3684 3688 3692 3696 3700 3704 3708 3712 3716 3720 3724 3728 3732 3736 3740 3744 3748 3752 3756 3760 3764 3768 3772 3776 3780 3784 3788 3792 3796 3800 3804 3808 3812 3816 3820 3824 3828 3832 3836 3840 3844 3848 3852 3856 3860 3864 3868 3872 3876 3880 3884 3888 3892 3896 3900 3904 3908 3912 3916 3920 3924 3928 3932 3936 3940 3944 3948 3952 3956 3960 3964 3968 3972 3976 3980 3984 3988 3992 3996 4000 4004 4008 4012 4016 4020 4024 4028 4032 4036 4040 4044 4048 4052 4056 4060 4064 4068 4072 4076 4080 4084 4088 4092 4096 4100 4104 4108 4112 4116 4120 4124 4128 4132 4136 4140 4144 4148 4152 4156 4160 4164 4168 4172 4176 4180 4184 4188 4192 4196 4200 4204 4208 4212 4216 4220 4224 4228 4232 4236 4240 4244 4248 4252 4256 4260 4264 4268 4272 4276 4280 4284 4288 4292 4296 4300 4304 4308 4312 4316 4320 4324 4328 4332 4336 4340 4344 4348 4352 4356 4360 4364 4368 4372 4376 4380 4384 4388 4392 4396 4400 4404 4408 4412 4416 4420 4424 4428 4432 4436 4440 4444 4448 4452 4456 4460 4464 4468 
</DataArray>
<DataArray type="UInt8" Name="types" format="ascii">
9 9 9 9 9 9 9 9 9 9 9 9 9 9 9 9 9 9 9 9 9 9 9 9 9 9 9 9 9 9 9 9 9 9 9 9 9 9 9 9 9 9 9 9 9 9 9 9 9 9 9 9 9 9 9 9 9 9 9 9 9 9 9 9 9 9 9 9 9 9 9 9 9 9 9 9 9 9 9 9 9 9 9 9 9 9 9 9 9 9 9 9 9 9 9 9 9 9 9 9 9 9 9 9 9 9 9 9 9 9 9 9 9 9 9 9 9 9 9 9 9 9 9 9 9 9 9 9 9 9 9 9 9 9 9 9 9 9 9 9 9 9 9 9 9 9 9 9 9 9 9 9 9 9 9 9 9 9 9 9 9 9 9 9 9 9 9 9 9 9 9 9 9 9 9 9 9 9 9 9 9 9 9 9 9 9 9 9 9 9 9 9 9 9 9 9 9 9 9 9 9 9 9 9 9 9 9 9 9 9 9 9 9 9 9 9 9 9 9 9 9 9 9 9 9 9 9 9 9 9 9 9 9 9 9 9 9 9 9 9 9 9 9 9 9 9 9 9 9 9 9 9 9 9 9 9 9 9 9 9 9 9 9 9 9 9 9 9 9 9 9 9 9 9 9 9 9 9 9 9 9 9 9 9 9 9 9 9 9 9 9 9 9 9 9 9 9 9 9 9 9 9 9 9 9 9 9 9 9 9 9 9 9 9 9 9 9 9 9 9 9 9 9 9 9 9 9 9 9 9 9 9 9 9 9 9 9 9 9 9 9 9 9 9 9 9 9 9 9 9 9 9 9 9 9 9 9 9 9 9 9 9 9 9 9 9 9 9 9 9 9 9 9 9 9 9 9 9 9 9 9 9 9 9 9 9 9 9 9 9 9 9 9 9 9 9 9 9 9 9 9 9 9 9 9 9 9 9 9 9 9 9 9 9 9 9 9 9 9 9 9 9 9 9 9 9 9 9 9 9 9 9 9 9 9 9 9 9 9 9 9 9 9 9 9 9 9 9 9 9 9 9 9 9 9 9 9 9 9 9 9 9 9 9 9 9 9 9 9 9 9 9 9 9 9 9 9 9 9 9 9 9 9 9 9 9 9 9 9 9 9 9 9 9 9 9 9 9 9 9 9 9 9 9 9 9 9 9 9 9 9 9 9 9 9 9 9 9 9 9 9 9 9 9 9 9 9 9 9 9 9 9 9 9 9 9 9 9 9 9 9 9 9 9 9 9 9 9 9 9 9 9 9 9 9 9 9 9 9 9 9 9 9 9 9 9 9 9 9 9 9 9 9 9 9 9 9 9 9 9 9 9 9 9 9 9 9 9 9 9 9 9 9 9 9 9 9 9 9 9 9 9 9 9 9 9 9 9 9 9 9 9 9 9 9 9 9 9 9 9 9 9 9 9 9 9 9 9 9 9 9 9 9 9 9 9 9 9 9 9 9 9 9 9 9 9 9 9 9 9 9 9 9 9 9 9 9 9 9 9 9 9 9 9 9 9 9 9 9 9 9 9 9 9 9 9 9 9 9 9 9 9 9 9 9 9 9 9 9 9 9 9 9 9 9 9 9 9 9 9 9 9 9 9 9 9 9 9 9 9 9 9 9 9 9 9 9 9 9 9 9 9 9 9 9 9 9 9 9 9 9 9 9 9 9 9 9 9 9 9 9 9 9 9 9 9 9 9 9 9 9 9 9 9 9 9 9 9 9 9 9 9 9 9 9 9 9 9 9 9 9 9 9 9 9 9 9 9 9 9 9 9 9 9 9 9 9 9 9 9 9 9 9 9 9 9 9 9 9 9 9 9 9 9 9 9 9 9 9 9 9 9 9 9 9 9 9 9 9 9 9 9 9 9 9 9 9 9 9 9 9 9 9 9 9 9 9 9 9 9 9 9 9 9 9 9 9 9 9 9 9 9 9 9 9 9 9 9 9 9 9 9 9 9 9 9 9 9 9 9 9 9 9 9 9 9 9 9 9 9 9 9 9 9 9 9 9 9 9 9 9 9 9 9 9 9 9 9 9 9 9 9 9 9 9 9 9 9 9 9 9 9 9 9 9 9 9 9 9 9 9 9 9 9 9 9 9 9 9 9 9 9 9 9 9 9 9 9 9 9 9 9 9 9 9 9 9 9 9 9 9 9 9 9 9 9 9 9 9 9 9 9 9 9 9 9 9 9 9 9 9 9 9 9 9 9 9 9 9 9 9 9 9 9 9 9 9 9 9 9 9 9 9 9 9 9 9 9 9 9 9 9 9 9 9 9 9 9 9 9 9 9 9 9 9 9 9 9 9 9 9 9 9 9 9 9 9 9 9 9 9 9 9 9 9 9 9 9 9 9 9 9 9 9 9 9 9 9 9 9 9 9 9 9 9 9 9 9 9 9 9 9 9 9 9 9 9 9 9 9 9 9 9 9 9 9 9 9 9 9 9 9 9 9 9 9 9 9 9 9 9 9 9 9 9 9 9 9 9 9 9 9 9 9 9 9 9 9 9 9 9 9 9 9 9 9 9 
</DataArray>
</Cells>
<PointData>
<DataArray type="Float64" Name="phi" NumberOfComponents="1" format="ascii">
0.6444159757924804 
0.6553267788013033 
0.6646023370139519 
0.6701504692267558 
0.6709751022311945 
0.6663086426687451 
0.7462330615760482 
0.7570251158044493 
0.7652512689906185 
0.7691943815041421 
0.7682719917629229 
0.7609825473075426 
0.8634432983977963 
0.8716614852837143 
0.875599374664686 
0.8776836110712171 
0.8756842351078615 
0.86618547056901 
1 
0.9842189590446742 
0.9864364864056172 
0.9858551951448605 
0.9843569452175283 
0.9746665928131664 
1 
0.984269852179065 
0.9865042966774881 
0.985947254751534 
0.9844825513298627 
0.9748623952651395 
0.8636108652527609 
0.8719080562460938 
0.8759400151232223 
0.8781285823510635 
0.8762608841462338 
0.8669322064236243 
0.7465349558518308 
0.7574059190032861 
0.765718381907583 
0.7697729846817629 
0.7690098817009571 
0.7619221318401913 
0.6448564283951991 
0.6558246387667823 
0.6651365418604981 
0.670751459569461 
0.6717282962814217 
0.66732465260619 
0.2390591491348057 
0.2391990771766875 
0.239487691234252 
0.2423625330625734 
0.2491436058087302 
0.2593220045904399 
0.2723657726890479 
0.2879002603577011 
0.3056021253332944 
0.3252970176875844 
0.3474350377707138 
0.3719805992982402 
0.398893100845797 
0.4280386841538857 
0.4591528561821022 
0.4916705340143759 
0.5249387781541591 
0.5577604581802592 
0.5887822877989602 
0.6165104389705272 
0.639543084466729 
0.6566759008351173 
0.2400411264404639 
0.2591743519641452 
0.2390710939156016 
0.2392397942207883 
0.2720450981193035 
0.2400415822668118 
0.5874882866487804 
0.3982714567475568 
0.2395760457752936 
0.2426545300893221 
0.2491718982269171 
0.3715302910220793 
0.5565921899481443 
0.6554010164771169 
0.6381452877374543 
0.6151015163458917 
0.5238264959288149 
0.4906047070272327 
0.4581270405041173 
0.4272007921397911 
0.3471209599831389 
0.3250092183918669 
0.3051185097422522 
0.2874352416581972 
0.7461306408941527 
0.8448004325679354 
0.937612016087469 
0.9372740851745733 
0.8438508248423978 
0.7449928650412213 
0.72143020709862 
0.8087804130913702 
0.8772018246687278 
0.8767702052748666 
0.8077151214607816 
0.720163702490725 
0.6887032336896578 
0.7600465875267425 
0.8089603069664263 
0.8085474344443497 
0.7590166103232654 
0.6874174934438063 
0.6497726154323401 
0.7052419547795783 
0.7400647902615863 
0.7397094528978544 
0.7043207324349798 
0.6485651625544154 
0.6073585367730485 
0.6494454085396862 
0.674301129698705 
0.6740065305393971 
0.6486531344746277 
0.6062733298316102 
0.5641399623539454 
0.5957302126828692 
0.6136072695732671 
0.6133704818759004 
0.5950726892731937 
0.5631864699919229 
0.5221290236752784 
0.5457448071187305 
0.5587141413687051 
0.5585250910452422 
0.5452048460898734 
0.5212993623896306 
0.4825611626261054 
0.5001904412101179 
0.5096600044671894 
0.5095038211500085 
0.4997329031563719 
0.4818229370555311 
0.4459862182395258 
0.459155958695703 
0.4661047309377058 
0.4659729645146709 
0.4587682890960056 
0.4453603169611876 
0.4125836182727105 
0.4224295484574258 
0.4275463242528774 
0.4274367547415465 
0.4221119438669448 
0.4120904239069232 
0.3823600520714197 
0.3896945582755473 
0.3934587751097993 
0.393369473414069 
0.3894398879244953 
0.3819792226612295 
0.3552067087172491 
0.3606125536645564 
0.3633565218181817 
0.3632838866254166 
0.3604067040849572 
0.354908825994153 
0.3309747132198854 
0.3348603592593995 
0.3368171384818409 
0.3367555317550985 
0.3346815683707438 
0.3307002860811453 
0.3094680285798577 
0.31214828913625 
0.3134910898143281 
0.3134364563638384 
0.311980137676897 
0.309172030468768 
0.290487903373752 
0.2922478612270391 
0.2931215606897419 
0.2930769803013252 
0.2921036391838892 
0.2902101470917234 
0.2739958979787561 
0.2750658039245062 
0.2755860433786194 
0.275558857678609 
0.2749742315544759 
0.2738105293045496 
0.2601699486893182 
0.2606978062584651 
0.2609467463031242 
0.2609389340398472 
0.2606719525471724 
0.2601064629196506 
0.2493599728060986 
0.2494668761532493 
0.2495078502305691 
0.2495129104961088 
0.2494860251603325 
0.2494107597965497 
0.2421677195110841 
0.2419773109338342 
0.2418837211281107 
0.2418938953787778 
0.242013333816685 
0.2422443657026825 
1 
1 
1 
1 
1 
1 
1 
1 
1 
1 
1 
1 
1 
1 
1 
1 
1 
1 
1 
1 
1 
1 
1 
1 
1 
1 
1 
1 
1 
1 
1 
1 
1 
1 
1 
1 
1 
1 
1 
1 
1 
1 
1 
1 
0.8455196477195143 
0.7143089064963709 
0.6029653562060417 
0.6061358218598851 
0.6072322386385696 
0.6071007751159936 
0.6071066733702541 
0.6073853314656588 
0.605954197104897 
0.6057833209465648 
0.606412550394502 
0.6069728354278743 
0.6074379591414476 
0.6077997585849663 
0.6081811824933937 
0.6086133581992403 
0.6091760838809471 
0.6098828591852822 
0.6107355991424632 
0.6117432991570732 
0.6130574922785468 
0.6149411604559842 
0.6175707685501289 
0.6213498145236523 
0.626729479038477 
0.6343997631025755 
0.6150000937240063 
0.6010650044486864 
1 
1 
0.6115748699685919 
0.6347413915908837 
0.6069255664779775 
0.6026079319577307 
0.6087007356003653 
0.607659057676845 
0.6069200622082314 
0.6130728355213441 
0.6066837528454289 
0.6067701559583666 
0.627006027902913 
0.6073671896934916 
0.6081603877845333 
0.6078509424247056 
0.6215389439941577 
0.6094304486781016 
0.6069752320081796 
0.60684640121708 
0.6177121194881481 
0.6104127912580914 
0.6072913909969508 
0.6072471414424289 
0.605852044954231 
0.6017890876143095 
0.7135192899955121 
0.8451822170726809 
1 
1 
1 
1 
0.858072345596733 
0.7374749360572691 
0.8541712792983051 
0.731216304331613 
0.8519686078775293 
0.727108224709779 
0.8505242907479668 
0.724360453203762 
0.8495265719077427 
0.7224447340892165 
0.8488071827051753 
0.7210619565487638 
0.848266991994356 
0.7200221462814499 
0.8478468796380663 
0.7192045168587633 
0.8475152156761285 
0.7185548121884309 
0.8472581685781022 
0.7180495242891468 
0.8470674815462382 
0.7176835345592339 
0.8469292824873818 
0.7174330302822641 
0.8468202841839471 
0.7172415108119217 
0.8467225164524459 
0.7170455206394253 
0.8466390386338233 
0.7168629574245143 
0.8465818556630031 
0.7167576639360917 
0.8465488899507376 
0.7167109455615029 
0.8465319348379565 
0.7166693727142053 
0.8465359405736841 
0.7166665364470057 
0.8465566167421263 
0.7167504849238137 
0.8465316666272283 
0.7168056179886851 
0.8463305398356072 
0.7165198922598891 
0.8458981416406099 
0.7154879733920076 
0.8454032455653966 
0.7141827383573858 
0.7372410863947095 
0.8579538155918605 
0.731038249930355 
0.8540821170154177 
0.7269770919026204 
0.8519036587223207 
0.7242746179130359 
0.8504818132383611 
0.722403141222522 
0.8495087362248832 
0.7210827736337797 
0.8488207215301454 
0.720127603279076 
0.8483198925227313 
0.7194029911999069 
0.8479400058278141 
0.7188186938121028 
0.8476383109918358 
0.7183379663282838 
0.8473923241339529 
0.7179487484676145 
0.8471910073923792 
0.717631016316274 
0.8470239384494247 
0.7173546539232274 
0.8468764100362979 
0.7170791147729809 
0.846731908822812 
0.7167745358450089 
0.8465804930715175 
0.7164465856233546 
0.8464403131177853 
0.7162406748242016 
0.8463715274109814 
0.716388249903072 
0.8464126932436022 
0.7166957194831824 
0.846514465535813 
0.7168560117943185 
0.8465818534981407 
0.7168153876546489 
0.8465591808258102 
0.7165819964021796 
0.846392712035127 
0.7157984068587964 
0.8460619716406931 
0.7148103534822768 
0.8456869382359375 
0.2349736635293114 
0.2325887944847676 
0.2310737716807668 
0.2305474029741127 
0.2306026898836709 
0.2142344825956705 
0.1836496474133099 
0.1511866040884778 
0.1189796372389769 
0.08892219952574264 
0.0612691466577381 
0.04264304802737266 
0.02957007962561013 
0.02187983433422143 
0.01776543503973364 
0.01629156435593696 
0.01582847573974559 
0.01750078692985477 
0.02319642108546035 
0.03425452081985548 
0.05342340074513943 
0.08547268028668027 
0.1383189929238784 
0.2251057456995373 
0.3694015245992437 
0.01575145034780566 
0.2404036188424818 
0.2306537952616464 
0.2408519040388913 
0.2396384296438326 
0.2375960483945692 
0.5612669721712832 
0.5480575787309677 
0.5389900499119761 
0.5558177098188276 
0.5647918537463069 
0.501252182557082 
0.4928353625634516 
0.4822226054906592 
0.4795708471932005 
0.4803603961083529 
0.4828814673728234 
0.5194995817521134 
0.5120607464562146 
0.5067810662842854 
0.5288713850286707 
0.5029888060833045 
0.496963687714164 
0.4862436338775506 
0.4817503615328141 
0.4757543952071919 
0.4903382692172901 
0.4904072389194783 
0.4960397433743143 
0.4745780594706802 
0.437634731439279 
0.4500924195190108 
0.4870637727110979 
0.5105821111329519 
0.5326307750018845 
0.55098416162038 
0.5658964994764839 
0.5628788144485319 
0.3049757574836163 
0.3492818984052962 
0.3977483307236724 
0.4243954555839517 
0.4658548355790279 
0.4643156973613682 
0.4595685293131396 
0.452542663601526 
0.4693362730016463 
0.4408159273272086 
0.4736538070220711 
0.4764397749230059 
0.4964583187797179 
0.490328396493685 
0.3788828289066665 
0.3761630451499761 
0.3875766483294426 
0.4186482119558243 
0.3985748316634511 
0.4120266794498107 
0.4009771511322351 
0.394404803466354 
0.4059308612939132 
0.3870890855915831 
0.3796407406068291 
0.3913133923910258 
0.3908904972088353 
0.3672418702127792 
0.3767166418014614 
0.4281364732247243 
0.2722416729698011 
0.3201378266676447 
0.3722898262194625 
0.4616226412109641 
0.4426101321393081 
0.4778102916946209 
0.3998849613053675 
0.4141152623438709 
0.2871174111679131 
0.421955568190303 
0.4864660963481132 
0.2601550927436718 
0.3903674533410673 
0.3255949195044539 
0.2438427900750027 
0.4779158176138967 
0.3618824662055697 
0.3978176330188111 
0.2542213227505213 
0.3915885852016784 
0.3870351709790503 
0.3866649356090157 
0.3848759220256799 
0.3982252607208331 
0.3691885405788972 
0.3149629542254333 
0.292095322028264 
0.3077669008740755 
0.3085383024439157 
0.3396075507896646 
0.3330794857731612 
0.3259000474719809 
0.2989719078104175 
0.292233486918862 
0.3331606804981306 
0.311503839622177 
0.3036375078528016 
0.3939298473007132 
0.3515200368170281 
0.3843520153386744 
0.4004019648917354 
0.4163476757573091 
0.3669423204448987 
0.3490726896192767 
0.3271343437383469 
0.3365255153614185 
0.4319713296427837 
0.3449559150255889 
0.2689017164334734 
0.247166307643565 
0.3059005569226578 
0.358644743824632 
0.3868174437240723 
0.3134138387201295 
0.3388293462772033 
0.2542124015723974 
0.3067192485209126 
0.2460716594884249 
0.2738978633631041 
0.3481914564832614 
0.3183057776999227 
0.287317301736678 
0.325735865108655 
0.2588226271213861 
0.3018005307911458 
0.3663478384075863 
0.3074003562100127 
0.2730034652868042 
0.2898104846885912 
0.3006242918263786 
0.3067399069301502 
0.2729854126372295 
0.247567318797863 
0.2735606507257297 
0.2889764386128209 
0.3153451975024726 
0.2162549118912294 
0.3163345636396278 
0.3063804410430954 
0.227980321852176 
0.212201012758781 
0.2142832184876648 
0.1926907050408596 
0.2676121526094598 
0.2287904751762334 
0.2232242588017907 
0.2688867103319212 
0.2688813735144125 
0.217224738892251 
0.2933215850221319 
0.224732401685996 
0.2293465210647418 
0.2406279279084711 
0.2376481727053483 
0.2336996970116579 
0.2154405348093933 
0.2445673391918972 
0.1854006887802622 
0.2361785393068923 
0.1827259091016746 
0.198166887074825 
0.1689889482503676 
0.251369675031106 
0.2484390367374184 
0.2135657816756147 
0.2252681303374894 
0.2638289657203947 
0.1508234004488717 
0.1467592585242366 
0.1573257035494764 
0.2260152289576452 
0.2330741895099775 
0.2484314846119702 
0.2197288607445836 
0.2157103076351564 
0.2324570402604203 
0.2391490073919778 
0.2247484751348561 
0.2535976473446215 
0.03569510309313115 
0.02383940181739509 
0.01767225581190881 
0.055556277071423 
0.08740590648062463 
0.1645627986277351 
0.2402229561878576 
0.2203509484166815 
0.1471312413425147 
0.1821278084399519 
0.2131380545628981 
0.1420220531394031 
0.1607205811157902 
0.2516116840758756 
0.2079139525491653 
0.1505751218459184 
0.1130633104216606 
0.1231985284715686 
0.1963939904243079 
0.1974684051010791 
0.2233461087341376 
0.2342877254061999 
0.2110687825322714 
0.2039129804321692 
0.1398140608371047 
0.02611755953245824 
0.0397164973674864 
0.1379860322814722 
0.0610516591906978 
0.1489460819090389 
0.2421385285951215 
0.2440084984270334 
0.1533367281655124 
0.2322170582483516 
0.1913798669559409 
0.1036259490029922 
0.1036295607928862 
0.1963662238833636 
0.1673820797035576 
0.2405156047981408 
0.1502027484061809 
0.1979193860192999 
0.1016603364322879 
0.175704183890347 
0.1045991220811418 
0.2113889677695608 
0.2258670275411815 
0.1296499442315886 
0.1967036981054438 
0.1184409946169455 
0.07038166266119472 
0.0473202114491862 
0.2187489021699989 
0.1569515216526021 
0.134272374995452 
0.0844681323088257 
0.06796049151349173 
0.09322076457873503 
0.1586034766176931 
0.1044944638317796 
0.1781964981733007 
0.1996611051165001 
0.1966933294655087 
0.05989445153809593 
0.03160573292366342 
0.1991466955200262 
0.0844400753610477 
0.102577847124589 
0.1245816122118245 
0.1253534724523141 
0.1465000080651674 
0.1065113486871795 
0.1875430379277173 
0.07835830724351962 
0.1788956329691241 
0.176120390539089 
0.04313651323781151 
0.08435084565092764 
0.06072446799778434 
0.09622747295951424 
0.1314664801456056 
0.1816516519069006 
0.1812006875342696 
0.1856450277956349 
0.1536265993925148 
0.02152891549890697 
0.09714915107143726 
0.08415543412321431 
0.1526257707371148 
0.1625623418829905 
0.103323376948608 
0.03370019428794387 
0.1169018679946782 
0.07335058642063177 
0.05050254580969844 
0.07448005264704102 
0.04628969677653554 
0.06733254098325814 
0.09824209532304601 
0.080287301485615 
0.1348984304829505 
0.07256186787315148 
0.05765345923751614 
0.1567193254677846 
0.03645412882431454 
0.1664074995513412 
0.1234292717458687 
0.01871887084900405 
0.02433859577656725 
0.05475118022093651 
0.03064576843241527 
0.0321939048108089 
0.05432224556735781 
0.2507952039707221 
0.2429295105013254 
0.2190465315968123 
0.04132614912912622 
0.0453785860774506 
0.2605260848275835 
0.2828314252426266 
0.3303034479232508 
0.4215120049036601 
0.4107919675192924 
0.2524338552588542 
0.04489322630081403 
0.2634969817751136 
0.1305207485594757 
0.2147350127237106 
0.2758102055600584 
0.3167761279990804 
0.3604052056714411 
0.3864551223996158 
0.2440554039179211 
0.3098877270309678 
0.1126372209514164 
0.1276140978632455 
0.1714877279359215 
0.2057443017169817 
0.2119375859761068 
0.2095751586243044 
0.1964112061109779 
0.2192306349582355 
0.1662256763380348 
0.1793664823376792 
0.23242075925208 
0.2753512880962788 
0.2945691088745967 
0.2620652522625822 
0.2380421077112269 
0.3349996502076926 
0.2776395152902889 
0.1898928947371122 
0.2223745953365972 
0.3677770531420645 
0.2698402309017088 
0.3253917636469894 
0.3221020099733225 
0.3423117707035374 
0.2367019758337841 
0.2586251905142466 
0.2708516870308545 
0.267938844034747 
0.3128805075680481 
0.2980152855159847 
0.240191307106363 
0.3877457782964209 
0.08850909541477033 
0.1841141050313557 
0.04466405274173358 
0.2330452521923821 
0.02932097178098578 
0.0622445692272551 
0.1507457913301777 
0.1186684580356308 
0.01805626226121795 
0.2386346462704982 
0.03031342696683042 
0.02176654899552408 
0.01723442474295898 
0.2300554671479365 
0.01584713813391146 
0.230073715892486 
0.2302911491997201 
0.01585938555940347 
0.02192162075962106 
0.2486681893159846 
0.1609929898576383 
0.1041612546181388 
0.067705375311331 
0.01626889748664956 
0.2358943539845552 
0.2143146896701949 
0.04224165238852479 
0.240223780976916 
0.2311168934706161 
0.5690025257771485 
0.5565996386389852 
0.5451461372938663 
0.5644066248899835 
0.5678907312871219 
0.5008627121370939 
0.502952292032965 
0.5048567802626153 
0.5066820330617667 
0.5021740440868221 
0.4989329600353297 
0.5226233349032962 
0.5061932042252129 
0.5126452081910439 
0.5327447453585373 
0.4985925432809858 
0.5005335780826877 
0.5010155540688287 
0.5240924735980057 
0.4609672906706188 
0.4714869506996586 
0.4907371348992325 
0.4966530302000621 
0.5064196791023203 
0.3821904421368734 
0.4253737597893483 
0.3541440848526911 
0.3002521082209489 
0.2725458992798679 
0.5513173303424216 
0.5194419762617035 
0.4988468934716091 
0.4759166691111822 
0.5617351680050318 
0.5365624769323944 
0.4508235493800759 
0.3988004461493054 
0.3742707077756715 
0.3345917469432252 
0.316602808098096 
0.2855422256610311 
0.2615840291002903 
0.2523839498221733 
0.481039617514086 
0.4729695948862704 
0.4623609558070859 
0.4828853463372983 
0.4508172448862091 
0.4791870647261761 
0.5074592750414756 
0.453598568797921 
0.480980212848741 
0.4160255135916097 
0.4141856898294514 
0.420767582803096 
0.491208528335737 
0.3996464270958506 
0.4273335990957638 
0.4163272852334858 
0.4013008253722392 
0.4006483956554249 
0.4076338426646996 
0.4080253966303405 
0.4217381869723164 
0.4115298277400189 
0.3481671388877722 
0.4037988100983969 
0.4376891364109327 
0.2670159754047542 
0.2817351121060452 
0.3900379508441887 
0.4256758308388482 
0.4393046160799155 
0.3680771645346638 
0.3326492478236812 
0.3188556761268643 
0.2930955788911077 
0.4084270494721378 
0.4512418541770972 
0.4619495053883564 
0.3405761781664183 
0.3052705274758394 
0.2596288459945889 
0.4713560067107387 
0.2443909897522576 
0.4106901676218455 
0.4065167486092368 
0.3813311152535683 
0.3947231357141216 
0.37299312706078 
0.4094647576840847 
0.3564688363218452 
0.3380551052815797 
0.3394127031941506 
0.3489500649906864 
0.3198959676802915 
0.3151093347807818 
0.3339359526674648 
0.3240807847152592 
0.3279817419889919 
0.3157274114486637 
0.3630452830387093 
0.3400944140773398 
0.3271758640724023 
0.4062493956967771 
0.3476725547156281 
0.3808757682425445 
0.385542074172968 
0.374800798528758 
0.3659982026166758 
0.3918111325399685 
0.3546776218414008 
0.3395014185347487 
0.3006568043162512 
0.3015662099093733 
0.2748730410255501 
0.3995107055656787 
0.3673041505665475 
0.375592962640071 
0.3384209111137463 
0.3102266058491682 
0.2529762561670322 
0.2617885019748638 
0.3469666595286486 
0.3043319676736181 
0.2919391833332208 
0.2639745272922813 
0.2565731212089531 
0.254229942044778 
0.2586257753999243 
0.3014541814202831 
0.3221884014618517 
0.2821661438074301 
0.2775592915495533 
0.3372259457985556 
0.3111387942412239 
0.2719883987098645 
0.392738475535707 
0.2382339044583424 
0.2685830555148743 
0.269158404240959 
0.2088160024132733 
0.2599183467988415 
0.2360946483395297 
0.250558609906857 
0.3001766302899422 
0.3468359935894769 
0.2425569330671925 
0.2388547943917141 
0.3231560533920204 
0.3426382460647783 
0.2478560738387746 
0.1953999929647107 
0.2703154821478695 
0.2588891281046389 
0.185296232225944 
0.2180704630612749 
0.3255085022378158 
0.03205242866615234 
0.04732266275450056 
0.166415368942299 
0.1084371272266949 
0.07118459262808031 
0.01753838635917727 
0.1766717005009559 
0.2322324152648717 
0.2756758429449405 
0.2843028261678101 
0.1921876524366448 
0.2012412848802623 
0.2909281200096523 
0.2925395202637053 
0.2510712850260619 
0.2345059689459514 
0.2322741926356316 
0.1722796882453374 
0.166992575750796 
0.1497737398867794 
0.1781443399988168 
0.02254130506593154 
0.03586774418689279 
0.07591734535114285 
0.1123141471733154 
0.05174294694558997 
0.2471643287081481 
0.2631735099255328 
0.2298341514398333 
0.2247192848543819 
0.2198481960583269 
0.2160472268692207 
0.2347953415249451 
0.1727372046112235 
0.1824397518026093 
0.2588244551225041 
0.1393050756869589 
0.2159027578065661 
0.2364761001191672 
0.1713309437238283 
0.1787852366259596 
0.2535097635915966 
0.1719704195868033 
0.1628533496666186 
0.1151877771022569 
0.08069997367082887 
0.05736315408855429 
0.04177553760356494 
0.02555499250175492 
0.2544524088873198 
0.2388663278262281 
0.2141810073847046 
0.2250521743332104 
0.2340339686839946 
0.239091288859766 
0.2387626369685414 
0.2488600934084073 
0.1139688073672902 
0.1790697616620749 
0.1374026258292741 
0.1220807647769402 
0.1202483543187027 
0.1072218523282746 
0.1341329181138067 
0.2120117966142123 
0.1224126921784894 
0.2348357748608603 
0.1806382324497894 
0.2414009079119875 
0.06258415641772003 
0.08291540294340054 
0.03147915532509753 
0.1862209854509918 
0.2228965364565395 
0.2072218413525716 
0.1334445972471928 
0.1988805760028002 
0.2367927849728328 
0.08696791625222201 
0.07022827104788165 
0.1352897152807152 
0.08444614236405676 
0.2526192643585515 
0.1940600885870254 
0.2144237368160584 
0.1132844801207148 
0.05052365372926766 
0.1422507710386847 
0.201301616578615 
0.08234057773400037 
0.1565754572532838 
0.1124040999084754 
0.05046683179772989 
0.06404317077416555 
0.1942637012197872 
0.09909273044436163 
0.05411749109950241 
0.02551040256915222 
0.2244182472055363 
0.1309202436421414 
0.1083788607166233 
0.1868145450276525 
0.1002734327840138 
0.1707690671304678 
0.1257510940762301 
0.02845233351573922 
0.0832413707811288 
0.04105964783593939 
0.01886474474882279 
0.1848464129929519 
0.1581660206431898 
0.1749806667894662 
0.2070725266105157 
0.03778479404340079 
0.1582320214955228 
0.02028989964433393 
0.1048545367030791 
0.07009174421808974 
0.05083543563923557 
0.1893285621125068 
0.03060378922608722 
0.1306621756537785 
0.09273245700489985 
0.03129011436714253 
0.06738807702451736 
0.04635214356199462 
0.1224834604051726 
0.07130866494124843 
0.02381064442504474 
0.4551452045398684 
0.2421644417924984 
0.4202875270693099 
0.4238455879470592 
0.2733848886934463 
0.3801054379350054 
0.246511312273907 
0.1474008453997541 
0.1546956893595888 
0.3474043773506545 
0.2679767961990329 
0.03910429126509926 
0.2312622246523181 
0.2751048167847902 
0.2763992060670707 
0.2889569888124609 
0.3115248331399065 
0.3278408008892431 
0.04519835233773636 
0.3122775327905585 
0.2914479659215938 
0.2843401271140369 
0.232552591597128 
0.06479994343533549 
0.1001044017850754 
0.2328947538065392 
0.2853311691862535 
0.2208027506449032 
0.3033760289698096 
0.324185534466536 
0.3272237247328759 
0.3242781752300338 
0.2781881438436738 
0.2673580656303659 
0.2777313863116508 
0.2958897010328871 
0.3319424278726457 
0.3167190525866349 
0.2910695675546662 
0.2715676456532422 
0.2458155669478331 
0.2463545381979457 
0.1454015255927985 
0.08084634673536022 
0.2636207753134863 
0.222431618671884 
0.1932546120867795 
0.228664333283925 
0.2720184459047943 
0.2865775205965888 
0.3055512034344059 
0.2147249468509226 
0.2100584086083956 
0.2921741009496882 
0.2185585246389584 
</DataArray>
<DataArray type="Float64" Name="displacement" NumberOfComponents="3" format="ascii">
0.0001267175992671387 0.0002679027731404593 0 
9.762705009709865e-05 0.0003223873447980516 0 
6.626631190415099e-05 0.0003881607578262443 0 
3.348907567200439e-05 0.0004719718469193087 0 
-3.832372711892253e-07 0.0005859831309732622 0 
-3.527569533134824e-05 0.0007416673116625633 0 
9.179121644789023e-05 0.0002911136997190663 0 
5.804901203510344e-05 0.0003494244776884863 0 
2.054373449139359e-05 0.0004174218082170355 0 
-1.773137194630186e-05 0.0005028276323617578 0 
-5.547104251115799e-05 0.0006277419586837093 0 
-8.722166186287909e-05 0.0008127978053857085 0 
6.168141138084941e-05 0.0003179302608954843 0 
2.261402715751623e-05 0.000386670281675993 0 
-2.642447708788903e-05 0.0004584619883830195 0 
-7.780089405989538e-05 0.0005470128639110471 0 
-0.0001083012834328826 0.0006853208824919568 0 
-0.0001246642622054859 0.0009244124015551973 0 
5.670302438704095e-05 0.0003400986532489648 0 
1.377838350527008e-05 0.0005355613799081958 0 
-9.543873616522274e-05 0.0006135883387707525 0 
-0.000139810602355427 0.000705680596357447 0 
-0.0001392879476291913 0.000857137629428383 0 
-4.935647769915125e-05 0.001292216893384558 0 
6.05104578176621e-05 0.005390774694591398 0 
1.724072478896311e-05 0.005194751513855541 0 
-9.24792862175052e-05 0.005116261322508226 0 
-0.0001371714029875173 0.005023591522794739 0 
-0.0001366267478494546 0.004871223415066277 0 
-4.593086503206363e-05 0.00443241496093038 0 
6.547818083792669e-05 0.005412979609603847 0 
2.628432820508839e-05 0.005344205164384637 0 
-2.299395130041604e-05 0.005272297012416698 0 
-7.469013472625739e-05 0.005183463324710307 0 
-0.0001054403276440403 0.005044604289563932 0 
-0.0001220193629093905 0.004804419427613388 0 
9.557813051867645e-05 0.005439867422542447 0 
6.175276932431309e-05 0.00538160197898953 0 
2.407689902138833e-05 0.005313589142411534 0 
-1.449122607094332e-05 0.005227908195123685 0 
-5.24672095119118e-05 0.005102504190597391 0 
-8.461997159565903e-05 0.004916976460368612 0 
0.0001304668947394919 0.005463169646150664 0 
0.0001012513637821656 0.005408695493864059 0 
6.9996091658326e-05 0.005342933515306959 0 
3.720398697435257e-05 0.005259043014901413 0 
2.373327329025926e-06 0.005144427035162952 0 
-3.248731772232863e-05 0.004988490955403445 0 
-0.001253771393870176 0.002894214954120993 0 
-0.001241344940044423 0.002955609305822374 0 
-0.001216835746006688 0.003018469631932286 0 
-0.001144306223123393 0.003128565048818138 0 
-0.001102870470046571 0.003164455078201461 0 
-0.001059089093025186 0.003195064214392957 0 
-0.001013461598024421 0.003223212743940707 0 
-0.0009660789638309833 0.003250897385910602 0 
-0.0009169679411613708 0.003279599260752935 0 
-0.0008665487212388525 0.003310769784733916 0 
-0.0008148198085687794 0.003347199400016623 0 
-0.0007613490107294918 0.003389520459811271 0 
-0.0007052943477823771 0.003439973582735525 0 
-0.000645670958434744 0.003501338780295484 0 
-0.0005815914858194847 0.003576884718439728 0 
-0.000512756771199315 0.003671643141203761 0 
-0.0004385426914159033 0.003792542935758503 0 
-0.0003601748667747004 0.003941645473099637 0 
-0.0002793338351176386 0.00412186131108204 0 
-0.0002005790477382566 0.004331985769630269 0 
-0.0001303604021669514 0.004561494380317044 0 
-7.449350697250152e-05 0.004788712382660562 0 
-0.001181693396558546 0.003083426348171893 0 
-0.001057244541269331 0.002530486187110285 0 
-0.001253744299018998 0.002833361857329427 0 
-0.001241301777742032 0.002772008645274338 0 
-0.001011459540076857 0.002502705077893213 0 
-0.001182624262652669 0.002644830307271217 0 
-0.0002792494261780123 0.001605296629048798 0 
-0.0007042390745462467 0.002286500615478943 0 
-0.00121699900404487 0.002709261775741997 0 
-0.001145155029108155 0.002599222876028266 0 
-0.001101911911291498 0.002561185885841726 0 
-0.0007605174301090241 0.002337557224221121 0 
-0.0003600644965188824 0.001785262800263748 0 
-7.694568665339573e-05 0.0009407268472884089 0 
-0.0001319042608831886 0.00116694616726538 0 
-0.0002010196120813984 0.001395563429713147 0 
-0.0004385479625611425 0.001933625310022754 0 
-0.000512349887111163 0.002053132826332277 0 
-0.0005809398973308592 0.002148671598325136 0 
-0.0006445688533396882 0.002224825642108716 0 
-0.0008141790084876074 0.002379823491116286 0 
-0.0008658539498014345 0.00241561725978557 0 
-0.0009158674433933366 0.002446961522126744 0 
-0.0009643672913261693 0.002475472948111891 0 
-0.0001257710283123235 0.004663489266031734 0 
-0.000157374254652149 0.004438067245952279 0 
-9.520685877538642e-05 0.003758453507194271 0 
-9.787729416597834e-05 0.001960549918408485 0 
-0.0001595326582679534 0.00128840746715859 0 
-0.000127876051207349 0.001065015699024996 0 
-0.0001884895075355736 0.004376841117910422 0 
-0.0002359678248067643 0.004055625695644932 0 
-0.000238185010347074 0.003379550241247509 0 
-0.0002394295756476511 0.002338742445623088 0 
-0.0002373903846053965 0.001668500745716953 0 
-0.0001899232802262203 0.00135010110903225 0 
-0.0002695710173301385 0.004105983346201518 0 
-0.0003331707616757902 0.003756676229629116 0 
-0.0003669187994129739 0.003203873459908625 0 
-0.000367351361967457 0.002515933508421468 0 
-0.000333874516129094 0.001966548095114556 0 
-0.0002703341116980778 0.001619916997866468 0 
-0.0003565657816856825 0.003880082223492184 0 
-0.0004265618316191155 0.003548544824996819 0 
-0.0004689269630639581 0.003108544837685517 0 
-0.0004689870846578402 0.002612872465319967 0 
-0.0004267010164691412 0.002174880002861266 0 
-0.0003567697862366765 0.001845527035298023 0 
-0.0004403908360248829 0.003703189738873303 0 
-0.0005095068778890037 0.00340581771549256 0 
-0.0005506443769134489 0.003051183036442907 0 
-0.0005505188865708162 0.002671389310385022 0 
-0.0005092102280324591 0.00231797888624974 0 
-0.0004401511453334896 0.002022309652180289 0 
-0.00051746588341833 0.003567766068672995 0 
-0.0005817662171432396 0.003306324047993034 0 
-0.0006187280622385837 0.003013972328774049 0 
-0.0006185238382476776 0.002709309407184309 0 
-0.0005812468473045572 0.002417619189775729 0 
-0.0005168520455509602 0.002157214414668114 0 
-0.0005869820223061606 0.003464890939986738 0 
-0.000645333731574083 0.003235369350906182 0 
-0.0006778349781647996 0.002988552982381887 0 
-0.0006776399324878114 0.002735267567197908 0 
-0.000644819633436936 0.002488729215024016 0 
-0.000586381541882774 0.002259594100853343 0 
-0.0006502083929766758 0.003387180403844477 0 
-0.0007026072724362538 0.003183759249958784 0 
-0.0007311434036880696 0.002970572840984578 0 
-0.0007309875381353063 0.00275387280416763 0 
-0.0007021900417332193 0.002540851069549857 0 
-0.0006496376121275664 0.002337761904372136 0 
-0.0007086579887451332 0.003327452944707061 0 
-0.0007556425785713509 0.00314522703511618 0 
-0.000780802402893283 0.002957431329708443 0 
-0.0007806696487292674 0.002767717066006705 0 
-0.0007552585359016697 0.002580081952471456 0 
-0.0007080157775387966 0.00239818133625813 0 
-0.0007634188621875938 0.003280346535768521 0 
-0.0008058227040375095 0.003115512531764948 0 
-0.0008282024472211583 0.002947443833226922 0 
-0.0008280646786156395 0.002778330230767035 0 
-0.0008054231573874167 0.002610432399558384 0 
-0.0007627521107778591 0.002445883681432628 0 
-0.0008154071858530206 0.003242282485165793 0 
-0.0008540766865035715 0.003091833410391118 0 
-0.000874213753038641 0.002939520464462125 0 
-0.0008740515118124963 0.002786649541018309 0 
-0.0008536153604418869 0.002634518365721877 0 
-0.0008147326324738299 0.002484405562296801 0 
-0.0008654452621357548 0.003210714153685267 0 
-0.0009010427209615766 0.003072378316809996 0 
-0.0009193971974348323 0.002932983328868489 0 
-0.0009192044710757333 0.00279328812597501 0 
-0.0009005014363712696 0.002654032468232674 0 
-0.000864672685796789 0.002515962985987425 0 
-0.0009140418036012839 0.003183936158983334 0 
-0.0009471703368383057 0.003055993255861593 0 
-0.000964129117231653 0.002927444124492726 0 
-0.0009639171580088614 0.002798726813713139 0 
-0.0009465746511017906 0.002670242679332596 0 
-0.0009132136222109092 0.002542398124839551 0 
-0.000961668795267689 0.003160885576958908 0 
-0.000992783153078089 0.003041881621004869 0 
-0.001008653655248626 0.002922665000098755 0 
-0.001008432574626021 0.002803384180844224 0 
-0.0009921481395127447 0.002684201140279244 0 
-0.0009607203094289977 0.002565312164372039 0 
-0.0010085207032622 0.003140034585761909 0 
-0.001038016919538457 0.00302920197833204 0 
-0.00105304001947016 0.002918407346642161 0 
-0.001052820045433436 0.002807620139460909 0 
-0.001037346763627982 0.002696821417336283 0 
-0.001007368837245496 0.002586056611565938 0 
-0.001054411875089392 0.00312003098274078 0 
-0.001082715219785074 0.003017106025624945 0 
-0.001097101857033913 0.002914407661479022 0 
-0.001096913591604493 0.002811767197445984 0 
-0.00108209645460967 0.002708981591171771 0 
-0.001053207186550293 0.002605939513097512 0 
-0.00109903321587486 0.003099567648627952 0 
-0.001126438295915564 0.00300472494775769 0 
-0.001140329921225727 0.002910368114940214 0 
-0.001140210153758828 0.002816155695727511 0 
-0.001126036776607575 0.002721651867886588 0 
-0.001098122327353101 0.002626447991004721 0 
-0.001141870669267763 0.003077104874992887 0 
-0.001168405446128855 0.002991071198639036 0 
-0.001181820103112611 0.002905935328248344 0 
-0.00118177392973667 0.002821076455110609 0 
-0.001168269930870143 0.002735860885556972 0 
-0.001141648291325338 0.002649528325365674 0 
-0.001181872315336146 0.00305063936011521 0 
-0.00120730106232459 0.002975072362142082 0 
-0.001220242244905966 0.002900697432190731 0 
-0.001220221258173484 0.002826729874854008 0 
-0.001207288510739097 0.00275242535482964 0 
-0.001182016070817759 0.002677029331778517 0 
0.0003628758783512166 0.005767661868034721 0 
0.0003607136498515028 0.005759178189979838 0 
0.0003576293470417488 0.005750647411948327 0 
0.0003534903913773021 0.005741970156700294 0 
0.000348174867635291 0.005733023890989844 0 
0.0003415402101532328 0.005723734013431101 0 
0.0003334614683607596 0.005713903268540934 0 
0.0003238466986775991 0.005703382094622332 0 
0.0003125690072067823 0.005692117481962406 0 
0.0002995955246885499 0.00567983378861888 0 
0.0002848067656446442 0.005666298744546808 0 
0.0002681219602387625 0.005651290900490056 0 
0.0002494847442674289 0.00563459979726611 0 
0.0002288727330732654 0.005615940617668158 0 
0.0002063196621052022 0.005595065993745858 0 
0.0001819451220894869 0.005571633732799095 0 
0.000155961936301429 0.005545179440730017 0 
0.0001286759721023763 0.005515160802723654 0 
0.0001005804995261176 0.00548078331803064 0 
7.220747117823069e-05 0.005440503091458753 0 
6.840759265865404e-05 0.0002903222951307299 0 
9.676231544426579e-05 0.0002500552972132995 0 
0.0001248524336517328 0.000215705902083407 0 
0.0001521484338242667 0.0001857844024173996 0 
0.0001781469441909711 0.000159409685405481 0 
0.0002025290645532381 0.000136108301519751 0 
0.0002250772516385514 0.0001153635340231541 0 
0.0002456828420653075 9.674459063201252e-05 0 
0.0002643285607463471 8.003490119120474e-05 0 
0.0002810452451955478 6.497402590918501e-05 0 
0.0002958888969702594 5.1328146743613e-05 0 
0.0003089349400094063 3.89045841709851e-05 0 
0.0003202931993417645 2.751141442823447e-05 0 
0.0003299829468034813 1.69002255949366e-05 0 
0.0003381119791033695 6.966658393767059e-06 0 
0.0003448045906340913 -2.451091936345414e-06 0 
0.0003501873201654033 -1.142638892363929e-05 0 
0.0003543337127965755 -2.001713096100957e-05 0 
0.000357397704261716 -2.852938342635069e-05 0 
0.0003595533105418822 -3.699547149794229e-05 0 
0.000360948997913637 -4.55051153245928e-05 0 
0.000361708515385726 -5.418486892664339e-05 0 
0.0003620228492566303 -6.300383873728857e-05 0 
0.0003621147325527912 -7.193580242223763e-05 0 
0.00036963347853884 -8.089772373204467e-05 0 
0.0003770664564469658 -8.088631739819084e-05 0 
0.0003845455989349051 -7.19630748626451e-05 0 
0.0003846008700322139 -6.346386028566904e-05 0 
0.0003843017461524099 -5.554132982732686e-05 0 
0.0003836088677542976 -4.811358662108986e-05 0 
0.0003823946617074461 -4.11397117710621e-05 0 
0.0003805401223696468 -3.445042900117017e-05 0 
0.0003780069402162499 -2.801163407944932e-05 0 
0.0003747277716963228 -2.189170396871605e-05 0 
0.0003705742055269426 -1.556041854097077e-05 0 
0.0003653374331773124 -9.073253072650626e-06 0 
0.0003589740639320238 -2.27774683139323e-06 0 
0.0003514286311706744 4.977563844932029e-06 0 
0.0003426578386495705 1.286829129447985e-05 0 
0.0003325993227654323 2.158789830483542e-05 0 
0.0003211990750906375 3.137105006998136e-05 0 
0.0003084002100975322 4.244094552927144e-05 0 
0.0002941669538090916 5.506114250520852e-05 0 
0.0002785047631658913 6.953587111734642e-05 0 
0.0002614169275080449 8.609652048921629e-05 0 
0.0002428834623345143 0.0001053158989414411 0 
0.000222886447119306 0.0001278117134561447 0 
0.0002013829919643746 0.0001542098500735505 0 
0.0001783241279466242 0.0001855153487015144 0 
0.0001535255676503781 0.0002227913186235672 0 
0.0002468399302624866 0.005625720106852846 0 
0.0003877424994564459 0.005811541904333101 0 
0.0003654223409490155 0.005811552827770287 0 
0.0003621327200690435 -8.089131691160355e-05 0 
0.0002824725171296106 0.005661743266454878 0 
0.0001573817957646547 0.005508128522701456 0 
0.0003857516572565888 0.005771769337115568 0 
0.0003844817160370112 -8.087209651220358e-05 0 
0.0003247777295449099 0.005699693261480411 0 
0.000354698236499647 0.005725726230981255 0 
0.0003780334452832215 0.005752426812969984 0 
0.0002654009379744473 0.005645075058512055 0 
0.0003839416087935989 0.005765135121290812 0 
0.000381407187611788 0.005758734521435637 0 
0.0001822238314729604 0.005545371330295934 0 
0.0003621811194950526 0.005732942468887801 0 
0.0003360431722721832 0.005709359353942315 0 
0.0003459985859801405 0.005717946569587865 0 
0.0002053081506271728 0.005576658658445434 0 
0.0003121332296252692 0.005688706704931017 0 
0.0003685045205906027 0.00573971398702371 0 
0.0003737552840010893 0.005746103720610005 0 
0.0002268244616156837 0.005603149526055859 0 
0.000298056177679419 0.005676177113805388 0 
0.000386935951870935 0.005778768793321382 0 
0.0003876060355135243 0.005786212993477831 0 
0.0003878851408030251 0.005794067609496756 0 
0.0003878015679712586 0.005802622167453273 0 
0.0003803365346734414 0.005811549114692504 0 
0.0003729140168612272 0.005811560828323343 0 
0.0003654032499555307 0.005802611568276235 0 
0.0003653195423515375 0.005793673674999696 0 
0.0003650229486892994 0.005784868143753123 0 
0.0003642663019761714 0.005776195316813381 0 
9.604488925653388e-05 0.005464194662558006 0 
0.0001256425490972674 0.005487250914445955 0 
0.0001246618056843961 0.005504225212736911 0 
0.0001530466551342291 0.005526166963131181 0 
0.0001523606106463614 0.005537969297052741 0 
0.0001787089848206362 0.005558771574972121 0 
0.0001786803342973599 0.005567012650954893 0 
0.0002027490853668659 0.005586518438414585 0 
0.0002033147273863708 0.005592213585797346 0 
0.000225124521984252 0.00561031794742638 0 
0.0002261043303301467 0.00561423132583261 0 
0.0002457996738495437 0.00563089200123702 0 
0.000246995949051624 0.005633567142595173 0 
0.0002647704160487614 0.005648781138900699 0 
0.0002659952006328615 0.005650638935200684 0 
0.0002820395510645947 0.005664424044573093 0 
0.0002831350766643537 0.005665743634627493 0 
0.0002976430235775055 0.005678139612140354 0 
0.0002984695803037747 0.005679199797837029 0 
0.0003116222844999175 0.005690254443477949 0 
0.0003120602587168134 0.005691235422483306 0 
0.0003240447995733974 0.005701002853703882 0 
0.0003239809722488873 0.005702089531861027 0 
0.000334970527443843 0.005710624417194129 0 
0.0003343176072562456 0.005712024576649368 0 
0.0003444674783346799 0.005719393479348057 0 
0.0003431701380862468 0.005721264373213191 0 
0.0003526183636502811 0.005727545289528749 0 
0.0003506466073830765 0.005729917555526728 0 
0.0003595122631569348 0.005735190877511487 0 
0.0003568130127175562 0.005738091160205581 0 
0.0003652205260614094 0.005742402522169053 0 
0.000361770302806086 0.005746019851404461 0 
0.0003698321470763615 0.005749460922141882 0 
0.0003656379677062687 0.005753789938423661 0 
0.0003734541775490995 0.00575644768864799 0 
0.0003685277145800507 0.005761506418084716 0 
0.000376179361067662 0.005763458324341945 0 
0.0003705609720923031 0.005769280351223037 0 
0.0003781047763467925 0.005770619121494186 0 
0.0003718766952842698 0.005777223083252942 0 
0.0003793480246567947 0.005778063887815364 0 
0.0003725898712603585 0.005785405989936641 0 
0.0003800512759003756 0.005785849723017267 0 
0.0003728586021966222 0.00579386104168184 0 
0.0003803130434439219 0.005793996522140849 0 
0.0003729138676268796 0.005802652830294895 0 
0.0003803592427336999 0.005802667526672755 0 
0.0001217899749453282 0.0002436244629866448 0 
9.220461462934412e-05 0.0002666509942773133 0 
0.0001491611923512211 0.0002046970856298048 0 
0.0001208022546826289 0.0002266250715021287 0 
0.0001748152956684536 0.000172092168273286 0 
0.000148499539965733 0.0001928963117317813 0 
0.000198853273235731 0.0001444330567209952 0 
0.0001748281557343377 0.0001639409576031902 0 
0.0002212265206745274 0.0001207102055667786 0 
0.0001994723088366545 0.0001388187452132489 0 
0.0002419055398577518 0.0001002760757410288 0 
0.0002222670060201728 0.0001169395521396985 0 
0.0002608849130046411 8.251887360239554e-05 0 
0.0002431611441994812 9.774106967121862e-05 0 
0.000278196677153994 6.688584566765459e-05 0 
0.0002621727501796986 8.070461641079188e-05 0 
0.0002938796036844653 5.31103762204006e-05 0 
0.0002793517369781694 6.556318526016019e-05 0 
0.0003079641440295552 4.090667332689554e-05 0 
0.0002947516311348328 5.203392008899316e-05 0 
0.0003204910479639835 3.002961470676078e-05 0 
0.000308423700809153 3.987127847462243e-05 0 
0.000331514173642143 2.025912516882459e-05 0 
0.0003204319857732459 2.886715034994826e-05 0 
0.0003410987580739848 1.136733161866896e-05 0 
0.0003308542703183122 1.880161564146934e-05 0 
0.0003493131432941637 3.158279441290459e-06 0 
0.0003397752156645529 9.481963784654197e-06 0 
0.0003562360237261272 -4.541125121395031e-06 0 
0.0003472914733984875 7.488125639600055e-07 0 
0.0003619457010717213 -1.188218017308212e-05 0 
0.0003534891839860206 -7.557705947467815e-06 0 
0.0003665554374751665 -1.897357525770882e-05 0 
0.000358477634179855 -1.552011835522945e-05 0 
0.0003701326576513317 -2.578108067777209e-05 0 
0.0003623413888198229 -2.315491998625104e-05 0 
0.0003728196337480407 -3.276894293757647e-05 0 
0.0003652052778750714 -3.083694102278168e-05 0 
0.0003747579004064268 -3.995878046809048e-05 0 
0.0003672308755655851 -3.861022527895698e-05 0 
0.0003760253444204463 -4.739275300645624e-05 0 
0.0003685554681928086 -4.653982957946792e-05 0 
0.0003767373116524555 -5.517270031331932e-05 0 
0.0003692741148273085 -5.472566328835888e-05 0 
0.0003770256592720534 -6.336511311754978e-05 0 
0.0003695635166016131 -6.320849898656731e-05 0 
0.0003770856337932051 -7.200508003797759e-05 0 
0.0003696313639692536 -7.198356200692849e-05 0 
-0.000350060430961839 0.004294219798109025 0 
-0.0002213508713992234 0.004581633747979253 0 
-0.0001216792335414518 0.004869878911428948 0 
-5.094950365590579e-05 0.005157421391505814 0 
-8.740549520769801e-06 0.005444243432088804 0 
0.0002020175437353914 0.005730770313400887 0 
0.0003563747419717504 0.005730770313400887 0 
0.0004765900423474667 0.005730770313400887 0 
0.0005553322350247579 0.005730770313400887 0 
0.0006007913341802772 0.005730770313400887 0 
0.0006239131542310322 0.005730770313400887 0 
0.0006158779269283947 0.005730770313400887 0 
0.0006040168549818419 0.005730770313400887 0 
0.0005893106797566497 0.005730770313400887 0 
0.000575651224125701 0.005730770313400887 0 
0.0005634805484441007 0.005730770313400887 0 
0.0005537741505001211 0.005730770313400887 0 
0.000540706240666765 0.005747638643413523 0 
0.000532349219783096 0.005763791320855296 0 
0.0005187549523630477 0.005778343812138942 0 
0.0005007727738310782 0.005790509328104793 0 
0.0004796473827203696 0.005799739876120557 0 
0.0004567494810903639 0.005805938186741547 0 
0.0004333235481557661 0.005809437845242064 0 
0.000410187086296074 0.005810943104653293 0 
0.0005434608020039124 0.005730770313400887 0 
-0.001048252592905304 0.003273511300494126 0 
5.518414959497844e-06 0.005730770313400887 0 
-0.0008705449130292349 0.003493094677655718 0 
-0.0006844865305041216 0.003741917937528548 0 
-0.0005063526349572813 0.004011961705895054 0 
9.588776566649632e-05 0.005286190939607008 0 
0.0001482773527824747 0.00543109094079172 0 
0.0001719499936217525 0.005482993121262009 0 
0.0001231925966210021 0.005367600851817486 0 
6.506992037919251e-05 0.005179820619666501 0 
0.0002872253968864686 0.00565651628346759 0 
0.0003162759873086613 0.005685918242351831 0 
0.0003417337789261786 0.005708700286177703 0 
0.0003522387175434718 0.005717743973262992 0 
0.0003610382225890154 0.005725361359117275 0 
0.0003685021006162499 0.005732048003101189 0 
0.0002158553138751616 0.005561280625044449 0 
0.0002357709429541834 0.005591261821512921 0 
0.0002544261558097697 0.005616860381117555 0 
0.0001945977626382735 0.005525803341776398 0 
0.0002717692121884224 0.005638575726479839 0 
0.0003022451227330878 0.005672218202626488 0 
0.0003298933216703049 0.005698261667867062 0 
0.0003754007627656907 0.005738404493867948 0 
0.0003818302997773205 0.005744596908072368 0 
0.0003887204227552041 0.005754966112469935 0 
0.0003916331302026758 0.005760385635320015 0 
0.0003949746783847446 0.005771576827828212 0 
0.0003988334191176317 0.005783620542000785 0 
0.0004029538429999477 0.005790039430172128 0 
-0.0004241693647743901 0.003875568347548793 0 
-0.0002574483988743266 0.004180987860779196 0 
-0.0001836667353471605 0.00434418012539636 0 
-0.0001170814150086208 0.004519999117790309 0 
-5.88560689960528e-05 0.004703852330307562 0 
3.119939150170943e-05 0.005047195657814156 0 
-9.585332409143806e-06 0.004885888967336565 0 
-0.0008360870933703184 0.003427987180747595 0 
-0.0006858162934316155 0.003568430147292636 0 
-0.0005552849637637321 0.003704444852641094 0 
-0.0004918521250223773 0.003781125572267285 0 
-0.0003374138143430529 0.004029146609130524 0 
0.0001744316604846394 0.005389353062330829 0 
0.0001935662314881025 0.005449645722126631 0 
0.0002121249190040971 0.005498535171336923 0 
0.0001519812038079618 0.005312058073957499 0 
0.000231732729544014 0.005539412852112163 0 
0.0001250070093750255 0.005213279409587091 0 
0.0003863998741729024 0.005750032291383385 0 
0.0003961095810912726 0.005777608087248727 0 
0.0003938606520683 0.0057658868163225 0 
0.0003777610545772504 0.005731708376211051 0 
0.0003704827196499177 0.005724846671599957 0 
0.0003828711252895079 0.005737189853362385 0 
0.0002681876707288973 0.005602919139830526 0 
0.0003246747193561091 0.005680679416618241 0 
0.0002842907185449575 0.005628008768071431 0 
0.0003130060672367244 0.005666537835834954 0 
0.0003367827370412236 0.005693687865727059 0 
0.0002995788409797292 0.005649397873594786 0 
0.000349293557530618 0.005705683144650682 0 
0.0003609041164657113 0.00571619860970011 0 
0.0003878812138678034 0.005742266700094063 0 
0.0004028445384578922 0.005761550108112529 0 
0.0004109892322862386 0.005784300171358087 0 
0.0003952345188358007 0.005748140534165884 0 
0.0002507757008275494 0.005573647609311334 0 
-0.0009328862749651402 0.003366591491032057 0 
-0.0008222506912773016 0.003407376408729462 0 
-0.0006179520667446622 0.003637735560372245 0 
-3.420216272265538e-05 0.004672963397352385 0 
-8.674658936724991e-05 0.004529060893112005 0 
1.020046937301027e-05 0.004817439616152622 0 
-0.0002324976878602751 0.004229688317009835 0 
-0.0003493541781009664 0.004028456763660774 0 
-0.0008791532295641238 0.003408107648382198 0 
-0.0001495730193901195 0.00438518537909377 0 
5.104350657572366e-05 0.004961250807474731 0 
-0.0009808616568129981 0.003328815606600907 0 
-0.0003864509108592516 0.003979657088502685 0 
-0.0005956990423034872 0.003739649467200778 0 
-0.001033735571994538 0.00329824628075609 0 
9.280903608492979e-05 0.005097148046459968 0 
0.0004111661616673704 0.005797237529151718 0 
0.0004056492844806702 0.005772160491098146 0 
-0.0008942004316678694 0.003472327100892485 0 
0.0002059561976402838 0.005339604499054887 0 
0.0002367738121340667 0.005467263820687631 0 
0.0002245021228754378 0.005412164431419142 0 
0.0002487848803651372 0.005510201817574045 0 
0.0001814923271561326 0.00524736513360726 0 
0.0002672674616348433 0.00554817517848296 0 
0.0003593949625139264 0.005700013894805075 0 
0.0003909441126815202 0.005730903187368695 0 
0.0003533014861971535 0.005688908217844319 0 
0.0003700453552019153 0.005711433940114232 0 
0.0003022763610544586 0.00561155049347908 0 
0.0003157205323955615 0.005636493697415288 0 
0.0003288658175359766 0.005657416497947548 0 
0.0003812817873353113 0.005721947086749178 0 
0.0003979223729414696 0.005738029531939375 0 
0.0003980441805665037 0.005744699402057701 0 
0.0003989267457649712 0.005742356282162737 0 
0.0004069622153279892 0.005749390466846927 0 
0.0001561482198114816 0.005134730575307376 0 
0.0002861523038427404 0.005581670348365549 0 
1.053654501989415e-05 0.004697775184247505 0 
5.04795980785474e-05 0.00481616749170716 0 
7.984688228792494e-05 0.004926254472959829 0 
-3.595751857141404e-05 0.00458333888519938 0 
-8.953891057127947e-05 0.004472801737498233 0 
-0.0001393791422467468 0.00438459495588741 0 
-0.0003211634366393212 0.004108799650387819 0 
9.646680216537787e-05 0.005009793407868061 0 
-0.0005132392546371265 0.003829917571891075 0 
-0.0008373596527586239 0.003516651780770282 0 
-0.0009042151080501826 0.003470477753132101 0 
-0.0007070661841458428 0.003618950377805569 0 
0.000402833571528632 0.005754746791888516 0 
0.0004081506377103655 0.005779871576087898 0 
0.0002432225756543512 0.005243050756710453 0 
0.0002771520682193413 0.005518203684020224 0 
0.0004157654764277231 0.005748164138946865 0 
2.97385424778433e-05 0.00466809093440674 0 
0.0003912661759669118 0.005715390863036259 0 
0.0003379485217153361 0.005618200413157038 0 
0.0001313322919737011 0.004950496308285902 0 
7.512206228886003e-05 0.004769025175576757 0 
0.0003220128469500956 0.005584334032741963 0 
0.0002031978577085001 0.005124283587207822 0 
-0.0007334539795615799 0.003676655538491538 0 
-0.0004749894335160518 0.003934182364691209 0 
-0.0004434553151712949 0.003909484384544065 0 
0.0004189506641749397 0.005775274721198076 0 
0.0004171412303502418 0.005755074256692323 0 
-0.0005756175876668424 0.003821694009690366 0 
0.000418545337553852 0.00576752502352306 0 
0.000420054063826202 0.005784818103656656 0 
-0.0003263672245036006 0.004158795444882637 0 
-0.0007522076420428005 0.003668250514455328 0 
-0.0006487522848271716 0.003757285142345754 0 
-0.0002462094920970581 0.004244590059872647 0 
0.0004136361778055229 0.005761494351629559 0 
0.0004369469473324844 0.005774094186978058 0 
0.0002777442390946986 0.005442320556375824 0 
-0.0001867721663204049 0.004317268668440846 0 
0.0004115615390442601 0.005735053974230839 0 
0.00042378727751699 0.005744924381974435 0 
0.0004303513328645433 0.005754175625861592 0 
0.0003956215515072986 0.005603690042277325 0 
0.0002804652129779366 0.005233634234689334 0 
0.0003806029944073708 0.005679055970737874 0 
0.0003915690724696216 0.005699725364740337 0 
0.0001941701287109454 0.004965827516290103 0 
0.0001303561089112599 0.004827739295148912 0 
0.0003817318525246738 0.005655105265300405 0 
0.0002198697564118305 0.005092790893244208 0 
-2.339241777737165e-07 0.004901995480509267 0 
-0.0001275628258510165 0.004629346844911769 0 
-0.0006247674041502456 0.003835086112914937 0 
-0.0004437061949852485 0.00409176118942579 0 
-0.0002762941017176763 0.00435813569553351 0 
0.0001786941195662658 0.005452412660156805 0 
-0.0005771916637344983 0.003895918465327935 0 
0.0004421594522913547 0.005759717687130727 0 
0.0003325246958774969 0.005337329984949946 0 
0.0004291316958203985 0.005736332955045191 0 
0.0004118435432531309 0.005716755862155266 0 
0.0004442300494239309 0.005752554341757793 0 
0.0003359686921990823 0.005486059382031567 0 
9.716839376484627e-05 0.004753384060692156 0 
0.0004377495426066093 0.005783507232862727 0 
0.0004337081124987659 0.005766985897027213 0 
-9.504002354649121e-05 0.004466704547701428 0 
0.0004362149129365223 0.005706067984091666 0 
0.0004410988738162989 0.005632583192621563 0 
0.0004291790056197733 0.005687617293819202 0 
0.0002691819745367088 0.005069130565493961 0 
0.0003158866170081418 0.005241484546329812 0 
0.0002702846868061371 0.005131927442696362 0 
0.00010536823482453 0.005178639587741942 0 
7.199242961959917e-05 0.004896225337615782 0 
-0.0002258515345567181 0.004390410422166059 0 
-0.0003960554217581707 0.004141611385984023 0 
-6.921978413400351e-05 0.00464308345485828 0 
-0.0003324422495200827 0.004181526263305551 0 
0.0005230962850915819 0.005765247805747711 0 
0.0005393175685813169 0.005753739761491662 0 
0.0005499499946973336 0.005742067784087194 0 
0.0005032394761197591 0.005775681726033394 0 
0.0004813760693792701 0.005784425498461972 0 
0.0004507218241890398 0.005765181140964745 0 
4.456612539455786e-05 0.004674780162732753 0 
0.0003447899841833241 0.00531361315276343 0 
0.0004420178330134539 0.005720580570691693 0 
0.0004067613234178075 0.005535415876450881 0 
0.0002588379665186493 0.00502076904231191 0 
0.0004585271458282612 0.005779797940626262 0 
0.0004429924280995062 0.005744276535105091 0 
-0.0001400860929454457 0.004419974444387703 0 
0.0003749696844769749 0.005449875827672073 0 
0.0004560584254592594 0.005771468663577763 0 
0.0004709536630680682 0.005691787781084785 0 
0.000471883929703129 0.005626617446985999 0 
0.00032984359718522 0.00515124530089504 0 
0.00036779437501759 0.005293405435824098 0 
-3.584811111391112e-05 0.004637328833711078 0 
-0.0001916641866344102 0.004404230523244235 0 
0.0001040658575104719 0.004864191841690958 0 
0.0002035188659298481 0.005158499131949609 0 
0.0004585618674866164 0.005757777075538806 0 
0.0005428925961348292 0.005749554795679169 0 
0.0005232885018343743 0.005758780502365547 0 
0.00045859663789258 0.005791080901975615 0 
0.0005020743244072746 0.005767119976763396 0 
0.0004436789547496526 0.005730418118840474 0 
-0.000798413480698529 0.003607106451448832 0 
-0.0003597165474461682 0.004169791326121488 0 
0.0004434705200903672 0.00573630051492172 0 
8.89532416828782e-06 0.004637728303187271 0 
0.0003876466773133347 0.005365079785283721 0 
0.0004778009156901344 0.005712346612928606 0 
0.0004762112357374277 0.005767397958608951 0 
0.0003861977344991983 0.005412052693292176 0 
0.0004254758681799091 0.005510689873498178 0 
-0.0001661992100030346 0.004409414108141747 0 
0.000442603921846162 0.005583026666500902 0 
0.0002773488590502076 0.005044809745467379 0 
0.000493509012315316 0.005662896225978363 0 
0.0003927696127239155 0.005277346523314735 0 
0.0004757401190543596 0.005726821979036983 0 
0.000116483900411822 0.004832308785872707 0 
-1.324091549434889e-05 0.004632119715859874 0 
0.0004585935012092271 0.005741609354210831 0 
0.0002296240248617594 0.005080435922173448 0 
0.0004691974260309632 0.005762356283694435 0 
0.0004973230950351767 0.005762093043952501 0 
0.0005190822656496674 0.005755672260842706 0 
0.0001556085841450148 0.004848773047060857 0 
0.0004422900945620601 0.005432697420624832 0 
0.0004676250561616873 0.005566555427785311 0 
0.0004888664209801796 0.005758543504475916 0 
0.0005207591242193796 0.005718575063984479 0 
0.0004803567798248802 0.005774227057084185 0 
0.0004390120179643537 0.005478281162915594 0 
0.000476436722375882 0.005754989986469065 0 
0.0003676148277128248 0.00520306453277978 0 
0.0002233506421962443 0.004973609408783239 0 
0.0002260686693527192 0.005010878845378932 0 
0.0005097666482254669 0.005753748197758581 0 
0.0005415149807876229 0.005748162885620026 0 
0.0002487466846681513 0.005001055934813227 0 
0.0004925430631336341 0.005741515185267972 0 
0.0004773376684234563 0.005746989302219082 0 
0.0004977420543642037 0.005507044183258135 0 
0.0004879405928475515 0.005542587125726329 0 
0.0004604125224936312 0.005368572311524103 0 
0.0005019969860567932 0.005616416449488121 0 
0.0002895551624312915 0.005087014192925516 0 
0.00049541468135035 0.005751116730088273 0 
0.0003409797173095005 0.005269315680928229 0 
0.000359444337797971 0.005184689056898019 0 
0.0005315003438277116 0.005747982548188727 0 
0.0005269990708387536 0.005657054320989579 0 
0.0005144531103335324 0.005745927021763052 0 
0.0005477680561565536 0.005582047871518787 0 
0.0004918543268584065 0.005454480003488268 0 
0.0003173835529533738 0.005159854385211144 0 
0.0003274820788111192 0.005138195113657999 0 
0.0003384227118734398 0.005446406135343117 0 
0.0004381142551315667 0.005328271286519789 0 
0.000566139725535312 0.005739226353483724 0 
0.0005291942849302439 0.00560187215482773 0 
0.0005090598071682016 0.005692746559343842 0 
0.0004649157363498186 0.005558702699528634 0 
0.000429285190856544 0.00536804198921625 0 
0.0005518561507299617 0.005554906845024393 0 
0.0005523450987530848 0.005741512186875328 0 
0.0005367144145872068 0.005516492531814693 0 
0.0005066808364661317 0.005733161830859637 0 
0.0005321894701402109 0.005739212682113391 0 
0.000559099716179286 0.00565034540816616 0 
0.0005478319358412254 0.005730387318223479 0 
0.0005431042430846921 0.005687791956796049 0 
0.0005834270326350866 0.005633143819085063 0 
0.0005965124819415035 0.005647898727213054 0 
0.0005020210299109993 0.005471007921915378 0 
0.0005853907276886874 0.005647205538966501 0 
0.0005761136599111157 0.005684748424437331 0 
0.0004371213897883525 0.005399620126984668 0 
0.000580191997311263 0.005724174404148285 0 
0.0003894618786867722 0.005265055328132498 0 
0.0005416057410058065 0.005606746511634971 0 
0.0005576541184466451 0.005739894955555745 0 
0.0005828586906197209 0.005733285379825513 0 
0.0006045794405100788 0.00569089988228209 0 
0.0005971329613313371 0.005726727689613273 0 
0.0005691587674916815 0.005733779517923629 0 
0.0005532492885606449 0.005709256680964649 0 
-0.001009956790105719 0.003314430374254262 0 
-0.0009162477197409531 0.003452987468125122 0 
0.0004355655262945342 0.005795495164924312 0 
0.0006066217119489839 0.005714528891822158 0 
0.000582873373189816 0.005708322889012758 0 
-0.0009028573954799488 0.003444155447890494 0 
-0.0007696901143506974 0.003578948290718953 0 
-0.0007578855988860871 0.003491242583659143 0 
0.0004037810860951659 0.00577659401681556 0 
0.000398379480364609 0.005757233496278012 0 
-0.0005395290924389682 0.003930658406675645 0 
0.0005611451536887171 0.005721845977124631 0 
-0.000495944383431507 0.003965378014107811 0 
0.000460689889797829 0.005750467628558101 0 
0.0001296724927472433 0.004822906743216975 0 
-0.0004674616027007842 0.00398108034174022 0 
-0.0003876849230766483 0.004032283474288633 0 
-0.0002648066557860297 0.004181524659047164 0 
0.0004055247126104326 0.005766874957936226 0 
0.0004270446939009826 0.005760942814626422 0 
0.0003439336308718411 0.005675186092164499 0 
0.0004693106624398965 0.00573595528430938 0 
0.0004587371074311744 0.005665320464022321 0 
0.0004167266204271394 0.005594632982579165 0 
0.0003822932767837734 0.005552614666753444 0 
0.0003733568867607341 0.0054894450109204 0 
0.0003302850825759163 0.005197537600475798 0 
0.0003008572618203458 0.005087803382721683 0 
0.0001981781762107218 0.004914900828476087 0 
0.0004207084472533366 0.005663399967894635 0 
0.0004082818401977934 0.005633579445270558 0 
0.0003601823137894773 0.005581904077310614 0 
0.0003217480015885015 0.00553038416565872 0 
-2.042000976877611e-05 0.004572903350686858 0 
0.0003145230600654382 0.005385247222830381 0 
0.0001984966741342988 0.004929367774542877 0 
0.0001020019472362426 0.004850816747534324 0 
-4.975044320491473e-05 0.004526123743246233 0 
0.0004212026336325395 0.005727778587807929 0 
0.0003731594704778146 0.005625690703370638 0 
0.0001475001646740929 0.005037702183223441 0 
6.984299235101382e-05 0.004718991785209524 0 
0.0002802956903394469 0.005491753019022421 0 
0.0002606984684282357 0.005368425863058006 0 
0.000230883300961451 0.005288136510799163 0 
0.0004017604402135397 0.005725871057789261 0 
0.0003813153767351541 0.005705983768098021 0 
0.0003536947823928163 0.005660768206012443 0 
0.0003487208960552179 0.005644236933263238 0 
0.000298992370893069 0.005548467584728298 0 
0.0001734821522372553 0.004970948107448278 0 
-0.001027268713294332 0.002427402093977597 0 
0.0004046502633188206 -8.0426167526551e-05 0 
0.0005988404789659972 0 0 
0.0003552528929618571 0 0 
0.0005051708005441931 -5.546799547229147e-05 0 
-0.0002752162778715785 0.00127468990483881 0 
0.0006021127445486363 0 0 
0.0006167440477344155 0 0 
0.0004718602103703981 0 0 
0.0005547796851392543 0 0 
0.0005719624767030111 0 0 
-0.0006233192388256066 0.001897380218623897 0 
0.0005202246902704324 -4.366453326869502e-05 0 
0.0005314244918584479 -2.999615866412998e-05 0 
0.0005381645254807716 -1.523897805801421e-05 0 
-1.633263606358048e-05 0.0003167188427513785 0 
0.0005404085746668232 0 0 
0 0 0 
-6.668495106837687e-05 0.0006348685246668848 0 
0.0005507967960506306 0 0 
0.0005861506201759479 0 0 
0.0004253420233422885 -7.926690114386265e-05 0 
0.0004463984350190562 -7.657927830643451e-05 0 
0.0004673132824859963 -7.192976362457367e-05 0 
0.0004872053811213473 -6.495192415919209e-05 0 
0.0005606061678906227 0 0 
-0.0004338472157310153 0.001591504449279361 0 
0.000195231097001273 0 0 
0.0006141968427160863 0 0 
-0.0008308125297403173 0.002180640961699771 0 
-0.0001525975301792218 0.0009546271226190554 0 
6.459447123748215e-05 0.0005321264892807555 0 
0.0001226688523441987 0.0003515532230814859 0 
0.0001492731026618773 0.0002891336074596111 0 
9.490371848030746e-05 0.0004302376405615578 0 
3.199009575331828e-05 0.0006630530124575814 0 
0.0003558253434119224 5.806201723272942e-06 0 
0.0003468344909242023 1.351590951107018e-05 0 
0.0003368729879389042 2.209251017718078e-05 0 
0.0003258194914661157 3.183411620900756e-05 0 
0.0003019403184940229 5.500788298127356e-05 0 
0.0002737314385851781 8.616869172387161e-05 0 
0.0001969273979101482 0.0001959436776015064 0 
0.0002385397291742869 0.0001313500880873505 0 
0.0002187424818022038 0.0001607071118898226 0 
0.0001741504375790154 0.000238160516449028 0 
0.0002888918535866338 6.898745502626428e-05 0 
0.0002572436065344197 0.0001065968766366998 0 
0.0003924025764227768 -4.745245575633306e-05 0 
0.0003879351202583305 -3.626501947101363e-05 0 
0.0003891793021035753 -2.618952256890886e-05 0 
0.0003838682536608522 -1.988238619783542e-05 0 
0.00037116261429995 -7.624277803963676e-06 0 
0.0003639137489480985 -1.16966441898572e-06 0 
0.0003138857985564377 4.291420575445118e-05 0 
0.0004054021469017749 -6.834893441852781e-05 0 
-0.0004662606256673961 0.001906838137134552 0 
-0.0006659133732325923 0.0021399277437061 0 
-0.0008569236575338483 0.002324662305720259 0 
-0.000949498761525442 0.002392563083562854 0 
-5.308617499261078e-05 0.000997740899869275 0 
-0.0001767510601810381 0.001361626692112939 0 
-0.0002488690912144069 0.001528778407062004 0 
-0.0003236707144424611 0.001677924110770105 0 
-6.038788786414942e-06 0.0008210366926755468 0 
-0.0001099282449822382 0.001180644647752156 0 
-0.0003959853208179295 0.001802210222332062 0 
-0.0005297452073706552 0.001985516644162473 0 
-0.000592553501005638 0.002054700074327288 0 
-0.0007358347138902212 0.002212908151985985 0 
-0.0007995390021060581 0.002273845178611476 0 
-0.0009084798011488083 0.002366634945067625 0 
-0.0009699398393450914 0.002388440571716492 0 
-0.0009740459067611273 0.002366549033886273 0 
0.0001245445736110754 0.0004875375690214159 0 
0.0001521525628488962 0.0003950462644212183 0 
0.0001768843989503111 0.0003217330222179284 0 
9.550712739794147e-05 0.0005991737068921228 0 
0.0001992323320269868 0.0002625818469777305 0 
6.357058403230796e-05 0.000726669154232016 0 
0.0003906607497134923 -4.134433372967892e-05 0 
0.0003931859930450476 -3.314980804094833e-05 0 
0.000377885116033378 -1.378590320509708e-05 0 
0.0003529825291455406 1.461697861977226e-05 0 
0.0003613462981589733 7.191045088484422e-06 0 
0.0003432267505691578 2.33033016023496e-05 0 
0.0003940343555382539 -5.387728708305585e-05 0 
0.0003057057380029815 6.978733051285638e-05 0 
0.0002398777394009625 0.0001741593400096237 0 
0.0002588339128219978 0.000140603525137716 0 
0.0002922687018018837 8.877120842480238e-05 0 
0.0003177278158928699 5.396386427417219e-05 0 
0.0002762177615092431 0.0001123694898395044 0 
0.0003269181379202789 4.199370042889104e-05 0 
0.0003333907113662321 3.299596170604092e-05 0 
0.0003691703698042195 4.254080113462966e-07 0 
0.00040386954089056 -2.833076885454356e-05 0 
0.0003767831974034579 -5.783980227736031e-06 0 
0.0002207928284142554 0.0002141107306313148 0 
-0.0008801216769084577 0.002268314663466611 0 
-0.000851193855535654 0.00226452292640425 0 
-0.0003439711497325992 0.001683984659431803 0 
-0.0002087943049764873 0.001455007188877478 0 
-0.0001382575562761909 0.001309910952877602 0 
-0.0004011153478839124 0.00175949884738823 0 
-0.0005695706265972028 0.001963802841090809 0 
-0.0006548669046059301 0.002060840184505254 0 
-0.000794429498719946 0.002208693916623934 0 
-0.0002768128688485713 0.001577892757050049 0 
-7.441950585784101e-05 0.001159627079790582 0 
-1.978419627000191e-05 0.001010759502265393 0 
-0.0004539618989145487 0.001810657744802451 0 
-0.0007285391127269147 0.002139789875459937 0 
-0.0008514729529445648 0.002209345248206227 0 
2.604749840072066e-05 0.0008651609912768661 0 
-0.0009565178819879051 0.002321693292733702 0 
0.0004016980119396862 -4.668491235763119e-05 0 
0.000179775201612902 0.0004487244088048088 0 
0.0002288495734701486 0.0002955597270142646 0 
0.0002060497471088253 0.0003643436186491386 0 
0.0002463226191122938 0.0002410429518992084 0 
0.000155799072718982 0.0005417968988859027 0 
0.000266613860597011 0.0001944528634076641 0 
0.0003700862468374888 8.700992598124349e-06 0 
0.0003764821574303379 2.266301932515349e-06 0 
0.0003601506395986264 1.706216081377191e-05 0 
0.0003469697370293779 4.132929309474356e-05 0 
0.0003389381733906258 5.578799145197403e-05 0 
0.0002992669382757409 0.000124351939053865 0 
0.0003556604361164659 2.801953032907913e-05 0 
0.0003125978335642566 9.781775711174355e-05 0 
0.0003285335176001499 7.397784005669074e-05 0 
0.0003498480896616102 2.569086840935141e-05 0 
0.0003823275393572327 -3.379163599670606e-06 0 
0.0003899683586917338 -8.902627869543014e-06 0 
0.0001318909743495614 0.000641952749640687 0 
0.0002819338462082145 0.0001569578595743764 0 
-3.130823545335953e-05 0.001121560898331455 0 
2.639803687837672e-05 0.0009852334345957429 0 
-9.751377132147976e-05 0.001258821925412962 0 
-0.0001627669611295479 0.001379326978403791 0 
7.040186068543428e-05 0.0008630383606538003 0 
-0.0002256689767444641 0.001482921258985 0 
-0.0002701249572627568 0.001545267554563903 0 
-0.0003808880633987514 0.001670016163048658 0 
-0.0005725270796845011 0.001919986945071584 0 
-0.0005958147946247416 0.001906194120354271 0 
0.0001042052525518276 0.0007504021616092251 0 
0.0003970691586113617 -2.235541626068025e-05 0 
0.0004067750317032758 -5.470623996272967e-05 0 
0.0004119802283931152 -5.915569475067646e-05 0 
0.0004129016596161882 -3.569942128754318e-05 0 
-0.0007918180296199003 0.002117688268958984 0 
-0.0006785849121505618 0.001987406928677761 0 
0.0002130673017531293 0.0004856196418548502 0 
0.0002864573668449338 0.0002643724741113575 0 
0.0003931557538128865 -5.580822032995142e-06 0 
0.0003908262266822402 3.680623350896709e-06 0 
0.0003742123575340721 3.164314624381807e-05 0 
0.000346802971181872 0.000108900455511183 0 
0.0003796605326709094 2.12790324697706e-05 0 
-0.0001211243385089819 0.001311267321884361 0 
0.000127415985892041 0.0008264396422579174 0 
-0.0001835822014927518 0.001393520402780456 0 
0.0003191870098103289 0.0001754553595011902 0 
0.0001794224035496332 0.0006456019720925486 0 
0.000415446837855146 -4.763856654891793e-05 0 
0.0004164588529310424 -2.807015745768866e-05 0 
0.0003839171232340069 -1.144048707316361e-05 0 
0.0004261446362450379 -3.289413887186956e-05 0 
-0.0003719936648232396 0.001618193234952973 0 
-0.0002243361494204277 0.001435324623945217 0 
0.0004325615931447066 -3.027814906664709e-05 0 
0.0004245942279901549 -5.593364446730563e-05 0 
0.0004290803968841343 -4.246907016978399e-05 0 
-3.867520386105658e-05 0.001173325420172146 0 
0.0004038842004110922 -1.861960882088976e-05 0 
0.0002285804441651797 0.0004148150867547113 0 
0.0004123813604467476 -1.492715785699197e-05 0 
0.0003683107771423977 6.242888887452274e-05 0 
-5.765127670108125e-05 0.001205166266331235 0 
0.0001985265990468506 0.0005598583309383867 0 
-0.00016520127076329 0.001330597321838764 0 
0.0003887930065646435 0.0001574956950433177 0 
-6.325310507371034e-05 0.001219073389637475 0 
0.0003849695962794043 1.389828626556233e-05 0 
0.0004098973501947054 2.734028679393863e-05 0 
0.0003699249449163531 0.0001294658496764639 0 
0.00016384730617933 0.0007211796771642312 0 
0.0005239143398894556 -3.288055680185588e-05 0 
0.0005070432589942298 -4.29785829987041e-05 0 
0.0004462818063678485 -6.204074311421789e-05 0 
0.0004675285869469235 -5.751212066724257e-05 0 
0.0004880457413728929 -5.129386634633381e-05 0 
0.0005473312724512393 -1.056929268517341e-05 0 
0.0004440112362703114 -4.948839329420006e-05 0 
0.0003487882518010042 0.0002487270037387666 0 
0.0001540998305503424 0.0008356881501581989 0 
0.0002918079999430481 0.0003337239665189564 0 
0.0004015052091364151 4.542668787530429e-05 0 
0.0003891298541170216 7.600020920186134e-05 0 
0.0002420835788789943 0.0005536122182804681 0 
7.258476806546574e-05 0.0009889983676737003 0 
-0.000287889537213936 0.001485817765659945 0 
-1.14527980643197e-05 0.001117815321943738 0 
0.0004224122169013549 -2.360116434986458e-05 0 
0.0004288688661266729 -3.408848434196292e-06 0 
0.0004267091187635949 9.474327958149135e-06 0 
0.0004358438890612466 0.0001124871347736613 0 
0.0004430009954235146 -3.63173096768261e-05 0 
0.0005379536959769983 -2.172445631663045e-05 0 
0.0005237801396295394 -2.780763215451845e-05 0 
0.0004874740230699379 -4.210510079399568e-05 0 
0.0004674431815527776 -4.695266839229243e-05 0 
0.0005063406983186268 -3.571008649916208e-05 0 
-0.0006508818773598916 0.001927526828059584 0 
-0.0004854057034822654 0.001748742992800943 0 
-0.0001682366353950372 0.001180858441456418 0 
-1.981012968269229e-05 0.0008753946998853318 0 
9.478785716677456e-05 0.0005732411566187118 0 
0.0001678005558288265 0.0002806482407111453 0 
-0.0003431242978382014 0.001481507111523042 0 
0.0004389674550405264 -2.096277705882711e-05 0 
0.0004027206303103902 0.0001978043319857665 0 
0.0002710618705032722 0.0005545862540022857 0 
0.0004424101094538667 2.640262634707567e-05 0 
0.0001371251595972027 0.0008984677297141818 0 
-0.0001263778841221047 0.001257426200232893 0 
0.0004124319049853424 9.109940062541455e-05 0 
0.0004317874580181535 -1.379308238980308e-05 0 
-0.0003941479648474252 0.001619088610032693 0 
0.0004442238065060547 -3.071940128563703e-05 0 
0.0004217701312351002 4.939128834973785e-05 0 
0.0004634607510769268 -6.813403671437344e-06 0 
0.0004864582617872814 -3.547406270974311e-05 0 
0.0005039363731767951 -3.13732283770932e-05 0 
0.0005205880350396981 -2.555256190485021e-05 0 
0.0005394793231302393 -1.909930385565288e-05 0 
-0.0005646437363423841 0.001830585473177352 0 
0.0003344452664440887 0.0003271213754761083 0 
7.568649992271295e-05 0.0008338777121079004 0 
-8.929157865726751e-05 0.00112418557366324 0 
-0.0002710321168772135 0.001407283281955541 0 
-0.0005393007850568742 0.001773871264977943 0 
0.0003217079102116921 0.0004141253887580014 0 
0.000426069255082646 -6.654036855142204e-05 0 
0.0004680735656076649 -3.90693712701588e-05 0 
0.0004400717274364962 -2.688415285278808e-05 0 
0.0004559317031490543 0.0001439867954820731 0 
0.000457566842288594 7.099686500429723e-06 0 
0.0004650461543908341 -3.361870889809764e-05 0 
0.0004734813259467081 3.038050642066072e-05 0 
0.0004480007238671259 5.805420262315389e-05 0 
0.0002255094169985795 0.0007690620246649694 0 
0.0004605965695629221 -1.575943598665159e-05 0 
0.0002189634055534645 0.0007590019570458101 0 
0.0004046379575219299 0.000256057217039779 0 
-0.0004637194707084136 0.001679089093470257 0 
0.0005015745793914884 -2.855831624047378e-05 0 
0.0004864131057846351 -2.973634583631457e-05 0 
0.0005358865803202209 -1.950058006452219e-05 0 
0.0003937658613989257 0.0003354911907383366 0 
-3.42116083203427e-05 0.00109138259060203 0 
0.0001329997876115593 0.0008229883164742724 0 
0.0004563298655391266 -2.016111929416235e-05 0 
0.0003607975785906377 0.0004442537052176277 0 
-0.0002167147128576213 0.001364153903110591 0 
0.0004915042728526221 8.489502322630019e-06 0 
0.0005038012875257223 -8.802327485524167e-06 0 
0.0004665490584733853 0.0001897595053198381 0 
0.0005064379786101344 3.963305358518236e-05 0 
7.083589022593193e-05 0.001014643865605523 0 
0.0002698190964783121 0.0006903952191345248 0 
0.0003083494823896986 0.0005772869424446405 0 
0.0004678026223412047 -2.315786805944761e-05 0 
0.0005140908958889281 -2.43184428876732e-05 0 
0.000462225390876723 0.0002561756969041173 0 
0.0002168089326294824 0.000542489607963648 0 
0.0004891394398975945 -1.898683722815339e-05 0 
0.000436906395922933 0.0003495599638106249 0 
0.0004764938379559788 7.234250796240778e-05 0 
0.00053651106234783 -2.526304448288688e-08 0 
0.0005261917317350195 1.57500690222093e-05 0 
0.0003130906854477239 0.0006155247181652555 0 
0.0005205865755130837 0.0001288609521560542 0 
0.0005150838456715041 -1.925696818444648e-05 0 
0.0005480124226810793 -1.411580410257519e-05 0 
2.669108998709865e-07 0.001075069643455183 0 
0.0004600133955773509 -2.937686998414988e-05 0 
0.0005223855514525874 0.0001819244746192531 0 
0.0002904999624287538 0.0005474104916374416 0 
0.000503057235239204 9.489323877010911e-05 0 
0.0003757645724885758 0.0005129848067867964 0 
0.0005015374274188065 0.0002608205684476103 0 
0.0005519244210394847 -1.223020299599027e-05 0 
0.0005716240090437363 0.0001129860485095024 0 
0.0005444351246487485 -7.168862127883435e-06 0 
0.000555386122880487 -9.274236635490719e-06 0 
0.0002975842947816774 0.0006125684541775515 0 
0.0004400702459230217 0.00025810196250866 0 
0.0003869170171716022 0.0004711633249300393 0 
0.000152263688447453 0.000844897819466959 0 
0.0005683662023314663 4.351150212301675e-06 0 
0.0004193711961306151 0.000406575791016332 0 
0.0005673153157106733 -6.034680927334716e-06 0 
0.000552992202465273 0.0001735252811971382 0 
0.000566027045293124 7.404140884677428e-05 0 
0.0005627901794191875 2.432192300257918e-05 0 
0.0003169631223561406 0.0002637204384360559 0 
0.0005637961740907468 -5.712393554768963e-06 0 
0.000505133559775164 0.0002642669766212875 0 
0.0005862356230257908 8.720056562447723e-05 0 
0.0005923537558134488 4.108307578689492e-06 0 
0.0006038992052146908 5.312073746565483e-05 0 
0.0006002417395265192 2.646787884046163e-05 0 
0.0005377902088154901 0.0001418728978055922 0 
0.0005403450263041719 5.38069451533276e-05 0 
0.0005800341662710218 -2.769273445750803e-06 0 
0.0003978657563358617 -6.046467870338106e-05 0 
-0.0007469019052139704 0.002051688780809922 0 
0.0004012955354765476 -5.177762309324764e-05 0 
0.0003992310722072525 -4.069780645320803e-05 0 
-0.0008948433498606736 0.0023082647270329 0 
0.0003907050912543798 -1.685464326273133e-05 0 
-0.0004095635704237356 0.001622891007456753 0 
0.0004532900512003708 0.0003695769229156596 0 
0.0004519166246351447 -4.136405343168308e-05 0 
0.0004093566490337854 -4.099573262374904e-05 0 
-0.0007550370279507451 0.002097925025191925 0 
0.0005300546920094056 -1.904502913415644e-05 0 
0.000105823840512799 0.000958168691315213 0 
-0.0008056318286817855 0.002182086600670898 0 
-0.0006965802305435871 0.002038053917701523 0 
0.0004099346713851539 -2.331580712735909e-05 0 
0.0003974355672166838 -1.386557178756324e-05 0 
-0.0003196688585116643 0.001610535319905186 0 
0.0005311335052700457 -1.341175982443223e-05 0 
-0.000508660006787289 0.001850990457483367 0 
-0.0006575996706631523 0.00201545923997232 0 
-0.0007369419548742445 0.002108057238202046 0 
0.0001760575419296952 0.0008454140864061614 0 
0.0005021477063452617 -2.414080225913605e-05 0 
0.0004762236151294679 -2.668608281887389e-05 0 
0.0004188956701687209 -1.958990486382837e-05 0 
-0.0004741670889252917 0.001771334288974168 0 
0.0004277232347815827 -2.731864489707484e-05 0 
-0.0002520572621313892 0.001501392485757121 0 
-0.0001276313591654787 0.001323098692612684 0 
1.862222946469065e-06 0.001097246759952411 0 
7.067268038868516e-05 0.0009587250246415838 0 
5.082235374790494e-05 0.001038322896417815 0 
0.0004023571171200383 -1.000809824818893e-05 0 
0.0003929309258007198 -2.175653721313197e-06 0 
0.0003739680942369711 1.448996232326732e-05 0 
0.0002535572712398031 0.0003409213999234321 0 
0.0002846660282622807 0.0002266182882551596 0 
0.0003167679042530158 0.0001463984351181969 0 
0.0003431583399022581 8.909789185898752e-05 0 
0.0003727778730256725 4.360215550274195e-05 0 
0.0003398284950287775 0.0002057802833317343 0 
0.0004525635496606771 -2.550980848045079e-05 0 
0.0004899027018506313 -2.34770753190014e-05 0 
0.0002249537092914105 0.000686197977468953 0 
0.0004024973246085176 6.362668816978174e-06 0 
0.0004340358258292042 -2.397369210075683e-05 0 
0.0004106339346711502 -7.974214831940351e-06 0 
0.000309642712773635 0.0002824655435054773 0 
0.0002633558710191428 0.0004792368045292613 0 
0.0002656407400619664 0.0003887069534928012 0 
0.0003962448647020852 2.385859426493934e-05 0 
0.0004027680330573293 1.409993092526547e-05 0 
0.0002710951408420637 0.0004193049801141652 0 
0.0004102787090646999 -3.184937257137227e-06 0 
</DataArray>
<DataArray type="Float64" Name="Umag" NumberOfComponents="1" format="ascii">
0.0002963599936232547 
0.0003368451290973335 
0.0003937765838767238 
0.0004731584750099998 
0.0005859832562932437 
0.0007425057413043241 
0.0003052422211639572 
0.0003542134291724737 
0.0004179270402857805 
0.0005031401687578017 
0.0006301880697453218 
0.0008174643054824759 
0.0003238583753788132 
0.0003873309966368204 
0.0004592228737568288 
0.0005525179204339754 
0.0006938255400118707 
0.0009327805028088255 
0.000344793165414277 
0.0005357385887736566 
0.0006209663451719963 
0.0007193970451749085 
0.0008683812803929276 
0.001293159140028521 
0.005391114293293389 
0.005194780123671808 
0.005117097061672069 
0.005025463936960719 
0.004873139073299455 
0.0044326529336552 
0.005413375623966331 
0.005344269800912433 
0.005272347153681598 
0.005184001413468389 
0.005045706105291955 
0.00480596866004698 
0.005440707008640702 
0.005381956267453615 
0.005313643690672177 
0.00522792827918234 
0.005102773934159528 
0.004917704551049391 
0.005464727275285102 
0.005409643129080986 
0.005343391994027559 
0.005259174609121676 
0.005144427582617728 
0.00498859674036244 
0.003154112063441111 
0.003205707976225799 
0.003254511968276824 
0.003331269427255226 
0.003351134019351623 
0.003366022139121992 
0.003378787475318919 
0.003391407138353803 
0.003405378322044252 
0.003422295027286185 
0.003444949222253893 
0.00347397485074633 
0.003511532196482336 
0.00356037417148354 
0.003623858847331855 
0.003707274317171494 
0.003817813721459708 
0.003958067075008082 
0.004131315536150257 
0.004336626876118205 
0.004563356748723149 
0.004789291760420079 
0.003302108012780734 
0.002742467203668942 
0.003098356690552574 
0.003037245797248093 
0.002699367168083098 
0.002897193038248423 
0.001629404034994447 
0.002392496131387329 
0.002970048138556493 
0.002840306251086377 
0.002788168395574584 
0.002458162024360474 
0.001821211055220936 
0.0009438684441720425 
0.001174377320682966 
0.001409966726839353 
0.001982733253624179 
0.002116094707092758 
0.002225821376876384 
0.00231631564008019 
0.002515242991587646 
0.002566107910466879 
0.002612744508105735 
0.00265668413429477 
0.004665184935879385 
0.004440856621826668 
0.00375965917493844 
0.001962991581052953 
0.001298246690919739 
0.001072665243047469 
0.004380897906352345 
0.004062484535049884 
0.003387933283326301 
0.002350966343581693 
0.001685303810344333 
0.001363394241216384 
0.004114822933331229 
0.003771421356822393 
0.00322481542920979 
0.002542610556482707 
0.00199468884864761 
0.001642318973867226 
0.003896431343900361 
0.003574090845404739 
0.003143714921011392 
0.002654628298953189 
0.002216343110689683 
0.001879695379147183 
0.003729283889777127 
0.00344371769600517 
0.003100472085296585 
0.002727524865534783 
0.002373251182119679 
0.002069654405943163 
0.003605097177785403 
0.003357116417663558 
0.003076825249119159 
0.002779015869392982 
0.002486509691168193 
0.002218267357160111 
0.003514259114025716 
0.003299101462806262 
0.003064459036457714 
0.002817957512502069 
0.002570907517858198 
0.002334439721490372 
0.003449023346178646 
0.003260365001189043 
0.003059227628070811 
0.002849238179310954 
0.002636094651628039 
0.002426346996747258 
0.003402078665206316 
0.003234725461144373 
0.003058766493589364 
0.002875709105231584 
0.002688352346237608 
0.002500511960143502 
0.003368008573901251 
0.003218037999453511 
0.003061591815316099 
0.002899105031413113 
0.002731860863060207 
0.002562057330661143 
0.00334324462047778 
0.00320762853585631 
0.003066762176464542 
0.002920510522110691 
0.00276935844608606 
0.002614586059090238 
0.003325309140279761 
0.0032017786473462 
0.003073708251293787 
0.002940645407790372 
0.00280264003741828 
0.002660400082773603 
0.003312540095336543 
0.003199410324865807 
0.00308212168103741 
0.002960068929146883 
0.00283305480650089 
0.002701434312541994 
0.003303937726776711 
0.003199790959616406 
0.003091820321274939 
0.0029792447235792 
0.002861694199633321 
0.002739308309340974 
0.003298019285675789 
0.003202115511779494 
0.003102578721570277 
0.002998526454039209 
0.002889452208466706 
0.0027753343532766 
0.003293383933827322 
0.003205495440180284 
0.003114065590509436 
0.003018154104760046 
0.002917107128369878 
0.002810723416439988 
0.003288646167956846 
0.003208930545552928 
0.003125795081847709 
0.003038225155796264 
0.002945394322029451 
0.002846770397359809 
0.003282140008750236 
0.003211180188321971 
0.003137062142846856 
0.003058604581600029 
0.002974859562482893 
0.002885023599210428 
0.003271578009958216 
0.003210705750309697 
0.00314690907548519 
0.003078853959558757 
0.003005559994755003 
0.002926371137582174 
0.005779065869763982 
0.00577046339223538 
0.00576175705895463 
0.00575284075368273 
0.005743586742890995 
0.005733914960274491 
0.005723625347026487 
0.005712568949387219 
0.005700693011619577 
0.005687729717976243 
0.005673451890710778 
0.005657647764532888 
0.005640120345610853 
0.005620602436493746 
0.005598868749787097 
0.005574603706086823 
0.005547372274822536 
0.005516661688530112 
0.005481706140982739 
0.005440982246531063 
0.0002982727506550456 
0.0002681242200073823 
0.0002492331566673598 
0.0002401353578646167 
0.0002390560217305881 
0.0002440153514256862 
0.0002529199758569402 
0.0002640446452815177 
0.0002761796035823812 
0.0002884580626189413 
0.0003003078720220479 
0.0003113749569701018 
0.0003214725672097471 
0.0003304154397213739 
0.0003381837440539874 
0.000344813302489947 
0.0003503736884648459 
0.000354898669420042 
0.000358534579546008 
0.0003614515846319977 
0.0003638061222898307 
0.0003657445148230436 
0.0003674643208251967 
0.0003691907897035227 
0.0003783825447371342 
0.0003856445370022923 
0.0003912211673770881 
0.0003898018609394968 
0.000388294567840936 
0.0003866143823466469 
0.000384601291192526 
0.0003820963449072373 
0.0003790433992242214 
0.0003753666868318835 
0.00037090075279931 
0.0003654500841454378 
0.0003589812901900329 
0.0003514638800052209 
0.0003428993836518735 
0.0003332991852033907 
0.0003227274215519565 
0.000311306799549288 
0.0002992756691201259 
0.0002870542465774325 
0.0002752297600698304 
0.0002647334788904593 
0.0002569322914817497 
0.0002536450025374644 
0.0002573236079565349 
0.0002705662055327654 
0.005631132805379428 
0.005824462511829253 
0.005823030118179836 
0.0003710572895070217 
0.005668785367094143 
0.005510376471007715 
0.005784645678167651 
0.0003928950062816325 
0.005708938942445746 
0.005736702163362045 
0.005764835082144911 
0.005651310474050474 
0.005777905686812813 
0.005771351204972408 
0.005548364508179394 
0.005744371550909293 
0.005719240268259357 
0.005728405362241912 
0.005580436652227886 
0.00569726347712333 
0.005751531294753713 
0.005758246345922244 
0.005607738755303 
0.005683997194962444 
0.005791708573254988 
0.005799180911530369 
0.005807036623431544 
0.00581556653081547 
0.005823981369483477 
0.005823513039847501 
0.00581410530927771 
0.005805179843933211 
0.005796373106838408 
0.005787669848629259 
0.005465038694380827 
0.005488689155730321 
0.005505636725967778 
0.005528285863000418 
0.005540064773157022 
0.005561643491268893 
0.005569879398852048 
0.00559019636992863 
0.005595908296920938 
0.005614832902376809 
0.005618782479163456 
0.005636254271168007 
0.005638979140675717 
0.005654982911416701 
0.005656896129748684 
0.005671441268769564 
0.005672813799602423 
0.005685935351764191 
0.005687037403966926 
0.005698780929261757 
0.005699784402869914 
0.005710204774793139 
0.005711286081062516 
0.005720440235550913 
0.005721799806596516 
0.005729757378392153 
0.005731547066183148 
0.005738389561016781 
0.005740636570660318 
0.005746447900125015 
0.005749174348449872 
0.005754004932155522 
0.005757397144954181 
0.005761343307966267 
0.005765395890911025 
0.005768549038958555 
0.00577328059962834 
0.005775721839572932 
0.005781168671215726 
0.005782993019816865 
0.005789179460870615 
0.005790503191907159 
0.005797391282340754 
0.005798318376016661 
0.005805846131921737 
0.005806464820318283 
0.005814623343054802 
0.005815120254873106 
0.0002723704774066285 
0.000282142594636162 
0.000253278420259156 
0.0002568114245312145 
0.0002453081775657914 
0.0002434360294815845 
0.0002457713005017765 
0.0002396696092902077 
0.0002520161248367474 
0.000243022315879029 
0.00026186557921936 
0.0002511523060212762 
0.0002736243818340159 
0.0002620699501065983 
0.0002861242868583527 
0.0002743132990702414 
0.0002986401405102986 
0.0002869423708938407 
0.0003106690681907839 
0.0002993092930339321 
0.000321894842432259 
0.0003109901896652285 
0.0003321326233272471 
0.0003217296533984895 
0.0003412881172671319 
0.0003313880639651832 
0.0003493274206343932 
0.0003399074944997638 
0.0003562649665874685 
0.0003472922806737119 
0.0003621406863774981 
0.0003535699677776537 
0.0003670461623565497 
0.000358813444955657 
0.0003710294440889452 
0.0003630804764393808 
0.0003742569744564145 
0.0003665048593394781 
0.000376882193866373 
0.0003692550141362443 
0.0003790001750448755 
0.0003714822860811889 
0.000380755865156379 
0.0003733072060700718 
0.0003823133339421035 
0.0003749300029966735 
0.0003838988236039526 
0.0003765753290232595 
0.004308464457297601 
0.004586977655155038 
0.004871398818394531 
0.005157673047168126 
0.005444250448413262 
0.005734329906182045 
0.005741840414159239 
0.005750553577997658 
0.005757614286856536 
0.005762176551632466 
0.00576463320680331 
0.005763769079849965 
0.005762513752353139 
0.005760990840318368 
0.005759609597602456 
0.005758405917737283 
0.005757464215669867 
0.005773015954763717 
0.005788323253082063 
0.005801582879860081 
0.005812122817859159 
0.005819539865179497 
0.005823876571214403 
0.00582557614104537 
0.00582540240766951 
0.005756481393027484 
0.003437253225032372 
0.005730772970364519 
0.003599938731793609 
0.003804007316191634 
0.004043789030166699 
0.005287060536213647 
0.005433114666606814 
0.00548568868676605 
0.005369014371399468 
0.005180229314080643 
0.00566380392437367 
0.005694707785203505 
0.005718919559940021 
0.005728583442520667 
0.005736733503540446 
0.005743880927388286 
0.005565468148055733 
0.005596230579081735 
0.005622619781714586 
0.005529228776349467 
0.005645121320923152 
0.005680265086457075 
0.00570780304838611 
0.005750670558111369 
0.005757272619397369 
0.005768079275005181 
0.005773683328367908 
0.005785075978419704 
0.005797355834348839 
0.005804044142021699 
0.003898711282787582 
0.004188906679560426 
0.00434806099676187 
0.004521515241881375 
0.004704220528652707 
0.005047292086880662 
0.004885898369771782 
0.003528475271143369 
0.003633736053216197 
0.003745831424028742 
0.003812981655626294 
0.004043249989795032 
0.005392175148734889 
0.005453082282770506 
0.005502625374463689 
0.005314231766436986 
0.005544257822656458 
0.005214777939166501 
0.005763000625951076 
0.005791170694261584 
0.005779323229573622 
0.005744143480474982 
0.005736822017361904 
0.005749951105192526 
0.005609333963512089 
0.005689950114700402 
0.005635184460702215 
0.005675176106789646 
0.005703639550698881 
0.005657335398943575 
0.005716364765870289 
0.005727580495010032 
0.005755352177849824 
0.005775616276247657 
0.005798882704575807 
0.005761712412590568 
0.005579286345484295 
0.00349345317265135 
0.003505183331877534 
0.003689848880915148 
0.004673088561211959 
0.004529891559881248 
0.004817450415401507 
0.004236073468898983 
0.004043576664098362 
0.003519674437219196 
0.004387735509023675 
0.004961513379426907 
0.003470317410923056 
0.003998376526613472 
0.003786797523836778 
0.003456448721061583 
0.005097992911402455 
0.005811800115446625 
0.00578639681295658 
0.003585617088812945 
0.005343575035654841 
0.005472388466027646 
0.005416818719127867 
0.005515815260421129 
0.005250502862604084 
0.005554608870765173 
0.005711332868958988 
0.005744222196453842 
0.005699868301215893 
0.005723409055553805 
0.005619685928885851 
0.005645329100732605 
0.005666966927483581 
0.005734636367278314 
0.005751810595307862 
0.005758472921676802 
0.005756196506355606 
0.005763775584196091 
0.005137104276491447 
0.005589000538452085 
0.004697787000334587 
0.004816432029832769 
0.004926901527021605 
0.00458347993120102 
0.004473697866359943 
0.004386809714643064 
0.004121332371947334 
0.005010722087028804 
0.003864153612368496 
0.003614970392031288 
0.003586338076173388 
0.00368737636074508 
0.005768828782786128 
0.005794264610727765 
0.005248689213389376 
0.005525159288857891 
0.005763180710307801 
0.004668185659632562 
0.005728767924932386 
0.00562835545125994 
0.004952238066699481 
0.004769616803216737 
0.005593610539074116 
0.005128310799035564 
0.003749099983843485 
0.003962752306238584 
0.003934554710452958 
0.005790450566607243 
0.005770172138342218 
0.003864800216173486 
0.00578269185557667 
0.005800048785047475 
0.004171581848364809 
0.003744579839387774 
0.003812882265158554 
0.004251724813574883 
0.005776323402602115 
0.005790603277282686 
0.005449403169219649 
0.004321306815954291 
0.005749802343364632 
0.0057605339866361 
0.005770246043537306 
0.005617638160467003 
0.005241143771945487 
0.005691795442399995 
0.005713159858780348 
0.004969622215060975 
0.004829498878460931 
0.005667974485551279 
0.005097534874044093 
0.004901995486090721 
0.004631104024423728 
0.003885642778583955 
0.004115748391089941 
0.004366885065046632 
0.005455340081516988 
0.003938442700505845 
0.005776664506157261 
0.005347678378662484 
0.005752362104691879 
0.005731571572579888 
0.005769681255640351 
0.005496337189921533 
0.004754377112218707 
0.005800050049320934 
0.005783271484493704 
0.00446771553733363 
0.005722717474185158 
0.005649828460960999 
0.005703786908696366 
0.005076272611418796 
0.005250994629993358 
0.005139040094124769 
0.005179711424841935 
0.004896754585093408 
0.004396215712487955 
0.004160505350268949 
0.004643599395651423 
0.004194720460290536 
0.005788930124397375 
0.005778960519224075 
0.005768343560652366 
0.005797564089405254 
0.00580442083824287 
0.00578277301568511 
0.004674992589236088 
0.005324787777030522 
0.005737632075209878 
0.005550340863360833 
0.005027436610157225 
0.005797957517775462 
0.005761332762747908 
0.004422193822355269 
0.005462760181567659 
0.005789459372177377 
0.005711238525719556 
0.005646370368461434 
0.005161794741037009 
0.005306167525654151 
0.004637467390617273 
0.004408398990825855 
0.004865304921119771 
0.005162512297623536 
0.005776008642472154 
0.005775128805442814 
0.005782506699570494 
0.005809210694191861 
0.005788933533355902 
0.005747568427746028 
0.003694412137031401 
0.004185278449267693 
0.005753417219329779 
0.004637736833949976 
0.005379066001537078 
0.005732294265062746 
0.005787024827492038 
0.005425814505224392 
0.005527090789581696 
0.004412545178747194 
0.00560054327637005 
0.005052427907212441 
0.005684359665911055 
0.005291942393471551 
0.005746548411042834 
0.004833712517421543 
0.004632138640401525 
0.005759894614983216 
0.005085622513724754 
0.005781426827767244 
0.005783515065081197 
0.005779031888884693 
0.004851269328058734 
0.005450671682628795 
0.005586162593745042 
0.005779257190202192 
0.005742237440918202 
0.005794172999029871 
0.005495843525053544 
0.005774677626914551 
0.005216035006959328 
0.004978621903750738 
0.005015975861816822 
0.005776286035062074 
0.005773613689366216 
0.005007238298330128 
0.005762603169723191 
0.005766778761970717 
0.005529492091416711 
0.005564023550311022 
0.005388278793356204 
0.005638806142091679 
0.005095248334587457 
0.005772415382627857 
0.005280336628747507 
0.005197133907135076 
0.005772503442161915 
0.005681548346295381 
0.005768911452098971 
0.005608859802426243 
0.005476611432930286 
0.005169606328944979 
0.005148620547094278 
0.005456910272582363 
0.005346252800167677 
0.005767081872606915 
0.005626812439582211 
0.005715461947751493 
0.005578111001374266 
0.00538517971594983 
0.005582251809798384 
0.005768019356777026 
0.005542540231373423 
0.005755507801129961 
0.00576383447391225 
0.005677939390678291 
0.005756514452929309 
0.00571366253489392 
0.005663276118017347 
0.005679312209587253 
0.005493992427746303 
0.005677465341452806 
0.005713866606622778 
0.005417284617328908 
0.005753502877625977 
0.005279440137291703 
0.005632845038204173 
0.005766920514159598 
0.005762836584508701 
0.005722923882950549 
0.005757775421505401 
0.005761958804328018 
0.005736000054430992 
0.003464889814071999 
0.003572482657614958 
0.005811839771910209 
0.005746636438550649 
0.005738004145554501 
0.003560527801577543 
0.003660777750665739 
0.003572557257617279 
0.005790688870989143 
0.005771000237484064 
0.00396751397622717 
0.005749296067297774 
0.003996271215298939 
0.005768891845203597 
0.004824649666985475 
0.004008431243939455 
0.004050877635352882 
0.004189901077491936 
0.005781115556102449 
0.005776749023800911 
0.00568559825551736 
0.005755122546173668 
0.005683862744103204 
0.005610131842117017 
0.005565759407926248 
0.005502127033503546 
0.005208021250353333 
0.005096690921884929 
0.004918894666821107 
0.005679004736213844 
0.005648354754015564 
0.005593512709153667 
0.005539735625126428 
0.004572948942588584 
0.005394424195993049 
0.004933362705735731 
0.004851889066683148 
0.004526397159527252 
0.005743244658686411 
0.005638053199500524 
0.005039861068068554 
0.004719508609215107 
0.005498901426281866 
0.005374752081593245 
0.0052931743647371 
0.005739948677623284 
0.005718710709446035 
0.005671807179488142 
0.005654999276937032 
0.005556517702359359 
0.004973974381125066 
0.002635822819379219 
0.0004125653936371781 
0.0005988404789659972 
0.0003552528929618571 
0.0005082068833105028 
0.001304062250470988 
0.0006021127445486363 
0.0006167440477344155 
0.0004718602103703981 
0.0005547796851392543 
0.0005719624767030111 
0.001997142600696155 
0.0005220539434124987 
0.0005322703824952251 
0.0005383802401074882 
0.0003171396858713172 
0.0005404085746668232 
0 
0.0006383611253136416 
0.0005507967960506306 
0.0005861506201759479 
0.0004326650880737465 
0.0004529193621975074 
0.0004728166609616497 
0.0004915158551314278 
0.0005606061678906227 
0.001649578679140087 
0.000195231097001273 
0.0006141968427160863 
0.00233354761327392 
0.0009667465797491789 
0.0005360326914552058 
0.0003723403228155981 
0.0003253931501136922 
0.0004405804615928465 
0.0006638242715925505 
0.0003558727117842331 
0.0003470977440211359 
0.0003375966365484318 
0.0003273709699622843 
0.0003069101222220497 
0.0002869737686676515 
0.0002778026724847422 
0.0002723124088893065 
0.0002714314815141299 
0.0002950403472480167 
0.0002970147673428409 
0.0002784549644224989 
0.0003952613281621919 
0.0003896264995698809 
0.0003900595086370967 
0.0003843828110745228 
0.0003712409135130521 
0.0003639156286672952 
0.0003168058136949951 
0.000411123433470675 
0.001963015703523158 
0.002241145102159405 
0.002477574013118038 
0.002574083527581446 
0.0009991521632100372 
0.001373050685863251 
0.001548902592954419 
0.001708856943366338 
0.0008210589002560092 
0.001185751240062893 
0.001845200818280075 
0.002054971126069266 
0.00213843682324136 
0.002332040997772537 
0.002410318342498229 
0.002535014104952992 
0.002577873475671408 
0.002559163878743634 
0.0005031940301943937 
0.0004233343281788596 
0.000367151505754089 
0.0006067377871986003 
0.0003296099945195045 
0.0007294445001961988 
0.0003928424306236012 
0.0003945809611473569 
0.0003781364992257953 
0.000353285043478992 
0.000361417844499491 
0.0003440169271588725 
0.0003977006857020455 
0.0003135701990751963 
0.0002964334757963476 
0.0002945578817616292 
0.0003054526501737351 
0.0003222779291845079 
0.0002981998558349209 
0.0003296042168677062 
0.0003350195515401881 
0.0003691706149104507 
0.0004048619993566219 
0.0003768275895855397 
0.0003075595520393445 
0.002433077388547639 
0.002419213728448175 
0.001718755504733007 
0.001469911895820887 
0.001317187099973337 
0.001804641159972957 
0.002044732818086183 
0.002162385934291055 
0.002347221132694574 
0.001601989674470838 
0.001162012576109122 
0.001010953107637459 
0.001866698388727863 
0.002260413667870058 
0.002367744203956072 
0.0008655530099307061 
0.002511012983655657 
0.0004044017480651339 
0.0004833970605746219 
0.0003738016579821651 
0.000418572300485782 
0.0003446397210807603 
0.000563752809928674 
0.0003299922222566497 
0.000370188515989423 
0.0003764889785742089 
0.0003605545735875981 
0.0003494225363109066 
0.0003434987414410997 
0.0003240742277494344 
0.0003567624418270748 
0.000327544987987053 
0.0003367595477580128 
0.0003507901175339816 
0.0003823424722648396 
0.0003900699649597599 
0.0006553613979218758 
0.0003226801253872429 
0.001121997796019789 
0.0009855870215239018 
0.001262593194777215 
0.001388897403333983 
0.0008659050952315563 
0.001499993982459446 
0.001568699878155191 
0.001712900960850747 
0.002003531164274062 
0.001997140779706557 
0.0007576028899147545 
0.0003976979775615197 
0.0004104372048292659 
0.0004162056040087382 
0.0004144420697685842 
0.002260880226044193 
0.002100062804573891 
0.0005303056775404088 
0.0003898084505080583 
0.0003931953615325886 
0.0003908435575149332 
0.0003755478361479612 
0.0003634991197116129 
0.0003802563836292669 
0.001316849685735249 
0.000836204111300725 
0.001405560933460492 
0.0003642319733485116 
0.0006700703733678392 
0.0004181692338117137 
0.0004174037732511998 
0.000384087545042464 
0.0004274123013818596 
0.001660400142229635 
0.001452750317170938 
0.0004336199928218126 
0.0004282625725252565 
0.0004311770041541318 
0.0011739626540124 
0.0004043131672037781 
0.0004736249314109948 
0.000412651434609887 
0.0003735641775188628 
0.001206544404159264 
0.0005940152870509522 
0.001340813444423309 
0.0004194816991368665 
0.001220713268799708 
0.0003852203946063176 
0.0004108081413246526 
0.0003919258489865342 
0.0007395580210483339 
0.0005249451081374166 
0.0005088614989248706 
0.0004505735284069784 
0.0004710526760737386 
0.0004907338447641168 
0.0005474333126061636 
0.0004467606506902009 
0.000428390437548815 
0.0008497772897003524 
0.0004433098179150868 
0.000404066847111956 
0.0003964821246460693 
0.0006042275625890323 
0.0009916583685001409 
0.001513451293695296 
0.001117873991358456 
0.0004230710294338134 
0.0004288824134660052 
0.0004268142862255929 
0.0004501258169907832 
0.000444487152714662 
0.0005383921721362282 
0.0005245177776552296 
0.000489289037973326 
0.0004697953608214322 
0.0005075983777077821 
0.002034454937118288 
0.001814861083345916 
0.001192782555308352 
0.0008756188222196775 
0.0005810250954200062 
0.0003269869440065216 
0.001520722724647825 
0.0004394677059884773 
0.0004486763419547919 
0.0006172847404310433 
0.0004431972513734777 
0.0009088715919932333 
0.001263761060733916 
0.0004223732674355093 
0.0004320077059770931 
0.001666373471143539 
0.000445284708789867 
0.0004246522612290209 
0.0004635108307886441 
0.0004877499867619044 
0.0005049120197315402 
0.0005212147692136085 
0.0005398173056626026 
0.001915689359890751 
0.0004678269237017452 
0.0008373054908579409 
0.001127726114822059 
0.001433145018499699 
0.001854040075477715 
0.0005244004358376716 
0.000431233846971269 
0.0004697012652656138 
0.0004408921443658913 
0.0004781275093629247 
0.0004576219189575161 
0.0004662597380234311 
0.0004744549938515018 
0.0004517465429061732 
0.0008014430079156105 
0.0004608660973816029 
0.0007899550264229863 
0.0004788498460537244 
0.001741946018487617 
0.000502386938642158 
0.0004873212079755523 
0.0005362412699430672 
0.0005173063818147472 
0.001091918675182846 
0.0008336658278698229 
0.0004567750178306065 
0.0005723078256641772 
0.001381260706072833 
0.0004915775848043427 
0.0005038781780170063 
0.0005036632742434492 
0.0005079864221760311 
0.001017113512522088 
0.0007412475318192845 
0.000654476597906355 
0.000468375469385798 
0.0005146657516295034 
0.000528467879492642 
0.0005842097979463268 
0.00048950780550596 
0.000559534956099842 
0.0004819541638665545 
0.0005365110629426187 
0.0005264273959631121 
0.0006905769008492413 
0.0005362979839557524 
0.0005154436912945998 
0.0005481941912664236 
0.001075069676588584 
0.0004609504578592693 
0.0005531574629632281 
0.0006197164468737722 
0.0005119290074715368 
0.0006358871172870299 
0.0005653027153899132 
0.0005520599101592992 
0.0005826833229748601 
0.0005444823206822301 
0.000555463551417544 
0.000681026081405245 
0.0005101749154922951 
0.0006096717616357999 
0.0008585083320269204 
0.0005683828572897526 
0.0005841027940222327 
0.0005673474110400044 
0.0005795786393596122 
0.0005708491448949359 
0.0005633154906348881 
0.0004123276495490683 
0.0005638251123881307 
0.0005700850358882307 
0.0005926855358026429 
0.0005923680023578755 
0.0006062310308849509 
0.0006008250115300919 
0.000556189021672996 
0.0005430174350777232 
0.000580040776943429 
0.0004024340162503792 
0.002183412308592576 
0.0004046220817585164 
0.0004013000877969693 
0.002475647525568643 
0.0003910684688537382 
0.001673773443540742 
0.000584858078912348 
0.0004538057079168588 
0.0004114043220501307 
0.002229656997141765 
0.0005303967285494007 
0.0009639947750053349 
0.002326057732777205 
0.002153807741894035 
0.0004105972012394316 
0.0003976773619026399 
0.001641953773942571 
0.0005313028098194417 
0.001919609511384889 
0.002120026715597256 
0.002233156681558621 
0.0008635515245567521 
0.0005027276572076792 
0.0004769707314114728 
0.0004193534867610805 
0.001833701063836607 
0.0004285947665698141 
0.001522403448393729 
0.001329240352320009 
0.001097248340213084 
0.0009613263236941589 
0.001039565942528879 
0.0004024815669415106 
0.0003929369490385523 
0.000374248706765116 
0.0004248749118556282 
0.0003638551857790681 
0.0003489618990232381 
0.0003545364305373843 
0.0003753191849373406 
0.0003972768946737436 
0.0004532819396470385 
0.0004904649124515255 
0.0007221300683439558 
0.0004025476119311713 
0.0004346974074182881 
0.0004107113541231803 
0.0004191245552835821 
0.0005468310795992386 
0.0004708057969846207 
0.0003969624986356681 
0.0004030147596614387 
0.0004993087639294135 
0.0004102910709936649 
</DataArray>
</PointData>
<CellData>
<DataArray type="Float64" Name="sigma_xx" NumberOfComponents="1" format="ascii">
-37.6144290429086 
-35.85214257167669 
-29.18963527352228 
-19.62615515682188 
-6.114886868328931 
-17.37053246171003 
-13.97682875578412 
-10.64800145205741 
-4.149056869330413 
8.308837806284805 
0.3076372293437705 
0.9663439043152094 
2.460866477295945 
5.044344009219206 
14.12438247904358 
2.36851884988253 
5.897644975780231 
5.368420637150859 
6.174143677657489 
10.89551842644001 
0.3031548432965178 
0.9671169897747157 
2.461891409865258 
5.042748681210889 
14.11182475396364 
-17.3772329816891 
-14.00183512604431 
-10.689679948235 
-4.167174552088587 
8.233147309822602 
-37.68106041206695 
-35.70643598020519 
-29.20015850716921 
-20.12942904019911 
-6.108839118988853 
9.551324271889468 
25.71623811282562 
31.65746895044217 
31.64986122318639 
31.69710926069996 
25.82143397537629 
9.718477336448268 
25.77344508641565 
47.40311193948509 
60.98928319502288 
66.5301546963257 
61.04264621194562 
47.50761907359188 
26.24140003574099 
44.06041839893923 
74.32749066392637 
96.19414494513396 
103.3602541710263 
96.22114697051667 
74.36046195424164 
44.59182963889204 
65.11536673165553 
102.0091139878768 
128.5583747489285 
137.4587623410052 
128.5380374071772 
101.9376917292664 
65.08696397437878 
85.66407103798707 
125.7473122890422 
154.7019778650674 
164.8193955324494 
154.6540887422537 
125.5709155542126 
85.0082874663166 
102.8769326999808 
143.7377809669555 
173.1885155815861 
183.6478464475864 
173.0628485682399 
143.5314056253353 
101.9595158385705 
114.6132201176623 
155.6323047277732 
183.877414146388 
193.9213010494159 
183.6327508902784 
155.1550379108079 
114.5829364933704 
122.2754538105634 
160.9215745155915 
187.2131788565813 
196.4625051087747 
186.9202271306673 
160.5309412449614 
122.2742818691469 
125.075020232909 
160.2677922580923 
184.0668247271316 
192.4176662937979 
183.8560311405018 
160.0315378001511 
125.3486301977608 
124.1985912640985 
154.8648326811974 
175.7407754921017 
183.0842766351533 
175.5721044530052 
154.5164492249036 
123.5098553323256 
119.1719939951527 
145.455505097486 
163.3516427330962 
169.6766687746436 
163.2344339842949 
145.0184103950889 
117.9610072397717 
110.0232182775953 
132.4842289241311 
147.7600809447078 
153.1195334001733 
147.6966363155668 
132.2608334873419 
108.829379801421 
97.08449861173293 
116.812056906637 
129.608276738028 
134.0673057845576 
129.575422632257 
116.6805449224546 
96.89889215346167 
81.94352517834699 
98.82473516627761 
109.409366921675 
113.0488296145842 
109.4443400744308 
99.06244500938534 
83.06341949108388 
66.16736847833619 
79.45137923703143 
87.82063538281719 
90.680096600158 
87.91325839535205 
80.00930709874012 
67.95427412106422 
50.9105847994872 
59.86462023896694 
65.81725984480887 
67.82105766451845 
65.69779955906203 
59.99179661144462 
51.7978272130337 
35.29777753500461 
40.66966126777899 
44.51267097592493 
45.7160870288096 
43.88228178867957 
39.65646989798492 
34.59332779668055 
19.60874661762314 
22.81216533781177 
25.34918398059395 
26.09384500670584 
24.46490901947793 
20.37104222241836 
16.30843583879937 
5.550149589679819 
8.34089047429884 
10.47195853858515 
10.89306165868262 
9.895002468474409 
6.632677184264687 
-1.41721083526657 
-3.025866369160921 
1.481975604637913 
1.896011399670426 
2.080187509706256 
1.817984433588993 
0.9478498931743009 
-4.751089401267651 
-3.44115767415954 
-16.28520834769667 
-39.13688860992825 
-3.466795365389175 
-18.47318826999684 
-38.94543708133882 
-3.265666981725197 
-18.73393623315281 
-38.61076479563616 
-3.16736989112017 
-18.2031001154127 
-37.29183655077398 
-3.032858536241551 
-17.30078734788125 
-35.44578262088218 
-2.867151159846272 
-16.18250600567121 
-33.3380681042726 
-2.662575976748643 
-14.9804021442081 
-30.92466620777926 
-2.441403451677243 
-13.71214449630626 
-28.4279625513247 
-2.214447942533561 
-12.43224654813145 
-25.79657993673423 
-1.988004148521904 
-11.15826691424861 
-23.27012504745648 
-1.765410830270456 
-9.934571191652315 
-20.76170161147617 
-1.54837463985517 
-8.743641994516432 
-18.36444764856401 
-1.336643973282345 
-7.60224945248424 
-16.05719319120093 
-1.141428167843521 
-6.521412550707947 
-13.81428481092758 
-0.9628581144134205 
-5.504796533997529 
-11.67088954889397 
-0.7935401554161173 
-4.54522590737506 
-9.696778223298939 
-0.6370316457098201 
-3.658390617093619 
-7.898697256956926 
-0.4970278574103134 
-2.866517722347447 
-6.212118437783651 
-0.3711019394480831 
-2.150493061567301 
-4.66107745779323 
-0.2608424332399848 
-1.507454268831063 
-3.340451974152534 
-0.1690459855881091 
-0.9643455514597107 
-2.205721455504829 
-0.09196862696451673 
-0.5439039460096169 
-1.266918771895453 
-0.03547365421671028 
-0.2216902020784123 
-0.6072893313059077 
-0.008213904706832698 
-0.04674465698113889 
-0.02487425494769771 
-0.001051274697726866 
0.004791504617874719 
0.0225894891917293 
-39.07279446404325 
-16.27957258363552 
-3.433451286484178 
-38.96516172728541 
-18.47845964862448 
-3.471280974902886 
-38.61659157555488 
-18.75776217309117 
-3.27155655175086 
-37.3113425871406 
-18.22173941230514 
-3.173282832808494 
-35.44714901418649 
-17.30816690984054 
-3.036435486302582 
-33.28644330349472 
-16.18772728032897 
-2.868634166994398 
-30.9467083659373 
-14.96808731649255 
-2.660896562393789 
-28.51003513863893 
-13.72058294580302 
-2.438325879568621 
-25.99630999497209 
-12.46985257943348 
-2.213981358540505 
-23.45229741632064 
-11.21377407196726 
-1.991008088981231 
-20.93740606447129 
-9.988772102722649 
-1.771114883732632 
-18.50682736649732 
-8.800117682844897 
-1.556459399705227 
-16.1542578804345 
-7.662468464686739 
-1.34640871079232 
-13.91552784394947 
-6.571770062249101 
-1.150153738514781 
-11.75172435818051 
-5.532849562501491 
-0.9692197887937553 
-9.724747485881085 
-4.552177035516264 
-0.7997859882669557 
-7.719890540142018 
-3.677756339502809 
-0.6435996279907819 
-6.114234430831607 
-2.853792202988755 
-0.4983373810008875 
-4.678405588360975 
-2.12448351268229 
-0.3682381416731809 
-3.386800238494948 
-1.515109559648732 
-0.2598144421056569 
-2.23993898988864 
-0.9778998424083386 
-0.1702135981735173 
-1.311718752518297 
-0.5506395457999683 
-0.09240904983062634 
-0.6281783864826325 
-0.2355467107086427 
-0.03778827880486067 
-0.06287087450666891 
-0.05804670732886152 
-0.009621825839224113 
0.02094356634563739 
0.002684703554940615 
-0.001088597788288412 
0 
0 
0 
0 
0 
0 
0 
0 
0 
0 
0 
0 
0 
0 
0 
0 
0 
0 
0 
0 
0 
0 
0 
0 
0 
24.22123139718496 
0.5272087387238749 
-54.62189521115267 
-36.41313732539651 
6.23415293630085 
4.611744917369415 
28.05601871280154 
39.09315246039384 
1.16453771808978 
65.9453697351823 
72.09706741629174 
76.09560623967906 
-0.6802102398931206 
81.94016445352383 
-40.60944841561541 
65.9146189759217 
51.86707162892929 
38.50809547304572 
-36.22461935563238 
1.364581323600872 
3.227509136450028 
-1.430586247938622 
-0.5966570524078656 
-8.14869286949277 
-1.415743481191716 
2.099982371210585 
4.875700888372066 
-37.78668407847489 
-71.98794834178595 
-55.22797987326154 
-76.5312054342874 
-6.99039640427022 
0.09181553944367775 
-2.534959665305567 
-13.39078626777676 
-28.91058392352889 
-40.55073319907727 
0.1548380723892267 
0.7512544924164765 
1.478789296309195 
-58.24458381101891 
-59.05905660121596 
-57.53453615028793 
-55.65414067662299 
-49.98949039373127 
-46.85535548684991 
-43.46771927584907 
-40.06562217901998 
-32.77995509138401 
-29.08883108317753 
-25.4853244993962 
-18.77124016083197 
-15.55611090240929 
-12.76000045360242 
-9.96839814612585 
-7.663650616746179 
-3.879879999381834 
-1.588725394134244 
-1.026165579171541 
-10.75567226968445 
-47.48292001262246 
-23.50768674337387 
-62.68151812758722 
-66.83904515969107 
-72.10623182993892 
-58.76872392694075 
-59.18795245965178 
-39.77370537044706 
-53.09239469025215 
-46.09612129869056 
-33.27762500372838 
-47.13462542972186 
-30.93806221994538 
-33.09765188197738 
-22.08825826666987 
-70.93405612020122 
-68.91468278404646 
-70.79841176743086 
-66.10294992902332 
-62.75062935660875 
-55.48535745761556 
-51.37919835736493 
-4.462838835945719 
-5.414424077578341 
-5.572154950675285 
-1.626120904150751 
-3.242037544559696 
74.65470156086835 
80.89718538320024 
-50.14363992675072 
-18.37184678497585 
11.64201671487548 
-48.93449143756141 
-30.03221559459155 
-24.04273032721992 
52.37144824783394 
-72.40675396684173 
79.62431711734617 
-16.08679146077521 
-14.50127881677641 
29.90179787517877 
11.36272295951137 
-60.52446760947396 
-69.2964182674732 
-73.79000740508134 
-47.65469174951908 
-69.98522741313205 
-20.80562677288867 
-4.139583726262066 
-7.966790756929848 
-10.6667836562558 
-42.53412969890076 
-44.40746443737789 
-58.93425799504345 
-59.72133870421244 
-35.95102274357598 
-25.00281542737365 
-51.28845607874305 
-75.63192332571406 
-66.8810036465314 
-55.98832515041428 
-74.6925200165438 
-73.07551153963455 
-28.11623221166888 
-2.124677408214585 
-16.92262987009362 
-31.90217906122945 
-75.38120767305244 
19.37775466895473 
10.70997340749784 
23.22304694550876 
-10.13117494185851 
-54.83913748409662 
31.07972268699658 
-14.00947153616531 
31.57103109518287 
-67.80466413520038 
32.58718541710381 
-44.04463484083512 
-45.07895166266469 
10.56287805134036 
-42.92685402629528 
46.50014972195334 
-31.83606714294311 
-3.67673127636317 
-46.76183242696158 
-6.56113602475338 
4.771634434809891 
-45.65980552643987 
-65.4236522092928 
-49.55183509348789 
-42.80846718488479 
-49.47678034030632 
-64.09367682565954 
-37.65011467220048 
-70.67882594686158 
-69.56670607249923 
-54.66625913711155 
-56.65388512854702 
-68.18797595030023 
-33.5836074224964 
-20.01732069394055 
-14.05715722751684 
-25.55148652679754 
-64.73316223227522 
-71.01429293416615 
-58.74469605581968 
-40.56910869789671 
-56.53436229240329 
-13.91552623304251 
-49.66412521924289 
-66.09221623877579 
3.17187858092192 
-72.66692666874893 
-60.19547425582697 
30.05192386001461 
-2.289953323325901 
-3.142874597862313 
-66.15060527937001 
35.19944297770227 
-24.31699962467234 
-5.284355234383551 
-67.43884718242175 
-72.46459834724534 
-2.086197092065297 
-73.4537135398601 
-70.68723596969564 
-56.54379062869041 
-43.01839449935322 
-57.76554682059354 
-48.94811732399011 
-57.75774683167277 
-57.25906408341077 
-57.20590438567958 
-80.30071411114092 
-65.78499450705203 
-56.67754132358327 
-57.59865360742672 
-12.37255671353086 
-48.95868009902314 
-9.068028093368598 
-17.15274413443115 
-2.922186885323304 
-3.276353977404509 
-12.94046080038674 
-18.76663468876604 
-2.638714510678703 
-7.348015966300409 
1.074602062353445 
-0.3475477585671966 
-42.98054435929912 
-18.51093234238374 
-0.2538761826856535 
-14.11926933466266 
-59.43837570764055 
-36.65680808478982 
-71.78141923241419 
-71.36613061516049 
-43.82168977672978 
-31.633989229722 
-26.80576480641603 
1.607838878584541 
-6.697142253625329 
-59.96572712530777 
-47.23065204256221 
-18.54566611208786 
-33.80412437214552 
-53.96098271540215 
-11.36705856830892 
-41.63135634837538 
-42.14041052751632 
-28.92236832062541 
-1.423902138572931 
-29.41304537810217 
-0.3569503673554941 
-13.77066989693621 
-23.75787909056322 
-43.852534379112 
0.6516243731508028 
-11.08900922164743 
-9.735957540249384 
-46.10345410967759 
6.651729378135019 
-37.43191144372317 
18.51875764905605 
-21.21091393712542 
-70.35370138991249 
-0.4985172775070483 
-35.04806245531427 
-42.4362338278773 
-19.14590244424191 
-26.23842351036389 
-15.27075436166484 
34.78692398491775 
-74.58812429201002 
-24.34700572469069 
-46.19803932244967 
-34.46462385452921 
-42.60469865312276 
-54.55285224946493 
-13.41997037357045 
-55.38453640837816 
-70.7456699224667 
10.27043643402767 
7.902718273773421 
-0.4334879372297926 
-7.326063106769342 
-5.201869688783813 
-18.03647893831787 
-29.53302638173682 
-1.22395105745733 
15.25030567304469 
-60.9223463245489 
-1.626459676706688 
-19.64008549777529 
-23.57168279054226 
-37.97183089987205 
-1.398233844176542 
1.810868120970209 
-23.22628767089675 
-15.35717567778574 
-60.87169097523427 
52.84717888159602 
6.346246424505303 
-25.75739711219693 
-28.69666674924753 
-18.70001699486372 
-44.5741663571411 
10.9718954508816 
-26.43090104328476 
-12.17738179358892 
10.43708629065839 
-0.4112908748098841 
-2.139515532192683 
-3.86093777878975 
-11.27659777469068 
1.868340366422407 
-60.25934837346341 
-0.4716721803659043 
4.098281968413811 
-14.97447016739786 
-21.15163480622144 
42.02220276894637 
-45.36659582488866 
-59.74722069435359 
36.70220425351014 
-53.57033718133752 
13.76814388308231 
-5.097349173336747 
-32.68215576944317 
-23.5166532342276 
-3.804830545878246 
-8.484152089755812 
2.725167466975698 
23.21763641223159 
8.705443681743612 
-55.21416276318792 
-6.617609358542827 
18.03093634344605 
-8.279518622284806 
18.77982059487359 
29.06795115650854 
-1.898220621104433 
-22.05724884844739 
-32.04814110793839 
-33.92547285426126 
-21.51822820882532 
17.80056800105197 
-43.01455102898942 
21.58529561706956 
-1.381980700826434 
-9.103927423984242 
-3.441975490268051 
37.56600179146289 
10.7690669360679 
40.30750720792302 
10.50636492379447 
-46.70306320638888 
-11.69598717666683 
-20.70932280545514 
17.26671576919573 
42.62229872058081 
7.689973104733693 
19.19467078930517 
51.98193324792442 
-8.813360786459066 
4.272193904133485 
-26.80016045629428 
26.09807344572135 
48.77668690081627 
28.81390056599981 
22.88031626562682 
57.42655333815387 
59.6562331778026 
-1.751138050654033 
44.28366540673255 
25.26950010105617 
41.54932286071399 
39.61953063885101 
39.32962732110299 
70.1896804399161 
54.16786795669528 
63.80513757199006 
56.13050322927526 
16.49716773341576 
-18.13300822178956 
30.22422783770441 
-22.09296415942273 
-8.835316274901897 
-64.67869458114207 
-36.80987429392677 
-37.23874695524201 
-24.47248463694704 
-44.12377929509127 
-48.35960566117122 
-65.42626440113558 
-39.9774024746843 
-41.95547732252077 
-51.27312990949039 
-75.32494737299528 
-81.67981105914735 
-38.9297718149591 
-56.79698227617624 
-55.7916928386995 
-65.99822333716834 
-57.7325978085339 
-48.4844854206746 
78.97654670081386 
-40.60745517868797 
0.06539733195215003 
-0.2895828785135511 
-1.436510410432849 
-8.204094185345943 
-3.896198424396505 
-5.333487821401715 
-7.662403864805795 
-9.523846438247773 
-12.96866605565848 
-24.80435221121983 
-18.70170935436474 
-38.6622064765564 
-28.03139464848618 
-31.4725058987336 
-34.98314988449827 
-38.65723286491078 
-46.09291476869096 
-49.61047171346637 
-52.90574903387385 
-55.11799922986145 
2.087536984341864 
10.60041846453152 
0.7278217242407256 
-16.0700729541561 
-14.00741002611483 
-5.168211588191397 
0.4643557141904344 
-11.9771846415365 
-2.192119656808877 
11.14385436207261 
24.68397566255282 
-24.4424376070835 
-67.96312245372515 
-57.01903079897386 
-39.59090893046206 
-31.78080073721918 
-27.03803157600695 
3.989522053908685 
-1.898959306747634 
23.54177728305647 
-8.248758733884474 
68.50675709842925 
-1.876842826476895 
-1.399949444661444 
-0.1802147201970964 
-11.41205136675283 
11.85936793312963 
38.67653527839868 
52.15546518764646 
72.17898708890337 
76.94493175807733 
73.97403888046304 
52.69652893963585 
42.80327598134597 
33.27962624698422 
24.79785576127522 
18.65448179170134 
-59.3848064927499 
-58.54149465307781 
-37.35744293594455 
-51.14702552660953 
-58.98977884875669 
-71.72221722205141 
-64.25819525652234 
-60.9011932515435 
-25.19867169608862 
0.3440410505052424 
-24.74080467234199 
-21.60696120449527 
-48.00680721573258 
-43.63597507883941 
-42.40840011446824 
-72.46369144186465 
-55.60034515744461 
-50.86284788258966 
-72.68595962846314 
-47.8582617619604 
-65.04786204746154 
-68.44020002865403 
-2.469277953478995 
-9.207267588620278 
-39.98288590160299 
-15.84809512961867 
-28.21113950675186 
-0.8369357559493394 
-2.764095124567595 
63.76204162940586 
21.8262215857545 
35.42883394312484 
76.70647147615088 
61.45536311175926 
-2.461126800510777 
-6.059569319972629 
-13.73792592278028 
2.852756478107618 
-31.90026541213055 
-60.88829754072485 
-59.21310199464813 
-30.65632980730705 
19.79924421819451 
38.70990128793161 
36.16522399132467 
14.18183900091516 
-61.89769877229854 
-71.75430004076138 
-70.72143621181371 
-73.17456884999326 
-39.74994878821447 
-58.36855195878345 
-19.79434972291297 
-3.914332019243453 
-6.579958376848954 
-35.66288035284956 
-57.34488757110134 
-36.04795785457029 
-61.22918365433542 
-52.4566488825658 
-74.49014062240677 
-64.56878257705615 
-68.37185449126763 
-52.52442951786558 
-62.10774709507491 
-44.34243270916957 
-17.62362638788867 
-44.23791165031592 
-17.22149405134562 
-52.004627826704 
-65.02573548058386 
38.50140329048116 
-1.590860530616935 
20.45618802679137 
-44.62344304643128 
-75.16919470403691 
18.69489189494176 
-35.90116376150222 
-43.34558630096738 
26.91476671637573 
-22.4948627828601 
-55.80275019406877 
-43.78049748620253 
-25.85868170230788 
-20.27432761099945 
-14.87911457834635 
11.2585132447049 
-46.19330501932133 
-4.257166825300225 
-11.51094769343232 
-57.75886149672324 
-55.74833740683814 
-76.21307201532544 
-70.76599091016843 
-39.13633042543882 
-53.91130209126064 
-58.04698934403637 
-54.37239326851881 
-24.63435820434417 
-59.87913020474441 
-67.56133105292602 
-74.42306266916019 
-58.4120174543082 
-66.2550227439268 
-60.52708064972784 
-61.52439429486904 
-49.45280836031834 
-48.15884738382161 
-19.84945397211336 
-42.3742273189479 
-69.43542515832884 
-79.53388222363154 
-56.99333204887232 
-74.87506648110158 
-55.34953671439595 
-72.66554947272562 
-66.82026018877008 
-72.69122167915309 
4.59010780457674 
-60.67613589222791 
-13.56364941113718 
-11.94300655893386 
5.303147914210801 
-53.85204731149497 
-21.2911984276036 
-20.40855883250763 
-1.349290605461676 
-0.2284012842388904 
-21.33041191170627 
4.447237167266763 
-4.109888060040142 
-41.93470300784072 
-57.17110145456884 
-60.06485458730833 
1.886885838351847 
-41.29036486134074 
-52.81268106130946 
-44.7161675395645 
-68.48187342145116 
-37.86783906603727 
-2.302003032732944 
-59.26779012203188 
-57.43787136844785 
-50.05442775473759 
-59.3443182985138 
-5.319089678653178 
-28.5263057923813 
-32.35059409194835 
-0.2953912412971259 
-0.04244659824206984 
-62.87413860533623 
-32.49732362103511 
-75.10342033861519 
0.1393816723369381 
-33.91895001145506 
-1.789449194218672 
-0.399702615143303 
-26.74152979841119 
-29.9852206263451 
-25.51105959890665 
-55.20646422638819 
3.977261977965233 
-37.88129788142624 
-50.51083479795134 
-56.69916561767283 
-2.925119110934647 
-21.82264681579436 
-24.85879015113831 
-50.58276178707612 
-36.41254182464443 
-46.62681456660866 
-48.55771064737111 
-63.17544509976369 
-60.62403489641377 
8.541228944168616 
-2.212826655211085 
-1.811089746660675 
-6.87158816277919 
-16.22687870019366 
1.419562280256883 
-1.905572781440451 
-68.26246298205447 
-44.26401642235554 
-52.14470937868617 
-41.1494806954757 
-21.65265015993773 
-77.26758285628119 
-30.82276591072117 
-31.47058378749616 
-17.25042672131394 
-13.16180280742859 
-34.1676970516094 
-19.71824141246198 
-32.05921637899183 
-29.0486148512215 
10.58265446943723 
-33.38525305374678 
-0.9908316536984644 
-4.149569683051569 
0.2107207595280738 
-12.4864011643244 
-1.460899545585897 
-19.6049988246738 
-58.10954502561869 
2.021346266496355 
-7.172060945483682 
-8.999800249282803 
-16.82377136503749 
-14.73730717147216 
-33.74196194823997 
-11.7272986943273 
-69.34189545689618 
-14.26623796765589 
-48.55027829758752 
-32.09411438140432 
-7.054933340021403 
0.2119975806738202 
-23.8243369469481 
-5.564257152174911 
-3.87317308925947 
3.387008939442265 
8.320895342744052 
7.175282497706897 
24.27143390113511 
-1.323271160547439 
-13.8926130614955 
-30.56113981370215 
-21.75585305710197 
-38.93712695486811 
-48.92277012189088 
-20.43551904591653 
-10.95186432053402 
-17.31362039504968 
47.62103380618034 
-6.771839752508291 
14.96710261027431 
-0.7153628297537553 
7.659806397563992 
-2.824634004981526 
-54.44786151359627 
-27.96069525341896 
-21.57235378779789 
-71.94018312104834 
-12.64519648800839 
-35.1171370235238 
-6.646110038549492 
9.296330590246912 
12.69814716078697 
4.43666175489549 
-62.06902537843292 
8.292289743005307 
-11.62955392617129 
-33.08238695200397 
-69.19072663418532 
-43.65230191037272 
-49.57999943146294 
27.97945599852462 
34.72908277762824 
-2.931937715917453 
35.03145616556834 
12.59280104251298 
-51.45998353202555 
-61.011573364253 
1.955485060061156 
0.908504495596289 
18.78138001963199 
-43.0299997408434 
-1.831777445657633 
-4.621794160439408 
-8.845574750426179 
46.26762999732303 
-12.66401832915925 
-11.26585186428359 
-45.38456584599408 
7.804552328275036 
-2.620861207372982 
16.8328922082596 
34.92456183235675 
-14.60568957765775 
31.29031065668615 
19.47529276003924 
-30.69491165494454 
28.19394107971661 
8.072340517784482 
28.60653852953461 
57.78976325199004 
46.66326224600291 
22.31173192954758 
-47.00144708303199 
63.46985549309491 
34.06574167178745 
21.82929256764254 
13.91273972519122 
65.7008241894804 
53.67103251335709 
27.0475290073214 
53.85680760575651 
12.89460162407208 
42.63806626292148 
54.0923492288905 
39.50297075090305 
-3.700747785253482 
31.87561338731313 
-9.639738422005049 
6.947912778582491 
19.0814659347041 
-32.23315302652394 
-50.33930635212717 
-23.03681200533716 
16.31873395584908 
-65.8253918287518 
-23.70561809703047 
-60.87290818962186 
-84.08348064914404 
-68.93381533280089 
-41.98995055818368 
-32.38109903345846 
-40.70375234021208 
-46.44036410571785 
-54.31381268354902 
-48.20527253981327 
</DataArray>
<DataArray type="Float64" Name="sigma_yy" NumberOfComponents="1" format="ascii">
7.225561982646357 
10.48295180760762 
17.10612483763641 
30.72200500137175 
59.25858788978384 
5.029814156291234 
10.6858751463729 
14.16369864966411 
20.6107484121601 
42.7445609461624 
7.483756471895833 
12.96050765084341 
13.27570021539887 
15.07550816936273 
30.34042312405598 
5.622781052884985 
14.40089659194946 
12.75730648734701 
14.40314053455872 
24.38397752699678 
7.48232628173706 
12.96015153286937 
13.27627567706995 
15.06975209551574 
30.32944231145708 
5.029104128568383 
10.68643402390902 
14.15607942546475 
20.58429713263365 
42.68269627793187 
7.180454153956474 
10.54665502325993 
17.14692355015432 
30.55845498025483 
59.1830617646422 
118.4037820991106 
100.5281942530026 
84.35299698407091 
76.53275711468585 
84.41711313598327 
100.6401629284649 
118.5608106923998 
212.4693575171706 
202.2846907061379 
194.005695888478 
189.2968153021925 
194.1629203427532 
202.5181270629873 
212.7276102679368 
328.6229970696622 
329.5680451261342 
329.9235896818354 
327.6100604536592 
330.0880446887627 
329.8295170722434 
328.9446077865348 
447.0918152150091 
455.3959873514337 
460.1420945693091 
461.1052023435547 
460.1938343236225 
455.4759828868893 
447.1851173641295 
552.5976344141745 
564.1146293133722 
571.2835032017758 
573.5515008741648 
571.1744633968182 
563.8295956567554 
552.1960160195339 
638.4004357923501 
650.5444517913837 
658.3149953310012 
660.9256325718266 
658.1593186742559 
650.1798818715237 
637.6081110498321 
702.3861198541981 
714.7397432181284 
722.3458524733885 
724.9287913639449 
722.3772519616713 
714.8617970397896 
702.8918410078031 
749.272879686553 
760.391311700649 
767.2532225185516 
769.6031934012408 
767.4512732003957 
760.8987540443545 
750.1610528594175 
783.005669817106 
791.80223360586 
797.281897333571 
799.1678034229161 
797.3978249368463 
791.98094341966 
782.9826268750526 
804.4522754174243 
811.4637898346202 
815.6447426420161 
816.9915580226401 
815.5122673636508 
811.2074522616288 
804.0969572384785 
815.6452553266234 
821.3809069304793 
824.538362302509 
825.4421708274601 
824.1483567888368 
820.611168870204 
814.7628824968292 
818.7356754596449 
823.0924515614963 
825.5328647364993 
826.1691965263452 
825.0485977558267 
822.0939522592226 
817.0994205580047 
814.0286956261727 
817.7312877203793 
819.7556231259123 
820.3116655716851 
819.4658981097633 
817.1900082041707 
813.4759186211905 
804.0161229594647 
806.4913221276436 
807.9738784528982 
808.4477114635094 
807.9479641754705 
806.4488772700226 
803.9383625766403 
788.8785315324149 
789.5149117533134 
790.0659665964794 
790.3306212102956 
790.23260425003 
789.6333645708972 
788.3421520887921 
766.0414352483668 
765.2277343742313 
764.6791822931832 
764.6299170055579 
765.1040552304008 
765.8191838972365 
766.2895572299813 
734.5245487430043 
731.5243662284473 
729.4386502280324 
728.8655991866124 
730.0890520738254 
733.0031952989697 
736.4614249280519 
692.2603505216686 
685.4732071267899 
680.9625376058964 
679.575362943158 
681.4334670096869 
686.9020646862305 
696.3699564092445 
635.1135554560266 
622.2442126432055 
615.2028441745123 
612.7748277046132 
614.9609126885333 
621.9214855515058 
635.2707668650758 
552.6489983971962 
537.7373021116393 
527.8447269116197 
524.3125679934604 
527.3441558433503 
536.3197835410737 
549.2397252016666 
-0.6567423000031914 
3.464366398950954 
3.548264165488466 
-0.2990187294338042 
0.6636327853073504 
2.120724785996625 
-0.03710377228194894 
0.1758359540612962 
0.9746283088765234 
0.01061419150097133 
0.07510383819291346 
0.5511021786102349 
0.02026977113255271 
0.04132469002839699 
0.3267326586109494 
0.013619834241352 
0.03832701396620018 
0.140725921619708 
0.01682214882439535 
0.02285512419147625 
0.08534005491065953 
0.02005495145256187 
0.02830133729702227 
0.01682421039951555 
0.02231774316724482 
0.03773222966688108 
0.0357406436927649 
0.02384691991721261 
0.05422953712907509 
-0.005798372463440643 
0.02516272152690013 
0.04990413462030387 
0.0023499599585716 
0.02775991424642616 
0.04920007805400754 
-0.02284432397506759 
0.03577367386379052 
0.04761265350566642 
-0.05342379667673586 
0.03717736021526577 
0.05014588605138204 
-0.04699144063228736 
0.034153659446422 
0.06100431243601242 
-0.01155541248367548 
0.03209826945637559 
0.06821391981302857 
-0.0176174948791733 
0.02956405702267195 
0.06905858713096455 
-0.0452828647193225 
0.02610103174692044 
0.06022673425529923 
-0.02635366022285843 
0.02335427809793891 
0.05361201073692251 
-0.000559279513810369 
0.02023802553948334 
0.05613009295610837 
-0.02387527004105733 
0.01621807533936282 
0.05841068664287614 
-0.04197958831451544 
0.0136394879073226 
0.04249388947532417 
-0.03265539743830408 
0.009833117030614381 
0.02218995456874466 
-0.1102155908721108 
0.004579592328227723 
0.009421911547163972 
-0.03473140140484066 
0.0011675214066064 
6.106915687192019e-05 
-0.04846579309859166 
3.571080596089315 
3.472489295598068 
-0.6467017881004935 
2.102921599708369 
0.6687629818559319 
-0.3010619573535505 
0.9872530320122258 
0.1684854629811641 
-0.04011731748459779 
0.5486750927858836 
0.07230073243567954 
0.007951267468837495 
0.3238850135307504 
0.04406074794304925 
0.01937337065189917 
0.1789852560486151 
0.03737699049413853 
0.01310478642135354 
0.07154253569392703 
0.0334084394004168 
0.01734804273369808 
0.008544449040322472 
0.02708327301900651 
0.02112810931472095 
-0.004409396685669144 
0.02632197950078338 
0.02231842290326462 
-0.007657122459453025 
0.04300849912127611 
0.02320370243007156 
-0.006626413165444264 
0.0488851164435341 
0.02468602140558543 
-0.02091270329405314 
0.05043665367189858 
0.0272550653139326 
-0.02649129752428841 
0.04624215885695208 
0.03499637776075807 
-0.04370089315205043 
0.04805182936077974 
0.03708834588490088 
-0.03342313896794281 
0.06151991470133617 
0.03426405643529305 
-0.04828303800584317 
0.0799929567234246 
0.03213328784799575 
0.05590261955856714 
0.06979627213954748 
0.03010826745700438 
-0.02944600313264525 
0.06427450859895309 
0.02723727025003384 
-0.06057244332261907 
0.05620121301503819 
0.02406592236304305 
-0.02738061754545712 
0.04736652004198921 
0.01986448187223516 
-0.02504401062947672 
0.0567932451117756 
0.01561430242792399 
-0.04990038111506418 
0.04216311291102271 
0.01382142381677173 
-0.09157802534684575 
0.02349094879412003 
0.009497794145221587 
-0.0345808397328635 
0.009984054773257757 
0.00478287239175309 
-0.05280339234975788 
0.0008634368455752005 
0.001387067398326421 
0 
0 
0 
0 
0 
0 
0 
0 
0 
0 
0 
0 
0 
0 
0 
0 
0 
0 
0 
0 
0 
0 
0 
0 
0 
439.5500943581546 
226.3472834690027 
15.48686927889987 
-0.1731779629674094 
599.785878837857 
705.1494201830286 
742.2364618937612 
769.6835067976651 
771.7479091946589 
799.6457440669224 
809.6590150794191 
812.4744064238193 
609.9271442823148 
793.1003913640715 
326.4199102056048 
686.8145286022526 
623.6978963151962 
539.9044473510485 
46.48458798159572 
828.2751075917648 
708.683823492776 
844.1269880990417 
784.0454110800373 
774.9900225063712 
741.9698981999619 
-62.42638716904866 
-35.85043877527686 
-0.3996868479441181 
6.966834680273682 
88.36630143438408 
637.8627714687761 
764.8615813564254 
-0.7180461262572159 
-0.4310491104672258 
-1.099677270429873 
-0.8175915163230547 
-0.6403862721315414 
-44.81262590988093 
-53.81842650826385 
-59.65583915604098 
9.581812594497862 
5.853067032780725 
2.363414813196228 
1.405858829271139 
0.5290613223977202 
0.1824593402849211 
0.02727859115827223 
-0.1932094392642329 
-0.2126208936600718 
-0.2298854747463289 
-0.3106499732931098 
-0.2848528490691219 
-0.1787055113000977 
-0.3287897287509355 
-0.2935878804597451 
-0.345000025617648 
-0.3993808486904428 
-0.5305318800308291 
-1.24802061028335 
139.7638182430323 
25.75217392003338 
80.531839634075 
57.28195944682152 
24.52302626757928 
10.0882010174749 
3.658444876832311 
40.37660552883709 
106.6315465238274 
0.8270173352846906 
-0.6033332179821618 
-2.063307011125389 
-0.3853425443137968 
-1.914370551876772 
-0.5724861278368949 
-0.3928810058125352 
4.862649295288552 
3.218404992705411 
15.54630757476714 
2.091402129354168 
1.289443996667876 
0.1795644697659437 
-0.142288616141845 
-2.620521265548484 
-0.8849045785866652 
-0.3597590698144144 
-1.926457716274873 
-1.814925468886943 
734.1771285627236 
770.8219476238747 
136.3502440028018 
333.2405045072191 
331.3778152579959 
67.4032077042129 
162.7084899205994 
240.5436784630219 
788.0636005783322 
416.02644761426 
806.3547856635043 
722.2810074365002 
429.6916225121905 
718.8131378144494 
664.2430820262064 
75.25140151417176 
37.09664893047491 
24.16049361544962 
185.1807329533291 
34.76544305266597 
-0.6214936025578589 
-1.167950361007748 
-0.9839357095076596 
-0.960940854686165 
-0.3164676165567709 
-1.262360760100991 
0.892464763027544 
1.248359418340578 
-0.9034292466597585 
-1.024543186431946 
-0.4550103368322618 
12.17524302020747 
3.147794923826377 
-0.09592190419309798 
9.172557510590783 
6.366117105259912 
-1.430695589449523 
-5.138451326212458 
-0.6431201420510424 
-1.241865011096895 
16.48559710962583 
705.411917371369 
729.4460582389376 
774.5505902054068 
520.5038320980799 
160.4822045515142 
751.7680040192556 
686.6315408525542 
776.2387272659277 
529.8339468732331 
791.7072887485017 
496.6286148854082 
574.232422089236 
660.9328737377591 
639.1018800548322 
797.7964820634415 
765.059199945873 
678.8763184487327 
184.8459725356154 
-2.47630803477903 
757.577435179749 
759.194578657885 
51.41709196560171 
0.01984714732616858 
410.3299871659634 
239.3925085788504 
1.958168524637812 
-1.315567918791218 
4.077992496093923 
15.76409718500712 
0.4200838470792554 
25.4853679486545 
11.54132310013333 
-1.19595494294031 
-4.241156624077903 
-5.689696560288843 
-2.863453294265359 
459.6708352935638 
20.60703465234932 
382.6170032649592 
250.7702539879711 
305.5167951027231 
752.452644772309 
686.3442344188283 
637.1872078140124 
785.0885411310003 
588.2679000170626 
287.3242574482377 
789.3352072551556 
684.4242586434247 
836.6994430681601 
715.5043675615447 
801.5024316341753 
-2.109379930999554 
-4.944142464926888 
7.359015328937588 
24.84109839672842 
-10.3601397997934 
485.3485053915729 
590.8172695131869 
5.729187579118793 
8.189087710003383 
11.8419452429245 
2.115216554382313 
1.97452452119339 
378.8477731317103 
209.0179357653894 
547.1917309801914 
348.8295365338207 
63.64537159471504 
16.75221438136258 
765.1363744163971 
721.2002501746704 
-7.444460664922424 
-2.175861392246639 
804.8972869365274 
850.5560043237425 
-2.14630108141339 
-2.407275907488953 
851.4753999215073 
757.4092326336159 
753.902699046144 
-4.343878881661576 
751.2468536258151 
-5.376847292094712 
-33.66632935178944 
-3.681201694448032 
237.2875005895124 
208.3721420910477 
532.4073001784931 
645.1804444878259 
0.7829502841702217 
0.1491741125112887 
-3.73252929240147 
-31.87446752202379 
51.94299813873516 
35.21537642511277 
306.4344171498826 
15.87394465416278 
2.859349606333221 
284.4282783297439 
783.5770476394972 
701.6420031859672 
24.8000011535904 
47.13976485389296 
735.6492560032617 
756.8820326637438 
725.3068558738215 
794.7630832365658 
771.5670393742985 
750.1853325230433 
832.7378738783507 
783.2499018546215 
-4.620560400389334 
229.4105880412801 
-8.898918445209542 
5.845566373404736 
-21.9070608538125 
24.80965900247889 
685.2740332536223 
-11.66982307792346 
765.5761211478907 
15.6255899576448 
8.884792451402133 
75.49166601626784 
64.57715344543929 
0.8086375727575663 
452.626233126619 
258.6685298411909 
381.4836112098057 
317.3072923551547 
565.4444673834205 
737.5555110748433 
794.0865630631977 
598.8667134235933 
674.5580089898267 
-37.56496418779955 
-37.6859341042765 
-21.96362665167155 
-10.80429591496575 
-9.360615827558256 
-3.369196968540398 
117.1692676978476 
91.34122188353265 
484.8460992457543 
453.5313602451491 
-18.23595705111425 
4.337713890733093 
-3.472111769901022 
255.5187324397837 
-19.06288924515109 
13.3752048024607 
152.5929114503624 
105.4647546092931 
514.5380087528239 
259.2178185885795 
399.1780645291959 
737.495132769503 
768.6173377292267 
709.1207613516774 
489.5528647086711 
609.146838038958 
-1.19740880378073 
-7.90868939932334 
-15.52484164614868 
-25.67188921265076 
-10.89352660103528 
-14.31433535844238 
-0.9421003798987994 
-15.78470564315366 
703.6620304695242 
37.82813106603638 
23.91862597723217 
-6.342304707476361 
200.4327592705748 
220.0482965384226 
729.3558473701063 
560.1336420247632 
84.75490356230212 
461.9949781213505 
320.5579430351053 
3.755103871063189 
666.645718917816 
499.5256089910955 
-13.84766674404462 
661.6475724629049 
-22.58983510027608 
-19.61183086527901 
-24.00958968843935 
669.8665437187577 
144.2014525060376 
179.8136346717488 
-9.659353860941957 
57.10886220848078 
6.545779704245353 
193.7790637117676 
0.8481628908649442 
390.2482470667364 
595.0804552531874 
620.0086201442007 
11.84219301034982 
528.2861241729402 
-11.34966652624653 
-4.030052616311666 
-6.270057033617356 
254.4406445900431 
156.0419241736685 
128.8416274102215 
293.920015652976 
74.58010314502405 
634.0694376235501 
558.6664843651572 
443.4390556245952 
-3.715690577839194 
62.89960747589593 
1.631189279562918 
244.5085515465906 
124.0987265269967 
328.5568632904277 
583.5904597118954 
550.8065041508785 
107.9540860630402 
23.89798821997562 
382.2721019993319 
39.31650836263274 
56.03934650912477 
183.1611780271382 
487.5216624876338 
42.16699515308714 
483.0906243865861 
364.949907792773 
22.2620374134147 
-1.495510207775082 
129.395260240978 
27.18295902537361 
70.94277709918867 
91.04287822448909 
754.0303485535901 
770.8246986642232 
25.11870995426384 
773.5615293886198 
-1.797563130037325 
5.600392153545251 
49.39334497080375 
84.82163926905839 
35.49402897286942 
35.56427832904095 
56.57597778817195 
38.70039139412258 
152.6184333979698 
114.3486620285006 
95.34651729864601 
536.4056352762072 
593.1208567134778 
-0.4170185132297797 
104.9383341916738 
133.2339184063321 
351.1175940949236 
2.340885850822129 
23.83716877854389 
790.0252220680409 
94.09428390410437 
-0.6132099316716444 
-3.465870642762423 
-0.4558702689611 
-1.259090916300357 
-0.4530027885796898 
-0.4004768933063291 
-0.48765624707059 
0.1834356900242861 
-0.574946464997167 
-0.7684669348162524 
-0.3561724938131501 
-0.8362940856031637 
-0.1306372126961267 
-0.07149076111882205 
0.006315279256372249 
0.03974893912118477 
0.4822599038628331 
0.7604086469555041 
1.009659714085464 
14.95614577764817 
-62.47546486159396 
-37.06656646980447 
-56.47353201497673 
-2.722117132581161 
-1.653395633201561 
-0.6679830419881337 
828.777973280089 
780.2481689880766 
819.8954405243795 
644.6407088142811 
429.7835602860201 
76.53981824368773 
21.76958693894828 
0.8825880899670123 
-0.2315877287199641 
-0.4934531050799176 
-2.888273631357209 
-39.07267462342677 
617.9536810786228 
757.7880662221162 
773.7928222529812 
808.5320231220049 
777.5954625039378 
844.2480973092897 
835.4314834962935 
135.4846201009751 
323.1817497050392 
528.8208164089052 
612.7615872619252 
729.5387701711434 
765.0774080194712 
809.2694315864215 
787.3328859454163 
767.8040773669384 
741.3896883426372 
709.938194948987 
675.2145243346666 
5.775577531285763 
9.322859566075985 
42.60131395201513 
111.3412567417956 
3.707612469246623 
14.26053746435834 
48.91544972453229 
34.7704091976879 
225.1300076585456 
220.4138586121499 
-0.1982404416263798 
-0.2366047586657105 
-0.04771971407782912 
-0.1040864930829741 
0.1506784642666001 
6.412714124445544 
1.566925093047368 
57.55240040586644 
9.578621504134812 
-0.1004734918256831 
2.040886195247679 
3.052641553106837 
-0.4388644935154509 
-0.9601836399990065 
-0.7330188567190582 
-0.4550057350713151 
-0.6004676801707233 
-1.001727542476825 
-1.569519672273255 
679.4201493054044 
737.4880739297713 
796.4197143098697 
803.8018382160164 
801.0432818144071 
730.9450890357978 
495.9951516224767 
406.1701590583323 
577.0876230487203 
149.9058076222662 
435.3091607166457 
662.2512701990465 
607.8631706368855 
770.6304160566411 
801.2351103114985 
785.1543573092845 
744.0241282191674 
575.5576846036557 
31.77869748687145 
4.496224211254991 
22.56558582817352 
464.2722959426995 
90.71988932962218 
313.0804998479591 
-3.839083621425656 
-2.178639845558535 
-0.4285708937868508 
0.1393344284108657 
-0.93775092047136 
1.364784669631588 
0.1282687765804704 
11.3560914590419 
1.971647875330056 
3.452885927657088 
-0.4127066902474569 
63.93008993247006 
-0.1825064783934502 
-1.121073115125916 
-0.5292180176862815 
-3.71598241520682 
5.514950861238666 
48.4140869140377 
795.9114490127528 
762.0981145621407 
766.1336337238474 
751.5142519489702 
481.1179653087295 
698.2168780095062 
540.9273072660698 
304.2851629435916 
785.6357855752735 
732.9023881653677 
126.9772430045769 
228.4263368571622 
661.4495253059864 
705.1842194471449 
763.0768471935758 
792.2281412487154 
162.7406421889746 
-1.825053922778422 
-4.743262547688459 
73.91362759581379 
106.7382656462393 
14.86072841458395 
5.772442759101084 
78.52605482637908 
172.1876585945361 
1.266663887539788 
-0.2480550658330599 
-1.741570888259278 
1.661352570150444 
14.24916415831512 
7.228880921516505 
16.79239608503951 
8.131073239436491 
3.132479283879682 
7.266016423000009 
-0.4937987671752067 
0.1759470976532398 
-5.598152580812679 
384.1419568194063 
16.65646896644729 
618.6986131891782 
294.2944252695389 
608.8968613996149 
627.4161055119799 
557.6375251289422 
700.7228361228605 
678.3477135398811 
787.9424202004759 
736.7622112854405 
780.2446181695352 
763.1386801629592 
776.7507036681643 
227.5143508873937 
-0.9684476377110319 
-2.108440225539876 
-1.859377146907449 
-28.3240675864663 
-3.241860578550455 
701.1040097207258 
736.8842495138745 
758.8793289394949 
220.6975295052763 
31.16818173502633 
-35.88469770342766 
-1.382620440461805 
1.059837305547857 
13.36384394972051 
26.01745913305065 
1.046608826396209 
849.5502424432584 
364.0198511956054 
726.3656314518383 
74.14901756181916 
52.59432247546879 
-6.434777967596439 
-1.36107814387139 
-1.127498423762852 
-17.67323420679671 
-39.38333614381828 
705.1649315781302 
767.1953724377346 
686.9918324830667 
-49.24753935286395 
-1.67751451481189 
-8.175914303554343 
-9.281612484398886 
730.5194322611073 
-2.24112460175174 
-2.534493201204044 
139.0424180577735 
-20.32387402588403 
-1.442115330782338 
7.65472063793156 
85.6585513469031 
843.9578449824409 
77.45465006003322 
1.864013438539718 
2.067210530436222 
11.11026575374037 
26.74828318929089 
46.95185697781667 
274.0273541673925 
341.6416707081179 
-37.96765003221591 
-18.16026981476534 
-4.005393848190073 
-7.870194470636637 
-5.474563392968214 
-60.66198096969983 
-14.87536642933162 
542.1880335488663 
107.6169560848646 
131.9828467633048 
2.733207452527386 
246.3215049493037 
628.8941856720442 
753.8373421320433 
643.8064280112436 
695.3586081643447 
-5.330765177330292 
-2.5726678797847 
19.97964190562739 
25.5942941309638 
6.456422204640504 
173.6697566298843 
47.82204677440002 
-22.6571771311291 
-12.69314203740969 
-30.05560831054837 
-5.55214957708644 
771.0453755852114 
772.0799949860476 
663.2662852742131 
720.9522893193836 
759.6096994644716 
770.2910415637448 
-5.510870549592618 
119.5247082673501 
120.2902992274922 
12.2460666377761 
642.5641911441664 
791.4102830399657 
736.6054846242356 
766.7448366738145 
-10.111277682307 
-22.96435992147823 
-1.69213023601521 
4.047162328062051 
-14.07824835310733 
-26.77337208858892 
-27.73341559278644 
-4.184512020799088 
-19.68920416841554 
733.8353315087643 
788.9760762051502 
768.6193280699888 
769.8863879050698 
246.3791179994429 
224.6883809708642 
-4.687233026253514 
-8.599989746484576 
43.63509100729185 
245.2980888566045 
-1.21796540706207 
62.41147398968153 
-18.37100193033354 
24.3698689696691 
35.13671109651685 
320.4374176420304 
526.769195249769 
-3.87167310940561 
412.6499748551425 
176.0578346757092 
171.2162185642581 
-11.13537567307487 
-19.64520814361164 
-26.15823119146546 
248.6201873878501 
578.7086810804135 
600.8454318357972 
-8.0604613870845 
329.0606878522597 
567.4042726172556 
755.1163944820357 
726.1729385530689 
45.78697351032456 
12.36205222096302 
72.604943099059 
166.7778775185455 
12.50740876004124 
417.6848433823911 
416.3720390063801 
-15.30218493859856 
-9.084748404992876 
-16.66091076462372 
692.6666466213768 
646.8675537266804 
-8.009120489676199 
440.0255836114213 
87.72866093478939 
566.826254500033 
334.8852605716224 
503.7467535736448 
115.2585523109622 
-11.35528464329705 
-9.782744709976626 
-2.406717467169396 
-6.711166644226632 
355.5040740316022 
2.663529827610871 
422.0819873487196 
248.2969705112213 
-13.68636358881346 
105.0921109567839 
244.5194234710083 
20.93874003448165 
492.0673892994249 
602.7997131561688 
76.0434691465744 
28.5446873300044 
-16.91534042943858 
469.7041266611615 
143.0809722088895 
151.6913076111419 
-1.56809074080228 
26.69675677560019 
344.3646699241754 
360.2823837724495 
52.57682514051638 
-0.9929852435524555 
-0.9776866151126591 
771.856542457292 
-3.971811666668408 
765.5206825564456 
780.8758068778844 
744.0921279964767 
699.339732839204 
773.621632534716 
788.6654912195388 
490.4409020962196 
-3.634382883218107 
507.768848902594 
492.2407764352657 
31.39384580868376 
-1.485843465673099 
-1.253782078622296 
-0.86063307406895 
174.6293934520318 
178.2865696920586 
1.722839758738033 
</DataArray>
<DataArray type="Float64" Name="sigma_xy" NumberOfComponents="1" format="ascii">
4.425228902508148 
5.681239000738915 
9.10760848894042 
18.39186197745225 
35.23441201399497 
3.575000514889894 
2.907955222326128 
3.155368230814414 
8.473154596000008 
21.46447434900909 
2.363547818539323 
0.6417009236471242 
0.2499968787525049 
2.015161579732236 
8.620958658193432 
0.001154704704934438 
0.00273043185615341 
0.002133979027460346 
0.002400914049587951 
0.004598004391376916 
-2.357186823786489 
-0.6341073201242412 
-0.2436613280254701 
-2.003175881570241 
-8.585465165063232 
-3.560599899498722 
-2.893272325287557 
-3.1582142858824 
-8.464270260337015 
-21.38039574795561 
-4.429144873238845 
-5.639885071075074 
-8.998402899547095 
-18.44041968229764 
-35.14614998219255 
-56.59094562299922 
-40.80339076265387 
-21.61657426146869 
0.01616096786073127 
21.70625402705264 
40.91686889538367 
56.7878807142216 
-73.6667895070871 
-55.60473716682924 
-30.53115622967089 
0.08155662194109113 
30.71766987493233 
55.77995886921016 
73.8865517318382 
-78.38132917824318 
-57.81707146091536 
-31.3575551789338 
0.1844364378206571 
31.67844615763624 
58.09249926914708 
78.51672000550394 
-70.66981046021317 
-50.49472168309383 
-27.10638809161068 
0.2326716069116563 
27.52888629071325 
50.87393309093301 
70.79641467134928 
-55.63956127058691 
-38.60005773608763 
-20.16195067402075 
0.1918586788803955 
20.51210822417723 
38.91737490562386 
55.79713220535344 
-38.01679831955005 
-25.37256602247338 
-12.7151147834041 
0.08637231032740075 
12.82870712132765 
25.34506148780199 
38.06019159486632 
-20.52790227627397 
-12.38990901738956 
-5.702694555715173 
0.02804508400924418 
5.699405294296338 
12.20913434108654 
20.17126012063887 
-3.092998387405363 
-0.1780364130511219 
0.6137266624121677 
0.09664828460249469 
-0.4052082188696707 
0.5094138188151257 
3.8278616860693 
10.99536590758936 
9.892758381338853 
5.843670262210352 
0.194858713241221 
-5.41642256065365 
-9.401690448934243 
-10.63075213052385 
22.2169978676414 
17.67916386066563 
9.817993292124951 
0.1916150332078856 
-9.412089225561813 
-17.3091830342466 
-22.32534277992546 
31.72641739679139 
23.74115206545137 
12.72042868547108 
0.03183228369781387 
-12.62447716609725 
-23.54957254957704 
-31.45674760018194 
39.43614321945527 
28.39699663621503 
14.84236239223004 
-0.2442191916746655 
-15.31714412549585 
-28.79797993510537 
-39.55500199826219 
45.1993782701232 
32.06794329634512 
16.51599287949547 
-0.4882638253119242 
-17.48950595595525 
-33.00715712149039 
-45.82815716295439 
50.19644941585993 
35.13767514051351 
17.91606525778515 
-0.5762608826078338 
-19.03331470526561 
-36.022445731771 
-50.23334598977048 
51.88951497842021 
36.72981365979894 
18.78214378702785 
-0.5254009230611554 
-19.8571128237144 
-37.83352696283362 
-53.07074534642727 
51.85102026929967 
36.74797080035843 
18.88789501452931 
-0.340083445549079 
-19.73677822823917 
-38.11899541575222 
-54.14855850939688 
49.83877397303144 
34.90827756958992 
17.96238716310627 
-0.01151974462869286 
-18.17312070707024 
-35.93968502671277 
-52.40891623116688 
43.93556834549774 
30.14674135805794 
15.47172114174934 
0.3289112906624009 
-14.78962306638836 
-29.61261666100313 
-45.33190530227562 
31.14781409587731 
20.97304393261416 
10.98396070015769 
0.3863030752612939 
-9.967095326896057 
-19.04192658892126 
-27.52916235866884 
8.958754251664843 
7.859745277025655 
4.323259783822464 
0.1083069423480827 
-4.020180051773858 
-7.153695456685353 
-6.341864776266775 
-0.8710616887168541 
-2.150822620944999 
-2.368017436842004 
-0.3160386197661154 
-0.7988576669139082 
-0.5954338143354638 
-0.1524023598245274 
-0.04192084972239009 
0.6739287466310255 
-0.04310928219849034 
0.3673283862581011 
1.461319276867003 
0.02836276073928316 
0.5973089185127115 
1.932132295047808 
0.07104219029034561 
0.7163761954348853 
2.196614291932016 
0.09335770572272879 
0.7733466756644659 
2.342303043331189 
0.1028897722637879 
0.7907109753806167 
2.398974258352629 
0.1065705187808775 
0.7916240544719616 
2.406314855812262 
0.1053780803804075 
0.7723300210275027 
2.348584473084075 
0.1026917026573471 
0.749988036580007 
2.284918613407405 
0.09814092231973028 
0.7222866878557265 
2.208358962932603 
0.09034010035059449 
0.679734131728397 
2.103382616540732 
0.08051760751570423 
0.6261045358494068 
1.970571300145737 
0.07409086166049733 
0.581034574550232 
1.847654692299922 
0.06949037721661387 
0.5475285212464708 
1.751287160529303 
0.06236036695684212 
0.4899521191838927 
1.579747180151706 
0.05630977989430283 
0.4409282875209184 
1.436306842594257 
0.0498884418714877 
0.3936510926174426 
1.28515386563481 
0.04273486282285141 
0.3388028906045131 
1.107571543832213 
0.03445398140198815 
0.2701781943367975 
0.9044412914913499 
0.02542912171779084 
0.2010603057576519 
0.6930510887873989 
0.01660544898628417 
0.1351606692659724 
0.5099214221488962 
0.006461052511938439 
0.0441972354917849 
0.1900478631754555 
0.002740631878959409 
0.005755637370733221 
0.002976943649962635 
2.416534331370954 
2.170162483471707 
0.8749379147447103 
0.6104132735336582 
0.8049264230302111 
0.3176751035458631 
-0.658731086087719 
0.04724237259293982 
0.1534000084854048 
-1.482797877273399 
-0.3754577264895298 
0.04181131624988646 
-1.939883574732801 
-0.6009835015895293 
-0.02925934182467445 
-2.218756086235511 
-0.7302024445055437 
-0.07355905161638893 
-2.348270688408246 
-0.7864505601597493 
-0.09590741545964246 
-2.35269351593519 
-0.7855364054303273 
-0.1028137202629337 
-2.362297511821781 
-0.7804765636461493 
-0.1052211160751863 
-2.3342545383749 
-0.7640999615552744 
-0.1040776093116103 
-2.275884916286809 
-0.7402472433372658 
-0.1007984536975608 
-2.202155172710641 
-0.7124602116459554 
-0.09628830209928124 
-2.106725062337034 
-0.6763344805781163 
-0.08946577338856077 
-2.002560162895432 
-0.6345235607916929 
-0.08117235247014536 
-1.888091203505462 
-0.5884388760604605 
-0.07437671744727313 
-1.758065786400325 
-0.5375411381238097 
-0.06767878162731499 
-1.594443879788402 
-0.4923335828698525 
-0.06253901357991221 
-1.498076054979821 
-0.4730450569863335 
-0.06050936888524123 
-1.247009478888413 
-0.3920564204612502 
-0.0507605200322747 
-1.071108916970939 
-0.3288765353016548 
-0.04262224339136959 
-0.9090922988027171 
-0.2702303024421924 
-0.03472500770406917 
-0.7001507911896485 
-0.2014929898610984 
-0.02518988553126383 
-0.4859713672736791 
-0.1284670740402716 
-0.01581641556815673 
-0.2162394570851024 
-0.05110610919473364 
-0.007037299987647325 
-0.01352743989402534 
-0.007606202670151949 
-0.00275766180130961 
0 
0 
0 
0 
0 
0 
0 
0 
0 
0 
0 
0 
0 
0 
0 
0 
0 
0 
0 
0 
0 
0 
0 
0 
0 
-86.74050073143711 
-86.78420944924639 
-10.32362000284433 
5.520771242110811 
18.56943032132241 
60.05305323260324 
63.00744710339559 
65.02603611882833 
77.08609167936233 
60.73867241266441 
55.32832407531149 
48.28899946320234 
-60.70204858915404 
24.22042551215998 
-106.2287444883988 
-30.35750334655079 
-51.35155387913849 
-71.12615336958038 
-31.3890967862635 
1.459453999115101 
-3.47959738680671 
1.56355222304971 
58.53830460582012 
39.06782156557675 
69.46130905072367 
1.564453446625173 
15.6552134634534 
10.44397072760598 
0.3287117480832187 
-54.24287980064147 
-27.2525959844668 
0.6414439801313125 
0.5186491375653428 
1.80836080869634 
6.499350617753758 
9.086474434614725 
16.36211238383431 
7.070859086278975 
6.413887075938566 
4.431876188268334 
-6.190649961839755 
-2.667027321487375 
1.929538680721315 
3.335598287307799 
4.840877253486735 
5.158851121796071 
5.351222431378303 
5.492205306505062 
5.491468119984377 
5.389692783327963 
5.142701522236637 
4.633783579416258 
4.453511792048444 
3.922184053045364 
3.503992074912666 
3.13544127053023 
2.189026900647796 
1.566883924090695 
1.347038159501836 
-70.3504487549895 
-17.97051250928634 
-49.95306547326516 
-38.02393303853358 
-16.8561939071035 
-3.673214525392639 
-0.007567009779137048 
-28.6297380504082 
-64.01399938369504 
4.287097535336066 
16.28840395138518 
26.73803796854907 
10.51851323016217 
17.14132019866165 
9.805646176889177 
4.846582822736331 
3.359436801722507 
5.712705389691188 
-9.275108945298808 
7.384038769798529 
8.598333244409387 
9.768893673160191 
10.2556188703171 
6.484321334776172 
4.197660470918741 
2.684459639971714 
3.697353902255277 
3.549620536162539 
-8.306950259355739 
8.912676157059719 
-73.16452599528637 
-102.6085759125043 
-92.73827567979146 
-44.69262589498035 
-81.73809182156512 
-96.43206939478225 
63.37369051177744 
-98.54940805876855 
37.48324255786959 
-6.585925638174511 
-98.0719393188309 
-16.85540965304384 
-36.14718270588724 
-43.22189194640571 
-23.23730690858643 
-12.66792053820713 
-71.08778998630375 
-14.9555248399649 
8.816306212514599 
3.622851247858981 
5.310030011779551 
6.091860257071393 
10.57486353733391 
21.69385696455141 
9.240270682421261 
14.89643647218861 
15.06639494178287 
8.811389747360948 
15.96008732666188 
-0.0490523262455055 
12.61511052757228 
15.40411409703588 
4.335242581936799 
8.040712928759316 
13.17582111376058 
5.732541574788988 
7.576182328567436 
13.5638420954504 
-5.306678873791594 
57.39832258147883 
69.3497423989571 
75.91757504524975 
-83.95653003191514 
-76.6225249363017 
3.178382747705849 
-31.66198254505971 
23.4580119714815 
-80.80884794170781 
41.0693412752211 
-92.0767600391418 
-71.26558026195478 
45.28677611847063 
-45.8469972859867 
65.60413223791258 
53.46054877587745 
36.15095099895912 
-90.70391496412439 
6.127289943965413 
78.0270193966518 
52.80493282169947 
-26.77388487027914 
20.96643058419081 
-103.1425226234585 
-97.03366436026319 
14.06688625074611 
22.09974087316695 
10.57690484625001 
4.172581508532432 
19.78273613826714 
3.014618686695771 
9.793972470435866 
20.57142554606912 
20.09442013463328 
19.72497591519081 
19.00471390377094 
-95.81983177354118 
-2.194982281239937 
-104.8678654622452 
-101.2330024016771 
-105.1711718331235 
16.92664821044982 
-20.92755958557703 
-17.45699225915327 
73.9328802996489 
-39.26612477183029 
-102.6224127790147 
70.38580641237475 
23.91621517625825 
13.3008363615461 
15.91289441509869 
56.00910007991639 
13.79625321921342 
9.767145234907213 
13.40749057041913 
-8.394262272882289 
31.13795337016072 
-83.54961020567958 
-60.12274602774221 
19.32644959907274 
22.8390491520493 
16.49237522478799 
22.56487790034962 
20.23603837339123 
-85.81728013588845 
-92.03538075354747 
-67.28427523066136 
-101.6510861065496 
-24.53953541570911 
10.67740393179921 
69.210456844055 
4.856535929825026 
17.81050713936012 
9.954906602353232 
18.61994154026755 
8.15099826551503 
9.996276419757523 
14.47875923513621 
4.037088097642778 
52.26317925523891 
21.69515878433111 
1.820418876976037 
31.2705776223467 
25.18526288966921 
6.470874210487125 
14.58867429002576 
-93.61716724035941 
-65.41421716187745 
-59.106554744068 
-33.78614399754549 
25.06509515586875 
29.55020339968259 
23.65545898083979 
16.90362026928299 
5.697229132919901 
-8.742088022298526 
-80.45022498022375 
24.48513239390993 
28.85667551614176 
-89.31126431857393 
8.052356975887518 
7.175979733890766 
10.85565979420134 
-0.3550415762513074 
-1.838197392740604 
24.69341406895908 
50.4115707717518 
31.41147840506714 
57.18424706834833 
42.10259033300522 
0.06546621308305239 
43.88052382978953 
12.66789745245302 
-75.48458587017824 
31.2706786092796 
26.65372333127214 
17.35917283195087 
17.72894291485101 
-10.65427229064113 
3.441947785954619 
59.21119310244902 
17.62710964247239 
28.66802057887629 
-16.28310972140626 
-4.980440342645383 
18.43979645805046 
-83.09991519594158 
-61.79023343175039 
-72.87860160356595 
-69.49864485342488 
-31.42939949082576 
35.1235960570076 
18.90736406825132 
-26.33646545324924 
-2.796937827955557 
4.143507488507662 
11.03906897450455 
5.129243399416411 
22.60302344904686 
14.3627845723597 
31.83760694165501 
-36.04349455778066 
-11.78623035057686 
-16.32150996611121 
-70.58391162043226 
13.03013946106467 
31.29278344525573 
28.40513120530353 
-71.7696270723192 
22.09816110483484 
29.84936214916262 
-44.88454165459472 
-24.2937497275399 
-55.64474857840478 
-2.888330826829943 
-35.58459198636719 
10.05211897050019 
41.06043435860839 
-1.539939481230776 
-52.6058191279163 
-5.757966764681171 
30.25914545905342 
24.72741083379995 
27.27640606391542 
15.773889022902 
9.394994495259651 
18.74301066010065 
32.97551886017003 
28.22735603561166 
14.09384315618266 
14.97256209577798 
23.00762180232248 
29.38281901796888 
-54.59270148577865 
-20.47800299816756 
23.86445075957256 
-41.79543504831221 
2.865783539059215 
-62.95802717279999 
-39.06401013874665 
32.23884030605115 
-5.869858999031163 
-35.68799819621853 
26.32456830055386 
-11.56037504873037 
23.53222067363739 
6.61653947985393 
22.23369787333531 
-1.347435469822738 
-32.78637435818792 
-27.8449242328858 
28.72746541956427 
10.22748542728213 
25.13132869799158 
-41.58539741930124 
31.83951244705267 
-61.03683362804816 
-21.98579842165432 
-15.58961637098275 
27.87559376695875 
-41.30328344750436 
22.46889260601129 
33.08440125132124 
32.19476122482425 
-48.94282550156144 
-15.11188199280396 
-19.80331634325206 
-20.80441731796962 
-0.01221178390335435 
-14.05211412706706 
-20.93925930519613 
-46.54882456740955 
28.96635358665723 
10.5175075294069 
31.96404114831665 
-34.30883946464844 
-4.26666056921592 
-50.62219639279418 
-10.47512319343164 
-28.39434772564311 
-7.429110530632503 
13.52791985038551 
-19.86862082263449 
18.36335732145771 
9.855011189569129 
-10.67149502601309 
-26.02212483694582 
16.31651160411537 
-4.925885875928954 
-7.636565230441716 
20.97348984097853 
6.56800533181429 
4.039197566404847 
4.537902306972552 
2.02340536763977 
4.373593030414089 
74.33687898070426 
74.17301680914125 
22.90244878914591 
67.26001635939788 
8.530761412023427 
15.6614214900958 
-9.187570468815371 
-25.6280918156739 
9.261957460345029 
0.8727572152248994 
-18.12467028157659 
-14.20149860778851 
-59.30390592752897 
-45.16685190813974 
-43.12841456626671 
-62.1080935796051 
-50.15813301202037 
26.18862625424803 
-60.45045674728061 
-68.92680917214635 
-97.25622300086101 
-2.225486290101385 
16.88792761829884 
-23.07981993658989 
58.68978080393585 
-0.4082365899678543 
-1.41582899860269 
-1.369509840514904 
-4.356565647358422 
-2.162595276798231 
-2.47398348411454 
-3.000841180032754 
-3.9871670842268 
-4.1893149975043 
-8.566521478869538 
-4.39623968916657 
-21.11141593870396 
-4.883025167032553 
-5.042390388775211 
-5.181167390240384 
-5.293710760057279 
-5.486237731094514 
-5.240487532373288 
-4.65004308240185 
9.912279921954498 
-1.576593926448721 
-4.196754810622606 
-5.843389814996652 
-13.82392532177212 
-8.466108140391466 
-4.129276923456426 
0.6684692601887888 
-10.25156143080888 
-17.32170774645691 
48.17492138509533 
87.50224546437609 
48.23431190466248 
14.73883729157647 
-9.7089585240274 
-8.905429344112026 
-8.574851783104103 
-25.12774968846329 
-13.8279694730013 
-19.95123073492269 
-73.20578633926326 
-75.31758020107657 
-55.63301294544544 
-74.3178468647524 
-1.653715522712851 
0.6030641175856052 
69.28963867862878 
92.96974418287769 
73.14236178842481 
53.70084093764233 
11.94803556932073 
-6.541642889089431 
-47.60917611299318 
-63.94238060162945 
-65.33510622343371 
-65.03437770744618 
-62.49918341557177 
-52.7779358546202 
2.562626641216066 
5.963744031821904 
29.5515579085265 
65.79301849703825 
-0.2623444855067411 
7.572764768232023 
32.2634694049046 
25.02240768173428 
94.5131281357628 
86.30726285945916 
-4.703178329657707 
-4.530482951756011 
-13.44087969821046 
-9.014725254010896 
-5.375051508163761 
-1.741017703100163 
-3.731883289208206 
40.00480499208135 
2.464188192069136 
-9.029370281282628 
-8.476974229493777 
-7.00770601300267 
-1.758689687155333 
-7.504340405690478 
-13.15430016008501 
-4.29156901683783 
-8.51724257259205 
-1.166693386271298 
-2.994133851227759 
32.54786940291083 
2.756943699995723 
-52.15723614639909 
-35.81295221425673 
-60.61134510747312 
-64.24608932522348 
88.24891999167838 
99.79154306212111 
69.97778501507872 
78.60094261839802 
100.4541669687807 
31.75803877885424 
61.31448895739371 
-75.3096341395777 
-61.32253295660961 
-71.09505009374591 
-70.84248524622171 
68.98785277631117 
19.7992638698508 
-4.607921051428259 
9.462500941317867 
97.31979813360311 
52.99277646480307 
102.0440260025331 
-6.041036576073623 
-6.851958165335686 
-8.712708321623754 
-13.50425998600035 
-13.07110658305213 
-9.284978188953273 
-9.275631814313247 
-3.339272107360203 
-14.05540587333812 
-12.75785365103934 
-12.884147821717 
37.92146690881085 
-18.92302947545046 
-8.543714665507471 
-13.43680464885496 
-18.27723167348946 
-21.95647864267058 
22.029162403552 
-67.3414928943362 
-76.44689634511029 
-16.46628442784357 
-39.08159548796333 
89.53398040651223 
24.87990220110262 
81.82646472839461 
105.3535221685276 
-35.77391748012847 
-4.480287149308155 
69.04418589508292 
97.55238332352722 
39.62046907094036 
16.43257349509197 
-35.95921937594932 
-63.76388519220142 
83.63079584627164 
-5.246414537686245 
-15.13260700369177 
47.95311641565459 
55.94460482570445 
2.888383293465628 
-10.67216216078791 
22.93450168526435 
84.40768566518179 
-18.90160503436298 
-16.37857900092438 
-13.60439486757909 
-14.49761918503449 
-10.22739083428315 
-6.921648199240202 
-12.53866555086664 
-12.77497473021285 
-18.4833770096844 
-18.06609348750073 
-18.16428470244433 
-22.30967684556238 
-25.91675061358417 
105.5110884830441 
-2.860845873061776 
41.95674643971378 
102.7888184221312 
50.53801796808437 
50.69923507495216 
66.05394003584451 
-9.128360668356825 
15.68691776499723 
-52.25204251475931 
-32.85946212881696 
-64.95581676330599 
-71.23269767151024 
-77.06363391049419 
96.08001131928532 
-8.57817715376928 
-13.55306331168668 
-2.966533360459159 
-5.421251754140373 
-18.3925554269249 
-30.74623977292614 
-60.45148450893126 
-52.81712333965476 
91.31237124838015 
0.6444796875587988 
-15.12059308618954 
-17.567592297462 
-20.41960495059085 
-17.93521941339159 
2.1190671094441 
-27.66780149429406 
-5.560329504074252 
104.6561554048776 
-16.19647201896203 
29.88363933176795 
20.11041077755223 
-10.62419035256022 
-13.58038904524741 
-13.36448522936517 
-4.411084272122764 
-6.107244571061978 
-14.20380078608463 
-60.19049051332769 
3.863209365997502 
-6.330116485639389 
-18.54051395386059 
-8.131143328747092 
-2.886063569025382 
-9.242773303353367 
-19.09646048560941 
-18.83189407010354 
67.94111602532223 
-25.5191287859925 
-17.5279629326595 
-20.75982969782829 
42.52243682249522 
-11.00916823790531 
13.14493643212465 
-30.56939150317648 
-23.03827552618493 
-22.05948786333416 
-7.214317003118802 
10.29640736628297 
99.2588290269932 
96.3284462754871 
-10.99313320552999 
-19.77560894972197 
-4.423861936880931 
-15.95064964566358 
-29.19618015636373 
-3.943102226295913 
-11.47439354514756 
57.74393579802393 
43.39186475971101 
63.24784002034524 
-25.6062224840652 
59.56178585889084 
27.63749155178566 
-27.32186078385048 
11.84492283829489 
3.676697091977517 
-20.08815882928088 
-23.99891587471203 
-21.22516993137886 
-14.3475215654082 
-27.77507220116116 
30.00792580573117 
1.278882054949616 
-13.72309826687374 
-17.46612696168443 
-14.97287704171761 
-32.16781328524299 
-23.8908165852783 
-71.54717247520905 
5.10210381069895 
0.3383113559818985 
-1.448995528185786 
-51.65422849295156 
-22.28603325984781 
28.30438925879525 
39.94478377951224 
-27.15391225778723 
15.45739579397907 
-23.47337725880598 
-33.69961482405452 
-62.78867484851583 
-21.193179808904 
-21.18648678877726 
-31.03967373120604 
-31.31813641051873 
-24.90117915561821 
-21.339866836322 
-19.80385773960777 
-31.76055564288526 
-5.482757268722362 
2.215560072861723 
-38.03369868456402 
-46.27545728292115 
-62.88009273059017 
74.57093919775434 
83.08411510951771 
-22.53777371264295 
-23.6962026261696 
-7.84650240007741 
15.7227252798983 
-34.00040457985163 
-7.499710971130712 
-25.65831775427216 
-23.62124442894948 
-16.53740589530096 
87.35234702746138 
35.44986502250101 
-30.18474605014024 
96.10413299520252 
44.31209561192368 
57.81351708745483 
-27.80763481501558 
-25.20260098031982 
-15.85260610763139 
43.45870897585288 
34.84131702199576 
6.987349189705426 
-29.22182587682885 
68.88834382068413 
43.18483421194698 
-46.9911924395437 
-22.02952855927921 
-15.42710771216502 
-23.98321802701467 
2.370104400376777 
16.30222249724951 
-28.48474762811088 
71.37217804731874 
81.94190214809038 
-28.48619641364059 
-32.24962756633115 
-23.11708139158907 
-3.656507972938116 
7.975081802114427 
-32.23168277144379 
38.30161356075262 
-2.908606931445572 
24.01508804882254 
52.61424500678966 
49.12739960850226 
15.63179497870544 
-30.18935322801322 
-27.11249926746537 
-16.04493111798127 
-25.85518417767844 
20.91493522799042 
-29.85586397250895 
54.72779458617599 
28.18908486154891 
-28.94308947141821 
4.656866662097331 
3.856732963256567 
-15.23012837223368 
9.034871197213464 
22.67117579189442 
-3.111554578159366 
-20.5814154909473 
-16.39121118094268 
20.10335113350018 
2.113115014115117 
5.132504279282935 
-25.78207983451849 
-5.512270806897698 
35.53619251044079 
5.251640388597675 
-12.06909279229319 
-5.530895256454585 
-3.364135217705748 
-72.92204635281753 
-10.32377086031832 
-76.37506421416212 
-75.70552813451224 
-16.60780542809496 
10.12289483505847 
-46.01258955340663 
-71.43854530723907 
64.92946788467954 
-24.12245299325758 
86.44356071462914 
81.52694684235004 
13.49175087984597 
-22.75694945233553 
-27.10698072672956 
-24.99787503614503 
69.1387773379651 
79.38276507044171 
-24.1229978091724 
</DataArray>
<DataArray type="Float64" Name="vonMises" NumberOfComponents="1" format="ascii">
42.39796409262171 
43.21960340064877 
43.50656796943955 
54.28410591897501 
87.38262419350035 
21.27784915288113 
22.00597481285683 
22.24127748502184 
27.25648247149584 
54.06614124761105 
8.399883592109449 
12.55466494057023 
12.24001020112618 
13.74237724358835 
30.24008101079956 
4.889569449188721 
12.53940532265786 
11.09424333562053 
12.51572872963909 
21.15690593606774 
8.395105428799079 
12.55281389050518 
12.23984348966405 
13.73214880540668 
30.20174714031283 
21.2764104937869 
22.02257978932617 
22.26905370469144 
27.23579638079163 
53.94022911668418 
42.43630916232743 
43.10672657284815 
43.47726870309582 
54.53700183862001 
87.21953963316273 
150.2909706948141 
114.7901818762033 
82.75898685972231 
66.60875519663661 
82.87738930984032 
114.974284103404 
150.5771372755874 
237.9323825495625 
207.0093902812492 
179.7834499501753 
166.3298509478695 
180.0109762382789 
207.3249214578133 
238.1953914476929 
337.4700375105595 
315.7089604309106 
298.85792568376 
290.0860851293503 
299.1082545876179 
316.0932280080177 
337.667544061611 
435.8912949782897 
423.0673400329834 
413.8926816306829 
410.036743423925 
414.0307943382298 
423.3012696091079 
436.0519664427255 
524.0725121127932 
517.273328585462 
512.9701432674253 
511.4630544302669 
512.9190271409908 
517.1217994216042 
523.9709641433226 
597.3256497894419 
593.5420110090714 
591.4772359207072 
590.9075025687257 
591.3672623590436 
593.2461776213818 
596.8880685705639 
653.6389683477635 
651.3818011191271 
650.2837140218729 
650.0369924236554 
650.3808184864245 
651.6388987157235 
654.1157523828949 
696.2558102908811 
694.0658672045898 
692.8834656767925 
692.5954431804726 
693.1586790412804 
694.687039127478 
697.145005565155 
728.8140255726872 
725.2790818013774 
723.1101700105831 
722.4402027349643 
723.2758429312153 
725.5116504210018 
728.6750386871794 
751.0910058927399 
746.8112566632803 
743.7125155253306 
742.5744810876813 
743.6197814509452 
746.650381389822 
751.0046370918274 
765.0469083018116 
760.2897148076398 
756.5335432294853 
755.040842957902 
756.1843268460095 
759.6664068312034 
764.5990351494058 
772.6699871703607 
767.0760419975387 
762.9008038591932 
761.2481000600292 
762.47388615274 
766.2170280216146 
771.5339709682319 
774.0591067813407 
768.0453767856633 
763.7858387324832 
762.1738721913608 
763.5765558806953 
767.679686375388 
773.6977511509921 
771.2533970646577 
764.3279782054002 
759.8389589147179 
758.2708412513888 
759.8812050853473 
764.3148643676703 
770.7196119032308 
763.2738741615752 
755.6225952887828 
750.7269191709714 
749.1187768325148 
750.9376149059847 
755.6708599595157 
762.2200636705606 
747.3134119108078 
739.8637919043399 
734.7158177291296 
733.0763555862787 
735.2573594184873 
740.6040391455552 
747.6541750763504 
722.7010944110292 
714.623561799187 
708.9152288863412 
707.1167792693639 
709.8651224336957 
716.7098322565604 
725.4898763970004 
686.8955819766327 
676.3750900824182 
669.1852034876025 
666.9116530871654 
670.0261881540837 
678.8867623290197 
692.8241634280354 
634.653934214626 
619.1824977430659 
610.3308651027046 
607.401927861479 
610.3178060873392 
619.5103768737491 
637.7654997524812 
554.3853273203881 
537.1703785187927 
526.9524861822221 
523.275608902261 
526.483566548867 
535.9897238413145 
551.7399689833819 
3.50559098841981 
18.64150980779324 
41.23077452341766 
3.372104207793913 
18.86459719775564 
40.06121217681875 
3.257985328274108 
18.82261025188538 
39.12460533613352 
3.17356880962893 
18.25186038501225 
37.65558074701875 
3.043440561514599 
17.35235528951089 
35.76717713555269 
2.876618218540365 
16.24914709384555 
33.62459608845418 
2.675916861496377 
15.05156287408801 
31.23204326233233 
2.457961382599065 
13.79447176297419 
28.73835152498284 
2.23333183354144 
12.52642328310708 
26.14876390489328 
2.008345230613678 
11.26518752646292 
23.62014757732736 
1.7869996812192 
10.04397418992318 
21.13668866458106 
1.571659093859294 
8.857142768574926 
18.74738605341484 
1.363890587187989 
7.716511027733015 
16.4393164806829 
1.168813483826705 
6.635840485312653 
14.20693399841151 
0.9887445152439707 
5.626288853673615 
12.09613235845182 
0.8189592666732897 
4.676873080193915 
10.15174888889502 
0.6611981829250511 
3.789642927791902 
8.337901217641175 
0.5198108008888864 
2.996071657581202 
6.679545641743492 
0.3929318764891111 
2.282032090222988 
5.165065140951818 
0.2814357723947833 
1.644550000527423 
3.841819803337689 
0.1874630690152033 
1.099404842103794 
2.688571422844191 
0.1088052831688916 
0.6648500334275242 
1.73370621748693 
0.05031013551511467 
0.3307014587858099 
1.045980222665856 
0.01585221845963439 
0.09259830598998343 
0.3306291759088759 
0.005121411888013933 
0.01104770190709438 
0.06309217235500085 
41.18843158609889 
18.64784498438066 
3.504702685969302 
40.07199272576776 
18.87331831782475 
3.376108955335788 
39.13619731799083 
18.84274754018146 
3.262520541762258 
37.67632151634393 
18.26957485068465 
3.178091147010897 
35.76835920089952 
17.36147278935539 
3.046589914536706 
33.59681178038917 
16.25572351205228 
2.878030465401358 
31.24837609679547 
15.04660519608155 
2.674776161595691 
28.8040149891675 
13.80137422516354 
2.455424340298161 
26.31415728001586 
12.55601761716608 
2.232675209256807 
23.79447348380676 
11.31301960195369 
2.010807506378421 
21.30200068470706 
10.09505612197945 
1.792110514384402 
18.88556408844999 
8.91129969394647 
1.579096075442201 
16.54834353249493 
7.774456597242765 
1.373016010336775 
14.32014125511267 
6.686861502274984 
1.177562448327674 
12.18220128543275 
5.656445027302582 
0.9951713995030902 
10.16739349545328 
4.686118667077557 
0.8247006614775584 
8.22545749584369 
3.809807602118112 
0.6680105113787923 
6.628528160577949 
3.000500311548607 
0.523105644477464 
5.12570613028768 
2.257678460924208 
0.3908585157221991 
3.849708535421544 
1.641354732743302 
0.2801949109766597 
2.727856896585088 
1.110911755717455 
0.1883924640819152 
1.768692810888205 
0.6708178513735867 
0.1091388101839616 
1.026631283957513 
0.3332846540994575 
0.05125957867680523 
0.3784877304537925 
0.1090144315120189 
0.0176081270812446 
0.06986914523684876 
0.01338648727537232 
0.005237657438721822 
0 
0 
0 
0 
0 
0 
0 
0 
0 
0 
0 
0 
0 
0 
0 
0 
0 
0 
0 
0 
0 
0 
0 
0 
0 
453.5595356245711 
271.4931591149435 
66.24989130036477 
37.56430956188241 
597.5594359106047 
710.5097545627384 
736.7412847518649 
759.3001887581307 
782.6392901819505 
775.9618112533326 
782.0200365527492 
781.7128323618267 
619.2581681465654 
756.6343448931974 
394.0919385769322 
658.4470743820176 
606.0122290694926 
536.0650919067062 
90.07082026931991 
827.597521270842 
707.101278300578 
844.8475301269001 
790.8701335728915 
782.0293958003574 
752.3605475941731 
63.56021237576775 
47.10710733505901 
41.71474530962131 
75.71429046904683 
156.7351120022794 
681.0069451899091 
768.3814315014113 
1.181921701651974 
3.915308183891414 
17.10326223367953 
32.5660148543212 
49.21341371697758 
46.53090651423224 
55.32479183960448 
60.89457249414784 
64.47715722243554 
62.36382189776572 
58.8468853311472 
56.66551267181637 
50.95074915397691 
47.78962294422765 
44.45824834424455 
41.08580425732012 
34.03042207246805 
30.44129113999166 
26.85187869983723 
20.28569466060956 
17.28426628934285 
14.31366271824073 
11.54826549500359 
9.257406873253482 
5.295180867563711 
3.054180524824107 
2.602581575409566 
189.7377667205747 
71.48012680786239 
128.128966437677 
123.0372879392774 
86.950136598123 
77.90365937902799 
60.68071719801274 
99.91135221497711 
171.7170417252733 
54.02344193247451 
53.78978897900957 
56.46028363327488 
50.3545011742502 
42.22648656646972 
36.9497827427949 
23.44857238273389 
73.7161485748678 
71.26915182373034 
81.3193679942419 
68.37977689408943 
65.13072682327281 
58.09401161206166 
54.29608411388984 
11.88395420819207 
8.841315277476875 
7.126897977145688 
6.650874604116434 
6.761665714857586 
699.9904445147214 
733.8881460659119 
209.7665721612314 
386.1276494143455 
363.1666976229544 
127.390780590677 
228.7046787409901 
303.512887612031 
771.0795348221989 
487.4216093454015 
772.3714155081319 
730.5463337497714 
468.9675590198456 
704.9432274712537 
661.6042849215918 
139.5884359574592 
101.8269961467528 
91.06550543243901 
246.0650846933088 
95.9720724721078 
25.56387219246481 
7.282896858897729 
11.88226959411488 
14.68964999131136 
46.16573277710228 
57.70120017711543 
61.50437231797899 
65.63887455020681 
44.0658800541224 
28.87032683722406 
58.06504237573416 
82.39701835331299 
71.90916482825658 
61.97734618989995 
80.02882466900476 
77.71566309936101 
35.6812334469878 
10.88974211792321 
21.16840421804292 
39.13574446433313 
85.33046421795899 
702.990664074342 
734.0450039590044 
774.4487953255652 
545.3863695770016 
234.894888492082 
736.7405556165572 
695.9065502132693 
762.0285228867782 
583.8123896166651 
779.1809262775455 
543.955996559755 
610.6530363882507 
660.3901580945765 
666.3590642286518 
783.8721460502587 
786.9305442521635 
683.5958555101062 
263.9697700429563 
12.06500143950724 
767.2001717151426 
788.3469957533896 
111.5275225678096 
61.44218300107779 
468.7045988042995 
315.9868534862316 
69.50519347477261 
53.24402511794744 
75.07307726641331 
78.97417918876774 
64.69629601667363 
73.00873622613432 
76.53461540598408 
48.56619360653656 
39.30828292686019 
36.29351707546436 
40.88336815774323 
522.2910360612229 
83.33983150363339 
453.1172449648762 
324.7298275239655 
383.3950567556348 
760.0716632473266 
713.3971598668345 
673.3521168815053 
793.9030703237016 
631.4370201673922 
367.5165612528564 
784.2796894123471 
686.8224409238104 
838.591804074379 
751.274324197693 
790.4705987182103 
33.39883189746583 
17.67579497397183 
75.08474636219081 
88.76761412995545 
54.76118919181172 
545.4822470962957 
637.7062057082809 
68.37037950926256 
61.92569197862881 
70.54886129953671 
63.49369529864871 
68.4280052369825 
436.5667431858898 
290.3956042157772 
602.8170559740528 
424.2125530030805 
112.5917696360913 
70.03690057066576 
780.6559465029644 
746.9314047276334 
31.96537256669784 
23.64169001554385 
807.00703135647 
852.3158392594263 
21.07284119024213 
30.68726925375711 
852.8264854118586 
766.4740790589692 
754.3025445717894 
5.236615555602085 
775.526729434687 
46.63611312076476 
35.36319760856286 
28.27397012947068 
316.5987745710257 
255.4172825439358 
580.7820688416804 
686.1628618621259 
61.96806190302551 
60.20875403675436 
48.07462655302626 
43.89775584710991 
56.46389711133846 
84.71717139235359 
360.5864666549913 
51.85442944343544 
61.20192545979531 
350.8400894745406 
789.4451767917949 
723.4635186277666 
61.55869179119379 
66.50137310589011 
736.3691226642242 
773.1927562227719 
730.7209046844143 
803.5810182037657 
789.9500261647835 
776.4769734690134 
832.4122607026941 
792.505735865705 
23.50701481189038 
287.0977795391343 
55.82289380285326 
61.52554157132067 
46.1798429523165 
50.34484921431952 
723.2580792572339 
12.89017825322545 
790.3701789844151 
60.33431175710139 
55.50836602309084 
95.72694394608443 
73.91860991354551 
46.93327435332683 
514.6952735850441 
291.9830269680972 
425.7013871782982 
356.7881576873045 
590.4207132518737 
768.7007892716107 
801.5501535404605 
630.0456894948434 
712.5861240132933 
44.20320054855016 
46.32587869655789 
23.49457924342959 
40.29815211991426 
26.16976528753244 
57.59164225698935 
148.1843463864312 
94.19798158194349 
478.2399352017621 
501.9747875584242 
28.54626166356338 
58.54448461718388 
53.91095165955375 
303.1284130195892 
42.46976100699467 
53.20627666926786 
182.7897430393301 
121.4448718613482 
555.9357319064691 
237.3031789214232 
400.810315786289 
750.9071877769915 
786.58168294726 
718.6582145534103 
521.3179366772227 
603.8180354256045 
58.43992963666758 
44.14593304812927 
52.38315161936239 
37.3510798622812 
19.09809791195357 
34.90618319060255 
58.13415567239925 
51.69612864591078 
736.0499757943498 
46.0604526550687 
45.59521129653574 
52.53129632409861 
231.9509696846134 
205.4221264111928 
754.1982551557857 
596.6795042647635 
73.78612226407871 
502.9408584968891 
321.1097311055384 
56.36712980210675 
683.6486106326114 
515.409484964415 
47.24928859730757 
666.2311433962931 
47.33481277853169 
38.86333352830813 
48.41767488145181 
699.1146953718622 
158.1675047876726 
178.162479482752 
50.5735163277533 
53.43607388427842 
50.91435610934202 
207.6289961079024 
59.55848726753952 
420.7184257365837 
613.930124493197 
631.6203912112463 
50.7685550126618 
555.678283461457 
48.52091537758619 
57.41353985153605 
56.34377442573432 
269.8404487494565 
143.4695867403927 
128.4723614682473 
278.3252754046925 
69.92145705519522 
659.1134944742047 
565.7689905313655 
461.2491451022882 
53.78896283941543 
58.51451959553874 
55.80638353022492 
242.8804138053293 
108.1958260219585 
344.399184408928 
581.7491291963892 
566.821376851035 
98.40414380642042 
48.30764104624207 
370.313025394505 
46.70504504647738 
59.25735904314033 
162.8552110496194 
490.4748806574785 
51.67663930937252 
471.0418595823631 
346.3037846556459 
50.02954999581735 
41.68081185919166 
112.4120011265492 
47.56475498973268 
67.74763507620297 
79.91583976894501 
756.949451863646 
790.5579054845422 
48.56775069038476 
793.4403161935372 
16.84439606850413 
72.88871207463627 
76.59025098293976 
117.0917742392434 
54.63247425996855 
69.16098087503818 
96.23406733880931 
94.42132225004016 
203.8203307652686 
160.4791725288414 
148.9590111694043 
587.6919476773978 
643.7837033014574 
59.6405821374723 
176.5245168486354 
206.2766368813876 
423.3069648571068 
59.06383314103481 
70.21606014097181 
754.7063779059257 
157.0257947222816 
0.9593627389839749 
4.135961317330801 
2.691317351045144 
10.74717467949256 
5.258425613366554 
6.695694010998796 
9.068007821665599 
11.83962909247624 
14.61888006795716 
28.58217934794498 
20.02999069832486 
52.91699416663491 
29.21722117350104 
32.62745542594714 
36.11890406230348 
39.74908725466886 
47.30025945446859 
50.81229659584727 
54.02150681923903 
66.18755809691821 
63.60360295669208 
43.9551884301315 
57.73497916985856 
28.19956168863004 
19.76882453066844 
8.652000832070605 
828.5467019946726 
786.5056376674509 
821.5417045839599 
644.5653697858058 
444.6171041337647 
123.7184012165553 
84.99488223519062 
59.87541047324328 
42.38213007327479 
34.85921264123228 
50.55210634234897 
47.66665191515897 
619.8693263280629 
756.9904571156692 
788.8120294174631 
782.5039282046762 
789.1052384816921 
844.953796753928 
835.5222583535372 
185.568415224534 
355.927628418262 
526.0644338393331 
595.7259694626023 
696.5683889962738 
729.7420867062609 
779.3100434884873 
770.3545750854505 
755.8417295628584 
734.0173312830597 
706.2157412029682 
672.3268535860641 
62.6306255596041 
64.54839400616578 
86.14992961443534 
183.5587960917546 
60.92994429959963 
80.88434358048741 
113.0833753164533 
94.41323405006783 
289.4644446655427 
266.1829951066629 
25.95383875778155 
22.87750580355196 
53.33232309107489 
46.2964691275353 
43.49205298690688 
75.93346986257025 
56.76932332286783 
116.7379130432332 
78.03490682581557 
50.30112732490673 
67.70319145618679 
71.06072635160974 
3.805946069497455 
15.67802398699304 
45.7052197287993 
17.30349297573487 
31.57402950734791 
2.224647905542044 
5.714877491466599 
652.3298343622394 
726.8364790202859 
784.5281853802084 
770.8256467899054 
779.2559917705257 
740.5865302986276 
521.9358595230518 
447.9039187989714 
588.2878917904966 
216.3463373475975 
499.9798024573909 
695.9329043935903 
632.7327226239058 
772.0232971850529 
789.7732494644656 
777.5239697088059 
747.1796107216276 
620.4850047336874 
98.05537176536123 
73.5079302865914 
88.2245259333736 
513.8064348783266 
159.2384307386913 
368.5748096381965 
11.15865041148129 
13.21192478083082 
38.52887870750855 
61.99629646249579 
42.17928541987182 
63.97712621917543 
54.92319229348942 
80.97598982104502 
69.94987694485923 
73.55951067923995 
56.87980867409378 
127.3934671120888 
55.06754942369452 
22.60700818577462 
49.75444258049437 
35.33504218975108 
66.84279937716028 
105.7179440034816 
786.0778046979055 
774.3002277861683 
756.6508060228085 
777.7417240252827 
545.2881397274916 
690.4058569184527 
577.4061621914166 
375.440824804391 
775.0110372547633 
744.4452209558136 
201.5543235947205 
304.3769775672591 
678.2313052286294 
716.1026853905453 
773.136965219865 
794.3742002672367 
238.9941342669433 
9.811183857658875 
28.06044179087571 
141.3045700843298 
172.7449326364562 
84.77548958299207 
76.10075119395086 
111.1269066298081 
251.4196717490041 
67.20413270862392 
61.2185011556065 
33.49956524103217 
65.7137242850072 
77.74357336534403 
79.20083380664161 
71.7389746509365 
74.05516032868653 
69.91312767812616 
72.55504495945692 
58.40571951784788 
61.81378479759324 
48.26234298526693 
446.1346277857859 
79.24530615120449 
666.034699345692 
371.9232341762661 
655.4503262343445 
662.6861766697059 
608.1531860189397 
736.579868969535 
717.9747881098359 
790.8529659989993 
771.0014696817532 
795.1140645327655 
779.0120297413736 
785.5361011228198 
307.5858289530348 
25.58102774193555 
30.47919196449614 
5.400924821940017 
29.73223217525124 
37.56599787348302 
700.9169910447845 
746.3289797925586 
786.0335107611571 
299.3447889146991 
80.32808148543265 
45.22034056901676 
50.75015137517471 
64.00903205491539 
61.16145956226581 
84.62783730187103 
61.41028544757658 
850.758092926836 
436.4132304865699 
757.2410530637793 
119.9754345064173 
103.0648870836886 
19.34146280332108 
36.46994686581812 
39.334276951393 
19.12022327513333 
40.75871180050045 
739.0213931618829 
790.8509956216652 
727.487808261409 
50.52142998887936 
46.12658308259451 
15.92996532805841 
10.37238142770055 
744.4227589671009 
43.94268868756027 
40.70013407029244 
209.5341827256069 
49.63254619357834 
48.00137163758912 
65.49425239550595 
144.3378816871981 
845.6392156270141 
93.18843417444006 
58.91718088476725 
65.26668970364024 
57.56498274184543 
65.51989651937861 
84.61826538296613 
354.8955806769084 
411.0273835451622 
46.91835850993014 
38.3109723243371 
8.413130305037194 
28.6067758070953 
52.55186169631626 
61.76284253308828 
24.32173436121153 
587.9130926503885 
154.767027755429 
197.5389013462801 
61.4837876313807 
277.7038952500959 
672.5792165608665 
771.1650831387939 
660.4233378063758 
704.1711142826113 
36.63454661780311 
53.04707244121827 
50.33370693039272 
55.86544894403871 
58.20155875694227 
176.4559909744757 
70.73175404440701 
32.50923334622295 
32.26236939656315 
39.77786413931824 
56.76015192616835 
772.8853981212058 
791.8241570566147 
694.203918789386 
719.943982863231 
763.2251304839042 
779.9783513594321 
41.36057526662179 
136.6317379063818 
156.3773130515053 
51.41122267331796 
680.4193195575585 
799.6731878679248 
764.273617818372 
790.7989164769635 
37.79058403898187 
43.34601280020556 
58.48531859206697 
54.88476051855126 
44.93191765133724 
46.74544558487838 
47.38907925359364 
55.90365426224682 
39.30438097395197 
734.5078856399215 
798.734548877242 
788.4312216917623 
788.5490604490669 
297.4803179317266 
290.8257116239893 
43.2162965107454 
42.24035146131013 
56.07108719960298 
226.9343053531609 
59.22141438353625 
57.91221205238701 
47.95739081636751 
46.25780187732515 
46.50024466781252 
382.0773978942781 
544.7627899102067 
55.94811775993525 
482.5448368677188 
198.1747549770357 
215.8426243683292 
49.13200687939555 
50.60135969898302 
43.94965791367905 
257.6715273850839 
615.0755542187005 
596.8652107148486 
51.6548479297984 
366.7401060226926 
609.5808960851323 
782.108290460916 
753.1566021065341 
48.08522899663705 
51.5285457935691 
74.2280228540936 
154.9092599557662 
50.90828168604784 
462.4767852078393 
471.8421623152335 
51.98359489395138 
56.67210074868439 
50.46225753658096 
715.1812497511925 
647.9326436115452 
56.25952904892772 
449.4375133667012 
76.18001242802436 
574.7702598336074 
352.6366419366921 
534.7180401269112 
114.7996627078683 
53.29392012936909 
52.43074566458456 
45.62773613588942 
46.53833211064828 
342.8566767975586 
54.85094563176524 
448.370990876263 
240.4780389927242 
53.62898005286817 
94.45328756631517 
221.4572391362773 
48.31864434196286 
481.5538806872782 
628.8489768330675 
70.80684341158175 
47.68293171108307 
44.02172285244866 
464.2123370263772 
124.1032669700942 
133.5231486805462 
52.63637179319733 
47.60909411870363 
343.6587178369986 
341.090011256648 
57.29999827745647 
41.13962799888159 
6.707119426467905 
766.8950714784607 
19.75229995623511 
773.466786153235 
782.5757816158161 
761.2647135729536 
726.0315445948302 
789.4266123822046 
790.3796132580538 
538.3272541930749 
47.27248661633846 
561.1252524661462 
557.4049342157715 
91.91095715946935 
57.06671034982516 
56.69103910512612 
59.13701393650995 
234.7392099469864 
251.6433680861046 
64.46335011065098 
</DataArray>
<DataArray type="Float64" Name="Eta_u" NumberOfComponents="1" format="ascii">
1.010509580239401 
1.006490501384594 
0.7894259410049606 
0.5300289204560041 
0.6106517386291017 
0.8900145394060351 
0.9949728018432377 
0.7364302004992209 
0.4726382809890269 
0.8811400074735619 
1.561754405299092 
0.7664103132790236 
0.5678753077671749 
0.4553785057656546 
0.885241309256234 
0.1457365872754746 
0.2781295036645928 
0.2438717235542452 
0.2736551824751107 
0.4480219255924187 
1.581989213391084 
0.7670951551199667 
0.5692837651845338 
0.45454979333482 
0.8841742586206405 
0.8928571157809971 
1.003919461422869 
0.7450655915063642 
0.4727250953695608 
0.8829239107724903 
0.9546567305143466 
0.9684309282575412 
0.732026957894502 
0.3930597022601061 
0.5741924526753019 
1.338285345336615 
2.124608787469899 
2.037861660215287 
1.201374675757334 
2.043025379334519 
2.122613483037224 
1.393717676515225 
2.664274165888889 
3.476043856262293 
3.157532006913203 
1.975417229313888 
3.171887319446777 
3.477734856435205 
2.744085482744018 
3.546690226257833 
4.002233044867531 
3.298890094627605 
1.96965207002454 
3.321489969246628 
4.008631273313584 
3.496016990037289 
3.711645987432901 
3.757581170308304 
2.821756783714963 
1.61889948924865 
2.849023609270564 
3.767099685085062 
3.87682604454577 
3.589648749277841 
3.150178150489778 
2.206283647119708 
1.247993968938397 
2.235546921029731 
3.162285835424927 
3.508375970847206 
3.022509320660796 
2.471571996167958 
1.665072306227042 
0.987005074523031 
1.69123912939275 
2.487517625243192 
2.969781406918495 
2.448598163225937 
1.884345675858809 
1.27129946472256 
0.8398009003595925 
1.286191235305747 
1.894314127704883 
2.397318942894321 
1.869932693877662 
1.425468625199326 
1.010380282394641 
0.7681325273115364 
1.018132766413806 
1.434311899194567 
1.854476252514926 
1.470287708293833 
1.086865443072512 
0.8486559269448744 
0.7357224501200776 
0.857445485016776 
1.105498130062828 
1.433942903997297 
1.208583134495661 
0.8765468089392565 
0.762520286102489 
0.7218949270158839 
0.7701477094690649 
0.8878496629334035 
1.133824701874783 
1.005626137837875 
0.7594610634424063 
0.7227062362007053 
0.7162136712847224 
0.7280271609167477 
0.7655934393315047 
0.9030887459567282 
0.8238516383865094 
0.699519513776712 
0.7064785823552174 
0.713979388457316 
0.7086936114653494 
0.7018367757115127 
0.7486233436796355 
0.6572263516972748 
0.6742988468959632 
0.7015471389203229 
0.7137287513843291 
0.7000358099766535 
0.6674263233596313 
0.649436665282495 
0.5860236156167119 
0.6605657695626808 
0.7009354385153954 
0.7152266384976045 
0.6981733828604637 
0.6545616312542001 
0.6115556696252734 
0.6357145966503589 
0.6565180891520512 
0.7028468801937396 
0.7186559196337766 
0.7019016138720091 
0.6557737418816129 
0.5853340041253561 
0.732546778616839 
0.6678868511155767 
0.7107026278921408 
0.726238177048909 
0.7126854574793838 
0.6697290689392958 
0.6042459209012935 
0.7991206574590344 
0.7003462301043598 
0.733709506381434 
0.746226929698224 
0.7399530000845581 
0.7078344774364966 
0.676592143108379 
0.8347307726088651 
0.7759752611293369 
0.792558924517514 
0.7976412657335563 
0.803006142791298 
0.8110791313834291 
0.8636623785590247 
1.202069238368961 
0.9367827770783226 
0.9129416590012026 
0.9104661749439901 
0.9190769066953178 
0.9684031835756084 
1.305762877801874 
1.608487444855605 
1.001458517604311 
0.968855170463619 
0.959399047518951 
0.9655900913361971 
0.9915528268470255 
1.810383518608509 
1.539817138210976 
0.7494680096086115 
0.81634810589042 
0.1708308818755257 
0.4963461205379239 
0.7310652987682706 
0.2664294317751656 
0.529948608657777 
0.7052362398176112 
0.29906480406452 
0.5463692912851429 
0.686195160933921 
0.3008749546346975 
0.5350655096645994 
0.657529778066009 
0.2902066256638531 
0.5081939484369921 
0.61244102444272 
0.2734625065237503 
0.4744899841828283 
0.5621172237916832 
0.254152068294615 
0.4388908938304631 
0.5183098979390347 
0.2329325201097248 
0.4035147890723768 
0.4789482458910221 
0.2109954015755789 
0.3672714956103791 
0.4369159507668928 
0.1888929358745615 
0.3312377258993342 
0.3960538467618476 
0.1677640589043678 
0.2963867309404606 
0.3551775405888533 
0.1477642985224625 
0.2623360665456035 
0.3258215761559634 
0.1277411909909885 
0.2295534683480339 
0.2800872821648873 
0.1093144191803005 
0.1995037052860862 
0.2483348034812302 
0.0917105754756459 
0.1707971558569388 
0.2177689815153832 
0.07563563540340422 
0.1433869459036736 
0.1931040495490775 
0.06095525489061827 
0.118090436983324 
0.1626681533922992 
0.04811508716410957 
0.09606215277602102 
0.1342611829440938 
0.03712387860986907 
0.07612708903567879 
0.09838712832171312 
0.02724875954636919 
0.05743496342092615 
0.07469658105509097 
0.01863610090385394 
0.03962606536554004 
0.05445259547120403 
0.01247779238806266 
0.02505710767259993 
0.03954560790292246 
0.006859438806043903 
0.01390412850039988 
0.02493196785825982 
0.002478352582431765 
0.004638047366477664 
0.01817378242852571 
0.8616854341744592 
0.7478456548095331 
1.519095836297973 
0.7670934203891896 
0.496108377673223 
0.1715179695602238 
0.7489606337959966 
0.5306240756333045 
0.2668060540062826 
0.725908194866368 
0.547352523546666 
0.2996713473509617 
0.6989052851493268 
0.5364464457684822 
0.3015400709307453 
0.6382709551643864 
0.5092782400942342 
0.290422893851904 
0.5916096239647394 
0.4737197320999874 
0.2730089481114252 
0.5360792328561071 
0.4353903486054534 
0.2523525337012298 
0.4782287417011954 
0.398343418526599 
0.2305953713403698 
0.4351136332737917 
0.3637509672388596 
0.2089426476777134 
0.4044048810984919 
0.3298704263923448 
0.1877151578958154 
0.3649011342272899 
0.296780689081744 
0.167429962051207 
0.3163843024501147 
0.2639110191071835 
0.1481018622782689 
0.2813427445728034 
0.2315209323901805 
0.128712655774232 
0.2503946662637784 
0.2016953103671369 
0.1106030347765415 
0.2345379775482287 
0.1736061863216755 
0.09328451011619361 
0.2101295208111541 
0.147504605395862 
0.07715072354107513 
0.1694161963938942 
0.1213546222944405 
0.0628495454706454 
0.1303261641934582 
0.09611424940963069 
0.04880757968364836 
0.09728667706053065 
0.07388040797160407 
0.03647104464375193 
0.07535014633296734 
0.05648104039810706 
0.02668763501117372 
0.05586399141898958 
0.03982166091786261 
0.01851396988840189 
0.03902105302270462 
0.02504901084584829 
0.01236927306200476 
0.02564112252771994 
0.01399398046165636 
0.006819549571822571 
0.01590876976721928 
0.005333218010807978 
0.002721290190257606 
0 
0.02201603929592501 
0.07145414474503377 
0.1058205272690347 
0.1207059901792356 
0.1254813517458943 
0.1232066833469981 
0.1161206163894327 
0.106678064666871 
0.09642110858092003 
0.08637847487892328 
0.0768423708626001 
0.06825189871512759 
0.0563423924411306 
0.04632483721501596 
0.03769794004487685 
0.03005454998351429 
0.02292170075807966 
0.01673824420358167 
0.01144912210283517 
0.007047073166390044 
0.004092683836922818 
0.002197362514100688 
0.001282368205236808 
0.0004474626563476629 
3.607485236646413 
2.150265901761114 
0.9848564286310748 
0.4790047585537806 
2.295919071811571 
1.486269537286297 
0.989177473197663 
0.9098564888989469 
0.9951913290786779 
0.4917161815186815 
0.6817541878944602 
1.217388548696276 
4.149303312990451 
1.744169989610099 
2.374604848046534 
2.860480168526798 
3.539865025349095 
3.898837320208299 
0.5386951892337946 
4.165862051007312 
7.119338476184617 
4.091036782465346 
2.024470770633638 
2.295109584768688 
1.180799487450568 
1.166921761328161 
1.022174799278868 
0.4335845086038609 
0.7135069401755615 
0.7926454345862626 
3.375448596519242 
4.496347301037839 
0.1606581572055113 
0.1037086481439854 
0.1701476841093532 
0.296887642604351 
0.4854932052015969 
1.150238527798343 
1.096029197505927 
1.314026318983377 
0.965827692527658 
0.8623252646637132 
0.7380142976297439 
0.7063561905545416 
0.6220274611784006 
0.5673735177502336 
0.5228635543224672 
0.4963392539267734 
0.4488281673582943 
0.4149973672648066 
0.3822693268136222 
0.3108522824665657 
0.293467625586158 
0.2473051257762704 
0.2033983397236492 
0.1797895593887426 
0.1237621913850719 
0.1170474416786863 
0.1571765008727591 
1.077842276352138 
0.7821537415585985 
0.6123498064762777 
0.673740921046298 
0.8503564869370995 
0.771222791293861 
0.8019688985431868 
0.7170408619274656 
0.7687920270691453 
0.6775362929000013 
0.4929047757138756 
0.4905678685650453 
0.4845851654527405 
0.1801966230204044 
0.3692760590647715 
0.3309150532915359 
0.6905549551157334 
0.6539826288437761 
0.8351107030272384 
0.6427878720752744 
0.5994264047833783 
0.5083440467539739 
0.4851144092225143 
0.1242135711628246 
0.118748288822408 
0.154758908215882 
0.1481281294975773 
0.09519961419809804 
2.177774491247158 
1.93924650799653 
0.9525754131209151 
2.640142266215997 
3.165774867522878 
0.6569166780670888 
1.067298811786245 
1.737435566154005 
0.8433735856735703 
2.283856711979244 
1.52375146449006 
2.412141799789446 
3.397029492993244 
1.869884097829083 
2.19544982291056 
0.9385161322737789 
0.7681904579774369 
0.6377391368104998 
1.905074962851027 
0.5444753949772853 
0.3055734703001086 
0.08703219520074605 
0.1665290749512607 
0.1756714810098365 
0.4597803928322596 
0.4577543796735969 
0.54218310038072 
0.4896837059100048 
0.3502837840854285 
0.2913263933080233 
0.4675142065318004 
0.5869833956632595 
0.5498912425248823 
0.4533010742176767 
0.6056034441917245 
0.6233043573117467 
0.2110354904060577 
0.3026628447921754 
0.2147658005150305 
0.2259292008097409 
0.6115821885542964 
1.066325925334513 
0.8470810577629242 
0.8651745473604769 
3.719125239222049 
1.244515736133916 
2.186730642709078 
2.13036208192705 
2.105937430907525 
3.606182274623478 
1.889827943239514 
3.348855477473546 
4.147103883398518 
1.558473418028672 
3.001226301075432 
0.7463261668535639 
1.526912897145748 
1.994536980723162 
0.971812056792605 
0.09008592372539062 
0.9904749991998395 
0.9287227769378614 
0.9432444197113392 
0.4166983126311273 
2.997947561166285 
1.897081168245167 
0.5476438047632566 
0.5527014947071275 
0.5766451269998981 
0.5573902639449279 
0.386243032975473 
0.6231720123490221 
0.5553889524170983 
0.3825312663897467 
0.3165377408404385 
0.3833271570930862 
0.2110871739597215 
3.04728331566124 
0.5086449092902788 
2.709689144774172 
1.665963096450887 
2.312698354515341 
2.396016693301748 
2.661811141076365 
2.3096736099043 
1.188430271644732 
3.142495982788284 
1.869424591701078 
0.9105123891755468 
2.313096153740332 
2.324158229227691 
3.029116069200302 
1.771174260346702 
0.3147776674709528 
0.3258971010695749 
0.4883801200535565 
0.4736523990980037 
0.4854309822009398 
3.739585150619583 
3.225774763274003 
0.7101017736368057 
0.9240947195450177 
0.537146048509819 
0.3428844749167745 
0.4169006726200329 
2.545411390862619 
1.830803175032742 
2.729683597711469 
2.148130416031949 
1.315386054187003 
0.5742987970386412 
0.9001437125946087 
2.658685960247015 
0.4201017478016025 
0.1832300596987901 
2.01517573671011 
3.097511705764806 
0.2251991251289054 
0.3297985184153701 
4.05470079024669 
1.338955226914929 
2.294065081484052 
0.283675320650156 
2.846915796134366 
0.3388683036196818 
0.9063446301127103 
0.3133495520749087 
1.827707087187038 
1.291759508741803 
2.628866175253369 
2.619218906152549 
0.3687436092662338 
0.2816813675238982 
0.2754688882544246 
0.9120908610356233 
0.7817024615230361 
0.7203423628762153 
2.018564966246706 
0.8061939771361872 
0.5442016811774861 
1.713087216937361 
2.866069818997919 
1.802698120409805 
0.6715140524080022 
0.5427917876163215 
6.72384385452785 
1.610116929996526 
1.297091602717829 
1.54399548431518 
0.7290134316442036 
1.187698210912577 
3.813842861829225 
1.264244615248526 
0.3560714395084166 
1.066758662611554 
0.5841037003861249 
0.8759006464592428 
0.9725729185618947 
0.8137014970313673 
2.8582055744056 
0.4622723020789826 
0.8124061193491509 
0.6732603027495578 
0.7459749561287933 
0.745389004252478 
0.7029527181700462 
1.270626642409943 
3.552073933338356 
2.491018165436605 
2.68027282031528 
2.814794848337642 
1.682024178380718 
1.656179895834233 
2.135506797160777 
2.039187676520759 
2.593445571587583 
0.6196227433857344 
0.9529990978860966 
0.6654897908020574 
0.464343859596934 
0.4590195039868471 
0.3310540731742132 
0.9168611383165947 
1.118216156929808 
6.522508388338325 
2.736857004345796 
0.6092242341311278 
0.6236596937441238 
0.4349632877827221 
1.513892062022839 
0.5300061253587355 
0.8391688803614479 
1.336067168196979 
1.175192770621065 
2.107174250577412 
6.18114352041203 
4.895415864070948 
2.029781677706896 
1.106612660434514 
2.79498605125575 
2.07418724876329 
6.408471393786251 
0.2704521570077608 
0.4283456000577421 
0.739293548938545 
0.7577262920127147 
0.4667297702910231 
0.5197174685797773 
0.31684933734996 
0.511382814478218 
1.942531974626477 
0.914217809885873 
0.9042186244652582 
0.3999882526593067 
1.854732205494122 
3.905005501292196 
1.576308000326349 
2.410070458433651 
1.458996517487203 
2.087614143948788 
4.713919757545261 
0.473518888171208 
2.059464540566665 
3.096788409022488 
0.4705035385209055 
4.100367051180167 
0.6714170407150289 
0.9785272406309458 
0.7317110705774457 
1.893640717053115 
1.621924043703451 
2.486184351676841 
0.4583926717966201 
1.082780733720217 
0.9718536620309596 
2.19693409354688 
0.3287948836150617 
3.299628649536286 
1.569228903275589 
2.572966206827926 
0.8743386509049615 
2.293028667807247 
0.8550032188344788 
0.4249641043132246 
0.3946930020195178 
2.949517746332637 
2.637752684193463 
1.800850633422102 
5.976716943497639 
1.028747771650194 
1.69096772522927 
4.014650782787918 
3.970217125827451 
0.707109544904271 
1.282583283456231 
0.5692793647109637 
3.906778844600096 
2.33557663166711 
3.952061975278737 
5.776369915562862 
2.029532856048181 
1.658953875112313 
1.205001575837631 
6.682734287327246 
1.06205635431731 
1.583313435483887 
4.188801938795527 
3.938871865040344 
1.008744044651644 
6.963970490400331 
6.923804488033045 
1.015522368167169 
1.12281579100683 
3.036514699230005 
0.9300797026433555 
1.558098004967594 
2.438325532689512 
0.8636775119825767 
0.8250883209106501 
0.8775260481551256 
0.9431418322373345 
0.2115671815249264 
0.5992249400473783 
0.7859939505557632 
0.7034364202794132 
0.6672715032693474 
0.5695906474571646 
1.10239811019151 
0.7092702435368996 
1.771125250805662 
1.1708211966324 
1.404038456114442 
2.314406538578562 
2.041349963933685 
0.3658113831878698 
0.8465175076676429 
1.462556404694224 
1.471053414358687 
0.9525218642872284 
1.078616979934914 
1.721394698829783 
0.9391961226960031 
0.1159108281999242 
0.212768839659361 
0.09343003385134048 
0.1220436439875736 
0.1119589215427513 
0.1048482579404218 
0.1241098880293316 
0.2829282839995066 
0.322737171336876 
0.2819827377390844 
0.3049940982805761 
0.1259891061342197 
0.3939073838828034 
0.4384556702211436 
0.4768134392190784 
0.5267035900927463 
0.699096935563961 
0.8019874129103168 
0.8818952707720845 
1.23211247784094 
0.5451794857309671 
0.918736022865914 
0.9870086318249 
0.2836047564904423 
0.3869110358608487 
0.1414735376697589 
5.739830696266777 
3.430750808377115 
2.241561129654802 
3.015383716986495 
3.741239592050552 
0.7539401393304006 
1.121379019219485 
0.6727511708705142 
0.3964895973524294 
0.3033353565568656 
0.3139711278007242 
0.8923159167226116 
3.746022089463223 
0.5697936126167282 
0.5243566809101241 
0.769851895953215 
0.5248512715188972 
5.385152981800933 
6.690539146305242 
1.326833899552799 
3.252091238455419 
3.712987191875898 
3.357556571585619 
2.359578528079001 
1.95502690448442 
1.060131056284908 
0.5851139706267322 
0.569294351710548 
0.6679588173436143 
1.046010943825721 
2.14327396611461 
1.114876104685587 
1.240465624368027 
0.8948536619427695 
0.9527247713760577 
1.038004296886185 
1.104400217077464 
0.9299879631803865 
1.059050505127014 
2.01158178428847 
2.432991805693989 
0.339949653494096 
0.3112622387810641 
0.3882124127105351 
0.4493116446544936 
0.6015405959278028 
1.065695819049586 
0.920217338597157 
0.9749451787892326 
1.058163031787013 
0.4690077102227346 
0.8500856850041676 
0.9151112706035475 
0.09925294154312124 
0.3115901643488151 
0.2891047643225148 
0.3097315603392174 
0.2829423235374462 
0.1165986146315969 
0.08021357170308394 
2.852563391206909 
2.171881998849459 
1.164051123035919 
1.413036085059819 
0.6745949741495174 
1.693193525498943 
3.584310353573811 
3.300337208269692 
3.475880776534216 
1.443938995032575 
3.461642813637702 
1.62450457916198 
2.960247600528598 
0.4220611383663987 
0.8425072884678956 
0.5494577213653855 
1.108415118104801 
2.694619229686201 
0.9463890618146061 
0.9611222518292157 
0.9511409724674504 
3.442897989005254 
0.8426132811229176 
2.895436245306636 
0.1918303164868579 
0.1451128731786558 
0.3496195795805032 
0.3786211339974327 
0.2491851544157892 
0.785470616409687 
0.5109888818082526 
0.9126376104666578 
0.7556313631137633 
0.828585004352729 
0.3654514372918399 
0.8965006877406436 
0.3320261237611524 
0.326858436389731 
0.3419627009773361 
0.1469050470641554 
0.3897674949812175 
0.986940358200504 
0.6455594066991435 
0.7934317500239938 
2.03838901413727 
2.233370202771818 
2.804535104550895 
2.580721909177194 
3.451064045453345 
2.403404572566811 
1.779831390434133 
1.790724730758398 
0.8200651099072135 
1.9244985571039 
2.553931831585001 
2.152826298309406 
1.422522201940942 
1.002448571793837 
1.480812374700651 
0.1082220457751717 
0.3722754572237308 
0.9489452286178287 
0.5877346913785093 
0.8381290871167809 
0.8968402888094243 
1.467492676754376 
1.323824626580941 
0.5143999970630149 
0.2401573738786915 
0.2521048219553061 
0.657193288421379 
0.676516244586558 
0.8784790195656296 
0.6422782893421464 
0.7402211291413205 
0.5703731680640783 
0.8249252419852001 
0.3198952447546242 
0.2187089830516003 
0.1534422093154007 
2.956671155112129 
0.7920658662396155 
2.386012645098303 
2.316948626146693 
1.931146345558454 
2.079299301457168 
2.425780887614035 
1.701977360234116 
2.254130488583169 
1.049477367132529 
2.105353182914445 
1.406642586679528 
1.05172709486267 
0.4462394038435684 
1.907159109705557 
0.2870325202251367 
0.2636643423338789 
0.09695264477779761 
0.6827207085483551 
0.1899582259615136 
4.120278985717698 
2.407864514602608 
1.150079898250159 
1.464844975591013 
0.9690836216366709 
0.7501238588677915 
0.1977250467883961 
0.2939900063709341 
0.5143973706232271 
0.7672338075761129 
0.4986370470443567 
3.616425425740327 
3.14435248653086 
1.906272453988813 
0.9716887906982117 
1.026185917034127 
0.4461785043468068 
0.2445550669056794 
0.2439927953241221 
0.5350997276334635 
0.8498462283130539 
1.236153240219102 
1.549735108187916 
1.861428824958437 
1.042832741873104 
0.2078152650427997 
0.4474633443438289 
0.3876025981025665 
3.059038659980575 
0.2415520459559179 
0.2354734167721549 
0.7778521766077585 
0.3208829315850657 
0.1674468765255699 
0.6733961447156489 
0.634671502054041 
2.253684784300856 
1.517041368586414 
0.7418817345065041 
0.4363015576896508 
0.6431460272614203 
0.7862806103782501 
1.189389655378496 
1.753879091536165 
3.938908398535243 
1.129131709181824 
0.4268635303858262 
0.1977620706003236 
0.340449814775621 
0.2462569575857727 
0.7587183338163366 
0.4753292907134429 
2.807322951367327 
1.142818106707249 
0.8683682245461455 
0.4139615522291773 
4.16679059820233 
2.210540724891758 
1.945574167079434 
3.730368584178871 
5.438119812468635 
0.2036446009669388 
0.2439456141060047 
0.6512706667213883 
0.6228001023218517 
0.736763580483652 
4.131448680937934 
0.9920909613192745 
0.5535300772584285 
0.3516954486703632 
0.6521108254903842 
0.3609918977806392 
2.643580393189006 
0.8467139433464486 
2.183441224679663 
6.597392657732385 
4.666408471343798 
1.410362596255186 
0.1329008973667488 
2.409253468179455 
2.058341775613756 
0.8178195944764932 
2.148959110448708 
2.087643154106438 
1.460736761960884 
0.6969595189034785 
0.3679278986603292 
0.4720794936626684 
0.5186652891862147 
0.9544040904504516 
0.4325005014715925 
0.4523583561460748 
0.5410265642566402 
0.6537774360903122 
0.9348319847475023 
6.569819984329717 
1.294525004496123 
1.235375672072641 
0.8178616632233716 
3.838219363361003 
1.952238965260562 
0.1409806343740745 
0.3465932683173991 
0.9937282638781542 
5.13629279961017 
0.8283757935512797 
1.875274744758985 
0.3291791505971389 
0.9586644265961749 
1.054713505577732 
4.942680663110068 
4.185224565757394 
0.3242833264817774 
3.297350737285325 
3.679561632932619 
3.058799566568695 
0.3392768258403102 
0.3961727243211648 
0.6394113610227019 
4.535709611723043 
2.611342720764986 
8.649048846776202 
0.2770278500644656 
4.783936125398048 
1.859076090321599 
0.827241720185514 
1.779586484037178 
1.592463733027107 
1.149845432257284 
1.605135033533188 
4.94144667368845 
0.9480460054343242 
4.715715307473116 
4.039765065256962 
0.2783572474818641 
0.3063225107335316 
0.731608760782044 
2.553620423108182 
8.35690857382691 
0.2935347759436137 
4.794341541850778 
3.034299432823717 
5.671022620714352 
5.376993264301118 
3.549183751745356 
2.801594161174894 
0.2401972443825873 
0.6548503917959156 
1.112587541019027 
0.2212602675388436 
8.1649204793463 
0.8455101293577248 
4.127972193245764 
4.783600484041358 
0.3342139977503166 
3.181603469320688 
4.927215929104829 
1.293900332835923 
8.872996865799045 
3.208280280828008 
2.587948102807868 
1.337392853405009 
1.052092723021859 
7.809287130802717 
4.04030149235193 
5.12429167525052 
0.8880565420426286 
1.080178838353957 
6.781127182861833 
7.725512929020037 
2.576749460049147 
0.8312408015625895 
0.101840040655919 
0.4347192821775367 
0.3068624301613957 
0.6320621819155066 
0.5004396024704856 
1.660100116368388 
2.096530110490859 
1.607283754908961 
0.6427511106293679 
3.242207498748424 
0.1789221280234254 
3.364836940402053 
3.135864506820765 
0.8889884603864482 
0.2772517522470014 
0.4097533079312476 
0.2701990265063126 
2.179724262619384 
1.439698290023198 
0.3525329937364493 
</DataArray>
<DataArray type="Float64" Name="Eta_phi" NumberOfComponents="1" format="ascii">
0.006526928761012911 
0.005443881160301316 
0.004754853081390586 
0.004560419921643401 
0.004533016124163825 
0.005923624014911799 
0.00385214955390459 
0.003223933340394308 
0.003296688508058204 
0.003589338629153715 
0.02874811560690674 
0.02562902049520198 
0.02498581275391938 
0.02467145911738052 
0.02489610760054756 
0.06394194582318197 
0.085966245684531 
0.07859034807344463 
0.07838281080650135 
0.0827040406720258 
0.02871653327062676 
0.02560600410364023 
0.0249587931682833 
0.02464252885132727 
0.02487802186801691 
0.005918207681927524 
0.003840699822048695 
0.00319886278782272 
0.003259728435943852 
0.003547962196982193 
0.006486161092858478 
0.005437710608863799 
0.00479682104698338 
0.004613872693306233 
0.004590524408553513 
0.004423355647853408 
0.003694240142236242 
0.02430046411309153 
0.08120968783921803 
0.02425223545058199 
0.003695371958255428 
0.00436244690646522 
0.003833701849283983 
0.004444465126225921 
0.02260214940844903 
0.05468039932222993 
0.02242009202927702 
0.004364165471364719 
0.00373795027366089 
0.002892783195918965 
0.005714833361655577 
0.01982018232604574 
0.03307642900102872 
0.01961429876360087 
0.005599925159141735 
0.002502919647895603 
0.001954970981708791 
0.006278622966218092 
0.01530607441815878 
0.02105669747263272 
0.01516255561854452 
0.006161559804348089 
0.002073864239788286 
0.002372478168246876 
0.005917845400118367 
0.01117580260796749 
0.01385429850539131 
0.01108283510123896 
0.005814381508293288 
0.00186598694489086 
0.002183301300490397 
0.005031669558388058 
0.008021655001322242 
0.009357977732430287 
0.007965149343665422 
0.004955017352396392 
0.002183459906971743 
0.00236779557637169 
0.004040223983730416 
0.005760758284703276 
0.006469243365959118 
0.00573184233695543 
0.004000005199257517 
0.002450701483551076 
0.001895595794164746 
0.003162425116715849 
0.004174012103523925 
0.00456879314403864 
0.004161581157651166 
0.003148347852089008 
0.002225706130654711 
0.001651067935169282 
0.002461510886842456 
0.003063911394294842 
0.003290710804967359 
0.003057760864556129 
0.002454212582628457 
0.001777334793141883 
0.001391629676418687 
0.001921849199463765 
0.002283382065625213 
0.002415092138586282 
0.002276877995170868 
0.001910507898441692 
0.001502295180413911 
0.001243318166074433 
0.001511775854937331 
0.001731110672900498 
0.001807778180196936 
0.001722777063012562 
0.001495925150091838 
0.001335448433988813 
0.001022675073978518 
0.001206141593296836 
0.001339942042502332 
0.001385214670809921 
0.00133130644683612 
0.001187641477865633 
0.001009825829039656 
0.000832688103076334 
0.0009831957454780448 
0.001067145146969939 
0.001095933339559367 
0.001060697745324203 
0.0009653285607145702 
0.0008313200380381595 
0.0007328555477568452 
0.0008243135813649804 
0.0008891225161223213 
0.0009114459804191212 
0.0008883364783852038 
0.0008220606636099068 
0.0007610288297430302 
0.0006956095156702976 
0.0007447447929251527 
0.0008009010598076376 
0.000820335765215272 
0.0008050350977055409 
0.0007575960840058005 
0.0006885433319298182 
0.0007417293608720373 
0.0007631308791748511 
0.000805739049551395 
0.000820969920750307 
0.0008083677974327694 
0.0007713121342956376 
0.0007224201441265685 
0.0008339717503562942 
0.0008681936975004853 
0.0009038815804390157 
0.0009157212945682638 
0.0009009351805225099 
0.0008637044870232894 
0.0008209775550063382 
0.001003935699652844 
0.001059506858438486 
0.001098176578270908 
0.001110477138152831 
0.001093005038003576 
0.001046047797485165 
0.0009904554324530477 
0.001282507713529499 
0.001351211551506171 
0.00139708982178612 
0.001411831866594487 
0.001395343275022257 
0.001345504575517362 
0.001254679891969134 
0.001512919962479769 
0.001590928877656425 
0.001636499798117031 
0.001650698666489708 
0.001637131548945589 
0.001592973850730956 
0.001514296076906246 
0.008524362981461185 
0.008819467226175645 
0.007650049353323847 
0.009761427782360298 
0.009673219211004684 
0.008285593071182651 
0.009852590151833783 
0.009855096155698283 
0.00849061167558789 
0.009869616004428662 
0.009898118201267245 
0.008564502591494575 
0.009879244495613079 
0.009914400608129316 
0.008593576253508877 
0.00988661899824865 
0.00992735784281251 
0.008596805127578567 
0.009893140770777107 
0.009938355139801666 
0.008610653688171663 
0.009898231426392536 
0.00994636790649475 
0.008649141833672646 
0.009901789734928924 
0.009951071297715096 
0.008701174032824567 
0.009904513933464202 
0.009954082614697261 
0.008752676529024922 
0.009907364354671457 
0.009958426916900298 
0.008782501497097712 
0.00991124264107573 
0.009965625168869074 
0.008793561708646416 
0.00991569844537362 
0.009977790026035596 
0.008787785409379311 
0.009918323760504565 
0.009985385383061764 
0.0087970790600717 
0.009918100385960735 
0.009979896445442385 
0.008826111125171079 
0.009918329501341611 
0.009975980651354018 
0.008820495466610661 
0.009920669378961324 
0.009987028679718523 
0.008762773743632506 
0.009921841493669611 
0.009991182093156496 
0.008696019070199394 
0.009921039310430623 
0.00998225409334565 
0.00865070846323545 
0.009923350696436146 
0.009985854181415914 
0.008612196816166815 
0.009932742098483081 
0.01001271747079114 
0.008602052678441992 
0.009946351819627311 
0.01005575970163096 
0.008716339451846656 
0.009942054441674404 
0.01007969990420264 
0.009077126017237421 
0.009910203033165683 
0.009954828185244222 
0.009862835940905439 
0.00987561093218697 
0.009836400009087039 
0.01056891230963104 
0.007692914071726056 
0.008820695951820423 
0.008527844428873726 
0.008323323653178057 
0.009671838076124669 
0.009761188002310977 
0.008523071437419715 
0.009854146717948029 
0.009852222092798917 
0.008592256948064725 
0.009897347081685161 
0.009869258328499454 
0.008615741028531871 
0.009913566715185623 
0.009878764914778347 
0.008606965673971635 
0.00992484998028359 
0.009885957413218448 
0.008580916468426925 
0.009936706460895572 
0.009892984959053188 
0.008546622427296041 
0.00994947321050629 
0.009899371417548118 
0.008525229360648602 
0.009957530770248751 
0.009904152644559084 
0.008522682650518974 
0.009961892050668069 
0.009907410654231901 
0.008537241815662761 
0.009966148446582087 
0.009910257044245393 
0.008560782120769536 
0.009972216706854286 
0.009913316030464159 
0.008594095413688042 
0.009978995684714817 
0.00991654891908164 
0.008645056740365519 
0.00998575840291255 
0.009919396082830715 
0.008733954861993425 
0.00998915764905217 
0.009920704689005497 
0.008863609513948888 
0.009983613212682995 
0.009917988597443941 
0.009003193450168902 
0.009959369945484717 
0.00991111339642871 
0.009013339353825414 
0.009940841812752911 
0.009911423897620291 
0.008712667475039116 
0.009996761540361684 
0.00992263150383779 
0.008425695434439329 
0.0100265665646756 
0.009931314809187675 
0.008483584122929301 
0.01000369568054809 
0.009933447061766259 
0.008619854806450814 
0.01003537654162137 
0.009939753678913275 
0.008925473136034803 
0.01006210658412512 
0.009937468207621552 
0.009595018658973485 
0.009960876686465527 
0.009913679874849196 
0.01013573991394985 
0.009875936741849329 
0.009887549134802937 
0.01079999954640001 
0.01079999949240001 
0.01079999954640001 
0.01079999949240001 
0.01080000127439997 
0.01079999760240005 
0.01080000192239997 
0.01079999706240006 
0.01080000570239987 
0.01079999760240006 
0.01079999760240005 
0.01079999760240005 
0.01079999706240007 
0.01080000570239986 
0.01080000570239987 
0.01079998950240023 
0.0108000057023999 
0.01080000516239986 
0.01079998950240023 
0.0108000057023999 
0.01079998950240023 
0.01080000570239987 
0.01080000516239988 
0.01079998950240024 
0.01080000570239987 
0.003495753215406507 
0.004579445165968537 
0.006376251740389658 
0.009373960154728722 
0.003348786811076754 
0.001495143075693799 
0.0009983127572038546 
0.0009501334634206962 
0.001161834205754381 
0.0006885988157530481 
0.0006361523152244173 
0.0008449179996952214 
0.003320327963754219 
0.001406187199470266 
0.003027503207402714 
0.002318394534374384 
0.002590996198239656 
0.003242406124562252 
0.0056972043796135 
0.005186766221444587 
0.00219481268457209 
0.00364856981566848 
0.001281181248948433 
0.00092333288516239 
0.0015313128217966 
0.002086593685584434 
0.003473755264963268 
0.008300270279804367 
0.00672035171254629 
0.00498412695962458 
0.00185571140637455 
0.001533483780262763 
0.02142916357573956 
0.008349908399567707 
0.006191538538517834 
0.007168027713843547 
0.007632465239243808 
0.004288330595031412 
0.003257843191614197 
0.002564885762585151 
0.006941991827660143 
0.007589384280604076 
0.00835122164296577 
0.00852764371248132 
0.008475253084219571 
0.008494678948571002 
0.008712039604150994 
0.009100940077200968 
0.009571052460782463 
0.009545938026742477 
0.009360876781790126 
0.009593536103941151 
0.009750025583204359 
0.009076696473244401 
0.008560614022741194 
0.008543070742452879 
0.00796099199775465 
0.01053748048628173 
0.01535249155739571 
0.005014809707746328 
0.005983558921680378 
0.005353570770652618 
0.005041259716123333 
0.005791068228600596 
0.006322976076118562 
0.00805276145048738 
0.005667427129079832 
0.005124220459323179 
0.008584046082142919 
0.007227994566451694 
0.006536567587017417 
0.008217929543680773 
0.004066297287837852 
0.007766646698959438 
0.009286378946221549 
0.007156101905261847 
0.00746164031079409 
0.005986269715723962 
0.007595624248827059 
0.007478819414665125 
0.007566291534943956 
0.007944046425851958 
0.007107625756849232 
0.005752539927211199 
0.008327055666603805 
0.0112566373311403 
0.006271982456992421 
0.001335901946501864 
0.000977785680154316 
0.005069779980225377 
0.003745730899771566 
0.004119041600684738 
0.005538296772227553 
0.004536893683339451 
0.004053418533593155 
0.001007670188195587 
0.00228714975698039 
0.001220345805021832 
0.001431925715912105 
0.003614013459525205 
0.0009607638428761171 
0.002127521776408971 
0.005007137024419182 
0.004966065920721747 
0.004686947552915501 
0.004438708647934694 
0.003171648165272282 
0.009367826106363001 
0.005073714115510326 
0.007616174591233304 
0.007778197985602091 
0.008403936500624805 
0.006099101078134153 
0.00739260538729675 
0.006500364877513335 
0.006611406026132708 
0.007668807191152692 
0.006839381198084044 
0.005393457838974164 
0.006458384002675501 
0.006447069442662678 
0.006058775007981205 
0.006330299744866141 
0.004885894272149002 
0.01446166203961169 
0.00709760289359983 
0.004554306701058546 
0.00483839442585975 
0.001323720890976161 
0.0009121047976752071 
0.0008675406314924093 
0.003327472346516679 
0.004115254193558889 
0.001050641197656722 
0.00180418410349816 
0.001400353487732998 
0.00238515578611002 
0.0003914929876256118 
0.002817343685091967 
0.003291651838610926 
0.002088018058912022 
0.002529393251007077 
0.001031705501312991 
0.001053612206703208 
0.001675934295464564 
0.003514156638577732 
0.0051102392506089 
0.001027146244464206 
0.001429711545576913 
0.004582694650068355 
0.005627017244195308 
0.002991125757298189 
0.002699224944896324 
0.006651896825723731 
0.007999261266929097 
0.006327374962139117 
0.005501475173294922 
0.0044496238157835 
0.005610824436933603 
0.005502729994624075 
0.006710166318973112 
0.007364656498919667 
0.007648291997330528 
0.006242739045010006 
0.002442603122503253 
0.004537426667381069 
0.002371479592431232 
0.002722305903272761 
0.002690971842616058 
0.001208769523757315 
0.001868308703514188 
0.001130907814874937 
0.001314044750057468 
0.001548883942362351 
0.002476792407332121 
0.001386390190441748 
0.001954044533535939 
0.0009544766099282215 
0.001983586432494212 
0.0006180478625979543 
0.007941547166750286 
0.0110753833749776 
0.00457516474107407 
0.003137959044102262 
0.004845348474085754 
0.002795572541393203 
0.002022514331486001 
0.007890897245392405 
0.00819764557616055 
0.005009029332106021 
0.004980607608983426 
0.005284316067062121 
0.003710926909446128 
0.00327400212266633 
0.001918256429749163 
0.002592766173468318 
0.004796699722722756 
0.004945466038711437 
0.00163666799895215 
0.00111724090917583 
0.008319714286366298 
0.006673146781513622 
0.0006392736474631257 
0.001687657962057014 
0.007499873093844649 
0.00848825025044881 
0.002591863592916932 
0.001498407556470098 
0.001351738968745508 
0.01829522990051776 
0.001298811717352177 
0.006528506887793293 
0.005750008492465698 
0.008015603447007046 
0.003474300231695388 
0.002235867820091139 
0.002248633180047242 
0.001747230616042766 
0.004758724028450226 
0.003225651066997433 
0.007339472694406367 
0.004361263350878542 
0.003940093386793627 
0.004618166494245066 
0.002972921294640715 
0.006009183787587261 
0.004563662995149027 
0.003478930852078898 
0.001079694164787379 
0.001210267031057786 
0.004853063947780674 
0.003181296294150037 
0.002027096468630291 
0.001230429924815096 
0.001363989703096035 
0.0007957444894292811 
0.001269977515642346 
0.00164339299944648 
0.004564045296022635 
0.001075132651387196 
0.009838910379810573 
0.002262057281815908 
0.004314694640808301 
0.006652321371871438 
0.00376154152475135 
0.005407188351498304 
0.001385933434994436 
0.01146036137655405 
0.001484817018546438 
0.006747465980507333 
0.005720096356421535 
0.003398362148375638 
0.00348239378194131 
0.003842245364953173 
0.002985900166515442 
0.002924332011882808 
0.003086829412159463 
0.003049881810571021 
0.0007726176234329907 
0.00199612629235757 
0.0008311202409845885 
0.001054257293445031 
0.001488355426675252 
0.002376719069741091 
0.002879461052512839 
0.007897787535900194 
0.006846854649679949 
0.009594069367271297 
0.004719949376460481 
0.002911455402112597 
0.003606989370369129 
0.003005988350242422 
0.002438016226961722 
0.007662993574886951 
0.004459423841087388 
0.006581877514062701 
0.002101789989408828 
0.005565157833715778 
0.005510761489163882 
0.003369877795130591 
0.003402571664897745 
0.001185975154007039 
0.004675643411794898 
0.003442150575101979 
0.0009774816182333077 
0.001285377580904234 
0.001140149128252833 
0.001032557733533163 
0.002663320581290264 
0.003612103934241769 
0.006680739977921554 
0.004042469685565995 
0.005654159203296945 
0.01082484775424 
0.007287304394292382 
0.00402378919574658 
0.004551085525912445 
0.001583624968809138 
0.004523743381067132 
0.005570467600365606 
0.005824377576816614 
0.002974815362944613 
0.004224126215435077 
0.001522056772640762 
0.001144257428799719 
0.003690036058459571 
0.00160412918173553 
0.004151928371460018 
0.004314231038913886 
0.001219325111815609 
0.001711668353386904 
0.00555019493332856 
0.001708543847756849 
0.004439743794404309 
0.003261429883406746 
0.003773269889661493 
0.001314130229245879 
0.003488033151668004 
0.003764349677262199 
0.005749264947886175 
0.00394538459376253 
0.003619569796395227 
0.003449432642833884 
0.00309413912106749 
0.002934067537840311 
0.00102269674432631 
0.001543491722810334 
0.004664041619204823 
0.00108573254570608 
0.003966775067214842 
0.00434814468229213 
0.004818680581313834 
0.003483132625452853 
0.004008843956721874 
0.003748343925610448 
0.003937254266412574 
0.003739464167248426 
0.001217097657824332 
0.001944783001970596 
0.002542259153233598 
0.003967018181034815 
0.003329739893883212 
0.004248707135810802 
0.003835923109511583 
0.003919965198766097 
0.003775023887919381 
0.002904564607169879 
0.001147439858283273 
0.00381791822210292 
0.002993480778871607 
0.003636904217066138 
0.004489294631573422 
0.00314607044469822 
0.005264451322408511 
0.002413035610362369 
0.002465025327327455 
0.003107792209395373 
0.003705231547415055 
0.002495220994767375 
0.003505462161776242 
0.004610399988233993 
0.003060039218187963 
0.003497709069070595 
0.003434702176247135 
0.0007074267793842706 
0.001540428494027956 
0.003140226842528369 
0.0008159705663936393 
0.008830903962470979 
0.005104764252056799 
0.003535393708910235 
0.00335877392745521 
0.004414478331217957 
0.00423503432072188 
0.005442758899859316 
0.002911300040167927 
0.003602048890732781 
0.004925914493302722 
0.006151814812104291 
0.002170645169390865 
0.001766437493975381 
0.00469380737761701 
0.003965442255481368 
0.00439765251028143 
0.003350754182506937 
0.008752763220185113 
0.005824051490560726 
0.00149488558601686 
0.004888271121560771 
0.01823530631651128 
0.01543311041460189 
0.009397165565163448 
0.00739494743765739 
0.007530453221201703 
0.006257500291001858 
0.007737051678033663 
0.01238590701854913 
0.01098776798503408 
0.007499872032953167 
0.008948062405239437 
0.003129878037341067 
0.00797207706622031 
0.007827091820284283 
0.007748353480836551 
0.007797592188726342 
0.00834840663277117 
0.008676108463469806 
0.008821150541924653 
0.006431069904733772 
0.001891432834771557 
0.002440456160975274 
0.002524802662536349 
0.009443621209502685 
0.01309167764879204 
0.006787389750506433 
0.005441830239187987 
0.001157967333161954 
0.0007105002491308072 
0.001179493394511635 
0.003163104294949278 
0.005159578584027805 
0.006126388620351645 
0.007230719351412816 
0.006506572348616717 
0.006709179656851257 
0.006771623766712527 
0.002498232539665036 
0.004368757080867602 
0.0005312715853705059 
0.0006104804349659327 
0.0006931145785405128 
0.0006104394199007276 
0.003908320209798827 
0.004911243641823711 
0.004908900678762714 
0.00381645228055454 
0.002055720655857166 
0.001737090945151419 
0.001835707441812857 
0.001826329640332392 
0.001006352604760019 
0.0006097212104091146 
0.0006385483049937584 
0.0009119790039482084 
0.001582716242149714 
0.003078907408533971 
0.007996654537368282 
0.007212856303763594 
0.005433251550684981 
0.004266120420502775 
0.008485918548629129 
0.006627392628117108 
0.005148754579614408 
0.005662584716876648 
0.004126424872680106 
0.004527553978121902 
0.008110562933763764 
0.008423121109605141 
0.005340560318353789 
0.006390961994669818 
0.007965164788186886 
0.007462366263685976 
0.00885598491117302 
0.00523609287399907 
0.00711519664551573 
0.006290735369800251 
0.00781594086606807 
0.007908354502029768 
0.007910820154270835 
0.009180962158301742 
0.005199366373958013 
0.009850911634576989 
0.006988524078183838 
0.01392476003568309 
0.005373626070399764 
0.001887783820949027 
0.001456289161563664 
0.0004870470813958044 
0.001668196303140728 
0.0006969978145231742 
0.001285487539010023 
0.002430577949744317 
0.002928416646469457 
0.001934970376677642 
0.004558705061249654 
0.003244948478001486 
0.001417866163574195 
0.001962096953015223 
0.0003434061703996188 
0.0002764939994287668 
0.0004848994314629527 
0.0009424383584357734 
0.00205517789925068 
0.005392607761901121 
0.007724296727621754 
0.005794083110656293 
0.002860264480310497 
0.003827022060682694 
0.003633735720660201 
0.007926391324492237 
0.006823033513337805 
0.006641652345330645 
0.00458916020565825 
0.005147433502355362 
0.00770030255702067 
0.006478818325066174 
0.006465917610297744 
0.006691951025970125 
0.006935121985521282 
0.004313843658997086 
0.004767024856855817 
0.004995777648712127 
0.009828692138982083 
0.005421273250103456 
0.004090930217863288 
0.003916293570798459 
0.004260362545212366 
0.0004616473432944561 
0.0005161007251845521 
0.00145530774338631 
0.001534553181187052 
0.002446286418081674 
0.000698064494865877 
0.002519621309165594 
0.003340355590465584 
0.001044622644950787 
0.001344361164294728 
0.003359083050780196 
0.003664664689155276 
0.001327479431321619 
0.0007713527948199609 
0.001755896307190667 
0.0006602599219599914 
0.003932565468145434 
0.005841164378873592 
0.009819142594722365 
0.004726083027434574 
0.002588573594752921 
0.00608103595687176 
0.006930522838358931 
0.005015177698735276 
0.00322858059593888 
0.005352359093019066 
0.004083785850493115 
0.006535673410585358 
0.00668916559446479 
0.005364734000129613 
0.006558128421514238 
0.005701283814490647 
0.005698390291716902 
0.005466043881099417 
0.00670652970949851 
0.004905880357618071 
0.003953646501146423 
0.00335829826497083 
0.003019581133141359 
0.00540222401158116 
0.003230585732329502 
0.003142469183565238 
0.002690741355661001 
0.001541113911105271 
0.001906835731713027 
0.002396835769358915 
0.001945097725893443 
0.0008615356968897392 
0.002039039955443935 
0.001010828987469459 
0.0005817623904213676 
0.0003995234222160175 
0.003190192052169509 
0.008426565234318934 
0.007196683209141073 
0.008983567553370545 
0.005749913413720482 
0.004672359684351288 
0.003101655341747966 
0.002043031439896 
0.001126458210215342 
0.002514745172651639 
0.005595670666631841 
0.002978982593334301 
0.003495398667672936 
0.003821387582663525 
0.004869831343452342 
0.004971155780524364 
0.005584423467392408 
0.00262788142225067 
0.003278893257133539 
0.00149871362998286 
0.003708002995509192 
0.004698071912779139 
0.01116563392673206 
0.00602461611001097 
0.005465693137069821 
0.008103389966533432 
0.00408983498027285 
0.001514652090392413 
0.001212966718471727 
0.002097219690467324 
0.003101234751800653 
0.00445909169787259 
0.01138612978601098 
0.01084393315157851 
0.001208295423866405 
0.005389479633324535 
0.0051335244207241 
0.002280388135853284 
0.002172715434969839 
0.003292747548733052 
0.005580077378419927 
0.003468726088675443 
0.001561632784212051 
0.005578488313954054 
0.00755984202823658 
0.003484818437015591 
0.004716010772792063 
0.0063686772329085 
0.005886852709433492 
0.002553252629214181 
0.00410012271343166 
0.00261858176347199 
0.005183830450678227 
0.01006412618878456 
0.008784826286597306 
0.003635854804106973 
0.002180901043412459 
0.009335971611762471 
0.002648163907376184 
0.003592257034384721 
0.002415840502159467 
0.004327738910115796 
0.005267761014662023 
0.002535559935619058 
0.001069770990002385 
0.002144779874938473 
0.001608151706561294 
0.005225176606366956 
0.004759721690280704 
0.005314433115700935 
0.005509789982471545 
0.006438894163124817 
0.005339317472660389 
0.005777422464571655 
0.005693547768130328 
0.00634109058282523 
0.003941219153783985 
0.004278377294371012 
0.001260637744277167 
0.0006937880037276378 
0.001976881902212448 
0.002100634550585788 
0.001544258899019931 
0.001304079426010543 
0.003040931657302012 
0.005416105402668645 
0.005311430148715656 
0.006136706869806953 
0.002239888037811312 
0.0007849504250085661 
0.001525730696155144 
0.000666344645004081 
0.005612915029759784 
0.003610157142685411 
0.008637557940358609 
0.007769015579448978 
0.005286254355767182 
0.002685617015532756 
0.002213029744297403 
0.006227292128667864 
0.002732096603982078 
0.002001234155074843 
0.0009719744305350685 
0.001554047360744948 
0.001117513610812862 
0.005607563675207481 
0.003772612211442883 
0.002926536981452522 
0.00577645895810222 
0.005675602078303249 
0.004938343529310676 
0.008122935070913882 
0.005690636281890133 
0.00332931724296628 
0.005707653987228542 
0.005545868971217823 
0.005112197945644233 
0.003173638293770341 
0.005911188939591008 
0.003624668577988646 
0.00543052074341459 
0.005338733169593321 
0.004590608354482674 
0.002280200321684034 
0.001899609737931618 
0.005052564499894174 
0.002499301004076169 
0.00297889786124025 
0.003824984171332616 
0.004875907732476197 
0.002154408782706148 
0.001430699554309781 
0.001062725314722806 
0.005519445755912675 
0.003217782313137132 
0.005658337731445661 
0.005498013134815036 
0.006329088564362465 
0.00466651712829494 
0.004499530720252221 
0.002535316931373102 
0.003179624146519406 
0.002458994606300306 
0.001691540577668456 
0.002636168043270941 
0.003571449830143402 
0.003855517813426864 
0.006039385096474614 
0.003229295750612347 
0.004582933748907655 
0.0030711538381331 
0.005449597142669361 
0.003173430382838058 
0.003646601253953439 
0.00335485072536064 
0.003763531433224402 
0.004414873174775943 
0.003984872519175705 
0.003912058319140637 
0.004997273406181947 
0.002798208459125258 
0.00562075399066588 
0.004627624046739938 
0.003620747134012343 
0.004369342168515843 
0.002479305352246318 
0.005005201384478208 
0.004850228325550818 
0.002751123557608814 
0.004612734348324987 
0.005797289570736801 
0.006147429000779605 
0.003206572429347882 
0.003381033965489441 
0.004427854442028534 
0.004252063791148037 
0.005429223230212371 
0.002744004912034519 
0.005497357399444489 
0.0003607922130765046 
0.009189161166531032 
0.0005347987318478215 
0.0003924498843044685 
0.002221012895174857 
0.001619028580903808 
0.0007661739570677857 
0.0004966433226498897 
0.002590755015196187 
0.003956000006590856 
0.002723794666248303 
0.002830228958439289 
0.00482534045337274 
0.004237392579997311 
0.006244330987252973 
0.004430877608020087 
0.003839063671772956 
0.002756411999665194 
0.003309327195290842 
</DataArray>
<DataArray type="Float64" Name="Eta_mix" NumberOfComponents="1" format="ascii">
1.010530658889012 
1.00650522364243 
0.789440260538689 
0.5300485392392087 
0.6106685632369876 
0.8900342519676459 
0.9949802588312837 
0.7364372573094778 
0.4726497781776497 
0.8811473180588496 
1.562018974475684 
0.7668387151102862 
0.5684247144614997 
0.4560463401983847 
0.8855913232340014 
0.1591468670956383 
0.2911120337701721 
0.2562222870080262 
0.2846594876785488 
0.4555914882381132 
1.5822498255866 
0.7675224064837987 
0.56983062980073 
0.4552172765272821 
0.8845241859776503 
0.8928767296681706 
1.003926808088472 
0.7450724584695528 
0.4727363341458285 
0.8829310393510581 
0.9546787645077607 
0.9684461944281822 
0.7320426740132271 
0.3930867809555967 
0.5742108024267956 
1.338292655444963 
2.124611999214102 
2.0380065404045 
1.204116325339866 
2.043169320327932 
2.122616699770669 
1.393724503900972 
2.664276924100197 
3.476046697604779 
3.157612900885604 
1.976173872901926 
3.171966555276688 
3.477737594702145 
2.744088028631501 
3.546691405976485 
4.002237125002712 
3.298949635271743 
1.969929777202074 
3.321547882617674 
4.008635184766689 
3.496017886000607 
3.711646502286861 
3.757586415847529 
2.821798295831136 
1.61903642355507 
2.849063956683661 
3.767104724080178 
3.876826599240838 
3.589649533289375 
3.150183709042598 
2.206311952130018 
1.24807086661523 
2.235574392714183 
3.162291180767744 
3.508376467074957 
3.02251010921154 
2.471577117943159 
1.665091628683899 
0.9870494358852826 
1.691257885833268 
2.487522560318296 
2.969782209586413 
2.448599308055388 
1.884350007174259 
1.271312516787231 
0.8398258172707661 
1.286204007066492 
1.894318350875561 
2.397320195530356 
1.869933654682963 
1.425472133140552 
1.010388904050769 
0.7681461146063301 
1.018141271535125 
1.434315354538647 
1.85447758813893 
1.4702886353316 
1.086868230458989 
0.8486614577625733 
0.7357298093650223 
0.8574509371836729 
1.105500854242913 
1.433944005476911 
1.208583935695206 
0.8765489157861864 
0.7625237049111846 
0.7218989668376775 
0.7701510751624333 
0.8878517184819705 
1.133825697129965 
1.005626906433386 
0.7594625681041207 
0.7227083094773101 
0.7162159527664049 
0.7280291992724666 
0.7655949008055741 
0.9030897333577742 
0.8238522731269502 
0.6995205536165114 
0.7064798530540803 
0.7139807322061059 
0.7086948619177755 
0.7018377805685672 
0.7486240247616173 
0.6572268791937735 
0.6742995636948755 
0.7015479505536707 
0.7137295927888364 
0.7000366135634452 
0.6674270214582154 
0.6494371973534109 
0.5860240738551085 
0.6605662838889199 
0.7009360024321895 
0.7152272192459947 
0.6981739480076025 
0.6545621474649249 
0.6115561431427995 
0.6357149772240125 
0.6565185115658715 
0.7028473365109813 
0.7186563878345734 
0.7019020755330757 
0.6557741794956848 
0.5853344091007655 
0.7325471541302669 
0.667887287094027 
0.7107030846339494 
0.7262386410780779 
0.712685915927272 
0.6697295130906988 
0.60424635275417 
0.799121092630297 
0.700346768238196 
0.7337100631423825 
0.7462274915549062 
0.7399535485544599 
0.7078350043853716 
0.6765926411956718 
0.8347313763283862 
0.7759759844476669 
0.7925596853386851 
0.7976420387369915 
0.8030068866582475 
0.8110798059264529 
0.8636629464902357 
1.202069922533198 
0.9367837515687552 
0.912942727995485 
0.9104672695854366 
0.9190779659003305 
0.968404118300793 
1.305763480599401 
1.608488156370735 
1.001459781287755 
0.9688565525740523 
0.959400467576683 
0.9655914791910469 
0.9915541064379777 
1.810384151925202 
1.539840733287855 
0.7495198999551962 
0.8163839496499086 
0.1711095429095643 
0.4964403715885237 
0.7311122500106821 
0.2666115444776119 
0.5300402350185802 
0.7052873488435113 
0.2992276162893803 
0.5464589419191122 
0.6862486062599832 
0.301037103690285 
0.5351573553377137 
0.6575859324805845 
0.2903749831070444 
0.5082909025958653 
0.6125013579404129 
0.27364140167117 
0.4745940538952269 
0.5621831700079671 
0.2543447440066357 
0.4390035841788017 
0.5183820579032723 
0.2331428840102612 
0.403637472021735 
0.4790272775861897 
0.2112277417440664 
0.3674063625586592 
0.4370036125490951 
0.1891525762229196 
0.3313873886037634 
0.3961512108619683 
0.1680565743752933 
0.2965542243209147 
0.3552863803557214 
0.1480966204661504 
0.2625257475075977 
0.3259400629888225 
0.1281256610598143 
0.2297705436992742 
0.280225398974651 
0.1097634317794066 
0.1997531645705252 
0.2484915991691773 
0.09224534088056333 
0.1710882481024797 
0.2179475405929689 
0.07628347805261212 
0.1437343278324025 
0.193302768102101 
0.06175747758292713 
0.1185123412414548 
0.1629004262601233 
0.04912726975732493 
0.09657941081176526 
0.1345395852619716 
0.03842727224361305 
0.07677923527086387 
0.09876333810373987 
0.02900265957478425 
0.05830119667993969 
0.07519025556282188 
0.02112425552341263 
0.0408820664782371 
0.05514580425554067 
0.01595430190891511 
0.02700849857128399 
0.04057399809169034 
0.01205255262973065 
0.01710039161988301 
0.02681191067571494 
0.0101818428001407 
0.01087502866720166 
0.02102351719308785 
0.8617197737056642 
0.7478976722082866 
1.519119772759357 
0.7671385750443146 
0.4962026469592117 
0.1717955024826853 
0.7490091279302464 
0.5307155677472046 
0.2669878962323372 
0.7259590444740051 
0.5474419992219804 
0.2998338184446435 
0.6989583883201721 
0.5365380396417887 
0.3017018468176162 
0.6383289841959011 
0.5093749389993696 
0.2905911034895774 
0.5916718510248213 
0.4738239364111672 
0.2731881346257684 
0.536147357220482 
0.4355040156829152 
0.2525466270214134 
0.4783047239205989 
0.3984678550429102 
0.2308079667672019 
0.435197093258079 
0.3638873527074485 
0.2091774051001796 
0.404494984337389 
0.3300209422493165 
0.1879765775263874 
0.3650015407513808 
0.2969481815365828 
0.1677231827362827 
0.316501003652161 
0.2640996144659581 
0.1484334852813066 
0.2814755352242924 
0.2317361808300548 
0.1290943150378978 
0.2505469434275348 
0.2019425202740456 
0.1110470696745633 
0.2347054036148916 
0.1738930144138538 
0.09381026769729023 
0.2103223074441378 
0.1478404466399503 
0.07778473058170397 
0.1696557923764519 
0.1217610967763205 
0.06362626572057363 
0.1306170725744183 
0.0966327283112277 
0.04980600817709283 
0.09765085702150245 
0.07455767377759669 
0.03779904907859108 
0.07582622074170919 
0.05736010679663715 
0.02847636270696344 
0.05652510445939251 
0.04106669527231709 
0.02101346673507544 
0.04002882273690802 
0.0269944241143559 
0.01586670067972311 
0.02737757380681488 
0.0171770356442604 
0.01203275965951017 
0.01886324943135797 
0.01122396279750678 
0.01025519615574147 
0.01079999954640001 
0.02452235664277711 
0.0722657234894004 
0.1063702213052712 
0.1211881846248914 
0.12594526423883 
0.1236791286470409 
0.1166217710687401 
0.107223363145543 
0.09702406983932088 
0.08705102452367018 
0.07759761534993984 
0.06910109705907631 
0.05736815588078668 
0.04756711748855082 
0.03921446744352249 
0.03193612527974284 
0.02533859659000106 
0.01992005502679876 
0.01573920328661839 
0.0128957750237979 
0.01154946683448544 
0.01102127549452599 
0.01087585589577931 
0.0108092712983205 
3.60748693038691 
2.150270778203193 
0.9848770692843916 
0.4790964723791526 
2.295921514050776 
1.486270289320903 
0.9891779769637385 
0.9098569849955089 
0.9951920072690029 
0.4917166636749684 
0.6817544846947492 
1.217388841900258 
4.149304641475644 
1.744170556459125 
2.37460677800384 
2.860481108046043 
3.539865973585871 
3.89883866845584 
0.5387253150181239 
4.165865279934852 
7.119338814502751 
4.091038409444002 
2.024471176029767 
2.295109770499162 
1.180800480387132 
1.166923626864426 
1.022180701860701 
0.4336639489143285 
0.7135385881687357 
0.7926611044399711 
3.375449106623968 
4.496347562535926 
0.1620810060686526 
0.1040442438106699 
0.1702602994160712 
0.2969741620957542 
0.4855531966968687 
1.150246521668721 
1.096034039310708 
1.314028822218135 
0.9658526403669638 
0.8623586613649228 
0.7380615464911136 
0.7064076646257534 
0.6220851970388688 
0.5674371050739579 
0.5229361300128228 
0.4964226849156622 
0.4489302048864747 
0.4151071425180868 
0.3823839225656117 
0.3110002852886974 
0.2936295459691524 
0.2474716380801734 
0.2035784092549683 
0.179992415737188 
0.1240179721251056 
0.1175208155967455 
0.1579245117884629 
1.077853942335585 
0.7821766286533267 
0.6123732082737872 
0.6737597813700662 
0.8503762057743818 
0.7712487107526037 
0.8020093273756551 
0.7170632589973818 
0.7688091040826722 
0.6775906685040879 
0.4929577688068205 
0.4906114148532127 
0.4846548431026402 
0.1802424969911115 
0.3693577244343958 
0.3310453282088012 
0.6905920328452763 
0.6540251943966255 
0.8351321582454827 
0.6428327480727695 
0.5994730581864073 
0.5084003527121104 
0.4851794491823877 
0.1244167577335205 
0.1188875427194295 
0.154982771714299 
0.1485552241843276 
0.0954059972297734 
2.177774900985138 
1.939246754500719 
0.9525889041719571 
2.640144923363132 
3.165777547198035 
0.6569400236352146 
1.067308454498803 
1.737440294438545 
0.8433741876599634 
2.283857857202732 
1.52375195316675 
2.412142224808215 
3.397031415421297 
1.869884344653767 
2.195450853758043 
0.9385294891261088 
0.7682065096953509 
0.6377563595113459 
1.90508013380443 
0.5444846325542669 
0.3057170291580277 
0.08717996086479216 
0.1667031460996665 
0.1758435941514292 
0.4598571906382388 
0.4577950099600484 
0.5422334967086249 
0.4897268489446917 
0.3503461717827804 
0.2914273117633215 
0.4675642313567535 
0.5870081738543608 
0.5499291675565908 
0.4533469185858641 
0.6056337510174582 
0.6233365018500597 
0.2110920419479708 
0.3030081472281569 
0.2148830496751596 
0.2259750992655065 
0.6116013271874768 
1.066326746957752 
0.8470815488227309 
0.8651749823169608 
3.71912672775353 
1.244522540093999 
2.186730895105701 
2.130362845900396 
2.105937896493455 
3.606183063403283 
1.889827983789967 
3.348856662568587 
4.14710518972824 
1.558474816774845 
3.001227366944587 
0.7463268799571506 
1.526913260656513 
1.994537684835268 
0.9718184105193488 
0.0902307497400712 
0.9904755317872974 
0.9287238774136671 
0.9432555520148486 
0.4167363040013374 
2.997949053325652 
1.897083088513983 
0.5476842015495389 
0.552759378420945 
0.5766798402637638 
0.5574174132278957 
0.3862686625578036 
0.6231972707947234 
0.5554162119567231 
0.38259011500269 
0.3166234033385967 
0.3834034503438173 
0.2111794658604047 
3.047284294616663 
0.5086651472114812 
2.709690182515787 
1.66596532067317 
2.312699920073381 
2.39601699820857 
2.66181179675342 
2.309673886772946 
1.188430998112712 
3.142496364497813 
1.869426232446033 
0.9105134446673055 
2.313096979103634 
2.324158425218125 
3.029116718666123 
1.771174368180007 
0.3148778304515189 
0.326085241313457 
0.4884015497476786 
0.4736627935127025 
0.4854551636169961 
3.739586195551631 
3.225775397317623 
0.7101456154771884 
0.9241310794925021 
0.5371694032654528 
0.342920646201285 
0.416934161262102 
2.545414095920681 
1.830806102458659 
2.729684271728648 
2.148131980749326 
1.315394800004122 
0.5743200901190646 
0.9001452005125308 
2.658686194992151 
0.4201841217273304 
0.1833515357590162 
2.01517583810841 
3.097512165519192 
0.2253239757665574 
0.3299077342853414 
4.054701618637803 
1.33895606533897 
2.294065479728657 
0.2842646706558549 
2.846916092404419 
0.33893118564137 
0.9063628694578176 
0.3134520564363322 
1.827710389343954 
1.291761443738655 
2.628867136951286 
2.619219488924474 
0.3687743142208631 
0.2816998360577077 
0.27556664576026 
0.9121012879076098 
0.7817123912840773 
0.7203571664222254 
2.018567155489158 
0.8062163723594654 
0.5442208162284272 
1.713090749433336 
2.866070022366908 
1.802698526674754 
0.6715315888408366 
0.5428011103063746 
6.723844160091161 
1.610117400135543 
1.297092319886683 
1.543995689370589 
0.7290145378252399 
1.187699347876173 
3.813845592736445 
1.264245072402939 
0.356207347188485 
1.06676106095036 
0.5841196362001601 
0.8759259077384081 
0.972580192639478 
0.8137194626878215 
2.858205910422608 
0.4624143392589414 
0.8124074762319247 
0.6732941137092945 
0.7459968865040134 
0.7453967510834698 
0.7029613439223447 
1.270632451675704 
3.552075188323246 
2.491019881946522 
2.680274597841916 
2.814796500638579 
1.682024355827026 
1.656181098758728 
2.135506958893072 
2.039187949045544 
2.593445998664541 
0.6196273016212247 
0.9530034479830946 
0.6655366531677488 
0.464394336059314 
0.4591197569342395 
0.3310877184181764 
0.916865760909284 
1.118221974382183 
6.522509081013975 
2.736858090248701 
0.6092724258680906 
0.6236756368995094 
0.4350130835163067 
1.513893521016892 
0.5300353421230454 
0.8391869745529159 
1.336071418005134 
1.175197696395781 
2.107174584326971 
6.181145288825765 
4.89541707422341 
2.029781913069711 
1.106613406944575 
2.794986283804313 
2.074187505773694 
6.408471947215905 
0.2704762771944746 
0.4283976953433337 
0.7393046010023931 
0.7577473874079897 
0.4668552835781273 
0.5197685561404295 
0.3168748861279489 
0.5114030654221068 
1.942532620141623 
0.9142290020376186 
0.9042357828238885 
0.400030655874775 
1.854734591154091 
3.905007785954415 
1.576308735162522 
2.410070730069898 
1.459001183826079 
2.087614760257616 
4.713921586013579 
0.4735385412449066 
2.059464901523013 
3.096788882062286 
0.4705362732292711 
4.100367407138782 
0.6714317194529067 
0.9785326757864028 
0.7317207994660613 
1.89364117303667 
1.621927794298692 
2.48618720148972 
0.4584287246718783 
1.082787921698097 
0.9718604023667687 
2.19693680154305 
0.328809442060812 
3.299629954039236 
1.569229236531151 
2.572966669789016 
0.8743510906669779 
2.2930289248505 
0.855012420682737 
0.4249863483888857 
0.3947224157882648 
2.9495198029754 
2.637755730502672 
1.800854534374992 
5.976718240360918 
1.028754568042104 
1.69096816324074 
4.014651253835202 
3.970217939772978 
0.7071206726775664 
1.28258760565083 
0.5692952191947903 
3.906780727775871 
2.335579921243681 
3.95206377823656 
5.776370645822102 
2.029533180413002 
1.658958268387035 
1.205005294054075 
6.682735276972407 
1.062065842361981 
1.583316561128264 
4.188805246953467 
3.938872604178416 
1.008747056486422 
6.963971183853293 
6.923805479448953 
1.015525433642933 
1.122821263068731 
3.036518199258477 
0.9300847365209094 
1.558101930893075 
2.438327951803168 
0.863677801704468 
0.8250897588887534 
0.8775316667877999 
0.9431421852106721 
0.2117514041587341 
0.5992466832556131 
0.786001901600074 
0.7034444389842108 
0.6672861055756154 
0.569606391454985 
1.102411546101661 
0.7092762184331409 
1.771128913658639 
1.170831558815067 
1.404051933182569 
2.314407556485169 
2.041350728207545 
0.3658414955927234 
0.8465267955121795 
1.462563016167063 
1.471057230514824 
0.9525620781918656 
1.078632703462898 
1.721395347920458 
0.9392088436986544 
0.1173364670102578 
0.2133278229089215 
0.09390142675232215 
0.1222674784452977 
0.112211888134603 
0.1050348204312889 
0.12435081935927 
0.2831992665590389 
0.3229241595294799 
0.282082456851432 
0.3051253313095944 
0.126027977056796 
0.3939880468873948 
0.4385255273247333 
0.4768763915330573 
0.5267613067230066 
0.6991467808752516 
0.8020343417364701 
0.8819393864132906 
1.232129261364837 
0.5451827667673018 
0.9187392641755064 
0.987011861086454 
0.2837619422782972 
0.3871324601406795 
0.1416362613189926 
5.73983327591688 
3.430751003799106 
2.241561242257262 
3.015383947671003 
3.741240929204555 
0.7539577938749016 
1.121395754131066 
0.6727900275791747 
0.3965429816456463 
0.3034095443936276 
0.3140441433634715 
0.8923194138885117 
3.746024636969817 
0.5697938602936324 
0.5243570362848612 
0.7698522079662945 
0.5248516265110441 
5.385154400048929 
6.69054094887379 
1.32684298027625 
3.252093477830321 
3.712987760957728 
3.357557020942866 
2.359579242151719 
1.955027757536421 
1.060131533935917 
0.5851142883083056 
0.5692947098238934 
0.6679594399159154 
1.046012141226802 
2.143276177606489 
1.114904783056696 
1.240486594258405 
0.8948701562320633 
0.9527343227663227 
1.038038983452836 
1.104420102050753 
0.9300022157683954 
1.059065643515764 
2.011586016620571 
2.432996018352501 
0.3400463911613509 
0.3113761876897899 
0.3882491454814148 
0.4493570945443537 
0.6015933280874042 
1.065721945748525 
0.9202599517112443 
0.9749592393084717 
1.058186953172259 
0.4690498967059533 
0.8501216152884402 
0.9151454418050547 
0.09956770299889146 
0.3117253929102886 
0.2891515142008899 
0.309888173266097 
0.2830286167820495 
0.1174271513580185 
0.08039336379646188 
2.852564015860401 
2.171882487084521 
1.164051224927857 
1.413037069775626 
0.6745953342217403 
1.693194013475642 
3.584311177680529 
3.300338507473657 
3.475881315118579 
1.443946191229964 
3.46164433454683 
1.624505197918031 
2.960248250782318 
0.4220612780710145 
0.8425073338377878 
0.5494579353285384 
1.108415518762408 
2.694620013425057 
0.9464044254655639 
0.9611532904387305 
0.9511586202655268 
3.442899177119383 
0.8426219719557412 
2.895438525451832 
0.1919940051222357 
0.1452731900540797 
0.3496826589522621 
0.3786489449356687 
0.2492383141751722 
0.7855083601735141 
0.5110299525649524 
0.9126605152677715 
0.7556609948447108 
0.8286140267670865 
0.3654768970342528 
0.8965133616658666 
0.3320637057164957 
0.3270061782723726 
0.3420056710982542 
0.1469619970025215 
0.389787169490308 
0.986949553591244 
0.645559571763923 
0.7934319178770766 
2.038389533645653 
2.233370729969053 
2.804536171450734 
2.580722003587605 
3.45106496524078 
2.403406893851003 
1.779831696990243 
1.790725235388354 
0.8200719894777971 
1.92450204626087 
2.553932176582761 
2.152826436496382 
1.422523285639553 
1.002448789232981 
1.480817596511381 
0.1083795663077888 
0.3724049296296081 
0.9489569973277637 
0.5877403918083621 
0.8381511472697017 
0.8968670669494921 
1.467501246450944 
1.323828563551501 
0.5144278420986662 
0.2401920929905526 
0.2521895245248035 
0.6572273299874679 
0.6765375152645947 
0.8785034984935364 
0.6423035930129982 
0.7402430625674031 
0.570399358768191 
0.824952503120686 
0.3199328605796913 
0.2187447155661623 
0.1534789554526214 
2.956672697026559 
0.7920842887510039 
2.386014832152804 
2.316950757205603 
1.931148220114866 
2.079299872570658 
2.425781637067946 
1.70197904792368 
2.254131327799105 
1.049477720757893 
2.105354170321925 
1.40664294987595 
1.051727255763466 
0.4462395826925579 
1.907161777893585 
0.287156185147459 
0.2637625403039059 
0.09736796092861233 
0.6827449211711745 
0.1900156797621328 
4.120280153146473 
2.407865381340892 
1.150080449910873 
1.464847134160258 
0.9690997767282045 
0.7501297740924552 
0.197755940338892 
0.2940148412054038 
0.5144204216022177 
0.7672499122694861 
0.4986683170912096 
3.616426380517357 
3.144354196125779 
1.906273043133925 
0.9716958656157634 
1.026196671305686 
0.4463181926855988 
0.2446292638841771 
0.2440540062599825 
0.5351610817710463 
0.8498560693012018 
1.23615416816639 
1.549735582878083 
1.861430006397387 
1.042837353176209 
0.2078630988982391 
0.4476081863447851 
0.3877542584447727 
3.059038898614005 
0.2416121631793564 
0.2355293677640458 
0.7778555192472941 
0.3208902872867724 
0.1674792483998813 
0.6734192638924493 
0.6346809809504385 
2.253685325347385 
1.517051625204102 
0.7419202512439399 
0.436315474401212 
0.6431633176260573 
0.7863064023054185 
1.189404223700336 
1.75388095001534 
3.938910532502323 
1.129134745568623 
0.4268950054423131 
0.1980179870720616 
0.3405631359287736 
0.2462837968676737 
0.7587214682598609 
0.4754209660670008 
2.807324200381181 
1.142823752522034 
0.8683715850295637 
0.4139841736685885 
4.166793928018692 
2.21054217907489 
1.945574461185386 
3.730369200750697 
5.438120050248598 
0.2037116245420263 
0.2439920441164521 
0.6512923495106195 
0.6228244738590158 
0.7367917160806944 
4.13145213109566 
0.9921077835304672 
0.5535593580781647 
0.351752609151983 
0.6521227353268466 
0.3610172499695 
2.643580693767615 
0.8467142275874943 
2.183442119611299 
6.597392992157334 
4.666408726865309 
1.410363199157869 
0.1329356828930122 
2.409259555990692 
2.058348628519235 
0.8178426182835556 
2.148960277780612 
2.087643301676473 
1.4607375587689 
0.6969598374406908 
0.3679707100133607 
0.4720932975285672 
0.5187372066989149 
0.9544357104968504 
0.4325328059908206 
0.4523663282273927 
0.5410310903561768 
0.6538070931919278 
0.9348359770883916 
6.569820289127874 
1.294525369392189 
1.235376649533303 
0.8178624266997293 
3.838223459629431 
1.952242610457145 
0.1410110062627038 
0.3466414013372195 
0.9937444716270082 
5.136295173621167 
0.8284156187662559 
1.875283379031599 
0.3291959865204286 
0.9586814174349114 
1.054728086053801 
4.942683306873911 
4.185225769035546 
0.3243371979726756 
3.297352729523849 
3.679565640276758 
3.05880422559416 
0.339307881189548 
0.3961792861944712 
0.6394141827658035 
4.535712425880285 
2.611343916797975 
8.649049359770888 
0.2770542550029705 
4.783938610221154 
1.859077338650183 
0.8272429573690567 
1.77958680135387 
1.592473298139747 
1.149849934646237 
1.605145006739725 
4.941449732320979 
0.9480671314743667 
4.715717616388662 
4.039767571067337 
0.2783687932538816 
0.3063390125201289 
0.7316128932075431 
2.553620983353782 
8.356908989613546 
0.2935565021289032 
4.794343092117386 
3.034305443129725 
5.671023540156126 
5.376995217370139 
3.549185080499345 
2.801599461385992 
0.2402182067816324 
0.6548605449528697 
1.112592599046998 
0.2212922731597502 
8.164921672934392 
0.8455195196182703 
4.127974046964265 
4.78360309428596 
0.3342257115525814 
3.181608434246562 
4.927218102228546 
1.293905398830502 
8.872997941599596 
3.208281238810724 
2.587952942939215 
1.337401648366564 
1.052096319980437 
7.809288493111207 
4.04030565151544 
5.124295362674276 
0.8880623311296656 
1.08018412977528 
6.781128628483803 
7.725514099171798 
2.576755179742238 
0.8312453306607944 
0.1019883072669434 
0.4347194318959918 
0.3069999865268758 
0.6320624081666892 
0.5004397563520802 
1.660101602090852 
2.096530735631691 
1.607283937522173 
0.6427513025034456 
3.24220853384727 
0.1789658566109278 
3.364838042841235 
3.135865784011521 
0.8890015560226869 
0.277284131568883 
0.4098008846135867 
0.2702353540921992 
2.17972764341362 
1.439700928701108 
0.3525485261907485 
</DataArray>
</CellData>
</Piece>
</UnstructuredGrid>
</VTKFile>
