<?xml version="1.0"?>
<VTKFile type="UnstructuredGrid" version="0.1" byte_order="LittleEndian">
<UnstructuredGrid>
<Piece NumberOfPoints="1157" NumberOfCells="1117">
<Points>
<DataArray type="Float64" NumberOfComponents="3" format="ascii">
0 -0.0599999987 0
0.0198084321 -0.0599999987 0
0.0396168642 -0.0599999987 0
0.0594252981 -0.0599999987 0
0.0792337283 -0.0599999987 0
0.0990421623 -0.0599999987 0
0 -0.043333333 0
0.0198084321 -0.0432380959 0
0.0396168642 -0.0431428589 0
0.0594252981 -0.0430476181 0
0.0792337283 -0.0429523811 0
0.0990421623 -0.042857144 0
0 -0.0266666673 0
0.0198084321 -0.0264761914 0
0.0396168642 -0.0262857135 0
0.0594252981 -0.0260952376 0
0.0792337283 -0.0259047616 0
0.0990421623 -0.0257142857 0
0 -0.009999999779999999 0
0.0198084321 -0.00971428584 0
0.0396168642 -0.00942857098 0
0.0594252981 -0.009142857040000001 0
0.0792337283 -0.00885714311 0
0.0990421623 -0.008571428250000001 0
0 0.009999999779999999 0
0.0198084321 0.00971428584 0
0.0396168642 0.00942857098 0
0.0594252981 0.009142857040000001 0
0.0792337283 0.00885714311 0
0.0990421623 0.008571428250000001 0
0 0.0266666673 0
0.0198084321 0.0264761914 0
0.0396168642 0.0262857135 0
0.0594252981 0.0260952376 0
0.0792337283 0.0259047616 0
0.0990421623 0.0257142857 0
0 0.043333333 0
0.0198084321 0.0432380959 0
0.0396168642 0.0431428589 0
0.0594252981 0.0430476181 0
0.0792337283 0.0429523811 0
0.0990421623 0.042857144 0
0 0.0599999987 0
0.0198084321 0.0599999987 0
0.0396168642 0.0599999987 0
0.0594252981 0.0599999987 0
0.0792337283 0.0599999987 0
0.0990421623 0.0599999987 0
0.5 0.008571428250000001 0
0.5 0.0257142857 0
0.5 0.042857144 0
0.479952097 0.0599999987 0
0.459904224 0.0599999987 0
0.439856321 0.0599999987 0
0.419808447 0.0599999987 0
0.399760544 0.0599999987 0
0.379712641 0.0599999987 0
0.359664768 0.0599999987 0
0.339616865 0.0599999987 0
0.319568962 0.0599999987 0
0.299521089 0.0599999987 0
0.279473186 0.0599999987 0
0.259425282 0.0599999987 0
0.239377409 0.0599999987 0
0.219329506 0.0599999987 0
0.199281618 0.0599999987 0
0.17923373 0.0599999987 0
0.159185842 0.0599999987 0
0.139137954 0.0599999987 0
0.11909005 0.0599999987 0
0.5 0.0599999987 0
0.439856321 -0.0599999987 0
0.5 -0.008571428250000001 0
0.5 -0.0257142857 0
0.419808418 -0.0599999987 0
0.5 -0.0599999987 0
0.17923373 -0.0599999987 0
0.299521089 -0.0599999987 0
0.5 -0.042857144 0
0.479952097 -0.0599999987 0
0.459904224 -0.0599999987 0
0.319568962 -0.0599999987 0
0.199281618 -0.0599999987 0
0.11909005 -0.0599999987 0
0.139137939 -0.0599999987 0
0.159185842 -0.0599999987 0
0.219329506 -0.0599999987 0
0.239377409 -0.0599999987 0
0.259425282 -0.0599999987 0
0.279473186 -0.0599999987 0
0.339616865 -0.0599999987 0
0.359664768 -0.0599999987 0
0.379712641 -0.0599999987 0
0.399760544 -0.0599999987 0
0.11909005 0.042857144 0
0.11909005 0.0257142857 0
0.11909005 0.008571428250000001 0
0.11909005 -0.008571428250000001 0
0.11909005 -0.0257142857 0
0.11909005 -0.042857144 0
0.139137954 0.042857144 0
0.139137939 0.0257142857 0
0.139137939 0.008571428250000001 0
0.139137939 -0.008571428250000001 0
0.139137939 -0.0257142857 0
0.139137939 -0.042857144 0
0.159185842 0.042857144 0
0.159185842 0.0257142857 0
0.159185842 0.008571428250000001 0
0.159185842 -0.008571428250000001 0
0.159185842 -0.0257142857 0
0.159185842 -0.042857144 0
0.17923373 0.042857144 0
0.17923373 0.0257142857 0
0.17923373 0.008571428250000001 0
0.17923373 -0.008571428250000001 0
0.17923373 -0.0257142857 0
0.17923373 -0.042857144 0
0.199281618 0.042857144 0
0.199281618 0.0257142857 0
0.199281618 0.008571428250000001 0
0.199281618 -0.008571428250000001 0
0.199281618 -0.0257142857 0
0.199281618 -0.042857144 0
0.219329506 0.042857144 0
0.219329506 0.0257142857 0
0.219329506 0.008571428250000001 0
0.219329506 -0.008571428250000001 0
0.219329506 -0.0257142857 0
0.219329506 -0.042857144 0
0.239377409 0.042857144 0
0.239377409 0.0257142857 0
0.239377409 0.008571428250000001 0
0.239377409 -0.008571428250000001 0
0.239377409 -0.0257142857 0
0.239377409 -0.042857144 0
0.259425282 0.042857144 0
0.259425282 0.0257142857 0
0.259425282 0.008571428250000001 0
0.259425282 -0.008571428250000001 0
0.259425282 -0.0257142857 0
0.259425282 -0.042857144 0
0.279473186 0.042857144 0
0.279473186 0.0257142857 0
0.279473186 0.008571428250000001 0
0.279473186 -0.008571428250000001 0
0.279473186 -0.0257142857 0
0.279473186 -0.042857144 0
0.299521089 0.042857144 0
0.299521089 0.0257142857 0
0.299521089 0.008571428250000001 0
0.299521089 -0.008571428250000001 0
0.299521089 -0.0257142857 0
0.299521089 -0.042857144 0
0.319568962 0.042857144 0
0.319568962 0.0257142857 0
0.319568962 0.008571428250000001 0
0.319568962 -0.008571428250000001 0
0.319568962 -0.0257142857 0
0.319568962 -0.042857144 0
0.339616865 0.042857144 0
0.339616865 0.0257142857 0
0.339616865 0.008571428250000001 0
0.339616865 -0.008571428250000001 0
0.339616865 -0.0257142857 0
0.339616865 -0.042857144 0
0.359664768 0.042857144 0
0.359664768 0.0257142857 0
0.359664768 0.008571428250000001 0
0.359664768 -0.008571428250000001 0
0.359664768 -0.0257142857 0
0.359664768 -0.042857144 0
0.379712641 0.042857144 0
0.379712641 0.0257142857 0
0.379712641 0.008571428250000001 0
0.379712641 -0.008571428250000001 0
0.379712641 -0.0257142857 0
0.379712641 -0.042857144 0
0.399760544 0.042857144 0
0.399760544 0.0257142857 0
0.399760544 0.008571428250000001 0
0.399760544 -0.008571428250000001 0
0.399760544 -0.0257142857 0
0.399760544 -0.042857144 0
0.419808418 0.042857144 0
0.419808418 0.0257142857 0
0.419808418 0.008571428250000001 0
0.419808418 -0.008571428250000001 0
0.419808418 -0.0257142857 0
0.419808418 -0.042857144 0
0.439856321 0.042857144 0
0.439856321 0.0257142857 0
0.439856321 0.008571428250000001 0
0.439856321 -0.008571428250000001 0
0.439856321 -0.0257142857 0
0.439856321 -0.042857144 0
0.459904224 0.042857144 0
0.459904224 0.0257142857 0
0.459904224 0.008571428250000001 0
0.459904224 -0.008571428250000001 0
0.459904224 -0.0257142857 0
0.459904224 -0.042857144 0
0.479952097 0.042857144 0
0.479952097 0.0257142857 0
0.479952097 0.008571428250000001 0
0.479952097 -0.008571428250000001 0
0.479952097 -0.0257142857 0
0.479952097 -0.042857144 0
-0.400000006 0.009999999779999999 0
-0.379999995 0.009999999779999999 0
-0.360000014 0.009999999779999999 0
-0.340000004 0.009999999779999999 0
-0.319999993 0.009999999779999999 0
-0.300000012 0.009999999779999999 0
-0.280000001 0.009999999779999999 0
-0.25999999 0.009999999779999999 0
-0.239999995 0.009999999779999999 0
-0.219999999 0.009999999779999999 0
-0.200000003 0.009999999779999999 0
-0.180000007 0.009999999779999999 0
-0.159999996 0.009999999779999999 0
-0.140000001 0.009999999779999999 0
-0.119999997 0.009999999779999999 0
-0.100000001 0.009999999779999999 0
-0.07999999820000001 0.009999999779999999 0
-0.0599999987 0.009999999779999999 0
-0.0399999991 0.009999999779999999 0
-0.0199999996 0.009999999779999999 0
-0.0199999996 -0.009999999779999999 0
-0.0399999991 -0.009999999779999999 0
-0.0599999987 -0.009999999779999999 0
-0.07999999820000001 -0.009999999779999999 0
-0.100000001 -0.009999999779999999 0
-0.119999997 -0.009999999779999999 0
-0.140000001 -0.009999999779999999 0
-0.159999996 -0.009999999779999999 0
-0.180000007 -0.009999999779999999 0
-0.200000003 -0.009999999779999999 0
-0.219999999 -0.009999999779999999 0
-0.239999995 -0.009999999779999999 0
-0.25999999 -0.009999999779999999 0
-0.280000001 -0.009999999779999999 0
-0.300000012 -0.009999999779999999 0
-0.319999993 -0.009999999779999999 0
-0.340000004 -0.009999999779999999 0
-0.360000014 -0.009999999779999999 0
-0.379999995 -0.009999999779999999 0
-0.400000006 -0.009999999779999999 0
-0.419999987 -0.009999999779999999 0
-0.439999998 -0.009999999779999999 0
-0.460000008 -0.009999999779999999 0
-0.479999989 -0.009999999779999999 0
-0.5 -0.0266666673 0
-0.5 -0.043333333 0
-0.479999989 -0.0599999987 0
-0.460000008 -0.0599999987 0
-0.439999998 -0.0599999987 0
-0.419999987 -0.0599999987 0
-0.400000006 -0.0599999987 0
-0.379999995 -0.0599999987 0
-0.360000014 -0.0599999987 0
-0.340000004 -0.0599999987 0
-0.319999993 -0.0599999987 0
-0.300000012 -0.0599999987 0
-0.280000001 -0.0599999987 0
-0.25999999 -0.0599999987 0
-0.239999995 -0.0599999987 0
-0.219999999 -0.0599999987 0
-0.200000003 -0.0599999987 0
-0.180000007 -0.0599999987 0
-0.159999996 -0.0599999987 0
-0.140000001 -0.0599999987 0
-0.119999997 -0.0599999987 0
-0.100000001 -0.0599999987 0
-0.07999999820000001 -0.0599999987 0
-0.0599999987 -0.0599999987 0
-0.0399999991 -0.0599999987 0
-0.0199999996 -0.0599999987 0
-0.100000001 0.0599999987 0
-0.5 0.0599999987 0
-0.5 0.009999999779999999 0
-0.5 -0.009999999779999999 0
-0.140000001 0.0599999987 0
-0.0199999996 0.0599999987 0
-0.400000006 0.0599999987 0
-0.5 -0.0599999987 0
-0.200000003 0.0599999987 0
-0.25999999 0.0599999987 0
-0.340000004 0.0599999987 0
-0.119999997 0.0599999987 0
-0.379999995 0.0599999987 0
-0.360000014 0.0599999987 0
-0.0399999991 0.0599999987 0
-0.280000001 0.0599999987 0
-0.219999999 0.0599999987 0
-0.239999995 0.0599999987 0
-0.0599999987 0.0599999987 0
-0.180000007 0.0599999987 0
-0.300000012 0.0599999987 0
-0.319999993 0.0599999987 0
-0.07999999820000001 0.0599999987 0
-0.159999996 0.0599999987 0
-0.419999987 0.0599999987 0
-0.439999998 0.0599999987 0
-0.460000008 0.0599999987 0
-0.479999989 0.0599999987 0
-0.5 0.043333333 0
-0.5 0.0266666673 0
-0.479999989 0.009999999779999999 0
-0.460000008 0.009999999779999999 0
-0.439999998 0.009999999779999999 0
-0.419999987 0.009999999779999999 0
-0.0199999996 0.0266666673 0
-0.0199999996 0.043333333 0
-0.0399999991 0.0266666673 0
-0.0399999991 0.043333333 0
-0.0599999987 0.0266666673 0
-0.0599999987 0.043333333 0
-0.07999999820000001 0.0266666673 0
-0.07999999820000001 0.043333333 0
-0.100000001 0.0266666673 0
-0.100000001 0.043333333 0
-0.119999997 0.0266666673 0
-0.119999997 0.043333333 0
-0.140000001 0.0266666673 0
-0.140000001 0.043333333 0
-0.159999996 0.0266666673 0
-0.159999996 0.043333333 0
-0.180000007 0.0266666673 0
-0.180000007 0.043333333 0
-0.200000003 0.0266666673 0
-0.200000003 0.043333333 0
-0.219999999 0.0266666673 0
-0.219999999 0.043333333 0
-0.239999995 0.0266666673 0
-0.239999995 0.043333333 0
-0.25999999 0.0266666673 0
-0.25999999 0.043333333 0
-0.280000001 0.0266666673 0
-0.280000001 0.043333333 0
-0.300000012 0.0266666673 0
-0.300000012 0.043333333 0
-0.319999993 0.0266666673 0
-0.319999993 0.043333333 0
-0.340000004 0.0266666673 0
-0.340000004 0.043333333 0
-0.360000014 0.0266666673 0
-0.360000014 0.043333333 0
-0.379999995 0.0266666673 0
-0.379999995 0.043333333 0
-0.400000006 0.0266666673 0
-0.400000006 0.043333333 0
-0.419999987 0.0266666673 0
-0.419999987 0.043333333 0
-0.439999998 0.0266666673 0
-0.439999998 0.043333333 0
-0.460000008 0.0266666673 0
-0.460000008 0.043333333 0
-0.479999989 0.0266666673 0
-0.479999989 0.043333333 0
-0.0199999996 -0.043333333 0
-0.0199999996 -0.0266666673 0
-0.0399999991 -0.043333333 0
-0.0399999991 -0.0266666673 0
-0.0599999987 -0.043333333 0
-0.0599999987 -0.0266666673 0
-0.07999999820000001 -0.043333333 0
-0.07999999820000001 -0.0266666673 0
-0.100000001 -0.043333333 0
-0.100000001 -0.0266666673 0
-0.119999997 -0.043333333 0
-0.119999997 -0.0266666673 0
-0.140000001 -0.043333333 0
-0.140000001 -0.0266666673 0
-0.159999996 -0.043333333 0
-0.159999996 -0.0266666673 0
-0.180000007 -0.043333333 0
-0.180000007 -0.0266666673 0
-0.200000003 -0.043333333 0
-0.200000003 -0.0266666673 0
-0.219999999 -0.043333333 0
-0.219999999 -0.0266666673 0
-0.239999995 -0.043333333 0
-0.239999995 -0.0266666673 0
-0.25999999 -0.043333333 0
-0.25999999 -0.0266666673 0
-0.280000001 -0.043333333 0
-0.280000001 -0.0266666673 0
-0.300000012 -0.043333333 0
-0.300000012 -0.0266666673 0
-0.319999993 -0.043333333 0
-0.319999993 -0.0266666673 0
-0.340000004 -0.043333333 0
-0.340000004 -0.0266666673 0
-0.360000014 -0.043333333 0
-0.360000014 -0.0266666673 0
-0.379999995 -0.043333333 0
-0.379999995 -0.0266666673 0
-0.400000006 -0.043333333 0
-0.400000006 -0.0266666673 0
-0.419999987 -0.043333333 0
-0.419999987 -0.0266666673 0
-0.439999998 -0.043333333 0
-0.439999998 -0.0266666673 0
-0.460000008 -0.043333333 0
-0.460000008 -0.0266666673 0
-0.479999989 -0.043333333 0
-0.479999989 -0.0266666673 0
0.5 0.280000001 0
0.5 0.324000001 0
0.5 0.368000001 0
0.5 0.412 0
0.5 0.456 0
0.423076928 0.5 0
0.346153855 0.5 0
0.269230783 0.5 0
0.192307696 0.5 0
0.115384616 0.5 0
0.0384615399 0.5 0
-0.0384615399 0.5 0
-0.115384616 0.5 0
-0.192307696 0.5 0
-0.269230783 0.5 0
-0.346153855 0.5 0
-0.423076928 0.5 0
-0.5 0.451111108 0
-0.5 0.402222216 0
-0.5 0.353333324 0
-0.5 0.304444432 0
-0.5 0.25555557 0
-0.5 0.206666663 0
-0.5 0.157777771 0
-0.5 0.108888887 0
-0.5 0.5 0
0.5 0.104000002 0
0.5 0.5 0
0.5 0.148000002 0
0.5 0.192000002 0
0.5 0.236000001 0
0.0609144196 0.0817342326 0
0.0213773996 0.0810065791 0
0.00164963992 0.0806389153 0
0.0410537161 0.08140170569999999 0
0.0807928815 0.0816697404 0
-0.11636588 0.08086209 0
-0.155379474 0.08188256620000001 0
-0.195952147 0.0835963339 0
-0.216464236 0.0839877948 0
-0.236886531 0.08373397589999999 0
-0.25717181 0.0831861421 0
-0.0375812575 0.08077736200000001 0
-0.0571756735 0.0809583366 0
-0.07703223820000001 0.08103158320000001 0
-0.018060958 0.0806019977 0
-0.0969315991 0.0810548067 0
-0.135710105 0.0813468769 0
-0.17564556 0.0829808787 0
-0.277441889 0.0833770484 0
-0.297976643 0.0844593644 0
-0.337742865 0.0814660415 0
-0.357280463 0.08131340149999999 0
-0.395812064 0.0801450759 0
-0.431601644 0.0846370831 0
-0.449032396 0.0927124023 0
0.241154492 0.0802461654 0
0.201377258 0.0838236138 0
0.180563569 0.0829863772 0
0.160152987 0.0818641707 0
0.13998118 0.0809370205 0
0.100271612 0.0811994374 0
0.119869255 0.08062074330000001 0
0.373670965 0.07992801820000001 0
0.324530095 0.0833030716 0
0.281531155 0.08239974830000001 0
0.260980189 0.0810246468 0
0.22172907 0.0833596513 0
0.0419940539 0.10293632 0
0.0224408731 0.101743817 0
0.00314544118 0.100968696 0
0.0619302429 0.10367021 0
-0.0159631986 0.101458415 0
0.08237209920000001 0.103876717 0
-0.318290144 0.08418776090000001 0
-0.414466918 0.0801854879 0
-0.376616716 0.08122970910000001 0
-0.235601157 0.107684493 0
-0.214288786 0.108600825 0
-0.255871743 0.10540323 0
-0.0541822873 0.103133552 0
-0.131315932 0.104231022 0
-0.074047327 0.103388585 0
-0.112915099 0.104204893 0
-0.150728151 0.104886316 0
-0.0939841419 0.103821017 0
-0.171428666 0.106402844 0
-0.192837894 0.107991748 0
-0.275017977 0.104476884 0
-0.35379228 0.103946522 0
-0.433073252 0.110083312 0
-0.295674562 0.108139448 0
-0.0348416194 0.102517344 0
0.415305704 0.08237869289999999 0
0.359606773 0.07313796879999999 0
0.302707136 0.083627373 0
0.159252465 0.103709936 0
0.179841861 0.106472507 0
0.139538869 0.1013356 0
0.22791867 0.111114562 0
0.243271112 0.0979152769 0
0.394325763 0.08282602579999999 0
0.201971233 0.109258376 0
0.120320998 0.10044767 0
0.435215741 0.08225522189999999 0
0.259965211 0.10267438 0
0.329683661 0.107562989 0
0.474004507 0.0924669281 0
0.10174416 0.103126459 0
-0.468483716 0.110260278 0
-0.3943865 0.102075562 0
0.442493409 0.110294618 0
0.0621701814 0.126179203 0
0.0225422326 0.122126617 0
0.0418764055 0.12501201 0
0.00457998784 0.120126426 0
0.0835043266 0.12639606 0
-0.0129794497 0.122236557 0
-0.147280753 0.128402263 0
-0.213780656 0.134415403 0
-0.127986699 0.131244153 0
-0.167973459 0.129917011 0
-0.050670296 0.126652241 0
-0.07087001950000001 0.126821682 0
-0.09071145210000001 0.127626732 0
-0.190268174 0.132567599 0
-0.238525629 0.133869201 0
-0.273494035 0.120859079 0
-0.259225488 0.127459198 0
-0.287823677 0.129834697 0
0.106391847 0.128948033 0
-0.030988669 0.12521717 0
0.176051676 0.130309746 0
0.155358881 0.125951976 0
0.136383891 0.121375889 0
0.197837338 0.13508907 0
0.221228063 0.140195116 0
0.24643375 0.148225218 0
0.278431207 0.13069883 0
0.121331833 0.116863862 0
0.304693103 0.108170666 0
0.41313979 0.10605257 0
0.460590839 0.118400961 0
0.3594082 0.102554947 0
-0.32107237 0.11253228 0
-0.419543535 0.104857683 0
0.09811829029999999 0.159849972 0
0.0055290414 0.135468304 0
-0.272256285 0.147958145 0
0.213639542 0.167143762 0
-0.16421552 0.153452978 0
-0.0470549725 0.15146856 0
0.148239896 0.147893965 0
0.190186769 0.161729231 0
-0.0247382168 0.149399027 0
0.121496096 0.157260552 0
0.421064824 0.135523811 0
0.331904501 0.135500565 0
0.281374097 0.10639441 0
-0.403406292 0.127729908 0
-0.310004503 0.140224457 0
0.359246194 0.131814718 0
-0.372643173 0.130347505 0
-0.4354105 0.128464058 0
0.336629719 0.171858773 0
0.449453801 0.147653848 0
0.388494343 0.134514973 0
0.301465511 0.165098608 0
-0.346448064 0.12566866 0
-0.399034619 0.163094714 0
0.0394379087 0.149358913 0
0.27253148 0.157263905 0
-0.213087991 0.160163328 0
-0.247485504 0.166183531 0
-0.29579401 0.164818883 0
-0.0238127075 0.198093072 0
0.111787573 0.184981465 0
-0.100731499 0.16475822 0
-0.129909366 0.165031105 0
0.176729351 0.19246909 0
0.207438558 0.194471538 0
-0.07164825499999999 0.174688131 0
0.137555912 0.174095407 0
0.445077062 0.355614364 0
0.4540672 0.312721372 0
0.471876621 0.18936041 0
0.467166424 0.229818493 0
0.461504996 0.270973593 0
0.424467564 0.448932588 0
0.441845477 0.182664469 0
-0.324829191 0.179232806 0
0.0906601474 0.199683741 0
-0.207740158 0.18316175 0
-0.157712802 0.176730514 0
-0.278921545 0.189274922 0
0.0321525 0.177230626 0
0.245555773 0.214440852 0
-0.433855236 0.164075762 0
-0.366918921 0.159302726 0
0.291913986 0.195489585 0
-0.127964169 0.207778975 0
-0.0366133451 0.228911221 0
-0.100008652 0.206662506 0
0.179677323 0.226686761 0
0.122257464 0.208738238 0
0.146479711 0.202740476 0
0.434536189 0.401015729 0
0.398193419 0.336512506 0
0.424186647 0.257591337 0
0.43396154 0.220088616 0
0.412831038 0.296488136 0
0.369538605 0.193125933 0
-0.443918586 0.348807663 0
-0.435130209 0.398693502 0
-0.427496314 0.449492633 0
-0.452189833 0.300550848 0
-0.4590832 0.253552765 0
-0.357205957 0.190952316 0
0.279544592 0.225700334 0
0.104589514 0.213968039 0
-0.156489298 0.208392248 0
0.0224026144 0.217729628 0
0.212247699 0.248014852 0
-0.427817494 0.204839543 0
-0.234439731 0.195427537 0
0.323903114 0.207895994 0
0.0570687838 0.209155962 0
-0.391568303 0.199478686 0
-0.0962022617 0.246337354 0
-0.0230375547 0.256433278 0
0.184364036 0.258742362 0
0.124597915 0.237763807 0
0.376026452 0.277256101 0
0.38955155 0.242074385 0
0.359942079 0.312979162 0
0.378000379 0.380264699 0
-0.310198665 0.208065987 0
-0.372602284 0.387960404 0
-0.391070276 0.337650061 0
-0.464398772 0.207217991 0
-0.406558216 0.291264862 0
-0.182406142 0.205629736 0
0.475901842 0.151903644 0
0.401581109 0.207892701 0
-0.20234707 0.201936185 0
0.311389863 0.240205288 0
0.0997109637 0.235361338 0
-0.130189374 0.250119895 0
-0.380182773 0.237362921 0
0.0776065663 0.224026397 0
0.0415912047 0.235969722 0
0.356437773 0.225068003 0
0.00237123668 0.23785685 0
0.234924018 0.275154024 0
-0.0526191071 0.272373945 0
0.154033616 0.271343559 0
-0.16381526 0.245097548 0
0.327867359 0.289548635 0
0.343247354 0.258441687 0
-0.217780069 0.218593672 0
0.338168681 0.348227322 0
-0.343999118 0.224389404 0
-0.364733964 0.277306974 0
-0.344146281 0.319903255 0
0.269353002 0.254693568 0
0.0917307809 0.266476959 0
0.0217031389 0.261422962 0
-0.326631218 0.259382397 0
-0.133066654 0.30025813 0
-0.418796331 0.247499421 0
0.0644711778 0.253006309 0
-0.292130858 0.238324136 0
0.196372524 0.288258106 0
0.284591496 0.294490665 0
0.309394062 0.318163514 0
-0.303888261 0.296268225 0
-0.316326559 0.367387414 0
0.259190202 0.283179343 0
-0.212525114 0.264634311 0
-0.240297899 0.24214159 0
0.0789880231 0.303675681 0
0.0470647626 0.284426123 0
0.16370514 0.321180791 0
-0.00354623003 0.285852969 0
0.272422999 0.314563453 0
-0.269069314 0.269261181 0
0.30583939 0.378803372 0
0.221760422 0.304970533 0
-0.273979396 0.334394097 0
-0.0335755982 0.307707399 0
-0.23957935 0.298692495 0
0.0587245151 0.344805092 0
0.117237814 0.317083448 0
0.284336209 0.340413243 0
0.249890372 0.312829316 0
0.343847185 0.433378398 0
0.207801089 0.342838079 0
-0.274291515 0.426623851 0
0.0234502386 0.316493273 0
-0.08737619219999999 0.286369532 0
0.266001195 0.445831895 0
0.12272539 0.273716062 0
0.101134203 0.366993248 0
-0.234703615 0.369619191 0
0.147996157 0.380885184 0
-0.178461179 0.283813536 0
-0.203984484 0.323771179 0
-0.00658131344 0.34660095 0
-0.164417103 0.343546838 0
-0.0673920363 0.326083362 0
0.131059229 0.439091533 0
0.0761057213 0.423675179 0
0.200316936 0.392114729 0
0.029457761 0.387679994 0
-0.041373264 0.371180713 0
0.255755872 0.39359349 0
-0.129968509 0.398406595 0
0.248907045 0.349122852 0
0.195956767 0.446548343 0
-0.354339272 0.442943484 0
-0.193804756 0.443444848 0
-0.00892468356 0.424014986 0
-0.124071665 0.447903305 0
-0.183007032 0.391649544 0
-0.102894232 0.342963189 0
0.454051256 0.0865246058 0
0.477373928 0.124539249 0
-0.468024433 0.160724044 0
-0.0595881864 0.441332847 0
-0.08101215959999999 0.389415085 0
0.430654883 0.100503065 0
0.389429182 0.107357368 0
0.345321238 0.0801729336 0
-0.40980044 0.09662956 0
-0.338144869 0.0994073451 0
0.412171096 0.173297763 0
-0.132147774 0.361322463 0
0.382941902 0.164770678 0
-0.261872202 0.216164798 0
0.298553944 0.269673407 0
0.35991171 0.156175151 0
0.304619789 0.135348052 0
0.253422469 0.12404725 0
-0.374403059 0.104943611 0
-0.337032139 0.151434779 0
-0.109284967 0.131501675 0
-0.19354479 0.23484166 0
-0.06493017819999999 0.238962516 0
-0.0122938436 0.215621114 0
0.00691182632 0.197239071 0
0.0379151069 0.201571897 0
0.150936276 0.234486893 0
0.215393558 0.270183206 0
0.241323069 0.247472897 0
-0.0715796128 0.205469251 0
-0.0449168868 0.201832712 0
-0.015077455 0.176449656 0
0.00735802855 0.160683528 0
0.238734052 0.173370585 0
0.0684622079 0.179729119 0
0.210014313 0.22153379 0
0.169252723 0.153739303 0
0.263142437 0.184926003 0
-0.18295449 0.180039644 0
-0.0454696417 0.176156014 0
0.128362164 0.139589176 0
0.230636895 0.194044158 0
0.0191328265 0.142472118 0
0.0625149161 0.150935873 0
0.0812353119 0.146125689 0
-0.18740344 0.15683043 0
-0.147903278 0.149310306 0
-0.0862699524 0.148439452 0
-0.0688209161 0.151088551 0
-0.00671585044 0.142615706 0
0.161231548 0.173583657 0
0.5 -0.108888887 0
-0.5 -0.104000002 0
0.115384616 -0.5 0
0.346153855 -0.5 0
-0.5 -0.324000001 0
0.5 -0.304444432 0
-0.115384616 -0.5 0
0.0384615399 -0.5 0
0.269230783 -0.5 0
0.192307696 -0.5 0
-0.269230783 -0.5 0
0.5 -0.206666663 0
-0.5 -0.368000001 0
-0.5 -0.412 0
-0.5 -0.456 0
0.5 -0.451111108 0
-0.5 -0.5 0
0.5 -0.5 0
0.5 -0.402222216 0
-0.423076928 -0.5 0
-0.192307696 -0.5 0
-0.5 -0.148000002 0
-0.5 -0.192000002 0
-0.5 -0.236000001 0
-0.5 -0.280000001 0
-0.346153855 -0.5 0
0.5 -0.25555557 0
0.423076928 -0.5 0
-0.0384615399 -0.5 0
0.5 -0.157777771 0
0.5 -0.353333324 0
0.0772511885 -0.08056167509999999 0
0.0374877676 -0.0808010101 0
0.0176463742 -0.0810994208 0
0.0573830791 -0.0807405263 0
0.09732311959999999 -0.0806518868 0
-0.239483774 -0.0795809701 0
-0.219843984 -0.0792642012 0
-0.200446114 -0.07901526239999999 0
-0.181045815 -0.07884178310000001 0
-0.142179415 -0.0802084953 0
-0.102881968 -0.0817045122 0
-0.0223856941 -0.0814301819 0
-0.0627050027 -0.0818454996 0
-0.0425316021 -0.0818034559 0
-0.00224705855 -0.0814203545 0
-0.122754268 -0.081274122 0
-0.08287008849999999 -0.0820686147 0
-0.415999234 -0.07919201250000001 0
-0.381579161 -0.0748587102 0
-0.341950804 -0.08742288500000001 0
-0.319119245 -0.08530327679999999 0
-0.278412133 -0.08144206549999999 0
-0.258917481 -0.08033283049999999 0
-0.161435694 -0.0791214183 0
-0.472487122 -0.10505227 0
0.256461918 -0.08286640050000001 0
0.318938285 -0.08374304320000001 0
0.379224718 -0.0777013451 0
0.415607333 -0.0771136358 0
0.137026802 -0.0809221789 0
0.176194876 -0.0810839683 0
0.195934415 -0.0812368244 0
0.215941653 -0.0814755261 0
0.117289893 -0.08081298319999999 0
0.15661329 -0.081143111 0
0.236094043 -0.082149677 0
0.277177155 -0.0846093968 0
0.298077911 -0.0858106166 0
0.339882791 -0.0815737844 0
0.359948963 -0.0794832781 0
0.397859633 -0.076412484 0
0.432109773 -0.0828129873 0
0.448685735 -0.092795752 0
0.075753212 -0.101484895 0
0.0557561368 -0.102059513 0
0.0359173417 -0.102614924 0
0.0956945047 -0.101622269 0
0.0159939695 -0.10301619 0
0.11527735 -0.102301352 0
-0.397377491 -0.07783801849999999 0
-0.367144257 -0.088626951 0
-0.298090309 -0.0833709612 0
-0.200337872 -0.09863037619999999 0
-0.21885328 -0.09892425689999999 0
-0.18187283 -0.0977715552 0
-0.434422225 -0.0812884495 0
-0.106182195 -0.104892224 0
-0.0242696553 -0.103885174 0
-0.0446307808 -0.104614235 0
-0.08586321030000001 -0.105457388 0
-0.12644203 -0.10389293 0
-0.06511268019999999 -0.105166934 0
-0.145689055 -0.101519272 0
-0.163340643 -0.09789989139999999 0
-0.23776263 -0.099455364 0
-0.338522077 -0.115702689 0
-0.256322116 -0.10120821 0
-0.00407435466 -0.103709199 0
0.418813199 -0.0986522809 0
0.397742271 -0.0922142416 0
0.252526253 -0.1058909 0
0.212309584 -0.103968374 0
0.192341313 -0.104215957 0
0.273252606 -0.109232336 0
0.320911765 -0.107111856 0
0.34232372 -0.102683946 0
0.380523682 -0.09517564620000001 0
0.232309997 -0.104792736 0
0.172806621 -0.104274742 0
0.15369308 -0.103950769 0
0.297904164 -0.116075009 0
0.362232178 -0.09897334870000001 0
0.428666949 -0.112228334 0
0.134589821 -0.103278205 0
0.46945259 -0.110888988 0
-0.411913127 -0.0989815295 0
0.07460499549999999 -0.122705288 0
0.0345189869 -0.125521779 0
0.0545337796 -0.124148242 0
0.0147398924 -0.125232056 0
0.09377242619999999 -0.123138353 0
-0.00542884553 -0.127287924 0
-0.199170411 -0.119690679 0
-0.21721521 -0.119145781 0
-0.181177408 -0.116874449 0
-0.131077215 -0.127389789 0
-0.109915875 -0.129914075 0
-0.0461721793 -0.129090324 0
-0.153852567 -0.125061169 0
-0.0667753816 -0.128979772 0
-0.0885961056 -0.131090179 0
-0.166090339 -0.113361157 0
-0.234963834 -0.118861131 0
-0.251624823 -0.122507848 0
0.112385094 -0.124814384 0
-0.0254358575 -0.127300769 0
0.188759044 -0.129383489 0
0.168846637 -0.129991427 0
0.209063768 -0.128475145 0
0.2286672 -0.12831986 0
0.149858654 -0.129090652 0
0.248147339 -0.129130483 0
0.266228557 -0.132991135 0
0.316227257 -0.145300224 0
0.3464261 -0.123996772 0
0.379398167 -0.140497699 0
0.131228372 -0.127070695 0
-0.31478706 -0.110401563 0
-0.436272234 -0.107960358 0
-0.449050874 -0.118623495 0
-0.367599219 -0.126455709 0
0.437626481 -0.131681964 0
0.409618139 -0.140805781 0
0.09073735030000001 -0.144930616 0
0.0318898484 -0.152542442 0
-0.232055888 -0.134515703 0
-0.196568355 -0.144934669 0
-0.135222897 -0.150460809 0
-0.0468119048 -0.159751192 0
-0.15466474 -0.148551583 0
0.260239989 -0.164158478 0
0.164128304 -0.159461841 0
0.293380171 -0.17444025 0
-0.00580976577 -0.156512246 0
0.126097396 -0.151690036 0
-0.413921267 -0.126558542 0
-0.328458905 -0.140409112 0
-0.274515986 -0.10384129 0
-0.349528015 -0.153568953 0
0.351759881 -0.172270343 0
0.318618536 -0.183061182 0
-0.333783478 -0.167339042 0
-0.441113621 -0.144536555 0
-0.393654108 -0.154271141 0
0.292371094 -0.211694032 0
-0.286774576 -0.130766243 0
0.07354205849999999 -0.143089011 0
-0.257962167 -0.152474642 0
-0.0889976844 -0.161422387 0
0.226948202 -0.154064983 0
0.107703857 -0.148169219 0
0.336992621 -0.211675242 0
-0.00337611185 -0.200795993 0
0.273395419 -0.189953938 0
-0.17049475 -0.148092017 0
-0.129007757 -0.185398072 0
-0.0261532348 -0.181840271 0
0.143847302 -0.157626539 0
-0.448047906 -0.361545205 0
-0.455605984 -0.317959696 0
-0.465123922 -0.189018279 0
-0.462823182 -0.231938973 0
-0.460306674 -0.275001049 0
-0.426925808 -0.452901721 0
-0.424723893 -0.182535723 0
0.0366272852 -0.188651815 0
0.187246516 -0.187728658 0
0.0589350164 -0.166444242 0
-0.103470221 -0.184740975 0
-0.06846610459999999 -0.18379423 0
0.118219182 -0.173072204 0
0.208178952 -0.176860511 0
0.36315757 -0.199747011 0
0.312846452 -0.235824838 0
-0.299318105 -0.15677543 0
-0.198295265 -0.188920036 0
-0.162100241 -0.194625631 0
-0.0246460605 -0.229336455 0
-0.366503626 -0.182237729 0
-0.437883586 -0.40673089 0
-0.402278423 -0.349474549 0
-0.422037065 -0.268937945 0
-0.426025957 -0.228674114 0
-0.415005475 -0.309025466 0
0.440141648 -0.165292025 0
0.380865604 -0.165947661 0
0.454410315 -0.299123228 0
0.445268989 -0.34738335 0
0.435587972 -0.39737919 0
0.427431315 -0.448631287 0
0.461957723 -0.252621621 0
-0.2741943 -0.187123805 0
0.0236531589 -0.21747978 0
0.129730433 -0.192381173 0
-0.122267753 -0.2181191 0
0.286919326 -0.263395518 0
0.352644324 -0.233800679 0
-0.0484154336 -0.206472903 0
-0.238978505 -0.183906317 0
0.382674307 -0.187893778 0
-0.334735453 -0.187197372 0
-0.09211035820000001 -0.204660609 0
-0.199938565 -0.23082687 0
-0.384544611 -0.263622969 0
-0.379169017 -0.298835069 0
-0.363774121 -0.333696634 0
-0.382963866 -0.3914617 0
0.410056442 -0.166615397 0
0.0665235743 -0.19163233 0
0.394013286 -0.33461681 0
0.410622984 -0.288377047 0
0.423467785 -0.245048448 0
0.467720777 -0.206958532 0
0.09609952569999999 -0.198913157 0
-0.470833153 -0.148186505 0
-0.389988542 -0.228198498 0
-0.31124422 -0.183166504 0
0.00482664863 -0.250807226 0
-0.158838674 -0.228567705 0
-0.356113702 -0.222642258 0
-0.10804826 -0.250773847 0
-0.0749890804 -0.230587304 0
0.236951768 -0.25557974 0
-0.238797322 -0.222931072 0
0.200059086 -0.221732855 0
0.0547433943 -0.228673667 0
0.434716195 -0.204581663 0
-0.351000428 -0.291048676 0
-0.342559576 -0.261151582 0
-0.342663676 -0.367414057 0
0.0890857056 -0.235629171 0
0.371275783 -0.274487317 0
0.349839687 -0.316238403 0
-0.265262514 -0.214324355 0
0.125547007 -0.236138836 0
0.384301692 -0.231939763 0
-0.148362547 -0.268382192 0
-0.201895863 -0.284397453 0
0.0395672582 -0.26743412 0
-0.0845435709 -0.286633313 0
0.248264045 -0.20908615 0
0.255116969 -0.290184736 0
0.161755502 -0.2327106 0
-0.283162892 -0.230370551 0
-0.330711573 -0.314092934 0
0.07940530780000001 -0.27783528 0
0.374077588 -0.385226637 0
-0.256944537 -0.263938695 0
0.122180261 -0.280775845 0
-0.0512325764 -0.259115964 0
-0.167743802 -0.330821037 0
-0.123555109 -0.31115067 0
0.203418314 -0.267466187 0
0.0202970076 -0.310064286 0
-0.274711281 -0.308445483 0
-0.320849746 -0.397759885 0
0.338272214 -0.259483725 0
-0.326232761 -0.214808166 0
0.0678861737 -0.32463935 0
0.31976971 -0.3628214 0
-0.0192843862 -0.287305981 0
0.216469511 -0.311700195 0
0.119780473 -0.329584241 0
-0.266494006 -0.385957867 0
0.0543400496 -0.377309233 0
-0.203021392 -0.35156706 0
-0.347021431 -0.440783143 0
0.281908154 -0.327852577 0
0.274117023 -0.422076017 0
0.164584011 -0.276804119 0
0.314772338 -0.292671144 0
-0.14316158 -0.382356316 0
0.238232613 -0.360949397 0
-0.268800765 -0.446109235 0
0.117930107 -0.383022696 0
-0.00502681127 -0.359380454 0
-0.0899545625 -0.35999772 0
0.354485184 -0.440950871 0
-0.202243209 -0.393845558 0
0.180674002 -0.378484547 0
0.116467491 -0.439904302 0
-0.123636782 -0.439212173 0
0.0415827408 -0.435980946 0
-0.0426337756 -0.421091884 0
0.191037983 -0.43673709 0
-0.0501308329 -0.325539827 0
-0.19676277 -0.44627744 0
-0.451890498 -0.0888591111 0
0.470816433 -0.160953358 0
-0.427661389 -0.09695394340000001 0
-0.391985744 -0.096085377 0
0.41114524 -0.0895099714 0
-0.293581456 -0.107031554 0
0.404233605 -0.198149398 0
0.170815691 -0.325417221 0
-0.393289775 -0.197718471 0
-0.390543967 -0.116325445 0
0.407470196 -0.122044012 0
-0.302953094 -0.34384051 0
0.26649943 -0.235712677 0
0.402106464 -0.106607363 0
0.389978588 -0.124477439 0
-0.307111055 -0.134526476 0
-0.268105298 -0.127176061 0
0.283614874 -0.135133982 0
-0.236810908 -0.332041562 0
0.327947587 -0.12534298 0
0.36743632 -0.118909344 0
0.384408504 -0.111650333 0
0.227744669 -0.228958771 0
-0.308642864 -0.288504213 0
-0.310847104 -0.242751881 0
-0.278374851 -0.156388372 0
0.348389834 -0.146922976 0
-0.318303883 -0.161659449 0
0.289174825 -0.154943809 0
0.244689032 -0.15027234 0
0.207649693 -0.154539898 0
0.186118394 -0.157872438 0
0.229213864 -0.186583892 0
-0.242758006 -0.143100053 0
-0.217707261 -0.139593005 0
-0.176148549 -0.134145111 0
0.0545891523 -0.145960584 0
0.0142524652 -0.14502719 0
-0.0255044252 -0.148230761 0
-0.06708924469999999 -0.150351986 0
-0.115150906 -0.15625529 0
0.0140814194 -0.175574467 0
-0.299567908 -0.204695523 0
-0.293376505 -0.266066968 0
0.160018429 -0.193675786 0
-0.180937871 -0.163365349 0
-0.295688331 -0.175879121 0
-0.226377875 -0.15913336 0
0.0429039635 -0.169281721 0
0.101021759 -0.172521606 0
0.0724704266 -0.159666792 0
-0.141519114 -0.169197023 0
-0.160157546 -0.170055762 0
0.0838272274 -0.167311206 0
-0.20788826 -0.164396137 0
</DataArray>
</Points>
<Cells>
<DataArray type="Int32" Name="connectivity" format="ascii">
0 1 7 6 
1 2 8 7 
2 3 9 8 
3 4 10 9 
4 5 11 10 
6 7 13 12 
7 8 14 13 
8 9 15 14 
9 10 16 15 
10 11 17 16 
12 13 19 18 
13 14 20 19 
14 15 21 20 
15 16 22 21 
16 17 23 22 
18 19 25 24 
19 20 26 25 
20 21 27 26 
21 22 28 27 
22 23 29 28 
24 25 31 30 
25 26 32 31 
26 27 33 32 
27 28 34 33 
28 29 35 34 
30 31 37 36 
31 32 38 37 
32 33 39 38 
33 34 40 39 
34 35 41 40 
36 37 43 42 
37 38 44 43 
38 39 45 44 
39 40 46 45 
40 41 47 46 
47 41 94 69 
41 35 95 94 
35 29 96 95 
29 23 97 96 
23 17 98 97 
17 11 99 98 
11 5 83 99 
69 94 100 68 
94 95 101 100 
95 96 102 101 
96 97 103 102 
97 98 104 103 
98 99 105 104 
99 83 84 105 
68 100 106 67 
100 101 107 106 
101 102 108 107 
102 103 109 108 
103 104 110 109 
104 105 111 110 
105 84 85 111 
67 106 112 66 
106 107 113 112 
107 108 114 113 
108 109 115 114 
109 110 116 115 
110 111 117 116 
111 85 76 117 
66 112 118 65 
112 113 119 118 
113 114 120 119 
114 115 121 120 
115 116 122 121 
116 117 123 122 
117 76 82 123 
65 118 124 64 
118 119 125 124 
119 120 126 125 
120 121 127 126 
121 122 128 127 
122 123 129 128 
123 82 86 129 
64 124 130 63 
124 125 131 130 
125 126 132 131 
126 127 133 132 
127 128 134 133 
128 129 135 134 
129 86 87 135 
63 130 136 62 
130 131 137 136 
131 132 138 137 
132 133 139 138 
133 134 140 139 
134 135 141 140 
135 87 88 141 
62 136 142 61 
136 137 143 142 
137 138 144 143 
138 139 145 144 
139 140 146 145 
140 141 147 146 
141 88 89 147 
61 142 148 60 
142 143 149 148 
143 144 150 149 
144 145 151 150 
145 146 152 151 
146 147 153 152 
147 89 77 153 
60 148 154 59 
148 149 155 154 
149 150 156 155 
150 151 157 156 
151 152 158 157 
152 153 159 158 
153 77 81 159 
59 154 160 58 
154 155 161 160 
155 156 162 161 
156 157 163 162 
157 158 164 163 
158 159 165 164 
159 81 90 165 
58 160 166 57 
160 161 167 166 
161 162 168 167 
162 163 169 168 
163 164 170 169 
164 165 171 170 
165 90 91 171 
57 166 172 56 
166 167 173 172 
167 168 174 173 
168 169 175 174 
169 170 176 175 
170 171 177 176 
171 91 92 177 
56 172 178 55 
172 173 179 178 
173 174 180 179 
174 175 181 180 
175 176 182 181 
176 177 183 182 
177 92 93 183 
55 178 184 54 
178 179 185 184 
179 180 186 185 
180 181 187 186 
181 182 188 187 
182 183 189 188 
183 93 74 189 
54 184 190 53 
184 185 191 190 
185 186 192 191 
186 187 193 192 
187 188 194 193 
188 189 195 194 
189 74 71 195 
53 190 196 52 
190 191 197 196 
191 192 198 197 
192 193 199 198 
193 194 200 199 
194 195 201 200 
195 71 80 201 
52 196 202 51 
196 197 203 202 
197 198 204 203 
198 199 205 204 
199 200 206 205 
200 201 207 206 
201 80 79 207 
51 202 50 70 
202 203 49 50 
203 204 48 49 
204 205 72 48 
205 206 73 72 
206 207 78 73 
207 79 75 78 
24 30 312 227 
30 36 313 312 
36 42 283 313 
227 312 314 226 
312 313 315 314 
313 283 292 315 
226 314 316 225 
314 315 317 316 
315 292 296 317 
225 316 318 224 
316 317 319 318 
317 296 300 319 
224 318 320 223 
318 319 321 320 
319 300 278 321 
223 320 322 222 
320 321 323 322 
321 278 289 323 
222 322 324 221 
322 323 325 324 
323 289 282 325 
221 324 326 220 
324 325 327 326 
325 282 301 327 
220 326 328 219 
326 327 329 328 
327 301 297 329 
219 328 330 218 
328 329 331 330 
329 297 286 331 
218 330 332 217 
330 331 333 332 
331 286 294 333 
217 332 334 216 
332 333 335 334 
333 294 295 335 
216 334 336 215 
334 335 337 336 
335 295 287 337 
215 336 338 214 
336 337 339 338 
337 287 293 339 
214 338 340 213 
338 339 341 340 
339 293 298 341 
213 340 342 212 
340 341 343 342 
341 298 299 343 
212 342 344 211 
342 343 345 344 
343 299 288 345 
211 344 346 210 
344 345 347 346 
345 288 291 347 
210 346 348 209 
346 347 349 348 
347 291 290 349 
209 348 350 208 
348 349 351 350 
349 290 284 351 
208 350 352 311 
350 351 353 352 
351 284 302 353 
311 352 354 310 
352 353 355 354 
353 302 303 355 
310 354 356 309 
354 355 357 356 
355 303 304 357 
309 356 358 308 
356 357 359 358 
357 304 305 359 
308 358 307 280 
358 359 306 307 
359 305 279 306 
0 6 360 277 
6 12 361 360 
12 18 228 361 
277 360 362 276 
360 361 363 362 
361 228 229 363 
276 362 364 275 
362 363 365 364 
363 229 230 365 
275 364 366 274 
364 365 367 366 
365 230 231 367 
274 366 368 273 
366 367 369 368 
367 231 232 369 
273 368 370 272 
368 369 371 370 
369 232 233 371 
272 370 372 271 
370 371 373 372 
371 233 234 373 
271 372 374 270 
372 373 375 374 
373 234 235 375 
270 374 376 269 
374 375 377 376 
375 235 236 377 
269 376 378 268 
376 377 379 378 
377 236 237 379 
268 378 380 267 
378 379 381 380 
379 237 238 381 
267 380 382 266 
380 381 383 382 
381 238 239 383 
266 382 384 265 
382 383 385 384 
383 239 240 385 
265 384 386 264 
384 385 387 386 
385 240 241 387 
264 386 388 263 
386 387 389 388 
387 241 242 389 
263 388 390 262 
388 389 391 390 
389 242 243 391 
262 390 392 261 
390 391 393 392 
391 243 244 393 
261 392 394 260 
392 393 395 394 
393 244 245 395 
260 394 396 259 
394 395 397 396 
395 245 246 397 
259 396 398 258 
396 397 399 398 
397 246 247 399 
258 398 400 257 
398 399 401 400 
399 247 248 401 
257 400 402 256 
400 401 403 402 
401 248 249 403 
256 402 404 255 
402 403 405 404 
403 249 250 405 
255 404 406 254 
404 405 407 406 
405 250 251 407 
254 406 253 285 
406 407 252 253 
407 251 281 252 
24 227 228 18 
227 226 229 228 
226 225 230 229 
225 224 231 230 
224 223 232 231 
223 222 233 232 
222 221 234 233 
221 220 235 234 
220 219 236 235 
219 218 237 236 
218 217 238 237 
217 216 239 238 
216 215 240 239 
215 214 241 240 
214 213 242 241 
213 212 243 242 
212 211 244 243 
211 210 245 244 
210 209 246 245 
209 208 247 246 
208 311 248 247 
311 310 249 248 
310 309 250 249 
309 308 251 250 
308 280 281 251 
467 67 66 466 
68 468 470 69 
440 43 44 442 
297 456 446 286 
70 434 515 51 
733 515 550 519 
53 512 501 54 
54 501 509 55 
574 739 549 564 
502 57 56 471 
740 58 57 502 
58 740 472 59 
475 507 510 465 
473 61 60 503 
506 504 541 542 
63 464 475 64 
465 65 64 475 
65 465 466 66 
46 443 439 45 
435 413 596 412 
703 596 413 414 
410 411 614 591 
569 565 514 551 
514 565 749 548 
519 550 573 564 
424 433 425 622 
645 621 620 646 
485 448 447 486 
500 450 453 480 
479 481 524 520 
770 607 626 604 
643 615 591 614 
305 517 432 279 
302 483 462 303 
497 460 459 742 
449 487 496 457 
485 486 527 534 
620 427 428 623 
427 620 621 426 
426 621 622 425 
43 440 441 42 
42 441 453 283 
292 450 451 296 
296 451 452 300 
444 289 278 454 
289 444 455 282 
282 455 445 301 
301 445 456 297 
286 446 447 294 
294 447 448 295 
449 287 295 448 
293 457 458 298 
298 458 482 299 
459 288 299 482 
460 291 288 459 
484 290 291 460 
284 461 483 302 
303 462 463 304 
463 517 305 304 
469 47 69 470 
45 439 442 44 
443 46 47 469 
522 476 479 520 
477 440 442 476 
480 453 441 478 
450 292 283 453 
476 442 439 479 
481 443 469 516 
454 278 300 452 
527 486 495 533 
581 580 600 632 
495 446 456 494 
556 537 535 536 
448 485 487 449 
287 449 457 293 
450 500 488 451 
451 488 490 452 
440 477 478 441 
452 490 493 454 
491 444 454 493 
455 489 492 445 
445 492 494 456 
553 567 571 498 
741 483 461 518 
290 484 461 284 
498 571 517 463 
498 463 462 553 
464 63 62 474 
474 62 61 473 
516 538 524 481 
506 468 467 504 
67 467 468 68 
443 481 479 439 
516 469 470 511 
468 506 511 470 
471 56 55 509 
769 561 587 783 
59 472 503 60 
750 513 566 546 
466 505 504 467 
508 464 474 513 
507 475 464 508 
578 522 520 776 
522 521 477 476 
477 521 523 478 
599 767 554 584 
555 523 521 775 
552 482 458 499 
741 553 462 483 
518 461 484 751 
484 460 497 751 
486 447 446 495 
580 527 533 778 
489 455 444 491 
526 492 489 528 
485 534 536 487 
457 496 499 458 
494 529 533 495 
500 480 525 539 
493 532 753 491 
492 526 529 494 
500 539 530 488 
531 490 488 530 
537 499 496 535 
571 605 735 517 
482 552 742 459 
535 496 487 536 
523 525 480 478 
512 53 52 733 
512 733 519 738 
549 739 509 501 
505 466 465 510 
538 554 777 524 
513 474 473 566 
750 507 508 513 
503 548 566 473 
557 561 543 544 
472 514 548 503 
540 505 510 543 
510 507 544 543 
51 515 733 52 
544 507 750 545 
740 502 471 551 
565 569 748 572 
734 550 515 434 
511 547 538 516 
553 741 518 567 
549 738 519 564 
748 745 619 572 
775 521 522 578 
778 533 529 558 
541 504 505 540 
773 538 547 542 
528 489 491 753 
580 581 534 527 
493 490 531 532 
559 530 539 562 
779 558 529 526 
772 559 562 764 
530 559 781 531 
536 534 581 556 
582 598 752 568 
752 598 625 606 
582 568 537 556 
540 543 561 769 
782 562 539 525 
541 540 769 560 
511 506 542 547 
541 560 773 542 
566 548 749 546 
546 579 545 750 
672 626 653 747 
551 739 574 569 
672 761 604 626 
773 560 590 563 
739 551 471 509 
434 436 650 734 
595 594 438 408 
575 572 633 607 
740 551 514 472 
499 537 568 552 
571 567 577 605 
531 781 780 532 
523 555 782 525 
675 679 693 683 
588 587 561 557 
557 544 545 766 
528 753 585 586 
585 610 608 586 
589 585 780 781 
558 779 586 601 
528 586 779 526 
613 587 611 759 
773 563 554 538 
766 774 588 557 
590 560 769 783 
603 765 775 578 
559 772 589 781 
573 597 743 564 
546 749 575 579 
606 625 635 577 
742 552 576 497 
594 593 437 438 
408 409 592 595 
570 751 497 576 
576 552 568 752 
591 592 409 410 
573 650 593 597 
436 437 593 650 
432 517 735 431 
565 572 575 749 
582 602 644 598 
429 624 623 428 
752 606 570 576 
584 554 563 590 
657 599 627 654 
768 604 761 630 
579 770 766 545 
601 771 778 558 
771 649 652 600 
556 581 602 582 
623 648 646 620 
755 609 637 662 
764 562 782 765 
639 612 613 759 
636 655 608 610 
771 601 628 649 
590 613 612 584 
592 591 615 618 
640 642 665 666 
763 762 589 772 
763 583 756 609 
596 703 643 614 
640 641 616 618 
650 573 550 734 
594 595 616 617 
597 617 651 743 
659 619 651 641 
411 412 596 614 
593 594 617 597 
570 606 577 567 
584 612 627 599 
698 696 683 693 
608 628 601 586 
727 645 684 705 
610 762 755 636 
579 575 607 770 
431 735 647 430 
745 743 651 619 
585 589 762 610 
655 664 628 608 
756 757 629 660 
756 660 637 609 
728 705 711 731 
611 587 588 768 
709 673 654 639 
759 611 638 663 
639 759 663 709 
692 702 685 681 
633 572 619 659 
618 616 595 592 
685 672 747 681 
607 633 653 626 
424 622 727 423 
622 621 645 727 
624 429 430 647 
656 635 625 669 
631 605 577 635 
746 632 667 687 
629 758 634 658 
660 674 691 637 
723 708 726 720 
611 768 630 638 
624 647 631 677 
649 628 664 754 
602 581 632 746 
654 627 612 639 
670 648 677 656 
664 655 676 713 
658 634 657 678 
658 674 660 629 
760 630 761 661 
719 718 417 418 
712 690 704 720 
618 615 642 640 
617 616 641 651 
615 643 668 642 
680 760 661 695 
708 703 414 415 
652 667 632 600 
625 598 644 669 
671 683 696 684 
648 623 624 677 
605 631 647 735 
635 656 677 631 
667 754 686 687 
670 675 683 671 
653 633 659 666 
662 707 636 755 
655 636 707 676 
644 602 746 679 
673 678 657 654 
719 721 699 710 
641 640 666 659 
672 685 661 761 
717 697 715 722 
760 680 638 630 
712 710 700 690 
754 664 713 686 
642 668 682 665 
695 702 725 704 
656 669 675 670 
694 668 643 703 
671 646 648 670 
423 727 705 422 
645 646 671 684 
747 653 666 665 
674 658 678 689 
689 688 699 706 
679 675 669 644 
662 697 717 707 
714 716 731 711 
678 673 688 689 
754 667 652 649 
663 638 680 690 
692 681 682 701 
668 694 701 682 
716 714 713 676 
695 661 685 702 
711 705 684 696 
698 693 687 686 
679 746 687 693 
673 709 700 688 
699 721 715 706 
706 691 674 689 
718 719 710 712 
662 637 691 697 
665 682 681 747 
701 694 723 725 
690 680 695 704 
711 696 698 714 
717 722 737 732 
713 714 698 686 
688 700 710 699 
721 729 722 715 
663 690 700 709 
708 723 694 703 
702 692 701 725 
697 691 706 715 
724 730 728 731 
718 712 720 726 
732 676 707 717 
737 736 730 724 
719 418 729 721 
723 720 704 725 
737 724 744 732 
726 708 415 416 
416 417 718 726 
716 744 724 731 
728 421 422 705 
729 418 419 736 
730 420 421 728 
736 419 420 730 
722 729 736 737 
738 549 501 512 
564 743 745 574 
744 716 676 732 
569 574 745 748 
567 518 751 570 
585 753 532 780 
757 756 583 764 
757 603 758 629 
609 755 762 763 
772 764 583 763 
757 764 765 603 
555 775 765 782 
599 657 634 767 
758 603 767 634 
767 603 578 776 
768 588 774 604 
774 766 770 604 
771 600 580 778 
777 776 520 524 
767 776 777 554 
613 590 783 587 
828 276 275 827 
2 816 818 3 
89 851 852 77 
815 858 861 819 
285 785 839 254 
1029 839 785 805 
870 256 255 1102 
1105 865 833 864 
864 258 257 832 
259 258 864 833 
865 260 259 833 
834 261 260 865 
261 834 835 262 
866 1107 952 836 
836 264 263 866 
940 1135 1149 1136 
266 820 821 267 
267 821 822 268 
823 269 268 822 
838 270 269 823 
271 824 830 272 
825 273 272 830 
273 825 831 274 
1 817 816 2 
800 803 978 798 
1081 978 803 809 
796 797 994 973 
953 951 880 935 
865 935 880 834 
832 900 1105 864 
811 801 799 1004 
1001 1025 1024 1002 
1005 810 795 1027 
892 850 847 886 
845 76 85 849 
4 815 819 5 
860 816 817 862 
875 830 824 877 
867 822 821 868 
879 820 837 881 
962 1127 1006 1013 
1021 995 973 994 
79 899 784 75 
856 843 1106 883 
937 1112 1116 930 
90 853 854 91 
1123 1122 930 1116 
1002 1003 802 814 
802 1003 1004 799 
5 819 848 83 
84 844 849 85 
76 845 846 82 
82 846 847 86 
840 88 87 850 
88 840 851 89 
81 841 853 90 
92 842 855 93 
93 855 843 74 
74 843 856 71 
71 856 857 80 
857 899 79 80 
829 0 277 826 
817 1 0 829 
815 4 3 818 
861 858 901 905 
826 277 276 828 
862 817 829 882 
859 860 902 903 
859 818 816 860 
898 844 848 863 
844 84 83 848 
820 266 265 837 
837 265 264 836 
869 867 907 909 
822 867 869 823 
270 838 824 271 
828 873 872 826 
827 275 274 831 
818 859 858 815 
882 829 826 872 
878 838 823 869 
825 871 874 831 
876 827 831 874 
832 257 256 870 
935 865 1105 1111 
917 908 868 879 
262 835 866 263 
881 837 836 952 
254 839 1102 255 
1104 870 1102 933 
850 87 86 847 
888 851 840 885 
841 889 890 853 
841 81 77 852 
842 92 91 854 
936 899 857 897 
887 846 845 893 
893 845 849 894 
886 847 846 887 
819 861 863 848 
922 946 1133 921 
927 926 1131 945 
923 924 892 886 
1106 884 1115 883 
853 890 896 854 
884 855 842 891 
856 883 897 857 
964 924 923 1132 
860 862 904 902 
873 828 827 876 
862 882 906 904 
887 893 922 921 
1138 961 901 903 
894 849 844 898 
933 934 957 950 
950 1111 1105 900 
868 821 820 879 
878 916 913 877 
879 881 918 917 
830 875 871 825 
877 824 838 878 
872 873 912 920 
871 875 910 911 
911 915 874 871 
909 916 878 869 
1138 903 902 939 
1136 941 907 908 
932 835 834 880 
908 907 867 868 
951 953 956 1129 
970 1142 942 1153 
902 904 1139 939 
842 854 896 891 
936 897 1112 937 
851 888 895 852 
954 1128 928 955 
1133 981 986 1132 
885 840 850 892 
921 923 886 887 
894 898 931 925 
852 895 889 841 
895 888 927 1119 
938 905 901 961 
898 863 919 931 
885 892 924 926 
888 885 926 927 
895 928 1121 889 
890 929 1122 896 
863 861 905 919 
900 1104 933 950 
958 993 953 935 
858 859 903 901 
961 1138 982 1152 
882 872 920 906 
876 874 915 914 
980 1143 967 1007 
938 965 919 905 
942 910 913 944 
1137 913 916 909 
1107 932 1117 960 
910 875 877 913 
943 912 914 1141 
914 912 873 876 
1141 963 984 943 
963 1141 914 915 
1142 911 910 942 
915 911 1142 963 
907 941 1137 909 
941 1147 969 1137 
1144 1006 1148 1031 
893 894 925 922 
943 1140 920 912 
1134 1055 968 945 
925 931 949 972 
945 1131 964 1134 
1131 926 924 964 
986 1134 964 1132 
966 955 959 988 
1130 945 968 947 
1121 929 890 889 
966 987 954 955 
1122 929 1128 930 
999 936 937 1022 
1116 1112 1115 1123 
919 965 949 931 
835 932 1107 866 
880 951 1117 932 
934 933 1102 839 
977 976 807 808 
1129 989 1117 951 
784 899 1103 813 
1103 899 936 999 
1000 954 987 1014 
985 949 965 1151 
971 948 1140 943 
974 973 995 998 
940 1136 908 917 
944 913 1137 969 
963 983 1016 984 
948 906 920 1140 
1147 990 991 1154 
789 1001 1002 814 
946 922 925 972 
955 928 1130 947 
939 1143 980 1150 
1143 939 1139 948 
950 957 979 958 
1107 960 1118 952 
918 881 952 1118 
976 975 806 807 
808 788 974 977 
1011 966 988 1071 
1128 954 1000 930 
959 955 947 968 
973 974 788 796 
962 1135 918 1118 
957 1029 975 979 
805 806 975 1029 
1025 1046 1047 1024 
1118 960 1127 962 
989 1127 960 1117 
938 961 1152 1155 
1019 1020 1059 1042 
1135 940 917 918 
983 963 1142 970 
1150 982 1138 939 
810 1005 1001 789 
992 1032 1007 967 
991 990 1017 1033 
942 944 1154 1153 
970 1009 1016 983 
984 1012 971 943 
948 971 967 1143 
985 1008 972 949 
1146 946 972 1008 
978 1081 1021 994 
997 996 1018 1030 
1029 957 934 839 
1110 993 958 979 
1144 1058 1048 1006 
797 798 978 994 
975 976 997 979 
1134 1039 1124 1055 
1023 982 1150 980 
1152 982 1023 1155 
991 970 1153 1154 
1045 1060 1063 1049 
968 1055 1114 959 
1026 1050 1046 1025 
1074 1047 1085 1082 
1047 1074 1061 1024 
993 1015 956 953 
962 1013 1149 1135 
1016 1009 1035 1036 
984 1016 1036 1012 
1009 970 991 1033 
1060 1053 1068 1073 
992 967 971 1012 
976 977 996 997 
979 997 1030 1110 
998 996 977 974 
1058 1062 1038 1048 
813 1103 1027 795 
1000 1022 937 930 
1071 988 1010 1085 
811 1004 1092 787 
1024 1061 1003 1002 
999 1041 1027 1103 
1031 1129 956 1015 
1032 1053 1040 1007 
980 1007 1040 1023 
1035 1009 1033 1051 
1114 1010 988 959 
1026 1025 1001 1005 
987 966 1011 1050 
1014 1108 1022 1000 
1030 1034 993 1110 
1019 1018 996 998 
990 1013 1038 1017 
1017 1052 1051 1033 
1034 1030 1018 1043 
998 995 1020 1019 
995 1021 1044 1020 
1120 1052 1062 1069 
1088 1081 809 794 
1061 1092 1004 1003 
1041 1026 1005 1027 
1050 1026 1041 1108 
1041 999 1022 1108 
1028 1045 1049 1008 
1008 985 1151 1028 
1129 1031 1148 989 
1034 1072 1015 993 
1064 992 1012 1036 
1079 1097 1095 1089 
1052 1017 1038 1062 
1075 1064 1054 1100 
1018 1019 1042 1043 
1054 1035 1051 1066 
1036 1035 1054 1064 
1008 1049 1057 1146 
1076 1087 1082 1056 
1013 1006 1048 1038 
946 1146 981 1133 
1040 1053 1060 1045 
1023 1040 1045 1028 
1043 1126 1072 1034 
1059 1020 1044 1113 
1044 1021 1081 1070 
1073 1077 1063 1060 
1037 1056 1010 1114 
787 1092 1083 792 
1144 1072 1126 1058 
1084 1057 1049 1063 
1124 1037 1114 1055 
1014 987 1050 1108 
1050 1011 1071 1046 
1066 1091 1100 1054 
1086 1065 1080 1093 
1064 1075 1032 992 
1073 1068 1090 1079 
1065 1066 1051 1052 
1067 1039 1057 1084 
1146 1057 1039 981 
1125 1043 1042 1059 
1069 1062 1145 1125 
1078 1113 1044 1070 
1085 1047 1046 1071 
1092 1061 1074 1083 
1145 1062 1058 1126 
1076 1109 1094 1087 
1100 1091 1098 1090 
1087 1083 1074 1082 
1084 1063 1077 1109 
1037 1067 1076 1056 
1075 1068 1053 1032 
1125 1145 1126 1043 
1113 1078 1120 1069 
1093 1078 1088 1101 
1031 1015 1072 1144 
1099 1094 1089 1095 
1052 1120 1080 1065 
1076 1067 1084 1109 
1073 1079 1089 1077 
1059 1113 1069 1125 
1090 1068 1075 1100 
791 786 1095 1097 
1093 1101 1096 1086 
793 792 1083 1099 
1085 1010 1056 1082 
1098 1096 790 812 
1066 1065 1086 1091 
1070 1081 1088 1078 
1087 1094 1099 1083 
812 791 1097 1098 
1090 1098 1097 1079 
1078 1093 1080 1120 
804 790 1096 1101 
1089 1094 1109 1077 
786 793 1099 1095 
1091 1086 1096 1098 
1101 1088 794 804 
1104 900 832 870 
1106 843 855 884 
958 935 1111 950 
1112 897 883 1115 
1123 1115 884 891 
928 895 1119 1130 
1130 1119 927 945 
929 1121 928 1128 
896 1122 1123 891 
1124 1039 1067 1037 
1127 989 1148 1006 
1132 923 921 1133 
986 981 1039 1134 
1139 904 906 948 
941 1136 1149 1156 
990 1156 1149 1013 
1147 941 1156 990 
1028 1151 1155 1023 
1155 1151 965 938 
1154 944 969 1147 
</DataArray>
<DataArray type="Int32" Name="offsets" format="ascii">
4 8 12 16 20 24 28 32 36 40 44 48 52 56 60 64 68 72 76 80 84 88 92 96 100 104 108 112 116 120 124 128 132 136 140 144 148 152 156 160 164 168 172 176 180 184 188 192 196 200 204 208 212 216 220 224 228 232 236 240 244 248 252 256 260 264 268 272 276 280 284 288 292 296 300 304 308 312 316 320 324 328 332 336 340 344 348 352 356 360 364 368 372 376 380 384 388 392 396 400 404 408 412 416 420 424 428 432 436 440 444 448 452 456 460 464 468 472 476 480 484 488 492 496 500 504 508 512 516 520 524 528 532 536 540 544 548 552 556 560 564 568 572 576 580 584 588 592 596 600 604 608 612 616 620 624 628 632 636 640 644 648 652 656 660 664 668 672 676 680 684 688 692 696 700 704 708 712 716 720 724 728 732 736 740 744 748 752 756 760 764 768 772 776 780 784 788 792 796 800 804 808 812 816 820 824 828 832 836 840 844 848 852 856 860 864 868 872 876 880 884 888 892 896 900 904 908 912 916 920 924 928 932 936 940 944 948 952 956 960 964 968 972 976 980 984 988 992 996 1000 1004 1008 1012 1016 1020 1024 1028 1032 1036 1040 1044 1048 1052 1056 1060 1064 1068 1072 1076 1080 1084 1088 1092 1096 1100 1104 1108 1112 1116 1120 1124 1128 1132 1136 1140 1144 1148 1152 1156 1160 1164 1168 1172 1176 1180 1184 1188 1192 1196 1200 1204 1208 1212 1216 1220 1224 1228 1232 1236 1240 1244 1248 1252 1256 1260 1264 1268 1272 1276 1280 1284 1288 1292 1296 1300 1304 1308 1312 1316 1320 1324 1328 1332 1336 1340 1344 1348 1352 1356 1360 1364 1368 1372 1376 1380 1384 1388 1392 1396 1400 1404 1408 1412 1416 1420 1424 1428 1432 1436 1440 1444 1448 1452 1456 1460 1464 1468 1472 1476 1480 1484 1488 1492 1496 1500 1504 1508 1512 1516 1520 1524 1528 1532 1536 1540 1544 1548 1552 1556 1560 1564 1568 1572 1576 1580 1584 1588 1592 1596 1600 1604 1608 1612 1616 1620 1624 1628 1632 1636 1640 1644 1648 1652 1656 1660 1664 1668 1672 1676 1680 1684 1688 1692 1696 1700 1704 1708 1712 1716 1720 1724 1728 1732 1736 1740 1744 1748 1752 1756 1760 1764 1768 1772 1776 1780 1784 1788 1792 1796 1800 1804 1808 1812 1816 1820 1824 1828 1832 1836 1840 1844 1848 1852 1856 1860 1864 1868 1872 1876 1880 1884 1888 1892 1896 1900 1904 1908 1912 1916 1920 1924 1928 1932 1936 1940 1944 1948 1952 1956 1960 1964 1968 1972 1976 1980 1984 1988 1992 1996 2000 2004 2008 2012 2016 2020 2024 2028 2032 2036 2040 2044 2048 2052 2056 2060 2064 2068 2072 2076 2080 2084 2088 2092 2096 2100 2104 2108 2112 2116 2120 2124 2128 2132 2136 2140 2144 2148 2152 2156 2160 2164 2168 2172 2176 2180 2184 2188 2192 2196 2200 2204 2208 2212 2216 2220 2224 2228 2232 2236 2240 2244 2248 2252 2256 2260 2264 2268 2272 2276 2280 2284 2288 2292 2296 2300 2304 2308 2312 2316 2320 2324 2328 2332 2336 2340 2344 2348 2352 2356 2360 2364 2368 2372 2376 2380 2384 2388 2392 2396 2400 2404 2408 2412 2416 2420 2424 2428 2432 2436 2440 2444 2448 2452 2456 2460 2464 2468 2472 2476 2480 2484 2488 2492 2496 2500 2504 2508 2512 2516 2520 2524 2528 2532 2536 2540 2544 2548 2552 2556 2560 2564 2568 2572 2576 2580 2584 2588 2592 2596 2600 2604 2608 2612 2616 2620 2624 2628 2632 2636 2640 2644 2648 2652 2656 2660 2664 2668 2672 2676 2680 2684 2688 2692 2696 2700 2704 2708 2712 2716 2720 2724 2728 2732 2736 2740 2744 2748 2752 2756 2760 2764 2768 2772 2776 2780 2784 2788 2792 2796 2800 2804 2808 2812 2816 2820 2824 2828 2832 2836 2840 2844 2848 2852 2856 2860 2864 2868 2872 2876 2880 2884 2888 2892 2896 2900 2904 2908 2912 2916 2920 2924 2928 2932 2936 2940 2944 2948 2952 2956 2960 2964 2968 2972 2976 2980 2984 2988 2992 2996 3000 3004 3008 3012 3016 3020 3024 3028 3032 3036 3040 3044 3048 3052 3056 3060 3064 3068 3072 3076 3080 3084 3088 3092 3096 3100 3104 3108 3112 3116 3120 3124 3128 3132 3136 3140 3144 3148 3152 3156 3160 3164 3168 3172 3176 3180 3184 3188 3192 3196 3200 3204 3208 3212 3216 3220 3224 3228 3232 3236 3240 3244 3248 3252 3256 3260 3264 3268 3272 3276 3280 3284 3288 3292 3296 3300 3304 3308 3312 3316 3320 3324 3328 3332 3336 3340 3344 3348 3352 3356 3360 3364 3368 3372 3376 3380 3384 3388 3392 3396 3400 3404 3408 3412 3416 3420 3424 3428 3432 3436 3440 3444 3448 3452 3456 3460 3464 3468 3472 3476 3480 3484 3488 3492 3496 3500 3504 3508 3512 3516 3520 3524 3528 3532 3536 3540 3544 3548 3552 3556 3560 3564 3568 3572 3576 3580 3584 3588 3592 3596 3600 3604 3608 3612 3616 3620 3624 3628 3632 3636 3640 3644 3648 3652 3656 3660 3664 3668 3672 3676 3680 3684 3688 3692 3696 3700 3704 3708 3712 3716 3720 3724 3728 3732 3736 3740 3744 3748 3752 3756 3760 3764 3768 3772 3776 3780 3784 3788 3792 3796 3800 3804 3808 3812 3816 3820 3824 3828 3832 3836 3840 3844 3848 3852 3856 3860 3864 3868 3872 3876 3880 3884 3888 3892 3896 3900 3904 3908 3912 3916 3920 3924 3928 3932 3936 3940 3944 3948 3952 3956 3960 3964 3968 3972 3976 3980 3984 3988 3992 3996 4000 4004 4008 4012 4016 4020 4024 4028 4032 4036 4040 4044 4048 4052 4056 4060 4064 4068 4072 4076 4080 4084 4088 4092 4096 4100 4104 4108 4112 4116 4120 4124 4128 4132 4136 4140 4144 4148 4152 4156 4160 4164 4168 4172 4176 4180 4184 4188 4192 4196 4200 4204 4208 4212 4216 4220 4224 4228 4232 4236 4240 4244 4248 4252 4256 4260 4264 4268 4272 4276 4280 4284 4288 4292 4296 4300 4304 4308 4312 4316 4320 4324 4328 4332 4336 4340 4344 4348 4352 4356 4360 4364 4368 4372 4376 4380 4384 4388 4392 4396 4400 4404 4408 4412 4416 4420 4424 4428 4432 4436 4440 4444 4448 4452 4456 4460 4464 4468 
</DataArray>
<DataArray type="UInt8" Name="types" format="ascii">
9 9 9 9 9 9 9 9 9 9 9 9 9 9 9 9 9 9 9 9 9 9 9 9 9 9 9 9 9 9 9 9 9 9 9 9 9 9 9 9 9 9 9 9 9 9 9 9 9 9 9 9 9 9 9 9 9 9 9 9 9 9 9 9 9 9 9 9 9 9 9 9 9 9 9 9 9 9 9 9 9 9 9 9 9 9 9 9 9 9 9 9 9 9 9 9 9 9 9 9 9 9 9 9 9 9 9 9 9 9 9 9 9 9 9 9 9 9 9 9 9 9 9 9 9 9 9 9 9 9 9 9 9 9 9 9 9 9 9 9 9 9 9 9 9 9 9 9 9 9 9 9 9 9 9 9 9 9 9 9 9 9 9 9 9 9 9 9 9 9 9 9 9 9 9 9 9 9 9 9 9 9 9 9 9 9 9 9 9 9 9 9 9 9 9 9 9 9 9 9 9 9 9 9 9 9 9 9 9 9 9 9 9 9 9 9 9 9 9 9 9 9 9 9 9 9 9 9 9 9 9 9 9 9 9 9 9 9 9 9 9 9 9 9 9 9 9 9 9 9 9 9 9 9 9 9 9 9 9 9 9 9 9 9 9 9 9 9 9 9 9 9 9 9 9 9 9 9 9 9 9 9 9 9 9 9 9 9 9 9 9 9 9 9 9 9 9 9 9 9 9 9 9 9 9 9 9 9 9 9 9 9 9 9 9 9 9 9 9 9 9 9 9 9 9 9 9 9 9 9 9 9 9 9 9 9 9 9 9 9 9 9 9 9 9 9 9 9 9 9 9 9 9 9 9 9 9 9 9 9 9 9 9 9 9 9 9 9 9 9 9 9 9 9 9 9 9 9 9 9 9 9 9 9 9 9 9 9 9 9 9 9 9 9 9 9 9 9 9 9 9 9 9 9 9 9 9 9 9 9 9 9 9 9 9 9 9 9 9 9 9 9 9 9 9 9 9 9 9 9 9 9 9 9 9 9 9 9 9 9 9 9 9 9 9 9 9 9 9 9 9 9 9 9 9 9 9 9 9 9 9 9 9 9 9 9 9 9 9 9 9 9 9 9 9 9 9 9 9 9 9 9 9 9 9 9 9 9 9 9 9 9 9 9 9 9 9 9 9 9 9 9 9 9 9 9 9 9 9 9 9 9 9 9 9 9 9 9 9 9 9 9 9 9 9 9 9 9 9 9 9 9 9 9 9 9 9 9 9 9 9 9 9 9 9 9 9 9 9 9 9 9 9 9 9 9 9 9 9 9 9 9 9 9 9 9 9 9 9 9 9 9 9 9 9 9 9 9 9 9 9 9 9 9 9 9 9 9 9 9 9 9 9 9 9 9 9 9 9 9 9 9 9 9 9 9 9 9 9 9 9 9 9 9 9 9 9 9 9 9 9 9 9 9 9 9 9 9 9 9 9 9 9 9 9 9 9 9 9 9 9 9 9 9 9 9 9 9 9 9 9 9 9 9 9 9 9 9 9 9 9 9 9 9 9 9 9 9 9 9 9 9 9 9 9 9 9 9 9 9 9 9 9 9 9 9 9 9 9 9 9 9 9 9 9 9 9 9 9 9 9 9 9 9 9 9 9 9 9 9 9 9 9 9 9 9 9 9 9 9 9 9 9 9 9 9 9 9 9 9 9 9 9 9 9 9 9 9 9 9 9 9 9 9 9 9 9 9 9 9 9 9 9 9 9 9 9 9 9 9 9 9 9 9 9 9 9 9 9 9 9 9 9 9 9 9 9 9 9 9 9 9 9 9 9 9 9 9 9 9 9 9 9 9 9 9 9 9 9 9 9 9 9 9 9 9 9 9 9 9 9 9 9 9 9 9 9 9 9 9 9 9 9 9 9 9 9 9 9 9 9 9 9 9 9 9 9 9 9 9 9 9 9 9 9 9 9 9 9 9 9 9 9 9 9 9 9 9 9 9 9 9 9 9 9 9 9 9 9 9 9 9 9 9 9 9 9 9 9 9 9 9 9 9 9 9 9 9 9 9 9 9 9 9 9 9 9 9 9 9 9 9 9 9 9 9 9 9 9 9 9 9 9 9 9 9 9 9 9 9 9 9 9 9 9 9 9 9 9 9 9 9 9 9 9 9 9 9 9 9 9 9 9 9 9 9 9 9 9 9 9 9 9 9 9 9 9 9 9 9 9 9 9 9 9 9 9 9 9 9 9 9 9 9 9 9 9 9 9 9 9 9 9 9 9 9 9 9 9 9 9 9 9 9 9 9 9 9 9 9 9 9 9 9 9 9 9 9 9 9 9 9 9 9 9 9 9 9 9 9 9 9 9 9 9 9 9 9 9 9 9 9 9 9 9 9 9 9 9 9 9 9 9 9 9 9 9 9 9 9 9 9 9 9 9 9 9 9 9 9 9 9 9 9 9 9 9 9 9 9 9 9 9 9 9 9 9 9 9 9 9 9 9 9 9 9 9 9 9 9 9 9 9 9 9 9 9 9 9 9 9 9 9 9 9 9 9 9 9 9 9 9 9 9 9 9 9 
</DataArray>
</Cells>
<PointData>
<DataArray type="Float64" Name="phi" NumberOfComponents="1" format="ascii">
0.6495727233428783 
0.6625799319782876 
0.6747509941982919 
0.6845971788413827 
0.6921462903491886 
0.6979065840113768 
0.7505839878638646 
0.7634206450832892 
0.7742058620933189 
0.7818704579665623 
0.7874065913542763 
0.791589333222196 
0.8668322369548324 
0.8773874258136445 
0.8836555192016494 
0.8879892992648599 
0.8909562687411027 
0.8934166927411022 
1 
0.9935526947824466 
0.9954356745116766 
0.9954638162173947 
0.9957891746142844 
0.9960368826723892 
1 
0.99357696630054 
0.9954641606168266 
0.995499740368471 
0.9958313480157371 
0.9960838209763306 
0.8669842502493844 
0.8776035593920158 
0.8839447152528763 
0.8883537595173403 
0.8914007663119197 
0.8939366595963084 
0.7508637030177598 
0.7637660128497654 
0.7746191469793873 
0.7823671269911909 
0.7880144388427429 
0.7923234657042941 
0.6499864822267321 
0.6630390882060991 
0.6752323038505417 
0.6851272946066589 
0.6927977909590731 
0.6987623543697075 
0.9970893779828689 
0.9180330026057998 
0.8282001285547187 
0.7398419673320753 
0.7378955667034403 
0.7352839079790007 
0.7323899144743017 
0.7298181714287405 
0.728033250783565 
0.7266007194139683 
0.7245228153304194 
0.7226609667457387 
0.7213328980269886 
0.720352184750331 
0.7193529123610233 
0.7180813594344628 
0.716318910358651 
0.7144400333690443 
0.7124341970743543 
0.7100977677690647 
0.7071796492879842 
0.7034856576796952 
0.7404520303316423 
0.7311724541950958 
0.9964139618156196 
0.911121759922257 
0.7298056839867437 
0.7312454896772116 
0.7113810649993356 
0.7196845670114077 
0.81958157937114 
0.7302925981871946 
0.7314356719168714 
0.7210280205831733 
0.7133913228707672 
0.7024417491919575 
0.7060477317110149 
0.7089594383345478 
0.7150852557676716 
0.7164964658377717 
0.7176834896695321 
0.7186494895968749 
0.7225839708472255 
0.724269220595028 
0.7260544653138884 
0.7279544081533701 
0.7953004165467142 
0.8951607851431033 
0.9961050477877691 
0.9960525355620227 
0.8945756893425559 
0.7944534320125404 
0.7976860261930477 
0.8962915216480667 
0.9961414229609782 
0.996084960701762 
0.8956604579429722 
0.7967658842696904 
0.7996083352085559 
0.897219741501637 
0.9961690450023248 
0.9961091293745157 
0.8965548195058042 
0.7986599239933876 
0.8011801103767866 
0.8979841122219416 
0.996192672781361 
0.9961285612535744 
0.8972805096979751 
0.8002137759765903 
0.8025193297340111 
0.8986288182087053 
0.9962128658736721 
0.9961432764173208 
0.8978683681759698 
0.8014960618810818 
0.8036985126319977 
0.8991717424693516 
0.9962298470105139 
0.9961543077330168 
0.8983422814745794 
0.8025545704812297 
0.8047147143650345 
0.8996340860339235 
0.9962445503313886 
0.996162740379641 
0.8987308915416838 
0.8034352317845739 
0.8055823650329851 
0.9000553328925821 
0.9962587308309103 
0.9961707966854929 
0.8990817892335267 
0.8041857142683462 
0.8063463046213197 
0.9004956538392583 
0.9962748394418719 
0.9961823582544646 
0.8994744632578007 
0.8049014579768049 
0.8071727459620593 
0.9010448826897275 
0.996296178670383 
0.9962011193819998 
0.8999975260565631 
0.8057143926622955 
0.8082425834800359 
0.9017920260734296 
0.9963254114859917 
0.9962306123880884 
0.9007337341934557 
0.8067413982346541 
0.8096220707662168 
0.9027896192869284 
0.9963652701415712 
0.9962736024372059 
0.9017417501037833 
0.8080410033073213 
0.8112403376545968 
0.9040856816234164 
0.9964200684997787 
0.9963251249571551 
0.9030010314940177 
0.8095896315519576 
0.8131358180371041 
0.9057733583887857 
0.996502346387602 
0.9963769622443052 
0.904423122913368 
0.8113197556236238 
0.8153558551394365 
0.9077992832791277 
0.9966076372825627 
0.9964144533402283 
0.905837940941938 
0.8130956605708022 
0.817948545488101 
0.9100958740902581 
0.9967375003769113 
0.9964350760332594 
0.9070925738300687 
0.8146946812526522 
0.8207373214852446 
0.91239837289416 
0.9968700620527674 
0.9964290547210204 
0.9080446677082583 
0.8159242775538765 
0.8234664974947661 
0.9145652361406317 
0.99697876232854 
0.9964412349264072 
0.9090567123012716 
0.8168043846986839 
0.8260613817019895 
0.9167232593609748 
0.9970826353236604 
0.9964352109263724 
0.9101802891178933 
0.8180721341989333 
1 
1 
1 
1 
1 
1 
1 
1 
1 
1 
1 
1 
1 
1 
1 
1 
1 
1 
1 
1 
1 
1 
1 
1 
1 
1 
1 
1 
1 
1 
1 
1 
1 
1 
1 
1 
1 
1 
1 
1 
1 
1 
1 
1 
0.8455229469694688 
0.7143154736223301 
0.602975389954105 
0.6061466347257933 
0.607244551550195 
0.6071153405531833 
0.607124363990458 
0.6074072301015124 
0.6059820141245659 
0.6058185009340007 
0.6064573849315689 
0.6070303992070273 
0.6075122814792293 
0.6078961626520122 
0.6083067390001913 
0.6087775102913144 
0.6093915518164914 
0.6101671089993969 
0.6111128987565391 
0.6122477642496646 
0.6137370161714659 
0.6158641556380572 
0.6188384790454223 
0.6231145720423562 
0.6292326019526466 
0.6379980978719453 
0.6159212723748629 
0.6010748217442914 
1 
1 
0.6120786646333215 
0.6383233833481302 
0.6069432846048178 
0.6026177064895019 
0.6089160768008236 
0.6077550650693021 
0.6069548946384444 
0.6137508910827437 
0.6067056780277768 
0.6067976325478788 
0.6294994107493086 
0.6074411094112345 
0.6083243323158932 
0.6079761935527392 
0.6232985828293328 
0.6097146636404581 
0.6070324926422068 
0.6068909401732121 
0.6189767016811022 
0.6107898655452434 
0.6073059771387715 
0.6072594766725387 
0.6058628642729748 
0.6017991465862973 
0.7135258768336397 
0.8451855248885806 
1 
1 
1 
1 
0.8595952596567126 
0.7402647796965691 
0.8551381737243385 
0.7330306837461901 
0.8526206482204567 
0.7283596641235758 
0.8509819526060154 
0.725247170449121 
0.8498551483594893 
0.7230851064835456 
0.8490467963355161 
0.7215307118561636 
0.8484437650370408 
0.7203688915586535 
0.8479784984569895 
0.7194632320917314 
0.8476139610095341 
0.7187492352471139 
0.8473327203478509 
0.7181965195688439 
0.8471240641399995 
0.7177952235485078 
0.846972418631197 
0.7175182486910374 
0.8468533052337351 
0.7173067830011725 
0.8467479038289821 
0.7170957343392511 
0.8466586508181141 
0.7169017787655183 
0.8465970864437991 
0.7167878335080732 
0.8465607908921731 
0.716734529435635 
0.8465413074455925 
0.716687957345555 
0.8465433997943967 
0.7166813386428631 
0.84656263692995 
0.7167624386181525 
0.8465366203399061 
0.7168154561405469 
0.8463347304056397 
0.7165282120729012 
0.8459018257013392 
0.7154952896444834 
0.8454066446186336 
0.7141894982079923 
0.7400439741016165 
0.8594839396452749 
0.7328600580478712 
0.855053094695954 
0.7282327629401592 
0.8525580257482352 
0.7251637510568036 
0.8509408167963172 
0.7230449942008199 
0.8498381108118499 
0.7215524555089136 
0.8490608216357536 
0.7204748827894608 
0.8484969469011048 
0.7196619439012928 
0.8480717692964568 
0.7190132245802744 
0.8477371295499849 
0.7184850583247463 
0.847466933235865 
0.7180605788398887 
0.8472476612870222 
0.7177164286747838 
0.8470671679870584 
0.7174201596218975 
0.8469095403505078 
0.7171295651771292 
0.8467574090063803 
0.7168135730710222 
0.8466002129486691 
0.7164769595124312 
0.8464556457836431 
0.7162644616309536 
0.8463835199526846 
0.7164069817737911 
0.8464221330262583 
0.7167105787910105 
0.8465219575170463 
0.7168679617404276 
0.8465878802179089 
0.7168252142117888 
0.8465641305285706 
0.7165903049794423 
0.8463968970325926 
0.7158057116281774 
0.8460656494054906 
0.714817097382198 
0.8456903295595396 
0.2745840077807457 
0.2555943240355142 
0.2447954535459871 
0.2391870423934395 
0.2366989108089128 
0.2193655629550332 
0.1881925562358749 
0.1550945250910668 
0.1219896605833681 
0.09103923835325917 
0.06258295680095005 
0.04349517244073341 
0.03005131107348879 
0.02213772814723014 
0.01790210072525744 
0.01636034692770424 
0.01586647214050508 
0.01753048118147299 
0.0232270775232398 
0.03428630510791157 
0.05345584378716323 
0.08550456757211657 
0.1383485106088797 
0.225130676457325 
0.3694196974372805 
0.01578072188033761 
0.560793372239081 
0.2359908842368791 
0.4386094486167627 
0.358105102000592 
0.3064942333071355 
0.5771204212364737 
0.5563108095885477 
0.545003748610577 
0.5671861982398951 
0.5870962766167585 
0.5022041026097035 
0.4933837158433166 
0.4825413828821699 
0.4798136362818179 
0.4805447793442587 
0.4830215524795827 
0.5227105310789421 
0.5144128982147259 
0.5085059491269445 
0.533258781475471 
0.5042625725463366 
0.4976854304672549 
0.4866618013543209 
0.4818581475549334 
0.4758385193295641 
0.490387840849182 
0.4904466253019182 
0.4960651904710788 
0.4745973165761514 
0.4376533113129952 
0.6284897660230083 
0.6083171859899527 
0.608917379053713 
0.6101713050906218 
0.6099896852031982 
0.5970806354101568 
0.6061521448598957 
0.6398268756517992 
0.6219702090017639 
0.6226084779768933 
0.626866505668929 
0.6128398137002903 
0.4761635234249503 
0.4683652434302957 
0.4591148767914429 
0.4853828981169382 
0.4457678758265231 
0.4955484514831139 
0.4765051609126615 
0.4964794579518274 
0.4903600958980055 
0.3791169470279173 
0.376474575187086 
0.3877530996407268 
0.4214753932673956 
0.3995086743140696 
0.4141374053458718 
0.402188574165371 
0.395119212480622 
0.4075138766772367 
0.3876322233727086 
0.3800526027673182 
0.3914498223132096 
0.390942615397174 
0.3672666058289538 
0.3768249628613333 
0.4318931582866481 
0.6342272904138474 
0.667980786075636 
0.6191971696457924 
0.5245673535919492 
0.5195292881800724 
0.5280916690524604 
0.5119771185071736 
0.5609772940316209 
0.6297266919819758 
0.5144750546877587 
0.5253600375063551 
0.6376979009456797 
0.5451689221266929 
0.5354396938059994 
0.6029751004625631 
0.5073309036046739 
0.3619021566495229 
0.3978506092860488 
0.5370501665700574 
0.406843386422928 
0.395837971384687 
0.3981926594738808 
0.3917022599358145 
0.418554271883028 
0.3745373756276079 
0.3158072833500258 
0.292456505700589 
0.3088812640513648 
0.3091834083645953 
0.342785723477684 
0.3354761425258816 
0.3277205701751792 
0.2994583408312658 
0.2924972068810057 
0.3333173528044039 
0.3116990564407271 
0.303775403466726 
0.4210046886252334 
0.3556942028553839 
0.4429131632060561 
0.4497920804159505 
0.4577124637602777 
0.4348280118897413 
0.4263561402763829 
0.4117102483143133 
0.4613352947842384 
0.4674856075249714 
0.5310578016865545 
0.5473700762481803 
0.513361934643519 
0.5539526501930925 
0.3587269156095798 
0.3868437744476069 
0.3332552347411372 
0.3456883844476776 
0.2543940418255567 
0.3616371039880653 
0.2468012124584575 
0.2772583226355313 
0.3859511085515245 
0.366649057646318 
0.2918461433522737 
0.3522241139665785 
0.4617942130331977 
0.4540782599796823 
0.5347594533164375 
0.3074367093988907 
0.2731145845923727 
0.4668998810126445 
0.300675299075114 
0.3067673644236288 
0.374112453891921 
0.4366484556633328 
0.4626730424540373 
0.3836169024402506 
0.3154119333480753 
0.2163003806196825 
0.3266852477310162 
0.3955961249319234 
0.2283736456398789 
0.2124608976916739 
0.2144280745947464 
0.1967078337701383 
0.2867820077017367 
0.2304559672871959 
0.2243705511355356 
0.3007246018712991 
0.3083817565452104 
0.2196122299486371 
0.3202292318698013 
0.2401238044740054 
0.2551647633799711 
0.3608212723871221 
0.3104561868671022 
0.2771128495759165 
0.221631133628283 
0.3680006637313475 
0.185507682164489 
0.2500386142400476 
0.1831619265683447 
0.1989763679315851 
0.1691752669766162 
0.2597157048512008 
0.2888216215034931 
0.2135992953947739 
0.2253306777593547 
0.3275858468447631 
0.1519727055135888 
0.149810802927391 
0.1589309997289226 
0.2494420515849003 
0.2505557625566111 
0.2711478083211516 
0.229027301080835 
0.2336361602853226 
0.2806912697751012 
0.3165726997757073 
0.2543027231445741 
0.3432972890998152 
0.03573266778963453 
0.02387704716469478 
0.01770993986556168 
0.05559316823714163 
0.08744106344557299 
0.1646392005162913 
0.2831397131502824 
0.2346179681967254 
0.1479434355370059 
0.1882348536153506 
0.2365499879561205 
0.1420619495877416 
0.1610397773108447 
0.3151283231109538 
0.2171004396853772 
0.1506295501909035 
0.1145462438215212 
0.1262625749542841 
0.2140246338156002 
0.2113388784013593 
0.2574213160951955 
0.2878091889675252 
0.2326235233646884 
0.2144719337869467 
0.1399467373512847 
0.02617838783650199 
0.03977231342102099 
0.1380180128681037 
0.06110236576042548 
0.1495425606909146 
0.4298758797220169 
0.3268093323220353 
0.153807593537294 
0.2741254254817613 
0.2028266117331865 
0.1046335233280599 
0.1036936684074725 
0.2065243513709409 
0.1739917474950959 
0.2995067381197452 
0.1546076584438311 
0.2178096114702921 
0.103746645939397 
0.1884369714490324 
0.1052959330837802 
0.2369265718848397 
0.2642079959956389 
0.1300391924170647 
0.2103824311191274 
0.118533469183317 
0.07045661785551822 
0.047408388510251 
0.2483049800170625 
0.1652235585536204 
0.138886611847814 
0.08458003375866791 
0.06876182537510245 
0.09326628650893551 
0.1658639775741513 
0.1046588497769303 
0.1922877161482211 
0.2202117726068324 
0.2141153846177277 
0.06003149187899059 
0.03171245018216767 
0.2197820334281396 
0.08482779411275367 
0.1028721212546453 
0.1300929517009378 
0.1302899093419141 
0.1548106858149435 
0.1096221376485453 
0.2032991284059728 
0.07856485801431286 
0.1878986837726337 
0.1897345874535585 
0.04330850306939388 
0.08641023485024277 
0.0609921027498387 
0.09964078864115695 
0.1379645499686638 
0.1941461811601435 
0.1956096765310255 
0.1915974063157642 
0.1623566807800199 
0.02166548843304606 
0.1003554822037819 
0.0855205005818325 
0.157224199018249 
0.1724635836144023 
0.1071240680398972 
0.03392975107934669 
0.1213367508010885 
0.07388430709134637 
0.05086172287972868 
0.07651881261014354 
0.04678174446077867 
0.06868979331276553 
0.100944083430432 
0.08244659469137475 
0.1402023208432836 
0.07459182958762764 
0.05896865122561358 
0.1633026650625093 
0.03699458587654575 
0.1762962894259113 
0.1269613679808302 
0.01878469950939473 
0.02460995046478629 
0.05600865388983682 
0.03112674305286718 
0.03254062863579772 
0.05522206249813153 
0.623007526058192 
0.4994347531492174 
0.2190736257315728 
0.04213031508688726 
0.046235784594711 
0.5693192019882116 
0.5410442309496107 
0.6364957267472662 
0.4215386974178572 
0.4108519086695891 
0.3803229985022695 
0.04552029593174416 
0.3935211516833452 
0.1307529897527547 
0.2433296319797107 
0.4099032893559867 
0.4518493035631564 
0.4767908773319151 
0.3864968934899227 
0.2441402657629987 
0.3113241513622209 
0.1131441677612946 
0.1297612823810313 
0.1757108897877348 
0.2114484276412705 
0.2198801365276312 
0.2271690514883979 
0.2154009622021518 
0.2469245942629606 
0.1684665242414587 
0.1824669986586604 
0.2371988444992802 
0.2819882696358849 
0.3557042877234651 
0.2745122417639218 
0.268375497300252 
0.378903552334917 
0.3395879177558322 
0.1904849317649615 
0.2256689768421824 
0.4005741242602174 
0.3164153172250982 
0.3334951962318581 
0.3359778650599461 
0.3602738373164335 
0.2372451125347025 
0.2595173049517751 
0.2728544355926072 
0.2704662178707579 
0.3186584063646793 
0.3320404164247047 
0.5418629890609966 
0.3877632381627167 
0.09061717606037779 
0.1886689202209844 
0.04469654146446839 
0.2617591585908864 
0.02979916500027755 
0.06361197180797945 
0.1544293881734003 
0.1216086092472445 
0.01819030844685319 
0.3356927800294368 
0.03034511072737072 
0.02179703946836074 
0.01726388833399855 
0.2362291994012689 
0.01587617083126992 
0.2353072309826611 
0.2396473861404799 
0.01589706535610954 
0.02217805811744171 
0.2486919844124917 
0.1610212281390884 
0.104192300588131 
0.06773776950780039 
0.01633773539663598 
0.2887236197016653 
0.2194159121753915 
0.04307458454881005 
0.4144097387187067 
0.2471142667052665 
0.5900398982679613 
0.5673557056074378 
0.5529626843638586 
0.5793757996571866 
0.5976559367621989 
0.5010328876447068 
0.5031724052871155 
0.5051417171629226 
0.5070523420676522 
0.502824719582329 
0.5001086118174589 
0.526751761069513 
0.5083709789358577 
0.5156422902240847 
0.5384444350011618 
0.4994654372838662 
0.502130300931426 
0.5010360992198823 
0.5241199738887244 
0.4610183493568491 
0.4715527412033914 
0.4908420632561363 
0.4967861664056974 
0.5069077455061528 
0.3822090116729875 
0.6173252451067212 
0.618598014841286 
0.6478088709827722 
0.6536910037441374 
0.6079080773538476 
0.6148049896716962 
0.6171350237373455 
0.6187643768148967 
0.6033173571015006 
0.6110963134867708 
0.618241578298045 
0.611913332803502 
0.6084288183539015 
0.6289745720415484 
0.6389358817199172 
0.6548511299405014 
0.6318132346041875 
0.5948099166133727 
0.5009929818572543 
0.4876331500600611 
0.4731962900642892 
0.5099030564063682 
0.4588434379159479 
0.5150579369316171 
0.507483533377165 
0.4536373333613721 
0.4810638499071546 
0.4163746003646392 
0.4144590999949992 
0.4212112235970558 
0.4912264990529423 
0.4009877488378241 
0.4317520946557171 
0.4196030230908239 
0.4031012569082656 
0.4016484010722978 
0.4100640196707276 
0.4087777205423129 
0.4223085362153399 
0.4117437694832665 
0.348235835223895 
0.4039695061197875 
0.4436470968843479 
0.5710048812271454 
0.5925424002844699 
0.5320429841531571 
0.5327896890714853 
0.5283311929773528 
0.5235277729037753 
0.5352138287992465 
0.5513554459623389 
0.5804438730187634 
0.5330731012209492 
0.5240636178564719 
0.520683000973342 
0.503604436096271 
0.5655180362775175 
0.5263991342803113 
0.5177959034158812 
0.5315529216887929 
0.4107169414840767 
0.4248366193615238 
0.3917392928384145 
0.4085120343768769 
0.3808593995434558 
0.4332258349797017 
0.3624311076696781 
0.3384667177265154 
0.3397358663899643 
0.3494626217814993 
0.320948123495035 
0.3165253950304039 
0.3373315513605039 
0.3248486395942239 
0.3305226926993101 
0.3176308353540089 
0.363659264788062 
0.3403499588109495 
0.3273869281102252 
0.4362465412581199 
0.3521681373196888 
0.4472162990410591 
0.440073988362542 
0.4546115059051425 
0.4590804233423774 
0.4369314803587249 
0.4601808121638949 
0.4517718518687895 
0.426776217906894 
0.4852392066272348 
0.4451161933018865 
0.4366792282544504 
0.3673921916394008 
0.3756162780878088 
0.3384442991410915 
0.3102794123560414 
0.4723678377061997 
0.4472551207747058 
0.3671762475159054 
0.3136033427647754 
0.2922281255382326 
0.2644483423529772 
0.2576341066010074 
0.2575713727608395 
0.2594514617081156 
0.377528832191809 
0.3616180756484856 
0.3640864274528445 
0.2832328750553922 
0.3662011363392569 
0.3111712510279908 
0.2720782893246155 
0.3928767814387372 
0.2383086107411153 
0.3755058925331442 
0.3509362916793369 
0.2089099568417224 
0.2599474487333862 
0.2361409689499098 
0.3034544827806416 
0.3003187847369965 
0.3633194970199948 
0.2427807044280462 
0.2407988168932675 
0.3923657879939481 
0.366863964082203 
0.3118546377694924 
0.2003918023947398 
0.3320511014109706 
0.259560281881156 
0.1864632561574755 
0.2221846336032526 
0.3584484609640687 
0.03208908475409793 
0.04735891157432848 
0.1664455318291608 
0.1084707107942443 
0.07122000886966985 
0.01757578563584222 
0.1767100702617269 
0.2405851752940814 
0.3122395741888483 
0.2966038759966361 
0.1937907296052183 
0.2036939099404548 
0.313591939621968 
0.3404571977197397 
0.3316911069966721 
0.2787381945306614 
0.2324099887458248 
0.1727764861043145 
0.1677658550773956 
0.1532225642254537 
0.1782118468276807 
0.02257821848512173 
0.03591805069513476 
0.07596207325816301 
0.1123562812443615 
0.05179004258774376 
0.3964106637193592 
0.3906106343043 
0.2598094012745851 
0.2414140249827655 
0.2294018347077459 
0.2221505630867134 
0.2883613707197124 
0.1729332692237997 
0.188600636335881 
0.2799972066303922 
0.1405077249651001 
0.2449957900978207 
0.2893255008407331 
0.1742445861086336 
0.1790848179173276 
0.352842261010453 
0.1720675149027884 
0.1646126172392262 
0.1156686389650664 
0.08076153895719713 
0.05742780607913617 
0.04184726996215118 
0.02561096088434795 
0.3919115012633835 
0.25023709698645 
0.2320952428645367 
0.2569575293789915 
0.2893601619869579 
0.33371337395364 
0.2534468141140377 
0.2488853469358083 
0.114026096221626 
0.1791963404070686 
0.1415585751478565 
0.1228495925319488 
0.1203296124444634 
0.1084965607581235 
0.1361086884305532 
0.2368501169409643 
0.1227184328135208 
0.2626729966907582 
0.1884947072061284 
0.3334701612075254 
0.0626698292274832 
0.08300895521955956 
0.0315609950588283 
0.1965094839360296 
0.2571777174693549 
0.2271538031649077 
0.1336687986309799 
0.2128998611401565 
0.2953061894610578 
0.08774072575033263 
0.07063926670807841 
0.1404622015526084 
0.08584834048792352 
0.2963162074299882 
0.2128379196239562 
0.2336430418251147 
0.1134676107972888 
0.05062527262521987 
0.1489905732285789 
0.2111645578628723 
0.08257707075714209 
0.1657525554280034 
0.1146523025345778 
0.05097515042544088 
0.06489282410794521 
0.2122794031770161 
0.1023059489163185 
0.05429945431291613 
0.02560648420007368 
0.2616837374570071 
0.1310315017151108 
0.1125960754194141 
0.1976651636669454 
0.1029010888200678 
0.1831025119637355 
0.1315919915833964 
0.02861257602188093 
0.08579867354483832 
0.04139063775712242 
0.01893387559382823 
0.1988588177279088 
0.1634470100788744 
0.1878038311447832 
0.2304702308689588 
0.03829304652823688 
0.1665274479486463 
0.02043016780797911 
0.1085379323141249 
0.07194259025520955 
0.05175672038934424 
0.195175173848286 
0.03088814764581448 
0.1360134656676497 
0.09522684957855983 
0.03177547106193334 
0.0690359435290477 
0.04731437230940023 
0.1261104679083228 
0.07288291491849035 
0.02407082702633451 
0.4551626125689082 
0.406439833806566 
0.4203102370484896 
0.4238772054246636 
0.6041095565437964 
0.3802170151127358 
0.3392051391637968 
0.1557418050318753 
0.1547490285814562 
0.3474425214132293 
0.4958933055835098 
0.03923144039822998 
0.2672402765051619 
0.5427776255948061 
0.4881871065360625 
0.2890697466689002 
0.3117008623269655 
0.449355863476138 
0.04544756302721437 
0.4806035612517302 
0.5019637051888747 
0.5255480998266058 
0.2641036331881479 
0.06493139108296321 
0.1002371092348511 
0.2330708805788071 
0.4275760488194508 
0.2209130611819066 
0.4031066175497084 
0.4060083216555496 
0.3871226366557295 
0.3729939652982109 
0.3270602517900369 
0.2676187391963781 
0.2780866113903367 
0.2964827309179859 
0.3447115830792172 
0.3242860904484653 
0.295529898144838 
0.2741489560588473 
0.2472039548269671 
0.2531792283507027 
0.1455508788843907 
0.08100537316578187 
0.2911558391022434 
0.2230373820609368 
0.1934042593080039 
0.2290044034804837 
0.2819956472316404 
0.3054369138059855 
0.3204721886152287 
0.2157312847138548 
0.210856212817475 
0.3083082801395757 
0.2189934848090854 
</DataArray>
<DataArray type="Float64" Name="displacement" NumberOfComponents="3" format="ascii">
1.914237640434854e-06 4.092758367358977e-06 0 
1.679812045607686e-06 5.25985626826454e-06 0 
1.225495468196611e-06 6.207540824907825e-06 0 
7.290061403094107e-07 6.846714200306124e-06 0 
3.211686254814593e-07 7.240618365274862e-06 0 
1.685660266030134e-08 7.497524398015381e-06 0 
2.356003651635307e-06 4.837436515339269e-06 0 
2.012972724244158e-06 7.063308974456158e-06 0 
1.070384887995868e-06 8.48076108387049e-06 0 
2.987813512871901e-07 9.196987204647378e-06 0 
-1.914985109797558e-07 9.508194902894059e-06 0 
-4.297460830853484e-07 9.677818820564353e-06 0 
4.254983694263909e-06 5.859044508312126e-06 0 
3.138096724700684e-06 1.271391051529149e-05 0 
5.445174258143153e-07 1.458105876936628e-05 0 
-8.992595449678673e-07 1.51395796239609e-05 0 
-1.118122796034787e-06 1.501509111076698e-05 0 
-1.155065138536622e-06 1.502268614687938e-05 0 
1.30572753157223e-05 3.040768323311859e-06 0 
1.490192675369823e-05 6.023061231704603e-05 0 
-8.417928913584088e-06 5.23621115160242e-05 0 
-3.113726396980627e-06 5.114272788237594e-05 0 
-3.78320755720111e-06 5.015550805937931e-05 0 
-2.704949913909515e-06 4.864865636908098e-05 0 
1.371771449506678e-05 0.007770788718020128 0 
1.554130027870556e-05 0.00771340688333527 0 
-7.837215783608753e-06 0.007721231118983906 0 
-2.520629380997963e-06 0.007722396457446209 0 
-3.197503733791089e-06 0.007723317443355152 0 
-2.1173603741722e-06 0.007724767055021167 0 
4.928955003544352e-06 0.007767968399009191 0 
3.804775137476453e-06 0.007761088860496896 0 
1.199097523053126e-06 0.007759210244340048 0 
-2.533121465138019e-07 0.007758644588605673 0 
-4.771545207431999e-07 0.007758757369688936 0 
-5.151009032528799e-07 0.007758732542361632 0 
3.028572046387017e-06 0.007768992099381968 0 
2.68094656832772e-06 0.007766758136372766 0 
1.732559993522527e-06 0.0077653369325438 0 
9.575848225348725e-07 0.00776461855261339 0 
4.651624175908704e-07 0.007764300975078432 0 
2.257497661088652e-07 0.007764118769963242 0 
2.590589553857874e-06 0.00776974183184945 0 
2.342413438124628e-06 0.007768569252956557 0 
1.88389437861625e-06 0.007767617063612445 0 
1.390937411907272e-06 0.00776697658587368 0 
9.878288892453397e-07 0.007766579361722995 0 
6.838059008842302e-07 0.007766312915997691 0 
-8.808714742908607e-05 0.007691118513573757 0 
-2.674539195441376e-05 0.007743671852759978 0 
-1.414794913732835e-05 0.007754829849300096 0 
-8.228478526852585e-06 0.007762256762811224 0 
-7.416616390004705e-06 0.007763582146439187 0 
-6.486766363371332e-06 0.007764135482988083 0 
-5.556484282022096e-06 0.007764413965207879 0 
-4.746651716126671e-06 0.007764570690389922 0 
-4.042344687227605e-06 0.007764620666843007 0 
-3.400270738283169e-06 0.007764640306207302 0 
-2.833635419982724e-06 0.007764757560538928 0 
-2.357830412893857e-06 0.007764865549589836 0 
-1.946715849740593e-06 0.007764940866391767 0 
-1.574370742657961e-06 0.007765007471063404 0 
-1.229434735533006e-06 0.007765078673602816 0 
-9.16078690585383e-07 0.007765174770163143 0 
-6.397578788271076e-07 0.007765324829174738 0 
-3.993193263810347e-07 0.007765470326918199 0 
-1.801810414542155e-07 0.007765607784230188 0 
2.876315211490292e-08 0.007765753452854779 0 
2.342247480013898e-07 0.007765915534325615 0 
4.454129453195187e-07 0.007766098740259023 0 
-9.197440178699663e-06 0.007759571351286174 0 
-7.097395274616874e-06 9.695802085627038e-06 0 
-8.016473688737845e-05 7.319476941360167e-05 0 
-2.54162258917348e-05 2.825454690241397e-05 0 
-6.195665028198441e-06 9.439839586180246e-06 0 
-9.32182653914772e-06 1.361306752389569e-05 0 
-8.391046737955089e-07 8.204400931246983e-06 0 
-2.591114565613808e-06 8.860556558130835e-06 0 
-1.39445025602907e-05 1.808503178501242e-05 0 
-8.480751507888517e-06 1.128109050631783e-05 0 
-7.899686396169554e-06 1.017901345464102e-05 0 
-3.000275143007728e-06 8.944130724947183e-06 0 
-1.068001113106293e-06 8.350112336983523e-06 0 
-2.174045492737152e-07 7.700967552314207e-06 0 
-4.241873930923407e-07 7.88168697172251e-06 0 
-6.26850353324126e-07 8.048113067042137e-06 0 
-1.317529566390338e-06 8.485871249152844e-06 0 
-1.591935855896764e-06 8.607308957243186e-06 0 
-1.895404045711472e-06 8.711816489030917e-06 0 
-2.227380109291965e-06 8.790839195794284e-06 0 
-3.470520934658618e-06 9.02013431173167e-06 0 
-4.012259949012915e-06 9.089249382245745e-06 0 
-4.635653210799059e-06 9.165624767101196e-06 0 
-5.35811509027089e-06 9.271942366768473e-06 0 
6.616000721362961e-08 0.00776393628941266 0 
-4.49585583938534e-07 0.007758595100024248 0 
-1.289106014722749e-06 0.007724251536808756 0 
-1.887595075502459e-06 4.909784603054661e-05 0 
-1.094216247006509e-06 1.514281372577036e-05 0 
-5.90007735907718e-07 9.847921067089794e-06 0 
-8.051113871637618e-08 0.007763754195501955 0 
-4.913782049249101e-07 0.007758374216937599 0 
-1.272166016437524e-06 0.007723815705369554 0 
-1.887796708812391e-06 4.948817338310161e-05 0 
-1.142817721174658e-06 1.535496672059645e-05 0 
-7.384217484008814e-07 1.002590199207639e-05 0 
-2.449451462151136e-07 0.00776358094206066 0 
-6.007117588269523e-07 0.007758164438476838 0 
-1.258610051736094e-06 0.007723446006258907 0 
-1.883840389940048e-06 4.982892225898889e-05 0 
-1.257846950947774e-06 1.556697823229347e-05 0 
-9.055203961079027e-07 1.020438231251169e-05 0 
-4.314445396729704e-07 0.00776342170765281 0 
-7.500286714255046e-07 0.007757972410071168 0 
-1.323443188539318e-06 0.00772310762856339 0 
-1.941443265798991e-06 5.013790168647672e-05 0 
-1.407270662134739e-06 1.576574621700548e-05 0 
-1.094524798017995e-06 1.037512386228125e-05 0 
-6.437502779375168e-07 0.007763266122018465 0 
-9.388165929794972e-07 0.007757782529641683 0 
-1.446864367263763e-06 0.007722782308036765 0 
-2.045988785993367e-06 5.041428449852354e-05 0 
-1.588926575676071e-06 1.595337033228321e-05 0 
-1.3064347171785e-06 1.053629102152569e-05 0 
-8.854406159344899e-07 0.007763100447267851 0 
-1.162165186543461e-06 0.007757585938903895 0 
-1.617681769798623e-06 0.007722458117365642 0 
-2.201153023302128e-06 5.066764249983249e-05 0 
-1.804842232142529e-06 1.612920779010663e-05 0 
-1.54470533729386e-06 1.068702784872542e-05 0 
-1.153624554565192e-06 0.007762938391665267 0 
-1.418919107016981e-06 0.007757397629818229 0 
-1.839102889697233e-06 0.007722150284033715 0 
-2.422617686899933e-06 5.089562164742338e-05 0 
-2.061758748397045e-06 1.628919525638124e-05 0 
-1.813884262679718e-06 1.082340017695526e-05 0 
-1.459186743716165e-06 0.007762819814289786 0 
-1.724849918201151e-06 0.007757246913443218 0 
-2.143737486509193e-06 0.00772188809428133 0 
-2.740628795375519e-06 5.108972951022847e-05 0 
-2.37125561290544e-06 1.642585557910395e-05 0 
-2.119081302463002e-06 1.093906108513668e-05 0 
-1.817481653803725e-06 0.007762736187276199 0 
-2.105160987651823e-06 0.007757136612806638 0 
-2.578988494610189e-06 0.007721691682502333 0 
-3.185766307090023e-06 5.124382842152806e-05 0 
-2.748776544003813e-06 1.653595514879381e-05 0 
-2.469443657197036e-06 1.102926479909331e-05 0 
-2.23379674828443e-06 0.007762663313901462 0 
-2.575097025260244e-06 0.00775704665219218 0 
-3.170817487987715e-06 0.007721550153382746 0 
-3.771367190415104e-06 5.135991498489208e-05 0 
-3.205348469131357e-06 1.662900812214914e-05 0 
-2.875926167484303e-06 1.110928434091457e-05 0 
-2.716084264019071e-06 0.007762578142659235 0 
-3.135529932072151e-06 0.007756953712885857 0 
-3.909077555908929e-06 0.007721445210559614 0 
-4.490511224807535e-06 5.144169473063751e-05 0 
-3.742155719435045e-06 1.671388020948673e-05 0 
-3.342281802466033e-06 1.119444190122636e-05 0 
-3.269154976423887e-06 0.007762465800451931 0 
-3.775199449392708e-06 0.007756855880862265 0 
-4.766625609177315e-06 0.007721387074078978 0 
-5.311174997022784e-06 5.147807813532296e-05 0 
-4.361469928632698e-06 1.678425226560774e-05 0 
-3.876154938193793e-06 1.127300174661645e-05 0 
-3.88881809038147e-06 0.007762368005259967 0 
-4.498963732893213e-06 0.007756785904757075 0 
-5.77314128839926e-06 0.007721356080697985 0 
-6.216215671963823e-06 5.145289578864222e-05 0 
-5.078538847922453e-06 1.683671492281864e-05 0 
-4.496058457279039e-06 1.134115756971434e-05 0 
-4.613716298698736e-06 0.00776234247195794 0 
-5.359349686159063e-06 0.007756758887000629 0 
-6.960267701493407e-06 0.007721305739397098 0 
-7.183545986296437e-06 5.128797513791962e-05 0 
-5.920338464621895e-06 1.688180984234885e-05 0 
-5.225713741651079e-06 1.141289508077176e-05 0 
-5.50461480078421e-06 0.007762294341979239 0 
-6.440477288314811e-06 0.00775668496551573 0 
-8.405077660294736e-06 0.007721008981834924 0 
-8.275483743601638e-06 5.106652022910316e-05 0 
-6.936572058286302e-06 1.695104847553045e-05 0 
-6.098549793063423e-06 1.151345315245402e-05 0 
-6.608896829824745e-06 0.007762140693384743 0 
-7.856012274601089e-06 0.007756469212950826 0 
-1.020253328384802e-05 0.007720357454244338 0 
-9.656291345654784e-06 5.07592473820967e-05 0 
-8.23734816397786e-06 1.706433004233161e-05 0 
-7.157656660972017e-06 1.165477900830607e-05 0 
-8.01384803686992e-06 0.007761880992312954 0 
-9.876991254584503e-06 0.007756079808768799 0 
-1.277352841779067e-05 0.00771906583093266 0 
-1.195258395558321e-05 5.07474830783502e-05 0 
-1.009375081927974e-05 1.72327560548009e-05 0 
-8.465638419970036e-06 1.182985119042058e-05 0 
-9.788807354144812e-06 0.00776150968169349 0 
-1.321184941514124e-05 0.007755520998545502 0 
-1.754331277000145e-05 0.007717317035746439 0 
-1.648350358333761e-05 5.09943554786287e-05 0 
-1.317433923824697e-05 1.747274897883126e-05 0 
-1.004800565719458e-05 1.204428533870005e-05 0 
-1.155255819902478e-05 0.007760255440111359 0 
-1.908568523979065e-05 0.007754890735136044 0 
-3.28200506878308e-05 0.007713543931241074 0 
-3.17771120038736e-05 5.41746907465352e-05 0 
-1.854912221049721e-05 1.786777126242099e-05 0 
-1.158239242244292e-05 1.308367716577906e-05 0 
2.512721077408796e-06 0.007773870762238011 0 
2.501103495848675e-06 0.007773819423153676 0 
2.485399248863879e-06 0.007773766880342132 0 
2.465226752599562e-06 0.007773712549538687 0 
2.440239068907668e-06 0.007773655888819822 0 
2.410525183359431e-06 0.007773596165890198 0 
2.375951064512006e-06 0.007773532242858761 0 
2.336427299003769e-06 0.007773463423595386 0 
2.291986235130418e-06 0.007773388833296319 0 
2.242781459514384e-06 0.007773307105894322 0 
2.189202046092186e-06 0.007773216766902303 0 
2.13207966504807e-06 0.00777311585909867 0 
2.072364386171929e-06 0.007773002317060254 0 
2.011677490209878e-06 0.007772872946996664 0 
1.952154350370881e-06 0.007772722806379925 0 
1.897410540219024e-06 0.007772543078951429 0 
1.855440419860663e-06 0.007772322600458492 0 
1.845489618000183e-06 0.007772036250971416 0 
2.019869418398197e-06 0.007771722932353947 0 
2.615459303379938e-06 0.007770681446495303 0 
1.946961126333154e-06 3.15035761167076e-06 0 
1.345838884677012e-06 2.111276778506933e-06 0 
1.169922709815014e-06 1.79926256740081e-06 0 
1.179037273191328e-06 1.513632888487668e-06 0 
1.220607956055024e-06 1.293717581458717e-06 0 
1.275397884668653e-06 1.113673803022253e-06 0 
1.334992626944524e-06 9.64044110391597e-07 0 
1.395663011449006e-06 8.355822734573001e-07 0 
1.455230249234928e-06 7.227985239310758e-07 0 
1.512100520874714e-06 6.221965153927468e-07 0 
1.56539952519552e-06 5.31601378729848e-07 0 
1.614408950330045e-06 4.493968826771902e-07 0 
1.658778875580113e-06 3.742836390217685e-07 0 
1.698320558874171e-06 3.049380516933585e-07 0 
1.73297311756604e-06 2.403911318511834e-07 0 
1.762817569641767e-06 1.798777008723663e-07 0 
1.788117768571546e-06 1.229886291597819e-07 0 
1.80839075231261e-06 6.897886409237178e-08 0 
1.824041275911515e-06 1.640979256538866e-08 0 
1.835639785381415e-06 -3.497942463196485e-08 0 
1.843665976795446e-06 -8.572323605664008e-08 0 
1.848606684472427e-06 -1.364228531592749e-07 0 
1.851091968035682e-06 -1.875584479077804e-07 0 
1.852033751889763e-06 -2.390889252032489e-07 0 
1.895800188483365e-06 -2.909067450143911e-07 0 
1.938806734866603e-06 -2.908311023653999e-07 0 
1.98201163997498e-06 -2.398085510559818e-07 0 
1.982068307204739e-06 -1.911528225480471e-07 0 
1.980356016543306e-06 -1.44825835593939e-07 0 
1.976758015338054e-06 -1.000585031813767e-07 0 
1.970894468128658e-06 -5.62439706951577e-08 0 
1.96236517733432e-06 -1.236798183640887e-08 0 
1.951367781068633e-06 3.183952163631356e-08 0 
1.937728821752842e-06 7.644582633046071e-08 0 
1.921197491949573e-06 1.242064066797821e-07 0 
1.90124968293227e-06 1.751409216496498e-07 0 
1.878065284540859e-06 2.301237852096105e-07 0 
1.851905040268599e-06 2.902465288339057e-07 0 
1.823148993557463e-06 3.567812804661493e-07 0 
1.792285742082139e-06 4.313643368390449e-07 0 
1.759999577398245e-06 5.158062779794517e-07 0 
1.727186581594443e-06 6.12372587458515e-07 0 
1.695210155662666e-06 7.244246394091338e-07 0 
1.666175218153069e-06 8.570661153569434e-07 0 
1.642850975257772e-06 1.017654280418546e-06 0 
1.630078800321794e-06 1.218829139637545e-06 0 
1.643580675135049e-06 1.480335604136515e-06 0 
1.69544348989863e-06 1.832626221461621e-06 0 
1.79466218122134e-06 2.338816289989141e-06 0 
1.901774330307915e-06 3.076582580455576e-06 0 
2.30750053629225e-06 0.007772618125654234 0 
2.658335779643302e-06 0.007774126002057838 0 
2.529183114158782e-06 0.007774126216270599 0 
1.852235369657158e-06 -2.908321105418102e-07 0 
2.344149230989958e-06 0.007772979715396524 0 
2.582560320414315e-06 0.007770758858089867 0 
2.647858291272534e-06 0.007773891850191729 0 
1.981612024576743e-06 -2.905989625449572e-07 0 
2.437319564564712e-06 0.007773323331436136 0 
2.528418469413592e-06 0.007773547282587051 0 
2.614483167110568e-06 0.007773758964841443 0 
2.320365222684903e-06 0.007772818563588372 0 
2.639571346293335e-06 0.007773848355563196 0 
2.628519086701591e-06 0.007773804324052551 0 
2.475316088889583e-06 0.007771496738267155 0 
2.554422013112587e-06 0.00777360687326584 0 
2.469280681213672e-06 0.007773407424894477 0 
2.499858268865758e-06 0.007773481355327937 0 
2.374467991420339e-06 0.007772002602662125 0 
2.404845360319526e-06 0.007773226418408729 0 
2.57748007212554e-06 0.007773661278214263 0 
2.597463121014947e-06 0.007773711442715497 0 
2.321196685810712e-06 0.00777235602046095 0 
2.373096825269457e-06 0.007773113443231145 0 
2.653603458503554e-06 0.00777393569160718 0 
2.657125601451618e-06 0.007773980443408252 0 
2.658798084023754e-06 0.007774026463216913 0 
2.658696598860493e-06 0.007774075266692392 0 
2.615587597815027e-06 0.007774126219808954 0 
2.572658969519061e-06 0.007774126294322359 0 
2.528981040229028e-06 0.007774074582708313 0 
2.528073637926049e-06 0.007774023083996763 0 
2.525654633562402e-06 0.007773972082206671 0 
2.520731717982874e-06 0.007773921496027189 0 
3.025477022783544e-06 0.007770602591651905 0 
2.780558000943036e-06 0.007770555260657722 0 
2.295191659361111e-06 0.007771551925792887 0 
2.42962455878213e-06 0.007771482372224831 0 
2.069922448512106e-06 0.007772033823356269 0 
2.248888856363206e-06 0.007772006255724228 0 
2.027206525990661e-06 0.007772349959464362 0 
2.184199421414195e-06 0.007772354930083148 0 
2.044922218400786e-06 0.007772583184014172 0 
2.182265654279161e-06 0.007772605523851442 0 
2.08192338513938e-06 0.00777276850419301 0 
2.205435402948745e-06 0.007772798662198011 0 
2.127290434500233e-06 0.007772920855009705 0 
2.238421170633586e-06 0.007772955379753906 0 
2.176348762217401e-06 0.007773050435865249 0 
2.276568347091464e-06 0.007773086664809554 0 
2.226110001605962e-06 0.007773162591054586 0 
2.316733808111198e-06 0.007773198908346651 0 
2.274723866540101e-06 0.007773261035830085 0 
2.356922568400981e-06 0.007773296151168571 0 
2.320802427816067e-06 0.007773348361044948 0 
2.39575341593696e-06 0.007773381384505103 0 
2.36347324884593e-06 0.007773426578432218 0 
2.432240438977266e-06 0.007773457007299946 0 
2.402304813648223e-06 0.007773497428886516 0 
2.465780310966547e-06 0.00777352500960755 0 
2.437039413511476e-06 0.007773562390558614 0 
2.49600898429356e-06 0.007773586940009154 0 
2.467528675930442e-06 0.007773622428297 0 
2.522707186919034e-06 0.007773643841885165 0 
2.493718486332511e-06 0.007773678337973926 0 
2.545732561115092e-06 0.007773696569436875 0 
2.515700930909432e-06 0.007773731339670469 0 
2.565119173173758e-06 0.007773746512211938 0 
2.533657802056491e-06 0.007773782026486233 0 
2.581017209179731e-06 0.007773794295594191 0 
2.547722863841133e-06 0.007773831170231356 0 
2.593552285111501e-06 0.007773840634734961 0 
2.558166618327109e-06 0.007773879389007198 0 
2.602899846850908e-06 0.00777388626512198 0 
2.565381913563967e-06 0.007773927375411626 0 
2.609377059035616e-06 0.007773931992392878 0 
2.5698518078153e-06 0.00777397562373488 0 
2.613351409211042e-06 0.007773978352075405 0 
2.57192865038956e-06 0.007774024692950477 0 
2.615155574822686e-06 0.007774025804791183 0 
2.572596675848396e-06 0.007774075110576395 0 
2.615664306391663e-06 0.007774075382979743 0 
2.104021306145564e-06 3.279270030054937e-06 0 
2.353544423982417e-06 3.231149845324893e-06 0 
1.751808966567074e-06 2.353550105466124e-06 0 
1.619996328454673e-06 2.283576049797914e-06 0 
1.57101794406305e-06 1.829820539614477e-06 0 
1.393228113353649e-06 1.802347223544293e-06 0 
1.506648460194527e-06 1.481646824240371e-06 0 
1.350013544974123e-06 1.486592437226049e-06 0 
1.504797578332221e-06 1.231267945753053e-06 0 
1.367623616590404e-06 1.253587808066454e-06 0 
1.527881899416793e-06 1.037561332901277e-06 0 
1.404747223013962e-06 1.067892940431724e-06 0 
1.561078009526003e-06 8.8144644703418e-07 0 
1.450303138890388e-06 9.160891782389762e-07 0 
1.599284860646462e-06 7.512805467965656e-07 0 
1.499449404854316e-06 7.875198737877956e-07 0 
1.639477271542679e-06 6.399867469709016e-07 0 
1.5491236924592e-06 6.762304325019696e-07 0 
1.679674364408296e-06 5.431176514791108e-07 0 
1.597559154863948e-06 5.781442736077863e-07 0 
1.718563297408366e-06 4.57556894042003e-07 0 
1.643477815049873e-06 4.905494623813221e-07 0 
1.755156346638738e-06 3.812785006273729e-07 0 
1.686093643104405e-06 4.117514234331378e-07 0 
1.788831233861879e-06 3.126382177302018e-07 0 
1.724958181672969e-06 3.402900351983936e-07 0 
1.819167440617314e-06 2.501422526146385e-07 0 
1.7597586453855e-06 2.747518492377447e-07 0 
1.845913275155532e-06 1.926044124451739e-07 0 
1.79031692381474e-06 2.140578878735083e-07 0 
1.868942786850851e-06 1.390112911974181e-07 0 
1.816624144193709e-06 1.573167715823744e-07 0 
1.888358416992286e-06 8.872675175646977e-08 0 
1.838759776358228e-06 1.039800659989482e-07 0 
1.904101937141758e-06 4.164204785978572e-08 0 
1.856734317826352e-06 5.380090573158706e-08 0 
1.916474184567414e-06 -4.646949989299787e-09 0 
1.870703711500896e-06 4.730413473688739e-09 0 
1.925861724436189e-06 -5.050375394765219e-08 0 
1.881112448040281e-06 -4.359335439947087e-08 0 
1.932450235253981e-06 -9.630159796354801e-08 0 
1.888371331345485e-06 -9.162759696701574e-08 0 
1.936452841230436e-06 -1.427227403306865e-07 0 
1.892873428712679e-06 -1.399821849579664e-07 0 
1.938341053219813e-06 -1.904137508765375e-07 0 
1.895026496462164e-06 -1.892294060126284e-07 0 
1.938883929794546e-06 -2.399286758080587e-07 0 
1.895733162356776e-06 -2.396409440191106e-07 0 
-4.353478601727132e-07 0.007769600378766769 0 
-7.252064026821401e-09 0.007770506218673094 0 
3.043445909688072e-07 0.007771366715434576 0 
5.169598126929713e-07 0.007772201350889499 0 
6.408979706696524e-07 0.007773021528809195 0 
1.23957051246638e-06 0.007773836059183592 0 
1.696637856452059e-06 0.007773836059183592 0 
2.095061414525994e-06 0.007773836059183592 0 
2.449909899785502e-06 0.007773836059183592 0 
2.771709851409084e-06 0.007773836059183592 0 
3.058688748958125e-06 0.007773836059183592 0 
3.244808625580491e-06 0.007773836059183592 0 
3.378590800467708e-06 0.007773836059183592 0 
3.452230870780412e-06 0.007773836059183592 0 
3.48004594325701e-06 0.007773836059183592 0 
3.484379287297296e-06 0.007773836059183592 0 
3.470954302698103e-06 0.007773836059183592 0 
3.430630653715199e-06 0.007773890508453083 0 
3.393867502509361e-06 0.00777394350023127 0 
3.333105249241886e-06 0.007773992818710096 0 
3.250543124166972e-06 0.007774036122140408 0 
3.149813675935361e-06 0.007774071430186768 0 
3.03542857318763e-06 0.007774097477663819 0 
2.912517656676122e-06 0.007774114017504228 0 
2.785670010124131e-06 0.007774122265961306 0 
3.442690748398893e-06 0.007773836059183592 0 
-4.777725546951187e-06 0.007764057490632769 0 
6.824832863800235e-07 0.007773836059183592 0 
-3.007296894383782e-06 0.007766047786870485 0 
-1.81037902058995e-06 0.007767482251186912 0 
-1.015923412871422e-06 0.007768614429032995 0 
1.645451489466042e-06 0.007768483541283244 0 
2.255991949733372e-06 0.007769587280980618 0 
2.44375383634894e-06 0.007770289003378495 0 
1.971007652759053e-06 0.007768972818848664 0 
1.325765184540674e-06 0.007768101068579733 0 
2.447476478322542e-06 0.007772803788021226 0 
2.486522192136514e-06 0.007773109761208108 0 
2.542259658560179e-06 0.007773333114140146 0 
2.568723870817962e-06 0.007773421315249687 0 
2.59170421203452e-06 0.007773496686900014 0 
2.612356252959796e-06 0.007773562237356263 0 
2.513170164190836e-06 0.007771537397720612 0 
2.484707935712809e-06 0.007771983850851916 0 
2.458318396886763e-06 0.007772330275973498 0 
2.516104396107146e-06 0.007770969726187201 0 
2.44618630938574e-06 0.007772597570922765 0 
2.463837153247669e-06 0.007772970022139811 0 
2.515035024552863e-06 0.007773230821573304 0 
2.634185538605029e-06 0.007773621274313041 0 
2.656990024485806e-06 0.007773675882237551 0 
2.677871066226776e-06 0.007773766538333491 0 
2.688926698433483e-06 0.007773808612250644 0 
2.701692131106445e-06 0.00777388830991424 0 
2.721586763675295e-06 0.007773964452170754 0 
2.744686184295464e-06 0.00777400278776376 0 
-6.84973044867103e-07 0.007766630239287486 0 
-1.2181290206571e-07 0.007767079235198296 0 
1.145924577045333e-07 0.007767163042427218 0 
3.34180850661813e-07 0.007767250188485396 0 
5.508354416395904e-07 0.007767360806404571 0 
1.039916143886303e-06 0.007767793905777448 0 
7.807327839356056e-07 0.007767531643333279 0 
-3.213851195139255e-06 0.007766152259308451 0 
-2.043276569444346e-06 0.007766512600301321 0 
-1.277063889761241e-06 0.007766601805310117 0 
-9.710406102872431e-07 0.007766598837545481 0 
-3.849793356983859e-07 0.007766935046095142 0 
2.060478262403993e-06 0.007769773383245961 0 
2.269122990832909e-06 0.00777020384876502 0 
2.422645639909598e-06 0.007770686407049411 0 
1.814854368223277e-06 0.007769387733019253 0 
2.512707392864654e-06 0.007771183725022053 0 
1.551493535760184e-06 0.007769052535888408 0 
2.672535071241097e-06 0.007773724120621175 0 
2.70671019408391e-06 0.007773927377014545 0 
2.697819243829749e-06 0.007773848975246321 0 
2.684907152139093e-06 0.007773511134707861 0 
2.669940446566839e-06 0.007773433095846832 0 
2.693568590653874e-06 0.00777357482937638 0 
2.568683856623842e-06 0.007772010543001149 0 
2.583108340131415e-06 0.007772954961476308 0 
2.56977123583184e-06 0.007772331274938104 0 
2.575598155242689e-06 0.007772792341231768 0 
2.598789614486871e-06 0.007773099348309175 0 
2.570851784645289e-06 0.007772591531701453 0 
2.622964443451864e-06 0.007773228017244722 0 
2.648515467262806e-06 0.00777333943583132 0 
2.706022756384607e-06 0.007773629053139094 0 
2.753503949298413e-06 0.007773809566967221 0 
2.78991415414445e-06 0.007773968584100677 0 
2.733630497747816e-06 0.007773683938894192 0 
2.554728989703487e-06 0.007771628485999881 0 
-4.231765336032124e-06 0.00776600156997069 0 
-3.05555265540214e-06 0.007765723203315671 0 
-1.623250961455862e-06 0.007766594921321437 0 
6.167794296285949e-07 0.007768233280371451 0 
4.103166243216201e-07 0.007768191265949692 0 
8.165805582851943e-07 0.007768299414550184 0 
-1.217397297609903e-07 0.007768098456549029 0 
-4.976194157268625e-07 0.007767492762318755 0 
-3.654265779869823e-06 0.007766212233472428 0 
1.797434025585669e-07 0.00776815214107839 0 
1.036916321769728e-06 0.007768440198726853 0 
-4.781599091817272e-06 0.00776570255715479 0 
-6.651699508194456e-07 0.007767629215729476 0 
-1.679280338399861e-06 0.007767567505576236 0 
-4.990312792228544e-06 0.007764815177201713 0 
1.295827981260068e-06 0.007768764049598445 0 
2.79111808856024e-06 0.007774045223746076 0 
2.762239698738332e-06 0.007773889786106958 0 
-3.531412965592719e-06 0.007766638090701332 0 
1.960092101370686e-06 0.007770035663085696 0 
2.320947765514268e-06 0.007770653021055121 0 
2.160379043732985e-06 0.007770351964702881 0 
2.443055961891619e-06 0.007770980526482418 0 
1.727436884145528e-06 0.007769721934172961 0 
2.534832478049789e-06 0.007771365495499511 0 
2.706098935331769e-06 0.007773096637414668 0 
2.772199756904745e-06 0.00777344757553109 0 
2.708972311919242e-06 0.007772956796819028 0 
2.724297618902705e-06 0.00777322598637219 0 
2.641280319235594e-06 0.007772067395193095 0 
2.662155387816561e-06 0.007772358236365744 0 
2.676965629747038e-06 0.007772601256845917 0 
2.749529766158207e-06 0.00777334427993852 0 
2.785466066252876e-06 0.007773536134477908 0 
2.761546132925907e-06 0.007773633246283476 0 
2.775541616265373e-06 0.007773597279108813 0 
2.800435245134635e-06 0.007773674473585315 0 
1.493948061743863e-06 0.007769534297136264 0 
2.600144169636267e-06 0.007771730992700491 0 
7.18612824184553e-07 0.007768979358278641 0 
9.074029216544354e-07 0.007768998669255127 0 
1.075261965729516e-06 0.007769015992601141 0 
5.18766251509426e-07 0.007768985825557477 0 
3.015799328402959e-07 0.007769004679512203 0 
9.611262845681363e-08 0.007769092213885421 0 
-5.302115601950301e-07 0.007768501590574483 0 
1.198325398978297e-06 0.007769012214132348 0 
-1.257023331849984e-06 0.007767679688883027 0 
-3.216746110376246e-06 0.007767011130420717 0 
-3.468801259456756e-06 0.00776639427165564 0 
-2.310253100823518e-06 0.007767290051608958 0 
2.76357304078359e-06 0.007773744755156583 0 
2.77450748702821e-06 0.007773940718413024 0 
1.811817090447855e-06 0.007770337445340309 0 
2.473062716019809e-06 0.007771184533189514 0 
2.85259962662072e-06 0.007773641809750461 0 
6.777102854353775e-07 0.00776967991755819 0 
2.818077305434188e-06 0.007773224438429168 0 
2.709282620817905e-06 0.007772153060376155 0 
1.199179195879158e-06 0.007769631693953369 0 
8.771103847543921e-07 0.007769682355017221 0 
2.642973849357439e-06 0.007771825840383071 0 
1.551234176787158e-06 0.007770052181802808 0 
-2.364888401413579e-06 0.007767757697317416 0 
-1.186625491701729e-06 0.007768446124079543 0 
-9.240359422293604e-07 0.007767690567698935 0 
2.835063753779622e-06 0.007773910163128088 0 
2.844373700533815e-06 0.007773729606431236 0 
-1.642164491323374e-06 0.007768216893921503 0 
2.836196159343867e-06 0.007773852114177014 0 
2.839691725908669e-06 0.007773972660283477 0 
-6.131293864968458e-07 0.007769278784502467 0 
-2.350268399848688e-06 0.007767499445380229 0 
-1.985933433165923e-06 0.00776808697544207 0 
-3.254623955182756e-07 0.007769275668734491 0 
2.814628296932355e-06 0.007773800986027144 0 
2.93147359678144e-06 0.007773902556237875 0 
2.283722371450725e-06 0.007770858015457455 0 
-9.795170991894073e-08 0.007769209681354504 0 
2.866718660009881e-06 0.007773459659240965 0 
2.903088868987543e-06 0.007773580520626267 0 
2.915741302978188e-06 0.007773704705293674 0 
2.7655497148985e-06 0.007772181245293453 0 
1.835641879385766e-06 0.007770671701462466 0 
2.825358129442315e-06 0.007772788177721743 0 
2.845972791279089e-06 0.007773021297051048 0 
1.28832862741563e-06 0.007770368979006551 0 
1.006635738928427e-06 0.007770245792803858 0 
2.820808282920308e-06 0.007772544754560207 0 
1.523075681033664e-06 0.007770273734452318 0 
6.519497218875411e-07 0.007771480666350612 0 
2.67692271129511e-07 0.007770685481987604 0 
-1.560827985009963e-06 0.00776801058250045 0 
-7.980972608931689e-07 0.007768980893375035 0 
-2.073684671941231e-07 0.007769859110060186 0 
1.17309305764712e-06 0.007773047879507081 0 
-1.413957675825585e-06 0.007768428403345057 0 
2.966409865903748e-06 0.007773768530038751 0 
2.100812886090437e-06 0.007771075823363321 0 
2.943839451624872e-06 0.007773452782648752 0 
2.90081730494276e-06 0.007773212863218719 0 
2.985799505502862e-06 0.007773672005445105 0 
2.439511686361379e-06 0.007771352279762984 0 
8.363593026559801e-07 0.007770436787093182 0 
2.934908084405806e-06 0.007773966910957879 0 
2.917267141724456e-06 0.007773844736812377 0 
1.829145661611861e-07 0.00776992158240743 0 
2.983660253420897e-06 0.007773083789360708 0 
2.884528098783479e-06 0.007772495118910509 0 
2.953237797803167e-06 0.007772893863391387 0 
1.524466903402748e-06 0.007770918076841439 0 
1.89038807875637e-06 0.007770973375111627 0 
1.641495575243782e-06 0.007770720252899144 0 
9.616151586081855e-07 0.007772270635976412 0 
8.424569337009359e-07 0.007771470090873856 0 
-8.094577104763474e-08 0.007770029699459845 0 
-6.73144981668105e-07 0.007769265301922913 0 
4.162465147938321e-07 0.007770760452535871 0 
-5.882465672488508e-07 0.007769468739446963 0 
3.34493573036268e-06 0.007773923782620984 0 
3.413392322669417e-06 0.007773889951166886 0 
3.456310273294309e-06 0.007773860558357715 0 
3.257184328780976e-06 0.007773958757405449 0 
3.15537556376054e-06 0.007773991221883425 0 
3.00423744867212e-06 0.007773829216470731 0 
6.477290312768675e-07 0.007770484253216974 0 
2.061820908207353e-06 0.007771172060113076 0 
3.003050993785231e-06 0.007773247053044919 0 
2.622392308888122e-06 0.007771896652594067 0 
1.416088571345276e-06 0.007771088741694088 0 
3.041581834562514e-06 0.007773949604748066 0 
2.992460103607027e-06 0.007773552222664317 0 
4.490482052252277e-08 0.007769999173572519 0 
2.390646946547134e-06 0.007771499399219962 0 
3.028943262943561e-06 0.007773887846577826 0 
3.050226885685218e-06 0.007772989450263335 0 
2.908343730104801e-06 0.007772557310097751 0 
1.710214739848749e-06 0.007771353194447808 0 
2.03652402252615e-06 0.007771368357591567 0 
4.760418011799784e-07 0.007770744712710896 0 
-2.570287134359449e-08 0.007770107542533734 0 
9.080134098114817e-07 0.007771352260177278 0 
1.230740508087769e-06 0.007772195927534321 0 
3.046130906719734e-06 0.007773744293012074 0 
3.413348622376167e-06 0.007773844281493054 0 
3.337009698240137e-06 0.007773868157021083 0 
3.043406212180474e-06 0.007774018229235329 0 
3.246738028688886e-06 0.007773897024551171 0 
3.006284679829487e-06 0.007773366593212322 0 
-2.526348892289812e-06 0.007766930464988025 0 
-6.130349453872006e-07 0.00776943560373507 0 
3.001732051493293e-06 0.007773444204519224 0 
5.422387191772509e-07 0.007770572928714527 0 
2.206467788821414e-06 0.007771489608913177 0 
3.097052079756393e-06 0.007773187252519617 0 
3.126066997473308e-06 0.007773866383666533 0 
2.311292003080888e-06 0.007771507233949124 0 
2.576865913576071e-06 0.007771917491984096 0 
-3.645708888107777e-10 0.007770091614849308 0 
2.771174403926545e-06 0.007772241314896591 0 
1.448647410600112e-06 0.007771379220281835 0 
3.024552293059634e-06 0.007772832234165826 0 
2.002507805082923e-06 0.007771647523416727 0 
3.109819594895033e-06 0.007773335777119205 0 
9.166568813172384e-07 0.007771195625516062 0 
5.036122036284038e-07 0.007770677799309003 0 
3.057418448126653e-06 0.007773512072852692 0 
1.291457190538494e-06 0.007771926237052013 0 
3.093068878635962e-06 0.007773807840518804 0 
3.220862994964887e-06 0.007773840648110372 0 
3.309952202021955e-06 0.00777381327489998 0 
1.019517750146967e-06 0.007770964257152586 0 
2.393337924337436e-06 0.007771899267978279 0 
2.750037212410158e-06 0.007772286865110653 0 
3.180533620752701e-06 0.007773781705753659 0 
3.211566226315103e-06 0.007773318652840242 0 
3.14760237994865e-06 0.007773925405586721 0 
2.505885309900549e-06 0.007771925121722709 0 
3.126039442871964e-06 0.007773714716397845 0 
1.807673415360076e-06 0.007771688314639208 0 
1.247134839591535e-06 0.007771446044835323 0 
1.264494120044239e-06 0.007771654178959492 0 
3.263948323982589e-06 0.007773752091789501 0 
3.390312578432197e-06 0.007773789009354668 0 
1.33576832465798e-06 0.007771395056206312 0 
3.178881078328905e-06 0.007773533624762618 0 
3.128612954684966e-06 0.007773595257605147 0 
2.595259800727804e-06 0.007772332102300786 0 
2.696540838400692e-06 0.007772323579422023 0 
2.191505630605179e-06 0.007772181427125129 0 
2.909665686899585e-06 0.007772620733134422 0 
1.470782917264752e-06 0.007771744833165073 0 
3.201286129842144e-06 0.007773678470787959 0 
1.640182917810778e-06 0.007772416564411144 0 
1.740694859223562e-06 0.007771802735925871 0 
3.33629253080478e-06 0.007773721406837164 0 
3.046815148381569e-06 0.007772905993657335 0 
3.262878580352938e-06 0.007773633300494777 0 
2.800188614037824e-06 0.007772758971139524 0 
2.436664619743043e-06 0.007772297698935901 0 
1.561818749538716e-06 0.007772021238454388 0 
1.606640716824283e-06 0.007771802878342406 0 
1.634777809497937e-06 0.00777299944548245 0 
2.027285994698428e-06 0.007772277392796167 0 
3.456223473400403e-06 0.0077737821822426 0 
2.878383450443474e-06 0.007772691300418503 0 
3.122564393711306e-06 0.007773078992258067 0 
2.059334216637588e-06 0.007773261256825447 0 
2.228050627773728e-06 0.007771819791217141 0 
2.667374265766564e-06 0.007772806266649249 0 
3.383392566194274e-06 0.00777368916776066 0 
2.48411250677068e-06 0.007772811305261222 0 
3.209292127423011e-06 0.007773448474458669 0 
3.301226437719543e-06 0.007773577620309375 0 
3.038877845126407e-06 0.007773006123665408 0 
3.310757080468947e-06 0.007773510894017538 0 
3.158194282912892e-06 0.007773139214875483 0 
2.675693107188108e-06 0.007773342033694143 0 
2.873112331283804e-06 0.007773300618316514 0 
2.255365511558647e-06 0.007772806853770092 0 
2.989015422112596e-06 0.007773147934764382 0 
3.16757978097866e-06 0.007773247830600099 0 
1.972725997627477e-06 0.007772711482152083 0 
3.347281827638878e-06 0.007773560855393008 0 
1.817884676999713e-06 0.007772232051513882 0 
2.397029306164959e-06 0.007773338877365631 0 
3.465186072467661e-06 0.007773833666072786 0 
3.43548048247348e-06 0.007773738949981656 0 
3.144792628536315e-06 0.007773438054282878 0 
3.377446502007073e-06 0.007773688850511359 0 
3.386736278744991e-06 0.007773637583355662 0 
3.245539116638346e-06 0.007773327272010556 0 
-4.970872652004286e-06 0.00776542334517974 0 
-3.526813904997028e-06 0.007765973800055241 0 
2.923961340171737e-06 0.007774037645281257 0 
3.275158369110598e-06 0.007773595776861038 0 
3.268674991765023e-06 0.007773429300633832 0 
-3.773045154503163e-06 0.007766532230914312 0 
-2.736359741827516e-06 0.007767282044133476 0 
-2.552419979394646e-06 0.0077662716009252 0 
2.750513468578795e-06 0.007773919960973786 0 
2.732508319632745e-06 0.007773775357267484 0 
-1.340882034661839e-06 0.007768686258808771 0 
3.304915484163458e-06 0.007773466697814312 0 
-1.234559443801459e-06 0.00776882486099438 0 
3.061121528172341e-06 0.007773639082079366 0 
9.384887185240045e-07 0.007771055866459178 0 
-1.160284299906944e-06 0.007768797426667467 0 
-8.141696334506294e-07 0.007768542784515668 0 
-2.86972295248323e-07 0.007768397557292685 0 
2.764336560026275e-06 0.007773851031996027 0 
2.887906082672621e-06 0.007773787820825735 0 
2.702547671342132e-06 0.007772794755621808 0 
3.095643394772674e-06 0.007773441023369866 0 
2.978311189705889e-06 0.007772758880917307 0 
2.771277247466091e-06 0.007772199353306451 0 
2.642433071674685e-06 0.007771856436265544 0 
2.479595419487423e-06 0.00777158407422758 0 
1.814949913455644e-06 0.007771177842958677 0 
1.553196413554041e-06 0.007771383439083719 0 
1.177833890240112e-06 0.00777096817463296 0 
2.908618874793138e-06 0.007772668103329027 0 
2.840477923086628e-06 0.007772413221452648 0 
2.682076086235166e-06 0.007771920571538125 0 
2.536085201475038e-06 0.007771471718208874 0 
4.733531002701754e-07 0.007769695208676382 0 
2.182776266596193e-06 0.007770983224870072 0 
1.219878058091048e-06 0.007770694761913506 0 
1.024890554239262e-06 0.007769619304195459 0 
3.47439148168067e-07 0.007769833609419153 0 
2.923426788728792e-06 0.007773345158718575 0 
2.77344975570854e-06 0.007772274325103389 0 
1.34128935332143e-06 0.007769585697472763 0 
7.713799997817631e-07 0.007770135806390245 0 
2.409090229119584e-06 0.007771058292016199 0 
2.091379196322393e-06 0.007770566011628012 0 
1.886885553559499e-06 0.007770224564295865 0 
2.842311238521495e-06 0.007773347491823455 0 
2.792911372443158e-06 0.007773120007237828 0 
2.752055646001042e-06 0.007772604900736356 0 
2.743889728531203e-06 0.007772421926303663 0 
2.555649453569716e-06 0.007771479193167827 0 
1.279808038777021e-06 0.007770095519212595 0 
-5.284187631448047e-06 9.558741340520981e-06 0 
2.096396159342994e-06 -2.8767566639335e-07 0 
2.099146827411832e-06 0 0 
1.02274346969543e-06 0 0 
2.609853812913873e-06 -1.84341611878062e-07 0 
-8.470752795436482e-07 3.71500963261715e-06 0 
2.70658959097762e-06 0 0 
2.371791809390236e-06 0 0 
1.42273159307335e-06 0 0 
1.780690349645244e-06 0 0 
2.805127453258462e-06 0 0 
-2.173055565000564e-06 5.928060527218895e-06 0 
2.678067843877886e-06 -1.431606825612396e-07 0 
2.728010202444427e-06 -9.746726263935694e-08 0 
2.757850862981727e-06 -4.917680913933832e-08 0 
-4.773842300858334e-08 9.006405034465474e-07 0 
2.767673426461452e-06 0 0 
0 0 0 
-1.967016205529671e-07 1.811915817634455e-06 0 
2.796804386447684e-06 0 0 
2.775533895437085e-06 0 0 
2.21081900952439e-06 -2.810243440354313e-07 0 
2.322644180234428e-06 -2.6782909281898e-07 0 
2.428998677895695e-06 -2.474435435784889e-07 0 
2.52583239373661e-06 -2.195047951376763e-07 0 
2.808425639658055e-06 0 0 
-1.397168142508617e-06 4.754745048021579e-06 0 
5.549029714481623e-07 0 0 
2.56881327787043e-06 0 0 
-3.303664965979866e-06 7.372267435909192e-06 0 
-4.572574385362919e-07 2.744500312733769e-06 0 
6.944942669599496e-07 5.72934010465004e-06 0 
1.351644115052254e-06 4.779434108668708e-06 0 
1.624755702438451e-06 4.106188449130647e-06 0 
1.023051906803769e-06 5.318451560880168e-06 0 
4.010609201989407e-07 6.021775760523336e-06 0 
1.900950851939458e-06 3.362671896903411e-07 0 
1.875292265649143e-06 4.087500439278717e-07 0 
1.849365902689808e-06 4.902042063203886e-07 0 
1.823756077021525e-06 5.835820962090896e-07 0 
1.786472699337026e-06 8.200543625162537e-07 0 
1.772991285071368e-06 1.171763436568147e-06 0 
1.843704739532691e-06 2.718640060024898e-06 0 
1.804483650420556e-06 1.745375599093431e-06 0 
1.833371645914479e-06 2.169453800968724e-06 0 
1.787516254302018e-06 3.383166445811421e-06 0 
1.776310427514044e-06 9.753069126642274e-07 0 
1.782799094545818e-06 1.420818612086348e-06 0 
2.027589247202862e-06 -9.4870699989611e-08 0 
2.005119596981798e-06 -2.151848225466108e-08 0 
2.021526479621367e-06 5.731633248219179e-08 0 
1.999783960515742e-06 1.090555209181995e-07 0 
1.951268915499819e-06 2.144522518747556e-07 0 
1.926504084267889e-06 2.723184104566701e-07 0 
1.801258795291219e-06 6.93126337536149e-07 0 
2.100638461701489e-06 -2.19630997456308e-07 0 
-1.531098299483677e-06 7.096373367618342e-06 0 
-2.574523369666335e-06 7.281367437449877e-06 0 
-4.076590377018411e-06 7.827956360842393e-06 0 
-5.143477854329048e-06 8.113125749087353e-06 0 
-8.376016659835638e-08 6.419088354647879e-06 0 
-5.226569276639008e-07 6.716848021745852e-06 0 
-7.499239957962058e-07 6.843657551747679e-06 0 
-9.928123890419768e-07 6.957201346380962e-06 0 
1.457859534385931e-07 6.239873566397845e-06 0 
-3.011890490440056e-07 6.568130320685858e-06 0 
-1.249925919244072e-06 7.033993484405909e-06 0 
-1.828988381161356e-06 7.085189825970644e-06 0 
-2.161278335760162e-06 7.087429808575488e-06 0 
-3.041411528240415e-06 7.464988587292713e-06 0 
-3.54378670861193e-06 7.646079194694945e-06 0 
-4.638261695970823e-06 8.0083240745443e-06 0 
-5.32972044687487e-06 8.013966545884058e-06 0 
-5.164776636220426e-06 7.925569096770171e-06 0 
9.402557632803284e-07 4.763520057376351e-06 0 
1.207884998797583e-06 4.379179411339472e-06 0 
1.453279401222507e-06 3.929297451741206e-06 0 
6.809770848284332e-07 5.047121126669559e-06 0 
1.652220766216616e-06 3.431431211728532e-06 0 
4.447277805755428e-07 5.248688220334249e-06 0 
2.019045334105221e-06 -5.557255674372701e-08 0 
2.038112822877356e-06 3.750927848615031e-09 0 
1.976452937872108e-06 1.609827151267807e-07 0 
1.937195437518709e-06 4.725684415190552e-07 0 
1.956834164948766e-06 3.948975085061797e-07 0 
1.915061722391943e-06 5.618184998092716e-07 0 
2.036254231512486e-06 -1.345637537598596e-07 0 
1.901220736649115e-06 1.112043747976452e-06 0 
1.86230544055736e-06 2.425986350782434e-06 0 
1.8939554129711e-06 1.99519550105918e-06 0 
1.902929449901047e-06 1.343569683609788e-06 0 
1.902620091061068e-06 9.238782637015032e-07 0 
1.901976843658741e-06 1.636908220328284e-06 0 
1.901621800862171e-06 7.774299654079804e-07 0 
1.898228311219181e-06 6.647833102153606e-07 0 
1.977479716365368e-06 3.251845197052643e-07 0 
2.105055265237321e-06 5.358568279235622e-08 0 
2.001323122266762e-06 2.638982379388817e-07 0 
1.78877504566464e-06 2.91008964796872e-06 0 
-4.27932610874692e-06 7.133754393336047e-06 0 
-4.066080631082866e-06 7.187648043307594e-06 0 
-1.170558755572652e-06 6.044611367139145e-06 0 
-6.748760516216946e-07 5.917617733762249e-06 0 
-4.316681883304029e-07 5.788765536139349e-06 0 
-1.414509416443002e-06 6.004683023711513e-06 0 
-2.199885205200108e-06 6.254020435969989e-06 0 
-2.658067509820714e-06 6.481151338582449e-06 0 
-3.59101380715031e-06 6.953147924791687e-06 0 
-9.168419815175837e-07 5.993203911082728e-06 0 
-2.027206757195101e-07 5.656890420423201e-06 0 
1.353463621004315e-08 5.529637211466534e-06 0 
-1.68535295025875e-06 5.832838102668867e-06 0 
-3.11716792131022e-06 6.704264269231582e-06 0 
-3.904649652134473e-06 6.826109137030657e-06 0 
2.265636833383656e-07 5.397579818794397e-06 0 
-4.496475020897319e-06 7.91700725263947e-06 0 
2.080623952995677e-06 -8.898367101997821e-08 0 
1.121962849433614e-06 4.076731412795099e-06 0 
1.55015770427591e-06 3.33587011354125e-06 0 
1.351434239965934e-06 3.723073870511444e-06 0 
1.711380934926908e-06 2.969288264748052e-06 0 
9.054340295945166e-07 4.319086296467351e-06 0 
1.830953511234336e-06 2.549469357583505e-06 0 
2.026215063193018e-06 4.627138882203932e-07 0 
2.03761721091542e-06 3.873301989154191e-07 0 
2.000435714446348e-06 5.508893419433206e-07 0 
2.017048420859148e-06 8.618115483589983e-07 0 
2.019495378893904e-06 1.038960811174441e-06 0 
1.963460275818701e-06 1.826021402806451e-06 0 
2.01873601701196e-06 7.020192644064373e-07 0 
1.992176535616306e-06 1.527203778556938e-06 0 
2.014063727129439e-06 1.255052820525327e-06 0 
1.973034308249181e-06 6.379201196676259e-07 0 
2.049899616422577e-06 3.22138993333358e-07 0 
2.075624059835826e-06 2.65641057714214e-07 0 
7.064433309628589e-07 4.480689471534345e-06 0 
1.913926027791331e-06 2.183043832535178e-06 0 
-1.099967629349986e-07 4.947983282299698e-06 0 
1.220144811761485e-07 4.801094884269379e-06 0 
-3.549026341680057e-07 5.091025334769563e-06 0 
-5.922383766240698e-07 5.193919185132724e-06 0 
3.25872730735547e-07 4.690149675636292e-06 0 
-8.265809945209954e-07 5.260238114279976e-06 0 
-1.008722174804606e-06 5.212202926696783e-06 0 
-1.478189900409132e-06 5.059898862360336e-06 0 
-2.287034002451912e-06 5.763443859777282e-06 0 
-2.390063665661014e-06 5.504836402958408e-06 0 
5.14737210078071e-07 4.596896782039233e-06 0 
2.076189923960091e-06 1.06422753546917e-07 0 
2.108077928876855e-06 -1.395805424459696e-07 0 
2.136916245893576e-06 -1.665182750022544e-07 0 
2.147810015206022e-06 -6.893173391534826e-09 0 
-3.365276087574366e-06 6.460468573989256e-06 0 
-2.760367075356743e-06 5.796698392086707e-06 0 
1.102704604676334e-06 3.735497759712019e-06 0 
1.673835548413289e-06 2.808462785805529e-06 0 
2.10645843040793e-06 3.241865296917912e-07 0 
2.125946241968442e-06 4.579605828525385e-07 0 
2.116283649114988e-06 8.031077674453034e-07 0 
2.057191934214939e-06 1.637181713372178e-06 0 
2.118158662478489e-06 6.771952728432822e-07 0 
-5.408762329949191e-07 4.415502723254716e-06 0 
4.575865671348588e-07 4.040574096456537e-06 0 
-7.7706045534571e-07 4.333343826935648e-06 0 
1.910230078389803e-06 2.212121572662284e-06 0 
7.871227784897419e-07 3.937313543520399e-06 0 
2.156814252188111e-06 -9.489286547765457e-08 0 
2.175696844285955e-06 6.752848692761088e-08 0 
2.026217587892092e-06 2.095372817726822e-07 0 
2.221100623221136e-06 2.358937448906641e-08 0 
-1.441284348561607e-06 4.639433117840042e-06 0 
-9.188912620724511e-07 4.250176191491203e-06 0 
2.257136629225115e-06 5.218639074883834e-08 0 
2.206095245847912e-06 -1.482289037266847e-07 0 
2.230956998780758e-06 -5.781803609576113e-08 0 
-2.946010055595513e-07 3.630119580664289e-06 0 
2.126120995534288e-06 1.642036290799573e-07 0 
1.263232034171579e-06 3.572744295575521e-06 0 
2.184364887351417e-06 2.332449547652192e-07 0 
2.128313520620389e-06 1.167018178648767e-06 0 
-2.817486277193499e-07 4.508254995494586e-06 0 
9.508330426554394e-07 3.84163839561201e-06 0 
-6.934699711647295e-07 3.838561336280034e-06 0 
2.020420140668425e-06 1.839160748978205e-06 0 
-3.71294092520075e-07 3.942815306473345e-06 0 
2.123724534314989e-06 5.861206434521444e-07 0 
2.240222538046874e-06 7.895493463487007e-07 0 
2.059084142321965e-06 1.740987112957587e-06 0 
6.5452553545142e-07 3.939302513142954e-06 0 
2.687135213710233e-06 -8.575900300113913e-08 0 
2.613437073666202e-06 -1.192067224588921e-07 0 
2.320985217238341e-06 -1.892306251067343e-07 0 
2.427955726398288e-06 -1.710676226534765e-07 0 
2.526461936846758e-06 -1.483204225294774e-07 0 
2.782886808981034e-06 -2.335654993064343e-08 0 
2.308326138076495e-06 -1.120659352064036e-07 0 
1.767691314552809e-06 2.392768307548329e-06 0 
4.676811757578317e-07 3.610553677320125e-06 0 
1.516032553386501e-06 2.950444461019623e-06 0 
2.214038039826819e-06 9.799544790101395e-07 0 
2.168680740449198e-06 1.286936794268762e-06 0 
1.02281282619354e-06 3.42956548848966e-06 0 
1.587398137544559e-07 3.936211688969368e-06 0 
-1.094546098716995e-06 4.2032795364132e-06 0 
-1.907156219426611e-07 3.333869654943317e-06 0 
2.21552408359763e-06 1.258972334265245e-07 0 
2.284281279682115e-06 4.191790626833936e-07 0 
2.28726987251812e-06 5.815414938104802e-07 0 
2.174753458425501e-06 1.434591616854689e-06 0 
2.305310705533151e-06 -9.572646114520971e-09 0 
2.74563164862103e-06 -5.203784662952908e-08 0 
2.678691413538071e-06 -4.159159343498005e-08 0 
2.520241328760304e-06 -8.93384232172968e-08 0 
2.425396715178672e-06 -1.059728700828463e-07 0 
2.605148530365406e-06 -6.784284766226941e-08 0 
-2.438197603973313e-06 5.725298896476395e-06 0 
-1.860893601688879e-06 4.96528869534647e-06 0 
-5.251290275249186e-07 3.384488846065537e-06 0 
-7.325669731004468e-08 2.488771298146771e-06 0 
2.633783512292075e-07 1.625202256569683e-06 0 
4.75353773553996e-07 7.957553324251594e-07 0 
-1.09858822650338e-06 4.31758516114779e-06 0 
2.301943113350415e-06 1.762736735177947e-07 0 
1.939704102976273e-06 1.949218629906479e-06 0 
1.053484211026271e-06 3.170462443275714e-06 0 
2.332374646780385e-06 7.657395191627426e-07 0 
2.926114009077091e-07 2.816766559817647e-06 0 
-5.314861988805624e-07 3.585503929128542e-06 0 
2.186224751752607e-06 1.363914248451601e-06 0 
2.281488743249884e-06 2.756927699081592e-07 0 
-1.467242671289162e-06 4.570270832276047e-06 0 
2.314530873016217e-06 4.759490499229323e-08 0 
2.262012579066355e-06 1.006622778602251e-06 0 
2.411519596615597e-06 3.780547462932991e-07 0 
2.512239128526375e-06 -3.483890430332746e-08 0 
2.589563451987027e-06 -2.323291183565824e-08 0 
2.657342221333619e-06 -2.060511070246502e-09 0 
2.73971159056031e-06 -1.548858311520701e-08 0 
-2.133402772496158e-06 5.246039821213607e-06 0 
1.573016020301617e-06 2.653567906706498e-06 0 
1.847254648986911e-07 2.365865910148971e-06 0 
-3.147029507831684e-07 3.177536967252675e-06 0 
-8.997316516310586e-07 3.999709109968829e-06 0 
-1.836388313298393e-06 5.329572709685517e-06 0 
1.374383827007542e-06 2.81878814918484e-06 0 
2.214413369875808e-06 -2.108146447429855e-07 0 
2.42689935595868e-06 -4.715722142379181e-08 0 
2.298503824723602e-06 9.438256679366781e-08 0 
2.119533433036725e-06 1.512550010992167e-06 0 
2.388284008443526e-06 5.504673174756869e-07 0 
2.41280852010525e-06 7.708089910413685e-09 0 
2.401083205508699e-06 7.641150996097648e-07 0 
2.303317977396817e-06 1.040198580391172e-06 0 
6.041227078562405e-07 2.738894456535131e-06 0 
2.39987149609804e-06 2.570295440766234e-07 0 
6.399924176529341e-07 3.085704850680713e-06 0 
1.80071762735227e-06 2.09637982572443e-06 0 
-1.594950257557978e-06 4.854087988546112e-06 0 
2.574691589457283e-06 1.470771792640608e-08 0 
2.508874500122776e-06 2.817563217544547e-08 0 
2.71259339149425e-06 1.831309806173096e-08 0 
1.606807080219402e-06 2.270499119494723e-06 0 
-1.898158123679696e-07 3.092797618824868e-06 0 
3.26004880480625e-07 2.380365321361625e-06 0 
2.37978599450916e-06 1.903503286720678e-07 0 
1.344990029750311e-06 2.494889243945061e-06 0 
-7.851570681575415e-07 3.831654123510114e-06 0 
2.481398990296308e-06 5.263237743677053e-07 0 
2.547655234884047e-06 3.130791333077121e-07 0 
2.008762812450118e-06 1.612985073429069e-06 0 
2.444755497641464e-06 7.722447283944615e-07 0 
8.347708273019236e-08 3.500715254011856e-06 0 
7.407637560413576e-07 2.336296860270943e-06 0 
1.039346334741844e-06 2.743754358266345e-06 0 
2.427703033776361e-06 1.433433349874417e-07 0 
2.623369495457198e-06 4.045394062604361e-08 0 
1.831995840928929e-06 1.750713293703482e-06 0 
6.050110999595478e-07 1.557098211504773e-06 0 
2.511373192267047e-06 1.870127054094755e-07 0 
1.587215219028824e-06 1.936922525313777e-06 0 
2.319251770154564e-06 1.075058625966936e-06 0 
2.619495955325126e-06 3.448643374006887e-07 0 
2.545511255040828e-06 5.293013882571924e-07 0 
9.484546273661586e-07 2.445870659097781e-06 0 
2.201269025420763e-06 1.173330326999079e-06 0 
2.6119939914456e-06 1.277837051383373e-07 0 
2.749754693118435e-06 3.215058096338168e-08 0 
-1.219125755496375e-07 3.110221903776432e-06 0 
2.390230947556266e-06 6.006675691726308e-08 0 
2.034226362934008e-06 1.274012495836169e-06 0 
8.109829186049732e-07 1.649658099645641e-06 0 
2.290813720775789e-06 1.115016635375028e-06 0 
1.137022858106707e-06 1.94079220351283e-06 0 
1.790780287446454e-06 1.42675972755473e-06 0 
2.737489875610025e-06 9.030958774195734e-08 0 
2.207647876578618e-06 8.252907611688191e-07 0 
2.668847880102611e-06 2.257120953730622e-07 0 
2.791041874420636e-06 6.824822205664558e-09 0 
8.280934943408848e-07 1.955177900684598e-06 0 
1.302571082201774e-06 8.432491401786753e-07 0 
1.285796464984022e-06 2.170610434201125e-06 0 
3.582812432867496e-07 2.532350638178042e-06 0 
2.67022026461525e-06 2.899958345685806e-07 0 
1.260048498049635e-06 1.442196776595661e-06 0 
2.788570566685956e-06 4.313489328565431e-08 0 
1.952663386392415e-06 9.413324285075801e-07 0 
2.381224574901834e-06 7.587319907179762e-07 0 
2.575759650391415e-06 4.911622804395867e-07 0 
9.061971776329272e-07 7.660504260014072e-07 0 
2.724602934111916e-06 1.642678105697705e-07 0 
1.637752220530053e-06 1.122664569350697e-06 0 
2.058141210711187e-06 4.713978963423093e-07 0 
2.697069931363056e-06 1.677104450184225e-07 0 
2.329470385550315e-06 4.072119736740826e-07 0 
2.555198453244816e-06 3.521255394792818e-07 0 
1.728417711974037e-06 5.835244488239803e-07 0 
2.44645731685597e-06 7.67219052065034e-07 0 
2.764429827315833e-06 8.778327152781503e-08 0 
2.057847759925127e-06 -1.736043833523738e-07 0 
-2.854759273719884e-06 6.48576754737374e-06 0 
2.077557436292814e-06 -1.213397510276958e-07 0 
2.068298633868403e-06 -4.870198579340159e-08 0 
-4.488531117496424e-06 7.434715730637558e-06 0 
2.051505239183919e-06 1.579829694895646e-07 0 
-1.463768335929893e-06 4.590619558521359e-06 0 
1.487477397436815e-06 1.639109159642161e-06 0 
2.347902377720557e-06 -5.531320295900041e-08 0 
2.124813134333854e-06 -4.876442478520482e-08 0 
-3.265114670539483e-06 6.250372956305667e-06 0 
2.677552566969965e-06 6.993283311564022e-08 0 
1.880449355565999e-07 3.142456129490021e-06 0 
-3.666586743919675e-06 6.668889352465139e-06 0 
-2.938879889277905e-06 6.019270362818378e-06 0 
2.148638722848627e-06 1.147517773887335e-07 0 
2.103003490049167e-06 2.150335837779715e-07 0 
-1.206136427735883e-06 5.222237260329034e-06 0 
2.649974028669899e-06 1.798355240944986e-07 0 
-1.980803895307016e-06 5.660115260691458e-06 0 
-2.730254088579795e-06 6.022791751256739e-06 0 
-3.197900860316248e-06 6.363066820240667e-06 0 
4.544108019086715e-07 3.101696683440332e-06 0 
2.570950654472079e-06 7.839814047386271e-08 0 
2.462665192609176e-06 8.397131167872068e-08 0 
2.206286311348411e-06 1.761418070936343e-07 0 
-1.858504264326896e-06 5.173830716585654e-06 0 
2.23642742265263e-06 8.396785978419849e-08 0 
-9.992857438046662e-07 4.749308806463897e-06 0 
-5.286238948258111e-07 4.683517177453967e-06 0 
-6.025068061084025e-08 4.411055673189976e-06 0 
2.090999546251146e-07 4.216201790550688e-06 0 
4.33764238970347e-08 3.823822358546337e-06 0 
2.144076251428092e-06 2.832307676491785e-07 0 
2.117033563981541e-06 3.739472135206859e-07 0 
2.070497661561375e-06 5.650679260478715e-07 0 
1.455740311375457e-06 3.255979424930186e-06 0 
1.767398778236403e-06 2.660226940597709e-06 0 
1.964711057794316e-06 2.008406749152593e-06 0 
2.063030470763753e-06 1.442042152438838e-06 0 
2.126964117812563e-06 9.485047939967546e-07 0 
1.863418665958799e-06 2.277744931124088e-06 0 
2.358482003683688e-06 1.144416511310059e-07 0 
2.518496462073972e-06 1.111469203737146e-07 0 
7.820997182891136e-07 3.351479328127855e-06 0 
2.187231456433658e-06 5.193432901570361e-07 0 
2.272842539299849e-06 1.297372787124922e-07 0 
2.192532874082326e-06 3.317344314574207e-07 0 
1.653380615419967e-06 2.713926281041647e-06 0 
1.184649329636861e-06 3.284036806011019e-06 0 
1.367599164959413e-06 3.23279426706959e-06 0 
2.190512309381675e-06 7.372055067675497e-07 0 
2.20267060722698e-06 6.224903992629873e-07 0 
1.31141783411451e-06 3.210017642379544e-06 0 
2.203079117228959e-06 4.000054513971435e-07 0 
</DataArray>
<DataArray type="Float64" Name="Umag" NumberOfComponents="1" format="ascii">
4.518293571432086e-06 
5.521580975714334e-06 
6.327353493797209e-06 
6.885415404554931e-06 
7.247737826215106e-06 
7.497543347249761e-06 
5.380664015384777e-06 
7.344548512821183e-06 
8.548042604604993e-06 
9.201839160641996e-06 
9.510123132280046e-06 
9.68735561541935e-06 
7.241083398831574e-06 
1.309546378118838e-05 
1.459122250062443e-05 
1.516626318245427e-05 
1.505666495780677e-05 
1.506702606826922e-05 
1.340666665008972e-05 
6.204670886565123e-05 
5.303444399266113e-05 
5.123742682186536e-05 
5.029798850963452e-05 
4.872379829768695e-05 
0.007770800825899469 
0.007713422539955807 
0.007721235096454239 
0.007722396868819307 
0.007723318105248811 
0.007724767345205637 
0.007767969962776816 
0.007761089793118158 
0.007759210336993476 
0.00775864459274087 
0.007758757384361159 
0.007758732559460362 
0.007768992689693309 
0.007766758599080254 
0.007765337125823508 
0.00776461861166128 
0.007764300989012467 
0.007764118773245196 
0.007769742263726995 
0.007768569606103991 
0.007767617292064617 
0.007766976710420655 
0.007766579424543825 
0.007766312946101456 
0.007691622932475252 
0.007743718039754413 
0.007754842755082822 
0.007762261124161404 
0.007763585689016897 
0.007764138192763731 
0.007764415953414185 
0.00776457214125574 
0.007764621719086907 
0.007764641050726049 
0.007764758077585942 
0.007764865907571832 
0.007764941110418258 
0.007765007630666805 
0.007765078770930211 
0.007765174824199285 
0.007765324855528442 
0.007765470337185183 
0.007765607786320509 
0.007765753452908046 
0.007765915537857796 
0.007766098753032019 
0.007759576802159186 
1.201588938729895e-05 
0.000108553485940033 
3.800399925324177e-05 
1.129144971004418e-05 
1.649885018527359e-05 
8.24719899688566e-06 
9.231648672472939e-06 
2.283675822700901e-05 
1.411333231913312e-05 
1.288477241039162e-05 
9.43393477604622e-06 
8.418135329028675e-06 
7.704035694351447e-06 
7.893093466105595e-06 
8.072488173132059e-06 
8.587543013895858e-06 
8.753286654436066e-06 
8.915621292711484e-06 
9.068631424729013e-06 
9.664747206191309e-06 
9.935425719671391e-06 
1.02712198916239e-05 
1.070879603752284e-05 
0.00776393628969455 
0.007758595113050265 
0.00772425164437868 
4.913411747460538e-05 
1.518229616127259e-05 
9.865579479790426e-06 
0.00776375419591941 
0.007758374232498368 
0.007723815810136836 
4.952416663821542e-05 
1.539743599871275e-05 
1.005305811349128e-05 
0.007763580945924735 
0.007758164461733281 
0.007723446108810232 
4.986451993258461e-05 
1.561771398882396e-05 
1.024448073684894e-05 
0.007763421719641363 
0.007757972446326969 
0.007723107741956984 
5.017547595665757e-05 
1.582842899644585e-05 
1.043269762291394e-05 
0.007763266148709191 
0.007757782586447645 
0.007722782443571887 
5.045578412442405e-05 
1.603230216225554e-05 
1.061697697843092e-05 
0.007763100497763468 
0.00775758602595597 
0.007722458286799664 
5.071543227778723e-05 
1.622987367231679e-05 
1.079808681288018e-05 
0.007762938477383428 
0.00775739775958671 
0.007722150503033557 
5.095324699501055e-05 
1.641915744601729e-05 
1.097434132460405e-05 
0.007762819951432343 
0.007757247105206303 
0.007721888391851708 
5.116318508089925e-05 
1.659613161816078e-05 
1.114242177404894e-05 
0.007762736400038777 
0.007757136898459897 
0.00772169211318396 
5.134276052432706e-05 
1.676286327486406e-05 
1.130233754515363e-05 
0.007762663635301967 
0.007757047079618029 
0.007721550804423205 
5.149819489788241e-05 
1.69351164724387e-05 
1.147550216278619e-05 
0.007762578617830845 
0.007756954346610636 
0.007721446200069086 
5.163731836395284e-05 
1.712768288723178e-05 
1.168273842585838e-05 
0.007762466488852631 
0.007756856799541834 
0.007721388545363692 
5.175133919383551e-05 
1.734167073998137e-05 
1.192078627793073e-05 
0.007762368979376705 
0.007756787209464541 
0.007721358238942945 
5.182703756069071e-05 
1.758597527071278e-05 
1.219985232174387e-05 
0.007762343843088902 
0.007756760738458567 
0.007721308876516535 
5.178860614734767e-05 
1.788982702792031e-05 
1.255238058036742e-05 
0.007762296293772031 
0.007756687639321662 
0.007721013556710417 
5.173270841063724e-05 
1.831540543748845e-05 
1.302888763756244e-05 
0.007762143506881117 
0.00775647319136622 
0.007720364195618722 
5.166957670959825e-05 
1.894848977011653e-05 
1.367720448808194e-05 
0.007761885129309083 
0.007756086097700779 
0.007719076399757963 
5.213608445215948e-05 
1.997127153803652e-05 
1.454690389894592e-05 
0.007761515854507494 
0.007755532252002128 
0.007717336975799694 
5.359225859266106e-05 
2.188287392555335e-05 
1.568525508262583e-05 
0.007760264039153493 
0.007754914221142612 
0.007713613753287959 
6.280670318357312e-05 
2.575513899527933e-05 
1.747382105910988e-05 
0.007773871168327027 
0.00777381982549892 
0.00777376727765333 
0.007773712940429316 
0.007773656271829224 
0.007773596539631732 
0.007773532605959031 
0.007773463774718952 
0.007773389171192756 
0.007773307429441849 
0.007773217075179149 
0.007773116151501594 
0.007773002593317349 
0.007772873207315229 
0.007772723051526101 
0.007772543310546588 
0.007772322821927625 
0.007772036470079496 
0.007771723194835795 
0.007770681886651499 
3.703432287603536e-06 
2.503751572934358e-06 
2.146174488104511e-06 
1.918648850802555e-06 
1.778648071699462e-06 
1.693194939679221e-06 
1.646689515596964e-06 
1.626675436970442e-06 
1.624848542014083e-06 
1.635107485456678e-06 
1.653201651145388e-06 
1.675790505124591e-06 
1.700480990928802e-06 
1.725479624934823e-06 
1.749566724214671e-06 
1.771971154141296e-06 
1.792342421855792e-06 
1.809705831548664e-06 
1.824115088891309e-06 
1.835973034067415e-06 
1.845657797966115e-06 
1.85363369324693e-06 
1.860569709929673e-06 
1.86740261654891e-06 
1.917989856320525e-06 
1.960498478771961e-06 
1.996466449043379e-06 
1.991264466612495e-06 
1.985644599346709e-06 
1.979288749844787e-06 
1.971696829824429e-06 
1.962404152102482e-06 
1.951627518798285e-06 
1.939236177213854e-06 
1.925208309387229e-06 
1.90929953105487e-06 
1.89211156370779e-06 
1.874512023346976e-06 
1.857731179369247e-06 
1.843465045062562e-06 
1.834026888800983e-06 
1.832532038876956e-06 
1.843509839964217e-06 
1.8736867891087e-06 
1.932506031390226e-06 
2.035362711382946e-06 
2.211956359549529e-06 
2.496607196782935e-06 
2.948028830087099e-06 
3.616919404380032e-06 
0.00777261846817451 
0.007774126456562235 
0.007774126627684491 
1.874929113628351e-06 
0.00777298006886686 
0.007770759287238278 
0.007773892301134028 
2.002806524100454e-06 
0.007773323713545966 
0.007773547693782838 
0.007773759404495031 
0.007772818909929573 
0.00777384880368981 
0.0077738047684368 
0.007771497132476262 
0.007773607292959796 
0.007773407817087154 
0.007773481757290129 
0.007772002965380617 
0.007773226790408769 
0.007773661705516347 
0.007773711876666161 
0.007772356367071034 
0.007773113805479069 
0.007773936144505903 
0.007773980897507429 
0.007774026917885229 
0.007774075721323146 
0.007774126659813277 
0.007774126720001962 
0.007774074994059198 
0.007774023495055239 
0.007773972492481566 
0.007773921904706916 
0.007770603180635241 
0.007770555758144857 
0.007771552264715195 
0.007771482752015653 
0.007772034098997045 
0.00777200658109073 
0.007772350223835257 
0.007772355236986723 
0.007772583453017842 
0.00777260583020195 
0.0077727687830129 
0.007772798975080502 
0.007772921146107775 
0.007772955702059194 
0.00777305074053932 
0.007773086998188272 
0.00777316290981581 
0.007773199253587747 
0.007773261368661347 
0.007773296508486995 
0.007773348707493064 
0.007773381753690275 
0.00777342693773359 
0.007773457387812336 
0.007773497800088047 
0.00777352540068318 
0.00777356277256886 
0.007773587340728972 
0.007773622819922505 
0.007773644251220319 
0.007773678737953926 
0.007773696986275508 
0.007773731746730524 
0.007773746935420759 
0.007773782439375459 
0.007773794724062543 
0.0077738315877148 
0.007773841067372673 
0.007773879809917785 
0.007773886700881341 
0.0077739277986973 
0.007773932430321102 
0.00777397604849426 
0.007773978791336044 
0.007774025118393993 
0.007774026244655846 
0.007774075536238187 
0.007774075823012753 
3.89621837000071e-06 
3.99743676355259e-06 
2.93394491330093e-06 
2.799840652504579e-06 
2.411709059518397e-06 
2.278056208713207e-06 
2.11311781365548e-06 
2.008106980723707e-06 
1.94433446351019e-06 
1.855229567786335e-06 
1.846877531970472e-06 
1.764570795629734e-06 
1.792738796036624e-06 
1.715400413070334e-06 
1.766956288505157e-06 
1.693675314022351e-06 
1.759962715571959e-06 
1.690287494002197e-06 
1.765299621536978e-06 
1.698954400328357e-06 
1.778431364569485e-06 
1.715126264624185e-06 
1.79609217363333e-06 
1.73564138231845e-06 
1.81594598995271e-06 
1.758203070346494e-06 
1.836284652101975e-06 
1.781078063608828e-06 
1.855934341265545e-06 
1.80306834786104e-06 
1.874105461173997e-06 
1.823423112689051e-06 
1.890441733432392e-06 
1.841697415233595e-06 
1.904557231268452e-06 
1.857513624297713e-06 
1.916479818379921e-06 
1.870709692345357e-06 
1.926523815272248e-06 
1.881617501704291e-06 
1.934848291082146e-06 
1.890593002624697e-06 
1.941705278078248e-06 
1.898042367607241e-06 
1.9476712851814e-06 
1.904450889467501e-06 
1.953672608880656e-06 
1.91081972067215e-06 
0.00776960039096352 
0.007770506218676478 
0.007771366721393993 
0.007772201368082019 
0.007773021555230723 
0.00777383615801093 
0.007773836244328993 
0.00777383634149481 
0.007773836445225844 
0.007773836553300988 
0.007773836660918464 
0.007773836736377096 
0.007773836793369081 
0.007773836825722615 
0.007773836838124585 
0.007773836840065663 
0.007773836834059926 
0.007773891265424518 
0.007773944241060945 
0.00777399353324575 
0.007774036801712124 
0.007774072068290359 
0.007774098070261628 
0.007774114563081433 
0.007774122765050264 
0.00777383682149186 
0.007764058960654035 
0.007773836089141996 
0.007766048369137973 
0.007767482462160819 
0.007768614495460567 
0.007768483715545734 
0.00776958760850764 
0.007770289387658454 
0.007768973068873422 
0.007768101181712485 
0.007772804173348137 
0.007773110158912028 
0.007773333529861685 
0.007773421739666548 
0.007773497118940497 
0.007773562676305922 
0.007771537804076767 
0.007771984248033221 
0.007772330664745525 
0.007770970133522539 
0.007772597955853752 
0.00777297041262719 
0.007773231228444086 
0.007773621720625834 
0.007773676336308179 
0.007773766999563784 
0.007773809077294674 
0.007773888779379446 
0.007773964928570816 
0.007774003272282625 
0.007766630269492868 
0.007767079236153506 
0.007767163043272535 
0.007767250195674352 
0.007767360825936281 
0.007767793975387018 
0.007767531682569918 
0.007766152924299215 
0.007766512869082129 
0.007766601910304051 
0.007766598898249007 
0.00776693505563617 
0.00776977365645667 
0.007770204180089599 
0.007770686784700203 
0.007769387944985526 
0.007771184131247057 
0.007769052690806408 
0.007773724580017687 
0.007773927848222951 
0.0077738494433689 
0.00777351159838033 
0.007773433554368934 
0.007773575296041441 
0.007772010967481824 
0.007772955390685569 
0.007772331699760708 
0.0077727927679578 
0.007773099782737386 
0.007772591956867158 
0.007773228459785599 
0.007773339887029549 
0.007773629524126254 
0.007773810054616403 
0.007773969084721477 
0.007773684419537316 
0.007771628905901581 
0.007766002722934436 
0.007765723804444596 
0.007766595090954569 
0.007768233304856868 
0.007768191276786174 
0.007768299457468445 
0.007768098457502966 
0.007767492778258589 
0.007766213093200262 
0.007768152143157887 
0.007768440267929643 
0.007765704029248754 
0.00776762924420992 
0.007767567687099114 
0.007764816780795529 
0.007768764157670343 
0.007774045724794096 
0.007773890276850211 
0.007766638893550438 
0.007770035910314998 
0.007770653367666814 
0.007770352265026312 
0.007770980910508749 
0.007769722126202879 
0.007771365908900188 
0.007773097108460608 
0.007773448069847876 
0.007772957268874319 
0.007773226463767115 
0.007772067844002991 
0.007772358692280852 
0.007772601717833463 
0.007773344766210158 
0.007773536633531416 
0.007773633736796506 
0.007773597774608563 
0.007773674978008116 
0.007769534440766545 
0.007771731427658258 
0.007768979391513662 
0.007768998722246516 
0.007769016067011355 
0.007768985842877526 
0.007769004685365621 
0.007769092214479933 
0.007768501608668339 
0.007769012306549744 
0.007767679790593429 
0.007767011796536352 
0.007766395046312525 
0.007767290395182408 
0.007773745246382881 
0.007773941213521735 
0.007770337656571877 
0.00777118492669703 
0.007773642333142492 
0.007769679947114827 
0.007773224949257042 
0.007772153532588426 
0.007769631786495126 
0.007769682404525206 
0.007771826289782653 
0.007770052336649094 
0.007767758057311717 
0.007768446214707709 
0.007767690622660086 
0.007773910680087125 
0.007773730126803173 
0.007768217067494423 
0.007773852631552973 
0.007773973178927495 
0.00776927880869568 
0.007767499800949062 
0.007768087229296818 
0.007769275675551458 
0.0077738014955676 
0.007773903108954936 
0.007770858351030936 
0.007769209681971976 
0.007773460187839296 
0.007773581062713962 
0.007773705252108055 
0.007772181737321671 
0.007770671918276481 
0.007772788691221411 
0.007773021818055722 
0.007770369085809113 
0.007770245858008714 
0.007772545266423397 
0.007770273883723732 
0.007771480693696652 
0.007770685486598468 
0.007768010739309195 
0.007768980934368779 
0.007769859112827397 
0.007773047968027526 
0.007768428532024642 
0.007773769096018246 
0.007771076107327524 
0.007773453340070958 
0.007773213404484017 
0.007773672578854837 
0.007771352662657551 
0.007770436832103321 
0.007773967464966228 
0.007773845284189355 
0.007769921584560459 
0.007773084361992396 
0.007772495654163471 
0.007772894424418807 
0.007770918226373276 
0.007770973605042092 
0.007770720426274817 
0.007772270695463771 
0.007771470136536625 
0.00777002969988148 
0.007769265331084239 
0.007770760463684146 
0.007769468761715797 
0.007773924502244358 
0.007773890700550184 
0.007773861326706981 
0.007773959439763667 
0.007773991862249117 
0.007773829796972441 
0.007770484280213547 
0.007771172333630722 
0.007773247633131649 
0.007771897095017682 
0.007771088870717632 
0.007773950199762195 
0.007773552798644055 
0.007769999173702277 
0.007771499766922023 
0.007773888436662037 
0.00777299004873859 
0.007772557854221301 
0.007771353382628319 
0.007771368624431963 
0.00777074472729224 
0.007770107542576246 
0.007771352313223924 
0.007772196024979252 
0.007773744889823134 
0.007773845030861566 
0.007773868873243239 
0.007774018824958207 
0.007773897702544932 
0.00777336717454006 
0.007766930875860671 
0.007769435627920343 
0.007773444784081819 
0.00777057294763352 
0.007771489922141416 
0.007773187869495054 
0.00777386701220155 
0.007771507577645042 
0.0077719179191784 
0.007770091614849317 
0.007772241808924442 
0.007771379355301582 
0.007772832822620327 
0.007771647781408191 
0.007773336399180171 
0.007771195679578517 
0.007770677815628381 
0.007773512674112915 
0.007771926344352417 
0.007773808455859118 
0.007773841315345428 
0.007773813979559501 
0.0077709643240308 
0.007771899636489636 
0.007772287351627978 
0.007773782356388966 
0.007773319316273561 
0.007773926042806647 
0.007771925525706338 
0.007773715344934044 
0.007771688524869147 
0.00777144614490327 
0.007771654281829829 
0.0077737527770029 
0.007773789748647876 
0.00777139517100404 
0.007773534274742729 
0.007773595887186332 
0.007772332535592438 
0.007772324047192839 
0.007772181736092237 
0.007772621277748292 
0.007771744972336033 
0.007773679129950316 
0.007772416737471862 
0.007771802930862532 
0.007773722122765015 
0.007772906590800939 
0.007773633985269563 
0.007772759475532884 
0.007772298080890797 
0.007772021395381248 
0.007771803044410332 
0.007772999617391536 
0.007772277657190258 
0.007773782950561021 
0.007772691833380039 
0.007773079619448914 
0.007773261529610396 
0.007771820110589541 
0.007772806724327275 
0.007773689904048442 
0.007772811702209928 
0.007773449136941707 
0.007773578321279767 
0.007773006717694157 
0.007773511599047227 
0.007773139856456088 
0.007773342494199634 
0.007773301149286213 
0.007772807180979656 
0.007773148509448727 
0.00777324847599064 
0.007772711732492508 
0.00777356157605985 
0.007772232264110768 
0.007773339246946158 
0.00777383443837603 
0.007773739709109642 
0.007773438690405543 
0.007773689584213502 
0.007773638321104365 
0.007773327949553347 
0.007765424936179439 
0.007765974600883057 
0.007774038195159583 
0.00777359646680313 
0.00777342998786178 
0.007766533147402424 
0.007767282526133766 
0.007766272020357324 
0.007773920447557398 
0.007773775837510425 
0.007768686374527475 
0.007773467400362241 
0.00776882495908753 
0.00777363968478709 
0.007771055923128508 
0.007768797513312773 
0.007768542827179536 
0.007768397562593205 
0.007773851523487075 
0.007773788357243852 
0.007772795225450481 
0.007773441639764048 
0.007772759451521474 
0.007772199847373638 
0.007771856885479473 
0.007771584469796439 
0.007771178054898437 
0.007771383594295406 
0.007770968263894211 
0.007772668647547778 
0.007772413740488006 
0.007771921034327976 
0.007771472132012605 
0.007769695223095426 
0.007770983531427942 
0.007770694857664434 
0.00776961937179212 
0.007769833617187269 
0.007773345708444832 
0.007772274819940741 
0.007769585813248378 
0.007770135844679608 
0.007771058665434811 
0.007770566293066125 
0.007770224793397161 
0.007773348011466563 
0.007773120508989614 
0.007772605387948182 
0.007772422410639863 
0.007771479613380234 
0.007770095624610823 
1.092209572102961e-05 
2.116042094558356e-06 
2.099146827411832e-06 
1.02274346969543e-06 
2.616356006863532e-06 
3.810358657613763e-06 
2.70658959097762e-06 
2.371791809390236e-06 
1.42273159307335e-06 
1.780690349645244e-06 
2.805127453258462e-06 
6.313800131691744e-06 
2.681891563326927e-06 
2.729750818651272e-06 
2.758289277977599e-06 
9.019048028920774e-07 
2.767673426461452e-06 
0 
1.822561509996878e-06 
2.796804386447684e-06 
2.775533895437085e-06 
2.228608394226081e-06 
2.338035160329522e-06 
2.441569758265717e-06 
2.535352369264999e-06 
2.808425639658055e-06 
4.955772320247037e-06 
5.549029714481623e-07 
2.56881327787043e-06 
8.078646505078054e-06 
2.782331096705158e-06 
5.771278915595014e-06 
4.966883551369132e-06 
4.415950030557435e-06 
5.415954413530778e-06 
6.035116665959094e-06 
1.930463613837772e-06 
1.919322192862505e-06 
1.913231404176162e-06 
1.914850984147001e-06 
1.965699331779522e-06 
2.125212377203044e-06 
3.2848517382901e-06 
2.510477489750873e-06 
2.840384020969842e-06 
3.826359831413951e-06 
2.026450667740459e-06 
2.279714486501405e-06 
2.029807529074909e-06 
2.005235059358127e-06 
2.022338861264246e-06 
2.002755350855108e-06 
1.963018122415072e-06 
1.94565549452479e-06 
1.930014861963567e-06 
2.112088947422256e-06 
7.259667828167119e-06 
7.723113513351561e-06 
8.825842163173551e-06 
9.606152916671563e-06 
6.419634808171303e-06 
6.737152040088321e-06 
6.884623060492419e-06 
7.027682905049168e-06 
6.241576376913973e-06 
6.575032376557316e-06 
7.144184987964891e-06 
7.317452655703428e-06 
7.409641377024302e-06 
8.060783999867765e-06 
8.427392911670932e-06 
9.254551639233311e-06 
9.624426208371328e-06 
9.459892346624604e-06 
4.855430386423913e-06 
4.542708276680307e-06 
4.189439041480086e-06 
5.092853959945802e-06 
3.808484425744992e-06 
5.267495688948511e-06 
2.019809983695273e-06 
2.038116274464446e-06 
1.98299814679512e-06 
1.994002782110158e-06 
1.996282542962073e-06 
1.995770885472262e-06 
2.040695640995602e-06 
2.202562504647284e-06 
3.058364158845741e-06 
2.750976589098737e-06 
2.329446283135975e-06 
2.115068381175732e-06 
2.509379292891447e-06 
2.054400843221336e-06 
2.011270138756829e-06 
2.004038672404403e-06 
2.105737185667692e-06 
2.018647200405962e-06 
3.415894893466022e-06 
8.31883908303583e-06 
8.258044326166499e-06 
6.156909482848969e-06 
5.955976605728899e-06 
5.804837969936037e-06 
6.169040047240345e-06 
6.629650558633431e-06 
7.005044293962285e-06 
7.825704200081875e-06 
6.062927703584333e-06 
5.660521610332386e-06 
5.529653775491982e-06 
6.07144257148922e-06 
7.393503583642924e-06 
7.863971951664585e-06 
5.402332737148314e-06 
9.104794970338405e-06 
2.082525900796326e-06 
4.228302218098834e-06 
3.678453251373962e-06 
3.960764263401366e-06 
3.427170480673787e-06 
4.41297147263381e-06 
3.138819008091833e-06 
2.078377161311757e-06 
2.07410428407315e-06 
2.074902916933517e-06 
2.193445571919968e-06 
2.271079292435666e-06 
2.68132997190299e-06 
2.137317513608839e-06 
2.510202926119475e-06 
2.373101405175748e-06 
2.073597468315652e-06 
2.075057100042131e-06 
2.092553561874315e-06 
4.536037954005745e-06 
2.903238401273134e-06 
4.949205779695715e-06 
4.802645065104675e-06 
5.103380726440555e-06 
5.227575231064216e-06 
4.701456903610652e-06 
5.324785550557607e-06 
5.308915122226861e-06 
5.271396577662032e-06 
6.200629778754386e-06 
6.001302204459381e-06 
4.625625840917271e-06 
2.078915679585374e-06 
2.112693844845306e-06 
2.143394358925492e-06 
2.147821076639928e-06 
7.284417433199625e-06 
6.420384617726117e-06 
3.894855704385966e-06 
3.26943246793485e-06 
2.131258788854663e-06 
2.174712698079077e-06 
2.263545574898467e-06 
2.629144845153888e-06 
2.223778216683029e-06 
4.448506648133571e-06 
4.066401910212249e-06 
4.402464272848034e-06 
2.922748843917823e-06 
4.01522106594476e-06 
2.158900732863908e-06 
2.176744554324782e-06 
2.03702321683773e-06 
2.221225886095807e-06 
4.858151935491482e-06 
4.348374272096616e-06 
2.257739839390071e-06 
2.211069433928472e-06 
2.231706086317555e-06 
3.642054080103558e-06 
2.132452419036528e-06 
3.789492970533748e-06 
2.196782458509991e-06 
2.427272104926071e-06 
4.517050519268478e-06 
3.957558469264329e-06 
3.900699133910634e-06 
2.73214381125897e-06 
3.960259062750921e-06 
2.203121264554489e-06 
2.375286338590116e-06 
2.696453899595944e-06 
3.99330789779756e-06 
2.68850335007366e-06 
2.61615434955439e-06 
2.328686455518904e-06 
2.433974761757104e-06 
2.530811898595942e-06 
2.782984822097546e-06 
2.31104485753973e-06 
2.974907184628309e-06 
3.640717448384055e-06 
3.31714895964727e-06 
2.421213584699255e-06 
2.52178160561894e-06 
3.578835776794646e-06 
3.93941122362846e-06 
4.343453697628946e-06 
3.339320188991293e-06 
2.219098257938475e-06 
2.322423744991058e-06 
2.360041096835473e-06 
2.60530338196599e-06 
2.305330580328858e-06 
2.746124739954701e-06 
2.679014286935971e-06 
2.521824281954327e-06 
2.427710747843138e-06 
2.60603175676045e-06 
6.222849428518661e-06 
5.302548144519016e-06 
3.424985437150251e-06 
2.489849215952632e-06 
1.646405336074748e-06 
9.269238151623356e-07 
4.455158551070369e-06 
2.308682417544011e-06 
2.749891865924455e-06 
3.340907225156582e-06 
2.454858143386602e-06 
2.831924307683402e-06 
3.624681503994071e-06 
2.576788843173814e-06 
2.298085592173531e-06 
4.80001838921529e-06 
2.315020180716884e-06 
2.475881727032885e-06 
2.440973608226018e-06 
2.512480684135107e-06 
2.589667669810034e-06 
2.657343020196708e-06 
2.739755371498963e-06 
5.663244758568464e-06 
3.084769365062523e-06 
2.373066581911905e-06 
3.193083012621025e-06 
4.099657303887045e-06 
5.637079678791451e-06 
3.136000244567081e-06 
2.224425630836609e-06 
2.427357470065971e-06 
2.30044080584213e-06 
2.603887384184049e-06 
2.450900808395957e-06 
2.412820832416397e-06 
2.519736582507698e-06 
2.527308210655593e-06 
2.804729414789674e-06 
2.413596359027765e-06 
3.151375052285546e-06 
2.763583244116518e-06 
5.109406670508025e-06 
2.574733597440456e-06 
2.50903270676466e-06 
2.712655207935372e-06 
2.781545477728076e-06 
3.098616974334466e-06 
2.402585741495654e-06 
2.387386568465089e-06 
2.83433775681031e-06 
3.911271525206324e-06 
2.536603568653999e-06 
2.566820161122472e-06 
2.576208237660048e-06 
2.563823582811656e-06 
3.50171039822148e-06 
2.450921043521469e-06 
2.934012403185587e-06 
2.431931193905837e-06 
2.623681389004299e-06 
2.534009825934183e-06 
1.670506890541199e-06 
2.518326639421929e-06 
2.504180708452291e-06 
2.556301981893179e-06 
2.642099633090227e-06 
2.599959136053973e-06 
2.62332793626868e-06 
2.494451719022167e-06 
2.615117834180096e-06 
2.749942641616937e-06 
3.112610313998179e-06 
2.390985570416995e-06 
2.400246807143471e-06 
1.838223365098896e-06 
2.547761684392334e-06 
2.249332202471065e-06 
2.289658786386926e-06 
2.738979123817032e-06 
2.356865288350755e-06 
2.678375432445179e-06 
2.791050218639499e-06 
2.123313320896172e-06 
1.551696019393095e-06 
2.522859926041913e-06 
2.557570175766803e-06 
2.685921414641363e-06 
1.915111944472191e-06 
2.788904161925612e-06 
2.167717934030503e-06 
2.499180807755869e-06 
2.622170505957063e-06 
1.186602957996827e-06 
2.729550340653319e-06 
1.985600179070929e-06 
2.111435819508531e-06 
2.70227922466036e-06 
2.364794677907466e-06 
2.579347113325051e-06 
1.824261102320853e-06 
2.563938079800228e-06 
2.765823236020981e-06 
2.065157593247552e-06 
7.086242388562224e-06 
2.081097843993654e-06 
2.068871944389532e-06 
8.684578837694044e-06 
2.057579248789171e-06 
4.818340551720043e-06 
2.213428979007059e-06 
2.348553837093675e-06 
2.125372632025332e-06 
7.051817914884743e-06 
2.67846567087111e-06 
3.148077417021044e-06 
7.610383928955909e-06 
6.698405086608736e-06 
2.151700799771765e-06 
2.113968571505115e-06 
5.359713339860666e-06 
2.65606911964868e-06 
5.996706499068949e-06 
6.612738303245706e-06 
7.12145977109041e-06 
3.134806452232105e-06 
2.572145706634865e-06 
2.464096392610045e-06 
2.213306400806176e-06 
5.49750510544615e-06 
2.238003176554811e-06 
4.853298480098538e-06 
4.713255390246447e-06 
4.411467136508617e-06 
4.221383698465119e-06 
3.824068375940598e-06 
2.162702623959449e-06 
2.149806416755767e-06 
2.146220475062887e-06 
3.566592473178317e-06 
3.193823072243261e-06 
2.809588441508996e-06 
2.517057864394489e-06 
2.328870477870549e-06 
2.942864437228658e-06 
2.361256922321969e-06 
2.520947850985354e-06 
3.441524902745329e-06 
2.248043348568714e-06 
2.276542327728327e-06 
2.217486896679681e-06 
3.177902345632265e-06 
3.49117340982142e-06 
3.510168977299482e-06 
2.311236927872398e-06 
2.288941262050267e-06 
3.467568312235754e-06 
2.239098469902063e-06 
</DataArray>
</PointData>
<CellData>
<DataArray type="Float64" Name="sigma_xx" NumberOfComponents="1" format="ascii">
0.4464702778174705 
0.4083076490995953 
0.5769391764357479 
0.7116266370041138 
0.7961107322166436 
0.5096232919460052 
0.6190237676552859 
0.8310200279520332 
0.9742760876068116 
0.9511070739972369 
0.8484262127747569 
0.9643174933937166 
1.221905737005949 
1.056496172959895 
0.9975525704277846 
0.6520163208397538 
1.466794792791454 
1.030252504457692 
0.9792297971628501 
0.8819704784671034 
0.8481026268256945 
0.9650326393727824 
1.221685847325812 
1.056420561335029 
0.9974583910041004 
0.507947260099334 
0.6182566537835228 
0.8310393389346719 
0.9740502343019108 
0.9511666354012125 
0.4372910251332293 
0.4056854870421425 
0.5793454753411701 
0.7149229050187401 
0.7972737729914673 
0.8075459172895861 
0.9274925725263113 
0.9433717851737812 
0.83819998380154 
0.9432072982343157 
0.9267430360954205 
0.8082117013456421 
0.7968221143791308 
0.8919618935014836 
0.9150587729015602 
0.8267040150007481 
0.9145902290992265 
0.8907068868682747 
0.7973456671189646 
0.7776132809628353 
0.8672523246579419 
0.8993777570966128 
0.8139036806590438 
0.8990116369158222 
0.8658566965435355 
0.77717783763885 
0.7592136451473837 
0.8485877220018898 
0.8861178447269147 
0.8038856814965769 
0.8860804056775363 
0.8476855058468915 
0.7562489629202017 
0.7403311071862374 
0.8317357996199182 
0.875326781099536 
0.7956932957157901 
0.8756005494211656 
0.8317925285173596 
0.7350070451187625 
0.7179566355830455 
0.8165610201597557 
0.8665643227428211 
0.7891044259222976 
0.866770476648699 
0.8169481847558758 
0.7129365765665328 
0.6899120416920362 
0.8029944982710804 
0.8591839539644347 
0.7837586029051521 
0.8589478470758805 
0.801910230760681 
0.6889654663580759 
0.6597521151109066 
0.7867801216066744 
0.8516660606326925 
0.779025185858633 
0.8511231568019541 
0.7853974265052716 
0.6619773358786276 
0.628607443996279 
0.7654976985748922 
0.8424479678872825 
0.7738436662166507 
0.8420394699238446 
0.7654990106830534 
0.6324296313604206 
0.5951184137053627 
0.7402670043855397 
0.8306224716981019 
0.7668633514297936 
0.8305802179982082 
0.7411724038420539 
0.5978776095950183 
0.5530497725107216 
0.7108906435988575 
0.8155725731739553 
0.7567763080113865 
0.8158611126141356 
0.7131912318134563 
0.5536226470560497 
0.496762776429803 
0.6777890193175907 
0.7966891721296331 
0.7424761989086069 
0.797009607451038 
0.6801210023518478 
0.4978871542968907 
0.4250235267512689 
0.6405572427831923 
0.7725727797728794 
0.7236033034688109 
0.7730967428835849 
0.6390925705535024 
0.431097137666905 
0.3491922263488031 
0.5901859483675169 
0.7420807290174447 
0.7000001943958644 
0.7438338447993189 
0.5886421300943661 
0.351635591160197 
0.2643880992989674 
0.5230850650664267 
0.7060249168558543 
0.6733287499238604 
0.7095373787689422 
0.5263642242996946 
0.2546652448661774 
0.146957258954197 
0.4408831773688401 
0.6663248893320749 
0.6457106789318381 
0.6700459552579849 
0.4469184443986807 
0.1357056719487538 
-0.002160603406234215 
0.3267469192004642 
0.6206598800434925 
0.6202084687479319 
0.6211665001891905 
0.3329682888151743 
0.007380365082154706 
-0.1487496447912129 
0.1466343611417513 
0.5523252777818582 
0.59773208387949 
0.5456738161818772 
0.1505932761266633 
-0.1034252184725542 
-0.139523604370179 
-0.1265839205382691 
0.4027839301007116 
0.5767984774941597 
0.3813175671295252 
-0.1304100643461512 
-0.05707823430466994 
0.009175569828604875 
-0.1353338898966719 
0.06919341512311629 
0.5626374190147463 
0.02994733542567633 
-0.1384328111738849 
0.04888262076793778 
0.2567906076344359 
0.6469813608202557 
0.4759411475551912 
0.06059484567244326 
0.2842141129661032 
0.3836184652454784 
0.01537245485005075 
0.1091069148839735 
0.2051543331443585 
0.001766730204784487 
0.03231690988220878 
0.08747283738673607 
-0.003837300290203431 
-0.004044017607692002 
0.0185011442187257 
-0.006038459051608691 
-0.02178890797732511 
-0.0222236931071342 
-0.006963798161977609 
-0.02965707370447496 
-0.04492891842787585 
-0.007237721020421619 
-0.03349916172423038 
-0.05625788173071598 
-0.007130142957027083 
-0.03481634499979663 
-0.06136685958569109 
-0.006794585896076078 
-0.03435163107580662 
-0.06288430161994071 
-0.00630433924895093 
-0.03283187710415415 
-0.06170690643683018 
-0.005801378245653926 
-0.030627793188466 
-0.05870147385247212 
-0.005257952291851635 
-0.02795717028460454 
-0.05460475086965716 
-0.004685048653482913 
-0.02506942836867057 
-0.04953813855315577 
-0.004098965806039074 
-0.0220774869889281 
-0.04381782457861065 
-0.00349973199550341 
-0.01900219014445824 
-0.03795124250930869 
-0.002903809449483318 
-0.01595019857277217 
-0.03227311261698911 
-0.002358045629986164 
-0.01300659128636792 
-0.02657623534106035 
-0.001841701561392451 
-0.01020292707613439 
-0.02089258087810672 
-0.001365456183640184 
-0.007572926059538056 
-0.01570006452083109 
-0.0009421759677489426 
-0.005218061807965254 
-0.01093948459627863 
-0.0005865476505578631 
-0.003200833235573488 
-0.006797215033823797 
-0.0002805906413529853 
-0.001545522788496836 
-0.003606307123888515 
-9.673551665767663e-05 
-0.0004963270074900878 
-0.0006863262834713532 
-1.488150013316291e-05 
-4.418855321125636e-05 
1.739132113768385e-05 
0.4805251255649433 
0.6487118498715357 
0.2580905239986106 
0.3847301659269106 
0.2856880506892182 
0.0609664995276689 
0.2045608735141485 
0.1095727252653301 
0.01553595951663917 
0.08656067688705001 
0.03235924186415701 
0.001841202484707332 
0.01830907375090612 
-0.004019646786812272 
-0.003806067826406901 
-0.02229107160067142 
-0.02179502731862655 
-0.006047450019517227 
-0.04431021736271407 
-0.02981411955110444 
-0.006992818080510387 
-0.05628503477475745 
-0.03351461415435406 
-0.007244151711936525 
-0.06153885496253267 
-0.0347320574127005 
-0.00709899863585141 
-0.06325761068231614 
-0.03420717839105326 
-0.006741106551841257 
-0.06200534722151932 
-0.03272939266854344 
-0.006254374793586702 
-0.05895990832569024 
-0.03061786367723305 
-0.005776741945845995 
-0.05476736533501884 
-0.02801002950446841 
-0.005252272161700778 
-0.04973140973893959 
-0.02512815815524556 
-0.004688936968991565 
-0.04405245932888389 
-0.02212154010330165 
-0.004107476266646238 
-0.03806562684925968 
-0.01903644880182219 
-0.003526491769797151 
-0.03156674833449471 
-0.01606587618071827 
-0.00293629968334701 
-0.02614090045334348 
-0.0129914777900626 
-0.002371303236112408 
-0.02092476114172481 
-0.01009750331972173 
-0.001832883051482417 
-0.01600145997220067 
-0.007597256895009201 
-0.001361078692103551 
-0.01106241109542149 
-0.005282464613965463 
-0.0009466575133205099 
-0.006959876474042673 
-0.003223482404354278 
-0.0005892478637271587 
-0.003632577025440122 
-0.001588683022767362 
-0.0002887093907287597 
-0.0007791794869945722 
-0.0005290024008950346 
-0.0001014989726266053 
3.402974756959175e-05 
-4.644298682527588e-05 
-1.503197452878103e-05 
0 
0 
0 
0 
0 
0 
0 
0 
0 
0 
0 
0 
0 
0 
0 
0 
0 
0 
0 
0 
0 
0 
0 
0 
0 
0.6014757483065124 
0.6264033601759327 
0.282470711880517 
-0.08170104838347182 
-0.1067810016421236 
-0.07008268495541481 
-0.1932440338387103 
-0.07992207086415234 
-0.1868433758047986 
0.1172426066874851 
0.2017092018431122 
0.2662401090037057 
0.3166432046564909 
0.3901840515836026 
0.2162343725916068 
0.5229467832975826 
0.555280609132668 
0.5811334890163817 
0.4732798351605085 
0.003679774273869277 
-0.005590598320667993 
-0.0009656287386146459 
-0.1513990404977293 
-0.1001366238294405 
-0.1114228277693549 
0.00502243464515948 
0.01391857992937162 
-0.08841238575561004 
0.2469800646810159 
0.07157983186033443 
-0.269754408139408 
-0.008268344977305216 
0.0002336639879601532 
-0.01197916842195786 
-0.04841399869486587 
-0.08250860243815449 
-0.0745130191025437 
0.001155425631596532 
0.002387060980387881 
0.003722525437005956 
0.3022288218565694 
0.3612896674005497 
0.2409188248605678 
0.1355800615012835 
-0.001520961419520764 
-0.03859453688642168 
-0.06248886864486946 
-0.0750758218153907 
-0.08360511010447978 
-0.08189699523656992 
-0.07770951891650774 
-0.06427979757394205 
-0.05598180944994648 
-0.04817495842395852 
-0.03949815288479534 
-0.03161286331191909 
-0.01757399747382869 
-0.007738355349627787 
-0.004701034082781701 
0.6134552787479107 
0.3562187649308579 
0.5644136972842497 
0.04574012907182025 
0.1541155617513736 
0.2338647877726449 
0.3306598102515296 
0.1806222391588778 
0.3238102757378698 
0.05417057817429433 
-0.07019904179648354 
-0.02973152020421382 
-0.07919230274754593 
-0.06944942393534534 
-0.08651571887580363 
-0.07187028723814061 
0.2123230193886022 
0.1512383819185521 
0.1844004593141674 
0.08448202276804781 
0.02849890097509388 
-0.04306970921090586 
-0.06665238241344142 
-0.01593147006483129 
-0.02242475763734538 
-0.02403699357085752 
-0.007245413247274648 
-0.013345920437809 
0.479859471603676 
0.4418396796715598 
0.1223507342781752 
0.4167610750782745 
0.6182383200003019 
0.2483694819128351 
0.3887350114806218 
0.414469823242908 
0.02562616280920303 
-0.186552049004596 
0.3321056446614397 
0.03730932764211015 
0.3922931710210938 
0.2999661981304363 
0.2940956466225435 
-0.06410749181683477 
0.04929956337601174 
0.08313492904647669 
-0.2166335113649133 
0.007537071540047608 
-0.06571418734349929 
-0.01731284288174118 
-0.03083390505844901 
-0.03938943933868917 
-0.08628691420055673 
-0.04552904131398731 
-0.01382702359516001 
-0.02072207159379225 
-0.07968255635090676 
-0.07570769216597388 
-0.05879902643331033 
0.1498334321831239 
0.04685732332262188 
-0.04049045289994387 
0.1498049240041966 
0.1268894795358548 
-0.07434988996823594 
-0.007093052218035607 
-0.0581037437324626 
-0.07955272560141226 
0.1276884881612938 
-0.2548353348849065 
-0.2026100958521488 
-0.1940828756652001 
0.352933876268004 
-0.07160541668008848 
0.2341519848960762 
0.1422666751444046 
0.1529851564925219 
-0.09177026451804078 
0.07336236822570219 
0.142718711600658 
0.08135926919440992 
-0.1861471677933455 
0.01116197039093505 
-0.01934977277968192 
-0.2339952677265935 
0.08631252339860841 
0.1641664147414203 
-0.02449912364047196 
-0.1848245340584675 
-0.2292228549778991 
-0.03587909590460912 
-0.03489051455219685 
0.1849645249958614 
0.0596428947835333 
0.01284649717018225 
-0.05162723625691622 
0.08803973097140851 
0.072011320420381 
-0.0212693802928794 
0.009231824029788673 
0.08363633286706747 
-0.06039296446985692 
-0.04290425902021854 
-0.0302844635765796 
-0.0557908749521926 
-0.04234132185639532 
0.05983678123676382 
-0.0006900453333466958 
0.2296801535593808 
0.03065629479523606 
-0.0413650627884887 
-0.09653551687084447 
-0.2383564848786721 
-0.2015465909286894 
-0.2777957878986539 
-0.1030295120611849 
-0.1151718113724946 
0.04160470784341049 
-0.006704657854535786 
-0.2564686526823167 
0.02192406854249442 
-0.06610134506258172 
-0.01621747545881767 
0.07620399818542055 
0.03955364155539259 
0.01683477156138533 
-0.2053651354074711 
-0.1428533328945493 
0.02304212002293202 
0.02391475021098505 
0.04256641730307845 
0.004607023223090228 
0.003348226566044631 
-0.2921322643919053 
-0.054509729315484 
-0.2320414773321302 
-0.1318483091051768 
-0.1040571547987197 
0.03450087313811943 
-0.08117211820727811 
-0.1691153058292416 
-0.01968245578886933 
-0.05392162712575634 
-0.0009372482332256246 
-0.003773124310877457 
-0.04239884976397797 
-0.05145986262840829 
-0.002399687879649573 
-0.01077298192354547 
-0.06150968358160825 
-0.001614810994331696 
-0.2078724949055852 
-0.0274921136713944 
0.0001873663177957108 
-0.03883128947412046 
-0.1964495884375986 
-0.2838189838230046 
-0.3051072836458208 
-0.1971437298165887 
-0.01266204097948937 
-0.006437423407408225 
-0.04123414308137925 
0.007879107782394592 
-0.08442856842623926 
-0.03188568556086666 
-0.304210684753796 
0.009802037078443552 
0.002117140859406107 
-0.2498769898166503 
-0.01165527842355143 
-0.1084817277938868 
-0.007112654506914317 
-0.09151195282713993 
-0.01135787739405486 
-0.04970132951364581 
-0.06668337349944244 
-0.01141275341694498 
-0.06102813002783032 
-0.1225039800229361 
0.002863787317087694 
-0.01590098145373326 
-0.02817018621204131 
-0.269230676785665 
0.03198969750336367 
0.01089958529120824 
0.03671188395244499 
-0.0140391430824932 
-0.2378297256390565 
-0.001478295269253233 
-0.1428132774758339 
0.01458642918946213 
0.01414398433449702 
-0.1582238707672266 
-0.1261647885279557 
0.03838577630200019 
-0.2930164413812747 
-0.3076898597302804 
-0.316433199475879 
-0.320769261521467 
-0.2094058448001485 
-0.1965824535112876 
-0.01180230971715904 
-0.2245770701011496 
-0.2455143230830296 
0.02217802573131701 
0.01848177179239556 
-0.0006209922905916759 
-0.008785083197239214 
-0.01175455961090428 
-0.000750640640009909 
-0.2309589176265819 
-0.1666879456151125 
-0.119366283551659 
-0.3155909134157396 
-0.001579402093484192 
0.01548159384436117 
-0.02188722799588147 
-0.2971020858363153 
0.005008481578970285 
0.02081923107310344 
-0.2656981567589708 
-0.2067304730715793 
-0.2996561970844949 
-0.1470416465485685 
-0.204209320361744 
-0.04808450404330358 
-0.05174021040541992 
-0.04863169129167492 
-0.2852967260258867 
-0.0417480927875278 
-0.009862924761157684 
-0.01632617605185898 
0.03308135807955433 
0.002892576933310386 
-0.004903895529757764 
-0.003890410470050835 
0.01542365966999218 
0.01928239842442268 
-0.1894090363143229 
-0.0434641194938295 
-0.009594272201107 
-0.009330179396151181 
-0.2907032116845421 
-0.1815791207321264 
-0.1126380395100139 
-0.2719802471070262 
-0.0962461171644993 
-0.3198545117784105 
-0.2436900018345546 
0.02379993106765982 
-0.1028870101795793 
-0.2123183206466095 
0.004702710448462456 
-0.04892806304186265 
0.01521432605148399 
0.04003249407371258 
0.02573795116242018 
-0.1748715183278584 
-0.2428932782804745 
-0.2278931961245821 
-0.0002669285534267368 
-0.06945478109399546 
0.0347321590924544 
-0.2704161225364133 
0.005993701458231707 
-0.308260543504548 
-0.1570398899099375 
-0.1036705321371841 
0.02679983191006962 
-0.2466913377835328 
0.04249192995781054 
0.02408586237446242 
0.009009147532949501 
-0.2876803295110337 
-0.1705315099281753 
-0.2011422081946894 
-0.1725749161399614 
-0.1175702488132651 
-0.168701893925527 
-0.1249109720991678 
-0.2613167356213201 
0.03948378396166258 
-0.05124912295861836 
0.03177904492071679 
-0.2410052836912368 
-0.1143524121368876 
-0.2811873633163487 
-0.06540269576715285 
-0.1736560611321151 
-0.1486208508336644 
0.02201881344321062 
-0.161364629468431 
-0.02412413115295741 
-0.01836196995101373 
-0.1254350262190222 
-0.1627776714668031 
-0.01320922097651733 
-0.09269671979304044 
-0.131446818966005 
0.01567418022029711 
0.04403880583123858 
-0.07094372240211656 
0.01984009143646891 
-0.02789037381551002 
-0.07160373488522308 
-0.2142603978957104 
-0.1842994771635659 
0.0033260417604945 
-0.227798059510473 
-0.03050488655576334 
0.04967479724428149 
-0.1014522882917351 
-0.172484115835525 
-0.0495822173442707 
-0.04305078993324784 
-0.1182701354571142 
-0.03551619812009341 
-0.2522571789997297 
-0.2315217319506712 
-0.1486462142573772 
-0.2714101635618718 
-0.2670390377631632 
-0.02384307820437948 
-0.05374678494588852 
-0.1718008134700865 
-0.232388154715822 
0.2309625659530583 
0.3519334565514536 
0.3883678353061717 
0.3194835815983362 
0.0001522999629488423 
-0.001288566311164225 
-0.007111604112010144 
-0.03181385002032108 
-0.01743742577900874 
-0.02333556184730049 
-0.03219432202778437 
-0.03721882198238876 
-0.04854176712623166 
-0.07537919015726705 
-0.06421588628952314 
-0.05872271597846315 
-0.08027536303593488 
-0.08229857112556044 
-0.08124937161875394 
-0.07645818093992872 
-0.0433140565195289 
-0.007073430386403136 
0.04617610495415447 
0.2838166097030844 
0.005315884847223814 
0.02298677479206831 
0.001783087309240274 
-0.04663274960639383 
-0.0476514878904213 
-0.02141270776678753 
0.0003786010619153522 
-0.01233364742972991 
-0.01333188096554081 
0.3316632709871839 
0.6099663299169031 
0.5590905114086886 
0.1554155333310466 
-0.02987539702328955 
-0.0886981496558106 
-0.08633173124003007 
-0.0366765225370846 
0.01095606891521232 
0.04860337917304452 
-0.2429986812837373 
-0.1972948849984461 
0.1949495256076264 
-0.2412450872528696 
-0.000757713517790315 
0.0003544808497581005 
0.6123390376550142 
0.6248990455815836 
0.5881400414790249 
0.5598816339120536 
0.4846793977446123 
0.4368376076208101 
0.2659838409041464 
0.02321901467602742 
-0.09377311985317086 
-0.2257621530195945 
-0.2906051867849573 
-0.2546119941600646 
0.3617481798623342 
0.3077422965257128 
0.4666098466364885 
0.1208376423713024 
0.3243582421783064 
0.1885730162869762 
0.04887987424191156 
0.1767770323245765 
0.4057255127324472 
0.6290440851011101 
-0.07615678696327291 
-0.07057751790130788 
-0.07426546351732724 
-0.08497975314630453 
-0.06410888238349896 
0.2338214664352274 
0.1258660771274499 
0.2433774533426906 
0.2314581472262085 
-0.07544568749811599 
0.06129055835428903 
0.1252329068065133 
-0.01165223894535078 
-0.03328519970478799 
-0.08415077651943237 
-0.05689853048328835 
-0.08161868532507804 
-0.003984291866005634 
-0.01173722685323627 
0.5255399363789922 
0.2169116764672942 
0.03318543089642654 
0.332905904207688 
0.1172005971545116 
-0.007933511122341556 
0.3939169351539983 
0.4085676215947254 
0.3691457232511826 
0.3755455428418508 
-0.0244876942773213 
-0.1304692177142042 
0.1379408828913854 
-0.2183139422125161 
-0.009845551553553355 
-0.1216855700654265 
-0.2167742734018153 
-0.04016496214118368 
0.04203413243893202 
0.1907671311243205 
0.09150119591386528 
0.1794022850771821 
-0.049162553734969 
0.4142108137546469 
-0.01333647219157114 
-0.02410303924718928 
-0.08912767810136595 
-0.04599094941647923 
-0.08390499127703235 
0.008285056114285264 
-0.05951608299319555 
0.1486934979118569 
0.0180201101270554 
0.05682066793929965 
-0.06551659970310768 
-0.06807764972989618 
-0.06147451569092483 
-0.05824468497500419 
-0.08114284080338423 
-0.04058597857211314 
0.01714952211387576 
-0.03716254149289159 
-0.06246540871489443 
-0.1619061249075596 
0.124484766116499 
-0.2235930715577648 
-0.1762575867077293 
0.2849074300834868 
0.1661139885816906 
0.1884371436520544 
0.07125020471969484 
-0.04586352570065059 
-0.02648154315731532 
0.1824386811732749 
0.0946151267818242 
0.04848471743396308 
-0.1437060845439627 
-0.1433035460867104 
0.1604697438128727 
-0.01668877991067006 
-0.03017146747228962 
0.07391660242818154 
-0.1239785347761098 
0.1150581043029948 
0.1022862088495612 
-0.167368375988703 
-0.01388471876742522 
-0.007338873918794811 
-0.04334591452518358 
-0.06676865169429128 
-0.01818796323290416 
0.07969138027392857 
0.1261269187014454 
0.03838974876058516 
0.06262282975565615 
0.01795637987519584 
0.05050999519822034 
-0.05379337643072559 
-0.03669251232078571 
-0.02447355951225785 
0.1866838764116389 
0.05552879669918966 
-0.2509163188432237 
-0.01573940090873833 
-0.1887219059045449 
-0.05921851349883794 
-0.1824281121314844 
-0.2298965160254947 
-0.2311325618631088 
-0.1120352355154593 
-0.2308746901104985 
-0.2047764518407971 
-0.1099351756981917 
-0.2157712871351825 
-0.01003497584933704 
-0.06769990488393735 
-0.05764610797310177 
-0.006033015872072952 
5.324808436437028e-05 
-0.04954630431338756 
-0.09111931726711847 
-0.04018481090725189 
-0.1914439643337209 
-0.1497188338593178 
-0.009742793921387428 
0.007586525496736159 
-0.07195321515761209 
-0.02860676487136864 
0.02001515776150165 
0.0417885582278885 
-0.00457298414962615 
-0.002087234506176959 
-0.02556398303327601 
-0.2320231368171852 
-0.1363664810819897 
-0.08702954365947695 
-0.01550087369203752 
-0.07396508512502732 
-0.07955045001054822 
-0.0002373453461004376 
0.0006190921319799367 
-0.1956384321952772 
-0.224329288131849 
-0.2669175540172218 
0.0008244793120651401 
-0.06692533999686202 
-0.004064071579355174 
-0.0009837734832536854 
-0.0526364190781418 
-0.06121487219620576 
-0.05667624438716667 
-0.1331920121013518 
0.02025479190408823 
-0.07285202014239744 
0.03048788566183097 
-0.145999701577301 
-0.004056798993097693 
-0.1545624370577922 
0.01062777126122357 
0.002330402241228987 
0.01030341793771359 
-0.01916562439015371 
-0.08864320454611591 
-0.1930226204079274 
-0.1881591166887756 
0.01906765936300575 
0.001153079240888808 
-0.006426089954239501 
-0.01531338772389695 
-0.01274986614296778 
0.003356096470811984 
-0.00332405018686271 
-0.2645942472128692 
-0.1761557927694998 
-0.2150363397168777 
0.0124287993600857 
-0.3079260706434295 
-0.2745603290753097 
-0.05431083443505078 
-0.1225102820651284 
-0.05124862054542408 
-0.02854625530079722 
-0.04463311175449852 
-0.003255757366867242 
-0.01580419724244713 
0.01601229900613799 
-0.2358772089386138 
-0.08594163911431045 
0.00039770639582865 
-0.006081176971337949 
0.003982673960005443 
0.006724047368693691 
-0.004867217118272361 
-0.1797320215700871 
-0.1909300511412872 
-0.00742948584942035 
-0.01148038538504981 
-0.03077015651202513 
-0.0314501884384667 
-0.2220481263054251 
-0.2288147946403268 
0.01082614567537886 
-0.2462306090547443 
-0.01306646230893429 
-0.1455047238915634 
-0.1487436884918309 
-0.01006114954072862 
0.007962844937850546 
-0.004106854018030132 
0.02161467479133444 
0.001632425293698749 
0.01508370611067194 
0.02295716030667509 
0.03539211530045564 
0.03871142691266426 
-0.007802172957139608 
-0.01569132053701984 
-0.06234929151105373 
-0.06560850127291565 
-0.2864016280033965 
-0.2167333403343293 
-0.03857816617815998 
-0.01520322991285191 
-0.06584605393920179 
-0.1659962839983643 
0.0200148251890238 
-0.08227736162850158 
0.01075406476935358 
-0.003605854146739937 
-0.03531775995850048 
-0.2976759378427514 
-0.2003850747220106 
-0.0155066605601093 
-0.1956567295004856 
-0.2705718167309287 
-0.2708853058994123 
0.001001211557744408 
0.02948534466825796 
0.02693818565306736 
-0.2701649944289017 
-0.25645078211685 
-0.04195673182707872 
-0.004111760814868648 
-0.3167205681932991 
-0.2798015711674167 
-0.1342639374696054 
-0.1303410419911934 
-0.038593999239326 
0.02858462249083213 
-0.125431056078418 
-0.1797800163241172 
0.02110305882734353 
-0.31601046338892 
-0.274566509712904 
0.02108314774452213 
0.02517429602464083 
0.04092199002696022 
-0.1192599574126639 
-0.05198999920119748 
0.01177407540897037 
-0.2186260536512685 
-0.07827608561938662 
-0.1252982405568553 
-0.2869269512970392 
-0.2677796444874582 
-0.1848830211886856 
0.01111434197374931 
0.03945020808433466 
0.04342117831154946 
-0.01912976643970113 
-0.1701741777769537 
0.03332597695335493 
-0.2845556067835159 
-0.2164337975719473 
0.03157707676665179 
-0.1345445146485924 
-0.1378438834046375 
0.0246968335200776 
-0.0997047836285454 
-0.1952752186719998 
-0.02956229816647018 
-0.0003112923075664511 
0.04083433970783783 
-0.1305685432315523 
-0.09700059334494081 
-0.1251142321973506 
0.03872301113609587 
0.02155917235302048 
-0.2254052634482143 
-0.1349463564296793 
-0.02186132832186607 
0.04466464713394104 
-0.01587094901133665 
-0.1915700999331331 
-0.03063432994765957 
-0.1753086613840993 
-0.2010928139572302 
-0.116439316844483 
-0.1412609722496821 
-0.1835065373353341 
-0.172955184596627 
-0.2964060147379297 
-0.03929279675896105 
-0.02973548190000274 
-0.2867522762297335 
-0.01455689459088259 
-0.04330004909052602 
-0.02641044213170863 
-0.02507271103943601 
-0.2184067017586465 
-0.1406683407479969 
-0.01289660070502567 
</DataArray>
<DataArray type="Float64" Name="sigma_yy" NumberOfComponents="1" format="ascii">
1.712170438981703 
2.408890232180051 
2.592598667304564 
2.50574778499514 
2.358091926625577 
1.830457356304679 
2.827736013090004 
2.758282430161776 
2.552850820531707 
2.327609725431194 
2.054065056502567 
3.341119625884971 
2.803793990580213 
2.500340582835377 
2.297037941616078 
1.52068817564756 
3.441890417525583 
2.400954674977067 
2.285216743152432 
2.057446125015653 
2.054700421470117 
3.341152122959366 
2.803883319237619 
2.500460059785213 
2.297060531021744 
1.830287934076155 
2.828056331715414 
2.758779050511577 
2.553086252727796 
2.327696462353489 
1.711905061424596 
2.409017512101247 
2.592803943296763 
2.506518892211977 
2.358666629334448 
2.237206082514846 
2.211709870268083 
2.173959382194768 
1.955458567335975 
2.17393241627661 
2.211870653449528 
2.237644978566407 
2.167315970057925 
2.15043012880746 
2.137820815010149 
1.92897262522078 
2.137730498216347 
2.150642467167616 
2.168068181749701 
2.123344316582922 
2.115500422762612 
2.106222690310358 
1.899105068528345 
2.106140257687268 
2.115696864859594 
2.124249873477942 
2.093812452689368 
2.088863677419578 
2.080028834725981 
1.875757623310252 
2.07993401938963 
2.08891476828375 
2.094412129524491 
2.072192321666732 
2.067484727967422 
2.058953272649569 
1.85666259310324 
2.058842999916873 
2.067113733061479 
2.071164340179085 
2.054562736348005 
2.049897600721579 
2.041917720990568 
1.841307355103001 
2.04179739435314 
2.049464462142566 
2.052022461037361 
2.033893907650314 
2.034521611535678 
2.02806401915524 
1.828856057814556 
2.027939545896886 
2.034627703555757 
2.035314521535865 
2.016388077749482 
2.020604247517734 
2.015731092506234 
1.817845617535362 
2.015597346858337 
2.020930987309823 
2.018634198433877 
2.002233323943845 
2.006138959174837 
2.002208252821402 
1.805804026904765 
2.002057238255524 
2.006139579692436 
2.001537712541837 
1.98201431966921 
1.987272387729948 
1.984054137677709 
1.789571531722838 
1.983869644357689 
1.986978330188083 
1.98225553697877 
1.954788863129713 
1.960418043693624 
1.957831693567443 
1.766084649792735 
1.957642774456777 
1.959646613414686 
1.952596987309793 
1.915480944998193 
1.921856417899702 
1.920762306074602 
1.732753175600716 
1.920650871245967 
1.921779070945681 
1.911469785956421 
1.854123914976654 
1.870707981287601 
1.871798417497431 
1.688750326752691 
1.871821911801888 
1.872853103345053 
1.861705586361442 
1.791768569296139 
1.810317136685208 
1.810963887227543 
1.63370713514813 
1.811049907943805 
1.813152781555584 
1.801715684624529 
1.731313452766064 
1.743697947934296 
1.742343766959141 
1.571522836785074 
1.74235178552373 
1.744744215372408 
1.731178807747288 
1.647438363343584 
1.672114953874201 
1.671445243220516 
1.507165316011881 
1.671065049169566 
1.671005083533512 
1.643922101233983 
1.538775638092497 
1.595515005100542 
1.606491380269225 
1.447900001368144 
1.606177150928904 
1.591570338843736 
1.530468585321785 
1.372239146431249 
1.505007961977554 
1.546330270398239 
1.396085907350547 
1.542624236731016 
1.49535035855791 
1.348889150378461 
1.262444414783574 
1.28621372860531 
1.488566148800529 
1.350253292827295 
1.495424760641661 
1.273247175008276 
1.250210811986675 
2.155336589516431 
1.809720737201245 
1.49201808767109 
1.327460619496145 
1.485454474517209 
1.829914046760886 
2.188473935228985 
-0.04081700178576029 
0.5392472624985887 
0.8199353152875239 
0.014192638887842 
0.08741471831836388 
0.314096565738003 
-0.002794483559646618 
0.0169741568524309 
0.09558128683352461 
0.0009078745379152438 
0.006740115854939071 
0.03559935966746286 
3.471802748258662e-05 
0.004388056191960366 
0.01831449246394336 
-0.0003680788409742304 
0.0011827143744169 
0.01086849645889749 
-0.000491965005845122 
-9.88104911027942e-05 
0.00427537355118078 
-0.0004403197108070793 
-0.0005426578120977439 
0.001776080586861568 
-0.0003218646935920838 
-0.000673527353285969 
0.001003422733592504 
-0.0001965873545362384 
-0.0004954027653825934 
0.0003795317063800896 
-6.675065508652281e-05 
-0.0003596874056899887 
0.0001410421367766224 
-2.546087524803692e-05 
-0.0002778068963066877 
4.396882449599993e-05 
-3.085338273797701e-06 
-0.000147698852061742 
-0.000119183484311652 
1.764580442809072e-05 
-4.635541648568442e-05 
-0.0001223120584092236 
3.604232165388178e-05 
4.799934537169225e-06 
-1.345975670797677e-06 
6.565428025575563e-05 
4.682982921927312e-05 
-1.882465755799153e-05 
0.0001048927239147946 
9.297200165470466e-05 
-0.0001548739266246812 
0.0001062587145101605 
0.000154717091567328 
-0.0001492394209113691 
9.907986523671185e-05 
0.0001841531572781202 
-4.047909804419119e-05 
9.014825497040153e-05 
0.0001957749025494461 
-9.27967096831346e-05 
7.96210964421867e-05 
0.0002004417599434456 
-9.924477387919512e-05 
6.327769943577357e-05 
0.000203810703509321 
-9.624071104816186e-05 
5.421235431801707e-05 
0.0001352388965348638 
-0.0004468945128578397 
3.213475162682155e-05 
6.701112267167052e-05 
-0.0002184138628596514 
1.480163367634093e-05 
-4.60410728501869e-06 
-0.0003977603593417984 
0.8193294545991339 
0.5397470971084369 
-0.0401227939202913 
0.3144474921803416 
0.08764214545255088 
0.01418445171911123 
0.09621666957036583 
0.01704153696882807 
-0.002803641712471289 
0.03599860787378742 
0.006774195436050742 
0.0009125993524571326 
0.01827971286803748 
0.004408195849897609 
4.604488001534267e-05 
0.01064107587328349 
0.001212290168687958 
-0.0003667150596673972 
0.004755073213021542 
-0.0001244887771472588 
-0.0005092458164150386 
0.00181437185384206 
-0.0005353796466357156 
-0.0004498337413593599 
0.0009419432603020896 
-0.0006652366625053946 
-0.0003149965075942862 
0.0001718171521928782 
-0.0004787214998845345 
-0.0001808211526930286 
5.243945120973565e-05 
-0.0003580284429940258 
-5.503586560213307e-05 
3.342610651678404e-05 
-0.0002964532958339624 
-2.617025683116734e-05 
-4.015235018585761e-05 
-0.0001660522592881427 
-6.371170312750968e-06 
-0.0001033754098668608 
-5.053648033545274e-05 
1.614484878721164e-05 
-8.984385529161433e-05 
1.178210813158156e-05 
3.749982541731023e-05 
-0.0001266279979537389 
8.55119193398125e-05 
5.811915614353275e-05 
0.0002878184874829653 
8.639524217451513e-05 
0.0001034846537416731 
-0.0001000584516380368 
0.0001611151320840061 
0.0001097566567014595 
-0.000283038304225385 
0.0001982342593867954 
0.0001029335407842915 
-0.0001903046830680734 
0.0001601660663727771 
8.94710664758533e-05 
2.127035120716066e-06 
0.0001888676814150005 
7.756854263443966e-05 
-0.0001677193420483724 
0.000208288304049938 
6.36481099357513e-05 
-0.000368461535874572 
0.0001423323534695173 
5.336187667488203e-05 
-0.0002315668474628176 
6.809516484261852e-05 
3.271630593029888e-05 
-0.0004095406614927073 
-2.949853265439874e-06 
1.555255325435801e-05 
0 
0 
0 
0 
0 
0 
0 
0 
0 
0 
0 
0 
0 
0 
0 
0 
0 
0 
0 
0 
0 
0 
0 
0 
0 
2.094226007851606 
2.174896269847396 
2.136718809328808 
0.004509809098074094 
2.320211160771795 
1.610033077637324 
1.481477152904591 
1.611916854123479 
1.571724688427073 
1.77639636978424 
1.836736216841287 
1.90649119143836 
2.0529512576457 
1.960746675269445 
2.116398235988265 
2.028636295206581 
2.058146600332889 
2.072217874646129 
2.399803839474233 
2.315614684607501 
2.012359687419607 
2.355335381760734 
1.74555612490425 
1.847646582652512 
1.633427903588334 
-0.1743935083617163 
-0.06433800365806004 
0.007731139576818434 
0.7277242485993293 
2.099860561819758 
1.816269295638421 
2.089189911650894 
-0.004269722236694455 
-0.001638585703653096 
-0.001953033873928885 
0.002299442628292611 
0.02023921800796147 
-0.1462190073825312 
-0.1638514865198416 
-0.1722857714983028 
1.628057439088219 
1.004384031854207 
0.2525718455264269 
0.1174514199825668 
0.03568866716013412 
0.02236950536351197 
0.0125643098745496 
0.007491806664649597 
0.00252955674381624 
0.001391428437350174 
0.0005119705138120208 
1.13618657180366e-05 
0.0001881411589530011 
-0.0005203480450608296 
-0.0006404974512273067 
-0.0007997051814654894 
-0.001414576593822952 
-0.002277769833847458 
-0.005494504655800054 
2.243753261958769 
2.370431603489918 
2.330871905410872 
2.005919859425366 
1.945240132536276 
1.123924824333724 
0.5279534413136234 
2.165989485855214 
2.254998639702721 
0.05906204678978046 
0.02962755446814775 
0.06772110971683579 
0.01756306954837731 
0.01243556626435243 
0.004705417185131522 
-0.0001796788226286505 
0.440013147386379 
0.2548661455457262 
1.571396880288744 
0.1464081668967003 
0.08748350758687987 
0.04062488526811579 
0.02627176436213055 
-0.008397801932007299 
-0.002600037589667611 
-0.0010070470629717 
-0.007156945142281696 
-0.006233893187211051 
2.002161003653843 
1.989704443394837 
2.163770133668172 
2.129508290563703 
2.128307447122308 
2.253077060651854 
2.213999191043134 
2.163850572007397 
1.73046825788388 
1.95511085022074 
1.931901907945923 
1.939235245651869 
2.094375869767006 
1.993978755665686 
1.99713529406759 
1.870438842499522 
1.807557825271846 
1.517483631356017 
1.875735031593063 
1.459743737621937 
0.00131201666859602 
-0.003755164780700802 
-0.002365752346252496 
-0.001607404133428478 
0.01198452363598981 
0.05678380887164686 
0.05720186219191263 
0.08483665444816729 
0.01263691203232289 
0.0003722503824003714 
0.04209474918002928 
0.8733506978361174 
0.1734316894731379 
0.06080211546576868 
0.6108578479461524 
0.406728747047229 
0.005183635259755581 
-0.01921673617672602 
0.0003050878052165387 
0.007818175191992023 
1.183785471252478 
1.377967476892479 
1.430864735906416 
1.566501192490184 
2.056031386255699 
2.021803002908252 
1.974392000450217 
1.998026642131758 
1.933647627242754 
1.986718720734133 
1.877487720015206 
2.056386202272084 
2.010083358460248 
1.480593672612858 
1.972605316148056 
1.763723730868844 
1.704873084179511 
1.979321205051318 
2.144966669904846 
-0.006644086705538957 
1.508628728419871 
1.681211312107733 
1.68576437540919 
0.07733806844746782 
2.080711465805523 
2.118129250973219 
0.1207669922411577 
0.03638559740141062 
0.2651957657845217 
0.7584202823027917 
0.1006313283544292 
0.8862843729852963 
0.5449301428945611 
0.02747173498016447 
0.006033856254324933 
-0.001598263005160219 
0.01121598330658772 
2.021291362060116 
0.9951827034133801 
2.050749070666703 
2.141806580371423 
2.079796991069277 
1.895218318965345 
1.917734896258277 
1.758186616778741 
1.636494127951011 
1.788496020965825 
2.015273273322599 
1.693707374047377 
2.517032667702613 
2.430450402180665 
1.755795101887976 
1.833159937991845 
0.002895606643926549 
-0.0144312215832794 
0.3874834207810216 
1.22284087306537 
0.06021019531720141 
1.950789621064166 
1.938836228649539 
0.2189286690637355 
0.3447025768624743 
0.4538436468844654 
0.1570997643954024 
0.1564938841239017 
1.867581063051795 
2.057568489819134 
1.902985534799235 
2.014766364328053 
1.523340807167996 
0.6369345632386745 
1.701631607014354 
1.853083467715974 
-0.01160419600578037 
-0.002098380929083215 
2.451445993083771 
2.40871692807121 
-0.003863708984411956 
0.000736485662334503 
2.383668923091447 
2.020813262825037 
2.467945487190716 
-0.0208928440477425 
1.795688338130129 
0.01872476120650813 
-0.1190651214078265 
-0.003743911934167834 
1.967142719701965 
1.756750038728477 
1.812010137980582 
1.892496719189322 
0.1234403784692504 
0.1316859301762672 
0.02596236700974253 
-0.07288986597094034 
0.8756670725451701 
1.118607153285831 
1.830159923416561 
0.4465792014156021 
0.1787793127075717 
1.906038133164343 
2.10964516746716 
1.799444442395381 
0.7005869945259384 
0.9568390869041143 
2.046425163312218 
1.901458015991123 
1.924291185545246 
2.105499547650904 
1.803707830641783 
1.732703466813766 
2.326279472526276 
2.070476047231931 
-0.009659331609175981 
1.840856217463464 
0.1195737694392725 
0.2448895135715631 
0.06574113486352458 
0.5988181564610914 
1.837328440992583 
-0.0501728128196548 
1.678364922432049 
0.4924157232457316 
0.3246976353166088 
1.234255601305092 
1.051985134645767 
0.2957189634489807 
1.867222183701698 
1.69867453539946 
1.784701124143318 
1.746584079960968 
1.733378012484515 
1.710106859712284 
2.115520239756163 
1.751129373538082 
1.756024631094702 
-0.03168063233602116 
-0.04552181265653452 
-0.08514567992080936 
-0.009426919211478911 
-0.02413207227951353 
0.09700987943704009 
1.477000063949476 
1.156339875430366 
1.665614064807496 
1.811490497685648 
-0.05615208090023283 
0.2281737671093723 
0.05177417522245056 
1.789989534239608 
-0.02940639392785886 
0.3839239400171022 
1.552191851058918 
1.332998091683551 
1.774108529501078 
1.350012896111983 
1.620858949700124 
1.918324006690094 
1.864185046030384 
1.911365256956254 
1.744423207263862 
1.827253364283239 
0.1076140806566183 
0.007115611021188866 
0.07308600047214006 
-0.06942949268957976 
-0.03742622296790551 
-0.03053235674823071 
0.1597972300931249 
0.02680770786894985 
1.733563054117331 
0.703021640479313 
0.5224119987317697 
0.04310905205573462 
1.631853834164935 
1.342953254279888 
1.776583271134265 
1.763225962112488 
0.9338907931060184 
1.7637558762058 
1.555160684435801 
0.2475114187209271 
1.801746784786939 
1.704857628629348 
0.001881728729993871 
1.869730238810022 
-0.0161288213513007 
0.1192784486918968 
0.01330653646415461 
1.751772684842359 
1.412579682269941 
1.367564825057617 
0.02579010402444403 
0.8096564683137248 
0.3327741580271085 
1.502548238927052 
0.1606568986508519 
1.701919547802829 
1.742376035420518 
1.774927861485678 
0.3719813907045216 
1.736985655151003 
0.1598579282634025 
0.1479532348739581 
0.08297493697913257 
1.5812194044265 
1.218117266533442 
1.260270850682417 
1.454261718611542 
0.9813196933723389 
1.752993907353289 
1.730285010755916 
1.698804599628142 
0.2099253717907069 
0.7810885243661002 
0.2431009989416968 
1.473505656185217 
1.056877679743552 
1.665063847414731 
1.770900609363657 
1.723436546338291 
1.096110028156029 
0.4868207852889652 
1.55794925919196 
0.6453371914459833 
0.6979830622326891 
1.19825807117556 
1.6801029246144 
0.6326469288009847 
1.657509243897206 
1.513005324028714 
0.474119309403788 
0.2799634392043057 
1.011631055337538 
0.5079639373753129 
0.7645955293468468 
0.8916205504595323 
1.462577861659415 
1.615448823542867 
0.5106382058642226 
1.641039773806174 
-0.003850094664585022 
0.2982059721766188 
1.098847438388774 
1.461089691869013 
0.7781037286917987 
0.921220558045537 
1.306129188235078 
1.334625599517701 
1.720169588913909 
1.584965942740242 
1.739304588193738 
1.873572144510045 
1.854329115227664 
0.09132847445054369 
1.979848807846471 
1.869659231763914 
1.94528421338632 
0.233240254026292 
2.361506232197834 
1.969701788592894 
2.260048199695718 
-0.00375041087419356 
-0.01751032413093711 
-0.001986973013422075 
-0.003256635041366227 
-0.001429194874552818 
-0.0010608841265891 
-0.001295929377397572 
0.001641798953883535 
-0.001399751585509822 
0.001639989525817686 
-0.0001021952856332573 
0.03617267998976558 
0.001662364648146286 
0.002583781391262012 
0.00409111513251089 
0.006056770071224723 
0.01892978535930638 
0.03208934921556864 
0.05407363387110192 
2.106650646936472 
-0.1750163214903368 
-0.02302533064829548 
-0.1717396123759269 
-0.001363104387994984 
-0.002653904953133927 
-0.002038962944020965 
2.318954133472006 
2.092139992898731 
2.423672340442317 
2.02535133696987 
2.102878522246919 
2.332932182660958 
1.862886730642554 
0.04577071462054878 
0.008061840213465831 
0.003713165106482997 
0.03420942504826265 
-0.07908319214453877 
2.213276503034049 
1.506728509934776 
1.584847127981416 
1.836045808025473 
1.617500966451614 
2.355672864527736 
2.332970361769379 
2.24796115086043 
2.136168878896477 
2.076538041660047 
2.053816251217847 
2.011697409347227 
1.988780743285499 
1.885187929346496 
1.705855619005054 
1.621794326332843 
1.510920051269403 
1.414102382267609 
1.518254072627076 
0.9583299361738062 
1.571477560393531 
2.399399677657904 
2.15631255305699 
0.4945300300945297 
1.451770339783534 
1.948862489640025 
2.131832723949698 
2.177286267637568 
2.182323929632634 
0.001015192926086465 
0.0005127491714211002 
0.0251933120942569 
0.01123953228351596 
0.01130033720369257 
0.6266323154612661 
0.1075391522710196 
2.249320325217195 
1.004079049390927 
0.01734387084968745 
0.1188861295409849 
0.2070021244686283 
-0.001618548985141967 
-0.0009802644020632948 
0.01293135253433505 
-0.0007401692047248431 
0.002572035510462834 
-0.004607928905886241 
-0.005563465882635673 
2.032959237596205 
1.969503396485674 
1.842129180246819 
1.933196644934935 
1.777344147175748 
1.541437320386197 
2.076710849028551 
2.104471848435163 
2.051009486509761 
2.223110374042749 
2.030598573700746 
1.902578851571316 
2.011726228190603 
1.555592690203855 
1.800020818267682 
1.66313919424674 
1.456370506360727 
1.985588471500834 
1.700285951501554 
0.365505846661217 
1.375165257333228 
2.064245214198448 
1.95441924694689 
2.137346772041843 
-0.01307190873159713 
-0.006037212774892376 
0.005407674759261397 
0.05475044398620299 
0.009268918416163573 
0.07078213672335951 
0.02718359966242247 
0.7226242315600677 
0.1261258150242764 
0.1962318780681329 
0.03146904374700236 
1.796436785327109 
0.0358266579833519 
-0.0006396387993035869 
0.01788599575939132 
0.002377798395218995 
0.2387700931020945 
1.600451523575659 
1.731780290430504 
1.516800113868541 
1.946641075351501 
1.744285627551948 
1.943450299998347 
2.002566521585508 
2.037113654264889 
2.115066215534894 
1.898058311917277 
1.90436315750832 
2.046161307982069 
2.14118214141364 
1.980467884423773 
1.962392620781769 
1.81716022784693 
1.753128189601636 
2.162233963251749 
-0.005327154022709972 
-0.005722251288627437 
2.093364490620769 
1.858047008379471 
1.030994636965189 
0.3086543380325592 
1.374495474203251 
2.080632539958264 
0.1200710819795844 
0.05535850090878969 
0.003910129093290323 
0.07813146188767112 
0.6033096574037916 
0.480681451871897 
0.573538895188341 
0.39748401335226 
0.182214243860857 
0.2871812856292547 
0.04648236210627178 
0.07870601230059636 
0.02569201783606106 
2.09118561067657 
0.7747486136392164 
1.862981277635222 
2.062966765028462 
1.922978006991975 
1.959725286656322 
1.934631170349983 
1.743908436361148 
1.847344119887028 
1.812484117152898 
1.711927783659173 
1.681449767653884 
1.652802905236032 
1.56803807230458 
2.072961828146024 
0.0004788190520891612 
0.001497364666741051 
-0.007325819618695727 
-0.1053463358145469 
0.0057295400530777 
2.337249077363905 
1.84906377170015 
1.67375224883415 
1.996263575661782 
0.9640983886861063 
-0.08721638589042609 
0.02312616540896067 
0.08735214094497777 
0.4639050693369731 
1.081887683714483 
0.1405288788945644 
2.38140578705449 
2.055244798289242 
1.796336621254759 
1.548118999645653 
1.40413954623834 
-0.01838680199747068 
0.005924355221150951 
0.007641335428679462 
-0.07143821415960507 
-0.1362169719190775 
1.731325310525619 
1.65219034316613 
1.79332649063448 
-0.1593193804549548 
0.01795967891256776 
-0.02920751714917439 
-0.04149757614846745 
1.899340992182196 
0.01537633672229211 
0.01055005832590315 
1.934261386429257 
0.008564197389678521 
0.0210387671144795 
0.3277734279455975 
1.732361927804524 
2.405481067164213 
1.198710745340977 
0.1812409475023017 
0.1542416973206795 
0.385615794344961 
0.7749799680349042 
1.174369955823708 
1.949996043428492 
1.983466764409668 
-0.0508024093214368 
-0.03680807299407074 
-0.01624889895748126 
-0.01589379510935167 
0.0432330169458521 
-0.1740156231873104 
-0.04770590550308943 
1.858488530726333 
1.691296197277566 
1.772050575020172 
0.196565147844773 
1.659518581134269 
1.796705823662786 
1.870791725742044 
1.787720011186922 
1.892972218297694 
-0.0005237124275204441 
0.04676469299008261 
0.5111914833006235 
0.648053762784231 
0.2815036687247444 
1.394652205749611 
0.9949630298237312 
-0.06765315501808233 
-0.02928399282302485 
-0.08222560488901799 
0.09136001548998848 
2.427961395748138 
1.610629108308655 
1.751704915926847 
2.03733933260674 
2.075551788450722 
2.013734063850572 
0.006924673590866092 
1.38293856790842 
1.555149903823174 
0.3849994954760781 
1.75799477877297 
2.0940300335416 
1.7155419683976 
1.670413626474285 
-0.01203204528808458 
-0.03984603253233278 
0.111798474722844 
0.2536732385490036 
-0.007879883732562471 
-0.03251443702477512 
-0.01015688270209895 
0.1737871903436076 
0.114963721309438 
2.048863790324522 
2.074224718578465 
1.837535246705665 
1.774215346784167 
1.798113198648915 
1.906806196287481 
0.01253587713284717 
0.001622344134725113 
0.8302783920477176 
1.355561749419769 
0.1626795225399298 
0.8605915352410295 
-0.003384850323235846 
0.5186093709791855 
0.6699637529894911 
1.844539005278076 
1.714023412557931 
0.0669908504107897 
1.963289111626264 
1.538997917139912 
1.689856307854844 
0.01544019807445565 
0.04333459344147748 
0.0357500008507107 
1.539777254069528 
1.758321326255495 
1.812974539225136 
0.03486956671542454 
1.745187124633029 
1.803244806833687 
1.727983012192354 
1.779583372129286 
0.6925408243464662 
0.3898548777245078 
1.027250932387218 
1.262923848557585 
0.37996644545504 
1.782025019410377 
1.891290072847121 
0.02992420138582179 
0.09888051457821952 
0.09502982277564256 
1.793057576183842 
1.857499658985023 
0.0654788552858368 
1.659599255146101 
0.901564274620669 
1.737954102358231 
1.643134064213384 
1.743563319089938 
1.220599553322194 
0.04455059729586705 
0.1543853684817392 
0.2648152251596483 
0.01590154863319988 
1.527833022305152 
0.2755208580630627 
1.706290421955945 
1.436479225079693 
0.07797786879469203 
1.064387892805015 
1.319896688250173 
0.4666217992303717 
1.669389853202303 
1.74502286522761 
0.7946004874733971 
0.5348695743141215 
0.1304282130166928 
1.654392284358985 
1.052195810747462 
1.134966596531459 
0.2545134421504739 
0.5066520876985322 
1.571203131222425 
1.509403029312074 
0.6848522103072255 
0.2904716962226513 
-0.003310008823570664 
1.58049944984883 
-0.009061192835751946 
1.518007809124047 
1.602495615246773 
1.867869156538674 
1.888467821559411 
1.772512130661281 
1.673822569129942 
1.798796331122693 
0.02345249849067374 
2.000426038889868 
1.882416601800081 
1.299836960845619 
0.04963065566820737 
0.06673795630539478 
0.08984307347110891 
1.840529137351958 
1.990756173632643 
0.1193476572710244 
</DataArray>
<DataArray type="Float64" Name="sigma_xy" NumberOfComponents="1" format="ascii">
0.7424166261763319 
0.4103375218487282 
0.09884627985080467 
-0.05642105024810978 
-0.09392678521632027 
0.8471232642579435 
0.2486418615853383 
-0.04754654247276019 
-0.1282968881276043 
-0.0956134092901782 
0.7217602633837474 
0.0134416376813054 
-0.128666149369471 
-0.0629268297728643 
-0.05362859780146927 
2.723928179792519e-05 
5.213593146639644e-05 
2.655667954603363e-05 
1.927323851175896e-05 
1.168505026061638e-05 
-0.7205855250563611 
-0.01261392018697695 
0.1289881880832451 
0.0631468570407312 
0.05376857149307795 
-0.84699480887925 
-0.2479632549973513 
0.04827235163460144 
0.1284896155949985 
0.09535437334191764 
-0.7431732297057555 
-0.4122127348330074 
-0.0991318313319709 
0.05702213992686676 
0.09384153311056484 
0.07524008632237131 
0.05777200303921468 
0.01851414334195641 
4.122694165857005e-05 
-0.01827967762160793 
-0.05810784546728179 
-0.07597889733740966 
0.0564240506659985 
0.03401772293625416 
0.0101739083395511 
4.231297264598272e-05 
-0.009840593905700631 
-0.03388356433371653 
-0.05661492713549365 
0.04380193671359344 
0.0251995646846395 
0.008774450548157932 
4.310018156925307e-05 
-0.008379538062150286 
-0.02449598934434149 
-0.04363594195867929 
0.03773264358110306 
0.02111126789517882 
0.007167939194801793 
4.264236649661164e-05 
-0.006688945601163491 
-0.01989221594549615 
-0.03665776833051142 
0.03455588078010718 
0.01776808970022519 
0.005877123941363613 
4.07330140126801e-05 
-0.005402444090452444 
-0.01671507162160575 
-0.03288034772944641 
0.03121552124840294 
0.01447311682400249 
0.004758892438248506 
3.857797747075049e-05 
-0.00439151832017078 
-0.01467030035595083 
-0.03095584874763307 
0.02967547449698015 
0.01322332743164318 
0.004132696643430033 
3.752598872321663e-05 
-0.00380932423654158 
-0.01404065752564167 
-0.03173924425896009 
0.03861085503469905 
0.01624242412007075 
0.004351731299291912 
3.808890573286009e-05 
-0.003928506919312931 
-0.01550078683818499 
-0.03532621609613285 
0.0457498842859668 
0.02061786020108983 
0.005401056876907805 
3.93446058463382e-05 
-0.004955170564798529 
-0.01943079376477089 
-0.04369373834417539 
0.05468071179486951 
0.0256750657449673 
0.007169444308764316 
3.957780233021556e-05 
-0.006838406905096469 
-0.02453275308474408 
-0.0538298986929131 
0.06703629112176911 
0.03143004005108974 
0.009549244847991363 
3.827573429517467e-05 
-0.00948125856406043 
-0.03061023327322011 
-0.06440008929560025 
0.07881423310020298 
0.03776018965733944 
0.01257390139435897 
3.576684826619024e-05 
-0.01267514631065643 
-0.0391153931071762 
-0.08124833881236995 
0.09462716308599091 
0.04828886882438733 
0.01644358607213392 
2.957206347343304e-05 
-0.01580211251841998 
-0.04888910038886164 
-0.1005554753012834 
0.129045020243904 
0.06397831326619069 
0.02076298189589871 
1.468708839212309e-05 
-0.01828508755011498 
-0.0583953543255276 
-0.1215592888037037 
0.1547648009115106 
0.07511699238261488 
0.02364536805329713 
-1.013091308074058e-05 
-0.01919231640790343 
-0.0673375273051284 
-0.1457731697234582 
0.1881441789237163 
0.08636622737886977 
0.0253092869349311 
-4.170945030194484e-05 
-0.01964749477268496 
-0.08087069907074261 
-0.1786749364919217 
0.2517572182752131 
0.1143769108427352 
0.0267715975999965 
-6.581793084750648e-05 
-0.02141088103518196 
-0.1130971739011446 
-0.2399687194676026 
0.3583227152665521 
0.193403495785416 
0.03493947123598263 
-8.01335222816152e-05 
-0.03245206797856464 
-0.2019207557509451 
-0.3524601269715019 
0.3952303863386276 
0.3800835052552992 
0.08985687719598044 
-5.670947797035098e-05 
-0.0973702158220766 
-0.3978724058850751 
-0.4150210830662133 
0.1839044736534253 
0.280119503400432 
0.2815718026493193 
-0.0002360069746052095 
-0.3018599098227123 
-0.2806280291528144 
-0.2111035683711323 
-0.1730533669365763 
-0.5198930182921113 
-0.6224123644126839 
-0.01539273325312562 
-0.171359997273292 
-0.3682402459046981 
-0.004026144830367045 
-0.05716362521857601 
-0.1729675985435677 
-0.002101723280706964 
-0.02472947232178591 
-0.08389038857739167 
-0.001159850153314991 
-0.0126029171422199 
-0.04399079845691389 
-0.0005361535759990339 
-0.006381669039663441 
-0.0237582049787953 
-0.0001410623925423922 
-0.002728521596437826 
-0.01210516548747447 
6.894890515915197e-05 
-0.00073539016314629 
-0.005140720657324909 
0.0001965345218868474 
0.0004471091179248934 
-0.0008561430923556122 
0.0002714470506979608 
0.001167469525045124 
0.001860123580282845 
0.0003155931135431662 
0.001612968412684403 
0.00357933532011106 
0.0003340881165068312 
0.0018825931273354 
0.004629502571734988 
0.0003354313855416367 
0.002010798121737442 
0.005239183428024573 
0.0003239307815819405 
0.002037418031164315 
0.005569569384955501 
0.0003114601791246677 
0.00204187728714071 
0.005763336311495473 
0.0002984930268011729 
0.002040573716244669 
0.005864711040257403 
0.0002679221126681525 
0.001918656921105095 
0.005615598804964712 
0.0002422243488943945 
0.001806221026869889 
0.0054419639952668 
0.0002197886089629433 
0.001673840555865353 
0.005152075832956011 
0.0001977908257335328 
0.001518928619766156 
0.004725216300032291 
0.0001706651855509379 
0.001307454851332186 
0.004109603550322474 
0.0001420760359550677 
0.001066160393841311 
0.003412080504457659 
0.0001045157276211911 
0.0007831978583009972 
0.002706059823924257 
5.754087141719336e-05 
0.0003733581720875893 
0.0013497729898865 
3.088667111445346e-05 
0.0001254448681118674 
0.0003283894097151258 
0.624490509030423 
0.5203584381726271 
0.17352275037982 
0.3702594484696645 
0.1720890108182094 
0.01543636480488499 
0.174224817883614 
0.05756858392765483 
0.004045920232533173 
0.08390776661185465 
0.02483402271959888 
0.002123375592147488 
0.04382811115288193 
0.01262690401437701 
0.001174298715174802 
0.02403449842265039 
0.006537879718387566 
0.000563890449276485 
0.01199780256501591 
0.002700158118718092 
0.0001377500958177335 
0.004970245766579851 
0.0006121619747584567 
-9.014266856125594e-05 
0.0007025954219067672 
-0.0005483350102365863 
-0.0002161344578003004 
-0.001890257250860398 
-0.001195684863273791 
-0.0002780396762823505 
-0.003449263656475598 
-0.001556293540023955 
-0.0003065977072816623 
-0.004476593297454498 
-0.001807345354184851 
-0.0003209702923827275 
-0.005170459931649489 
-0.001966969207297468 
-0.0003259760097312353 
-0.005568960067898762 
-0.002022949377460345 
-0.0003183178655625223 
-0.005774744574295507 
-0.002016570636611853 
-0.000304139855020146 
-0.005796965275122976 
-0.001960324292015698 
-0.0002855301993491595 
-0.005650869652960912 
-0.001913978981944625 
-0.0002681135820706164 
-0.005740903212122879 
-0.001956704509172487 
-0.0002621566593094456 
-0.005018179217412535 
-0.00168116349836456 
-0.0002239701655193605 
-0.004557408702145074 
-0.001478157452460418 
-0.0001962299610457261 
-0.004144731916102274 
-0.001306640854555673 
-0.000170954677865735 
-0.003454870271388527 
-0.001069480471946343 
-0.0001409398509513344 
-0.002634384959432988 
-0.0007595623168210029 
-0.0001018969285316146 
-0.001447888245103284 
-0.000400726346487428 
-6.040028538510233e-05 
-0.0003414796510187656 
-0.0001297636138673838 
-3.123471014034118e-05 
0 
0 
0 
0 
0 
0 
0 
0 
0 
0 
0 
0 
0 
0 
0 
0 
0 
0 
0 
0 
0 
0 
0 
0 
0 
0.05875688833196932 
0.06459252979704146 
-0.4597478505840595 
-0.001042699249999103 
0.05706855624707666 
0.219310957122161 
0.3735412158371034 
0.3148460342401284 
0.3946371322477711 
0.2029396570190994 
0.1570957657021195 
0.1414106788854535 
0.1051120789676652 
0.102213272578216 
0.0595382868803927 
0.05938164785282864 
0.05709989747255782 
0.05865532976787929 
-0.04954086485491586 
0.003820971792865197 
0.004255826686129018 
0.0009741036964393269 
0.335485554903981 
0.2883844101554969 
0.2459750941425958 
0.00341148522299814 
0.03440195095151406 
0.009982609450179768 
-0.5365703270449391 
-0.2023073394069796 
0.279414849746598 
0.0244654094470422 
0.003218033998101004 
0.008250414553256676 
0.02136891952130936 
0.01870326967657668 
0.008342737989558304 
0.01939495446390118 
0.01637668886575444 
0.01048857764385556 
-0.658089153636344 
-0.6371982810338552 
-0.3079303113195246 
-0.1820572910547404 
-0.06215710357972033 
-0.03686961849496133 
-0.02030921554753409 
-0.008911971215592005 
0.004552684868635393 
0.008342990738994999 
0.01061173415114134 
0.01303193275993765 
0.01378544722712614 
0.01310888897689558 
0.01255617823278221 
0.01190903458351569 
0.009390879404873424 
0.007513406291142367 
0.006734967103599796 
0.06030043830834426 
-0.2213639455204523 
0.03468756753039769 
-0.3318598437841931 
-0.4683165854808736 
-0.6193863523754198 
-0.4787228133414151 
-0.2966618541318707 
-0.03398354245377645 
-0.1062798814645286 
-0.009440572428638237 
-0.006255361926348877 
-0.01164099281598571 
0.02884233592693051 
0.01547329171500829 
0.01198635256658614 
-0.4111666231075469 
-0.2884546988658833 
-0.5991803206831016 
-0.1904146508804429 
-0.1230902702953077 
-0.05079970609502581 
-0.02841440201195067 
0.02559786095937672 
0.01685611883419776 
0.01085999947586527 
0.01623479254749536 
0.01534079684712764 
0.07372059763847368 
0.08735318577657852 
-0.08008263132490083 
0.06641873996478569 
0.06224373445758103 
-0.1410755963367873 
0.02208640471902961 
0.05512953367819066 
0.2614398911756732 
0.1006439247005587 
0.1222880844617432 
0.1994901628258623 
0.07600234467298242 
0.1142500256636175 
0.1122742657088098 
-0.3405656857675489 
-0.4570927645868775 
-0.5527832481814208 
-0.1480022168280176 
-0.5166278410057659 
0.02400928747491007 
0.01525117313139811 
0.02003543783569473 
0.02147543130525937 
0.0007485486957855286 
-0.02320790348467058 
-0.07970772376316372 
-0.0909719620508186 
0.01820234036919918 
0.02143681678567672 
-0.0309585491151516 
-0.5442155970404551 
-0.1882214848686497 
-0.05565105565709524 
-0.462474776575161 
-0.3623927291862554 
0.02749149044298901 
0.02351198915484504 
0.02332287840162369 
0.02399152888740109 
-0.5839843568712455 
0.3989521669915275 
0.3538559655749449 
0.3830885288685181 
0.08764355042695401 
-0.131452747452019 
0.1399896634104973 
0.1529977753246777 
0.1742522180721869 
0.1590183811111841 
0.2076569469280778 
0.109053483996944 
0.1445967786948632 
0.2852822812084623 
0.1811998545256816 
0.2515567979929859 
0.3606016393256306 
0.04751158449937467 
-0.009008324232462625 
0.02361622555777164 
0.3415206460541761 
0.3590424897517653 
-0.4397533970380137 
-0.05237975676238884 
0.08516774885237413 
-0.008175960726572253 
-0.1360661681074022 
0.003905938028998106 
-0.2658960825312606 
-0.4710643707660755 
-0.08597469390910738 
-0.4476518737521988 
-0.393953214031752 
0.02276689755845227 
0.04469543608937899 
0.05080985689243972 
0.03555486379803883 
0.1197290265605427 
-0.5264666883947472 
0.07389608754405255 
0.02733448418695714 
0.03988270454677022 
0.2445642679396308 
0.2320417353325154 
0.2558430076543541 
0.3666970836366097 
0.2448673509237979 
0.000476038580486044 
0.3309215817204888 
0.004353924135044615 
-0.002675074051026101 
0.3350187800457768 
0.2524094245325684 
0.03233403811404886 
0.03570864254606254 
-0.3133912612922473 
-0.544870290416307 
0.03608253556847223 
0.1531764565577505 
0.1991012790981591 
-0.1878146945620951 
-0.2201409049302119 
-0.3116400214140888 
-0.1214257030464851 
-0.1250642695771131 
0.07469025900676914 
-0.05294580393482706 
0.2018903386242547 
0.05165028078277028 
-0.4321544576913289 
-0.3905622315962233 
0.2174990569201345 
0.2861149462036967 
0.05212439116523734 
0.02970460710226228 
-0.007253914504134294 
-0.0007894390451109682 
0.03237358287648351 
0.03867772122538278 
-8.334846187345345e-05 
0.07376687275705546 
-0.006040467854264246 
0.008466264007271828 
0.3388961648839853 
0.04346499796023665 
0.01955279606933153 
0.04302701626267499 
-0.06564604894646159 
-0.1245650321921225 
0.2077173664159709 
0.2534488486838943 
-0.07469033590074073 
-0.05149680699672669 
0.0294542131860776 
0.0415540363875786 
-0.2901504204263664 
-0.4883657105006596 
0.004838386998243739 
-0.210913934767637 
-0.09199548598675336 
-0.02701474786636565 
0.02794976713204842 
0.1700151931706298 
-0.3611584341022375 
-0.368315896279344 
0.02358812619402509 
0.1147158023897079 
0.1048028600078632 
0.04005739850358035 
0.167936902284263 
0.2458592282156873 
-0.0004595441657539774 
0.05179296970791852 
0.04156936339598111 
-0.08495382493314452 
0.01413715499107362 
-0.1464689170422775 
0.02223160577528157 
-0.2742923250277638 
0.2954827406042878 
0.01357921992955146 
0.2832504505680232 
-0.2961498745956893 
-0.1501276346798682 
-0.3545197749463201 
-0.3254241916195156 
-0.01241496178202519 
0.1397446559666402 
-0.05419568492115596 
0.0799504973963731 
0.01497704640301845 
0.1763111826614257 
0.3202062335278748 
0.03376981478850961 
0.214871522113916 
0.2986895062107285 
0.008471577156133057 
0.02228939026784233 
0.01751076302786973 
0.05733060392031477 
0.04683124017535968 
-0.001721624809103694 
-0.2789330804470205 
-0.2688084975488313 
0.05720148436258021 
0.1451290649834337 
0.04102437751345271 
-0.09118911532374742 
0.01866426591476905 
-0.05905252457714261 
0.05477233952859675 
-0.1201125402901547 
-0.2154631137460432 
-0.2820472395555615 
0.1839895348247847 
0.004274412413981357 
0.06806525052905499 
0.09471118314424339 
0.137968225933021 
0.07673342375999072 
0.1532871936388819 
0.01643893504999519 
-0.02275097638576908 
0.05332680460772634 
0.03022349275665001 
0.04377268901153752 
0.033699192943915 
0.0537449250854924 
-0.03206212876853352 
0.04691697290805995 
0.2722906321670321 
-0.2441581682378631 
-0.180759308095825 
0.03568474560769366 
-0.1368904726424931 
-0.05461795813461181 
0.2059790726872187 
0.2089154166778711 
-0.1563931108693652 
0.1398758995129828 
0.01457208848273361 
-0.07327070558886935 
0.1400983634373126 
0.1341156497897789 
0.05580197302791961 
0.05665766984847925 
0.04909709076339109 
0.004273652444491871 
0.03714678410127301 
0.2296307248356184 
-0.2100647872630485 
-0.1273636356340327 
0.04875403872440984 
-0.2056523324023718 
-0.04187087292278213 
-0.1348720389288899 
-0.04981687566777444 
0.08729945849921313 
0.1593165808600991 
0.1178349386392107 
-0.08648773614361785 
0.1717306641523233 
0.004417870820820144 
-0.008680192220888207 
0.01837981174627447 
-0.05317750662473573 
-0.1171663634445209 
-0.2003116380552505 
-0.000948385852661273 
-0.2417288025674998 
0.1898044916918883 
0.1068768772906639 
0.1114425503487228 
-0.01459697823637279 
-0.1254353643468354 
-0.04386048120157485 
-0.05492505802252326 
-0.09920725686006518 
0.0335429886039176 
0.0668387745624316 
0.1437854614514367 
-0.1822380912881517 
-0.03760269786753119 
0.03468306271873052 
-0.1581487227883822 
-0.05683234772190142 
-0.05012761270551367 
0.09845867951781791 
-0.09018325804507363 
0.01936435431439663 
0.006932742763814779 
-0.06167294267648239 
-0.005480426322685812 
-0.01338814845044368 
-0.0123199719047953 
-0.022916733660244 
-0.07580931866799784 
0.3947506701626644 
0.3390054505400728 
-0.1021973672037851 
0.37291450229546 
0.03046209524809295 
-0.2545508746059414 
-0.3967594455385685 
-0.3520525232410449 
-0.3304082602119884 
-0.4150730722108061 
-0.4282426013701364 
-0.5002508541673539 
-0.2039499981415863 
-0.3041482383632824 
-0.3199308597668969 
0.2116156523393581 
0.2379114152227558 
-0.03769904533899309 
-0.236580533381871 
-0.211511853459888 
0.05561582595528047 
0.2898527329136901 
0.2415096843291169 
-0.1041161147829813 
0.0514981790107418 
-0.00262163477243063 
-0.006935993608383367 
-0.006701365180879644 
-0.01655995651748767 
-0.009301826561683581 
-0.009999490023037544 
-0.01157567977272735 
-0.0143808284560016 
-0.0137485398132891 
-0.02026006571999799 
-0.01181132996645887 
-0.003443558560285213 
-0.007457958172498508 
-0.004627721966570418 
-0.0006323110243241712 
0.005638138074356792 
0.03245306957079563 
0.05736241212967682 
0.09829811992724623 
0.4829817042013507 
-0.004436735095508342 
-0.006569376107208773 
-0.01488647025661685 
-0.03982771913339555 
-0.0274581319930539 
-0.01664931809334025 
0.00120427251899632 
-0.03408235703705116 
0.003049563231862723 
-0.09943002827349186 
-0.0574795351613873 
-0.03091745094084804 
0.5093404216084561 
0.06023372617582575 
-0.003779632835205266 
-0.01408415138883771 
-0.02351039101890147 
-0.03011121057708943 
-0.07949771240049221 
-0.375313981832807 
-0.3952333593158042 
-0.1666066308095297 
-0.3883393385656188 
0.000369313851192483 
0.001691195599933917 
-0.06063200551865774 
-0.059615558736752 
-0.05638087479208988 
-0.05867432964086901 
-0.07447653941436201 
-0.08708675324911297 
-0.1416623288119722 
-0.2377138367054552 
-0.2895362118566915 
-0.3474950409002435 
-0.3603723248476262 
-0.2343179614565579 
0.6272845703046243 
0.6676549699888118 
0.06027058073688173 
0.1209448691864514 
0.4596337116553594 
0.6144862164867482 
0.378098346429153 
0.336036897541202 
-0.04717339637140456 
-0.06352823625493821 
-0.009454842244639813 
-0.01076545579650218 
0.01268095396035868 
0.003997793232748926 
0.01588952878697977 
0.4958580556548537 
0.168971791712522 
0.1710554928943255 
0.6002175490659433 
0.01543009266450178 
0.1599391894431883 
0.2469669456133703 
-0.007990408946148105 
-0.02717020582120829 
-0.009017404199494457 
-0.0127754266474033 
-0.01738361202603418 
-0.006001782701365692 
-0.01334559792969702 
-0.06418143810749767 
-0.1431847921854525 
-0.2303700947061511 
-0.1201223350205601 
-0.1967816246633832 
-0.2921646264335308 
-0.08009674782058956 
-0.07264639005214972 
-0.08839263942680145 
-0.01517472169607354 
-0.1010116122587547 
-0.2232709105671807 
-0.1360690023960827 
-0.3945875581374456 
-0.253942984152799 
-0.3189865583977511 
-0.3821062638637675 
-0.1685440659747219 
0.4969306717021088 
0.3637407189064989 
0.5677677312637578 
-0.09640808562636284 
0.2765300926434932 
-0.06418374763259621 
-0.02425787991723056 
-0.0258740348396332 
-0.009635025730108973 
0.05082486857343591 
-0.01625410432555769 
0.1001253257517209 
0.03390030383314678 
0.4950854543989652 
0.1385566128778881 
0.2094763623153858 
0.02981900322800248 
0.3814207198406623 
0.007980380690754209 
-0.0254896347045592 
0.0005948238696673749 
-0.04651733454167164 
0.1706233002793889 
0.4685735676544749 
-0.2831358753795962 
-0.3409571268631993 
-0.1760985689273156 
-0.3514887851059948 
-0.1427425719898909 
-0.1176020733687507 
-0.1154471096436373 
-0.05086886391640191 
-0.2028665707913595 
-0.2320714546875454 
0.1665807499011038 
-0.01291858129673961 
-0.154419735122555 
-0.185668111590528 
-0.285375731455616 
-0.3271050339836379 
0.04028191337134333 
-0.02147914585257734 
-0.04588379529962863 
0.2397526673444864 
0.2769832114261178 
0.5633550493437366 
0.2947768696034511 
0.3763589612682671 
0.0897004543909712 
0.1076349837076283 
0.04960841533336965 
-0.031733240444471 
0.08549483908349255 
0.3993641392416766 
0.3999196879590697 
0.3660266437544441 
0.3244359432203305 
0.1658948369868199 
0.2341161526066112 
0.02861322077515682 
0.04883298263175002 
-0.03921671922172427 
-0.07631614718594344 
0.4754982360368663 
-0.2508422792688105 
-0.0285025608583413 
-0.2272572226856283 
-0.1914365267518305 
-0.1960212378648341 
-0.3116944851801202 
-0.2837352944457333 
-0.3086548625125601 
-0.333888630118616 
-0.3761231101911205 
-0.2935181212751081 
-0.3983853592403799 
0.03041711098981858 
-0.02298548558255386 
-0.0359652249926758 
-0.01354958295763315 
-0.01723569463385393 
-0.0422629407379187 
0.02925360443189245 
-0.1647512137918885 
-0.3382541810561657 
0.07116346467346919 
0.4690805435004378 
-0.03648519389733996 
-0.005257256009457671 
0.06727282270890264 
0.2926823046985704 
0.5120703931570506 
0.07396975744177101 
-0.0004424522331443779 
-0.06756424023206284 
-0.3353765074801168 
0.3779147633613829 
0.4625866141244626 
-0.03742537379661142 
-0.02688175377420359 
-0.02198933246692434 
-0.01587241055270922 
-0.01757785417809814 
-0.2733651217262991 
-0.3770526603805142 
-0.310748645582386 
-0.0168002979154982 
-0.02174436178270878 
-0.0307996983153582 
-0.01188094924466329 
-0.1045321695447254 
-0.02863104109057731 
-0.03673260854243688 
0.190443675727947 
-0.04694459558846963 
-0.01335262078847637 
0.2332459319779517 
0.3548342767588137 
0.0003085299285993802 
0.3348599339473227 
0.08017526732619831 
0.119690198860627 
0.2302328490194537 
0.3887217298734563 
0.4293337575344762 
0.02556330301102624 
-0.04241714729159764 
-0.02226053838436149 
-0.05374270272176615 
-0.01908029396657307 
-0.0495612025253481 
-0.03423653427095143 
-0.00972207508051885 
-0.03820483130677259 
-0.2124239948927296 
0.2963924094177676 
0.2491567695096162 
0.1352365174750929 
0.06961840724739454 
-0.2734459675696319 
-0.1297411740435708 
-0.1418455154095799 
-0.08320067982166038 
-0.0525459778776304 
-0.009045818321762784 
0.2420361284200312 
0.3191142971994315 
0.1509123746028443 
0.1454689697271085 
0.3818688995441679 
-0.04085768433466293 
-0.05250035852297216 
-0.04030573083725365 
-0.01280576267959868 
0.006491169017011976 
-0.3540351307967646 
-0.2371840517915011 
-0.00845830848578919 
-0.02712686270395241 
-0.07211561560124399 
-0.04939476035553297 
0.2613167138583372 
0.2825346352243404 
0.164824137966389 
-0.2694620057573849 
-0.04290070497551359 
-0.2838540263320344 
-0.2948901418194675 
-0.05741860815301927 
-0.05193819167687215 
0.02359724733309047 
0.08693147522148197 
-0.05825293629734687 
-0.04614960987323054 
-0.03703244116437947 
0.01367182297855527 
-0.003986077107865577 
-0.016908938931368 
-0.05046577655464183 
-0.1618719141856983 
-0.1985871451241281 
0.07378492108487947 
0.06961117021331088 
-0.04340646544815296 
-0.05513637917771633 
0.3143741419765376 
0.02227104604508774 
0.02049697813667525 
0.2220248161776164 
-0.05270582860093492 
0.1708251654103113 
0.2427320683770753 
-0.01882276538560621 
-0.1434240404168725 
-0.01558659822824909 
-0.1031726605447424 
0.1708800552053741 
0.1834052067221031 
-0.05321385966348566 
-0.03543807120565239 
-0.02256709956974684 
0.05564660362706782 
-0.2242084729797102 
-0.01766210823350491 
-0.04337033113161411 
-0.02743531900630674 
-0.2342529166030641 
-0.2564735850549041 
-0.2189303543458137 
0.1591999567930319 
0.05030797218373423 
0.2821386062170915 
0.1120000202121348 
0.09809862779792207 
-0.1143328885907761 
-0.1173316659366952 
-0.04624340769262154 
-0.02469758133389165 
-0.02324733060873154 
-0.1773375341537888 
-0.06170482426825361 
-0.03186508632023952 
-0.09543087210144902 
0.1283021400919939 
-0.09511894953497448 
-0.03264942102261838 
-0.1689407025170504 
0.2230658958654716 
-0.04496897885711277 
-0.006400358069088597 
0.009147431346291934 
-0.04887638408914162 
-0.02635434077548372 
0.04126465897612791 
-0.1073326516161022 
0.03813360841132314 
-0.02895446812304208 
0.1763781073364704 
0.003767856882415503 
0.03515156884105238 
-0.0236761539359662 
-0.1931844956621005 
0.03083879010975533 
0.1017245903985414 
-0.01460050733894671 
-0.07449950641106329 
0.03035419385226539 
0.07142211417436208 
0.01052445532137865 
0.01114231825075975 
-0.03616227318339898 
-0.01285918526461764 
0.07293297120624659 
0.00234541359137076 
-0.01436110595794909 
-0.3493301814460353 
-0.03530812186048007 
-0.399307153526107 
-0.3780582384729562 
-0.2804163781915109 
-0.260646145163299 
-0.3431026503872612 
-0.3493072010238027 
-0.1759281546693541 
-0.0389118585550414 
-0.1365494602229614 
-0.1683836831014037 
0.5159761897174467 
0.01454580263309626 
0.01241377900977875 
0.04045694529988129 
0.1756274324074221 
0.1296942679614967 
0.07829355903895603 
</DataArray>
<DataArray type="Float64" Name="vonMises" NumberOfComponents="1" format="ascii">
2.004988142110403 
2.343294609065653 
2.363888043921218 
2.238655303484334 
2.084119541909825 
2.197794304250997 
2.61042408621447 
2.452205197426849 
2.242422790557137 
2.033713695896097 
2.181536452041565 
2.978528246071806 
2.444996389209952 
2.1767329405571 
1.997174607406197 
1.321402400100518 
2.991579796158494 
2.086243995645482 
1.985788063233303 
1.787833812002306 
2.180872660104598 
2.978379086851215 
2.445143608621921 
2.176867030780875 
1.997213359030935 
2.197834210800605 
2.610773178281141 
2.452717874887281 
2.242703224703621 
2.03374997144871 
2.007526091687464 
2.345293299694684 
2.363392814393642 
2.238646582772048 
2.084435030085384 
1.966610799795324 
1.926284339883769 
1.888445418255269 
1.699215138540718 
1.888426772983885 
1.926530114695581 
1.966999930778497 
1.901254775858096 
1.872248820330563 
1.857872231484412 
1.676211653862398 
1.857824011018602 
1.872558146226088 
1.901892671203056 
1.862226782602626 
1.842471445656226 
1.83057245279401 
1.650257756545867 
1.830523083082462 
1.842767186899374 
1.863125137854601 
1.837138051080707 
1.819946584951782 
1.807962460366552 
1.629970601096749 
1.807874292266047 
1.820049437438134 
1.838099300166813 
1.819765110427518 
1.802116420313832 
1.789785527329799 
1.61337839105242 
1.789657597911029 
1.801739830833089 
1.819582383563252 
1.806799945950089 
1.787628040267881 
1.775099039189363 
1.600035872109214 
1.774969243213248 
1.787190056829377 
1.805266647371985 
1.79224358160284 
1.775075564743002 
1.763182323872351 
1.589216902524659 
1.763088038560187 
1.775323226681837 
1.793861570961326 
1.781923070360632 
1.764336894780882 
1.752664819632171 
1.579650408693045 
1.752588946532251 
1.764794038869713 
1.783410148042792 
1.775315742578423 
1.753898737741322 
1.741231663689002 
1.569188388729763 
1.741127824040805 
1.75385847554972 
1.773701249919089 
1.764081464266692 
1.740147186434501 
1.725850156502669 
1.555084836649706 
1.725682379254716 
1.739692926756963 
1.763616007486481 
1.749128242071411 
1.719861945228337 
1.703462149423323 
1.534677280111438 
1.703261476750222 
1.718739293670241 
1.746589027773951 
1.727117808454088 
1.689554487058998 
1.671605590721109 
1.505714609702351 
1.67147505654344 
1.689185338933633 
1.723286391306773 
1.690336388114597 
1.648806183438811 
1.629481108752154 
1.467478822453509 
1.62943104805538 
1.65113960305314 
1.696923891568003 
1.660318045675252 
1.602942146981989 
1.577239966465123 
1.419649239793297 
1.577045774498336 
1.605289538769811 
1.667516002744939 
1.637517968303144 
1.555289636051191 
1.51847692856104 
1.365614925646922 
1.517917768728412 
1.554485048471979 
1.638509330882081 
1.61237131796345 
1.508481493741813 
1.458051498586323 
1.309693413143051 
1.457013272313312 
1.504929002487513 
1.610459732416936 
1.600407731592223 
1.473210202739257 
1.40395820789662 
1.25820234021236 
1.403326298149199 
1.46710411519536 
1.582355239037028 
1.579389857588083 
1.475831784795107 
1.358596894386721 
1.213199977493583 
1.356038054544573 
1.468290603051901 
1.530487600149794 
1.502662539134597 
1.505514408403348 
1.342652719511526 
1.17348046619625 
1.356432617927013 
1.509674386636085 
1.467778022408322 
2.174223109549242 
1.942606950455705 
1.538023379492079 
1.154051000558257 
1.560879447884712 
1.96400750499599 
2.195113546969847 
0.4097941799472983 
1.082291926911479 
1.292580518356282 
0.06102437438089829 
0.3894447898704771 
0.7294718453170577 
0.0183223662614067 
0.1419277391273941 
0.3483798761080123 
0.003948838395123301 
0.05202530647036131 
0.164065921436943 
0.004346844774085711 
0.02301858061523201 
0.07838651001209454 
0.005936179134199964 
0.02498204311097914 
0.05046693761146029 
0.006735745333669221 
0.02998259235815149 
0.0516582958881532 
0.007028928627118913 
0.03325555785120662 
0.05785588368790224 
0.006983084679808247 
0.03449320914660853 
0.06189244022959058 
0.00671493595834231 
0.03416651933858118 
0.0631571547811009 
0.006295008123982853 
0.03277281369997884 
0.06208784416314653 
0.005817540223007401 
0.03066370412637619 
0.05926839699786535 
0.005288420549131037 
0.02810028239314497 
0.05529495606969142 
0.004727309717583595 
0.02529366522401598 
0.05040876242536205 
0.004152297954337862 
0.02236133300689332 
0.04493985882494429 
0.003570644363594024 
0.01935115283161686 
0.03927807594550813 
0.002993834841920042 
0.01633842505674183 
0.0336330844565523 
0.002449132685359609 
0.01345343820135944 
0.02812822873401764 
0.001931082106314829 
0.01069662382063515 
0.02269994532243274 
0.001453634899740024 
0.008111199555728685 
0.01766427836353678 
0.001027828766611136 
0.005782955817570569 
0.01301011184059216 
0.000667618453561396 
0.0037880509809878 
0.008971293428999017 
0.0003600724629897301 
0.002110957531815031 
0.005793255235535246 
0.0001530745893242304 
0.0008380211172182493 
0.002415472330787338 
5.935298877752202e-05 
0.0002213134022282723 
0.0006992511372167589 
1.295554688166364 
1.083666169862793 
0.4109821222086866 
0.7329346953269376 
0.3912855443365377 
0.06138550676962835 
0.3499764192083284 
0.1427295835566453 
0.01849032505616758 
0.1636891156455336 
0.05219184306566735 
0.004008585247751922 
0.07808582108677509 
0.02305700015592522 
0.004335949121468807 
0.05079662091450501 
0.02512262673873379 
0.00595334846915235 
0.05126934962337705 
0.03011740792924886 
0.006756826024317278 
0.05785783522262241 
0.03326705844898511 
0.007031770591746368 
0.06202713082083178 
0.03441736956583766 
0.00695693804525043 
0.06342824915063096 
0.03403341744348334 
0.006669947328140567 
0.06231861374945075 
0.03266327332140182 
0.006249641952697864 
0.05948413544724973 
0.0306310983447151 
0.005790450704102902 
0.05547492989840851 
0.02813441133379958 
0.005279367519758205 
0.05060753644415222 
0.02534628118860244 
0.004729278118726381 
0.04512995044042465 
0.02240140587407239 
0.004159843784940541 
0.03930651634476292 
0.01937911640237514 
0.003590133876164887 
0.03318772238584194 
0.01644681742725314 
0.003025240740613703 
0.02792158625963898 
0.0135049492603355 
0.002470135668049303 
0.02252886145778862 
0.01060563403716755 
0.001925930591088578 
0.01775803217084778 
0.008094173003616371 
0.001448390842559676 
0.01318851325488863 
0.005836070699628197 
0.001031156959762843 
0.009116418714881306 
0.003812742051535499 
0.0006695974644320866 
0.005728251668935151 
0.002121579123818961 
0.0003643564589968404 
0.00260181722096514 
0.0008956828744741238 
0.0001601176223338635 
0.0007298240874658145 
0.0002292257383344363 
6.023660936667982e-05 
0 
0 
0 
0 
0 
0 
0 
0 
0 
0 
0 
0 
0 
0 
0 
0 
0 
0 
0 
0 
0 
0 
0 
0 
0 
1.870370714149154 
1.942346315023675 
2.162383117858672 
0.08406614943935101 
2.377458084801185 
1.689451219333142 
1.713768815227686 
1.740940921137514 
1.807238414919572 
1.75630693891327 
1.765739837822617 
1.804992791220991 
1.923009195904793 
1.806394667861405 
2.01962748428649 
1.827169469873256 
1.846953242585618 
1.854154575998073 
2.203323942735754 
2.313786456966225 
2.015174284575043 
2.355818948726872 
1.916198071637561 
1.964265519907757 
1.744710336863875 
0.1770568137662031 
0.09369675509950653 
0.09412229514336992 
1.128969220109933 
2.094520270659544 
2.023799945309069 
2.093765188401842 
0.007095775898511911 
0.01818693393548634 
0.06019192301331097 
0.08973359237281009 
0.08762822051648014 
0.15059472465279 
0.1674775178928598 
0.1751217096941575 
1.883908545126924 
1.412270824757271 
0.5877485304071365 
0.3401283435212876 
0.1136696615171851 
0.08325491007418487 
0.07800796629173344 
0.08058057720958564 
0.08526357828242939 
0.08385597291423902 
0.08010395203392498 
0.06813308049725908 
0.06094790016605697 
0.05302413173666364 
0.04481281833900852 
0.0374193399019539 
0.02346385511066275 
0.01472406223979841 
0.0127490703529661 
2.011273781810516 
2.246875957033129 
2.107026414905703 
2.065054109779245 
2.041048817776277 
1.48525138267066 
0.9492230283893394 
2.144046114773473 
2.112615646987644 
0.1926384990086839 
0.09029339184395331 
0.08718343991389657 
0.09152748378764108 
0.09130799380011166 
0.09291109397353291 
0.0747226528378826 
0.8077386274559318 
0.5467198521600852 
1.813994638461782 
0.3535207535995599 
0.2267730397576732 
0.1140040068059309 
0.09646738357661482 
0.04643594451190191 
0.03610693789596219 
0.03013973433495501 
0.02902702738707736 
0.02897927048464282 
1.81506530331821 
1.81601416235742 
2.109827412939044 
1.958119898211559 
1.899403284370574 
2.15363762740225 
2.047855403577726 
1.991557572530229 
1.776480869738019 
2.06212939397989 
1.801612261110589 
1.951682027366468 
1.932879699779192 
1.872688969548713 
1.877633981555675 
1.992615200131322 
1.951252242381999 
1.76074417569647 
2.00932153271544 
1.708981969565538 
0.07833027237455344 
0.03076715877338026 
0.04569067092837506 
0.05361323886036676 
0.09287006464517467 
0.09745987525893211 
0.1526896682832627 
0.184965799688687 
0.09224921881617022 
0.08449015790322864 
0.1028577609017451 
1.242113607702851 
0.3611503800536754 
0.1307264288538711 
0.9724855109815788 
0.7238128799403778 
0.09059539207003928 
0.04406506471054582 
0.07089241728674199 
0.09347993118719967 
1.513145664513765 
1.671041206360705 
1.65951032470851 
1.798859546413516 
1.910295377997998 
2.071093005920571 
1.88402081601812 
1.948928582596558 
1.886178603977544 
2.052719000711876 
1.876691091588347 
1.997820322579067 
1.986514588621312 
1.657279291544687 
1.991928292531415 
1.82621628889473 
1.93658949679679 
1.939354049322043 
2.067835725706964 
0.04641933836680005 
1.714310766881225 
1.910790720703641 
1.866473062018032 
0.1346395432069216 
2.00011872343846 
2.088994489622751 
0.2621836615632969 
0.0768995455827651 
0.5165599719892587 
1.091547998546297 
0.1868003232193728 
1.174129377548602 
0.8508615295851328 
0.08727027425287129 
0.09016156063787643 
0.09282362475835493 
0.08750208312194538 
2.053290243829482 
1.328879996769903 
2.055083753060186 
2.037252919611233 
2.065794847792205 
1.962496984247813 
2.008403811135647 
1.939968068999224 
1.857946211583975 
1.988116001828854 
2.068713307440766 
1.845400726396964 
2.496501725052659 
2.433814067742168 
1.983837635175821 
1.874005670132409 
0.08778180855471614 
0.06373813726665435 
0.6488951477616127 
1.529440218498948 
0.08246757174173545 
2.07816463248336 
2.043376169837043 
0.3863148964827808 
0.5064922110171218 
0.6926947137640774 
0.2611712129124436 
0.2662720112660098 
2.03359702896731 
2.087373152260435 
2.058894823487482 
2.085740701126348 
1.746477037449445 
0.9178876400627795 
1.783867035403077 
2.005364901877289 
0.0918940358185026 
0.07379626013346564 
2.451946942063285 
2.410606092683999 
0.06923092153398239 
0.08470217046476601 
2.384869676875153 
2.03024558604358 
2.499289974510518 
0.0249080997147922 
1.996380131256072 
0.08537467073418666 
0.1238780954719606 
0.0832494887438833 
2.075479585393231 
1.926621983345161 
2.014638478424465 
2.046023533816891 
0.1835668823072283 
0.161821216496578 
0.077765590306047 
0.1054966057806515 
1.049006254452331 
1.415439655322744 
1.99971345934267 
0.5732414332675611 
0.2386996696178638 
2.043008648076202 
2.116050719709385 
1.879279363596448 
0.9418927771071732 
1.190985930847984 
2.052534334818636 
1.937007213743719 
1.96687884357763 
2.112368795636824 
1.857894425536689 
1.84685459097639 
2.324849037995376 
2.08040718123479 
0.0761498051716757 
1.994618558296664 
0.109980342899532 
0.3489697861640088 
0.06883975020664125 
0.7699974120296198 
2.032545263331901 
0.05475866975181348 
1.821452632842173 
0.706128646923733 
0.4106714118238589 
1.456284036124873 
1.254199534723546 
0.2793459593668437 
2.04403762792607 
1.873938278949467 
1.967028979240421 
1.927270683837958 
1.872080801797285 
1.899179620489483 
2.122252201221076 
1.910147052037353 
1.960274279235376 
0.04912681577528434 
0.0688882125240133 
0.09009538331817292 
0.09971771487875013 
0.08376371452539842 
0.09743301136523164 
1.676129033441386 
1.332076845401722 
1.731228671412525 
2.003989202853504 
0.09008808266008733 
0.2715084131608113 
0.07306075289177379 
1.958214341771651 
0.100185477022204 
0.4279241730539191 
1.741144056911115 
1.527692594420873 
1.967341854594721 
1.429237207883611 
1.736023709761723 
1.949725980046024 
1.905629018417192 
1.940695536910687 
1.921607574131315 
1.848700305428374 
0.1195503157699229 
0.09468152370944136 
0.0822103041498682 
0.1038161669269059 
0.06817729009513182 
0.09743781411338021 
0.1624571519921396 
0.08471808677476969 
1.895229727026878 
0.8399550027268992 
0.6132212421180405 
0.07853573080607235 
1.810540650870575 
1.445439744650626 
1.869847169974299 
1.947675187278888 
1.022093492099305 
1.958566510494168 
1.690421166082697 
0.2684089665129074 
1.871132332961675 
1.835089135269899 
0.09673876030134794 
1.897207862867789 
0.08926688471395118 
0.1054026917558382 
0.06809312567547031 
1.887806543534412 
1.590555330002145 
1.510791867038752 
0.08833432915592902 
0.9184120652162311 
0.3250330877393358 
1.670826370087416 
0.1798021060985033 
1.881237077309659 
1.846700743332729 
1.840320468535137 
0.3893067335483256 
1.896035168542079 
0.1436175553231769 
0.1383211640853784 
0.08504071905072737 
1.745389365685949 
1.327328865731948 
1.415135584969869 
1.547782620506455 
1.125825717637366 
1.872233584690081 
1.80551614581474 
1.853485339179004 
0.194879958462745 
0.8366348960052489 
0.2411508060334561 
1.61042708629196 
1.131569554006755 
1.822930129905619 
1.808200879327649 
1.833493369457612 
1.219049761850451 
0.4806266510962611 
1.64567648318831 
0.7124909255354686 
0.7141593718225551 
1.268620595836936 
1.775333203721625 
0.6581583800405834 
1.706077424988395 
1.58287311634395 
0.4785540967839639 
0.2609210481912402 
1.049160142300321 
0.4987968374611933 
0.7799260103528211 
0.9387219081044779 
1.72217836152266 
1.812771816533972 
0.5388849055549545 
1.880405501281551 
0.06009777344000193 
0.5205473171634876 
1.342197086732597 
1.669841776612693 
0.9869107215559967 
1.186177442725061 
1.557116737499955 
1.606437197562049 
1.892439967900582 
1.791700830176851 
1.900758915563434 
2.055914913779294 
2.043240099052724 
0.1238974924715957 
2.048660921980395 
1.995134564840181 
2.07351761370358 
0.5530992458402194 
2.245986770766589 
1.816068938042948 
2.120329106002029 
0.005939601929525105 
0.02073722890221013 
0.01323318915499358 
0.0417350824333011 
0.02325417958970083 
0.02865112557776532 
0.03739547195424692 
0.04549139168897801 
0.05345449546794766 
0.08390318078397664 
0.06734723811496303 
0.08316581298479815 
0.08214138854871401 
0.08400368851418415 
0.08337744057537848 
0.08025579929944217 
0.07882877160391762 
0.1057264418408943 
0.1776143065734638 
2.14952095861348 
0.1778999490895609 
0.04144038928682711 
0.1745529191185606 
0.08289540227249262 
0.06643110737883688 
0.03536383866388071 
2.318765794297712 
2.099164216295351 
2.430371445587112 
1.889437192853276 
1.876534998173697 
2.110379631268931 
1.995811218447119 
0.1234472407248398 
0.09322168311532537 
0.09155659095369723 
0.07367733894417071 
0.09980321956865386 
2.193705109874307 
1.765784233025161 
1.825370139867767 
1.770425535209889 
1.875405304463949 
2.356051899503318 
2.332794980632115 
2.015639547461284 
1.905121635812685 
1.856383631156163 
1.841755323094792 
1.823033889244802 
1.816605082589592 
1.784224215875188 
1.743673660225578 
1.744300605572837 
1.742760719441949 
1.698436647803335 
1.709152747672237 
1.372239665112809 
1.848763480645774 
2.205936915511971 
2.108934522763934 
0.9072776726772774 
1.732689274155759 
2.033241050869478 
2.130226328171581 
2.007108388602422 
1.948733882689703 
0.07839886972564195 
0.07324836260399552 
0.09221428753708928 
0.09138361593791088 
0.07562757291676524 
1.019041747968575 
0.31547710945848 
2.158476454047023 
1.382074040535703 
0.08953013546930749 
0.2955426873392426 
0.4643142248479973 
0.01763730589169659 
0.05736634374264986 
0.09263205255143983 
0.06070840682822302 
0.0882310671988593 
0.0112611031253427 
0.02525331538591016 
1.831139532930854 
1.886873518484028 
1.868855393156996 
1.802162911077428 
1.755149972364376 
1.626161575680879 
1.915487769853393 
1.936941583632893 
1.899796535045135 
2.061326227030379 
2.050430425347959 
2.008632912241054 
1.960641510462755 
1.809484786055421 
1.857782332903254 
1.813415747055053 
1.709305527510587 
2.027103153431639 
1.887349839782994 
0.7051113757812029 
1.655506955043689 
1.987673698766397 
2.036581073070045 
1.966435439277412 
0.04404244947037332 
0.04980247282245796 
0.09345298608242851 
0.1240173586290881 
0.09325372191466912 
0.1859235370521007 
0.09667815367993605 
1.082670232880168 
0.2674947652282302 
0.4027735728657735 
0.1000599278120607 
1.946936614498235 
0.08634900913125111 
0.07283379255114641 
0.09141362814575513 
0.09077977800791807 
0.3748965220852578 
1.811349371289655 
1.830748217816019 
1.709160815864448 
1.911965714179408 
1.962949182082205 
2.052252418874122 
1.887429357310517 
1.969522005123582 
2.029339680995502 
1.896293606077597 
1.96916601319566 
2.079641872560726 
2.056164161319284 
1.95329444970895 
1.965097314942715 
1.956572931952204 
1.914736783890605 
2.087798126737066 
0.0400256338303603 
0.08418064447314005 
2.098892133581995 
1.981975379845303 
1.38190837438821 
0.5786528280276888 
1.603818961226086 
2.093382923398856 
0.2238481169974626 
0.1213506546879414 
0.08806481507065821 
0.172581812567689 
0.8948350834719663 
0.8161758743341385 
0.8428102602765867 
0.6729038785281807 
0.3358807003672878 
0.4847163539704532 
0.1000546338074948 
0.1326004477250005 
0.08063289169275779 
2.008728442293629 
1.11292125541815 
2.046918706579622 
2.071469683885236 
2.061869535985115 
2.017430514582224 
2.060165495911787 
1.945879716877238 
2.033371852232011 
1.945897254820953 
1.927092501025612 
1.907336838578867 
1.784377489979257 
1.8220238530431 
2.078665236514949 
0.0787459207556762 
0.08539394203904133 
0.02442625068528048 
0.1095201821767162 
0.09016656761145254 
2.384653400380656 
1.891133209533521 
1.871302974077797 
2.078835001500376 
1.264548656989303 
0.110992931276594 
0.08636551902077957 
0.1566030130833089 
0.6806703910106713 
1.383352803860593 
0.1919022912086481 
2.382450213286394 
2.07145352855202 
2.008702032614904 
1.747809629108348 
1.656303944759155 
0.06704711693276351 
0.09006671581951334 
0.09189737756361777 
0.07643506719905248 
0.1398810939403438 
1.897013696766313 
1.891348029635477 
2.013859321125044 
0.162362096309549 
0.08615080165505229 
0.0599729817869946 
0.04588750686508084 
1.934689181507716 
0.08593114882327031 
0.08927088933962331 
2.031142971329595 
0.08319568018201851 
0.08841742301087162 
0.5114516661405403 
1.911292802827306 
2.407512089449789 
1.408000773494831 
0.2243195571339538 
0.2577085910087831 
0.5512295664057023 
1.03398645872097 
1.429714920232874 
2.053800402874163 
2.085221632401888 
0.07348291073230884 
0.1003167022068588 
0.03595938426370542 
0.08725057654206352 
0.07809794399712645 
0.1765227179352511 
0.08066692823548777 
2.037426555500667 
1.858222455405349 
1.937445850766179 
0.3020198844337833 
1.836945723162017 
2.00528238032013 
1.911782917657698 
1.86824145686773 
1.924512799292753 
0.09530714721936703 
0.08069563452299278 
0.6623715802889136 
0.857885321958181 
0.3785720839349024 
1.546978721861301 
1.233011645933682 
0.09804113807121745 
0.09479090009781184 
0.1094442569605606 
0.09093689485025705 
2.430424664567744 
1.814368752833776 
1.899512129302193 
2.041116793849842 
2.081845998206423 
2.033134668634331 
0.09259792005333765 
1.572819966057487 
1.751047172348534 
0.4750523610015401 
1.949840146720033 
2.101907583548987 
1.858922982600161 
1.822566991831259 
0.1000781211037712 
0.1003051755918209 
0.1210181616969209 
0.2863659995885037 
0.1012809679223244 
0.09035764766670822 
0.07055190823612383 
0.1608249026278384 
0.101550423573612 
2.05298490776501 
2.083948682054556 
1.890396727568765 
1.84034201839422 
1.961262898961885 
2.027483374126601 
0.08821223271454268 
0.09684263522663579 
1.022184802439602 
1.446239480307836 
0.1577009715058921 
0.9828934900184383 
0.09218037278031696 
0.5986505015573094 
0.8065463189135939 
2.010241993824815 
1.839349480842964 
0.08059690485016779 
2.075777014017985 
1.716313823039568 
1.867528538627099 
0.09337605590969891 
0.07236786432936917 
0.05068047154539689 
1.693867368809551 
1.938863607222505 
1.834567901162983 
0.08378022108689873 
1.923794366923326 
1.999788681226867 
1.852915000187673 
1.886703478764449 
0.7641099979325671 
0.3863324061197661 
1.199430355035503 
1.375491906634626 
0.407027525899981 
1.969220750238756 
2.052547193502925 
0.08440627259582358 
0.09875102819597069 
0.09185740125837995 
1.880814765516723 
1.88706168551725 
0.0818615144010916 
1.786678434655192 
0.9689687955039271 
1.811377803183646 
1.804681143597229 
1.914218544029362 
1.378037849940545 
0.08763424514310185 
0.1393682882064498 
0.2465054555009965 
0.08994277563674631 
1.620282190549704 
0.2700901302213246 
1.874164960212398 
1.557427790591133 
0.08444187540979957 
1.177946974804044 
1.393954977495194 
0.4588340163789493 
1.72189760460779 
1.880414231195402 
0.8115461623506425 
0.5632900994062995 
0.1182900525655346 
1.728214134561137 
1.105148355866581 
1.208762414957802 
0.238229572999418 
0.4965990233257831 
1.696339411227168 
1.581357815023756 
0.7074107021575827 
0.2709454264065467 
0.02879295560849774 
1.789846020952643 
0.06695501642029887 
1.754861635821294 
1.832884329238016 
1.988941111363553 
2.014160225713797 
1.963135184386703 
1.867388107034725 
1.987347721231154 
0.08693593059203199 
2.029287912910754 
2.061689979176959 
1.583478418751223 
0.08439103733720466 
0.08588568522353485 
0.1259496779616003 
1.982364213820566 
2.076871662416871 
0.1853078758382679 
</DataArray>
<DataArray type="Float64" Name="Eta_u" NumberOfComponents="1" format="ascii">
0.03891951827934629 
0.05623771376072652 
0.05135565584019941 
0.04467770341239312 
0.0396392266484322 
0.09248004625079399 
0.1340895743643061 
0.1040183940166234 
0.09278691835669348 
0.08506057288072462 
0.3347120447732088 
0.1346541914085757 
0.1007289744183714 
0.09088793421202607 
0.0854105258126138 
0.04051704613466234 
0.06889813539267714 
0.04730315654700023 
0.04506437475168282 
0.04057701026276448 
0.3361597494685745 
0.1344998967054849 
0.1006139467618285 
0.09073741001351687 
0.08524972993632773 
0.09250250363867295 
0.1341122516127288 
0.1040918703971389 
0.09286659754043647 
0.08513607255390264 
0.03805409267903236 
0.05575687418714011 
0.05132785067175358 
0.04489843863063624 
0.03986014053269775 
0.03783775079368908 
0.08162748273483322 
0.0818842568117058 
0.03903240379958772 
0.08206817874301009 
0.08155677735773185 
0.0377422295921503 
0.0366893037642832 
0.08016615194197235 
0.07866433639939026 
0.03850478145736211 
0.0788744580885133 
0.08009633745813134 
0.0366258545959867 
0.03631053368976392 
0.0790376529050751 
0.07749744235839565 
0.03790832147545166 
0.07771713871240872 
0.07895776172737701 
0.03617342016884973 
0.0360974952607994 
0.0780835858840947 
0.07653114028550274 
0.03744245774169708 
0.07675677640112764 
0.0779806848339681 
0.03578810385441063 
0.03592976784816192 
0.07730515137910919 
0.07574472995869261 
0.0370618503759781 
0.07598363397557814 
0.07718111626276422 
0.03545012181586524 
0.03562118779263591 
0.07665794794257863 
0.07510045943016384 
0.0367562588467228 
0.07536190151818511 
0.0765327989352062 
0.03520097257519918 
0.03509442925198981 
0.07613426793020446 
0.07457954002516481 
0.03650895164668944 
0.07486522061508033 
0.07601158450968715 
0.03503842565377276 
0.0347634483496702 
0.07568535801039315 
0.07412499460451158 
0.0362905939687827 
0.07443785500095143 
0.07556866020020496 
0.03495500895733498 
0.03481573152253709 
0.07522830857884613 
0.0736446236401074 
0.03605180509807569 
0.07397885519372688 
0.07511132026134727 
0.03498010466039089 
0.03491058985330308 
0.07464590645603698 
0.07301643372120376 
0.03572905864593966 
0.0733558455710057 
0.07450144731697141 
0.03500701907051464 
0.03469621059977521 
0.07376661410612714 
0.07210284034905397 
0.03526098265059445 
0.07244454697296369 
0.07361346436504829 
0.03468005422361808 
0.03375437618484751 
0.07246744619636634 
0.07080328360141049 
0.03459592057146253 
0.0711379349314346 
0.0723421161771426 
0.03395010361218967 
0.03228698798726046 
0.07078344902658688 
0.06909623707976513 
0.0337186379509149 
0.06940472832969453 
0.07065079754035909 
0.03305527447899141 
0.031644418715374 
0.06874271100759624 
0.06693703350139001 
0.03262718682447931 
0.06726139063222129 
0.06853447175301515 
0.03211679393521547 
0.03200489522646871 
0.06651517979188443 
0.06445848482654633 
0.03140977676579355 
0.0649016935485318 
0.06614665807690694 
0.03119759900935343 
0.03223090213157126 
0.06435131768851188 
0.06188290265615107 
0.0301876215092476 
0.0625675873443183 
0.06376208755922963 
0.03047018220156182 
0.03230014397184972 
0.06270527602219492 
0.05963050654488197 
0.02913434022092695 
0.06074076010128394 
0.0619906632724828 
0.03043457841833492 
0.03289212862101904 
0.0621271900355573 
0.05805556126164826 
0.0282688639446096 
0.05950053209645996 
0.06132802098598853 
0.03143409999259644 
0.0330557782142086 
0.07836736677994631 
0.105050718308648 
0.02754559197583499 
0.09331113507469371 
0.07667119584037707 
0.03294256571806856 
0.05451413717732971 
0.1087797029108969 
0.3860329148998754 
0.4962079220350742 
0.3548161412474666 
0.1050865571590694 
0.05531269221494384 
0.3331618971845086 
0.08014473232843947 
0.009302569911104459 
0.004801904929691736 
0.00540656561740298 
0.005597698882934685 
0.001861574166067158 
0.00289207500666237 
0.003437722522345048 
0.0008477546262918643 
0.001503098722641854 
0.002145089355119778 
0.000957821076216579 
0.00129867398231542 
0.00139359470694644 
0.0009973929305700107 
0.001336292247295923 
0.001324292983318361 
0.001006156867377189 
0.001420787304537137 
0.001514691277296117 
0.0009552063400860586 
0.00139207650548025 
0.00161387673849742 
0.0008991149324262699 
0.001328048245300184 
0.001635785936438229 
0.0008475871950331284 
0.001267851657185824 
0.001585871910410203 
0.0007869094858612763 
0.001199798041449648 
0.001499596576164736 
0.0007119282844821435 
0.001114911403058667 
0.0013741954261831 
0.0006377637578361347 
0.001020897552813231 
0.001246669283984712 
0.0005648766335878178 
0.0009219945938892631 
0.001116944131112663 
0.000496437328500197 
0.0008294931622934467 
0.001006905248913285 
0.0004334291374254787 
0.0007361334411625756 
0.0008924804217136855 
0.0003714934674564356 
0.0006357603397111871 
0.0007836684663838589 
0.0003070266353396267 
0.0005385108726533123 
0.0006796312861051261 
0.0002466010630616084 
0.0004482309998798899 
0.000579467377384294 
0.0001935461716788839 
0.0003635774713913384 
0.0004532277224620663 
0.0001461872866739671 
0.0002841597394106547 
0.0003520332694225605 
0.0001058096643865723 
0.0002113125138674289 
0.0002643988214066929 
7.232559817057612e-05 
0.0001441153610072343 
0.0001973698130197577 
4.347002162397186e-05 
8.770680599382152e-05 
0.0001361081717358597 
2.117508737700818e-05 
3.959609518977977e-05 
0.0001058414828227982 
0.009863091392219863 
0.08015954117649449 
0.3316931765182501 
0.004586117139202844 
0.005412699029217316 
0.004806060922607927 
0.003218052511391513 
0.002909393347777634 
0.001864796199671583 
0.002084546661125845 
0.001507900495617804 
0.0008440471148821344 
0.001365982344077179 
0.001297326093071947 
0.0009491941244842679 
0.001300108579167206 
0.001346677485418377 
0.0010027645932759 
0.001439591636461736 
0.001435059019889812 
0.001005811652113646 
0.001499582354937091 
0.001389135760179289 
0.0009550878014402564 
0.001497946161229017 
0.001314378794639011 
0.0008940590967330574 
0.001460785227953419 
0.001246525539307162 
0.0008386419577016454 
0.001387082786460247 
0.001178537339732831 
0.0007753250261717215 
0.001296860919151049 
0.001099104816946076 
0.0007017484614600345 
0.001190868508334373 
0.001012223062099908 
0.0006308440259537173 
0.001088702995183679 
0.0009190380961258748 
0.0005619534545463056 
0.0009931227666951244 
0.0008290365431627999 
0.0004969642435515393 
0.0009322842594056523 
0.0007426500979248348 
0.0004372339973225044 
0.0008696092039636705 
0.0006548250323826017 
0.0003789317390230072 
0.0007358284859937031 
0.0005551866399701164 
0.0003157367206928209 
0.0005661571832403819 
0.0004503891799562681 
0.0002501920863606683 
0.0004406619917562645 
0.0003532817874710719 
0.0001912417192387472 
0.0003565770864082436 
0.0002800059401301074 
0.0001442164474090203 
0.0002735955849281278 
0.0002126343227870457 
0.000106035594996954 
0.0001985313276542761 
0.0001448929606771685 
7.218326427779998e-05 
0.0001434842274692583 
8.858996013868607e-05 
4.377476614331489e-05 
9.838478927505311e-05 
4.218258923022213e-05 
2.20776006480215e-05 
0 
4.445824720677353e-17 
0.0007372781517769702 
0.0008106255440329882 
0.0006999248154215856 
0.0006634738839137635 
0.0006022247298615649 
0.0005365439155237117 
0.0004971920969919445 
0.0004644552646591245 
0.0004340271401019455 
0.000378082167236918 
0.0003291474272560239 
0.0002861589686767414 
0.0002488163680892937 
0.0002163975679668599 
0.0001858523846983729 
0.0001404658002025834 
0.0001065404309359979 
7.796793389216717e-05 
5.342051331467487e-05 
3.270947474287292e-05 
2.082827142226404e-05 
1.179605355857179e-05 
4.384375644524254e-06 
0.025107343333867 
0.02466059293385341 
0.03338069827237462 
0.001784698594497554 
0.05238025232968564 
0.0188162136408779 
0.02413330644736731 
0.02496814726154609 
0.01949588338752821 
0.01716674529446783 
0.01796193222582321 
0.02388261864125363 
0.02176159975911575 
0.02519049490723192 
0.01235461574562722 
0.02379774843181438 
0.02567815822879171 
0.0258021619476423 
0.03205259167933425 
0.01097791855882141 
0.01577546712728457 
0.01413637045074416 
0.02171018935563699 
0.01908729607433284 
0.0178709916575568 
0.006145059605234223 
0.004977230468327768 
0.001301667346577057 
0.004300049499563626 
0.01775398305777215 
0.008524066489794107 
0.01492809984412087 
0.0007709678690967518 
0.0004259407030037094 
0.0006075903580683239 
0.0009192027575244303 
0.00116601216447221 
0.004682725457027748 
0.004596061865999187 
0.006437701342930792 
0.02389419183693726 
0.01022426157599551 
0.004246557277411822 
0.003440316091227769 
0.002112425233337573 
0.002112410136771301 
0.00200751486024186 
0.001928588240198648 
0.001612817890723167 
0.001480219996460163 
0.001364703426881859 
0.001096160667761006 
0.001039673331039099 
0.00086196731462544 
0.0007298738816579594 
0.0006573786524358469 
0.0004825260220715075 
0.0005107894264853165 
0.0007243287118012034 
0.02574308625598641 
0.03487750921612081 
0.02827717679678313 
0.01730077072297848 
0.02183561246064493 
0.009632803200486657 
0.005545987823258088 
0.02460733169999937 
0.02158416443770296 
0.002579601894066067 
0.001194129713024293 
0.001321723303173568 
0.001621072883154648 
0.0006688792493775676 
0.001134247774372685 
0.001180590197480999 
0.003883348541763814 
0.003504408293214751 
0.01484440968486527 
0.002824964687146991 
0.002184011847045924 
0.001817413315169139 
0.001730930522252386 
0.0004320717810705567 
0.0004029418970899642 
0.0005757597983343877 
0.0004985601488373285 
0.0003439634734170046 
0.02299968559890385 
0.02410581892486521 
0.0172364648331778 
0.01778317047441291 
0.02452187168248787 
0.0243497005587913 
0.01892444244840337 
0.01754075318332999 
0.0232764300445321 
0.006686755230695281 
0.02565123444077346 
0.01479630427113423 
0.01863402388250801 
0.01514213339231724 
0.01485198274099683 
0.01473609766477923 
0.01543346134911343 
0.01059222691874744 
0.005159122623110219 
0.007504681025418955 
0.001062648153004748 
0.0003076475339540391 
0.0005781991717874586 
0.0006233231976116585 
0.001370440958523855 
0.001073724732561244 
0.001874849126019191 
0.001711067015104592 
0.0008957852452755518 
0.0009755058376597366 
0.001211887294646438 
0.004286146972208613 
0.00239612751373937 
0.001243918399521774 
0.004176100332917808 
0.00388235738374115 
0.0006324665431544103 
0.001061692863890209 
0.000714956966411355 
0.0006625386908470677 
0.006698995233466338 
0.02331691097568558 
0.01228941820710533 
0.02107993841795143 
0.01986260862559779 
0.01236624984543688 
0.0188425251539182 
0.01233569335970242 
0.0205941329944522 
0.01199033733498261 
0.02166530697789827 
0.01451833329008209 
0.01745141682769399 
0.02591816269343219 
0.01263509464276373 
0.01018500309520084 
0.01502880866500478 
0.03889791669040808 
0.01151802171549414 
0.0003038704875704962 
0.01450108068834042 
0.00951921629026903 
0.01280523098621103 
0.001162258245605569 
0.01336592923051717 
0.008579372542617885 
0.002149372712111604 
0.001342218532848458 
0.003021111314480924 
0.004367738728457276 
0.0009809362590744463 
0.004485092321186816 
0.003661966558706532 
0.001303355925931579 
0.0006897556847524708 
0.0007749863023630301 
0.0007655425898220904 
0.01076367355588361 
0.004468345704553598 
0.01011493738122646 
0.01059318653580248 
0.009256141463766365 
0.01694514049521807 
0.01220949937830706 
0.004690778902174956 
0.02006889230419228 
0.007168090173655467 
0.006144540810500191 
0.02158589060555302 
0.03141899794260129 
0.01432287808123015 
0.01324468176088555 
0.02278897070197445 
0.0008851595323803246 
0.0009990148809580427 
0.002579299680929958 
0.003407595132185015 
0.00181193017118099 
0.01178168031412538 
0.01109855682237994 
0.003761433111183275 
0.005018515717307818 
0.004128599489309959 
0.001993547858147352 
0.001937025938945093 
0.01124529504552106 
0.008671875616990881 
0.008327185299215084 
0.008713718766071491 
0.01234566791293645 
0.003988548218484259 
0.01328452960899665 
0.01378507637765156 
0.001005921738515236 
0.0004635129372581746 
0.01922335154678329 
0.01463815736965824 
0.0006544559686846055 
0.0007473079608675463 
0.01556473106355248 
0.01969235517519749 
0.02885210030575863 
0.001165672422703124 
0.01735452516951473 
0.0008392617916183346 
0.00345758191647452 
0.0008027258119950538 
0.007655246450807509 
0.005635433468377238 
0.009191818956201938 
0.009289338118028618 
0.001760072955435425 
0.001141180288589268 
0.001127805948772294 
0.003582218680399119 
0.006087755886855947 
0.006493715396873465 
0.009284795290355707 
0.005758443320899765 
0.001917520314852046 
0.007733923588939087 
0.0125140050107265 
0.00538024653923379 
0.004903414340448501 
0.004415119103308895 
0.01805493653118298 
0.009431641454104673 
0.02155653402203237 
0.01215665493311604 
0.009844246723979853 
0.007508218962712647 
0.01145498259986353 
0.01476763159322519 
0.00100458240966465 
0.004341320131037526 
0.003373609411411177 
0.003256285844578129 
0.00626457267185004 
0.006033513237333098 
0.01031083607476958 
0.001772623173736021 
0.00908762124347986 
0.005853762275046459 
0.005136803145619248 
0.005714543266813862 
0.005634981314381271 
0.00911722219264971 
0.01165125934753647 
0.009917374414440292 
0.0112191365001757 
0.01085492054419848 
0.003174419002591825 
0.007222452259092688 
0.01240707794722296 
0.003656957960268247 
0.007073900937893379 
0.003922588585470596 
0.005148418365340304 
0.002492801545447631 
0.001016582864657291 
0.001347550390240038 
0.001884453788490721 
0.006714018617320379 
0.006983857459743323 
0.009816414942039822 
0.009466321204447972 
0.002078716408386234 
0.003264839677416412 
0.001344591293363457 
0.006807477362767261 
0.001384074517996491 
0.008163592816999566 
0.008167568316551056 
0.006675625941216681 
0.005903491576717218 
0.01347687073916126 
0.01001973535899093 
0.008051390373202854 
0.009297393679222492 
0.008636967421864103 
0.003864793994537136 
0.01016205903481728 
0.001437956860478875 
0.0007983800965418199 
0.003180878642763826 
0.00268241565792969 
0.001596152596615429 
0.00140849031973234 
0.003258814540742528 
0.001701478732701218 
0.005890788937693724 
0.006961496640760914 
0.008240978033051641 
0.00122867771103044 
0.008365813940747112 
0.01232377163913883 
0.00665450473564045 
0.005195732589482119 
0.009120886008278468 
0.006997178662767022 
0.0146587938525061 
0.004756341631284801 
0.005137578668251355 
0.005862626264984504 
0.001125531126775328 
0.01033586606422504 
0.002199265808808019 
0.00662971219728457 
0.00356331404774975 
0.004651773183681928 
0.008096930314024916 
0.01026340479871873 
0.001185619160964379 
0.007827833378855825 
0.00934043826073154 
0.009690324769827173 
0.002328222397805348 
0.009985029208048715 
0.003824991562923913 
0.00601723916415361 
0.008594536117591828 
0.004601423461710454 
0.005677946272492832 
0.003595665850628297 
0.001852004988244568 
0.01122636234961883 
0.01059613500276638 
0.008587166871350261 
0.01437879925927842 
0.007058150228105345 
0.004051640494805768 
0.006473290272117802 
0.007172494826147782 
0.005303327475622421 
0.009067325390259423 
0.005832654566687202 
0.01236367115861355 
0.01101430092078585 
0.01423326513657104 
0.01038594458571003 
0.003930027828542055 
0.008841157908289401 
0.009686593552728743 
0.01198750408944751 
0.009072964052474524 
0.01090296140081493 
0.01409797591040266 
0.007537029070481772 
0.006791818288390702 
0.00886290828961472 
0.01099101643991715 
0.007988489214784763 
0.008179116923749778 
0.01471882575793051 
0.009982112791757904 
0.01280141332210975 
0.01283097636367294 
0.01756007116683241 
0.01521109979145442 
0.006620798242653081 
0.01258916128025553 
0.0006790320159349842 
0.002981128351696439 
0.007077601710913956 
0.006130853365042092 
0.005333486550975884 
0.003992524780043786 
0.01200213845388211 
0.005679664771912135 
0.007501945679366405 
0.01362745458650177 
0.01661932802001874 
0.008840847308988356 
0.005549224627202535 
0.001303385395381451 
0.01233510437790585 
0.008211434190024489 
0.009532587529051872 
0.003227278867201763 
0.0354013004358464 
0.02606447209836208 
0.02156248407519542 
0.0005783469214671538 
0.0009443575139876669 
0.0004121826967065805 
0.0004291090188204126 
0.0004616540961924661 
0.0004370134284683606 
0.0004951007951060745 
0.0011345617276046 
0.001210560214660913 
0.0009187784637446087 
0.001088450596442417 
0.0006857803706228105 
0.001314761699642119 
0.001404608808473689 
0.001454611147492365 
0.001432274768184964 
0.001097092868993964 
0.001219315035593879 
0.001732643897809955 
0.03524138359764773 
0.003244143842833547 
0.006065409422140728 
0.00417070498835625 
0.0007146445566863029 
0.001386116710057797 
0.0005044804494067962 
0.01625041439339649 
0.01535909102608638 
0.02352209112147025 
0.01801688096056146 
0.02448312522095651 
0.0280133990357527 
0.02440805531127238 
0.0009717468644523042 
0.001138076919718019 
0.0009770804660275613 
0.001043613937314189 
0.004230300644228233 
0.07128406757220582 
0.008547666206152311 
0.009414843823797614 
0.02262009925447205 
0.007256875864766352 
0.01884073719808728 
0.02036336793498024 
0.02581397001671666 
0.02459727329572546 
0.02416751665891358 
0.02417532243624087 
0.02445386777842267 
0.02502473041107542 
0.0243096414808116 
0.0201837245797235 
0.01897639374435734 
0.01802810446695507 
0.02059232372798325 
0.03420606129347819 
0.0116467123987213 
0.02685844166497934 
0.0320218830383899 
0.0160717707920891 
0.006321860766048967 
0.01813083194844548 
0.01815221179852401 
0.02581034059993206 
0.01859618855819944 
0.02496912404856291 
0.001222301872249474 
0.001110756405411506 
0.0009391231598191479 
0.001199593142734108 
0.00128177259055112 
0.007187777752994074 
0.002374127526180395 
0.02420260631598997 
0.01039225755063681 
0.00107658127023743 
0.001871365195847202 
0.002440860185422403 
0.0004138133452585596 
0.001047222902806923 
0.0008051446919576165 
0.001121881961596989 
0.0009469662837403092 
0.0005519997987894084 
0.0003035686622464774 
0.02422379174185713 
0.01876195406299702 
0.01832838655546623 
0.02600816603689425 
0.02139622121425656 
0.02551582192600239 
0.01815325178606157 
0.01805566033805228 
0.01821030233250497 
0.01962268629669725 
0.01321168503820623 
0.007909960980729288 
0.01343540794201831 
0.007941514234590318 
0.01700943500900924 
0.01412882052813936 
0.01214174728925772 
0.01070324212123546 
0.01610512120543572 
0.003924642329424756 
0.01248246574846104 
0.01444209999251986 
0.01274300311164604 
0.01812343194566394 
0.0006234040380202577 
0.0005223142192644854 
0.001041677392834356 
0.0009630672722108103 
0.0008073962565366213 
0.001440124749032151 
0.000878101712356338 
0.006764794301811681 
0.001688499555472168 
0.002537699830152478 
0.0008031716377316198 
0.01308984352459373 
0.0008226592045005646 
0.001094998123510727 
0.0008579652141082316 
0.0003059518439049491 
0.0026537512356224 
0.01173036821841087 
0.01548719944527155 
0.012560471174121 
0.02086147487182419 
0.01508745552251659 
0.009338315170402265 
0.01821092777514243 
0.01430529966762367 
0.01380271776148586 
0.02047686878048932 
0.01383432097841052 
0.01163729817488573 
0.01404802341270763 
0.01298044398361828 
0.01260389890201838 
0.01277849262828645 
0.01361891833368626 
0.01466258315532486 
0.0003890768228474363 
0.0007593452683543014 
0.01778622842656521 
0.007401930035298258 
0.008108392123569367 
0.003127564075204245 
0.01204140483208105 
0.01107504789158563 
0.001292519783872028 
0.0009703710261286174 
0.0006314430512427239 
0.001184210027489154 
0.005847040624096071 
0.004654887453181273 
0.007267470637147745 
0.003278824067778767 
0.001774404136974813 
0.00315078073005284 
0.0009844560710049084 
0.00107548974478245 
0.0004786433016625594 
0.01396119859137669 
0.005914293339645446 
0.008628330399039574 
0.01086839891637823 
0.00874943349811556 
0.00926626770350871 
0.007849937627287648 
0.007148209236116319 
0.00915537576455526 
0.01250005095254096 
0.01296619305300219 
0.01382955377684894 
0.01470015264745776 
0.007914380199234721 
0.01099956875158256 
0.0009182406552213888 
0.000659653870137319 
0.0003448808537742474 
0.002566974429455938 
0.0004106695874512894 
0.06465088207308758 
0.03558782657689588 
0.00984570599740409 
0.008626715384468709 
0.01034917924948607 
0.002981153504589816 
0.0005444569615744722 
0.0009574872003024374 
0.006603606972061126 
0.008232760747337479 
0.002519566014812014 
0.01578323587702957 
0.01267096169464979 
0.009828324432674505 
0.008478376978776915 
0.01058642939645718 
0.001307449070566078 
0.0007082994397350786 
0.0007748860365246189 
0.002022800441767981 
0.003321855144911392 
0.006222618042674996 
0.01354770495231118 
0.007030365597764814 
0.004280796636004313 
0.0007183245253958007 
0.001638921967952486 
0.001587072655059659 
0.01057727210954849 
0.0007311552794735134 
0.0005584348974439017 
0.007166813045840478 
0.001085532745377462 
0.0005462827431376435 
0.003785175718342195 
0.007965476212062112 
0.0166366496268592 
0.01326221455785543 
0.004222566121706127 
0.001426438565765909 
0.004459100776573363 
0.01018450075909562 
0.01135504804141657 
0.007269582588954647 
0.01556913004792809 
0.00656413478130282 
0.001267753851689151 
0.0008090896840072231 
0.0007118238849022207 
0.0008426256804374138 
0.003539545163238018 
0.001666437185233812 
0.005783940675867258 
0.01041804316064534 
0.004815588412642284 
0.002434458206972713 
0.01906189528321705 
0.007021590072812941 
0.01066062674590376 
0.009249979123279278 
0.01373964120705089 
0.0003424729436780526 
0.001059834300286145 
0.00678201473814916 
0.0079753850324662 
0.004232810207587585 
0.01849480744626504 
0.01120081872765517 
0.001937961468187811 
0.0009614723127366453 
0.002424093578629663 
0.002371927154205488 
0.03388791855565324 
0.01058682022168389 
0.006781334736827125 
0.01500201363735293 
0.01496140341993924 
0.02343524269638657 
0.0003408089765862784 
0.01590217622713792 
0.01455708234385076 
0.006170183173896736 
0.007084950278766136 
0.0143070149694248 
0.008390904762469854 
0.00777973817152165 
0.0008615806004757416 
0.001593351992134655 
0.002801456921489163 
0.006854037871507917 
0.001104396569580366 
0.001603445668253539 
0.001993120508585921 
0.004916963419233677 
0.006883300875103721 
0.01680186795148355 
0.01709037683957384 
0.01359008468243025 
0.0144031135292022 
0.01763478853864001 
0.01235590616987517 
0.0003613057524080513 
0.0006276984692180091 
0.01036883344661557 
0.01594328948982862 
0.004178757381386182 
0.01291841013161492 
0.001069921952093933 
0.009321387919771374 
0.009593252479537802 
0.01790294710833426 
0.01047193987032293 
0.001539082955060667 
0.01341771910802973 
0.01785548289394882 
0.01616374770115418 
0.0008614020403704772 
0.001931604745281796 
0.002927845896484596 
0.018761740966478 
0.008173446974096615 
0.01349400710301207 
0.0008033922279198739 
0.01809095084716044 
0.006303909834007553 
0.00803807073082081 
0.006820270164155658 
0.01239556555875754 
0.008474487248461294 
0.0128939817674635 
0.02021593547865494 
0.00980580565642295 
0.01703299433531311 
0.01651200822505866 
0.001172659064556615 
0.002722112405964215 
0.004186424590230977 
0.007830677269099733 
0.01673264857300115 
0.001758031288053163 
0.01236738428230261 
0.01588804794434362 
0.01101841770945179 
0.01770485860455272 
0.01129411111373699 
0.01581014055705 
0.001288051156825767 
0.004809802220121835 
0.008096939861963092 
0.0005049208829289397 
0.01560870435344239 
0.006592824542097632 
0.01490813041002042 
0.01761001249398312 
0.002229683602127404 
0.01629689958207741 
0.01388749029778095 
0.01045273206567054 
0.0116320186119039 
0.008717240445326218 
0.0192955072838417 
0.01212454689579536 
0.007381154061986036 
0.01383063623824232 
0.02012577178125387 
0.02047482056162525 
0.006725871869775432 
0.01179187133664302 
0.01673557998768144 
0.01198897779860963 
0.01660079929015151 
0.007013586631027907 
0.0003766858382420993 
0.0115493993234928 
0.0007814189516743366 
0.0102361972050587 
0.01031707503198734 
0.01000956417809718 
0.01015077669880343 
0.01284532455153444 
0.01112536026869437 
0.009067343957483515 
0.0006026421374601495 
0.01216841202963748 
0.007289619080318309 
0.008582187899507399 
0.0007000048119004833 
0.001561019846115531 
0.001458727916743533 
0.01222403408393454 
0.009201850155699427 
0.001465522246624801 
</DataArray>
<DataArray type="Float64" Name="Eta_phi" NumberOfComponents="1" format="ascii">
0.006560403440729523 
0.005502713114283067 
0.004730937362236101 
0.004356972162539339 
0.004204793851609727 
0.00599680218551508 
0.004063255259442271 
0.003387151392611948 
0.003206816996743575 
0.003179816990007393 
0.02870618938955805 
0.02609949372786194 
0.0249928756799522 
0.02408839893489169 
0.0234368515401907 
0.0673057800023863 
0.09162823903474249 
0.07864870319987649 
0.07765681045381512 
0.07499726757274447 
0.02867189657859705 
0.02606320950119135 
0.02494669278903353 
0.02403220376972444 
0.02337026347141919 
0.0059913466669352 
0.004048226004605964 
0.003358518042770535 
0.00316804839255587 
0.003138459489932115 
0.006522846733718966 
0.005499276428185011 
0.004773115364811983 
0.004400771760973758 
0.004231321764646485 
0.004230247941246931 
0.003200900341710548 
0.02320522358419738 
0.07459811403660638 
0.02328296204078747 
0.00324121353170068 
0.004227533241646006 
0.004239432828850068 
0.0032266872818321 
0.02294863483785945 
0.07395966147401836 
0.02303522013736678 
0.003268552991221751 
0.004237064756540127 
0.004275310379029199 
0.003254996605513186 
0.02272692597564601 
0.07328280997540096 
0.02281949616240508 
0.00330129295787424 
0.004251937575067531 
0.004325261745578156 
0.003268942364756353 
0.0225448871359474 
0.07274417432242992 
0.02264229784772972 
0.003326673105318302 
0.004271974806721479 
0.0043635147748203 
0.003276158259434993 
0.0223936804391857 
0.07230051738926754 
0.02249751798894576 
0.003351737040669271 
0.004287929417145286 
0.004360604921908942 
0.003293056909996625 
0.02226649037075461 
0.07193934062560355 
0.02237950984608228 
0.003378289195081315 
0.004317167716879195 
0.004332498850499179 
0.003330755014153733 
0.02215847511065012 
0.07164313959458757 
0.022282635500715 
0.003405128401594004 
0.004360035193683726 
0.004321896697465377 
0.003360806672939785 
0.02206416599276765 
0.07138121211328326 
0.02219937241668711 
0.003431459299100835 
0.004413565817526529 
0.004344188970508001 
0.00336359816299213 
0.02197471525407485 
0.07110174774575925 
0.02211819580343079 
0.003446351474013543 
0.004481633675264159 
0.004399736667736263 
0.003354901520792288 
0.02187621338701342 
0.07073571989668054 
0.02202390543894549 
0.003445843019387698 
0.004536491676984537 
0.00441117595838591 
0.003338342089674368 
0.02175284206160929 
0.07021364464392739 
0.02190167797752617 
0.003439281864981353 
0.004537739464135756 
0.00431538867177349 
0.003329170423594931 
0.02159322759110349 
0.06947544384623662 
0.02174128810943022 
0.003414555065946717 
0.004479210395766669 
0.004187765663282737 
0.00332508463924592 
0.02139889707029948 
0.06849512773174515 
0.02154727102290432 
0.003351472555809505 
0.004370515954934837 
0.004134547637392507 
0.003242896711748228 
0.02116375599597839 
0.06725677298626914 
0.02132172225402518 
0.003254796739132161 
0.004239037229084381 
0.004159721099071259 
0.003097969617183783 
0.02092602383340868 
0.06583130737614641 
0.02109911994568568 
0.003150929528149299 
0.004104277752522159 
0.004152036132071477 
0.003019576542012716 
0.02071304632168773 
0.06432135152894113 
0.02088918943873343 
0.003086417373286133 
0.004016604038955973 
0.004072818165382824 
0.003027730767371642 
0.02050823428349621 
0.0628872014063631 
0.02069871273867393 
0.003046200613179398 
0.004089811097629676 
0.004035189141934615 
0.003048972971625056 
0.02036259714614867 
0.0615823856872306 
0.02056194964148191 
0.002985482739543539 
0.004437111659151052 
0.004146401125337229 
0.003099959867621148 
0.02018002269646216 
0.06031817580988243 
0.02033703614707024 
0.002739302551690967 
0.005071240506455145 
0.004174933222424247 
0.003254362929411183 
0.01999864640820526 
0.05923815232014175 
0.02017620389003063 
0.002536728544219731 
0.005311109689406467 
0.008272012954621488 
0.008672084376738524 
0.007629183717457796 
0.009747035060664216 
0.0096396613698618 
0.008251493663200556 
0.009845643244898512 
0.009841416384577643 
0.008475100842754251 
0.009866846968994879 
0.00989173666507635 
0.008556645438589078 
0.009877975601307666 
0.009911329734737873 
0.00858985887088972 
0.009886024201533315 
0.009925833363839478 
0.008595175976030267 
0.009892862018746234 
0.009937599982209154 
0.008610102148690542 
0.009898110884174489 
0.009946019221129147 
0.008649142096128068 
0.009901750831868946 
0.009950939296979691 
0.00870134750532112 
0.009904516240183523 
0.009954066721210004 
0.008752868423071819 
0.009907385666702625 
0.009958465107604352 
0.008782686966180861 
0.009911270177257453 
0.009965684238158067 
0.008793724578096405 
0.009915725611310173 
0.009977848858186691 
0.008787924325108425 
0.009918348492863088 
0.009985438820537453 
0.008797181775134649 
0.009918123156295946 
0.009979949234893547 
0.008826186029609093 
0.009918350267072872 
0.009976031500303597 
0.008820571713679075 
0.009920687405742444 
0.009987071780383109 
0.008762853313668207 
0.009921856911031098 
0.00999121875674246 
0.008696088365617256 
0.009921052916134794 
0.009982287741767877 
0.008650785029626731 
0.009923362721022415 
0.009985884469791383 
0.008612272266765846 
0.00993275236698943 
0.01001274267697796 
0.008602119001186905 
0.009946360235737256 
0.01005578006001024 
0.008716397002519926 
0.009942061668973509 
0.01007971573165824 
0.009077175684444931 
0.009910210432059138 
0.009954846045767957 
0.00986286268351187 
0.009875619199753893 
0.009836422810567054 
0.01056890797930914 
0.00766965635565185 
0.008672452914143942 
0.008273951722783741 
0.008286165273917285 
0.009638027852162858 
0.009746682517269002 
0.008504248849387084 
0.009840329073486871 
0.009845218040501993 
0.008581170374333412 
0.009890872684420385 
0.009866454664052136 
0.008609394402640348 
0.009910449356013738 
0.0098774771540444 
0.008603247937000982 
0.009923314674621252 
0.00988535572449019 
0.008578920156162476 
0.009935953071331894 
0.009892703247912872 
0.008545598295702716 
0.009949108639196277 
0.009899246364090647 
0.008524732672838216 
0.009957379850022485 
0.009904107948772417 
0.008522500544479823 
0.009961864163947821 
0.009907409161486086 
0.008537240500170408 
0.009966183216678186 
0.009910277041676897 
0.008560851609055993 
0.009972276083992105 
0.009913344064974712 
0.008594185023734466 
0.009979059346393123 
0.009916577784820982 
0.008645155716587563 
0.009985818630316372 
0.009919422781123817 
0.008734042942208609 
0.00998921235788631 
0.009920728478825271 
0.008863665469868179 
0.009983662960308342 
0.009918009832407095 
0.009003197487437232 
0.009959417888214693 
0.009911133254136568 
0.009013304668886443 
0.009940890748528022 
0.009911441815700217 
0.008712669405608491 
0.00999679583508219 
0.009922645558412239 
0.008425735840068312 
0.01002658804447865 
0.009931325247294655 
0.008483643815478099 
0.01000371884028972 
0.009933456047564343 
0.008619904928122519 
0.01003539664235498 
0.009939761894168833 
0.008925511584661077 
0.01006212297966904 
0.009937475511506831 
0.009595041182712157 
0.009960894965943715 
0.009913687274259595 
0.01013574323336731 
0.009875958289100444 
0.009887557140749433 
0.01079999954640001 
0.01079999949240001 
0.01079999954640001 
0.01079999949240001 
0.01080000127439997 
0.01079999760240005 
0.01080000192239997 
0.01079999706240006 
0.01080000570239987 
0.01079999760240006 
0.01079999760240005 
0.01079999760240005 
0.01079999706240007 
0.01080000570239986 
0.01080000570239987 
0.01079998950240023 
0.0108000057023999 
0.01080000516239986 
0.01079998950240023 
0.0108000057023999 
0.01079998950240023 
0.01080000570239987 
0.01080000516239988 
0.01079998950240024 
0.01080000570239987 
0.005382754449598326 
0.004959050506280829 
0.006377937305616334 
0.009375667543182963 
0.008953227429940999 
0.0060613233377245 
0.005428921733770437 
0.005717957556387141 
0.007817926057119005 
0.003582859612168535 
0.003634050985267646 
0.005388893757524007 
0.006495640844181937 
0.005711703726756219 
0.003921279182761289 
0.005230621219597408 
0.00572340574060391 
0.005706996241580799 
0.005530275377079517 
0.004775403058597201 
0.002841874572274943 
0.003316722277534482 
0.007787067096144301 
0.006690053957741329 
0.007409395444117445 
0.002089382573583976 
0.003476830851438766 
0.008301219301897488 
0.006727711907250873 
0.005005922713659101 
0.004356485354660387 
0.002287931056177167 
0.02142937249397339 
0.008350095157371553 
0.006191902463106919 
0.007168574180000596 
0.007633382448773434 
0.004289869395255525 
0.00325982744173105 
0.00256729150259278 
0.006961396966759265 
0.007597428697662457 
0.008348350650065655 
0.008527170373516812 
0.008476889945725831 
0.008497114311487789 
0.008714572333696225 
0.009103181065565329 
0.009572362863362419 
0.009546940667869874 
0.009361651724847755 
0.009593993501072089 
0.009750332686370456 
0.00907693309388107 
0.008560831950998824 
0.008543286343465585 
0.007961160320924171 
0.01053767099424961 
0.01535276592389938 
0.004968269077620311 
0.005915588444402496 
0.005160515563820011 
0.005048496900903037 
0.005775163501085658 
0.006332255439859468 
0.00805096451889393 
0.005612259966808596 
0.005027205517540347 
0.008585026542539773 
0.007229537378861338 
0.006540778763819434 
0.008219895163892474 
0.004068224117591666 
0.007767308697894795 
0.009286972103020737 
0.007160881313224688 
0.007464903432835253 
0.005990697213680826 
0.007598399454270588 
0.007481459787557773 
0.007569411012738664 
0.007946698713995455 
0.007107818097762686 
0.005752677035504843 
0.00832723967232301 
0.01125677677792156 
0.006272218597999533 
0.00493983493195451 
0.005288669591595976 
0.005141292740911697 
0.004616136530279247 
0.005102018764128622 
0.00543989485044748 
0.004565614164424586 
0.004395004331319343 
0.005357277850587669 
0.003274236927786814 
0.005931321826373432 
0.005231188851967329 
0.005068671794211688 
0.003988822146671758 
0.004505722022551692 
0.005073972306278562 
0.004972893394751437 
0.004695131655982994 
0.004757657345406854 
0.003197680175490379 
0.009368449884399608 
0.005073923467688485 
0.007616351493831458 
0.007778508224193569 
0.008405308124431276 
0.006101635947264469 
0.007395715371549336 
0.006503079889493438 
0.006612034998159454 
0.007669395445707598 
0.006841794939730814 
0.005409967917885221 
0.00646314019699327 
0.006450056042669154 
0.006071967146749184 
0.00633898795486298 
0.004886724793171628 
0.01446219722412716 
0.007098008811561326 
0.004554830859741374 
0.004852564435878864 
0.005689680318528949 
0.004292851263590405 
0.006291436597110768 
0.005654600878917301 
0.004415623068888731 
0.005290432248423319 
0.004605685048557219 
0.005943133852723878 
0.004510680073283229 
0.006336828850652853 
0.004941546252280757 
0.006099096230248014 
0.006863624200187728 
0.005820620361993613 
0.004158302502939069 
0.006003382485539229 
0.007752674945680418 
0.003601769850513959 
0.005110581542332434 
0.005154427775253519 
0.005403430348734133 
0.004641539365872546 
0.005630170296260058 
0.004416132940372196 
0.003216822093332919 
0.006655701054601497 
0.008001707373648652 
0.006333722528162875 
0.005523369546677545 
0.004453676523421182 
0.005656567365445508 
0.005517879630021331 
0.006713458702913862 
0.007367066372461649 
0.00764994363580972 
0.006245523712260699 
0.004103807845303544 
0.004565873634923601 
0.003700992519358938 
0.003090055100004081 
0.003468853688026459 
0.005985032859061214 
0.005273081569251384 
0.00285342902932662 
0.008053968475633722 
0.003273209889113061 
0.003094582087048885 
0.007243031485622025 
0.006974287677645807 
0.004371267592881259 
0.006516203076508111 
0.006976836288521563 
0.007942955758902632 
0.01107605974565848 
0.004586461418214421 
0.003160464262585011 
0.004852299057928876 
0.004390525486281598 
0.004569745949278998 
0.007900261842124471 
0.008221164662598337 
0.00502189206283577 
0.00498407249333013 
0.005292447901284632 
0.004355007841929644 
0.003896507550440358 
0.003232183967127831 
0.003346881836909388 
0.004966284380115061 
0.004968036079859515 
0.008085592500702213 
0.005839212510251851 
0.008320884372498963 
0.006673826715010152 
0.005636433370179116 
0.003263570156722038 
0.007500311688848393 
0.00848995019655556 
0.002805814625997763 
0.007132306793877893 
0.006785627914857782 
0.01829565429144823 
0.007355434250927053 
0.006532410292412232 
0.005751153868247385 
0.008016599342641947 
0.003779057008367636 
0.002470003566090344 
0.003353858104065552 
0.004457773795018346 
0.004762528138772832 
0.003229545745267494 
0.007344262610181426 
0.004363341144519222 
0.004012026715975676 
0.00469577431056747 
0.003369263077940042 
0.006039786497338367 
0.004572248127019711 
0.003751563528697374 
0.002584819779541552 
0.00275066907235794 
0.004890224244108363 
0.00323407793208173 
0.002655103201258941 
0.003821452689008495 
0.005668910607668529 
0.004940669861625282 
0.006488804637313447 
0.005240121453555117 
0.004165810073081154 
0.006326911880088165 
0.009839601390887713 
0.002437933269874098 
0.004326249790152806 
0.006669889017075662 
0.003773015519649344 
0.005446460454785479 
0.004989341594199107 
0.01146091469292584 
0.006229140904432277 
0.006783820627672719 
0.005741197306983695 
0.003518140560493182 
0.003577297298906842 
0.003872202216112875 
0.004152018949807888 
0.003314438485065267 
0.00370531247505079 
0.003523331433322173 
0.001318992513033398 
0.005982332239513945 
0.003626453386926237 
0.002003465925380609 
0.004304366942982238 
0.002382004737561925 
0.002883794681072372 
0.007898615483911985 
0.006848680767039578 
0.009594905389849806 
0.004728526333024123 
0.003069192091086043 
0.003744148046168421 
0.003713620250923126 
0.003146299598778046 
0.00766398337650699 
0.004472731069225429 
0.006589652982358048 
0.002354701434733405 
0.005567250483743493 
0.005549691035245073 
0.003647036914821999 
0.003556628552331037 
0.001863495068204002 
0.005025090781984536 
0.004266871613780313 
0.002684649292391409 
0.005068440184429908 
0.002272517677172908 
0.001579128358397041 
0.003596525967795253 
0.003616819529369353 
0.006683325383560509 
0.004051009543278895 
0.005655618172661099 
0.01082549217805221 
0.007288621741538663 
0.004036167340599115 
0.004556295344281795 
0.00431901029301322 
0.004581834777134975 
0.005619129647704769 
0.005830174541235483 
0.003299951321856544 
0.004564001570298157 
0.003996464262267165 
0.002085516223149952 
0.003803468082039884 
0.002123985238009728 
0.004788498612345061 
0.004334913650035659 
0.002135864912962015 
0.002378487659808812 
0.005553200977010227 
0.00266128739981319 
0.004442978743297835 
0.003275050454040702 
0.003778815110003294 
0.002899980627811225 
0.00371788836777621 
0.00405785756715226 
0.005753183210439579 
0.0040255701760686 
0.003650178029032818 
0.003773009372217942 
0.003101634966461918 
0.003546426422506676 
0.001521795380697365 
0.002228192050013139 
0.004701357252714742 
0.001794808099575168 
0.003985624876762195 
0.004361957818885935 
0.00482829490093164 
0.003936231347164591 
0.004240158758593858 
0.003946378867079357 
0.004382154473391105 
0.003847532362886456 
0.002101866656633374 
0.002611316588392607 
0.003296506513382227 
0.003987300929550534 
0.003405065211246669 
0.004269916717025486 
0.004253108066134713 
0.004085148663797482 
0.004418004229980471 
0.003842927250678352 
0.001619658433104303 
0.003976031044093956 
0.003033625042313008 
0.004220175958332886 
0.004550829558725969 
0.003211434833397557 
0.005548280386078682 
0.003138697831009518 
0.0025081351536826 
0.003712985445562974 
0.004155593363927277 
0.002526875950974026 
0.00353507863635374 
0.004781970468754763 
0.003106612437948291 
0.003580017662740606 
0.003538308541247821 
0.004655696311341911 
0.008179265040104687 
0.003188648606008266 
0.005734474349273831 
0.008831159141068357 
0.005121737479484187 
0.003650944574722392 
0.003500106522366973 
0.004461771096837872 
0.004270429575030649 
0.005632239764060253 
0.002974278941514775 
0.00397365555941694 
0.005102784161159575 
0.006333899856130185 
0.003293838285388945 
0.003213257428940759 
0.004697068158366663 
0.004035423806326242 
0.004557639363498067 
0.00392260302812435 
0.008743984324428539 
0.005759095933689571 
0.006227439603412756 
0.004888763100623144 
0.01823549149025382 
0.01543338567536005 
0.009397317056336788 
0.007395136437625988 
0.007530586822322654 
0.006257646356415277 
0.007737179245596228 
0.01238596485199995 
0.01098803843929718 
0.007500634351108711 
0.008948512462436846 
0.003131633605818712 
0.007972474509219837 
0.007827417187388944 
0.007748454369497079 
0.007797288408699838 
0.008346832116180421 
0.008673301650783479 
0.008816819517673231 
0.006429613301757874 
0.001894031932388258 
0.002446004710885668 
0.002526515367353171 
0.009444613460948617 
0.0130922681732581 
0.00678750692416568 
0.005015592771865446 
0.003281156064081969 
0.006004283638769387 
0.004985525560511431 
0.005005899065139752 
0.005032663689336144 
0.00611881715036171 
0.007229708778740736 
0.006507108887381255 
0.006709861456910159 
0.006774745017935844 
0.00250061056763669 
0.013950323305342 
0.002771150706412397 
0.004018208901566012 
0.005060340575712483 
0.002968087221882183 
0.003617493273096888 
0.004485742422059917 
0.004964062735436969 
0.004973660879345029 
0.00505110913039277 
0.005134091469960329 
0.00544929534944767 
0.005802710386104192 
0.00566517976392734 
0.004113890046745671 
0.003872609052617133 
0.00439177850063993 
0.006305153439475202 
0.01048491261470009 
0.008001710133408075 
0.007228521455186402 
0.005288008792221973 
0.004352363683899135 
0.008479506940248691 
0.006636082236204727 
0.005162960562054206 
0.005624966441476645 
0.004701998868291359 
0.004945670856929242 
0.008110993253958925 
0.008423589755767288 
0.005341243891873106 
0.006391299005769058 
0.007964384913845265 
0.00746491134912363 
0.008849390693495347 
0.005178948284682667 
0.007123944659141066 
0.00629063086116865 
0.007813564691120989 
0.007905402474966542 
0.007910963648121742 
0.009181428246644202 
0.005200165170860344 
0.009851317710871835 
0.006989256943724437 
0.01392500847299852 
0.005373838408908924 
0.0052593485611048 
0.005394794225057295 
0.005267226148822282 
0.006172356287817093 
0.004546047646824174 
0.009490256675930904 
0.004931506370791813 
0.004824919408815062 
0.004977088852920314 
0.00472337122130898 
0.004516775779475222 
0.003477411438531874 
0.004454371368256668 
0.002396892633995347 
0.004690484712453321 
0.003597192365392696 
0.004829456232625392 
0.003896303806014175 
0.005406940813198139 
0.007722809302794373 
0.005813828130104844 
0.004618687957777232 
0.003892516267613356 
0.004746478534534876 
0.00792686492505067 
0.006823465384314097 
0.006642253189938779 
0.004591388193013582 
0.005148340272417447 
0.007698374261763592 
0.006478153184216217 
0.006479566268591227 
0.00669435780211156 
0.006938783356708416 
0.004314990587107241 
0.004828013626092268 
0.004997424627156612 
0.00982925172523547 
0.005422053366081934 
0.004091865373564599 
0.003929047466196385 
0.004328733399773131 
0.004147258988561063 
0.00510752820052456 
0.006485437513194619 
0.006728669742200699 
0.003496914351373473 
0.005085024765041706 
0.004661501472830204 
0.004301875650554192 
0.00638621362574712 
0.004771571270116508 
0.003497094150779291 
0.004232850122720191 
0.0043591224554425 
0.004397391115516182 
0.005308973480013404 
0.004463331616753392 
0.004186238579245685 
0.005841370904537301 
0.009821191758295869 
0.004746309946790915 
0.002639908306885917 
0.006098796667449334 
0.006935409968515585 
0.00522675738786349 
0.003488226649440162 
0.005355654773415303 
0.004086323906624023 
0.006536743351931247 
0.006691264787370802 
0.00539278595049075 
0.006566164555731483 
0.005745669101005847 
0.005716228579267331 
0.005472950984561298 
0.006722247809919671 
0.004908771031106962 
0.003957716469286519 
0.003360496328755507 
0.00443943680438265 
0.005436547798525961 
0.004876378123393846 
0.003866987239536818 
0.004295137584116182 
0.003408003742600974 
0.003224948410594296 
0.004380503794816603 
0.003913423332480919 
0.00407979047402245 
0.005186804937053494 
0.005339924791387344 
0.006682002988903136 
0.00271692390845518 
0.003676072482707358 
0.008427261400610305 
0.007197628401612565 
0.00898381673111062 
0.005750728110687975 
0.004673365831358399 
0.01285175896781588 
0.0112233363208251 
0.003914799934582935 
0.002892543048612374 
0.005677808754904702 
0.00298055753267949 
0.003496300081044787 
0.003825374948243852 
0.004916638764220862 
0.005020489590356751 
0.005592469320080039 
0.003282416205976079 
0.004277564935356516 
0.004704379208813444 
0.003853325702360943 
0.004821815647150899 
0.01116705968036139 
0.006025783319395136 
0.005466753994894575 
0.008104079104703992 
0.004090857629392119 
0.002913656743796466 
0.005544938912427924 
0.004093919114365329 
0.003102541532185031 
0.004461117871952187 
0.01138684900155227 
0.01084439039856811 
0.003370861381427387 
0.005391011428058803 
0.005134495547794816 
0.002402101941611779 
0.002174793053737113 
0.003294166588857688 
0.005598177118792914 
0.003527813137162858 
0.00427331052041287 
0.005797469219596917 
0.007574526626366903 
0.0034886803025407 
0.004740408129344508 
0.006470052673914916 
0.006050566925669923 
0.003213743294510008 
0.005211281692219879 
0.002622984676904552 
0.0051848942963952 
0.01006446654195572 
0.008786351300275263 
0.003640381090055891 
0.002183093788487506 
0.009336837896539789 
0.003679901427654398 
0.003756440549135873 
0.002546697170030088 
0.004331519518408469 
0.005936918306755573 
0.003962393665237944 
0.004750499311455373 
0.00344047303383917 
0.003080036156869129 
0.005226334992648295 
0.00476519471785698 
0.005362501685304202 
0.005579768770001559 
0.006458727577966649 
0.005742495251359113 
0.005921110482637697 
0.005694451692425205 
0.006342179122444394 
0.003942380656107082 
0.004286451812265848 
0.008515144237670344 
0.005581405162744146 
0.003374122162539041 
0.002516275623207916 
0.002630251960107575 
0.008328307815168466 
0.003041777708002184 
0.005737146025032473 
0.005631993743339422 
0.006169769708386058 
0.003699178002218602 
0.004617350770755488 
0.00360790634118442 
0.004198725497702952 
0.005614491853913359 
0.003611430244898851 
0.008646724487924294 
0.007792649043049694 
0.005287932873642372 
0.002687496324704954 
0.002216102970540189 
0.006246303764537079 
0.002743917511936543 
0.002686242300429376 
0.006252632936611297 
0.005901058600058295 
0.006403355524622891 
0.006294759846734249 
0.004194857714975233 
0.002927625433317021 
0.005777930510867555 
0.005790048189595718 
0.005340637539892769 
0.008142419566163102 
0.005834792041508646 
0.003330595183157784 
0.005767769556293854 
0.005631038570150387 
0.006145785354255667 
0.004174466552252726 
0.005915158790032226 
0.004688084836656455 
0.005891557713432563 
0.005854265656959014 
0.004593354293198656 
0.002284967657158236 
0.001905005191198269 
0.005627280668282404 
0.003535829703173787 
0.004144537669014875 
0.003828213783268847 
0.005729132566895217 
0.003034709726528452 
0.003790496982103645 
0.003189912636696594 
0.005622379241862398 
0.003248969932498424 
0.005847915434549257 
0.005849545048742657 
0.006370392610336564 
0.005850260292680196 
0.005675545267300316 
0.002538869449500327 
0.003186555417488825 
0.002467276520101001 
0.003277288205153082 
0.0039765740379244 
0.003576703475735483 
0.004684453412379203 
0.00622781583446954 
0.00436372637568924 
0.005344464814734978 
0.004007483192558781 
0.005726133927304035 
0.003177673481063043 
0.003661399393902275 
0.003377504357281505 
0.003765235530121898 
0.00500558625505201 
0.004014258424261759 
0.004845836166682409 
0.005489161452063612 
0.002804477572957467 
0.005846322845426274 
0.004948830813467115 
0.003666192282528556 
0.005255876395629115 
0.003681265124355859 
0.005125361797954512 
0.004913772328369536 
0.002762158581411467 
0.00556829820820929 
0.00603864737705462 
0.00645073030157532 
0.003226657036545957 
0.003432060133288014 
0.005102644229688962 
0.004744674697007464 
0.005546211283213149 
0.002766718563699715 
0.005497491349660617 
0.002692341936550946 
0.009190287099162205 
0.003702477087383956 
0.003113147214104797 
0.005124072709362752 
0.004257662941319637 
0.004988783281353324 
0.003653764225623152 
0.003533609733759279 
0.003957305904574536 
0.004321364347561385 
0.00384865432057184 
0.004874890622833641 
0.004239706061447665 
0.006245987747605246 
0.004439664161779221 
0.004211857180052896 
0.003061137371998346 
0.003313180424470646 
</DataArray>
<DataArray type="Float64" Name="Eta_mix" NumberOfComponents="1" format="ascii">
0.03946856719468678 
0.05650628549684992 
0.05157310495890673 
0.0448896467866579 
0.03986161788764115 
0.09267427146193918 
0.1341511237243437 
0.1040735273177286 
0.09284231736327085 
0.08511998763443875 
0.3359407659477064 
0.1371602523938624 
0.1037832844061628 
0.09402588765109356 
0.08856773639257191 
0.07856016197289807 
0.1146415598689916 
0.09177803187218754 
0.08978517740484716 
0.08527065090195057 
0.3373802821982763 
0.1370018726269429 
0.1036605217240512 
0.09386599167957813 
0.08839505455024259 
0.09269632902281566 
0.1341733362722276 
0.1041460374964808 
0.09292061918301543 
0.08519390106030665 
0.03860908570707124 
0.05602741347192606 
0.05154930537715943 
0.04511359643789434 
0.04008409768427356 
0.03807348661167956 
0.08169021790045035 
0.08510883570580659 
0.08419267880399459 
0.0853069884803549 
0.08162115778483373 
0.03797825604073741 
0.03693342390597136 
0.08023106273755903 
0.08194338083138779 
0.08338255045529977 
0.08216934650788936 
0.0801630008973172 
0.03687012262845724 
0.03656136123932635 
0.07910464954504905 
0.08076117096968907 
0.08250703651796565 
0.08099804352420988 
0.07902674656210359 
0.03642245598328613 
0.03635570179863396 
0.07815198250014449 
0.07978275107673279 
0.08181474524552922 
0.08002672288253475 
0.07805161088103378 
0.03604217177478827 
0.03619376298221677 
0.07737454130841651 
0.07898570149164742 
0.08124620340697261 
0.07924424867331112 
0.07725385976607332 
0.03570850704588621 
0.03588709928432793 
0.07672864658378624 
0.07833183005683317 
0.08078546462114271 
0.078614621167996 
0.07660732439357416 
0.03546472060140315 
0.03536084714500623 
0.07620709076085026 
0.07780170826912775 
0.08040922211605998 
0.07811092818935371 
0.07608781689012147 
0.03530865586772061 
0.03503107380917334 
0.07575993953702879 
0.07733913786741661 
0.08007674227494888 
0.07767757973081704 
0.07564652878602841 
0.03523254481914424 
0.03508571132613484 
0.07530346741177446 
0.07685322830949091 
0.07971945297937773 
0.07721454268059427 
0.07519034359467386 
0.0352660284473764 
0.0351867441894099 
0.07472126012626953 
0.07622314809503138 
0.07924713055389855 
0.07659068148424356 
0.07458109335775207 
0.03529973287347549 
0.03497549861431279 
0.07384211457285042 
0.07531271953766165 
0.07857030477011806 
0.07568286387518114 
0.07369376361382979 
0.03497566640390809 
0.03402911240418521 
0.07254387730148279 
0.07402278329367895 
0.07761259574204771 
0.07438608334202221 
0.07242265501406021 
0.03424431136769957 
0.03255744115467417 
0.07086150466902021 
0.07233396694782045 
0.0763448038064999 
0.07267256155560499 
0.07073024502559817 
0.03334295398721896 
0.03191337838587103 
0.06881915936537557 
0.07020306988888392 
0.07475297206537021 
0.07055997810131505 
0.06861171561969499 
0.03239533746245988 
0.03227408554985405 
0.06658728526149496 
0.0677701611301795 
0.07294062727540566 
0.06824516604089967 
0.06622166361270759 
0.03146641510910098 
0.03249723767117679 
0.06442212299156909 
0.06525736685673925 
0.07105299961926453 
0.06596257440015657 
0.06383674319788712 
0.0307337780203172 
0.0325559080415597 
0.06277833061351139 
0.0630585837473851 
0.06930807947731057 
0.06417068370151489 
0.06206546278839853 
0.03070814416919513 
0.03313872171090562 
0.06220196120618667 
0.06152303272711235 
0.06776074745492167 
0.06295321352258913 
0.06140064547906612 
0.0317457178564342 
0.03331481825913426 
0.07842865501335271 
0.1069714295183187 
0.06631019507082656 
0.09550163856277533 
0.07672011502900107 
0.03333061830154937 
0.05467377085587222 
0.108828372419417 
0.3865505882083933 
0.4997313884284943 
0.3553893263635731 
0.1051171702779971 
0.05556709283558045 
0.3332645734756433 
0.08061254968945271 
0.01203088737981156 
0.01086567915169665 
0.01105233111614423 
0.009971027051304551 
0.01002008728912001 
0.0102575618106251 
0.009145778831542571 
0.009903199332335117 
0.01000528660365226 
0.008821427860793029 
0.009924304670558751 
0.009996049780940574 
0.008702171087092689 
0.009936209899717973 
0.01001538041898021 
0.008696597148574499 
0.009943896146064786 
0.01003865180047287 
0.008742319410568482 
0.009944094640919006 
0.0100429664613689 
0.008798423559142723 
0.009942488481166536 
0.01003916854296309 
0.00885377004660767 
0.009940716574032442 
0.01003448514448695 
0.00889537494138588 
0.00993858728832841 
0.01003048067839422 
0.008909791256655128 
0.00993680624792688 
0.01002785569158942 
0.008900449709130396 
0.009936214420472303 
0.01002994016184331 
0.008875911122102526 
0.009934421092195205 
0.01002791416346677 
0.008867805330338969 
0.009930539610946743 
0.01001436196856015 
0.008883435034352186 
0.00992781611622183 
0.01000315434941636 
0.008865608081756019 
0.009927640505115983 
0.01000728704275411 
0.008797825553059704 
0.009926606163124612 
0.01000572067394689 
0.008722605777385374 
0.009924117242810558 
0.009992346050287818 
0.008670170936623256 
0.009925250012646984 
0.009992501049373178 
0.008624189757032963 
0.009933828079180715 
0.01001677406518075 
0.008609319295586681 
0.00994692302293191 
0.01005800007923128 
0.008720406151223669 
0.009942324739306348 
0.01008074592817004 
0.009079321188798738 
0.009910305769776922 
0.009955232407069137 
0.009863801789787964 
0.009875641901308144 
0.009836502506429718 
0.01056943793655039 
0.01249416665588675 
0.08062731225319469 
0.3317963556549077 
0.009470639121050003 
0.01105390843366983 
0.01086720026889429 
0.009092750434185179 
0.01026141539587029 
0.0100202686157276 
0.008830731553826576 
0.01000515498950904 
0.009902491765709124 
0.008717085507470117 
0.009995001822404958 
0.009922979613736215 
0.008700928535687201 
0.01001427552952715 
0.009936085478156815 
0.008698867462237908 
0.01003905163978534 
0.009943703265423475 
0.008676174126350614 
0.01004561898912849 
0.00994521348616619 
0.008655339961278017 
0.01004375453171923 
0.009944380117905193 
0.008646786051063469 
0.01003954996705992 
0.009942840470726464 
0.008649189211379539 
0.01003562445339315 
0.009940559337330891 
0.008658523460492435 
0.01003266274196412 
0.009938150806550023 
0.008676300134638285 
0.01003026524904914 
0.00993662312596621 
0.008713437414463281 
0.01002802097822418 
0.009935327875604041 
0.008790324166154067 
0.01002355551293292 
0.009933168024852067 
0.008912559649285329 
0.01001124643952892 
0.009927642852366237 
0.009045097299941799 
0.009980921825919973 
0.009918374445648376 
0.009043290585565076 
0.009956381927154629 
0.009916469560423441 
0.008731044732880533 
0.01000693646336072 
0.009925799260409996 
0.008437251177817942 
0.01003280996705514 
0.00993316639157573 
0.008491134176684007 
0.01000763678208176 
0.009934502877980152 
0.008624245793920942 
0.01003764908355621 
0.009940327462421806 
0.008927719290836784 
0.01006316614331879 
0.009937737668375019 
0.009596113954173051 
0.00996128890774684 
0.00991378391947129 
0.01013622071876456 
0.009876048374673239 
0.009887581788892342 
0.01079999954640001 
0.01079999949240001 
0.01082513599338725 
0.01083037870106486 
0.01082265781932904 
0.01082035793338106 
0.01081677937969985 
0.01081331660135481 
0.01081144408269223 
0.01080997996782218 
0.01080871536169733 
0.01080661345366944 
0.01080501154912476 
0.01080379609800295 
0.01080287150515542 
0.01080215724563279 
0.01080160470859623 
0.01080091857893995 
0.01080051499306303 
0.01080028713371018 
0.01080012161983364 
0.01080005523511837 
0.01080002524648691 
0.01079999594438974 
0.01080000659234148 
0.02567786468438032 
0.02515426456434505 
0.03398454209527748 
0.009544018595617676 
0.05313992016868097 
0.01976839741566329 
0.02473640376598719 
0.02561451573406955 
0.02100498600082082 
0.01753664811204358 
0.01832586521418814 
0.02448304819856867 
0.02271036270191542 
0.02582991663040201 
0.01296198135515004 
0.02436580039249329 
0.02630827214574233 
0.02642577089270581 
0.03252618297784815 
0.01197159848375208 
0.01602939843439481 
0.01452024848916045 
0.02306449079900674 
0.02022576805430964 
0.01934609737574411 
0.006490552911014423 
0.006071340536023875 
0.008402653139297157 
0.007984518345251802 
0.01844622391251902 
0.009572809105367204 
0.01510241018757806 
0.02144323662464794 
0.008360951777138482 
0.006221641435814758 
0.007227267082626166 
0.007721924111058038 
0.006350661157253292 
0.00563473687282332 
0.006930727540457641 
0.02488761642402029 
0.01273799229040602 
0.009366333716390365 
0.009195020901909009 
0.008736132068506576 
0.008755754005705319 
0.008942812022698206 
0.009305232834953655 
0.009707281408124352 
0.009661010679724363 
0.009460599265410624 
0.009656411316227149 
0.009805605954257902 
0.009117768479308739 
0.008591889173887708 
0.008568540613145504 
0.007975769869889276 
0.01055004340376184 
0.0153698429919367 
0.02621812708052951 
0.03537562488160655 
0.02874421069504186 
0.01802231917838259 
0.0225864225807396 
0.01152772121691602 
0.009776298410963936 
0.02523922018067984 
0.02216188055624768 
0.00896420808928383 
0.007327493192346257 
0.006672985788039962 
0.008378219011095509 
0.004122844518194009 
0.007849688046162186 
0.009361711598670065 
0.008146079859595637 
0.008246554477301892 
0.01600765291971703 
0.00810654672164955 
0.007793724931050681 
0.007784534298076119 
0.008133027783297064 
0.007120938430774434 
0.005766771648613741 
0.008347120455923005 
0.01126781192823002 
0.006281642859327193 
0.02352418982246536 
0.02467915177001555 
0.01798690109477245 
0.01837253027180006 
0.0250470115239707 
0.02494995738045911 
0.01946739208731682 
0.01808297777775599 
0.02388498736835324 
0.007445355799054437 
0.02632805361099708 
0.01569381906640103 
0.01931109214444683 
0.01565870064176807 
0.01552040341883467 
0.01558517787356929 
0.01621485115349939 
0.01158617850567009 
0.007017966205147433 
0.008157536135256006 
0.009428524504586677 
0.005083241717753342 
0.007638267104510314 
0.007803442958241433 
0.008516296911652987 
0.006195389094662554 
0.007629656945256849 
0.006724418069938315 
0.006672438686307943 
0.007731186076013736 
0.006948296828162398 
0.006902087274145439 
0.006893011552876509 
0.006568908275980239 
0.00736943681849554 
0.007433402124665891 
0.004927483448212483 
0.01450111513942244 
0.00713392546588639 
0.004602764569008683 
0.008271875164819708 
0.02400105830114794 
0.01301761774828412 
0.02199877219664974 
0.02065182153015864 
0.01313095054922796 
0.01957113761515148 
0.01316744718732944 
0.02143453180698327 
0.01281071520759838 
0.02257301323104724 
0.01533626032921115 
0.01848650654179276 
0.02681157389197104 
0.01391133487592227 
0.01100117119924965 
0.0161835005841444 
0.03966297885519075 
0.01206803920670902 
0.005119607501952205 
0.01538991445135627 
0.01094589138967423 
0.0136204929534567 
0.005748883525900242 
0.01407658674332076 
0.009162618490648863 
0.006994151813035907 
0.008113499336502412 
0.007017346695029581 
0.007041644179396634 
0.00456042437933576 
0.007218920105486143 
0.006622461376896758 
0.006838805774796564 
0.007399285765592757 
0.007689098867872357 
0.006292266832965857 
0.01151945776713483 
0.006388529986271728 
0.01077076152620989 
0.01103467450826567 
0.00988479138405003 
0.01797104350689524 
0.0132995212058502 
0.005490488496891105 
0.02162468142016825 
0.007880064702516319 
0.006879812502197002 
0.0227686665910987 
0.03218375553486178 
0.01497507318507516 
0.01476084338652192 
0.02383303233439424 
0.007992124472607283 
0.01112102199538207 
0.0052619782577292 
0.004647605721225503 
0.005179565338212603 
0.01257317402527849 
0.01200252230077279 
0.008750000927087598 
0.009631876681852879 
0.006501133257663879 
0.005367980223649666 
0.005635785151685454 
0.01205913570551759 
0.009507060418825562 
0.008932470442426441 
0.00933437264975105 
0.01330712203147936 
0.006371020277942918 
0.01555170514830192 
0.01497079602017103 
0.008381467370604922 
0.006689903382335868 
0.02003263901306276 
0.0149975511783333 
0.007528810533199965 
0.008522776749884381 
0.01581560775930468 
0.02094417944318001 
0.02963930563040326 
0.01833275097057827 
0.01884892455497213 
0.006586102381779658 
0.006710487577321672 
0.00805668875839761 
0.008537216765146211 
0.006152969038846638 
0.009784574589924667 
0.01030356976385426 
0.005077354732639645 
0.003425238410948946 
0.007430352585536912 
0.005645443881366169 
0.007290893642596346 
0.008013653101512249 
0.009877214044060275 
0.008344979952848657 
0.004958057794429744 
0.008595801474522357 
0.01277816945814999 
0.006042618072372576 
0.006925154536310451 
0.005472891079418736 
0.01824911795551723 
0.01017641199898648 
0.02228947524103642 
0.01312228935225965 
0.01179041047562843 
0.009155993929664128 
0.01218895401288235 
0.01606588798702467 
0.00989075029253934 
0.004979013869081979 
0.005486135042774582 
0.007422318842633105 
0.007313037458703815 
0.00812817405513783 
0.01145455673975973 
0.01159718752605947 
0.01101757941982801 
0.008960287667323799 
0.007703771353990242 
0.006710686831589962 
0.006674583910491519 
0.009905437421568714 
0.01236895734260248 
0.01045656816300055 
0.01181517517209718 
0.01141241273394449 
0.003437539418458243 
0.009378278928396244 
0.01292620390354474 
0.004169798225014069 
0.008280558511294216 
0.004589188139598513 
0.005901057822725908 
0.0082826436665886 
0.006923717857447156 
0.009689071240031469 
0.005090199147681708 
0.007382275129369656 
0.007924197726561298 
0.01049537887274057 
0.009975491883163065 
0.007940888054989168 
0.005537553732185987 
0.006725433233189452 
0.007203219203337092 
0.005736718593421624 
0.009871338220750337 
0.008944833730349773 
0.007563966444022703 
0.006190624093384428 
0.01438323963115567 
0.01089042194006722 
0.008487180259947429 
0.01058917443097384 
0.008930931801296279 
0.004174958561770889 
0.01077972369145597 
0.003892184918606233 
0.006730843109232183 
0.00515059872827691 
0.006259502430452507 
0.0109425309690561 
0.007423466297627396 
0.005187534964920609 
0.004863625925393369 
0.007304467415192493 
0.008334005363826507 
0.009974384038072447 
0.005958236660191786 
0.008993137473530663 
0.01314174485170545 
0.007762355304689409 
0.005598661898920867 
0.009882152145514968 
0.007312442993279697 
0.0154210880345941 
0.00643539136857724 
0.005563868573114717 
0.006326736146762322 
0.005666115195476304 
0.01067298355297165 
0.004957502416659865 
0.007394527658703834 
0.005193905143384881 
0.005481685999225301 
0.008909712364909502 
0.01103647072653471 
0.005874079489394891 
0.008802283263425597 
0.01002833917187545 
0.01039894195904422 
0.003878241740637335 
0.01059612894673519 
0.004116603167315372 
0.006416541667468995 
0.009796367239657971 
0.004939072178889477 
0.006937166534802297 
0.00565291861989138 
0.005171301009112238 
0.01189643344970838 
0.01141301990250307 
0.009450573582536986 
0.01503173795564862 
0.00803871817679673 
0.004564387597632029 
0.006980147654019174 
0.007893772052947067 
0.006635047175151525 
0.009685600591893386 
0.007228557813605061 
0.01307475784634471 
0.0117474790648441 
0.0149031740855448 
0.01107411101585341 
0.004250695492862417 
0.009694064989616434 
0.01015051602398197 
0.01270866395077829 
0.01015030671310325 
0.01136608468193069 
0.01515045675921486 
0.008164449233332961 
0.007240133811723154 
0.009609235363393063 
0.01175037865725379 
0.008378607402566572 
0.008910372305216805 
0.01547614529708096 
0.01045435873820063 
0.01329258099501461 
0.01330990540079835 
0.01816677207232098 
0.01727072475207289 
0.007348635880387366 
0.01383369718487305 
0.008857226216685443 
0.005926155672781585 
0.007963783162921189 
0.007059611083591203 
0.0069536666665881 
0.005846094668627949 
0.01325795807151377 
0.006411312435316031 
0.00848935377287632 
0.01455149218130393 
0.01778539713429155 
0.009434508561188583 
0.006412403392472598 
0.004874552571594203 
0.01297842229666213 
0.009391471025606703 
0.01030810552503638 
0.009320546698157737 
0.03586668730901278 
0.02679809153242911 
0.02210974274267049 
0.01824466045320357 
0.01546225095251768 
0.009406352238396276 
0.007407575681769077 
0.007544724142940608 
0.00627288758536442 
0.007753003771171512 
0.0124378195689085 
0.0110545214630391 
0.007556696998985265 
0.009014466151208479 
0.003205842129273472 
0.00808015767958806 
0.007952445267354799 
0.00788380864218478 
0.007927743533946097 
0.008418623351765913 
0.008758589537220517 
0.008985452758978909 
0.03582310769722102 
0.003756571073985052 
0.006540040558273962 
0.004876275217968263 
0.009471612337354881 
0.01316543981241829 
0.006806228821412835 
0.01700682624155067 
0.01570565701473418 
0.02427632988615749 
0.01869394192409816 
0.02498964677692351 
0.02846187325785625 
0.0251633282257672 
0.007294722818172995 
0.00660588261683713 
0.006780628806240698 
0.006854655360279098 
0.004914112000304236 
0.07263628438984454 
0.008985648213092263 
0.01023646848298398 
0.02317921346863109 
0.007840394701373692 
0.01918488039442234 
0.02085158600040892 
0.02628693528856684 
0.02509508230963461 
0.02468972589774951 
0.02471447167386206 
0.02505367176942514 
0.02568868583583061 
0.02496102823769902 
0.02059870940682566 
0.01936751456473692 
0.01855532993697845 
0.02153598747244686 
0.03577692023848732 
0.0141305794204489 
0.02781415846469543 
0.03245557009684069 
0.01665067223959358 
0.01057676517159358 
0.01930711409269762 
0.01887217409160379 
0.02641616795358933 
0.01918142388482985 
0.02545421018176761 
0.008202574805064063 
0.008496507762935916 
0.005423176064058816 
0.00650290140546812 
0.008066868539264426 
0.0103628688342906 
0.009162324877272662 
0.02475050823361442 
0.01259958747361486 
0.006382089302329879 
0.00803453800031843 
0.008273644102569764 
0.007921779303074389 
0.009240957767268465 
0.00526212654534424 
0.009914992676562793 
0.007053116883190097 
0.01393594506127748 
0.00538240589121286 
0.02478815914181731 
0.01952215984446193 
0.0190702235180774 
0.02673055709756934 
0.02187383897391123 
0.02722355855384295 
0.01881117501628507 
0.01868921393597586 
0.01887820236386663 
0.02018316261622246 
0.01396244552328912 
0.008640594483569528 
0.01415456148578237 
0.008295344636427216 
0.01764430577164961 
0.01457955288854949 
0.01306696884281284 
0.01139037204197253 
0.01698852371453162 
0.008662828691671091 
0.0137699872435635 
0.01516266898158958 
0.0133242564969703 
0.01873466957189031 
0.007951340775908082 
0.006843426918918517 
0.006723438051324193 
0.004691305160586774 
0.005211266283319698 
0.007831917106747174 
0.006537394840103652 
0.009367348663036356 
0.006904017463153003 
0.007388276855890663 
0.004389103376144219 
0.01395183568825554 
0.005064683708866813 
0.009890056135762651 
0.005489514278445792 
0.004103287555870998 
0.00474128775884692 
0.012503578343251 
0.01603287571759415 
0.01355921385756114 
0.02184632769060521 
0.01651987622966721 
0.009971586644190926 
0.01890754789211286 
0.01504563706068015 
0.01445756382368995 
0.02144961257288943 
0.01463408108900216 
0.01215139400688717 
0.01467187724748929 
0.01369284026757762 
0.01334898183964309 
0.01383745183415851 
0.01433165258093867 
0.01524847330814404 
0.005854314205648001 
0.009850503174447018 
0.01840862242952913 
0.00785860573614784 
0.01014600136114976 
0.007607993722125009 
0.01312685884443229 
0.01161139143077951 
0.005509414255953777 
0.004199959880546113 
0.006567170926356346 
0.006795246709569439 
0.007954245681875824 
0.008048757306238576 
0.009264385725997056 
0.006589837360502755 
0.005753407904948493 
0.007424017431744225 
0.005006514435370513 
0.004101243450759046 
0.003394412318179051 
0.01465003976950117 
0.008033362787340799 
0.009910961057198464 
0.01153584350259105 
0.009746835045512676 
0.009873105218859505 
0.008486566620447937 
0.008383657243691521 
0.009956695614982506 
0.01314899099277372 
0.01396513901623484 
0.01482468733041038 
0.01614755869480801 
0.008367741001152819 
0.01159758688774996 
0.0084771398841306 
0.007227793427878733 
0.008990434130868386 
0.006297636979418354 
0.004691374820216947 
0.06591588777673493 
0.03731563584662023 
0.01059545115203357 
0.009098737473556695 
0.01180436459091575 
0.004215566322991561 
0.003538438587812524 
0.003943383728905247 
0.008232919395894361 
0.009642803806454908 
0.006133834526544727 
0.01612094261819723 
0.01337351233010512 
0.01089619864421638 
0.009312947716095577 
0.01163281537295602 
0.0112433378040899 
0.006067268966234289 
0.005521399062764494 
0.008352713317390738 
0.005269709455722393 
0.006870980346769668 
0.01463853329461098 
0.008135491021026377 
0.005286868997597622 
0.004518579731645367 
0.0115041903409666 
0.01095990888324326 
0.01110141395193562 
0.00544036692330238 
0.00516477434792731 
0.007558657484760396 
0.002430659615797722 
0.003339155334900771 
0.006757746833975351 
0.008711732136358775 
0.01717670788046259 
0.01447401065119016 
0.008671996209969278 
0.003769033992316835 
0.006508075673222667 
0.01206588734056691 
0.01286648655013827 
0.007948268804000064 
0.01641813836355887 
0.007068798627941349 
0.005337633248291246 
0.0100969358169156 
0.008815138252742612 
0.003736628496140488 
0.004158639014381313 
0.00948438478756485 
0.006855336917993504 
0.01107458662417074 
0.005447527717764628 
0.004968767261590176 
0.01996504071544613 
0.008062461826820827 
0.01167116987810633 
0.009869091573071809 
0.0140806378842051 
0.005237543811036961 
0.004881631842238319 
0.008645932467545813 
0.009733477587315367 
0.007722165770031396 
0.01936579856825695 
0.01266956548258041 
0.006015187007030199 
0.006414644575448331 
0.004628022786849787 
0.004898949638824074 
0.03494136095550541 
0.01196799256337343 
0.007574377940176695 
0.01521157638732007 
0.01519084650925745 
0.02487109389035264 
0.003060810739562446 
0.01690544448606709 
0.01560858737652661 
0.008725664367482662 
0.007992523903291523 
0.01503364910710442 
0.009133688789289792 
0.0088404537113483 
0.005680214776641426 
0.003947302748030564 
0.009089224678322634 
0.01037801591115605 
0.005402029790648007 
0.003129484703005221 
0.002980543866106126 
0.007949392428667251 
0.007410054942408705 
0.01701524799571567 
0.01819825264025748 
0.01481596754440787 
0.01576238057242008 
0.01872457658615027 
0.01304857266246567 
0.002949836016548686 
0.005811926217414742 
0.01187591533657487 
0.01681400871562138 
0.009152104110199207 
0.01417498213389575 
0.003498227730958395 
0.01096154361417086 
0.01112380728503867 
0.01892844929687578 
0.0112733178631464 
0.006112109280261093 
0.01421313918519319 
0.01880235947073679 
0.01719125260499701 
0.004673426701896687 
0.002992018396710547 
0.003493039703761473 
0.01958747589182546 
0.008905466137615434 
0.01411614041393834 
0.003911605788201521 
0.01897644493901411 
0.006996337779122984 
0.008886981964931347 
0.007529384287033599 
0.01361106879935523 
0.009075942912260515 
0.01415813832215665 
0.02104521856751337 
0.01169340526028954 
0.0180096763302098 
0.01746018985307949 
0.00279660282544606 
0.004190946358453143 
0.004859383116850565 
0.008488823503432661 
0.01719868219796656 
0.003985408606794559 
0.01322483639819022 
0.01706504490324684 
0.01185106057287055 
0.01849392663452369 
0.01198402550848747 
0.01681514657049113 
0.00342880220118506 
0.006044836053885737 
0.008773139165184971 
0.003798939812014672 
0.01639169135110642 
0.007718782685089752 
0.01567592040285045 
0.0184456887506285 
0.00358281780485936 
0.01731382184271479 
0.01474290721639669 
0.01107702909128476 
0.01276432895509239 
0.009462663150373155 
0.01996461707373121 
0.01308242316711209 
0.007881050394182109 
0.01490947496359709 
0.02101218579623556 
0.02146695596619172 
0.007459803485355898 
0.0122811752849004 
0.01749618860377487 
0.01289370104492801 
0.01750277111402465 
0.007539570879145178 
0.005510381416955225 
0.01185906108580299 
0.009223447974757762 
0.01088522254267017 
0.01077653575098905 
0.01124488755685367 
0.01100754111102281 
0.01378006971907486 
0.01170998010778357 
0.009731553020655599 
0.004002929873008397 
0.01291295632871887 
0.008243220633672074 
0.009870081444802904 
0.004297105330819795 
0.00643810111004801 
0.004673168625726415 
0.01292929813216311 
0.009697659939294143 
0.003622833142783103 
</DataArray>
</CellData>
</Piece>
</UnstructuredGrid>
</VTKFile>
