<?xml version="1.0"?>
<VTKFile type="UnstructuredGrid" version="0.1" byte_order="LittleEndian">
<UnstructuredGrid>
<Piece NumberOfPoints="1157" NumberOfCells="1117">
<Points>
<DataArray type="Float64" NumberOfComponents="3" format="ascii">
0 -0.0599999987 0
0.0198084321 -0.0599999987 0
0.0396168642 -0.0599999987 0
0.0594252981 -0.0599999987 0
0.0792337283 -0.0599999987 0
0.0990421623 -0.0599999987 0
0 -0.043333333 0
0.0198084321 -0.0432380959 0
0.0396168642 -0.0431428589 0
0.0594252981 -0.0430476181 0
0.0792337283 -0.0429523811 0
0.0990421623 -0.042857144 0
0 -0.0266666673 0
0.0198084321 -0.0264761914 0
0.0396168642 -0.0262857135 0
0.0594252981 -0.0260952376 0
0.0792337283 -0.0259047616 0
0.0990421623 -0.0257142857 0
0 -0.009999999779999999 0
0.0198084321 -0.00971428584 0
0.0396168642 -0.00942857098 0
0.0594252981 -0.009142857040000001 0
0.0792337283 -0.00885714311 0
0.0990421623 -0.008571428250000001 0
0 0.009999999779999999 0
0.0198084321 0.00971428584 0
0.0396168642 0.00942857098 0
0.0594252981 0.009142857040000001 0
0.0792337283 0.00885714311 0
0.0990421623 0.008571428250000001 0
0 0.0266666673 0
0.0198084321 0.0264761914 0
0.0396168642 0.0262857135 0
0.0594252981 0.0260952376 0
0.0792337283 0.0259047616 0
0.0990421623 0.0257142857 0
0 0.043333333 0
0.0198084321 0.0432380959 0
0.0396168642 0.0431428589 0
0.0594252981 0.0430476181 0
0.0792337283 0.0429523811 0
0.0990421623 0.042857144 0
0 0.0599999987 0
0.0198084321 0.0599999987 0
0.0396168642 0.0599999987 0
0.0594252981 0.0599999987 0
0.0792337283 0.0599999987 0
0.0990421623 0.0599999987 0
0.5 0.008571428250000001 0
0.5 0.0257142857 0
0.5 0.042857144 0
0.479952097 0.0599999987 0
0.459904224 0.0599999987 0
0.439856321 0.0599999987 0
0.419808447 0.0599999987 0
0.399760544 0.0599999987 0
0.379712641 0.0599999987 0
0.359664768 0.0599999987 0
0.339616865 0.0599999987 0
0.319568962 0.0599999987 0
0.299521089 0.0599999987 0
0.279473186 0.0599999987 0
0.259425282 0.0599999987 0
0.239377409 0.0599999987 0
0.219329506 0.0599999987 0
0.199281618 0.0599999987 0
0.17923373 0.0599999987 0
0.159185842 0.0599999987 0
0.139137954 0.0599999987 0
0.11909005 0.0599999987 0
0.5 0.0599999987 0
0.439856321 -0.0599999987 0
0.5 -0.008571428250000001 0
0.5 -0.0257142857 0
0.419808418 -0.0599999987 0
0.5 -0.0599999987 0
0.17923373 -0.0599999987 0
0.299521089 -0.0599999987 0
0.5 -0.042857144 0
0.479952097 -0.0599999987 0
0.459904224 -0.0599999987 0
0.319568962 -0.0599999987 0
0.199281618 -0.0599999987 0
0.11909005 -0.0599999987 0
0.139137939 -0.0599999987 0
0.159185842 -0.0599999987 0
0.219329506 -0.0599999987 0
0.239377409 -0.0599999987 0
0.259425282 -0.0599999987 0
0.279473186 -0.0599999987 0
0.339616865 -0.0599999987 0
0.359664768 -0.0599999987 0
0.379712641 -0.0599999987 0
0.399760544 -0.0599999987 0
0.11909005 0.042857144 0
0.11909005 0.0257142857 0
0.11909005 0.008571428250000001 0
0.11909005 -0.008571428250000001 0
0.11909005 -0.0257142857 0
0.11909005 -0.042857144 0
0.139137954 0.042857144 0
0.139137939 0.0257142857 0
0.139137939 0.008571428250000001 0
0.139137939 -0.008571428250000001 0
0.139137939 -0.0257142857 0
0.139137939 -0.042857144 0
0.159185842 0.042857144 0
0.159185842 0.0257142857 0
0.159185842 0.008571428250000001 0
0.159185842 -0.008571428250000001 0
0.159185842 -0.0257142857 0
0.159185842 -0.042857144 0
0.17923373 0.042857144 0
0.17923373 0.0257142857 0
0.17923373 0.008571428250000001 0
0.17923373 -0.008571428250000001 0
0.17923373 -0.0257142857 0
0.17923373 -0.042857144 0
0.199281618 0.042857144 0
0.199281618 0.0257142857 0
0.199281618 0.008571428250000001 0
0.199281618 -0.008571428250000001 0
0.199281618 -0.0257142857 0
0.199281618 -0.042857144 0
0.219329506 0.042857144 0
0.219329506 0.0257142857 0
0.219329506 0.008571428250000001 0
0.219329506 -0.008571428250000001 0
0.219329506 -0.0257142857 0
0.219329506 -0.042857144 0
0.239377409 0.042857144 0
0.239377409 0.0257142857 0
0.239377409 0.008571428250000001 0
0.239377409 -0.008571428250000001 0
0.239377409 -0.0257142857 0
0.239377409 -0.042857144 0
0.259425282 0.042857144 0
0.259425282 0.0257142857 0
0.259425282 0.008571428250000001 0
0.259425282 -0.008571428250000001 0
0.259425282 -0.0257142857 0
0.259425282 -0.042857144 0
0.279473186 0.042857144 0
0.279473186 0.0257142857 0
0.279473186 0.008571428250000001 0
0.279473186 -0.008571428250000001 0
0.279473186 -0.0257142857 0
0.279473186 -0.042857144 0
0.299521089 0.042857144 0
0.299521089 0.0257142857 0
0.299521089 0.008571428250000001 0
0.299521089 -0.008571428250000001 0
0.299521089 -0.0257142857 0
0.299521089 -0.042857144 0
0.319568962 0.042857144 0
0.319568962 0.0257142857 0
0.319568962 0.008571428250000001 0
0.319568962 -0.008571428250000001 0
0.319568962 -0.0257142857 0
0.319568962 -0.042857144 0
0.339616865 0.042857144 0
0.339616865 0.0257142857 0
0.339616865 0.008571428250000001 0
0.339616865 -0.008571428250000001 0
0.339616865 -0.0257142857 0
0.339616865 -0.042857144 0
0.359664768 0.042857144 0
0.359664768 0.0257142857 0
0.359664768 0.008571428250000001 0
0.359664768 -0.008571428250000001 0
0.359664768 -0.0257142857 0
0.359664768 -0.042857144 0
0.379712641 0.042857144 0
0.379712641 0.0257142857 0
0.379712641 0.008571428250000001 0
0.379712641 -0.008571428250000001 0
0.379712641 -0.0257142857 0
0.379712641 -0.042857144 0
0.399760544 0.042857144 0
0.399760544 0.0257142857 0
0.399760544 0.008571428250000001 0
0.399760544 -0.008571428250000001 0
0.399760544 -0.0257142857 0
0.399760544 -0.042857144 0
0.419808418 0.042857144 0
0.419808418 0.0257142857 0
0.419808418 0.008571428250000001 0
0.419808418 -0.008571428250000001 0
0.419808418 -0.0257142857 0
0.419808418 -0.042857144 0
0.439856321 0.042857144 0
0.439856321 0.0257142857 0
0.439856321 0.008571428250000001 0
0.439856321 -0.008571428250000001 0
0.439856321 -0.0257142857 0
0.439856321 -0.042857144 0
0.459904224 0.042857144 0
0.459904224 0.0257142857 0
0.459904224 0.008571428250000001 0
0.459904224 -0.008571428250000001 0
0.459904224 -0.0257142857 0
0.459904224 -0.042857144 0
0.479952097 0.042857144 0
0.479952097 0.0257142857 0
0.479952097 0.008571428250000001 0
0.479952097 -0.008571428250000001 0
0.479952097 -0.0257142857 0
0.479952097 -0.042857144 0
-0.400000006 0.009999999779999999 0
-0.379999995 0.009999999779999999 0
-0.360000014 0.009999999779999999 0
-0.340000004 0.009999999779999999 0
-0.319999993 0.009999999779999999 0
-0.300000012 0.009999999779999999 0
-0.280000001 0.009999999779999999 0
-0.25999999 0.009999999779999999 0
-0.239999995 0.009999999779999999 0
-0.219999999 0.009999999779999999 0
-0.200000003 0.009999999779999999 0
-0.180000007 0.009999999779999999 0
-0.159999996 0.009999999779999999 0
-0.140000001 0.009999999779999999 0
-0.119999997 0.009999999779999999 0
-0.100000001 0.009999999779999999 0
-0.07999999820000001 0.009999999779999999 0
-0.0599999987 0.009999999779999999 0
-0.0399999991 0.009999999779999999 0
-0.0199999996 0.009999999779999999 0
-0.0199999996 -0.009999999779999999 0
-0.0399999991 -0.009999999779999999 0
-0.0599999987 -0.009999999779999999 0
-0.07999999820000001 -0.009999999779999999 0
-0.100000001 -0.009999999779999999 0
-0.119999997 -0.009999999779999999 0
-0.140000001 -0.009999999779999999 0
-0.159999996 -0.009999999779999999 0
-0.180000007 -0.009999999779999999 0
-0.200000003 -0.009999999779999999 0
-0.219999999 -0.009999999779999999 0
-0.239999995 -0.009999999779999999 0
-0.25999999 -0.009999999779999999 0
-0.280000001 -0.009999999779999999 0
-0.300000012 -0.009999999779999999 0
-0.319999993 -0.009999999779999999 0
-0.340000004 -0.009999999779999999 0
-0.360000014 -0.009999999779999999 0
-0.379999995 -0.009999999779999999 0
-0.400000006 -0.009999999779999999 0
-0.419999987 -0.009999999779999999 0
-0.439999998 -0.009999999779999999 0
-0.460000008 -0.009999999779999999 0
-0.479999989 -0.009999999779999999 0
-0.5 -0.0266666673 0
-0.5 -0.043333333 0
-0.479999989 -0.0599999987 0
-0.460000008 -0.0599999987 0
-0.439999998 -0.0599999987 0
-0.419999987 -0.0599999987 0
-0.400000006 -0.0599999987 0
-0.379999995 -0.0599999987 0
-0.360000014 -0.0599999987 0
-0.340000004 -0.0599999987 0
-0.319999993 -0.0599999987 0
-0.300000012 -0.0599999987 0
-0.280000001 -0.0599999987 0
-0.25999999 -0.0599999987 0
-0.239999995 -0.0599999987 0
-0.219999999 -0.0599999987 0
-0.200000003 -0.0599999987 0
-0.180000007 -0.0599999987 0
-0.159999996 -0.0599999987 0
-0.140000001 -0.0599999987 0
-0.119999997 -0.0599999987 0
-0.100000001 -0.0599999987 0
-0.07999999820000001 -0.0599999987 0
-0.0599999987 -0.0599999987 0
-0.0399999991 -0.0599999987 0
-0.0199999996 -0.0599999987 0
-0.100000001 0.0599999987 0
-0.5 0.0599999987 0
-0.5 0.009999999779999999 0
-0.5 -0.009999999779999999 0
-0.140000001 0.0599999987 0
-0.0199999996 0.0599999987 0
-0.400000006 0.0599999987 0
-0.5 -0.0599999987 0
-0.200000003 0.0599999987 0
-0.25999999 0.0599999987 0
-0.340000004 0.0599999987 0
-0.119999997 0.0599999987 0
-0.379999995 0.0599999987 0
-0.360000014 0.0599999987 0
-0.0399999991 0.0599999987 0
-0.280000001 0.0599999987 0
-0.219999999 0.0599999987 0
-0.239999995 0.0599999987 0
-0.0599999987 0.0599999987 0
-0.180000007 0.0599999987 0
-0.300000012 0.0599999987 0
-0.319999993 0.0599999987 0
-0.07999999820000001 0.0599999987 0
-0.159999996 0.0599999987 0
-0.419999987 0.0599999987 0
-0.439999998 0.0599999987 0
-0.460000008 0.0599999987 0
-0.479999989 0.0599999987 0
-0.5 0.043333333 0
-0.5 0.0266666673 0
-0.479999989 0.009999999779999999 0
-0.460000008 0.009999999779999999 0
-0.439999998 0.009999999779999999 0
-0.419999987 0.009999999779999999 0
-0.0199999996 0.0266666673 0
-0.0199999996 0.043333333 0
-0.0399999991 0.0266666673 0
-0.0399999991 0.043333333 0
-0.0599999987 0.0266666673 0
-0.0599999987 0.043333333 0
-0.07999999820000001 0.0266666673 0
-0.07999999820000001 0.043333333 0
-0.100000001 0.0266666673 0
-0.100000001 0.043333333 0
-0.119999997 0.0266666673 0
-0.119999997 0.043333333 0
-0.140000001 0.0266666673 0
-0.140000001 0.043333333 0
-0.159999996 0.0266666673 0
-0.159999996 0.043333333 0
-0.180000007 0.0266666673 0
-0.180000007 0.043333333 0
-0.200000003 0.0266666673 0
-0.200000003 0.043333333 0
-0.219999999 0.0266666673 0
-0.219999999 0.043333333 0
-0.239999995 0.0266666673 0
-0.239999995 0.043333333 0
-0.25999999 0.0266666673 0
-0.25999999 0.043333333 0
-0.280000001 0.0266666673 0
-0.280000001 0.043333333 0
-0.300000012 0.0266666673 0
-0.300000012 0.043333333 0
-0.319999993 0.0266666673 0
-0.319999993 0.043333333 0
-0.340000004 0.0266666673 0
-0.340000004 0.043333333 0
-0.360000014 0.0266666673 0
-0.360000014 0.043333333 0
-0.379999995 0.0266666673 0
-0.379999995 0.043333333 0
-0.400000006 0.0266666673 0
-0.400000006 0.043333333 0
-0.419999987 0.0266666673 0
-0.419999987 0.043333333 0
-0.439999998 0.0266666673 0
-0.439999998 0.043333333 0
-0.460000008 0.0266666673 0
-0.460000008 0.043333333 0
-0.479999989 0.0266666673 0
-0.479999989 0.043333333 0
-0.0199999996 -0.043333333 0
-0.0199999996 -0.0266666673 0
-0.0399999991 -0.043333333 0
-0.0399999991 -0.0266666673 0
-0.0599999987 -0.043333333 0
-0.0599999987 -0.0266666673 0
-0.07999999820000001 -0.043333333 0
-0.07999999820000001 -0.0266666673 0
-0.100000001 -0.043333333 0
-0.100000001 -0.0266666673 0
-0.119999997 -0.043333333 0
-0.119999997 -0.0266666673 0
-0.140000001 -0.043333333 0
-0.140000001 -0.0266666673 0
-0.159999996 -0.043333333 0
-0.159999996 -0.0266666673 0
-0.180000007 -0.043333333 0
-0.180000007 -0.0266666673 0
-0.200000003 -0.043333333 0
-0.200000003 -0.0266666673 0
-0.219999999 -0.043333333 0
-0.219999999 -0.0266666673 0
-0.239999995 -0.043333333 0
-0.239999995 -0.0266666673 0
-0.25999999 -0.043333333 0
-0.25999999 -0.0266666673 0
-0.280000001 -0.043333333 0
-0.280000001 -0.0266666673 0
-0.300000012 -0.043333333 0
-0.300000012 -0.0266666673 0
-0.319999993 -0.043333333 0
-0.319999993 -0.0266666673 0
-0.340000004 -0.043333333 0
-0.340000004 -0.0266666673 0
-0.360000014 -0.043333333 0
-0.360000014 -0.0266666673 0
-0.379999995 -0.043333333 0
-0.379999995 -0.0266666673 0
-0.400000006 -0.043333333 0
-0.400000006 -0.0266666673 0
-0.419999987 -0.043333333 0
-0.419999987 -0.0266666673 0
-0.439999998 -0.043333333 0
-0.439999998 -0.0266666673 0
-0.460000008 -0.043333333 0
-0.460000008 -0.0266666673 0
-0.479999989 -0.043333333 0
-0.479999989 -0.0266666673 0
0.5 0.280000001 0
0.5 0.324000001 0
0.5 0.368000001 0
0.5 0.412 0
0.5 0.456 0
0.423076928 0.5 0
0.346153855 0.5 0
0.269230783 0.5 0
0.192307696 0.5 0
0.115384616 0.5 0
0.0384615399 0.5 0
-0.0384615399 0.5 0
-0.115384616 0.5 0
-0.192307696 0.5 0
-0.269230783 0.5 0
-0.346153855 0.5 0
-0.423076928 0.5 0
-0.5 0.451111108 0
-0.5 0.402222216 0
-0.5 0.353333324 0
-0.5 0.304444432 0
-0.5 0.25555557 0
-0.5 0.206666663 0
-0.5 0.157777771 0
-0.5 0.108888887 0
-0.5 0.5 0
0.5 0.104000002 0
0.5 0.5 0
0.5 0.148000002 0
0.5 0.192000002 0
0.5 0.236000001 0
0.0609144196 0.0817342326 0
0.0213773996 0.0810065791 0
0.00164963992 0.0806389153 0
0.0410537161 0.08140170569999999 0
0.0807928815 0.0816697404 0
-0.11636588 0.08086209 0
-0.155379474 0.08188256620000001 0
-0.195952147 0.0835963339 0
-0.216464236 0.0839877948 0
-0.236886531 0.08373397589999999 0
-0.25717181 0.0831861421 0
-0.0375812575 0.08077736200000001 0
-0.0571756735 0.0809583366 0
-0.07703223820000001 0.08103158320000001 0
-0.018060958 0.0806019977 0
-0.0969315991 0.0810548067 0
-0.135710105 0.0813468769 0
-0.17564556 0.0829808787 0
-0.277441889 0.0833770484 0
-0.297976643 0.0844593644 0
-0.337742865 0.0814660415 0
-0.357280463 0.08131340149999999 0
-0.395812064 0.0801450759 0
-0.431601644 0.0846370831 0
-0.449032396 0.0927124023 0
0.241154492 0.0802461654 0
0.201377258 0.0838236138 0
0.180563569 0.0829863772 0
0.160152987 0.0818641707 0
0.13998118 0.0809370205 0
0.100271612 0.0811994374 0
0.119869255 0.08062074330000001 0
0.373670965 0.07992801820000001 0
0.324530095 0.0833030716 0
0.281531155 0.08239974830000001 0
0.260980189 0.0810246468 0
0.22172907 0.0833596513 0
0.0419940539 0.10293632 0
0.0224408731 0.101743817 0
0.00314544118 0.100968696 0
0.0619302429 0.10367021 0
-0.0159631986 0.101458415 0
0.08237209920000001 0.103876717 0
-0.318290144 0.08418776090000001 0
-0.414466918 0.0801854879 0
-0.376616716 0.08122970910000001 0
-0.235601157 0.107684493 0
-0.214288786 0.108600825 0
-0.255871743 0.10540323 0
-0.0541822873 0.103133552 0
-0.131315932 0.104231022 0
-0.074047327 0.103388585 0
-0.112915099 0.104204893 0
-0.150728151 0.104886316 0
-0.0939841419 0.103821017 0
-0.171428666 0.106402844 0
-0.192837894 0.107991748 0
-0.275017977 0.104476884 0
-0.35379228 0.103946522 0
-0.433073252 0.110083312 0
-0.295674562 0.108139448 0
-0.0348416194 0.102517344 0
0.415305704 0.08237869289999999 0
0.359606773 0.07313796879999999 0
0.302707136 0.083627373 0
0.159252465 0.103709936 0
0.179841861 0.106472507 0
0.139538869 0.1013356 0
0.22791867 0.111114562 0
0.243271112 0.0979152769 0
0.394325763 0.08282602579999999 0
0.201971233 0.109258376 0
0.120320998 0.10044767 0
0.435215741 0.08225522189999999 0
0.259965211 0.10267438 0
0.329683661 0.107562989 0
0.474004507 0.0924669281 0
0.10174416 0.103126459 0
-0.468483716 0.110260278 0
-0.3943865 0.102075562 0
0.442493409 0.110294618 0
0.0621701814 0.126179203 0
0.0225422326 0.122126617 0
0.0418764055 0.12501201 0
0.00457998784 0.120126426 0
0.0835043266 0.12639606 0
-0.0129794497 0.122236557 0
-0.147280753 0.128402263 0
-0.213780656 0.134415403 0
-0.127986699 0.131244153 0
-0.167973459 0.129917011 0
-0.050670296 0.126652241 0
-0.07087001950000001 0.126821682 0
-0.09071145210000001 0.127626732 0
-0.190268174 0.132567599 0
-0.238525629 0.133869201 0
-0.273494035 0.120859079 0
-0.259225488 0.127459198 0
-0.287823677 0.129834697 0
0.106391847 0.128948033 0
-0.030988669 0.12521717 0
0.176051676 0.130309746 0
0.155358881 0.125951976 0
0.136383891 0.121375889 0
0.197837338 0.13508907 0
0.221228063 0.140195116 0
0.24643375 0.148225218 0
0.278431207 0.13069883 0
0.121331833 0.116863862 0
0.304693103 0.108170666 0
0.41313979 0.10605257 0
0.460590839 0.118400961 0
0.3594082 0.102554947 0
-0.32107237 0.11253228 0
-0.419543535 0.104857683 0
0.09811829029999999 0.159849972 0
0.0055290414 0.135468304 0
-0.272256285 0.147958145 0
0.213639542 0.167143762 0
-0.16421552 0.153452978 0
-0.0470549725 0.15146856 0
0.148239896 0.147893965 0
0.190186769 0.161729231 0
-0.0247382168 0.149399027 0
0.121496096 0.157260552 0
0.421064824 0.135523811 0
0.331904501 0.135500565 0
0.281374097 0.10639441 0
-0.403406292 0.127729908 0
-0.310004503 0.140224457 0
0.359246194 0.131814718 0
-0.372643173 0.130347505 0
-0.4354105 0.128464058 0
0.336629719 0.171858773 0
0.449453801 0.147653848 0
0.388494343 0.134514973 0
0.301465511 0.165098608 0
-0.346448064 0.12566866 0
-0.399034619 0.163094714 0
0.0394379087 0.149358913 0
0.27253148 0.157263905 0
-0.213087991 0.160163328 0
-0.247485504 0.166183531 0
-0.29579401 0.164818883 0
-0.0238127075 0.198093072 0
0.111787573 0.184981465 0
-0.100731499 0.16475822 0
-0.129909366 0.165031105 0
0.176729351 0.19246909 0
0.207438558 0.194471538 0
-0.07164825499999999 0.174688131 0
0.137555912 0.174095407 0
0.445077062 0.355614364 0
0.4540672 0.312721372 0
0.471876621 0.18936041 0
0.467166424 0.229818493 0
0.461504996 0.270973593 0
0.424467564 0.448932588 0
0.441845477 0.182664469 0
-0.324829191 0.179232806 0
0.0906601474 0.199683741 0
-0.207740158 0.18316175 0
-0.157712802 0.176730514 0
-0.278921545 0.189274922 0
0.0321525 0.177230626 0
0.245555773 0.214440852 0
-0.433855236 0.164075762 0
-0.366918921 0.159302726 0
0.291913986 0.195489585 0
-0.127964169 0.207778975 0
-0.0366133451 0.228911221 0
-0.100008652 0.206662506 0
0.179677323 0.226686761 0
0.122257464 0.208738238 0
0.146479711 0.202740476 0
0.434536189 0.401015729 0
0.398193419 0.336512506 0
0.424186647 0.257591337 0
0.43396154 0.220088616 0
0.412831038 0.296488136 0
0.369538605 0.193125933 0
-0.443918586 0.348807663 0
-0.435130209 0.398693502 0
-0.427496314 0.449492633 0
-0.452189833 0.300550848 0
-0.4590832 0.253552765 0
-0.357205957 0.190952316 0
0.279544592 0.225700334 0
0.104589514 0.213968039 0
-0.156489298 0.208392248 0
0.0224026144 0.217729628 0
0.212247699 0.248014852 0
-0.427817494 0.204839543 0
-0.234439731 0.195427537 0
0.323903114 0.207895994 0
0.0570687838 0.209155962 0
-0.391568303 0.199478686 0
-0.0962022617 0.246337354 0
-0.0230375547 0.256433278 0
0.184364036 0.258742362 0
0.124597915 0.237763807 0
0.376026452 0.277256101 0
0.38955155 0.242074385 0
0.359942079 0.312979162 0
0.378000379 0.380264699 0
-0.310198665 0.208065987 0
-0.372602284 0.387960404 0
-0.391070276 0.337650061 0
-0.464398772 0.207217991 0
-0.406558216 0.291264862 0
-0.182406142 0.205629736 0
0.475901842 0.151903644 0
0.401581109 0.207892701 0
-0.20234707 0.201936185 0
0.311389863 0.240205288 0
0.0997109637 0.235361338 0
-0.130189374 0.250119895 0
-0.380182773 0.237362921 0
0.0776065663 0.224026397 0
0.0415912047 0.235969722 0
0.356437773 0.225068003 0
0.00237123668 0.23785685 0
0.234924018 0.275154024 0
-0.0526191071 0.272373945 0
0.154033616 0.271343559 0
-0.16381526 0.245097548 0
0.327867359 0.289548635 0
0.343247354 0.258441687 0
-0.217780069 0.218593672 0
0.338168681 0.348227322 0
-0.343999118 0.224389404 0
-0.364733964 0.277306974 0
-0.344146281 0.319903255 0
0.269353002 0.254693568 0
0.0917307809 0.266476959 0
0.0217031389 0.261422962 0
-0.326631218 0.259382397 0
-0.133066654 0.30025813 0
-0.418796331 0.247499421 0
0.0644711778 0.253006309 0
-0.292130858 0.238324136 0
0.196372524 0.288258106 0
0.284591496 0.294490665 0
0.309394062 0.318163514 0
-0.303888261 0.296268225 0
-0.316326559 0.367387414 0
0.259190202 0.283179343 0
-0.212525114 0.264634311 0
-0.240297899 0.24214159 0
0.0789880231 0.303675681 0
0.0470647626 0.284426123 0
0.16370514 0.321180791 0
-0.00354623003 0.285852969 0
0.272422999 0.314563453 0
-0.269069314 0.269261181 0
0.30583939 0.378803372 0
0.221760422 0.304970533 0
-0.273979396 0.334394097 0
-0.0335755982 0.307707399 0
-0.23957935 0.298692495 0
0.0587245151 0.344805092 0
0.117237814 0.317083448 0
0.284336209 0.340413243 0
0.249890372 0.312829316 0
0.343847185 0.433378398 0
0.207801089 0.342838079 0
-0.274291515 0.426623851 0
0.0234502386 0.316493273 0
-0.08737619219999999 0.286369532 0
0.266001195 0.445831895 0
0.12272539 0.273716062 0
0.101134203 0.366993248 0
-0.234703615 0.369619191 0
0.147996157 0.380885184 0
-0.178461179 0.283813536 0
-0.203984484 0.323771179 0
-0.00658131344 0.34660095 0
-0.164417103 0.343546838 0
-0.0673920363 0.326083362 0
0.131059229 0.439091533 0
0.0761057213 0.423675179 0
0.200316936 0.392114729 0
0.029457761 0.387679994 0
-0.041373264 0.371180713 0
0.255755872 0.39359349 0
-0.129968509 0.398406595 0
0.248907045 0.349122852 0
0.195956767 0.446548343 0
-0.354339272 0.442943484 0
-0.193804756 0.443444848 0
-0.00892468356 0.424014986 0
-0.124071665 0.447903305 0
-0.183007032 0.391649544 0
-0.102894232 0.342963189 0
0.454051256 0.0865246058 0
0.477373928 0.124539249 0
-0.468024433 0.160724044 0
-0.0595881864 0.441332847 0
-0.08101215959999999 0.389415085 0
0.430654883 0.100503065 0
0.389429182 0.107357368 0
0.345321238 0.0801729336 0
-0.40980044 0.09662956 0
-0.338144869 0.0994073451 0
0.412171096 0.173297763 0
-0.132147774 0.361322463 0
0.382941902 0.164770678 0
-0.261872202 0.216164798 0
0.298553944 0.269673407 0
0.35991171 0.156175151 0
0.304619789 0.135348052 0
0.253422469 0.12404725 0
-0.374403059 0.104943611 0
-0.337032139 0.151434779 0
-0.109284967 0.131501675 0
-0.19354479 0.23484166 0
-0.06493017819999999 0.238962516 0
-0.0122938436 0.215621114 0
0.00691182632 0.197239071 0
0.0379151069 0.201571897 0
0.150936276 0.234486893 0
0.215393558 0.270183206 0
0.241323069 0.247472897 0
-0.0715796128 0.205469251 0
-0.0449168868 0.201832712 0
-0.015077455 0.176449656 0
0.00735802855 0.160683528 0
0.238734052 0.173370585 0
0.0684622079 0.179729119 0
0.210014313 0.22153379 0
0.169252723 0.153739303 0
0.263142437 0.184926003 0
-0.18295449 0.180039644 0
-0.0454696417 0.176156014 0
0.128362164 0.139589176 0
0.230636895 0.194044158 0
0.0191328265 0.142472118 0
0.0625149161 0.150935873 0
0.0812353119 0.146125689 0
-0.18740344 0.15683043 0
-0.147903278 0.149310306 0
-0.0862699524 0.148439452 0
-0.0688209161 0.151088551 0
-0.00671585044 0.142615706 0
0.161231548 0.173583657 0
0.5 -0.108888887 0
-0.5 -0.104000002 0
0.115384616 -0.5 0
0.346153855 -0.5 0
-0.5 -0.324000001 0
0.5 -0.304444432 0
-0.115384616 -0.5 0
0.0384615399 -0.5 0
0.269230783 -0.5 0
0.192307696 -0.5 0
-0.269230783 -0.5 0
0.5 -0.206666663 0
-0.5 -0.368000001 0
-0.5 -0.412 0
-0.5 -0.456 0
0.5 -0.451111108 0
-0.5 -0.5 0
0.5 -0.5 0
0.5 -0.402222216 0
-0.423076928 -0.5 0
-0.192307696 -0.5 0
-0.5 -0.148000002 0
-0.5 -0.192000002 0
-0.5 -0.236000001 0
-0.5 -0.280000001 0
-0.346153855 -0.5 0
0.5 -0.25555557 0
0.423076928 -0.5 0
-0.0384615399 -0.5 0
0.5 -0.157777771 0
0.5 -0.353333324 0
0.0772511885 -0.08056167509999999 0
0.0374877676 -0.0808010101 0
0.0176463742 -0.0810994208 0
0.0573830791 -0.0807405263 0
0.09732311959999999 -0.0806518868 0
-0.239483774 -0.0795809701 0
-0.219843984 -0.0792642012 0
-0.200446114 -0.07901526239999999 0
-0.181045815 -0.07884178310000001 0
-0.142179415 -0.0802084953 0
-0.102881968 -0.0817045122 0
-0.0223856941 -0.0814301819 0
-0.0627050027 -0.0818454996 0
-0.0425316021 -0.0818034559 0
-0.00224705855 -0.0814203545 0
-0.122754268 -0.081274122 0
-0.08287008849999999 -0.0820686147 0
-0.415999234 -0.07919201250000001 0
-0.381579161 -0.0748587102 0
-0.341950804 -0.08742288500000001 0
-0.319119245 -0.08530327679999999 0
-0.278412133 -0.08144206549999999 0
-0.258917481 -0.08033283049999999 0
-0.161435694 -0.0791214183 0
-0.472487122 -0.10505227 0
0.256461918 -0.08286640050000001 0
0.318938285 -0.08374304320000001 0
0.379224718 -0.0777013451 0
0.415607333 -0.0771136358 0
0.137026802 -0.0809221789 0
0.176194876 -0.0810839683 0
0.195934415 -0.0812368244 0
0.215941653 -0.0814755261 0
0.117289893 -0.08081298319999999 0
0.15661329 -0.081143111 0
0.236094043 -0.082149677 0
0.277177155 -0.0846093968 0
0.298077911 -0.0858106166 0
0.339882791 -0.0815737844 0
0.359948963 -0.0794832781 0
0.397859633 -0.076412484 0
0.432109773 -0.0828129873 0
0.448685735 -0.092795752 0
0.075753212 -0.101484895 0
0.0557561368 -0.102059513 0
0.0359173417 -0.102614924 0
0.0956945047 -0.101622269 0
0.0159939695 -0.10301619 0
0.11527735 -0.102301352 0
-0.397377491 -0.07783801849999999 0
-0.367144257 -0.088626951 0
-0.298090309 -0.0833709612 0
-0.200337872 -0.09863037619999999 0
-0.21885328 -0.09892425689999999 0
-0.18187283 -0.0977715552 0
-0.434422225 -0.0812884495 0
-0.106182195 -0.104892224 0
-0.0242696553 -0.103885174 0
-0.0446307808 -0.104614235 0
-0.08586321030000001 -0.105457388 0
-0.12644203 -0.10389293 0
-0.06511268019999999 -0.105166934 0
-0.145689055 -0.101519272 0
-0.163340643 -0.09789989139999999 0
-0.23776263 -0.099455364 0
-0.338522077 -0.115702689 0
-0.256322116 -0.10120821 0
-0.00407435466 -0.103709199 0
0.418813199 -0.0986522809 0
0.397742271 -0.0922142416 0
0.252526253 -0.1058909 0
0.212309584 -0.103968374 0
0.192341313 -0.104215957 0
0.273252606 -0.109232336 0
0.320911765 -0.107111856 0
0.34232372 -0.102683946 0
0.380523682 -0.09517564620000001 0
0.232309997 -0.104792736 0
0.172806621 -0.104274742 0
0.15369308 -0.103950769 0
0.297904164 -0.116075009 0
0.362232178 -0.09897334870000001 0
0.428666949 -0.112228334 0
0.134589821 -0.103278205 0
0.46945259 -0.110888988 0
-0.411913127 -0.0989815295 0
0.07460499549999999 -0.122705288 0
0.0345189869 -0.125521779 0
0.0545337796 -0.124148242 0
0.0147398924 -0.125232056 0
0.09377242619999999 -0.123138353 0
-0.00542884553 -0.127287924 0
-0.199170411 -0.119690679 0
-0.21721521 -0.119145781 0
-0.181177408 -0.116874449 0
-0.131077215 -0.127389789 0
-0.109915875 -0.129914075 0
-0.0461721793 -0.129090324 0
-0.153852567 -0.125061169 0
-0.0667753816 -0.128979772 0
-0.0885961056 -0.131090179 0
-0.166090339 -0.113361157 0
-0.234963834 -0.118861131 0
-0.251624823 -0.122507848 0
0.112385094 -0.124814384 0
-0.0254358575 -0.127300769 0
0.188759044 -0.129383489 0
0.168846637 -0.129991427 0
0.209063768 -0.128475145 0
0.2286672 -0.12831986 0
0.149858654 -0.129090652 0
0.248147339 -0.129130483 0
0.266228557 -0.132991135 0
0.316227257 -0.145300224 0
0.3464261 -0.123996772 0
0.379398167 -0.140497699 0
0.131228372 -0.127070695 0
-0.31478706 -0.110401563 0
-0.436272234 -0.107960358 0
-0.449050874 -0.118623495 0
-0.367599219 -0.126455709 0
0.437626481 -0.131681964 0
0.409618139 -0.140805781 0
0.09073735030000001 -0.144930616 0
0.0318898484 -0.152542442 0
-0.232055888 -0.134515703 0
-0.196568355 -0.144934669 0
-0.135222897 -0.150460809 0
-0.0468119048 -0.159751192 0
-0.15466474 -0.148551583 0
0.260239989 -0.164158478 0
0.164128304 -0.159461841 0
0.293380171 -0.17444025 0
-0.00580976577 -0.156512246 0
0.126097396 -0.151690036 0
-0.413921267 -0.126558542 0
-0.328458905 -0.140409112 0
-0.274515986 -0.10384129 0
-0.349528015 -0.153568953 0
0.351759881 -0.172270343 0
0.318618536 -0.183061182 0
-0.333783478 -0.167339042 0
-0.441113621 -0.144536555 0
-0.393654108 -0.154271141 0
0.292371094 -0.211694032 0
-0.286774576 -0.130766243 0
0.07354205849999999 -0.143089011 0
-0.257962167 -0.152474642 0
-0.0889976844 -0.161422387 0
0.226948202 -0.154064983 0
0.107703857 -0.148169219 0
0.336992621 -0.211675242 0
-0.00337611185 -0.200795993 0
0.273395419 -0.189953938 0
-0.17049475 -0.148092017 0
-0.129007757 -0.185398072 0
-0.0261532348 -0.181840271 0
0.143847302 -0.157626539 0
-0.448047906 -0.361545205 0
-0.455605984 -0.317959696 0
-0.465123922 -0.189018279 0
-0.462823182 -0.231938973 0
-0.460306674 -0.275001049 0
-0.426925808 -0.452901721 0
-0.424723893 -0.182535723 0
0.0366272852 -0.188651815 0
0.187246516 -0.187728658 0
0.0589350164 -0.166444242 0
-0.103470221 -0.184740975 0
-0.06846610459999999 -0.18379423 0
0.118219182 -0.173072204 0
0.208178952 -0.176860511 0
0.36315757 -0.199747011 0
0.312846452 -0.235824838 0
-0.299318105 -0.15677543 0
-0.198295265 -0.188920036 0
-0.162100241 -0.194625631 0
-0.0246460605 -0.229336455 0
-0.366503626 -0.182237729 0
-0.437883586 -0.40673089 0
-0.402278423 -0.349474549 0
-0.422037065 -0.268937945 0
-0.426025957 -0.228674114 0
-0.415005475 -0.309025466 0
0.440141648 -0.165292025 0
0.380865604 -0.165947661 0
0.454410315 -0.299123228 0
0.445268989 -0.34738335 0
0.435587972 -0.39737919 0
0.427431315 -0.448631287 0
0.461957723 -0.252621621 0
-0.2741943 -0.187123805 0
0.0236531589 -0.21747978 0
0.129730433 -0.192381173 0
-0.122267753 -0.2181191 0
0.286919326 -0.263395518 0
0.352644324 -0.233800679 0
-0.0484154336 -0.206472903 0
-0.238978505 -0.183906317 0
0.382674307 -0.187893778 0
-0.334735453 -0.187197372 0
-0.09211035820000001 -0.204660609 0
-0.199938565 -0.23082687 0
-0.384544611 -0.263622969 0
-0.379169017 -0.298835069 0
-0.363774121 -0.333696634 0
-0.382963866 -0.3914617 0
0.410056442 -0.166615397 0
0.0665235743 -0.19163233 0
0.394013286 -0.33461681 0
0.410622984 -0.288377047 0
0.423467785 -0.245048448 0
0.467720777 -0.206958532 0
0.09609952569999999 -0.198913157 0
-0.470833153 -0.148186505 0
-0.389988542 -0.228198498 0
-0.31124422 -0.183166504 0
0.00482664863 -0.250807226 0
-0.158838674 -0.228567705 0
-0.356113702 -0.222642258 0
-0.10804826 -0.250773847 0
-0.0749890804 -0.230587304 0
0.236951768 -0.25557974 0
-0.238797322 -0.222931072 0
0.200059086 -0.221732855 0
0.0547433943 -0.228673667 0
0.434716195 -0.204581663 0
-0.351000428 -0.291048676 0
-0.342559576 -0.261151582 0
-0.342663676 -0.367414057 0
0.0890857056 -0.235629171 0
0.371275783 -0.274487317 0
0.349839687 -0.316238403 0
-0.265262514 -0.214324355 0
0.125547007 -0.236138836 0
0.384301692 -0.231939763 0
-0.148362547 -0.268382192 0
-0.201895863 -0.284397453 0
0.0395672582 -0.26743412 0
-0.0845435709 -0.286633313 0
0.248264045 -0.20908615 0
0.255116969 -0.290184736 0
0.161755502 -0.2327106 0
-0.283162892 -0.230370551 0
-0.330711573 -0.314092934 0
0.07940530780000001 -0.27783528 0
0.374077588 -0.385226637 0
-0.256944537 -0.263938695 0
0.122180261 -0.280775845 0
-0.0512325764 -0.259115964 0
-0.167743802 -0.330821037 0
-0.123555109 -0.31115067 0
0.203418314 -0.267466187 0
0.0202970076 -0.310064286 0
-0.274711281 -0.308445483 0
-0.320849746 -0.397759885 0
0.338272214 -0.259483725 0
-0.326232761 -0.214808166 0
0.0678861737 -0.32463935 0
0.31976971 -0.3628214 0
-0.0192843862 -0.287305981 0
0.216469511 -0.311700195 0
0.119780473 -0.329584241 0
-0.266494006 -0.385957867 0
0.0543400496 -0.377309233 0
-0.203021392 -0.35156706 0
-0.347021431 -0.440783143 0
0.281908154 -0.327852577 0
0.274117023 -0.422076017 0
0.164584011 -0.276804119 0
0.314772338 -0.292671144 0
-0.14316158 -0.382356316 0
0.238232613 -0.360949397 0
-0.268800765 -0.446109235 0
0.117930107 -0.383022696 0
-0.00502681127 -0.359380454 0
-0.0899545625 -0.35999772 0
0.354485184 -0.440950871 0
-0.202243209 -0.393845558 0
0.180674002 -0.378484547 0
0.116467491 -0.439904302 0
-0.123636782 -0.439212173 0
0.0415827408 -0.435980946 0
-0.0426337756 -0.421091884 0
0.191037983 -0.43673709 0
-0.0501308329 -0.325539827 0
-0.19676277 -0.44627744 0
-0.451890498 -0.0888591111 0
0.470816433 -0.160953358 0
-0.427661389 -0.09695394340000001 0
-0.391985744 -0.096085377 0
0.41114524 -0.0895099714 0
-0.293581456 -0.107031554 0
0.404233605 -0.198149398 0
0.170815691 -0.325417221 0
-0.393289775 -0.197718471 0
-0.390543967 -0.116325445 0
0.407470196 -0.122044012 0
-0.302953094 -0.34384051 0
0.26649943 -0.235712677 0
0.402106464 -0.106607363 0
0.389978588 -0.124477439 0
-0.307111055 -0.134526476 0
-0.268105298 -0.127176061 0
0.283614874 -0.135133982 0
-0.236810908 -0.332041562 0
0.327947587 -0.12534298 0
0.36743632 -0.118909344 0
0.384408504 -0.111650333 0
0.227744669 -0.228958771 0
-0.308642864 -0.288504213 0
-0.310847104 -0.242751881 0
-0.278374851 -0.156388372 0
0.348389834 -0.146922976 0
-0.318303883 -0.161659449 0
0.289174825 -0.154943809 0
0.244689032 -0.15027234 0
0.207649693 -0.154539898 0
0.186118394 -0.157872438 0
0.229213864 -0.186583892 0
-0.242758006 -0.143100053 0
-0.217707261 -0.139593005 0
-0.176148549 -0.134145111 0
0.0545891523 -0.145960584 0
0.0142524652 -0.14502719 0
-0.0255044252 -0.148230761 0
-0.06708924469999999 -0.150351986 0
-0.115150906 -0.15625529 0
0.0140814194 -0.175574467 0
-0.299567908 -0.204695523 0
-0.293376505 -0.266066968 0
0.160018429 -0.193675786 0
-0.180937871 -0.163365349 0
-0.295688331 -0.175879121 0
-0.226377875 -0.15913336 0
0.0429039635 -0.169281721 0
0.101021759 -0.172521606 0
0.0724704266 -0.159666792 0
-0.141519114 -0.169197023 0
-0.160157546 -0.170055762 0
0.0838272274 -0.167311206 0
-0.20788826 -0.164396137 0
</DataArray>
</Points>
<Cells>
<DataArray type="Int32" Name="connectivity" format="ascii">
0 1 7 6 
1 2 8 7 
2 3 9 8 
3 4 10 9 
4 5 11 10 
6 7 13 12 
7 8 14 13 
8 9 15 14 
9 10 16 15 
10 11 17 16 
12 13 19 18 
13 14 20 19 
14 15 21 20 
15 16 22 21 
16 17 23 22 
18 19 25 24 
19 20 26 25 
20 21 27 26 
21 22 28 27 
22 23 29 28 
24 25 31 30 
25 26 32 31 
26 27 33 32 
27 28 34 33 
28 29 35 34 
30 31 37 36 
31 32 38 37 
32 33 39 38 
33 34 40 39 
34 35 41 40 
36 37 43 42 
37 38 44 43 
38 39 45 44 
39 40 46 45 
40 41 47 46 
47 41 94 69 
41 35 95 94 
35 29 96 95 
29 23 97 96 
23 17 98 97 
17 11 99 98 
11 5 83 99 
69 94 100 68 
94 95 101 100 
95 96 102 101 
96 97 103 102 
97 98 104 103 
98 99 105 104 
99 83 84 105 
68 100 106 67 
100 101 107 106 
101 102 108 107 
102 103 109 108 
103 104 110 109 
104 105 111 110 
105 84 85 111 
67 106 112 66 
106 107 113 112 
107 108 114 113 
108 109 115 114 
109 110 116 115 
110 111 117 116 
111 85 76 117 
66 112 118 65 
112 113 119 118 
113 114 120 119 
114 115 121 120 
115 116 122 121 
116 117 123 122 
117 76 82 123 
65 118 124 64 
118 119 125 124 
119 120 126 125 
120 121 127 126 
121 122 128 127 
122 123 129 128 
123 82 86 129 
64 124 130 63 
124 125 131 130 
125 126 132 131 
126 127 133 132 
127 128 134 133 
128 129 135 134 
129 86 87 135 
63 130 136 62 
130 131 137 136 
131 132 138 137 
132 133 139 138 
133 134 140 139 
134 135 141 140 
135 87 88 141 
62 136 142 61 
136 137 143 142 
137 138 144 143 
138 139 145 144 
139 140 146 145 
140 141 147 146 
141 88 89 147 
61 142 148 60 
142 143 149 148 
143 144 150 149 
144 145 151 150 
145 146 152 151 
146 147 153 152 
147 89 77 153 
60 148 154 59 
148 149 155 154 
149 150 156 155 
150 151 157 156 
151 152 158 157 
152 153 159 158 
153 77 81 159 
59 154 160 58 
154 155 161 160 
155 156 162 161 
156 157 163 162 
157 158 164 163 
158 159 165 164 
159 81 90 165 
58 160 166 57 
160 161 167 166 
161 162 168 167 
162 163 169 168 
163 164 170 169 
164 165 171 170 
165 90 91 171 
57 166 172 56 
166 167 173 172 
167 168 174 173 
168 169 175 174 
169 170 176 175 
170 171 177 176 
171 91 92 177 
56 172 178 55 
172 173 179 178 
173 174 180 179 
174 175 181 180 
175 176 182 181 
176 177 183 182 
177 92 93 183 
55 178 184 54 
178 179 185 184 
179 180 186 185 
180 181 187 186 
181 182 188 187 
182 183 189 188 
183 93 74 189 
54 184 190 53 
184 185 191 190 
185 186 192 191 
186 187 193 192 
187 188 194 193 
188 189 195 194 
189 74 71 195 
53 190 196 52 
190 191 197 196 
191 192 198 197 
192 193 199 198 
193 194 200 199 
194 195 201 200 
195 71 80 201 
52 196 202 51 
196 197 203 202 
197 198 204 203 
198 199 205 204 
199 200 206 205 
200 201 207 206 
201 80 79 207 
51 202 50 70 
202 203 49 50 
203 204 48 49 
204 205 72 48 
205 206 73 72 
206 207 78 73 
207 79 75 78 
24 30 312 227 
30 36 313 312 
36 42 283 313 
227 312 314 226 
312 313 315 314 
313 283 292 315 
226 314 316 225 
314 315 317 316 
315 292 296 317 
225 316 318 224 
316 317 319 318 
317 296 300 319 
224 318 320 223 
318 319 321 320 
319 300 278 321 
223 320 322 222 
320 321 323 322 
321 278 289 323 
222 322 324 221 
322 323 325 324 
323 289 282 325 
221 324 326 220 
324 325 327 326 
325 282 301 327 
220 326 328 219 
326 327 329 328 
327 301 297 329 
219 328 330 218 
328 329 331 330 
329 297 286 331 
218 330 332 217 
330 331 333 332 
331 286 294 333 
217 332 334 216 
332 333 335 334 
333 294 295 335 
216 334 336 215 
334 335 337 336 
335 295 287 337 
215 336 338 214 
336 337 339 338 
337 287 293 339 
214 338 340 213 
338 339 341 340 
339 293 298 341 
213 340 342 212 
340 341 343 342 
341 298 299 343 
212 342 344 211 
342 343 345 344 
343 299 288 345 
211 344 346 210 
344 345 347 346 
345 288 291 347 
210 346 348 209 
346 347 349 348 
347 291 290 349 
209 348 350 208 
348 349 351 350 
349 290 284 351 
208 350 352 311 
350 351 353 352 
351 284 302 353 
311 352 354 310 
352 353 355 354 
353 302 303 355 
310 354 356 309 
354 355 357 356 
355 303 304 357 
309 356 358 308 
356 357 359 358 
357 304 305 359 
308 358 307 280 
358 359 306 307 
359 305 279 306 
0 6 360 277 
6 12 361 360 
12 18 228 361 
277 360 362 276 
360 361 363 362 
361 228 229 363 
276 362 364 275 
362 363 365 364 
363 229 230 365 
275 364 366 274 
364 365 367 366 
365 230 231 367 
274 366 368 273 
366 367 369 368 
367 231 232 369 
273 368 370 272 
368 369 371 370 
369 232 233 371 
272 370 372 271 
370 371 373 372 
371 233 234 373 
271 372 374 270 
372 373 375 374 
373 234 235 375 
270 374 376 269 
374 375 377 376 
375 235 236 377 
269 376 378 268 
376 377 379 378 
377 236 237 379 
268 378 380 267 
378 379 381 380 
379 237 238 381 
267 380 382 266 
380 381 383 382 
381 238 239 383 
266 382 384 265 
382 383 385 384 
383 239 240 385 
265 384 386 264 
384 385 387 386 
385 240 241 387 
264 386 388 263 
386 387 389 388 
387 241 242 389 
263 388 390 262 
388 389 391 390 
389 242 243 391 
262 390 392 261 
390 391 393 392 
391 243 244 393 
261 392 394 260 
392 393 395 394 
393 244 245 395 
260 394 396 259 
394 395 397 396 
395 245 246 397 
259 396 398 258 
396 397 399 398 
397 246 247 399 
258 398 400 257 
398 399 401 400 
399 247 248 401 
257 400 402 256 
400 401 403 402 
401 248 249 403 
256 402 404 255 
402 403 405 404 
403 249 250 405 
255 404 406 254 
404 405 407 406 
405 250 251 407 
254 406 253 285 
406 407 252 253 
407 251 281 252 
24 227 228 18 
227 226 229 228 
226 225 230 229 
225 224 231 230 
224 223 232 231 
223 222 233 232 
222 221 234 233 
221 220 235 234 
220 219 236 235 
219 218 237 236 
218 217 238 237 
217 216 239 238 
216 215 240 239 
215 214 241 240 
214 213 242 241 
213 212 243 242 
212 211 244 243 
211 210 245 244 
210 209 246 245 
209 208 247 246 
208 311 248 247 
311 310 249 248 
310 309 250 249 
309 308 251 250 
308 280 281 251 
467 67 66 466 
68 468 470 69 
440 43 44 442 
297 456 446 286 
70 434 515 51 
733 515 550 519 
53 512 501 54 
54 501 509 55 
574 739 549 564 
502 57 56 471 
740 58 57 502 
58 740 472 59 
475 507 510 465 
473 61 60 503 
506 504 541 542 
63 464 475 64 
465 65 64 475 
65 465 466 66 
46 443 439 45 
435 413 596 412 
703 596 413 414 
410 411 614 591 
569 565 514 551 
514 565 749 548 
519 550 573 564 
424 433 425 622 
645 621 620 646 
485 448 447 486 
500 450 453 480 
479 481 524 520 
770 607 626 604 
643 615 591 614 
305 517 432 279 
302 483 462 303 
497 460 459 742 
449 487 496 457 
485 486 527 534 
620 427 428 623 
427 620 621 426 
426 621 622 425 
43 440 441 42 
42 441 453 283 
292 450 451 296 
296 451 452 300 
444 289 278 454 
289 444 455 282 
282 455 445 301 
301 445 456 297 
286 446 447 294 
294 447 448 295 
449 287 295 448 
293 457 458 298 
298 458 482 299 
459 288 299 482 
460 291 288 459 
484 290 291 460 
284 461 483 302 
303 462 463 304 
463 517 305 304 
469 47 69 470 
45 439 442 44 
443 46 47 469 
522 476 479 520 
477 440 442 476 
480 453 441 478 
450 292 283 453 
476 442 439 479 
481 443 469 516 
454 278 300 452 
527 486 495 533 
581 580 600 632 
495 446 456 494 
556 537 535 536 
448 485 487 449 
287 449 457 293 
450 500 488 451 
451 488 490 452 
440 477 478 441 
452 490 493 454 
491 444 454 493 
455 489 492 445 
445 492 494 456 
553 567 571 498 
741 483 461 518 
290 484 461 284 
498 571 517 463 
498 463 462 553 
464 63 62 474 
474 62 61 473 
516 538 524 481 
506 468 467 504 
67 467 468 68 
443 481 479 439 
516 469 470 511 
468 506 511 470 
471 56 55 509 
769 561 587 783 
59 472 503 60 
750 513 566 546 
466 505 504 467 
508 464 474 513 
507 475 464 508 
578 522 520 776 
522 521 477 476 
477 521 523 478 
599 767 554 584 
555 523 521 775 
552 482 458 499 
741 553 462 483 
518 461 484 751 
484 460 497 751 
486 447 446 495 
580 527 533 778 
489 455 444 491 
526 492 489 528 
485 534 536 487 
457 496 499 458 
494 529 533 495 
500 480 525 539 
493 532 753 491 
492 526 529 494 
500 539 530 488 
531 490 488 530 
537 499 496 535 
571 605 735 517 
482 552 742 459 
535 496 487 536 
523 525 480 478 
512 53 52 733 
512 733 519 738 
549 739 509 501 
505 466 465 510 
538 554 777 524 
513 474 473 566 
750 507 508 513 
503 548 566 473 
557 561 543 544 
472 514 548 503 
540 505 510 543 
510 507 544 543 
51 515 733 52 
544 507 750 545 
740 502 471 551 
565 569 748 572 
734 550 515 434 
511 547 538 516 
553 741 518 567 
549 738 519 564 
748 745 619 572 
775 521 522 578 
778 533 529 558 
541 504 505 540 
773 538 547 542 
528 489 491 753 
580 581 534 527 
493 490 531 532 
559 530 539 562 
779 558 529 526 
772 559 562 764 
530 559 781 531 
536 534 581 556 
582 598 752 568 
752 598 625 606 
582 568 537 556 
540 543 561 769 
782 562 539 525 
541 540 769 560 
511 506 542 547 
541 560 773 542 
566 548 749 546 
546 579 545 750 
672 626 653 747 
551 739 574 569 
672 761 604 626 
773 560 590 563 
739 551 471 509 
434 436 650 734 
595 594 438 408 
575 572 633 607 
740 551 514 472 
499 537 568 552 
571 567 577 605 
531 781 780 532 
523 555 782 525 
675 679 693 683 
588 587 561 557 
557 544 545 766 
528 753 585 586 
585 610 608 586 
589 585 780 781 
558 779 586 601 
528 586 779 526 
613 587 611 759 
773 563 554 538 
766 774 588 557 
590 560 769 783 
603 765 775 578 
559 772 589 781 
573 597 743 564 
546 749 575 579 
606 625 635 577 
742 552 576 497 
594 593 437 438 
408 409 592 595 
570 751 497 576 
576 552 568 752 
591 592 409 410 
573 650 593 597 
436 437 593 650 
432 517 735 431 
565 572 575 749 
582 602 644 598 
429 624 623 428 
752 606 570 576 
584 554 563 590 
657 599 627 654 
768 604 761 630 
579 770 766 545 
601 771 778 558 
771 649 652 600 
556 581 602 582 
623 648 646 620 
755 609 637 662 
764 562 782 765 
639 612 613 759 
636 655 608 610 
771 601 628 649 
590 613 612 584 
592 591 615 618 
640 642 665 666 
763 762 589 772 
763 583 756 609 
596 703 643 614 
640 641 616 618 
650 573 550 734 
594 595 616 617 
597 617 651 743 
659 619 651 641 
411 412 596 614 
593 594 617 597 
570 606 577 567 
584 612 627 599 
698 696 683 693 
608 628 601 586 
727 645 684 705 
610 762 755 636 
579 575 607 770 
431 735 647 430 
745 743 651 619 
585 589 762 610 
655 664 628 608 
756 757 629 660 
756 660 637 609 
728 705 711 731 
611 587 588 768 
709 673 654 639 
759 611 638 663 
639 759 663 709 
692 702 685 681 
633 572 619 659 
618 616 595 592 
685 672 747 681 
607 633 653 626 
424 622 727 423 
622 621 645 727 
624 429 430 647 
656 635 625 669 
631 605 577 635 
746 632 667 687 
629 758 634 658 
660 674 691 637 
723 708 726 720 
611 768 630 638 
624 647 631 677 
649 628 664 754 
602 581 632 746 
654 627 612 639 
670 648 677 656 
664 655 676 713 
658 634 657 678 
658 674 660 629 
760 630 761 661 
719 718 417 418 
712 690 704 720 
618 615 642 640 
617 616 641 651 
615 643 668 642 
680 760 661 695 
708 703 414 415 
652 667 632 600 
625 598 644 669 
671 683 696 684 
648 623 624 677 
605 631 647 735 
635 656 677 631 
667 754 686 687 
670 675 683 671 
653 633 659 666 
662 707 636 755 
655 636 707 676 
644 602 746 679 
673 678 657 654 
719 721 699 710 
641 640 666 659 
672 685 661 761 
717 697 715 722 
760 680 638 630 
712 710 700 690 
754 664 713 686 
642 668 682 665 
695 702 725 704 
656 669 675 670 
694 668 643 703 
671 646 648 670 
423 727 705 422 
645 646 671 684 
747 653 666 665 
674 658 678 689 
689 688 699 706 
679 675 669 644 
662 697 717 707 
714 716 731 711 
678 673 688 689 
754 667 652 649 
663 638 680 690 
692 681 682 701 
668 694 701 682 
716 714 713 676 
695 661 685 702 
711 705 684 696 
698 693 687 686 
679 746 687 693 
673 709 700 688 
699 721 715 706 
706 691 674 689 
718 719 710 712 
662 637 691 697 
665 682 681 747 
701 694 723 725 
690 680 695 704 
711 696 698 714 
717 722 737 732 
713 714 698 686 
688 700 710 699 
721 729 722 715 
663 690 700 709 
708 723 694 703 
702 692 701 725 
697 691 706 715 
724 730 728 731 
718 712 720 726 
732 676 707 717 
737 736 730 724 
719 418 729 721 
723 720 704 725 
737 724 744 732 
726 708 415 416 
416 417 718 726 
716 744 724 731 
728 421 422 705 
729 418 419 736 
730 420 421 728 
736 419 420 730 
722 729 736 737 
738 549 501 512 
564 743 745 574 
744 716 676 732 
569 574 745 748 
567 518 751 570 
585 753 532 780 
757 756 583 764 
757 603 758 629 
609 755 762 763 
772 764 583 763 
757 764 765 603 
555 775 765 782 
599 657 634 767 
758 603 767 634 
767 603 578 776 
768 588 774 604 
774 766 770 604 
771 600 580 778 
777 776 520 524 
767 776 777 554 
613 590 783 587 
828 276 275 827 
2 816 818 3 
89 851 852 77 
815 858 861 819 
285 785 839 254 
1029 839 785 805 
870 256 255 1102 
1105 865 833 864 
864 258 257 832 
259 258 864 833 
865 260 259 833 
834 261 260 865 
261 834 835 262 
866 1107 952 836 
836 264 263 866 
940 1135 1149 1136 
266 820 821 267 
267 821 822 268 
823 269 268 822 
838 270 269 823 
271 824 830 272 
825 273 272 830 
273 825 831 274 
1 817 816 2 
800 803 978 798 
1081 978 803 809 
796 797 994 973 
953 951 880 935 
865 935 880 834 
832 900 1105 864 
811 801 799 1004 
1001 1025 1024 1002 
1005 810 795 1027 
892 850 847 886 
845 76 85 849 
4 815 819 5 
860 816 817 862 
875 830 824 877 
867 822 821 868 
879 820 837 881 
962 1127 1006 1013 
1021 995 973 994 
79 899 784 75 
856 843 1106 883 
937 1112 1116 930 
90 853 854 91 
1123 1122 930 1116 
1002 1003 802 814 
802 1003 1004 799 
5 819 848 83 
84 844 849 85 
76 845 846 82 
82 846 847 86 
840 88 87 850 
88 840 851 89 
81 841 853 90 
92 842 855 93 
93 855 843 74 
74 843 856 71 
71 856 857 80 
857 899 79 80 
829 0 277 826 
817 1 0 829 
815 4 3 818 
861 858 901 905 
826 277 276 828 
862 817 829 882 
859 860 902 903 
859 818 816 860 
898 844 848 863 
844 84 83 848 
820 266 265 837 
837 265 264 836 
869 867 907 909 
822 867 869 823 
270 838 824 271 
828 873 872 826 
827 275 274 831 
818 859 858 815 
882 829 826 872 
878 838 823 869 
825 871 874 831 
876 827 831 874 
832 257 256 870 
935 865 1105 1111 
917 908 868 879 
262 835 866 263 
881 837 836 952 
254 839 1102 255 
1104 870 1102 933 
850 87 86 847 
888 851 840 885 
841 889 890 853 
841 81 77 852 
842 92 91 854 
936 899 857 897 
887 846 845 893 
893 845 849 894 
886 847 846 887 
819 861 863 848 
922 946 1133 921 
927 926 1131 945 
923 924 892 886 
1106 884 1115 883 
853 890 896 854 
884 855 842 891 
856 883 897 857 
964 924 923 1132 
860 862 904 902 
873 828 827 876 
862 882 906 904 
887 893 922 921 
1138 961 901 903 
894 849 844 898 
933 934 957 950 
950 1111 1105 900 
868 821 820 879 
878 916 913 877 
879 881 918 917 
830 875 871 825 
877 824 838 878 
872 873 912 920 
871 875 910 911 
911 915 874 871 
909 916 878 869 
1138 903 902 939 
1136 941 907 908 
932 835 834 880 
908 907 867 868 
951 953 956 1129 
970 1142 942 1153 
902 904 1139 939 
842 854 896 891 
936 897 1112 937 
851 888 895 852 
954 1128 928 955 
1133 981 986 1132 
885 840 850 892 
921 923 886 887 
894 898 931 925 
852 895 889 841 
895 888 927 1119 
938 905 901 961 
898 863 919 931 
885 892 924 926 
888 885 926 927 
895 928 1121 889 
890 929 1122 896 
863 861 905 919 
900 1104 933 950 
958 993 953 935 
858 859 903 901 
961 1138 982 1152 
882 872 920 906 
876 874 915 914 
980 1143 967 1007 
938 965 919 905 
942 910 913 944 
1137 913 916 909 
1107 932 1117 960 
910 875 877 913 
943 912 914 1141 
914 912 873 876 
1141 963 984 943 
963 1141 914 915 
1142 911 910 942 
915 911 1142 963 
907 941 1137 909 
941 1147 969 1137 
1144 1006 1148 1031 
893 894 925 922 
943 1140 920 912 
1134 1055 968 945 
925 931 949 972 
945 1131 964 1134 
1131 926 924 964 
986 1134 964 1132 
966 955 959 988 
1130 945 968 947 
1121 929 890 889 
966 987 954 955 
1122 929 1128 930 
999 936 937 1022 
1116 1112 1115 1123 
919 965 949 931 
835 932 1107 866 
880 951 1117 932 
934 933 1102 839 
977 976 807 808 
1129 989 1117 951 
784 899 1103 813 
1103 899 936 999 
1000 954 987 1014 
985 949 965 1151 
971 948 1140 943 
974 973 995 998 
940 1136 908 917 
944 913 1137 969 
963 983 1016 984 
948 906 920 1140 
1147 990 991 1154 
789 1001 1002 814 
946 922 925 972 
955 928 1130 947 
939 1143 980 1150 
1143 939 1139 948 
950 957 979 958 
1107 960 1118 952 
918 881 952 1118 
976 975 806 807 
808 788 974 977 
1011 966 988 1071 
1128 954 1000 930 
959 955 947 968 
973 974 788 796 
962 1135 918 1118 
957 1029 975 979 
805 806 975 1029 
1025 1046 1047 1024 
1118 960 1127 962 
989 1127 960 1117 
938 961 1152 1155 
1019 1020 1059 1042 
1135 940 917 918 
983 963 1142 970 
1150 982 1138 939 
810 1005 1001 789 
992 1032 1007 967 
991 990 1017 1033 
942 944 1154 1153 
970 1009 1016 983 
984 1012 971 943 
948 971 967 1143 
985 1008 972 949 
1146 946 972 1008 
978 1081 1021 994 
997 996 1018 1030 
1029 957 934 839 
1110 993 958 979 
1144 1058 1048 1006 
797 798 978 994 
975 976 997 979 
1134 1039 1124 1055 
1023 982 1150 980 
1152 982 1023 1155 
991 970 1153 1154 
1045 1060 1063 1049 
968 1055 1114 959 
1026 1050 1046 1025 
1074 1047 1085 1082 
1047 1074 1061 1024 
993 1015 956 953 
962 1013 1149 1135 
1016 1009 1035 1036 
984 1016 1036 1012 
1009 970 991 1033 
1060 1053 1068 1073 
992 967 971 1012 
976 977 996 997 
979 997 1030 1110 
998 996 977 974 
1058 1062 1038 1048 
813 1103 1027 795 
1000 1022 937 930 
1071 988 1010 1085 
811 1004 1092 787 
1024 1061 1003 1002 
999 1041 1027 1103 
1031 1129 956 1015 
1032 1053 1040 1007 
980 1007 1040 1023 
1035 1009 1033 1051 
1114 1010 988 959 
1026 1025 1001 1005 
987 966 1011 1050 
1014 1108 1022 1000 
1030 1034 993 1110 
1019 1018 996 998 
990 1013 1038 1017 
1017 1052 1051 1033 
1034 1030 1018 1043 
998 995 1020 1019 
995 1021 1044 1020 
1120 1052 1062 1069 
1088 1081 809 794 
1061 1092 1004 1003 
1041 1026 1005 1027 
1050 1026 1041 1108 
1041 999 1022 1108 
1028 1045 1049 1008 
1008 985 1151 1028 
1129 1031 1148 989 
1034 1072 1015 993 
1064 992 1012 1036 
1079 1097 1095 1089 
1052 1017 1038 1062 
1075 1064 1054 1100 
1018 1019 1042 1043 
1054 1035 1051 1066 
1036 1035 1054 1064 
1008 1049 1057 1146 
1076 1087 1082 1056 
1013 1006 1048 1038 
946 1146 981 1133 
1040 1053 1060 1045 
1023 1040 1045 1028 
1043 1126 1072 1034 
1059 1020 1044 1113 
1044 1021 1081 1070 
1073 1077 1063 1060 
1037 1056 1010 1114 
787 1092 1083 792 
1144 1072 1126 1058 
1084 1057 1049 1063 
1124 1037 1114 1055 
1014 987 1050 1108 
1050 1011 1071 1046 
1066 1091 1100 1054 
1086 1065 1080 1093 
1064 1075 1032 992 
1073 1068 1090 1079 
1065 1066 1051 1052 
1067 1039 1057 1084 
1146 1057 1039 981 
1125 1043 1042 1059 
1069 1062 1145 1125 
1078 1113 1044 1070 
1085 1047 1046 1071 
1092 1061 1074 1083 
1145 1062 1058 1126 
1076 1109 1094 1087 
1100 1091 1098 1090 
1087 1083 1074 1082 
1084 1063 1077 1109 
1037 1067 1076 1056 
1075 1068 1053 1032 
1125 1145 1126 1043 
1113 1078 1120 1069 
1093 1078 1088 1101 
1031 1015 1072 1144 
1099 1094 1089 1095 
1052 1120 1080 1065 
1076 1067 1084 1109 
1073 1079 1089 1077 
1059 1113 1069 1125 
1090 1068 1075 1100 
791 786 1095 1097 
1093 1101 1096 1086 
793 792 1083 1099 
1085 1010 1056 1082 
1098 1096 790 812 
1066 1065 1086 1091 
1070 1081 1088 1078 
1087 1094 1099 1083 
812 791 1097 1098 
1090 1098 1097 1079 
1078 1093 1080 1120 
804 790 1096 1101 
1089 1094 1109 1077 
786 793 1099 1095 
1091 1086 1096 1098 
1101 1088 794 804 
1104 900 832 870 
1106 843 855 884 
958 935 1111 950 
1112 897 883 1115 
1123 1115 884 891 
928 895 1119 1130 
1130 1119 927 945 
929 1121 928 1128 
896 1122 1123 891 
1124 1039 1067 1037 
1127 989 1148 1006 
1132 923 921 1133 
986 981 1039 1134 
1139 904 906 948 
941 1136 1149 1156 
990 1156 1149 1013 
1147 941 1156 990 
1028 1151 1155 1023 
1155 1151 965 938 
1154 944 969 1147 
</DataArray>
<DataArray type="Int32" Name="offsets" format="ascii">
4 8 12 16 20 24 28 32 36 40 44 48 52 56 60 64 68 72 76 80 84 88 92 96 100 104 108 112 116 120 124 128 132 136 140 144 148 152 156 160 164 168 172 176 180 184 188 192 196 200 204 208 212 216 220 224 228 232 236 240 244 248 252 256 260 264 268 272 276 280 284 288 292 296 300 304 308 312 316 320 324 328 332 336 340 344 348 352 356 360 364 368 372 376 380 384 388 392 396 400 404 408 412 416 420 424 428 432 436 440 444 448 452 456 460 464 468 472 476 480 484 488 492 496 500 504 508 512 516 520 524 528 532 536 540 544 548 552 556 560 564 568 572 576 580 584 588 592 596 600 604 608 612 616 620 624 628 632 636 640 644 648 652 656 660 664 668 672 676 680 684 688 692 696 700 704 708 712 716 720 724 728 732 736 740 744 748 752 756 760 764 768 772 776 780 784 788 792 796 800 804 808 812 816 820 824 828 832 836 840 844 848 852 856 860 864 868 872 876 880 884 888 892 896 900 904 908 912 916 920 924 928 932 936 940 944 948 952 956 960 964 968 972 976 980 984 988 992 996 1000 1004 1008 1012 1016 1020 1024 1028 1032 1036 1040 1044 1048 1052 1056 1060 1064 1068 1072 1076 1080 1084 1088 1092 1096 1100 1104 1108 1112 1116 1120 1124 1128 1132 1136 1140 1144 1148 1152 1156 1160 1164 1168 1172 1176 1180 1184 1188 1192 1196 1200 1204 1208 1212 1216 1220 1224 1228 1232 1236 1240 1244 1248 1252 1256 1260 1264 1268 1272 1276 1280 1284 1288 1292 1296 1300 1304 1308 1312 1316 1320 1324 1328 1332 1336 1340 1344 1348 1352 1356 1360 1364 1368 1372 1376 1380 1384 1388 1392 1396 1400 1404 1408 1412 1416 1420 1424 1428 1432 1436 1440 1444 1448 1452 1456 1460 1464 1468 1472 1476 1480 1484 1488 1492 1496 1500 1504 1508 1512 1516 1520 1524 1528 1532 1536 1540 1544 1548 1552 1556 1560 1564 1568 1572 1576 1580 1584 1588 1592 1596 1600 1604 1608 1612 1616 1620 1624 1628 1632 1636 1640 1644 1648 1652 1656 1660 1664 1668 1672 1676 1680 1684 1688 1692 1696 1700 1704 1708 1712 1716 1720 1724 1728 1732 1736 1740 1744 1748 1752 1756 1760 1764 1768 1772 1776 1780 1784 1788 1792 1796 1800 1804 1808 1812 1816 1820 1824 1828 1832 1836 1840 1844 1848 1852 1856 1860 1864 1868 1872 1876 1880 1884 1888 1892 1896 1900 1904 1908 1912 1916 1920 1924 1928 1932 1936 1940 1944 1948 1952 1956 1960 1964 1968 1972 1976 1980 1984 1988 1992 1996 2000 2004 2008 2012 2016 2020 2024 2028 2032 2036 2040 2044 2048 2052 2056 2060 2064 2068 2072 2076 2080 2084 2088 2092 2096 2100 2104 2108 2112 2116 2120 2124 2128 2132 2136 2140 2144 2148 2152 2156 2160 2164 2168 2172 2176 2180 2184 2188 2192 2196 2200 2204 2208 2212 2216 2220 2224 2228 2232 2236 2240 2244 2248 2252 2256 2260 2264 2268 2272 2276 2280 2284 2288 2292 2296 2300 2304 2308 2312 2316 2320 2324 2328 2332 2336 2340 2344 2348 2352 2356 2360 2364 2368 2372 2376 2380 2384 2388 2392 2396 2400 2404 2408 2412 2416 2420 2424 2428 2432 2436 2440 2444 2448 2452 2456 2460 2464 2468 2472 2476 2480 2484 2488 2492 2496 2500 2504 2508 2512 2516 2520 2524 2528 2532 2536 2540 2544 2548 2552 2556 2560 2564 2568 2572 2576 2580 2584 2588 2592 2596 2600 2604 2608 2612 2616 2620 2624 2628 2632 2636 2640 2644 2648 2652 2656 2660 2664 2668 2672 2676 2680 2684 2688 2692 2696 2700 2704 2708 2712 2716 2720 2724 2728 2732 2736 2740 2744 2748 2752 2756 2760 2764 2768 2772 2776 2780 2784 2788 2792 2796 2800 2804 2808 2812 2816 2820 2824 2828 2832 2836 2840 2844 2848 2852 2856 2860 2864 2868 2872 2876 2880 2884 2888 2892 2896 2900 2904 2908 2912 2916 2920 2924 2928 2932 2936 2940 2944 2948 2952 2956 2960 2964 2968 2972 2976 2980 2984 2988 2992 2996 3000 3004 3008 3012 3016 3020 3024 3028 3032 3036 3040 3044 3048 3052 3056 3060 3064 3068 3072 3076 3080 3084 3088 3092 3096 3100 3104 3108 3112 3116 3120 3124 3128 3132 3136 3140 3144 3148 3152 3156 3160 3164 3168 3172 3176 3180 3184 3188 3192 3196 3200 3204 3208 3212 3216 3220 3224 3228 3232 3236 3240 3244 3248 3252 3256 3260 3264 3268 3272 3276 3280 3284 3288 3292 3296 3300 3304 3308 3312 3316 3320 3324 3328 3332 3336 3340 3344 3348 3352 3356 3360 3364 3368 3372 3376 3380 3384 3388 3392 3396 3400 3404 3408 3412 3416 3420 3424 3428 3432 3436 3440 3444 3448 3452 3456 3460 3464 3468 3472 3476 3480 3484 3488 3492 3496 3500 3504 3508 3512 3516 3520 3524 3528 3532 3536 3540 3544 3548 3552 3556 3560 3564 3568 3572 3576 3580 3584 3588 3592 3596 3600 3604 3608 3612 3616 3620 3624 3628 3632 3636 3640 3644 3648 3652 3656 3660 3664 3668 3672 3676 3680 3684 3688 3692 3696 3700 3704 3708 3712 3716 3720 3724 3728 3732 3736 3740 3744 3748 3752 3756 3760 3764 3768 3772 3776 3780 3784 3788 3792 3796 3800 3804 3808 3812 3816 3820 3824 3828 3832 3836 3840 3844 3848 3852 3856 3860 3864 3868 3872 3876 3880 3884 3888 3892 3896 3900 3904 3908 3912 3916 3920 3924 3928 3932 3936 3940 3944 3948 3952 3956 3960 3964 3968 3972 3976 3980 3984 3988 3992 3996 4000 4004 4008 4012 4016 4020 4024 4028 4032 4036 4040 4044 4048 4052 4056 4060 4064 4068 4072 4076 4080 4084 4088 4092 4096 4100 4104 4108 4112 4116 4120 4124 4128 4132 4136 4140 4144 4148 4152 4156 4160 4164 4168 4172 4176 4180 4184 4188 4192 4196 4200 4204 4208 4212 4216 4220 4224 4228 4232 4236 4240 4244 4248 4252 4256 4260 4264 4268 4272 4276 4280 4284 4288 4292 4296 4300 4304 4308 4312 4316 4320 4324 4328 4332 4336 4340 4344 4348 4352 4356 4360 4364 4368 4372 4376 4380 4384 4388 4392 4396 4400 4404 4408 4412 4416 4420 4424 4428 4432 4436 4440 4444 4448 4452 4456 4460 4464 4468 
</DataArray>
<DataArray type="UInt8" Name="types" format="ascii">
9 9 9 9 9 9 9 9 9 9 9 9 9 9 9 9 9 9 9 9 9 9 9 9 9 9 9 9 9 9 9 9 9 9 9 9 9 9 9 9 9 9 9 9 9 9 9 9 9 9 9 9 9 9 9 9 9 9 9 9 9 9 9 9 9 9 9 9 9 9 9 9 9 9 9 9 9 9 9 9 9 9 9 9 9 9 9 9 9 9 9 9 9 9 9 9 9 9 9 9 9 9 9 9 9 9 9 9 9 9 9 9 9 9 9 9 9 9 9 9 9 9 9 9 9 9 9 9 9 9 9 9 9 9 9 9 9 9 9 9 9 9 9 9 9 9 9 9 9 9 9 9 9 9 9 9 9 9 9 9 9 9 9 9 9 9 9 9 9 9 9 9 9 9 9 9 9 9 9 9 9 9 9 9 9 9 9 9 9 9 9 9 9 9 9 9 9 9 9 9 9 9 9 9 9 9 9 9 9 9 9 9 9 9 9 9 9 9 9 9 9 9 9 9 9 9 9 9 9 9 9 9 9 9 9 9 9 9 9 9 9 9 9 9 9 9 9 9 9 9 9 9 9 9 9 9 9 9 9 9 9 9 9 9 9 9 9 9 9 9 9 9 9 9 9 9 9 9 9 9 9 9 9 9 9 9 9 9 9 9 9 9 9 9 9 9 9 9 9 9 9 9 9 9 9 9 9 9 9 9 9 9 9 9 9 9 9 9 9 9 9 9 9 9 9 9 9 9 9 9 9 9 9 9 9 9 9 9 9 9 9 9 9 9 9 9 9 9 9 9 9 9 9 9 9 9 9 9 9 9 9 9 9 9 9 9 9 9 9 9 9 9 9 9 9 9 9 9 9 9 9 9 9 9 9 9 9 9 9 9 9 9 9 9 9 9 9 9 9 9 9 9 9 9 9 9 9 9 9 9 9 9 9 9 9 9 9 9 9 9 9 9 9 9 9 9 9 9 9 9 9 9 9 9 9 9 9 9 9 9 9 9 9 9 9 9 9 9 9 9 9 9 9 9 9 9 9 9 9 9 9 9 9 9 9 9 9 9 9 9 9 9 9 9 9 9 9 9 9 9 9 9 9 9 9 9 9 9 9 9 9 9 9 9 9 9 9 9 9 9 9 9 9 9 9 9 9 9 9 9 9 9 9 9 9 9 9 9 9 9 9 9 9 9 9 9 9 9 9 9 9 9 9 9 9 9 9 9 9 9 9 9 9 9 9 9 9 9 9 9 9 9 9 9 9 9 9 9 9 9 9 9 9 9 9 9 9 9 9 9 9 9 9 9 9 9 9 9 9 9 9 9 9 9 9 9 9 9 9 9 9 9 9 9 9 9 9 9 9 9 9 9 9 9 9 9 9 9 9 9 9 9 9 9 9 9 9 9 9 9 9 9 9 9 9 9 9 9 9 9 9 9 9 9 9 9 9 9 9 9 9 9 9 9 9 9 9 9 9 9 9 9 9 9 9 9 9 9 9 9 9 9 9 9 9 9 9 9 9 9 9 9 9 9 9 9 9 9 9 9 9 9 9 9 9 9 9 9 9 9 9 9 9 9 9 9 9 9 9 9 9 9 9 9 9 9 9 9 9 9 9 9 9 9 9 9 9 9 9 9 9 9 9 9 9 9 9 9 9 9 9 9 9 9 9 9 9 9 9 9 9 9 9 9 9 9 9 9 9 9 9 9 9 9 9 9 9 9 9 9 9 9 9 9 9 9 9 9 9 9 9 9 9 9 9 9 9 9 9 9 9 9 9 9 9 9 9 9 9 9 9 9 9 9 9 9 9 9 9 9 9 9 9 9 9 9 9 9 9 9 9 9 9 9 9 9 9 9 9 9 9 9 9 9 9 9 9 9 9 9 9 9 9 9 9 9 9 9 9 9 9 9 9 9 9 9 9 9 9 9 9 9 9 9 9 9 9 9 9 9 9 9 9 9 9 9 9 9 9 9 9 9 9 9 9 9 9 9 9 9 9 9 9 9 9 9 9 9 9 9 9 9 9 9 9 9 9 9 9 9 9 9 9 9 9 9 9 9 9 9 9 9 9 9 9 9 9 9 9 9 9 9 9 9 9 9 9 9 9 9 9 9 9 9 9 9 9 9 9 9 9 9 9 9 9 9 9 9 9 9 9 9 9 9 9 9 9 9 9 9 9 9 9 9 9 9 9 9 9 9 9 9 9 9 9 9 9 9 9 9 9 9 9 9 9 9 9 9 9 9 9 9 9 9 9 9 9 9 9 9 9 9 9 9 9 9 9 9 9 9 9 9 9 9 9 9 9 9 9 9 9 9 9 9 9 9 9 9 9 9 9 9 9 9 9 9 9 9 9 9 9 9 9 9 9 9 9 9 9 9 9 9 9 9 9 9 9 9 9 9 9 9 9 9 9 9 9 9 9 9 9 9 9 9 9 9 9 9 9 9 9 9 9 9 9 9 9 9 9 9 9 9 9 9 9 9 9 9 9 9 9 9 9 9 9 9 9 9 9 9 9 9 9 9 9 9 9 
</DataArray>
</Cells>
<PointData>
<DataArray type="Float64" Name="phi" NumberOfComponents="1" format="ascii">
0.59579708273439 
0.5831302456440162 
0.5635537580148294 
0.5374082640451486 
0.5067652694963328 
0.4741561897747386 
0.6988020807700802 
0.6777751236025158 
0.6449016611986715 
0.6030889744145226 
0.5581892523273788 
0.5138172998403709 
0.8242410871295169 
0.7875838103980347 
0.7266373281747248 
0.6628627804545943 
0.6016649962532855 
0.5455522041290619 
1 
0.8785890178833886 
0.7843711706667593 
0.7009716761014213 
0.6275309538449872 
0.5634927993372453 
1 
0.8787028612632641 
0.7845065409631957 
0.7011027344501859 
0.6276459744689308 
0.5635892827310379 
0.8244219611999437 
0.7878594898966504 
0.7269671749400957 
0.6631937023385598 
0.6019717221207892 
0.5458249302723911 
0.6991049047277875 
0.6781542986990204 
0.6453314621573947 
0.6035293178704049 
0.558617743763088 
0.5142261585237728 
0.5962306130613709 
0.583603040221592 
0.5640325001484552 
0.537881931949586 
0.507234361653273 
0.4746609606982068 
0.1703292481454843 
0.1707467326831222 
0.1715818413197269 
0.1739889136384921 
0.177151822124074 
0.181803320883153 
0.1876699228163388 
0.194572887421985 
0.2023921061078887 
0.2110848182350923 
0.2208415944507773 
0.2317357751599178 
0.243898372689091 
0.257474494389117 
0.2726584222102137 
0.2896734263370502 
0.3088841331604514 
0.3304258499334119 
0.3544933382515907 
0.3811568094991404 
0.4103600973025349 
0.4417841143762491 
0.1728636354073121 
0.1818117473186922 
0.1703375730355061 
0.1707731482556786 
0.1876140879865561 
0.1729039540983251 
0.3540325147455792 
0.2437153791417868 
0.1716317294296198 
0.1741131158675957 
0.177208202299177 
0.2316014270786458 
0.3300301746353153 
0.4412585024884165 
0.4098376929874292 
0.3806561784775173 
0.3085450235151088 
0.2894053990242143 
0.2723806972286727 
0.2572380584875 
0.2207467297514349 
0.21100710691138 
0.2022642420807587 
0.1944616617589157 
0.4717725661494852 
0.4948094370740153 
0.5074140298083613 
0.507330576770922 
0.4945660960506694 
0.47138398321252 
0.4330476755735507 
0.4499736908783827 
0.4590411398664124 
0.4589662108739058 
0.4497503672942961 
0.4326771785030949 
0.3983149099367426 
0.4108299567647057 
0.4174266188645294 
0.4173569133385046 
0.4106207680528965 
0.3979639824860039 
0.3674692459019478 
0.3767654395408674 
0.381601275209979 
0.3815360416555401 
0.3765700648258464 
0.3671442424009989 
0.3402332489401245 
0.3471506762341204 
0.350709984507146 
0.3506505337876813 
0.3469734652843616 
0.3399416273364103 
0.3162561673727054 
0.321395473051439 
0.3240150841545477 
0.3239632306580597 
0.3212416741436107 
0.316006846705632 
0.2951820597286828 
0.2989703432448562 
0.3008862222396933 
0.3008421407552076 
0.2988398081845826 
0.2949705738240907 
0.2766593560302679 
0.279403851838273 
0.280782859094194 
0.2807448580789704 
0.2792902671916908 
0.2764705008354861 
0.2603303751543041 
0.2622698647582831 
0.2632374257618807 
0.2632041959796831 
0.2621703157169537 
0.2601633667236476 
0.2458712322065089 
0.2471961554268404 
0.247849088001642 
0.2478203432900324 
0.2471112959434318 
0.245734365471783 
0.2330240603128693 
0.23387216521637 
0.2342822337240281 
0.2342578312039676 
0.2338016439197958 
0.2329154498745637 
0.2215771988144582 
0.2220453525347061 
0.2222633258005827 
0.222242975739841 
0.2219870339863816 
0.2214913902441863 
0.2113622440693948 
0.2115150002907156 
0.2115774193173124 
0.2115607373886592 
0.2114660323558267 
0.211285796796945 
0.2022410000635899 
0.2021314384313907 
0.2020666178874637 
0.2020536247496495 
0.2020905333897447 
0.2021663110895897 
0.1941186578655738 
0.1937996401210138 
0.1936325410034846 
0.1936245718915977 
0.1937717642356639 
0.1940584113440863 
0.1869790760345668 
0.1864954701399132 
0.1862466455293847 
0.1862456582987272 
0.1864887303466542 
0.1869556709252946 
0.1809070030081575 
0.1802854734650126 
0.1799694842897624 
0.1799750974049061 
0.180301613195036 
0.1809267122401502 
0.1760815014557172 
0.1753485092139025 
0.1749781502648685 
0.1749867572695743 
0.175376144508671 
0.1761345762056648 
0.1728157448296793 
0.1720036056702942 
0.1715981443376823 
0.1716065902668078 
0.1720307727837259 
0.1728668019372033 
1 
1 
1 
1 
1 
1 
1 
1 
1 
1 
1 
1 
1 
1 
1 
1 
1 
1 
1 
1 
1 
1 
1 
1 
1 
1 
1 
1 
1 
1 
1 
1 
1 
1 
1 
1 
1 
1 
1 
1 
1 
1 
1 
1 
0.8455049820211546 
0.7142797520768581 
0.602920825864554 
0.6060876095440284 
0.6071768743660106 
0.607034580563636 
0.6070253270647222 
0.6072833965435236 
0.6058228765369456 
0.6056149191990057 
0.6061948114266763 
0.6066889266148091 
0.6070652238285649 
0.6073073478233524 
0.6075267811899691 
0.607738376772313 
0.6079985040416596 
0.6082851991417116 
0.6085464356414043 
0.6087076109296381 
0.6087930290679847 
0.6088622810744739 
0.6087409086389945 
0.608239081036257 
0.6066850779797812 
0.6030852544067848 
0.6089158175218323 
0.601021494796932 
1 
1 
0.6085355339977517 
0.6034145392333119 
0.6068440158317159 
0.6025646341970013 
0.6075216185980011 
0.6071682047044273 
0.6067532500253698 
0.6088071664889589 
0.606581541799314 
0.6066403717009833 
0.6069521014958568 
0.6069961665118571 
0.6072851209566558 
0.6071973046484743 
0.6084145649910817 
0.6078293616287097 
0.6066925879076945 
0.6066299476204812 
0.608875211976836 
0.6082195814459854 
0.6072250643369704 
0.6071916550787844 
0.6058037918061505 
0.6017444254265099 
0.7134900348068911 
0.845167507059449 
1 
1 
1 
1 
0.8426198889591385 
0.7106881626745711 
0.8455207891457635 
0.7156441340213929 
0.8467073905783781 
0.7173101053617563 
0.8471278507604931 
0.7179299789251877 
0.8472509011529898 
0.7180893822410768 
0.8472408761968137 
0.718042202655819 
0.8471666517432377 
0.7178893963254327 
0.8470611909097482 
0.7176753006731003 
0.8469467031424635 
0.7174446839068614 
0.8468422937732261 
0.7172352904160048 
0.8467605154119875 
0.7170812827993502 
0.8467009904043885 
0.7169844078674649 
0.8466493575836532 
0.7169052140170135 
0.8465937017039674 
0.7167917786013907 
0.8465413126889004 
0.7166702059552189 
0.846507212663806 
0.716610277134392 
0.8464914612719698 
0.7165974645277198 
0.8464873614776026 
0.7165812164515692 
0.846500955125285 
0.7165972707829592 
0.8465287517814802 
0.7166952729636216 
0.8465090216338393 
0.716760733670937 
0.8463115952378508 
0.716482350770092 
0.8458816337834394 
0.7154552450047601 
0.8453881006676028 
0.71415266185631 
0.7104578693974353 
0.8425020243991818 
0.7154725984416904 
0.8454344092765127 
0.7171854326857262 
0.8466454501005242 
0.7178493765160058 
0.847087833100442 
0.7180510378057948 
0.8472348100717526 
0.7180652499972064 
0.8472556544847366 
0.7179969380230379 
0.8472206361037381 
0.7178760834007313 
0.8471553572093012 
0.7177104611865343 
0.8470706692548174 
0.7175248361447029 
0.846976984973129 
0.7173467656374457 
0.8468842027874134 
0.7171820077432152 
0.8467954941204782 
0.7170175383653101 
0.8467051284555404 
0.7168244171964311 
0.8466026531703149 
0.7165808742888207 
0.8464823161967908 
0.7162983096816811 
0.8463652285936477 
0.7161262896954687 
0.8463136969255585 
0.7162994566135776 
0.8463678318682195 
0.7166262491729715 
0.846479354454734 
0.716800869991126 
0.8465539817789273 
0.7167705867395844 
0.8465365704273337 
0.7165445230927158 
0.8463738025333879 
0.7157657422201739 
0.8460454988912923 
0.7147803601355708 
0.8456718339770449 
0.2031737402700271 
0.2080786827043398 
0.2119043624567986 
0.214859840378393 
0.2168787645959013 
0.2033575968197839 
0.176162121138293 
0.145943721784841 
0.1150212209194018 
0.08585152224107959 
0.05908925440166908 
0.04097518442493734 
0.02848277676751536 
0.0212188683293605 
0.01736617372270451 
0.01605402119390228 
0.01569190209203661 
0.01739229965573958 
0.02308281926107467 
0.03413404970940243 
0.05329681025917583 
0.08534416551386634 
0.1381961911306055 
0.2249991300595677 
0.3693221701734741 
0.0156450350591006 
0.1772497794383925 
0.2175649457223443 
0.1836753496568453 
0.1904292310273506 
0.197179645611312 
0.4573498848946305 
0.48415782846285 
0.4920241379931263 
0.4725965149633922 
0.4398681802161302 
0.4954643374304046 
0.4897192290174352 
0.4805101022172434 
0.4782968638572471 
0.479412652628382 
0.4821746095767647 
0.4961511287787194 
0.4957811006821524 
0.4954006630482767 
0.4955186820639572 
0.4949440625335287 
0.4927285763851387 
0.483937777216959 
0.4812157429744875 
0.4753437682184978 
0.490102622748249 
0.4902222844145324 
0.4959230197174838 
0.4744916187358146 
0.4375522260504603 
0.2800124594981672 
0.3113263391490197 
0.3317004450414192 
0.3538948065151995 
0.3773026268168226 
0.4211231959214177 
0.4006265206633213 
0.2049692027074899 
0.2267855928689203 
0.2511740694479818 
0.2651836537771209 
0.2939431519852587 
0.3966578670178715 
0.4048985749996514 
0.4098518555855701 
0.3878059245223725 
0.4085171240776196 
0.377839272655599 
0.4761250605057668 
0.4963624275827894 
0.4901813124868995 
0.3777071729353658 
0.3745718401886828 
0.3867027393454595 
0.4009597642307207 
0.3933275998399732 
0.3991825078706234 
0.3940054626720928 
0.3904921396549316 
0.396575792876495 
0.384189644458484 
0.3774937214783318 
0.3906466546706326 
0.3906478345942941 
0.3671319230779336 
0.3761959033680217 
0.4040518069995374 
0.1901573599073096 
0.2108715353430817 
0.2383534380348867 
0.3262731804048459 
0.3078507568579424 
0.3449834091691055 
0.2723875724504226 
0.2704003845574097 
0.1971543277749103 
0.2900757330366432 
0.3613711112267915 
0.184468966157882 
0.2579021925995648 
0.2215818653365877 
0.1777537742165154 
0.3682746585606565 
0.3617960889046027 
0.3976675792380754 
0.185203890191397 
0.3280698023761701 
0.3413358343136335 
0.3327421302606523 
0.3469707813257528 
0.3242136635025107 
0.3391446016632126 
0.3105613866936814 
0.2903165816955589 
0.3019273717556697 
0.3052348300295719 
0.3219655668095542 
0.3198659466711741 
0.3160007791402528 
0.2965321344462774 
0.2909535401817466 
0.3324053422062478 
0.3105611091721462 
0.3029834119341808 
0.3126926180745705 
0.32821893450729 
0.2838887343875562 
0.2987967631359371 
0.3146741289855899 
0.2695924889189349 
0.2561206633512794 
0.2418968339327432 
0.2379034509720992 
0.3300608464733025 
0.2326409707205235 
0.1920489584164966 
0.1827333258563033 
0.2099295607589315 
0.3582569220610092 
0.3866993478213799 
0.2597910910095532 
0.3048498287999293 
0.2533600755898729 
0.2384105058957049 
0.2425168021527758 
0.2574907540769008 
0.2720491945086715 
0.2477559678323263 
0.2655328373476658 
0.2633773515597923 
0.1919236675537336 
0.2169242415336935 
0.2446374205650858 
0.3072379049468204 
0.2724874147463619 
0.2085385836812298 
0.3003931928677344 
0.3066191463977685 
0.2100862607595417 
0.1877497766030044 
0.1999651014763738 
0.2194807655636163 
0.3150376999163766 
0.2160558586800627 
0.2752683323553282 
0.2296917542183412 
0.2261221466344587 
0.2109986618714811 
0.2136231762169827 
0.1776230860200451 
0.2245463275107007 
0.2208965633193519 
0.2177932418016044 
0.2208954231280705 
0.219020908390919 
0.2064876164057612 
0.2397519056445263 
0.2058274451938779 
0.2045095391386415 
0.190847439499024 
0.1965510583965257 
0.2012989006873195 
0.203646709062429 
0.192560946874835 
0.1849258828552829 
0.2028797959130394 
0.1807460336767067 
0.1944537846941271 
0.1681612336046759 
0.2220139689802388 
0.2066145276325101 
0.2134210980838809 
0.2249899502809898 
0.2117603320859782 
0.1460485332224304 
0.1363668138324774 
0.1507883436635406 
0.1932088292880525 
0.1987821085115183 
0.20878590669693 
0.2052220892716897 
0.1970583388138971 
0.199096543713189 
0.1966135345636318 
0.1994739744729005 
0.2020805063503444 
0.0355530990526115 
0.02370093541582991 
0.01753605657324468 
0.05541213549719123 
0.08726380903094801 
0.1642310902004555 
0.2017640794592855 
0.189988426774318 
0.1437033607436702 
0.1637141597502559 
0.1853344426225782 
0.1418541569195182 
0.1593013938848336 
0.2052937053425292 
0.1830500390202744 
0.1503429210024412 
0.1077813587874751 
0.1140373110690819 
0.1730557642534821 
0.1724805002436777 
0.1962950309055372 
0.1985161845819894 
0.191167925383474 
0.1907195922501874 
0.1392417192658622 
0.02589738513044832 
0.03950628937386289 
0.1378526641688257 
0.06085254578117028 
0.1463754051104526 
0.1851752813002739 
0.1982491932523615 
0.1512752031241475 
0.1979742083559775 
0.1679246834607937 
0.09993474487971031 
0.1033646508245059 
0.1724893621694555 
0.1500753942453404 
0.2004119919948452 
0.1370895555850177 
0.1763072801442372 
0.09531703292825452 
0.156887659203488 
0.1019144091845136 
0.1889214769217124 
0.1958178023846194 
0.1279909429567913 
0.1824097326927969 
0.1180517022590528 
0.070083945174681 
0.04698656826263351 
0.1904156231075951 
0.1407615616583795 
0.1223571057760982 
0.08401507569930096 
0.06538207610848341 
0.0930352334985423 
0.1421419333785641 
0.1038106605488456 
0.160702493867243 
0.1799168003020411 
0.1798485481368035 
0.05936748382180152 
0.03122844652227212 
0.1782622197754552 
0.08294540331202117 
0.101368978502832 
0.1141565634106233 
0.1144152087154376 
0.1351739269091711 
0.0984662445992629 
0.1715679962279667 
0.07754071942881355 
0.1686878002212557 
0.1606234831991457 
0.04252460273647034 
0.07894496052237765 
0.05974126568951757 
0.08986112044852611 
0.1209922429343114 
0.168645245950758 
0.1659023692100342 
0.1770978108565381 
0.1432119665433132 
0.02110571298371665 
0.09008565887393542 
0.07989905834743331 
0.1467690768170736 
0.1458317850328766 
0.09728176865178506 
0.03297547795451278 
0.1107409713018249 
0.07145258734150965 
0.049308293636008 
0.06994071941562649 
0.04480898559266443 
0.06367970193620508 
0.09441339202157099 
0.07682949727380969 
0.128300225322874 
0.06875471231132294 
0.05464334680482103 
0.1490070219991292 
0.03506354727730187 
0.15548903776616 
0.1188623000391304 
0.01848777572488128 
0.02361647086026751 
0.05232253798423239 
0.02951006939274587 
0.03121800931287586 
0.05183702849956875 
0.1804756587425904 
0.1814367637321723 
0.2189304186640686 
0.03962990009743299 
0.04332692732834668 
0.1870405939624026 
0.1992855486547896 
0.2169640435786446 
0.42139133622603 
0.4105096756898953 
0.1959665934539697 
0.04315091972479145 
0.2012223922543193 
0.1295226813534874 
0.1891595664233628 
0.2067867320565649 
0.2264910428345009 
0.2515243348969837 
0.3862630925468237 
0.2436704789914198 
0.3022575679598175 
0.1105795089744804 
0.1201522935004933 
0.1571948000946032 
0.1858990262313762 
0.187825518875196 
0.1815567574177762 
0.1743333421016808 
0.1899801306480313 
0.1573352887247022 
0.1674063028793877 
0.2128708452138477 
0.2474827536530363 
0.2295098130461475 
0.2255111611310925 
0.2009640546896389 
0.2600821337481914 
0.2197468376715141 
0.1871887640323573 
0.2080657055122641 
0.2885690732416295 
0.2181376731517059 
0.2887526025005334 
0.273735585464644 
0.2841611526465431 
0.2340975065032462 
0.2542083386515847 
0.2608037823229413 
0.2554244004339292 
0.2847777704914647 
0.2396700450925982 
0.1779123676685636 
0.3876693590341707 
0.08548003310149899 
0.1766433101007946 
0.04453856130020679 
0.2058212707183382 
0.02824829550147734 
0.05998045004164701 
0.1456765839097766 
0.1148118762284771 
0.01766226775305065 
0.192610821523272 
0.03019395539305106 
0.02165355767894848 
0.01712634478979951 
0.2163802587400534 
0.01574108664355756 
0.2171835249030815 
0.2141587257864239 
0.01572285494952257 
0.02126241909828889 
0.2485658859053284 
0.1608744210030299 
0.1040343498319947 
0.06757669163439062 
0.01603117705019352 
0.1997566889289245 
0.2034903653642622 
0.040652542983594 
0.1849760332313204 
0.2106170867148432 
0.4462412323507124 
0.4768256721295648 
0.4849308311755373 
0.4633431469190451 
0.4251300333070008 
0.4999877404659458 
0.5017971926790976 
0.5033278318802217 
0.5046460406281831 
0.4983942449710612 
0.4916207690900858 
0.4918642702270482 
0.4914172410927247 
0.4913201638388112 
0.4890137090792476 
0.4933596742805751 
0.4901909149506139 
0.5009224585730966 
0.5239651475101728 
0.4607261314458342 
0.4711710867870343 
0.4902165681963164 
0.4959810833281421 
0.5036636936088943 
0.3821088833544408 
0.267175929067657 
0.2293701424984352 
0.2025665059904059 
0.1897339648176478 
0.3799030717854291 
0.3373483061585971 
0.3177721644519367 
0.2994895953199607 
0.4024779703177204 
0.3579046168925991 
0.2825606965997881 
0.2529229745100283 
0.2402944591639728 
0.2193271011137527 
0.2104369232888501 
0.195619468498547 
0.1853011384092952 
0.1820987466598561 
0.3874103632375364 
0.3948104710251478 
0.3990815220491318 
0.3753446058669641 
0.4011342921537706 
0.3605160886541974 
0.507348105213037 
0.4534183601064691 
0.4805720512454243 
0.4141953411343855 
0.4127790712632254 
0.4183923241731797 
0.4911279393148896 
0.3918802885060154 
0.3992407178994047 
0.3958471125965325 
0.3906139581858684 
0.3949940227899849 
0.392810902727618 
0.4038519406408608 
0.418620132647236 
0.4104485179490072 
0.3478476508899818 
0.4029503989312468 
0.3999252576760212 
0.1900366167814432 
0.1961721759222148 
0.2601665143514574 
0.2866614429854769 
0.3004359064806142 
0.2474219637942945 
0.2253001924427822 
0.2166926811454504 
0.2021673649503165 
0.2729811343382507 
0.3146226973328448 
0.3292883335082281 
0.2335033646488063 
0.2089257233067491 
0.1884270415133785 
0.3446037485194197 
0.1802871762619121 
0.4105694337720281 
0.3342337406409132 
0.3315426688663623 
0.3339948125869767 
0.3323505485885178 
0.3280189758245711 
0.3247762503008173 
0.3359595301048585 
0.3377907057949228 
0.3462872112337287 
0.3143294180477548 
0.307565352044507 
0.3153794952259144 
0.3200678447677791 
0.3140801771899882 
0.3054955540459537 
0.359789368054808 
0.3388285287623976 
0.3261459923958947 
0.318249670643643 
0.323074228382834 
0.2781615052246285 
0.2866530383430676 
0.2694039347759816 
0.2603374981561107 
0.2961317444403044 
0.2510544069009099 
0.2417735908975212 
0.2200504488837602 
0.2132934214147749 
0.2022850321383517 
0.3069576139522288 
0.3668871389053349 
0.3754894413163992 
0.3383180435738649 
0.3099864397423902 
0.1881546933535841 
0.1948092235690757 
0.2852891786623313 
0.2673012028913267 
0.2905341358382491 
0.261659256840814 
0.2513166835795566 
0.2386136232151985 
0.2545413712722532 
0.2298865161210597 
0.2537978270431549 
0.2182892390632639 
0.2525122011093801 
0.2700110308008004 
0.3109944303782719 
0.271575770705104 
0.3920618141058537 
0.2378980094647131 
0.2070065953538039 
0.2114979730746643 
0.2083956924104303 
0.259791519127814 
0.2358903034712432 
0.2063612905074454 
0.2995034056670365 
0.2899794903633544 
0.2415058931910659 
0.2295528960289549 
0.2438346025000828 
0.2778692571065619 
0.2034333992089139 
0.1778354920997723 
0.2157019348508266 
0.2555922434133932 
0.1801175524452326 
0.2013798765421205 
0.2593932125660781 
0.03191445375116887 
0.04718236325289552 
0.1662881398279831 
0.1082991891840035 
0.0710433694637035 
0.01740260078522564 
0.1765075380972335 
0.2051099659431994 
0.2239516823849176 
0.2444686955140008 
0.1851329200304029 
0.1907027166726498 
0.2401141533244985 
0.231528938237083 
0.2023156811141891 
0.1990564844256894 
0.231652181208223 
0.1700560910282843 
0.1636055687340059 
0.1383658453454191 
0.1778496818673604 
0.02240549947250657 
0.0356788801732355 
0.07573801192257534 
0.1121398181625479 
0.05156020437716417 
0.1909631789961861 
0.2014805408795074 
0.2031669070653707 
0.2051520734717735 
0.2052026235395646 
0.204267323080079 
0.1990897479427234 
0.171864171787409 
0.1639434291835244 
0.2170689714836801 
0.1345012844756741 
0.189440569508954 
0.1994170448155255 
0.1602420388032223 
0.1774343440028887 
0.2005941088370864 
0.171544631494441 
0.1557112225830878 
0.1132305371532824 
0.08045168065225561 
0.057111076091695 
0.04150606403519113 
0.02535138292685825 
0.1959563193940143 
0.2071893879303711 
0.1958149147945844 
0.1988488783414823 
0.1982600522792495 
0.1933872698451241 
0.204463074723324 
0.2487511771915386 
0.1137303878051261 
0.1785081343938802 
0.1256785676307208 
0.1190144024933643 
0.1199060054727566 
0.102682468641711 
0.1269584721867788 
0.1853452283215209 
0.1211216371929995 
0.199132504305281 
0.1606432065923948 
0.1952447919395835 
0.062248888535579 
0.08253673046425358 
0.03118323720960397 
0.1641565878661299 
0.195863744778731 
0.188618857218952 
0.132479588547591 
0.1736957142000192 
0.1988558188992353 
0.08422472190738867 
0.06874143495066443 
0.122958658780333 
0.08010790510426127 
0.2084375642117953 
0.1748562633992251 
0.1851858322592792 
0.1125132668859817 
0.05013844630996889 
0.1287907101456265 
0.1888679251819504 
0.08139893808258998 
0.1412321551403305 
0.1052947553275752 
0.04887999431162662 
0.0614277220749831 
0.172403871870256 
0.0918272444603956 
0.05344422966031444 
0.02517986408895033 
0.1951233902737471 
0.1304454381088661 
0.1004327456150366 
0.1750159755902317 
0.09320762285989716 
0.1565521305216183 
0.1165748218637877 
0.02793555909210509 
0.07866031879956413 
0.04002647437843937 
0.01862150691175826 
0.1706557434758227 
0.1516360666912948 
0.1568947599619646 
0.1860404472824186 
0.03641359625862453 
0.1488506759942897 
0.01986728515320143 
0.09933226222502646 
0.06609527150541432 
0.04845840663851567 
0.1805739638642483 
0.02978039738990517 
0.1237784307294624 
0.08910522286100869 
0.03013169833836322 
0.06456226340172846 
0.04433946822120804 
0.1178156735969766 
0.06720855117728754 
0.02311772020272174 
0.4550679068916697 
0.1868437776406914 
0.4201858826937914 
0.4237014267147889 
0.1917863909740934 
0.3795681881476757 
0.1979566931829759 
0.1363241355702737 
0.154468023594012 
0.3472320161298638 
0.1944909436963555 
0.03864867396168926 
0.197166454804497 
0.1953358390831835 
0.1994712997868256 
0.2884310189220599 
0.3106788352049333 
0.2340874626033207 
0.04435864214787518 
0.2198716696508617 
0.2063600084350634 
0.2009736790383477 
0.1973909459463855 
0.06428685457463103 
0.09955621380867408 
0.2320802118447785 
0.2103686502093662 
0.220303545681303 
0.2258322353334637 
0.2408546838568603 
0.2489934441841221 
0.2511959048172995 
0.222900321966998 
0.2661112496753216 
0.2760014773178341 
0.2929040431336646 
0.2838789898767344 
0.2826497871118169 
0.2694590282095399 
0.2587221349004002 
0.239044736097878 
0.2207119761750847 
0.1447540044661648 
0.08021009943410502 
0.2182959427647228 
0.219565858521627 
0.1925822486019251 
0.2270662727082015 
0.2374755113287739 
0.2396135023916617 
0.2586180246354265 
0.2100007329301989 
0.2063296281173221 
0.246505876520375 
0.2165169529424783 
</DataArray>
<DataArray type="Float64" Name="displacement" NumberOfComponents="3" format="ascii">
0.0003339355856480467 0.0008367046516906976 0 
0.0003055116444091036 0.001057954263576927 0 
0.0002565773405417303 0.001290395771600818 0 
0.0001930859345980561 0.001501588132574961 0 
0.0001254496113274711 0.001676678809605083 0 
6.057402435527869e-05 0.001815382423585919 0 
0.0002850496559644537 0.0008962274635174801 0 
0.0002577343444679214 0.001189471360752989 0 
0.0001989431823475724 0.001481715491891774 0 
0.0001252446668585992 0.001716948611813448 0 
5.500893641917491e-05 0.00189061993793692 0 
-7.429056941748596e-06 0.002017084003754162 0 
0.0002389398974144525 0.000967721034778706 0 
0.0002290659209909578 0.001423446000480372 0 
0.0001447831851642642 0.001788056942806858 0 
6.241280815288673e-05 0.002012073473065214 0 
-6.627064542121448e-06 0.002154763459083442 0 
-6.375743203058857e-05 0.002249127343597866 0 
0.0003762652556928596 0.001119323658667849 0 
0.0002654826562127171 0.002034929303015286 0 
0.0001194340094795076 0.002286513848973296 0 
2.407028544860469e-05 0.002402615300545703 0 
-4.37643443438759e-05 0.00246657008348674 0 
-9.631733385250511e-05 0.002506010750129509 0 
0.0003772940278747167 0.004161786678232217 0 
0.0002660367641912356 0.003244358592919995 0 
0.0001196524632131732 0.002992457672763226 0 
2.410992285363017e-05 0.002876324961975963 0 
-4.381853058934001e-05 0.002812305907012517 0 
-9.64082843958243e-05 0.002772750256988681 0 
0.0002400750748289606 0.004313819757957112 0 
0.0002298693609164996 0.003857186729378538 0 
0.0001451953025619776 0.003491881631891499 0 
6.250079912181328e-05 0.003267517369443038 0 
-6.762123230402984e-06 0.003124525117193676 0 
-6.399520502922117e-05 0.003029851693673036 0 
0.0002864114659791444 0.004385547892243697 0 
0.0002586726486244036 0.004091768566084309 0 
0.0001994308385015592 0.003799040937810655 0 
0.0001253627949982203 0.003563408860736807 0 
5.48790001717588e-05 0.003389258482104154 0 
-7.70199710704201e-06 0.003262242044803427 0 
0.0003358021364058753 0.004445354794741207 0 
0.0003065149396497786 0.004223836020508275 0 
0.0002567833379923441 0.003990946119280333 0 
0.0001930710769224179 0.003779332677576264 0 
0.0001254531844953379 0.003603712535904322 0 
6.052439939519878e-05 0.0034643343518497 0 
-0.0007956906646987827 0.002670932001162259 0 
-0.0007899161454417234 0.002731199951648693 0 
-0.0007784458524505864 0.002792109368145307 0 
-0.0007284037971553056 0.002875868369852452 0 
-0.0006927904396206037 0.002893544593658573 0 
-0.0006560793477634774 0.002908212011500418 0 
-0.0006186389248073988 0.002920938611259077 0 
-0.0005806706345919 0.002932533553315483 0 
-0.000542326306697909 0.002943603095594485 0 
-0.0005039910176758868 0.002954678041312188 0 
-0.0004660162599668753 0.002966331956726182 0 
-0.000428222006023223 0.002978775155962698 0 
-0.0003904061360859718 0.002992657205105947 0 
-0.0003523565833459188 0.003008572477341957 0 
-0.0003139943576172144 0.003027183535273562 0 
-0.000275158615310002 0.003049513480956772 0 
-0.0002354468716341324 0.003077093396111264 0 
-0.0001942507313609311 0.003110557606204255 0 
-0.0001510387216563276 0.003151884395113321 0 
-0.0001048493099736714 0.003203783527070005 0 
-5.479993379420281e-05 0.003269734908131391 0 
9.500963121226708e-08 0.003354522484814379 0 
-0.0007618441075337793 0.002853926782907135 0 
-0.0006550208658620681 0.002372420300297422 0 
-0.000795677387232127 0.002610903441018681 0 
-0.000789897430496493 0.002550663887846621 0 
-0.0006175100432132964 0.002359783875200616 0 
-0.0007624499443903863 0.002428323402649302 0 
-0.0001505996497100128 0.002127743782894223 0 
-0.0003900106987105424 0.002288359353189029 0 
-0.000778552226731043 0.002489826795706665 0 
-0.0007289258279099617 0.002406115806107331 0 
-0.0006922229781836051 0.002387174047019505 0 
-0.0004278595852801308 0.002302447101563822 0 
-0.0001939258570416796 0.00216953244776953 0 
3.300391857746284e-07 0.001924594755956416 0 
-5.44141915945269e-05 0.002009282038981456 0 
-0.000104393300696019 0.002075440321543172 0 
-0.0002351243746772835 0.002203272155329924 0 
-0.0002748707893725778 0.00223074584509245 0 
-0.0003136856442159543 0.002253407174884484 0 
-0.000351964812404669 0.002272272106400086 0 
-0.0004657173969104829 0.002314920668785325 0 
-0.0005036804838537014 0.00232638866424262 0 
-0.0005417156964298281 0.002337370980643164 0 
-0.0005797050835571985 0.00234833089217984 0 
-6.286597913608084e-05 0.003169306067596137 0 
-0.0001126010327248932 0.002966222807164184 0 
-0.0001403574911488622 0.002749948623660446 0 
-0.0001402676365740463 0.002528750457643745 0 
-0.0001123597226865271 0.002312562533497633 0 
-6.255872891985233e-05 0.00210962129293087 0 
-0.000111742086911803 0.003100645674637253 0 
-0.0001552671780181663 0.002921022440352376 0 
-0.0001789975850440307 0.00273413533407737 0 
-0.0001789271539421026 0.002544651644226152 0 
-0.0001550701325367247 0.002357797028439142 0 
-0.0001114501212896727 0.00217824108378904 0 
-0.0001559941642523966 0.003048957504909956 0 
-0.000194082729208287 0.002887900301664665 0 
-0.0002144911224498568 0.002722780209004471 0 
-0.0002144383221397988 0.002556254781702473 0 
-0.000193928123702049 0.002391165172569012 0 
-0.0001557261705818539 0.002230167173677883 0 
-0.0001969507157764598 0.003009260864824263 0 
-0.0002304608040166883 0.002862946452896079 0 
-0.0002481668148200801 0.002714358879860521 0 
-0.0002481201756869745 0.002565019376773722 0 
-0.0002303215236482496 0.002416482926151014 0 
-0.0001967100944026053 0.002270262509954841 0 
-0.0002356730324688236 0.002978166736982264 0 
-0.0002653565615779335 0.002843659647331506 0 
-0.0002808655930189365 0.002707923175158753 0 
-0.0002808136163384422 0.002571802257580246 0 
-0.0002652029639295298 0.002436132126023821 0 
-0.0002354226215217754 0.002301757609300377 0 
-0.0002729270673765781 0.002953311056462756 0 
-0.0002994190231103327 0.002828406753164105 0 
-0.0003131382191684801 0.002702869541211492 0 
-0.0003130788376639741 0.002577145342555885 0 
-0.000299242292335138 0.002451660142026723 0 
-0.0002726465402228686 0.002326864534548491 0 
-0.0003092498358193211 0.002933148230123622 0 
-0.0003330981212083702 0.002816145381955217 0 
-0.0003453683036146998 0.00269882712897549 0 
-0.000345309003185944 0.002581422231600864 0 
-0.0003329241887232143 0.00246412224470697 0 
-0.0003089786941277027 0.002347139702918925 0 
-0.0003451090071138555 0.002916776110892443 0 
-0.0003667600463307098 0.002806207490544431 0 
-0.0003778472144946436 0.002695564085770913 0 
-0.0003777943881749683 0.002584905748542486 0 
-0.000366605697762028 0.002474273834051569 0 
-0.0003448702412019417 0.002363731296483132 0 
-0.0003809069026900167 0.00290325391415583 0 
-0.0004006909805978488 0.002798032213357246 0 
-0.0004107972320395876 0.002692892719251927 0 
-0.0004107486954243138 0.002587791379620828 0 
-0.0004005466762724115 0.002482672800334465 0 
-0.0003806607343774595 0.002377499150989259 0 
-0.0004168246209729527 0.002891800653160661 0 
-0.000435070607162414 0.002791142788412381 0 
-0.0004443623684748698 0.002690644934298188 0 
-0.0004443112160614587 0.002590219790303932 0 
-0.0004349200972359936 0.002489757168839877 0 
-0.0004165704522142175 0.002389158055430526 0 
-0.0004529892861201388 0.002881842169497766 0 
-0.0004699918528319177 0.002785154497981673 0 
-0.0004786120307043546 0.002688676684434233 0 
-0.0004785491425085481 0.002592294737460229 0 
-0.0004698131674793586 0.002495869162889235 0 
-0.0004527217077939925 0.00239927517703983 0 
-0.0004894998551097256 0.002872881888992405 0 
-0.000505485892758924 0.002779754461022043 0 
-0.0005135491623775784 0.002686875444178186 0 
-0.0005134676576644046 0.002594101090527964 0 
-0.0005052559733207384 0.002501274575758835 0 
-0.0004891758923764743 0.002408252329570803 0 
-0.0005263806583373983 0.002864504251676757 0 
-0.0005415119650963333 0.002774713004425928 0 
-0.0005491203939068828 0.002685173381148291 0 
-0.0005490208323532532 0.002595729367328754 0 
-0.0005412280862445041 0.002506217935817376 0 
-0.0005259713733410965 0.002416483715920431 0 
-0.0005635631844665667 0.002856499697344408 0 
-0.0005779830267846055 0.002769887836320027 0 
-0.0005852257523683691 0.002683541740472714 0 
-0.0005851150908836378 0.002597283404251412 0 
-0.0005776575535858283 0.002510939330357634 0 
-0.0005630570394702375 0.00242434983243154 0 
-0.0006009380728512828 0.002848568967656705 0 
-0.0006147606417188816 0.002765108542836306 0 
-0.0006217110283821462 0.002681946407069291 0 
-0.0006215996224863756 0.002598873069899784 0 
-0.0006144152465336661 0.002515688583879786 0 
-0.0006003255239009482 0.002432219046263896 0 
-0.0006382691397167891 0.002840264638819279 0 
-0.0006516143064065042 0.002760118271133285 0 
-0.0006583257082603178 0.002680316644264634 0 
-0.0006582320718031946 0.002600614650445961 0 
-0.0006512986142519082 0.00252075394425077 0 
-0.0006376271975629265 0.002440521486678354 0 
-0.0006752416625854935 0.00283107129047282 0 
-0.000688180429787289 0.00275458823457557 0 
-0.0006946753419800398 0.002678541994780401 0 
-0.0006946183042931304 0.002602627958014365 0 
-0.0006879810721136696 0.00252649963274924 0 
-0.0006747522422374485 0.002449814449203895 0 
-0.000711447427386241 0.002820386600004523 0 
-0.00072393188811659 0.002748142883713402 0 
-0.0007301898787263653 0.002676482258505845 0 
-0.0007301711586032916 0.002605003015579613 0 
-0.000723874359929779 0.002533303438907648 0 
-0.000711342345036558 0.002460898911993012 0 
-0.0007462197074759783 0.002807516511799931 0 
-0.0007581291651460226 0.002740435820799272 0 
-0.0007641452576453187 0.002673987869611119 0 
-0.0007641375930800993 0.00260775798146092 0 
-0.0007581334924044819 0.002541357864875809 0 
-0.0007463204536349904 0.002474390459793286 0 
0.0005804534583006944 0.005321195658056932 0 
0.0005763969814436216 0.005304341472380942 0 
0.0005707598009046761 0.005287225549711932 0 
0.0005633504145262421 0.005269643235780387 0 
0.0005539886229592326 0.005251384982484487 0 
0.0005424849524748418 0.005232265940525969 0 
0.0005286591622605921 0.005211962009121625 0 
0.0005125433333491399 0.005190114922300162 0 
0.0004939394366948492 0.005166498723576616 0 
0.0004726982251043056 0.005140713538618903 0 
0.0004487095977073314 0.005112278831940101 0 
0.000421896254900941 0.005080669536246836 0 
0.0003922125079194504 0.005045376107374517 0 
0.0003596344273242437 0.005005679332392513 0 
0.0003241549586991584 0.004960802104975518 0 
0.0002860137117670206 0.004909773313638876 0 
0.0002457456157226252 0.004850774488793407 0 
0.0002043291527789712 0.004780613991351376 0 
0.0001632791948408515 0.004691788523888091 0 
0.0001484587718031797 0.004581155747235133 0 
0.0001472046288702236 0.0007006217332691035 0 
0.0001619446006792408 0.0005899903224948615 0 
0.0002030058907451677 0.0005014051298113295 0 
0.0002444015330611372 0.0004317480680968595 0 
0.0002846052008558391 0.0003731074667614869 0 
0.0003226467527934809 0.000322373318418748 0 
0.0003579871233088567 0.0002777696678124803 0 
0.0003904216152692702 0.000238267084567991 0 
0.0004199865754727175 0.0002030407455292436 0 
0.0004467164062118274 0.000171389680899592 0 
0.0004706663253984124 0.0001427903894958614 0 
0.0004919160092452608 0.0001167781576046777 0 
0.0005105640628405645 9.294134976003288e-05 0 
0.0005267370918705896 7.091060368793403e-05 0 
0.0005406139620451517 5.040090423645875e-05 0 
0.0005521994240546717 3.102560931027478e-05 0 
0.0005616713687470188 1.26977760306311e-05 0 
0.0005691048581636482 -4.741932597271053e-06 0 
0.0005747122640021928 -2.184661248515506e-05 0 
0.0005787554447500415 -3.869265538293876e-05 0 
0.0005814614180376708 -5.546298665234014e-05 0 
0.0005830423181173951 -7.237235980900399e-05 0 
0.0005837803863996522 -8.948873458798417e-05 0 
0.0005840370478142567 -0.0001067828840690856 0 
0.000598670751370944 -0.0001241569496790215 0 
0.0006130846504520348 -0.0001241326054713676 0 
0.0006275764396985658 -0.0001069373140680628 0 
0.0006276357640044837 -9.055821299606673e-05 0 
0.0006270544815895503 -7.512119900174294e-05 0 
0.0006257756746579458 -6.041369725914442e-05 0 
0.0006236144351120367 -4.629134485430671e-05 0 
0.0006203897752362028 -3.241903749358581e-05 0 
0.0006161039086551234 -1.87225308049286e-05 0 
0.0006106584292138684 -5.261076099261427e-06 0 
0.0006038883907806801 8.945261978667623e-06 0 
0.0005954989340967154 2.383495737483669e-05 0 
0.000585470932344624 3.969130242245218e-05 0 
0.0005737871145543528 5.682832319346271e-05 0 
0.0005604533289319201 7.560414220900461e-05 0 
0.0005454668578364889 9.64467406224265e-05 0 
0.000528853082249797 0.0001198381433329273 0 
0.0005106562365981811 0.0001462853935399644 0 
0.0004910088450747852 0.0001764762523298448 0 
0.000470166905160471 0.0002112830896635259 0 
0.0004485030541470591 0.0002516502962742122 0 
0.0004264717200149893 0.0002994168052998481 0 
0.0004047568388868843 0.0003571535741007207 0 
0.0003841325435561111 0.0004290864765657023 0 
0.0003652305806343685 0.0005237119104612523 0 
0.0003497680429482623 0.0006564453507950218 0 
0.0004285719027390492 0.004983663273306093 0 
0.0006290395011872884 0.005406527585415809 0 
0.0005857403073197967 0.005406582030420408 0 
0.0005840912198724491 -0.0001241368609233182 0 
0.0004723617657625825 0.00507236141035607 0 
0.0003517387094570679 0.004625590424669946 0 
0.0006253339139407221 0.005328735502509752 0 
0.0006274467166905599 -0.0001240742719228837 0 
0.0005306821936654622 0.005163770090302387 0 
0.000575286317668709 0.005226061924151413 0 
0.0006122833506057265 0.005287583796668575 0 
0.0004506590351393196 0.005031725619006416 0 
0.0006221928012250345 0.00531498064507349 0 
0.0006178911398284302 0.005301350799783122 0 
0.0003669180230641553 0.004758018081025508 0 
0.0005869025840994297 0.0052430522142293 0 
0.0005471537602635369 0.005186943886821771 0 
0.000562026838738413 0.0052075188823433 0 
0.0003862467622844781 0.004852944912335439 0 
0.0005126469925831793 0.005137416861182101 0 
0.0005968849570496581 0.005258774164267786 0 
0.000605302707361784 0.005273431923091016 0 
0.0004068035014398629 0.00492549541383736 0 
0.0004931483759125179 0.005107255261914189 0 
0.0006274477131860593 0.005342886216381018 0 
0.000628691877348836 0.005357609689244745 0 
0.0006292517545620309 0.005372929770976434 0 
0.0006291577539000545 0.005389388325106629 0 
0.0006146946371727665 0.005406579527252099 0 
0.0006002991983747418 0.005406603975229746 0 
0.0005856854335884005 0.005389255226059706 0 
0.0005854430766902246 0.005371955781822467 0 
0.000584729604168845 0.005354874822643411 0 
0.0005831530058124017 0.005337992150027396 0 
0.0002287317648519551 0.004588942129328985 0 
0.0002920318236205005 0.004603219505600388 0 
0.0002428402503211284 0.004723035637442244 0 
0.0003083041516342106 0.00474222352657177 0 
0.0002713085772173308 0.004813274809216632 0 
0.0003307628418728005 0.004835860413728163 0 
0.0003033694609681879 0.004883306951966806 0 
0.0003564357680600282 0.004907312476834057 0 
0.0003362527972927886 0.004941057157566936 0 
0.0003833231121135319 0.004965137600633699 0 
0.0003683752206294115 0.004990230864146948 0 
0.0004101389059103785 0.005013480248866233 0 
0.0003988272433777928 0.005032940278714037 0 
0.0004360368421338618 0.005054857510945684 0 
0.0004271814852034941 0.00507042376534567 0 
0.000460482954595979 0.005090793946669612 0 
0.0004532625355470375 0.005103490205038131 0 
0.0004831914643009366 0.005122183624125732 0 
0.000476985702193221 0.005132872482227447 0 
0.0005040079830904766 0.00514983591796485 0 
0.0004983374531505802 0.00515911270239374 0 
0.0005228772648858485 0.005174349755580059 0 
0.0005173325129987126 0.005182759224136148 0 
0.0005397689072813676 0.005196274567574977 0 
0.0005340255672878182 0.005204322589689215 0 
0.0005546964585434464 0.005216162297844241 0 
0.0005485162486886376 0.005224236913898916 0 
0.0005677126841773334 0.005234475768812643 0 
0.0005609172612011664 0.005242762652771698 0 
0.0005788872023092894 0.005251472769791921 0 
0.0005713294357053439 0.005260109537781754 0 
0.0005882838630349764 0.005267360385846967 0 
0.0005798563236530159 0.005276735563478012 0 
0.0005960050044617276 0.005282628075178561 0 
0.0005866312088190611 0.005292821218686177 0 
0.0006021816851029698 0.005297458881780065 0 
0.0005918034402175201 0.00530857664305176 0 
0.0006069269783998139 0.005312062962080887 0 
0.0005955401139728807 0.005324218838147311 0 
0.0006103705938204424 0.005326680071768481 0 
0.0005980410826865238 0.005339979858102726 0 
0.0006126706226615172 0.005341578259516914 0 
0.0005994990782168638 0.005356003379707991 0 
0.0006140288903490951 0.005356900715461055 0 
0.0006001179358212232 0.005372420541774415 0 
0.0006145936458054399 0.005372744370319706 0 
0.0006002884677889695 0.005389388803832186 0 
0.0006147278936651503 0.005389451344259482 0 
0.0002903648601294475 0.000678794835694083 0 
0.0002272604107876559 0.0006929176509257611 0 
0.000306490861668547 0.0005394595241062708 0 
0.000241280973917571 0.0005587269745272103 0 
0.000329061459715689 0.0004461472560297629 0 
0.0002697928095925475 0.0004687414883356652 0 
0.0003546549533958234 0.0003753019577455984 0 
0.000301847730524885 0.000399252293781084 0 
0.0003814736831873044 0.0003178854320667362 0 
0.000334643966728241 0.0003418946150456945 0 
0.0004082120286148768 0.0002698516175152024 0 
0.0003666689578324967 0.0002930323897825251 0 
0.000434055245107096 0.0002287678258306926 0 
0.0003970213779432414 0.0002506248922744283 0 
0.0004584799089391537 0.0001929823477486338 0 
0.0004252891053602562 0.0002133190330789049 0 
0.000481216670203703 0.000161603920200041 0 
0.0004513140702045338 0.0001802960190251111 0 
0.0005020946299287517 0.0001338575349160472 0 
0.0004750159355283647 0.0001508414092421281 0 
0.000521039394024813 0.0001091227273396474 0 
0.00049638300498104 0.0001244005113181079 0 
0.0005380148395364886 8.691903631805448e-05 0 
0.0005154278710726425 0.0001004920382679241 0 
0.000553027395531369 6.678667937752815e-05 0 
0.0005321895308992322 7.868674568610539e-05 0 
0.0005661053268287646 4.830823289611646e-05 0 
0.0005467425317691755 5.858791513527884e-05 0 
0.0005773029994454581 3.114077936315341e-05 0 
0.0005591843130407462 3.986822107048262e-05 0 
0.0005866903265495699 1.497681587058919e-05 0 
0.000569637105609359 2.224494798735058e-05 0 
0.0005944084226528358 -3.845761262572945e-07 0 
0.0005782168486077254 5.531322461865936e-06 0 
0.0006005124712640426 -1.492395118087383e-05 0 
0.0005849864961449118 -1.033873970655033e-05 0 
0.0006051901237890564 -2.949922237773898e-05 0 
0.0005901138180192295 -2.604931174966344e-05 0 
0.0006086490292122315 -4.41811568886035e-05 0 
0.0005938342257797486 -4.170737501552928e-05 0 
0.0006109905419382339 -5.908095580187314e-05 0 
0.0005963507333656301 -5.746135968484821e-05 0 
0.0006123604383703816 -7.440631575919796e-05 0 
0.0005978167120024526 -7.350522932735666e-05 0 
0.0006129641301508211 -9.033449583000717e-05 0 
0.0005984681444285903 -8.997824631197118e-05 0 
0.0006131161916359424 -0.0001069986143848437 0 
0.0005986571487649364 -0.0001069274321404349 0 
-0.000275833022834348 0.003894985504341499 0 
-0.0001804620716776949 0.004156975704161319 0 
-0.0001020504959519462 0.004429896576225762 0 
-4.42140533487808e-05 0.004710373395244567 0 
-9.014403911661242e-06 0.004995346504984818 0 
0.000206517876144675 0.005282615545564045 0 
0.0003865134417037359 0.005282615545564045 0 
0.000548255151550195 0.005282615545564045 0 
0.0006857539159275749 0.005282615545564045 0 
0.0007963834093249919 0.005282615545564045 0 
0.0008823636669929908 0.005282615545564045 0 
0.0009217902858598419 0.005282615545564045 0 
0.0009435569656143292 0.005282615545564045 0 
0.0009481751382804383 0.005282615545564045 0 
0.0009431137810255568 0.005282615545564045 0 
0.0009341309651741182 0.005282615545564045 0 
0.0009234663299836726 0.005282615545564045 0 
0.0009047585490345432 0.005307264290252097 0 
0.0008907445206692606 0.005331044459223899 0 
0.0008677542505999158 0.005352797767513324 0 
0.0008369063724686279 0.005371410796715989 0 
0.0007999320325909404 0.00538602829153793 0 
0.0007588543532104744 0.005396301763881301 0 
0.0007157220556319936 0.005402451850019454 0 
0.0006721162991054183 0.005405308025990016 0 
0.0009093661025828498 0.005282615545564045 0 
-0.0006964414767113415 0.003024060599214053 0 
3.045455755469248e-06 0.005282615545564045 0 
-0.0006022228415887332 0.003211517898270768 0 
-0.0004953326492006918 0.003419359914238503 0 
-0.0003831561588971256 0.003647962796219458 0 
0.0002695044650175293 0.003966734287352344 0 
0.0003661403607525338 0.004322627707314477 0 
0.0003949790313754804 0.004494962194557669 0 
0.0003239061131068914 0.004142157128288523 0 
0.0002070105267285015 0.003806063438493391 0 
0.0004961372368033776 0.00504096592443078 0 
0.00053135543997517 0.005116491117649718 0 
0.0005655241886535928 0.005174266651942645 0 
0.0005801128738017405 0.005197429538393867 0 
0.0005924230529008121 0.005217253178214397 0 
0.0006030332245411852 0.005234649300083412 0 
0.0004297379897481286 0.004764417000381256 0 
0.0004460515490006781 0.004858805503892391 0 
0.0004627834993663456 0.004933390226205141 0 
0.0004142498559971253 0.004644620083512748 0 
0.0004797895052632645 0.004993182156510838 0 
0.000513826839311448 0.005081432127571089 0 
0.0005494590852265791 0.00514766547907149 0 
0.000613303781779921 0.005250703287605705 0 
0.0006232914657548015 0.005265896043146662 0 
0.0006333406764961963 0.005291276184631785 0 
0.0006379801443948912 0.005303642433823881 0 
0.0006433172234711052 0.005327943934395923 0 
0.0006503824686779857 0.005352414846266666 0 
0.0006582451832395994 0.00536506325278238 0 
-0.0002282399551642808 0.003182893818567544 0 
-0.0001281965692957703 0.003284319298950269 0 
-8.006018207010531e-05 0.003331358959151634 0 
-3.106922861343075e-05 0.003386417575837779 0 
2.126776027740473e-05 0.003455825747674651 0 
0.0001427435511292941 0.003666865577310058 0 
7.926253076261676e-05 0.003547823454702191 0 
-0.0004985211723486127 0.003049648040553923 0 
-0.0003937384970833048 0.003106702608859239 0 
-0.0003079459557488208 0.003143713450573953 0 
-0.0002684114471184138 0.003160050160956641 0 
-0.000176596358346571 0.003238341490003687 0 
0.0003867299168358769 0.004258578608312863 0 
0.0004222758332622971 0.004402934236970774 0 
0.0004487339851352222 0.004541405346073511 0 
0.0003399915578199515 0.004111467857511013 0 
0.0004701238948015885 0.004667359707946194 0 
0.0002833958712416993 0.003967574937318239 0 
0.0006302619409236174 0.005279313524520844 0 
0.0006452505507867471 0.00534036280029597 0 
0.0006416046984433836 0.00531579427653005 0 
0.0006247263723531173 0.005225622863334459 0 
0.0006154658455974517 0.005206042143285012 0 
0.0006308809594490649 0.005241592910568936 0 
0.0005031235088282213 0.004863698242743989 0 
0.0005581103183841486 0.005086541901741379 0 
0.0005176458355757864 0.004938753738367414 0 
0.0005458926780602292 0.005047480865621956 0 
0.0005720485977410909 0.005121903915106036 0 
0.0005323324079510574 0.004999864061477763 0 
0.0005877547583271388 0.005154083002941033 0 
0.0006029142710413359 0.00518231484596234 0 
0.0006376494801984248 0.005255629233506143 0 
0.0006597180312155165 0.005304879564094529 0 
0.0006736070767877156 0.005353766422230258 0 
0.0006492848816887775 0.005270560570073602 0 
0.0004880279608020549 0.004773849718811663 0 
-0.0005756713114148204 0.003031005467351217 0 
-0.0004823582396640692 0.003024219496205914 0 
-0.000348647678021553 0.003128737438817439 0 
5.228504825396151e-05 0.003561137889682005 0 
5.070290818577972e-06 0.003509318259331907 0 
0.0001005625237199752 0.003624622679298133 0 
-0.0001044980549006472 0.003413679400076421 0 
-0.0001821246301480857 0.00329651885678488 0 
-0.0005339976236408746 0.003049372314699543 0 
-4.418242793894625e-05 0.003463814403028286 0 
0.0001553607302867507 0.003710892673436724 0 
-0.0006141265930697955 0.003013710154412495 0 
-0.0002069044190878731 0.003298937662408147 0 
-0.0003476670722939176 0.003238174486870052 0 
-0.0006695966060930425 0.003017210369511274 0 
0.0002220671746924111 0.00383809695130372 0 
0.0006739810565372928 0.005379145109143333 0 
0.0006638225881384343 0.005328741231412983 0 
-0.0005749893416918016 0.0031362267642969 0 
0.0004064293244533771 0.004235289209973275 0 
0.0004746750974927566 0.004475867407582277 0 
0.0004474733389287416 0.004361763070286065 0 
0.0004951056297985382 0.004582319879286282 0 
0.0003535062031094489 0.004102108998931331 0 
0.0005190039221167728 0.004687721120266659 0 
0.0006137518863181671 0.005126227045032514 0 
0.0006530814426556002 0.005213780639470209 0 
0.0006095877613816956 0.005092338349529007 0 
0.0006262701416264437 0.005158408549866132 0 
0.0005576330014317897 0.004869971975015772 0 
0.0005699103605012313 0.004943417304060279 0 
0.0005828191132906175 0.005004023526888764 0 
0.0006406185133267354 0.005187992127942006 0 
0.0006615207887625852 0.005235536893390839 0 
0.0006569602458908225 0.005258553473295207 0 
0.000660399030778496 0.005250128190969026 0 
0.000672027116839605 0.005269998013171373 0 
0.0002989598035991323 0.003989110379972038 0 
0.0005410560917545565 0.004783232565075736 0 
0.0001010560295645042 0.003688352598169498 0 
0.0001449733330103386 0.003736379795726943 0 
0.0001841707638172982 0.003786689304380045 0 
5.664713341907879e-05 0.003650216100873689 0 
1.034214934322007e-05 0.003618644344372733 0 
-2.986894664940198e-05 0.00360877704836467 0 
-0.0001660612899859226 0.003441366933113289 0 
0.0002120719760912748 0.003828607173262746 0 
-0.0002917275887730047 0.00327015138967758 0 
-0.0005250033974976366 0.003148383795607523 0 
-0.0005930500860007032 0.003150191714667683 0 
-0.0004231484901989904 0.003180871101832087 0 
0.0006615395704672509 0.005287253409295914 0 
0.0006682807668128002 0.005344792321735074 0 
0.0004139548370657234 0.004207052832150379 0 
0.0005294984370979916 0.004614338472089908 0 
0.0006895709829875415 0.005263052800917021 0 
0.000120488105092329 0.00380528798683589 0 
0.0006635129972670404 0.005160492784150101 0 
0.0006089645771894069 0.004880910438030069 0 
0.0002410859251073837 0.003908952173816932 0 
0.0001680584525568799 0.003842314252239898 0 
0.0005894902493674027 0.004789043155675201 0 
0.0003433749375284545 0.004079787995000005 0 
-0.0004738812800698288 0.003285263221525499 0 
-0.0002778214984319586 0.003392408668718483 0 
-0.000244778557282938 0.00328995030327449 0 
0.0006888956249795523 0.005335180480592467 0 
0.0006890871212098834 0.00528481205461864 0 
-0.0003494988257810757 0.003338714806490379 0 
0.000688752748455384 0.005317827597435704 0 
0.0006907118589273061 0.005354956278538972 0 
-0.0001832601679537892 0.00358857521736834 0 
-0.0005024775678597738 0.003305305633628118 0 
-0.0004064821036779935 0.003319568416203257 0 
-0.0001170065429254176 0.003605080859297128 0 
0.000680467822615756 0.005303293221176204 0 
0.0007224348790700921 0.005332722625472551 0 
0.0005121776609508278 0.004469766308755957 0 
-6.83018468293796e-05 0.003610604056407912 0 
0.000689355949665339 0.005219028183436204 0 
0.0007063734192312873 0.005249091149840966 0 
0.0007140206105895497 0.005279443500328523 0 
0.000678203452213108 0.00485708530586267 0 
0.0004442313956904408 0.004266254005178192 0 
0.00066008265639716 0.005048728867354309 0 
0.0006711680877343685 0.005109268163114127 0 
0.000299841086640439 0.004062026821502547 0 
0.0002224317423965983 0.003980132671181233 0 
0.0006652540802760053 0.004980311676720989 0 
0.0003513752482785178 0.004104156111449053 0 
2.008940209449457e-05 0.004434187277318945 0 
-8.751099697574955e-05 0.00417382561105766 0 
-0.000442098721410657 0.003470192430833184 0 
-0.0003238187510010569 0.003689216292330253 0 
-0.0002039068179574141 0.003924736063312375 0 
0.0001850534936786511 0.004989998223988354 0 
-0.0003948722978896648 0.003491746427619958 0 
0.0007336286463461997 0.005295722889776586 0 
0.0005260447470238593 0.004416263485819157 0 
0.0007195722371592951 0.005218121670543073 0 
0.0006981146889948552 0.005157712789107754 0 
0.000739382472007368 0.005271876497655612 0 
0.0005841099058101746 0.004593422839282653 0 
0.0001791030924092238 0.003995260577243587 0 
0.0007237462581591569 0.005352728919259309 0 
0.0007170131607303009 0.005315977588100123 0 
7.16587927494267e-07 0.003794831712476329 0 
0.000737658759163957 0.005121411319334866 0 
0.0007348888898007245 0.004937960437870498 0 
0.0007288244355828946 0.00506909614605857 0 
0.0003828829382125921 0.004229899568898882 0 
0.0004770496402677757 0.004332801240167331 0 
0.0004045510718617656 0.00421771835364091 0 
0.0001153966928470006 0.004708380231468653 0 
0.0001002208878730804 0.004390548764683164 0 
-0.0001488880641620275 0.003918108462469873 0 
-0.0002739179852914881 0.003699785963479215 0 
-2.326891055199255e-05 0.004149534618713097 0 
-0.000199490374536355 0.003657065921475587 0 
0.0008737333134769443 0.005328641735349522 0 
0.0009003923987962665 0.005312388567264362 0 
0.0009174763523481777 0.005296866315349463 0 
0.0008403116513990422 0.005344220129177489 0 
0.0008024933442184437 0.005357884893068756 0 
0.0007480061020094873 0.005311476508529694 0 
0.0001222320790927537 0.003985590748507148 0 
0.0005266374858424925 0.004419586188555385 0 
0.0007441893371631535 0.005164853352816616 0 
0.0006684000582604497 0.004734353998451638 0 
0.000354461805303672 0.00424945312771102 0 
0.0007615906061382617 0.005346255104008079 0 
0.0007402160492359013 0.005242740559996366 0 
-4.357664908709952e-05 0.003808496033879816 0 
0.0006064105338951411 0.004584893763139 0 
0.0007571532318551381 0.005327659367337288 0 
0.0007828726551028201 0.005086138369704191 0 
0.0007639558371366626 0.004940260832628998 0 
0.000446624861459305 0.004369111960558222 0 
0.0005348516906234136 0.004447657957150692 0 
1.947663847248081e-05 0.004101549700495602 0 
-0.0001075103514576188 0.003890371361885543 0 
0.0001440683083687066 0.004316512137720009 0 
0.0002253510331678485 0.004650838278474506 0 
0.0007628681903188117 0.005289398906836815 0 
0.0009034743791331279 0.00530011428649771 0 
0.0008725014414840833 0.005312618516889442 0 
0.0007619588626809918 0.005368725988731539 0 
0.0008374333065792303 0.005325320329268603 0 
0.0007449511092089033 0.005195957826529574 0 
-0.0005460231584766474 0.003280358492784184 0 
-0.000232787214631714 0.003687856600425386 0 
0.0007431844316965063 0.00521569195371446 0 
8.15074501389918e-05 0.004006030257171452 0 
0.0005800016895827426 0.004518846363781011 0 
0.0007945274272583869 0.005142728509803388 0 
0.0007927143456196575 0.005320038854134542 0 
0.0005994932616816458 0.00455592530958166 0 
0.0006740034389423914 0.004714716106073928 0 
-7.458887945099412e-05 0.003850170868042751 0 
0.0007195547472860534 0.004841246504768101 0 
0.0003626464389685889 0.004332779438674585 0 
0.0007992951580904993 0.005025738702980932 0 
0.0005383432594597386 0.00450070015840252 0 
0.0007930311534752077 0.005184602970585045 0 
0.0001686006383790928 0.004240459108083116 0 
5.133849832698967e-05 0.004051390610599261 0 
0.0007663303322001971 0.005232196421290547 0 
0.0002670185610475207 0.004528711867387038 0 
0.0007806420727357795 0.005304926102656333 0 
0.0008286555745549022 0.005310482823928315 0 
0.000863983828666313 0.005299565573929948 0 
0.0002274764952541872 0.004160090753631888 0 
0.0006479419553218046 0.004650233388209075 0 
0.0007336931902362898 0.004832799114127397 0 
0.0008140433221339333 0.005296481927953227 0 
0.0008506533294329441 0.005170465716738913 0 
0.0008002175828703919 0.005336856900988161 0 
0.0006692087875860409 0.00468908004515146 0 
0.0007934128963333362 0.005281116786026813 0 
0.0004796636465875135 0.004474708791077794 0 
0.0002857732477000652 0.004335016498172361 0 
0.0002769963679152019 0.004415060883315846 0 
0.0008476349279840682 0.005286377066161754 0 
0.0008980976701685929 0.005288230047661629 0 
0.0003221356496551699 0.004324177385297855 0 
0.0008184068444443356 0.005234547538193608 0 
0.0007953559375864427 0.005251691948617266 0 
0.0007190636840390581 0.004793492534889551 0 
0.0007357987151636195 0.004818863753290526 0 
0.0006049238745569052 0.004675106689142147 0 
0.0007858999579679404 0.004940416013590457 0 
0.0003564890507067032 0.004453578166521052 0 
0.0008240023644763698 0.005270426792714744 0 
0.0003896838673825633 0.004716667938744673 0 
0.0004553799600706352 0.004497505250092636 0 
0.0008797567728642037 0.005275109507757897 0 
0.0008279793940106721 0.005031794718374974 0 
0.000852085986520159 0.00525671130315508 0 
0.0007884832304710541 0.004938324179766419 0 
0.0006788838277488984 0.004751230061851622 0 
0.000377673151212271 0.00455963091674618 0 
0.0004062578582504241 0.004482895322759944 0 
0.0003678607090551572 0.004951981593363198 0 
0.0005483099190911863 0.00468248847383151 0 
0.0009309656360016393 0.005279077294782591 0 
0.0007964611528063466 0.004940347947444372 0 
0.0008271346698326109 0.00510054125687816 0 
0.0005383804298449526 0.005053005675265566 0 
0.0006053702442791829 0.004591128555898613 0 
0.0007570100888473413 0.004929989048521431 0 
0.000906033173815835 0.005262710756750338 0 
0.0007012012213993871 0.004908804815639154 0 
0.0008370052104328677 0.005210044490505585 0 
0.0008745880701788651 0.005239318210276461 0 
0.0008466898223883927 0.005044021469761858 0 
0.000889483465998409 0.005217570987891812 0 
0.0008594873617839891 0.005105054551802865 0 
0.0007653028055867867 0.005104686634999293 0 
0.000824369849106673 0.005103866919786751 0 
0.0006221956350816654 0.004886512071126701 0 
0.0008491714174345667 0.00507009163203377 0 
0.0008831026140351918 0.005122352927366618 0 
0.0005157697767312277 0.004835612765201007 0 
0.0009210204906150757 0.005220844007715317 0 
0.0004707711347300424 0.004648973746223709 0 
0.0006682182009182132 0.00509121548221135 0 
0.0009256433246011112 0.005289857894828804 0 
0.0009400474153084562 0.005265065223737861 0 
0.0008940735351880953 0.005166100389924912 0 
0.000938772713344227 0.005248833003415025 0 
0.0009202459283997152 0.005245237875520206 0 
0.0008826117664209276 0.005161511094681956 0 
-0.0006427083515897008 0.003014743467938185 0 
-0.0006108822811725004 0.003151899366905647 0 
0.0007198033376151681 0.005376200885915301 0 
0.0009236214912963649 0.005218739326436941 0 
0.0009075893782019851 0.00517984606220768 0 
-0.0005711018478454281 0.003103834325542558 0 
-0.0004741270603162558 0.003178058253091391 0 
-0.0004414732231540801 0.003072510604087442 0 
0.0006600325386865088 0.005338126305995344 0 
0.0006519079377760259 0.00529491229553499 0 
-0.0003549116468312408 0.00348960776183369 0 
0.0008990179290667376 0.00520051779187449 0 
-0.0003125935616552977 0.003485621830540931 0 
0.0007680133422611115 0.005263555253768629 0 
0.0001923233528533332 0.004184454788519433 0 
-0.0002835284130164483 0.003470043314796637 0 
-0.000214861346132676 0.003428391541070785 0 
-0.0001255560628799221 0.003445010910761167 0 
0.0006640849914078648 0.005317062918382748 0 
0.0007057943814452369 0.005300396625358578 0 
0.0006006728558187824 0.005052382024852502 0 
0.0007835103176122529 0.005213231808467897 0 
0.0007627996046184663 0.005017970955816348 0 
0.0006984829784442551 0.004847867550463634 0 
0.0006515346895449609 0.004746683385658507 0 
0.0006198489544212781 0.004636134541056295 0 
0.0004704579667639426 0.004351824213502244 0 
0.00039755337922971 0.004350043909511244 0 
0.0002800202316072317 0.00418053423295522 0 
0.0007170989629925963 0.005004355721462289 0 
0.0006985803390790425 0.004928620571705479 0 
0.0006352424102100683 0.004792957648489635 0 
0.0005825733915960988 0.004664613104404494 0 
7.21084643300397e-05 0.003777568239657669 0 
0.0005277144070600788 0.004435049004254551 0 
0.0002919442357966143 0.004119589036778599 0 
0.0002004421710899886 0.003863134709109119 0 
4.339979637276415e-05 0.003791150352471529 0 
0.0007095523494304839 0.005191279656531709 0 
0.0006547770693531228 0.004902020082433694 0 
0.0002706078998162422 0.003943611135079947 0 
0.0001578326194849229 0.003917451808149757 0 
0.0005282671959748809 0.004559106777785364 0 
0.0004711550844707155 0.004348334466355387 0 
0.0004162863305228805 0.004221700245693216 0 
0.0006767014840264963 0.005191227492552073 0 
0.0006503899414583503 0.005134074459785623 0 
0.0006225633774864923 0.005002645054351241 0 
0.0006199272398437181 0.004954060966146967 0 
0.0005592256686166044 0.004693743057110502 0 
0.0002845364945482878 0.004009806441611584 0 
-0.0006854740584325842 0.00223556115132481 0 
0.0006662139252102335 -0.0001231404864230712 0 
0.0007963895140488821 0 0 
0.0003858192253278979 0 0 
0.000848567974658139 -8.213022881860545e-05 0 
-0.0002204252515004557 0.001242483459818995 0 
0.0009439039745592529 0 0 
0.0008760588814181174 0 0 
0.0005471109293023159 0 0 
0.0006868303204196728 0 0 
0.000941497136588385 0 0 
-0.0004577139227052853 0.001788111544429491 0 
0.0008742106577891728 -6.424832094790559e-05 0 
0.0008931273962382812 -4.395438621661848e-05 0 
0.0009044682111672737 -2.225957842382917e-05 0 
-1.388585266085676e-05 0.0003180420446632605 0 
0.0009082208717118509 0 0 
0 0 0 
-5.611912237884221e-05 0.000633683908603025 0 
0.0009225520457931458 0 0 
0.0009465938170442676 0 0 
0.0007053812842861836 -0.0001208862706546069 0 
0.0007443917368438328 -0.0001160731634597562 0 
0.000782257932437242 -0.0001082077736967601 0 
0.0008174496217978649 -9.69180568582648e-05 0 
0.000932930062627598 0 0 
-0.000333986320046382 0.001525845991549473 0 
0.0002026733763620986 0 0 
0.0009211011861426949 0 0 
-0.0005800976802535695 0.00202538062293066 0 
-0.0001259035000783471 0.0009433473185174354 0 
0.0002133694908845631 0.001458175172915797 0 
0.0003295960149004594 0.001110329753058209 0 
0.0003716211907897105 0.0009246725235074449 0 
0.0002755275722499086 0.001292141865766309 0 
0.0001493731472314596 0.001600082844391682 0 
0.0005865646234052399 6.535759969456499e-05 0 
0.0005736046809044115 8.484300347127774e-05 0 
0.0005596259783992353 0.0001065250601616213 0 
0.0005445895052371064 0.0001311103086643324 0 
0.0005150502683654398 0.0001909108770703212 0 
0.0004844095791129662 0.000273836698310476 0 
0.000418844441157513 0.0006072185403189053 0 
0.0004512555414417206 0.0004003342371433041 0 
0.0004352056046929319 0.0004909212974772814 0 
0.0004001762431479813 0.0007531079165300049 0 
0.0005005690281071153 0.0002280324875387653 0 
0.0004683681868129173 0.0003298787473102678 0 
0.00064282400241599 -5.889888603887635e-05 0 
0.0006347424732752202 -3.570853883848157e-05 0 
0.0006387838956739222 -1.259105910966552e-05 0 
0.0006300523812150698 2.276341992411212e-06 0 
0.0006097320797535867 3.194183492491491e-05 0 
0.000598622519385257 4.791649014389107e-05 0 
0.0005291710995576322 0.0001593412480624058 0 
0.0006676561934412383 -0.0001000599558535547 0 
-0.0002535041342337974 0.002102944417922808 0 
-0.0003806669446091646 0.002167222190995266 0 
-0.0005123568165358594 0.002246615515533442 0 
-0.0005839332683248127 0.00227553790123517 0 
2.954369000511222e-05 0.001810996868130065 0 
-7.518181093384439e-05 0.001950675535184334 0 
-0.0001229874085609934 0.002002181037735806 0 
-0.0001686835709477297 0.002044508533105224 0 
8.756493121275955e-05 0.001716473994613198 0 
-2.40270530432189e-05 0.001886666183311853 0 
-0.0002115423456181673 0.002076590783119669 0 
-0.0002928944529967658 0.002118810209304215 0 
-0.0003335028832436311 0.002134752299174055 0 
-0.0004272285759110111 0.002196967569139625 0 
-0.000471178377594608 0.002223503836069883 0 
-0.0005508530591357058 0.002266166405798274 0 
-0.000606203594049662 0.002262068160887626 0 
-0.0006205168095186171 0.00223269637487867 0 
0.0002930150960484843 0.001285096599947988 0 
0.0003496105763909468 0.001133691265948691 0 
0.0003974561940609828 0.000978131479950649 0 
0.0002340435593428928 0.001417792041381209 0 
0.0004345954423386985 0.0008261029236673229 0 
0.0001767889398803931 0.001527729423440454 0 
0.0006397117450805088 -4.636955462229553e-05 0 
0.0006453992714044132 -2.840311936281355e-05 0 
0.0006204065046316753 1.695863852341716e-05 0 
0.0005906061286089412 9.650424128490423e-05 0 
0.0006017997697495027 7.654503050102711e-05 0 
0.000577636714230243 0.0001194172735660562 0 
0.0006458555433775616 -7.178998012843506e-05 0 
0.0005409499197428499 0.0002511430749822281 0 
0.0004819630981580209 0.0005624389382606964 0 
0.0004990172572755039 0.0004592160720780035 0 
0.0005288480963906921 0.0003055788372694005 0 
0.0005523129442643102 0.0002064524834545772 0 
0.000514256874707654 0.0003745420226652212 0 
0.0005604858607645072 0.0001718873409116419 0 
0.0005655585357471069 0.0001453380459594331 0 
0.0006126628885017941 5.842353347253853e-05 0 
0.0006670875456097998 -1.519368165455702e-05 0 
0.0006238967874081584 4.21652751730493e-05 0 
0.000462701410904379 0.0006847899784060364 0 
-0.0005508443045769733 0.002174704238922705 0 
-0.0005217039914461492 0.002187329685296806 0 
-0.0001791498197545966 0.001949532541058187 0 
-8.825617122487938e-05 0.001879708311285101 0 
-3.629635715181715e-05 0.001825292443031097 0 
-0.0002172182786163588 0.001962118733104948 0 
-0.0003290593838047565 0.002036337680449103 0 
-0.0003856578170804424 0.002083077374563314 0 
-0.0004812006695999177 0.00215767911856856 0 
-0.0001346873888075078 0.001918613024566493 0 
1.635311595394972e-05 0.001763637274207091 0 
6.887664802065718e-05 0.001695551148580017 0 
-0.0002544439599816039 0.001956238617699909 0 
-0.0004356940807946015 0.00212170331782438 0 
-0.0005425779785133646 0.002119323756643321 0 
0.0001222231251917385 0.001618008141846937 0 
-0.0006270926691430196 0.00217791906710789 0 
0.0006607240539879695 -5.715892096487588e-05 0 
0.0003638353417151045 0.001144625780967407 0 
0.0004604887179416688 0.0008705512555084189 0 
0.0004168051496634536 0.001007133179283314 0 
0.0004924885037791175 0.000747143144138647 0 
0.0003132238928041514 0.001259062255757719 0 
0.0005211265927932647 0.0006252064208395617 0 
0.0006227843793744044 8.952977852220874e-05 0 
0.0006304955469245843 7.081059932350114e-05 0 
0.0006092018070074832 0.0001119890138775542 0 
0.0006018463467003348 0.0001864749115787857 0 
0.0005960682298449932 0.0002297574937081275 0 
0.0005584379898980675 0.0004286017701547524 0 
0.0006093069229785347 0.0001474684918224006 0 
0.0005709099275805226 0.0003515792124483972 0 
0.000587307083869386 0.0002834730916425533 0 
0.0005948878554942014 0.0001343318824813846 0 
0.0006379065761180464 5.446697044454952e-05 0 
0.0006494298609711619 3.966512158938934e-05 0 
0.0002655859160435111 0.001352342376825611 0 
0.0005401149358064331 0.0005218225920251408 0 
6.181062461174153e-05 0.001641034452279957 0 
0.000119876506625947 0.001568657370658971 0 
3.496825127157725e-06 0.001706841361827625 0 
-4.87262974494183e-05 0.00175706027907652 0 
0.0001713429604056292 0.001500446061266281 0 
-9.603502086741734e-05 0.00179466660507655 0 
-0.0001288360314813298 0.001805010516123887 0 
-0.0002125077618410485 0.001812264354053408 0 
-0.0003412783297493483 0.001970252474645909 0 
-0.000370522071914268 0.001919617220617028 0 
0.0002185156903366629 0.001431772018541852 0 
0.0006557635949586678 -4.479151127901958e-07 0 
0.0006702287258955119 -7.343524470095086e-05 0 
0.0006800939246676019 -8.226317068176987e-05 0 
0.0006829083991148339 -3.259539287523548e-05 0 
-0.0005160460828228291 0.002036158674277214 0 
-0.0004350277723939662 0.001954596369006827 0 
0.0003875439618213802 0.001116140133298958 0 
0.0005301746810689918 0.000759702856967114 0 
0.0006581834700508201 5.29507088717414e-05 0 
0.0006603805557109614 8.460508565275633e-05 0 
0.0006459506813112245 0.0001700260438632385 0 
0.0006241248355711047 0.0003932690622131808 0 
0.0006502225085561125 0.0001386058544139844 0 
-1.480180266406723e-05 0.001606673319734414 0 
0.000233015651164005 0.001364001014893601 0 
-6.752896030797774e-05 0.001609139442738435 0 
0.0005862874142064027 0.0005633670279465014 0 
0.0003138765764651439 0.001255018185928852 0 
0.0006867946728459415 -5.906995920799934e-05 0 
0.000691202508024102 -1.244354394315865e-05 0 
0.000634865110252031 2.755030858875605e-05 0 
0.0007080652887637261 -2.45858483950999e-05 0 
-0.0002178917918484853 0.001712291675924379 0 
-0.0001048540424900181 0.001602594425572408 0 
0.0007203957354758297 -1.707267654128339e-05 0 
0.0007038732566669827 -7.607760320930382e-05 0 
0.0007124038501679876 -4.776222899253086e-05 0 
4.817713796098355e-05 0.001397108784096158 0 
0.0006710334844615998 1.31441893178255e-05 0 
0.0004242003212134473 0.001031521481882854 0 
0.0006895442101206696 2.876944310582842e-05 0 
0.0006478741135550846 0.000264568191607426 0 
4.155099265353001e-05 0.001590799354760073 0 
0.0003528404614111427 0.00118630814310617 0 
-6.534134772268846e-05 0.001473000802451719 0 
0.000665587370492648 0.000490613155595029 0 
3.221084541684635e-05 0.001483126106107977 0 
0.0006554503785239279 0.0001162036627063807 0 
0.0007027185242601892 0.0001681198140964855 0 
0.0006516221901954356 0.0004399701106761524 0 
0.0002839910841206167 0.001295367314453028 0 
0.0008791050476108556 -4.42601155680484e-05 0 
0.0008508821670862417 -5.92408621997916e-05 0 
0.0007440009940464716 -8.89024195488559e-05 0 
0.0007822763281024564 -8.155935326197051e-05 0 
0.0008183239389144652 -7.189453875339007e-05 0 
0.0009169939557152105 -1.341437897582808e-05 0 
0.000739709213274368 -6.377166918831679e-05 0 
0.000596387274107489 0.0006776918709431078 0 
0.0002558406613844896 0.001280378447301292 0 
0.0005128545130461461 0.0008530300174063991 0 
0.0006929828845534895 0.0002192445927003358 0 
0.0006788600979583419 0.0003044094329927723 0 
0.0003958536141637393 0.001102945073836404 0 
0.0001655785454682413 0.001405518244156414 0 
-0.000164614529986514 0.001578587875748492 0 
6.523891007642485e-05 0.001301295601442481 0 
0.0007038991250345091 2.025867061857556e-06 0 
0.0007241011377040745 7.320260448238669e-05 0 
0.000724314634052663 0.0001147376704557126 0 
0.0007271308882117021 0.0003764956216088428 0 
0.0007383551291220776 -3.352569457810555e-05 0 
0.0009020320294186816 -2.83422814790349e-05 0 
0.0008774659719816088 -3.158805576327291e-05 0 
0.0008167205123911692 -5.299567109317349e-05 0 
0.000781765638008885 -6.036260319917793e-05 0 
0.00084878778512003 -4.338372546023761e-05 0 
-0.0004378033244884235 0.001874004898245436 0 
-0.0003038656288317173 0.001786217428719928 0 
-0.0001186106554490735 0.001185524970501094 0 
4.70957543164103e-06 0.0008953443374808681 0 
0.0001069843078815691 0.0005957192683658034 0 
0.0001757572992680007 0.0002950493550507562 0 
-0.0002515282241619412 0.001458569818430495 0 
0.0007347514142897752 1.369013328471966e-05 0 
0.0006652341687265158 0.0005523642689995976 0 
0.000420541057777402 0.001052944800773355 0 
0.0007496428040956939 0.0001665519943887455 0 
0.0002049861670369369 0.001109365364198268 0 
-4.072923343486652e-05 0.001377147907323517 0 
0.0007066419023665116 0.0003382159572402253 0 
0.0007251485006716045 3.78571060640902e-05 0 
-0.0002455901891702454 0.001671353425252067 0 
0.0007412380659776019 -1.819766974919489e-05 0 
0.0007217355380923158 0.0002311742435078655 0 
0.0007781855856182162 6.470350151485443e-05 0 
0.0008144410973726941 -3.713680545529015e-05 0 
0.0008439021811133556 -3.130349171268163e-05 0 
0.0008708412809826434 -2.217745434205505e-05 0 
0.0009022723477343041 -1.914362213415203e-05 0 
-0.0003681491133217594 0.001822651887025976 0 
0.0005543166787596748 0.0007951390682269024 0 
0.0001064313892616511 0.0008960493278684498 0 
-3.742736578512661e-05 0.001172718369079362 0 
-0.000180882553413625 0.001429478758477502 0 
-0.0003861938969018187 0.001713092760912597 0 
0.0005107077587807112 0.0008924842241952458 0 
0.0007066882472505184 -9.683931629570852e-05 0 
0.0007826552920152058 -4.265725884341837e-05 0 
0.0007347557116382858 -6.373783637215226e-06 0 
0.000734296363655398 0.0004238667308648988 0 
0.0007705343490795723 0.0001093877198757869 0 
0.0007775288052672871 -2.783404709892034e-05 0 
0.0007900343652423754 0.000173230454530988 0 
0.0007541027566325131 0.0002495564358486926 0 
0.00031023379648521 0.001052851800669812 0 
0.0007724237503436178 3.386049170934492e-05 0 
0.0003188031356300179 0.001134760467486905 0 
0.0006426594527641811 0.0006320405808027602 0 
-0.0003187424887098111 0.001664123185018879 0 
0.0008391907839620214 -2.175850987493105e-05 0 
0.0008139462342107895 -2.04386390536434e-05 0 
0.0008941694314698689 -1.299612469439248e-05 0 
0.0005991093337864656 0.000727481132584751 0 
2.379959831647282e-05 0.001186689252291392 0 
0.0001751642398678363 0.0009327708363892301 0 
0.00076453219239765 1.741026699948567e-05 0 
0.000528427413658364 0.0008452038987599 0 
-0.0001231397579405498 0.001436759619576266 0 
0.000817309254741175 0.0001086904451804481 0 
0.000837860285691033 5.257856396080641e-05 0 
0.0007211660471858504 0.0004845482195840737 0 
0.0008259452832193966 0.0001867685763173387 0 
0.0001558973293665207 0.001322574978609211 0 
0.0003464226400326044 0.0009172672540131929 0 
0.0004396367429160135 0.0009728324257209003 0 
0.0007832004680594178 6.411280471352001e-06 0 
0.0008590497629490521 -1.307492509384898e-05 0 
0.000682738472296044 0.00056412060049465 0 
0.0002412376230726067 0.0006020214434629076 0 
0.0008174517215271246 1.886364119318012e-05 0 
0.0006164930673181137 0.0006659068413362047 0 
0.0007820875947371021 0.0002736272759894312 0 
0.000878933308049774 6.825891435104947e-05 0 
0.0008582103622823476 0.0001184172548116457 0 
0.0004193630678305303 0.000920286406423871 0 
0.0007914637800478091 0.0003479206868911742 0 
0.0008581342278292625 8.034198809011679e-06 0 
0.0009113462166353838 -5.653932722009643e-06 0 
6.588321312342918e-05 0.001215685344421813 0 
0.0007691129137443887 -1.457593068262868e-05 0 
0.000756264284088209 0.0004104899115512181 0 
0.0003345631933739902 0.0006563326795374215 0 
0.000797552865299541 0.0003052795008578844 0 
0.0004778194987858926 0.0007473592427791233 0 
0.0006891429585244012 0.000496613183392763 0 
0.0009124055376656191 7.444539043079565e-06 0 
0.0008180366793619305 0.0002642233782047005 0 
0.000893794198858596 3.853766567826202e-05 0 
0.0009253155561034562 -6.481242659864622e-06 0 
0.0003604371442253233 0.0007786499968938247 0 
0.0005086422274806851 0.0003378587456208345 0 
0.0005258083164986534 0.0007870556955494284 0 
0.0002074921048468762 0.001003691305439745 0 
0.0009131137684720001 6.251998678185401e-05 0 
0.000509902504930756 0.0005673200715047673 0 
0.0009345802134672063 3.485046039331106e-06 0 
0.0007458275583857748 0.0003305716714406574 0 
0.0008544201312323458 0.0002192376564764164 0 
0.0008916441508082932 0.0001209348093811262 0 
0.000344928899109282 0.0003004093616980081 0 
0.0009196804506402495 2.802133038844343e-05 0 
0.0006425812057565898 0.0004236202411886066 0 
0.0007822510754796296 0.0001664097799194929 0 
0.000935387965568865 3.79194942504489e-05 0 
0.0008604501454632475 0.0001290981916800898 0 
0.0009110869744789478 9.596561007914811e-05 0 
0.0006699697969519107 0.0002230540532912743 0 
0.0008517523640681691 0.0002016729976937472 0 
0.0009398504939311099 1.543469815398287e-05 0 
0.0006531863232052469 -8.471593016790848e-05 0 
-0.0005134210460131791 0.001948502840737108 0 
0.0006598121730067911 -6.753328767653753e-05 0 
0.0006562818463095831 -4.456760345911222e-05 0 
-0.0005531370344912747 0.002212052199210442 0 
0.0006455716110556575 1.360784464410973e-05 0 
-0.0002670304416758162 0.001648922363431824 0 
0.0005940473159807548 0.0006067661972421865 0 
0.0007539597487773105 -4.624729641065716e-05 0 
0.0006755660488581732 -4.484475655847188e-05 0 
-0.0004766474676975763 0.002047157073359167 0 
0.0008828214141739959 -2.661643329336699e-06 0 
0.0001835682208639523 0.001216762061215018 0 
-0.0005006357526173719 0.002119180306402625 0 
-0.0004338641737434824 0.002015546874273637 0 
0.0006804964822818246 1.976171410094898e-07 0 
0.0006610923758037818 2.635010614123016e-05 0 
-0.000164531409026274 0.001822000460663464 0 
0.0008789966744477041 2.366566230867344e-05 0 
-0.0002961894697885734 0.001940886744515258 0 
-0.0003997117672895146 0.002020574309316581 0 
-0.0004529326608118133 0.002076113099203503 0 
0.0002649663312969621 0.001169047664022986 0 
0.0008391633349457544 -5.891573491838736e-06 0 
0.0007967353882089645 -7.521097389378497e-06 0 
0.0006992248325009395 1.452970896591354e-05 0 
-0.0002827547460917414 0.001846803406314322 0 
0.0007123647670042691 -8.761109253940145e-06 0 
-0.0001177240790173264 0.001715518096828131 0 
-1.832989013764104e-05 0.001656140400805775 0 
9.541055221136637e-05 0.001537480462428969 0 
0.0001662516862529733 0.00145104582814687 0 
0.0001393863007522502 0.001403477804563103 0 
0.0006732889823924787 4.189959868334486e-05 0 
0.0006601710138183566 6.47149784660455e-05 0 
0.0006351845471373889 0.0001125817770534746 0 
0.0004725162841061105 0.0009105448713103554 0 
0.0005377651351532379 0.0006901947546736793 0 
0.0005851562135664252 0.0004920149335896072 0 
0.0006154581375905843 0.0003355336893764481 0 
0.000648329679193852 0.0002071764125739442 0 
0.0006019398571892599 0.0006125937372579722 0 
0.0007569071083066488 -1.318225480149299e-06 0 
0.0008190359171219939 6.399372873705128e-07 0 
0.0003463769239351236 0.001158960215001321 0 
0.0006828726251509662 9.856116867051887e-05 0 
0.0007247964924496636 2.511920051637299e-06 0 
0.0006899527977680541 5.247633329347541e-05 0 
0.0005476087043722974 0.0007640239667277575 0 
0.0004378308734421931 0.001027820806908285 0 
0.0004693687195645663 0.0009500040546949928 0 
0.0006797697430731274 0.0001534684921468754 0 
0.0006869720183859307 0.0001242290335118267 0 
0.0004644838678691961 0.0009706561931505004 0 
0.0006920226487789454 6.895203995405436e-05 0 
</DataArray>
<DataArray type="Float64" Name="Umag" NumberOfComponents="1" format="ascii">
0.0009008815957288479 
0.001101183267530955 
0.001315656938204157 
0.001513951484701397 
0.001681365348626208 
0.00181639273184278 
0.0009404663591689123 
0.001217073995437367 
0.001495011434309002 
0.001721510604726165 
0.001891420030773327 
0.002017097684567598 
0.0009967829632019191 
0.001441759242190943 
0.001793909083935448 
0.002013041236446547 
0.00215477364996551 
0.002250030848201581 
0.00118087298025452 
0.002052174044524498 
0.002289630988645775 
0.002402735870015241 
0.002466958308238636 
0.00250786102257783 
0.004178853806796915 
0.003255247799992369 
0.002994848850147947 
0.002876426007264229 
0.002812647254498955 
0.002774425804546041 
0.004320494988504823 
0.003864030200241978 
0.003494898998115296 
0.00326811506980749 
0.003124532434506759 
0.003030527457707668 
0.004394890424459688 
0.004099936772383448 
0.003804271902283891 
0.00356561334683773 
0.003389702754398209 
0.003262251136813762 
0.004458020000621732 
0.004234942990923454 
0.003999198495907554 
0.003784261080916558 
0.003605895525793 
0.003464863013789727 
0.002786934048147071 
0.002843135714790156 
0.002898594947363688 
0.002966680126408654 
0.002975325008922633 
0.002981297907690048 
0.002985732153095947 
0.002989470091370458 
0.002993145002723728 
0.002997353711811538 
0.00300271484361211 
0.003009397866056123 
0.003018014926796439 
0.003029135770025294 
0.003043424487784572 
0.003061902143132012 
0.003086087976347053 
0.003116617071144513 
0.003155501217809691 
0.003205498754660041 
0.003270194092435011 
0.003354522486159851 
0.002953862645144254 
0.002461184758602653 
0.002729454026518075 
0.002670173069197913 
0.002439241396648991 
0.002545208137963413 
0.002133066773483145 
0.002321356688326117 
0.002608712525819352 
0.00251410543434315 
0.002485512539153416 
0.002341863890198517 
0.002178182333955126 
0.001924594784254805 
0.002010018710465244 
0.00207806412064629 
0.002215782404032389 
0.002247616732507465 
0.002275135727645287 
0.002299369425450146 
0.002361302690583012 
0.002380289530063866 
0.002399324696015786 
0.002418825327109881 
0.003169929507328898 
0.002968359266381293 
0.002753528219955914 
0.002532637733056885 
0.002315290517109934 
0.002110548647662826 
0.003102658520307078 
0.00292514614910296 
0.002739988350431798 
0.002550934518344342 
0.002362890935553608 
0.002181090403592188 
0.003052945470529657 
0.00289441466589219 
0.002731215573358542 
0.002565233381776187 
0.002399016256649711 
0.002235597518059654 
0.003015699012999761 
0.00287220726521229 
0.002725679896219585 
0.002576992049814587 
0.002427434393888951 
0.002278768686230863 
0.002987477011041363 
0.002856013707010876 
0.002722449890062945 
0.002587087771842294 
0.002450524912650828 
0.002313765740669607 
0.002965895375823622 
0.002844211052778021 
0.002720948235654775 
0.002596092539808725 
0.002469854935319984 
0.002342783536316376 
0.002949405702990284 
0.002835776643295491 
0.002720835742421027 
0.002604415298197362 
0.00248651099983425 
0.002367389409971076 
0.002937121568451663 
0.002830073039971261 
0.002721917386328862 
0.002612367954286779 
0.002501285818035163 
0.002388757234471622 
0.00292813479173655 
0.002826576998582794 
0.002724045807847479 
0.002620186771059011 
0.002514776704479634 
0.002407780057989399 
0.002921686804274146 
0.002824847694748004 
0.002727091505061958 
0.002628050802172621 
0.002527458456784073 
0.002425202497831166 
0.002917227036628315 
0.002824531451295227 
0.002730943388163732 
0.002636095841895674 
0.002539702205101692 
0.002441613876080208 
0.00291428558248038 
0.002825340838084891 
0.002735513186717701 
0.002644429901386259 
0.002551795074435607 
0.002457432061434358 
0.002912466515746736 
0.002827059862343359 
0.002740746119915486 
0.002653155634856499 
0.002563992235392415 
0.002473062764040357 
0.002911562120892287 
0.002829548198042354 
0.002746613451888425 
0.002662375020837517 
0.002576529559300962 
0.002488876320693301 
0.002911266344891686 
0.002832623501327511 
0.002753063953707553 
0.002672176514402731 
0.002589632241503821 
0.002505210614630196 
0.002911097853601287 
0.002835992608410224 
0.002759980081753938 
0.002682622973968667 
0.00260353420034811 
0.002522441985459859 
0.002910483800784787 
0.002839251423527753 
0.002767157575664468 
0.002693727320368022 
0.002618495436289458 
0.002541039437697229 
0.002908734779147039 
0.002841894911487169 
0.00277429892749339 
0.002705400272054942 
0.002634695504711136 
0.002561646225943485 
0.002904994460554922 
0.002843369184429765 
0.002781030223066488 
0.002717408315110444 
0.00265203057857023 
0.002584492671111676 
0.005352760918309091 
0.005335566693036246 
0.00531794328324921 
0.005299670133315174 
0.005280525317488012 
0.005260313374319987 
0.005238704848945891 
0.005215361308216667 
0.005190056380025291 
0.005162400536393553 
0.005131932887185638 
0.005098156469396176 
0.005060597861541075 
0.005018581721966714 
0.004971381494311092 
0.00491809697287876 
0.004856995372529795 
0.004784978634955427 
0.004694628808367692 
0.004583560623287402 
0.000715919000928054 
0.0006118125810464749 
0.0005409422297051276 
0.0004961234762314767 
0.0004692646397368616 
0.000456098107337109 
0.0004531123136834908 
0.0004573841287779848 
0.0004664914446400616 
0.0004784662687146026 
0.0004918494537929508 
0.0005055872805414774 
0.0005189544842849715 
0.0005314887371033116 
0.0005429582922343201 
0.0005530703321996081 
0.0005618148805311885 
0.0005691246133407192 
0.0005751273431785371 
0.0005800474001393344 
0.0005841006108152744 
0.00058751689608047 
0.000590599503185607 
0.0005937186686888868 
0.0006114095327198045 
0.0006255251332768363 
0.0006366221617292466 
0.0006341351923671583 
0.0006315382153290482 
0.0006286851436212938 
0.0006253301946080366 
0.0006212362410626385 
0.0006163883186919283 
0.0006106810919716373 
0.0006039546392168425 
0.0005959757425461077 
0.0005868148022233878 
0.0005765944078341297 
0.0005655297695347527 
0.0005539278534021394 
0.0005422607889222617 
0.0005311960168711356 
0.0005217600536434937 
0.0005154584975397543 
0.0005142789721485204 
0.0005210840155565229 
0.0005398025325233499 
0.0005759105966992242 
0.0006384884824250887 
0.0007438132712235353 
0.00500205692665701 
0.005442998367252745 
0.005438218546480452 
0.0005971369301692711 
0.005094308188068697 
0.004638944588646087 
0.005365301907594044 
0.0006395965972696832 
0.005190967649309241 
0.00525763041515491 
0.005322915865220964 
0.005051866612542161 
0.005351274907851592 
0.005337238027579398 
0.004772144685046229 
0.005275798628109052 
0.005215722780440719 
0.005237759738421027 
0.004868291372087097 
0.005162931235699613 
0.005292539783763795 
0.005308057612254686 
0.004942266095680868 
0.005131008831703111 
0.005379602564686046 
0.005394370682381177 
0.005409651753529451 
0.005425988020451962 
0.005441410817193505 
0.00543982772452763 
0.005420986932167379 
0.00540376281103273 
0.005386705215265799 
0.005369751169462338 
0.004594639059445554 
0.0046124735666177 
0.004729274470753996 
0.004752234782277248 
0.004820915134402502 
0.004847158961559533 
0.004892721105578722 
0.00492024005532695 
0.004952485414216854 
0.004979912449180906 
0.005003808987227486 
0.005030228436951267 
0.005048717759903247 
0.005073629133437137 
0.005088386893847874 
0.005111577795448428 
0.005123578749180174 
0.005144923621438427 
0.005154987417919128 
0.005174440455641537 
0.005183124935134503 
0.005200701493760809 
0.005208514769526327 
0.005224233901242769 
0.005231649541403412 
0.005245573112498991 
0.005252953588945891 
0.00526517181733536 
0.005272683226518652 
0.005283282752689232 
0.005291046179496637 
0.005300109747721953 
0.005308499935288123 
0.005316143465521615 
0.005325231697131604 
0.005331575131799602 
0.005341462092630442 
0.005346622604057734 
0.005357422352571573 
0.005361536426135348 
0.00537336375295063 
0.005376599631218247 
0.005389450004242203 
0.005391977072789767 
0.00540583425703878 
0.005407782116382511 
0.005422716839687662 
0.005424396388114565 
0.000738291392989889 
0.0007292339578460736 
0.0006204459899421485 
0.0006085986694357304 
0.0005543724545223245 
0.0005408389251847311 
0.0005163639176548576 
0.0005005141821292187 
0.0004965614955720424 
0.0004784124917525207 
0.0004893433924979923 
0.0004693762947781097 
0.0004906512752865148 
0.0004695091172400371 
0.0004974394570632986 
0.0004757896941000782 
0.0005076271374798246 
0.0004859949016614125 
0.0005196314627282406 
0.0004983906798366505 
0.0005323437045253634 
0.0005117338906601886 
0.0005449907214218723 
0.0005251328784543189 
0.0005570455643396562 
0.0005379751859941262 
0.0005681627640293297 
0.0005498726578447654 
0.0005781422846566986 
0.0005606037557867198 
0.0005868814567529481 
0.0005700712848389822 
0.0005944085470612189 
0.0005782433047965418 
0.0006006978878458761 
0.000585077849700893 
0.0006059086482735699 
0.0005906884837711528 
0.0006102504529986088 
0.000595297062682254 
0.0006138403714944461 
0.0005991126814235835 
0.0006168643337931148 
0.0006023187195230534 
0.0006195848174289089 
0.0006051943528364898 
0.0006223826539408357 
0.0006081314475600736 
0.003904740187965946 
0.004160890957992255 
0.004431071877072269 
0.004710580898906351 
0.004995354638495842 
0.005286650795674159 
0.005296736697519764 
0.00531098961714634 
0.005326939593748451 
0.005342307884882993 
0.005355799906929331 
0.005362436417650141 
0.00536622090018611 
0.005367034851301791 
0.005366142991590443 
0.005364571526443845 
0.005362724779890203 
0.00538383156113155 
0.00540494780986127 
0.005422678432226075 
0.005436218007342577 
0.005445107162766594 
0.005449397458091576 
0.005449655406784608 
0.005446934475037793 
0.005360314702586186 
0.003103219817899263 
0.005282616423424633 
0.003267494385893372 
0.003455050890575321 
0.003668029607936949 
0.003975878967363203 
0.004338106621536037 
0.004512282522818026 
0.004154802142766781 
0.003811688898114922 
0.005065322261121711 
0.005144008161014101 
0.005205079537659156 
0.005229704078905382 
0.005250780494288116 
0.005269269623464365 
0.004783758364858606 
0.004879236918722117 
0.004955048707258301 
0.004663056793924304 
0.005016180421143063 
0.005107344759061056 
0.005176906911541132 
0.005286400149744522 
0.005302655314888045 
0.005329045324873505 
0.00534187623691334 
0.005366641744897909 
0.005391784680613599 
0.005405292816084433 
0.003191066677054692 
0.003286820289860155 
0.003332320835014683 
0.003386560097637373 
0.00345589118982619 
0.00366964288227757 
0.003548708753126676 
0.003090125649635338 
0.003131554103632607 
0.003158760036941971 
0.003171428972041829 
0.00324315307681592 
0.004276102406602981 
0.004423137661711059 
0.004563521086481403 
0.004125501448640522 
0.0046909767767303 
0.00397768325826387 
0.005316801802245924 
0.005379202832397716 
0.005354374415321949 
0.005262833585637809 
0.00524229653918553 
0.005279422982213293 
0.004889651711687305 
0.005117069048357435 
0.004965807658309679 
0.005076914604834273 
0.005153750024376045 
0.00502812275365388 
0.005187487566938532 
0.005217268708903824 
0.005294169953796505 
0.005345743640529223 
0.005395976408185887 
0.005310402958383119 
0.004798730293350816 
0.003085189070689027 
0.00306244559667658 
0.003148103105752371 
0.003561521696634702 
0.003509321922128164 
0.003626017428041308 
0.003415278449846239 
0.003301545994537236 
0.003095775343223431 
0.003464096174410403 
0.003714143426186122 
0.003075646333232171 
0.003305419661569923 
0.003256784672122729 
0.003090617742260871 
0.003844515839176993 
0.005421203977880907 
0.005369929565635249 
0.003188499813415609 
0.004254745525632723 
0.004500967173668016 
0.004384656140493044 
0.004608989592173154 
0.004117312822066143 
0.004716364529228704 
0.005162837891623355 
0.00525452413899256 
0.005128694483483117 
0.005196286468010093 
0.004901793712685678 
0.004976160413520573 
0.005037849697685822 
0.005227394609095929 
0.005277163662046277 
0.005299432176770075 
0.005291500061557297 
0.005312673479953194 
0.004000297312421752 
0.004813736123431126 
0.003689736739868446 
0.00373919125549906 
0.003791165356213216 
0.003650655623419185 
0.003618659123365146 
0.003608900655154914 
0.003445371202114128 
0.003834476158512686 
0.003283137995494786 
0.003191856684099099 
0.003205529011515316 
0.003208893206578892 
0.005328478508674428 
0.005386409207047874 
0.004227369411304699 
0.004644619266409061 
0.005308034751753129 
0.003807195036536253 
0.00520297369518697 
0.004918752337772492 
0.003916379644579034 
0.003845987838831743 
0.004825187364343351 
0.004094212553332915 
0.003319264662889767 
0.003403765761709711 
0.003299043731162324 
0.005379472831292192 
0.005329547777556724 
0.003356957847262971 
0.00536224493142132 
0.005399318440055817 
0.003593251505234317 
0.003343281178407829 
0.003344362745047954 
0.003606979142323653 
0.005346770562441305 
0.005381435008872994 
0.00449901509346956 
0.00361125003211209 
0.005264358156968464 
0.005296406452183901 
0.005327508714728467 
0.004904206112208259 
0.00428931984930199 
0.005091696405848748 
0.005153162889391778 
0.004073078267826904 
0.003986343181442089 
0.005024546485863904 
0.004119170056242811 
0.004434232785320783 
0.004174742914972434 
0.003498240527248643 
0.003703400523180671 
0.003930029409186938 
0.00499342838848517 
0.003514003023111592 
0.005346297028415409 
0.004447483136792198 
0.005267502061991212 
0.005204744502270603 
0.005323473325418784 
0.004630412267013498 
0.003999273058667951 
0.005401436432031234 
0.005364114613787 
0.003794831780133908 
0.005174262686294792 
0.004992345637706463 
0.005121222588004604 
0.00424719315634988 
0.004358984164467127 
0.004237075604751925 
0.004709794135713877 
0.004391692462072785 
0.003920936314112734 
0.003709912025671764 
0.004149599859516183 
0.003662502909698604 
0.005399799315417951 
0.005388151701781529 
0.005375737681453766 
0.005409881002441999 
0.005417649499080694 
0.005363888126099035 
0.00398746464507776 
0.00445085262838077 
0.005218192016939236 
0.004781303841060259 
0.004264210953509701 
0.005400228133004242 
0.005294737800777052 
0.003808745326800408 
0.00462482265118241 
0.005381192744260833 
0.005146036640938825 
0.004998980457603664 
0.004391880359341139 
0.004479701735023057 
0.004101595943664094 
0.003891856601809696 
0.004318915687132638 
0.004656294640663703 
0.005344128429542725 
0.005376567436914292 
0.005383788096813281 
0.005422527090803655 
0.005390763503650451 
0.005249088481840015 
0.003325491411923076 
0.003695196367258049 
0.005268374099810853 
0.004006859354382349 
0.004555916419270189 
0.005203741957304417 
0.005378773972128999 
0.004595198319690723 
0.004762649325383833 
0.003850893300789159 
0.004894428133528089 
0.004347929404198952 
0.005088901871758521 
0.00453278230018277 
0.005244902894523547 
0.004243809564835219 
0.004051715873683929 
0.005288018680849726 
0.004536576913241534 
0.005362055855767424 
0.005374746308848312 
0.005369531015701498 
0.004166305393792761 
0.004695157009332137 
0.00488817481018321 
0.005358674028474393 
0.005239973932649645 
0.005396516446890521 
0.004736592875814851 
0.005340383743863565 
0.004500343984497911 
0.004344425668431628 
0.004423741582780793 
0.00535390207762334 
0.00536394970727295 
0.004336159756777896 
0.00529813907826532 
0.005311577862615348 
0.004847125257690962 
0.004874715132396322 
0.00471408055180123 
0.005002534270874617 
0.004467823063706393 
0.00533445203128007 
0.004732738103981685 
0.004520500457100382 
0.005347967118283189 
0.005099461536748028 
0.005325322924775775 
0.005000875074344463 
0.004799486467552707 
0.004575245469490595 
0.004501266035485262 
0.004965626164168471 
0.004714482164028063 
0.005360536736158518 
0.005004137109407319 
0.005167172619059223 
0.005081606029741587 
0.004630867580642565 
0.00498777067367355 
0.005340133015316239 
0.00495863366976571 
0.005276849563455393 
0.005311813212174703 
0.005114590525423776 
0.005292846856841305 
0.005176900665644412 
0.005161735563333269 
0.005170013847467883 
0.004925964639497693 
0.00514071213485123 
0.005197919751152104 
0.00486304115524065 
0.005301461203954035 
0.004672748907695802 
0.005134879808753748 
0.005370233897314084 
0.005348326930287819 
0.005242896215366661 
0.005332123601817429 
0.005325351907576435 
0.005236430111321033 
0.003082491233187712 
0.003210552410497411 
0.005424173007063694 
0.005299841206723463 
0.005258756859524262 
0.003155938028705362 
0.003213230575194759 
0.003104065079696596 
0.005378776386027258 
0.005334892705269996 
0.003507609529081935 
0.00527765274912878 
0.003499610589813081 
0.005319291156100258 
0.004188872181054938 
0.003481607239128569 
0.0034351177500848 
0.003447298144951985 
0.005358373536237844 
0.005347181509448905 
0.005087963443733668 
0.005271780942587269 
0.005075617770303682 
0.004897927955576177 
0.004791189895565292 
0.004677387754834146 
0.00437717999215432 
0.004368172467292567 
0.00418990188465313 
0.005055472985750928 
0.004977882605082831 
0.00483487082970629 
0.00470085174945753 
0.003778256401555932 
0.004466334309650146 
0.004129920733956197 
0.003868331273905438 
0.003791398757367813 
0.005239546641542787 
0.004945556985733145 
0.003952884696037756 
0.003920630026532632 
0.004589610096902743 
0.004373785516565347 
0.004242174828253353 
0.005235147350162376 
0.005175106533644813 
0.005041234243596732 
0.004992697651470723 
0.004726939520938758 
0.004019889142242554 
0.002338291758121033 
0.0006774987627594143 
0.0007963895140488821 
0.0003858192253278979 
0.0008525332733103221 
0.001261884479428612 
0.0009439039745592529 
0.0008760588814181174 
0.0005471109293023159 
0.0006868303204196728 
0.000941497136588385 
0.001845764050565586 
0.0008765683777873824 
0.0008942083280640208 
0.0009047420813932194 
0.0003183450314952417 
0.0009082208717118509 
0 
0.0006361640133793944 
0.0009225520457931458 
0.0009465938170442676 
0.0007156648982966851 
0.000753387043395978 
0.0007897065246972434 
0.0008231749473366243 
0.000932930062627598 
0.001561970823000775 
0.0002026733763620986 
0.0009211011861426949 
0.00210681750191576 
0.0009517120650102184 
0.001473703285790037 
0.001158216600452855 
0.0009965548580853885 
0.001321191146025421 
0.001607039964042714 
0.0005901946062684459 
0.0005798453804191933 
0.0005696743140968693 
0.0005601496605840736 
0.0005492938575362652 
0.0005564523139299393 
0.0007376618612857596 
0.0006032404703855433 
0.0006560546003747843 
0.0008528262188278438 
0.0005500619667575819 
0.0005728776015392915 
0.0006455166743460104 
0.0006357461027214583 
0.0006389079747051646 
0.0006300564933461491 
0.0006105681697394688 
0.0006005371851458176 
0.0005526406481078989 
0.000675112425752822 
0.002118168919360853 
0.002200399815456363 
0.002304298327492852 
0.002349266013420843 
0.001811237832532222 
0.001952123804542627 
0.002005954837610602 
0.002051455407521147 
0.001718706080562259 
0.001886819171656483 
0.002087337884609772 
0.002138958593252344 
0.002160646095953877 
0.002238122149465088 
0.002272878873264075 
0.00233215549900255 
0.002341887094191403 
0.00231732048135158 
0.001318078570385765 
0.001186374073221745 
0.001055799516133574 
0.001436979700717371 
0.0009334448237540705 
0.001537924419635027 
0.0006413900937727523 
0.0006460239598644044 
0.0006206382411758567 
0.0005984385246091834 
0.0006066482543986735 
0.0005898513870905634 
0.0006498331971809123 
0.0005964056168257679 
0.0007406929102252145 
0.0006781575214605502 
0.0006107853426883929 
0.0005896373600158605 
0.0006361932567437655 
0.0005862505079593582 
0.0005839345896243157 
0.0006154422184176014 
0.0006672605499127959 
0.0006253200074910764 
0.0008264562360937467 
0.002243383153782089 
0.00224868543973395 
0.001957746609386132 
0.001881779075044029 
0.001825653288039359 
0.001974105798422774 
0.002062753312174483 
0.002118476646152334 
0.002210686152109839 
0.00192333476824498 
0.001763713088734679 
0.001696949524910384 
0.001972716720198714 
0.002165976523627722 
0.002187675489701434 
0.001622617896922936 
0.002266401702824329 
0.0006631918408455928 
0.001201059671430272 
0.0009848397574320638 
0.001089974207767914 
0.0008948563036532608 
0.001297438619317732 
0.0008139139969157258 
0.0006291867484578787 
0.0006344594357941917 
0.0006194097035811191 
0.0006300729463203889 
0.0006388159676664195 
0.0007039548749324643 
0.0006268986221630603 
0.000670481981887532 
0.0006521400190515449 
0.0006098660633823482 
0.0006402276553883442 
0.0006506400434892735 
0.001378174801307517 
0.0007510146213150739 
0.001642198108294085 
0.001573231172893405 
0.001706844943816383 
0.001757735781160407 
0.001510197600597372 
0.001797234249787711 
0.001809602632161458 
0.001824681242797028 
0.001999591386309921 
0.001955049073416083 
0.001448350862188688 
0.0006557637479314209 
0.0006742397794403781 
0.0006850510751910399 
0.0006836858498011176 
0.00210053462395437 
0.002002422564916988 
0.001181507138998672 
0.0009264089935501503 
0.0006603099710122199 
0.0006657781153503234 
0.0006679529461558045 
0.0007376939512227907 
0.0006648314775270756 
0.001606741500586982 
0.001383761201334305 
0.001610555775705032 
0.0008130899951629611 
0.001293672737699001 
0.000689330242141166 
0.00069131450793736 
0.000635462609221549 
0.0007084920021378969 
0.001726099538379772 
0.001606020941053465 
0.0007205980099723042 
0.0007079727135709797 
0.0007140031346237266 
0.001397939194393217 
0.0006711622061629356 
0.001115339625451993 
0.0006901441143468208 
0.0006998122569841217 
0.00159134190923747 
0.001237668534628249 
0.001474449339836952 
0.0008268662625855705 
0.001483475845836891 
0.0006656714579531998 
0.0007225493728668338 
0.0007862475291175688 
0.001326132502886968 
0.0008802185197807314 
0.0008529419335567654 
0.0007492937470336842 
0.0007865164852779457 
0.0008214760457268661 
0.0009170920675600332 
0.0007424530597916939 
0.0009027425173656833 
0.001305688865056036 
0.0009953290722912503 
0.0007268379941310244 
0.0007439866500784747 
0.001171831011599576 
0.001415237714794199 
0.001587147638042163 
0.001302929912820144 
0.0007039020403164774 
0.0007277919200756077 
0.000733346045277703 
0.0008188212757874381 
0.0007391158697375022 
0.0009024771836543138 
0.0008780343599498445 
0.0008184381079318763 
0.0007840925689205456 
0.0008498957887904701 
0.001924465148965031 
0.001811879417358707 
0.001191443638309291 
0.0008953567237474687 
0.0006052496087030429 
0.0003434308520821168 
0.001480098767915989 
0.0007348789427859383 
0.000864663393991395 
0.001133819886380627 
0.0007679218062845485 
0.001128144866566014 
0.001377750060461524 
0.0007834110108442977 
0.0007261360124011368 
0.001689300687597828 
0.0007414614121035002 
0.0007578546811934584 
0.0007808708912312258 
0.0008152873379423124 
0.0008444825633968322 
0.0008711236285077941 
0.0009024754111633115 
0.001859460586008466 
0.0009692848488302616 
0.0009023480695350691 
0.001173315465203529 
0.001440877517024891 
0.001756084432336713 
0.001028275500688511 
0.0007132924589413728 
0.0007838169096488296 
0.0007347833564411607 
0.0008478526730580242 
0.0007782601469759992 
0.0007780268486358808 
0.0008088034919811707 
0.0007943232227715983 
0.00109760736270093 
0.0007731655598859136 
0.001178692817428964 
0.0009013803126364849 
0.001694373851611946 
0.0008394728135197526 
0.0008142028065244497 
0.0008942638712551352 
0.0009424228308444435 
0.001186927884238941 
0.000949075310050125 
0.0007647304038740388 
0.0009967974528381396 
0.001442026908358715 
0.0008245047184577531 
0.0008395084059891479 
0.0008688310795061143 
0.00084679874348748 
0.001331731411113656 
0.0009805038810795513 
0.00106755955068362 
0.0007832267089966821 
0.0008591492587956021 
0.0008856431976002415 
0.0006485564040042191 
0.0008176693426971105 
0.0009074665962941322 
0.0008285728042888339 
0.0008815798542319935 
0.0008663415447535252 
0.001011332018927907 
0.0008645598414768022 
0.0008581718367102403 
0.0009113637547822784 
0.001217469282739178 
0.0007692510200471939 
0.0008604868592098186 
0.0007366852221874507 
0.000853982521244754 
0.0008870497794303238 
0.0008494366787484861 
0.0009124359080639315 
0.000859649930129351 
0.0008946246260802397 
0.0009253382543013471 
0.0008580272446723704 
0.0006106270937069504 
0.000946536345628599 
0.001024914245285491 
0.0009152516063467688 
0.0007627926507687617 
0.0009345867113062892 
0.000815804128946867 
0.0008820991501369731 
0.0008998080460802135 
0.0004574076191282191 
0.0009201072362755281 
0.0007696523336781913 
0.0007997555626201616 
0.0009361562552134499 
0.0008700809134343731 
0.0009161271054733978 
0.0007061250877269912 
0.0008753022836109232 
0.0009399772235802608 
0.0006586570895743879 
0.002015009799194497 
0.0006632592619725304 
0.0006577933817496219 
0.002280161290557656 
0.0006457150133277492 
0.001670404207791388 
0.0008491510064409526 
0.0007553768034574799 
0.0006770528329167764 
0.002101914577585631 
0.0008828254264968735 
0.001230531269543109 
0.002177512646999665 
0.002061714656215148 
0.0006804965109759725 
0.0006616173043682751 
0.001829414185802123 
0.0008793151979026812 
0.001963356706522956 
0.002059730573735285 
0.002124945551282301 
0.001198699127170188 
0.0008391840163846604 
0.0007967708865981674 
0.0006993757779824813 
0.001868323598312558 
0.0007124186397788916 
0.001719552645115959 
0.001656241833807361 
0.001540438036995995 
0.001460538811043511 
0.001410382390963056 
0.0006745914542750486 
0.0006633353570584169 
0.000645084541317375 
0.001025847747677519 
0.0008749629363381288 
0.0007645171607953489 
0.0007009790124055366 
0.0006806272392805127 
0.0008588379815778503 
0.0007569082562130959 
0.0008190361671230383 
0.00120961388607715 
0.0006899487851647182 
0.0007248008452048611 
0.0006919455388279435 
0.0009400042100111698 
0.001117189099863023 
0.001059629510179198 
0.0006968783837080479 
0.0006981141789224181 
0.001076066312460413 
0.00069544930098236 
</DataArray>
</PointData>
<CellData>
<DataArray type="Float64" Name="sigma_xx" NumberOfComponents="1" format="ascii">
39.33265270047372 
59.86238447621027 
83.29226448352712 
110.7583281695896 
134.1076012242329 
55.31259190594531 
82.45171099065909 
122.5847309474806 
155.4900700438361 
179.9803355222962 
43.55780361861385 
102.0320007065243 
151.1939111069111 
188.1768866075879 
212.5909182972009 
42.58910690498927 
107.4621896726451 
160.6787602427684 
198.9850052127748 
223.690503872368 
43.48556387009024 
101.9427195520172 
151.1054300674777 
188.1171184335989 
212.5907971278883 
55.03138527045704 
82.17790925043545 
122.3908994465673 
155.4146143673193 
179.9955208219215 
38.40454906816073 
58.99095517862344 
83.10214572093807 
110.9927937738422 
134.2884569339325 
151.7442884982523 
195.6542519232354 
226.3392947467148 
237.2367176162342 
226.2740678297453 
195.5649870438492 
151.8814108091169 
163.1304786865105 
203.6646457641237 
231.4259320640909 
241.2873559245833 
231.3283053945248 
203.5634830453254 
163.344514096376 
169.0056186569154 
205.2892553731957 
229.8663321172639 
238.5290492407781 
229.7761717676319 
205.1896381778488 
169.0854459206107 
170.0423616912196 
202.0001281659515 
223.3703095705986 
230.8861207523157 
223.3090709426966 
201.8615953140497 
169.8611591620414 
167.2141563996165 
194.8637582804338 
213.3253574023923 
219.7936617339362 
213.2963616413872 
194.7523865857899 
166.6796098658855 
160.7420738758198 
184.8878055333865 
200.773468836557 
206.3102963843866 
200.7509868555979 
184.7951168239534 
160.4071411484701 
151.8981494289898 
172.8809341965433 
186.4813432784788 
191.1691498533061 
186.4058776313843 
172.7157485791803 
151.5888722589828 
140.903413635282 
159.2774268437248 
170.8908772615628 
174.8579470850074 
170.7844640763765 
159.0798571808625 
140.8540387674837 
128.6468395881243 
144.4224763729955 
154.3736319904353 
157.7390230347857 
154.2890787024809 
144.3286305954202 
128.7340947420749 
115.8182624100303 
129.0149911171183 
137.3215211762716 
140.1539471747062 
137.2684123913864 
128.9026264816083 
115.6251095565331 
102.7455131948928 
113.2611847234159 
120.0491682674494 
122.4012710162717 
120.0494700005081 
113.1487650557026 
102.3691589960335 
88.96376222496899 
97.24809062624587 
102.7701533776006 
104.7259785875858 
102.8546227697842 
97.30175298832354 
88.48566896174856 
74.36354958879036 
81.18705724825074 
85.71923140136819 
87.3165526477456 
85.863910595862 
81.45241134219013 
74.37189539343842 
59.12299740748435 
65.44090372670577 
69.06634602492313 
70.33141093079782 
69.23835886679873 
65.88884741770995 
60.44504321579345 
45.37750669583601 
50.24645762738731 
53.01920340067199 
53.95554000292952 
53.16233652275872 
50.79578773484764 
47.02267138868476 
33.29458808783465 
36.09479635856724 
37.94386366965985 
38.5400763955494 
37.9143776392749 
36.3171029745243 
34.16055330633538 
21.94858313950223 
23.30005752792952 
24.40996758067925 
24.71761716389543 
24.02347645857804 
22.71631262493832 
21.65035253430349 
11.44801859083606 
12.28702708252136 
13.15932663155864 
13.36187137046336 
12.58908846904004 
10.64709862136347 
9.242808558408298 
2.571633244910646 
4.117593983430828 
5.121825228633961 
5.271456893872065 
4.748771072404144 
2.943775460499261 
-2.46578171608061 
-2.05933619302474 
0.6470623141133337 
0.8513702727641262 
0.9383409386931872 
0.8050868807526832 
0.2814702986998159 
-3.436449795640281 
14.13815053213325 
18.34634799195974 
17.07948534424528 
-5.190242647295691 
-4.847773591270212 
-9.681801262367491 
-4.821569900224676 
-18.97578822729738 
-29.59197370118721 
-4.975020318698573 
-22.60260027851215 
-38.03679374474238 
-4.800178348851611 
-23.41064234580113 
-41.72231583193042 
-4.496334606363534 
-22.89463506091473 
-42.57522816754737 
-4.142184848906989 
-21.77866897573624 
-41.68877144127623 
-3.82770519257456 
-20.39091408618831 
-39.68305636544515 
-3.504675647718675 
-18.83211767511852 
-37.061057956611 
-3.175467062339497 
-17.17558672443268 
-34.18777478242364 
-2.848805573755378 
-15.48986461356032 
-31.14106500117927 
-2.526079236187289 
-13.8204254919662 
-28.03424717577117 
-2.21236210639423 
-12.17645002538542 
-24.93462892777893 
-1.91335925773476 
-10.58993204851149 
-21.80604645518242 
-1.624552181018266 
-9.085163786015979 
-18.69699875299602 
-1.357728231505068 
-7.620158397545987 
-15.77020443486427 
-1.108663109720376 
-6.227894969464483 
-13.07183517686768 
-0.8793447005991111 
-4.964085058542453 
-10.47849396957286 
-0.6702552509604147 
-3.801935527413911 
-8.022069472141037 
-0.4834115535801309 
-2.742771873756037 
-5.872984129193326 
-0.3231017426875922 
-1.820168605924926 
-3.981642532103924 
-0.189795931027271 
-1.073409875715808 
-2.377564256123654 
-0.08339764861428552 
-0.481198659869944 
-1.210131203440635 
-0.02505468028367449 
-0.1323135630738871 
-0.1476054053753995 
-0.003661039632575031 
-0.003907342008432227 
0.02708252660728041 
17.31156990824523 
18.54860939769791 
14.18675719865436 
-9.875746356294812 
-4.780915358122001 
-5.18601743198949 
-28.96971936691059 
-19.05678043337874 
-4.835178706765752 
-38.21919939693031 
-22.56184003595903 
-4.979058894781447 
-41.62471971769671 
-23.35623810658783 
-4.789230895652057 
-42.46679839061333 
-22.82139091962562 
-4.479989287820452 
-41.56217633495891 
-21.70601816647648 
-4.122462480565491 
-39.69038026953037 
-20.32738183699715 
-3.809536607822196 
-37.20039093869899 
-18.80017327622091 
-3.48820244770548 
-34.3340272279865 
-17.17111459095563 
-3.162901633906252 
-31.28196103255446 
-15.49927001547547 
-2.841969771785165 
-28.16068903052848 
-13.8486974190919 
-2.526551403846894 
-25.01118625094544 
-12.22411247126892 
-2.218606333028806 
-21.90363227284121 
-10.63507978468009 
-1.921164512785815 
-18.79276069988709 
-9.110204772247281 
-1.63159324604983 
-15.79776967162617 
-7.631359959049226 
-1.366413878862942 
-12.7673355119865 
-6.261470749837189 
-1.119708186427077 
-10.30118131348375 
-4.94567272727314 
-0.8827220178027501 
-8.037781969386939 
-3.756315773762987 
-0.665699922027668 
-5.969508711566076 
-2.751802768883202 
-0.4812093099117298 
-4.032477920574324 
-1.842966927877056 
-0.3249936726222357 
-2.449005020756436 
-1.082592662880544 
-0.1903502095721771 
-1.227514006452842 
-0.5014015464074042 
-0.08672518662112388 
-0.1975540975272486 
-0.1480132769282095 
-0.02725353419552529 
0.02709066635214774 
-0.005949434830523839 
-0.003758769545954775 
0 
0 
0 
0 
0 
0 
0 
0 
0 
0 
0 
0 
0 
0 
0 
0 
0 
0 
0 
0 
0 
0 
0 
0 
0 
126.3380233767964 
113.4499063739098 
31.76194421579177 
-50.35762048399974 
3.509874557983918 
5.449419823471893 
20.67391418732558 
30.08828348452077 
13.95624671582311 
54.42836284091615 
63.01405159514908 
73.0303451988066 
76.17075759150688 
95.61117138882909 
25.01590459368069 
120.1746152916412 
125.185750531319 
126.9066158464128 
62.92160095320552 
-1.857107934791091 
-12.91293165447318 
-2.654922000135938 
29.76536532412045 
33.97406180821938 
6.619799665600306 
2.696092928285332 
6.813976948263687 
-51.37113777860255 
-14.83243186055363 
-12.04594848242247 
-40.76406217669313 
-12.40497328826549 
0.124148835407356 
-4.466640480413016 
-20.92739214712 
-41.60561586083303 
-50.71243128124818 
0.3711461081943038 
1.099524796295349 
1.944471815206601 
21.70738416315745 
7.320770968396366 
-30.92440425150943 
-45.86009705916499 
-56.50412185840942 
-56.96717087155486 
-55.88688389023469 
-53.57766352528434 
-46.56017099074408 
-42.33014675662924 
-37.90491867780341 
-28.93605473893816 
-24.39907098653438 
-20.36573771251979 
-16.23158420508197 
-12.68764503789604 
-6.699259102842146 
-2.83735721088645 
-1.782398165430363 
99.72218933683213 
45.17613227421768 
82.57086548737176 
-14.06504999494252 
6.41944409872939 
-2.857506010781919 
-12.15957353833936 
10.7049736425773 
32.10199579665949 
-53.15725675358379 
-55.06020815977009 
-32.88678659095243 
-59.550606477777 
-40.49371321424564 
-46.39776556296682 
-33.50149703933513 
-29.61179283475271 
-43.14673132352199 
3.548671427708409 
-54.10835854136885 
-59.78910933499593 
-63.21767674179911 
-62.1659669957227 
-6.886151966218036 
-8.957023467779901 
-9.407380282143107 
-2.771547159300558 
-5.345098435167047 
115.2078846347279 
106.1006867703624 
-5.13578606711597 
70.95677795470992 
121.9793268460068 
19.85851733385367 
49.29869066124708 
61.38439769918601 
42.23605249243911 
-44.22630955704087 
83.71251399854327 
45.08248896878303 
75.1490366665638 
85.88575844141954 
83.4600139214951 
-31.7318812956423 
-12.67670102099381 
-11.04364941531828 
-54.57643602213362 
-19.77945554774684 
-30.85057162923167 
-6.876401275264302 
-12.79249455238971 
-16.79464722503711 
-55.90409979494133 
-47.32040595191382 
-62.5757096533504 
-59.50430456309465 
-47.28922310316758 
-36.63902132761898 
-58.22249646220997 
-18.25875625968655 
-52.33850127037295 
-59.58041988605758 
-26.69636679641654 
-36.59981485149046 
-39.04316435201794 
-3.182686298938094 
-25.9347009995483 
-43.59770505541521 
-12.04706950845731 
13.52545745475449 
11.32209581379202 
25.64167952026393 
76.40020281142645 
-38.12208598481898 
77.27546085558409 
56.5264898472948 
67.66357419371191 
-12.29428321337956 
58.89492701440122 
28.80360514684566 
28.8839219156284 
7.066710717672193 
24.12398672190921 
50.14965520795516 
9.50039318136905 
-1.976475630548649 
3.547709468377602 
-10.35736785429846 
12.03836704971465 
-4.670670913266601 
-25.53153963647309 
-49.35659272689485 
27.57283512861387 
-14.37169527339984 
-56.93825070222627 
-42.42721889479026 
-45.44231823245849 
-24.42211717589429 
-51.44707566580814 
-19.44792387547764 
-29.02103469231033 
-40.98230518704857 
-25.39969877951587 
-17.7875627334194 
-32.86944056103508 
-12.24752348839642 
-20.69931358511612 
-13.31819894582185 
21.51307941388681 
-14.2461825684916 
38.47739120336547 
14.10452556341507 
-48.81565097209774 
23.59033711870828 
-54.00793943260353 
-39.4161891234753 
35.43627707124907 
-1.486580335400646 
-1.581976515182254 
-18.51549800839621 
49.63441243498144 
-33.95409775493783 
-7.641773604936721 
-35.34116267997289 
-19.53829249337122 
2.70189232668772 
-42.36714621725452 
-12.89912083064231 
-39.46004199322446 
-22.01177521607893 
-29.25414682598596 
-36.27324447661314 
-47.47882509941157 
-66.07445329862959 
-34.76887573554776 
-38.86953305723144 
-41.06050289488982 
-31.1755945599699 
-22.39401674089294 
0.8438486538162061 
8.693381987307065 
-11.47444060927388 
-25.27231042321885 
-1.108113373663234 
-2.264386127142957 
-19.33318034587849 
-26.14114556457818 
-2.454852493922561 
-0.7468107213547175 
2.073356750397412 
-0.6068485455996779 
5.910289447750195 
-20.77016514126732 
-0.162090504873509 
-19.62006638455605 
-58.58267427158902 
-61.10306087776107 
-63.6895585274555 
-15.15353691481669 
-37.13524435267995 
-24.35766686173003 
-30.58724427466027 
2.988207291485292 
-3.415668804152043 
-23.35853164405954 
-68.57328616509527 
-1.807762875666628 
-23.21442544392078 
-61.64677967373196 
-11.42235754202553 
-34.29949095757915 
-15.19700096052239 
-16.44730273280142 
-14.64302116297648 
-19.21715736218009 
2.837363281244424 
-6.844295841368441 
-6.182634318450071 
-18.2759551147221 
-1.922994459290114 
-3.325133837058986 
-13.77004481710215 
-63.38044528255337 
13.20776746233021 
-23.22184509469806 
22.32494273348344 
-4.367862512024156 
-17.89127805271641 
-0.7089781482943689 
-7.130609256413543 
-17.4787521815257 
-5.143094487553011 
-25.27699439340947 
-14.19997537061543 
35.48774000353404 
-63.04802061171458 
-61.89943678080946 
-69.4013107841691 
-68.81349590618852 
-56.22261854847119 
-19.02341856785548 
-9.407208566535221 
-54.67230433038244 
-37.1187590552466 
12.69614507643766 
10.11361432011402 
-0.4822884367074151 
-7.705348280548998 
-6.667206818878505 
-12.98187194926873 
-42.07182348863632 
-15.64207719167376 
-37.03291726554733 
-69.73450196771878 
-1.640390594872235 
-8.211218431928275 
-23.10795798510088 
-64.41873455441181 
0.03409167052285418 
12.46422023233835 
-48.17040826837022 
-30.34779272843244 
-66.78036084883107 
-14.15504659505052 
-46.34593885449375 
-23.39891525793348 
-13.2283163395162 
-26.29883040108066 
-67.32132904463217 
-25.52782648396152 
-21.40704437932184 
-13.20776327048968 
15.77601204029322 
0.2972955453722411 
-2.75937261894753 
-3.917258711547158 
-3.205919478780627 
5.964810206511249 
-33.24499291684596 
5.568225762874733 
11.75924272032274 
-13.38679234083705 
-54.97944195250866 
-15.66891749163842 
-27.27442849639199 
-61.71988560765013 
13.01235190736764 
-73.20889051851796 
-44.66683808127856 
5.173695967396927 
-37.95550239853413 
-56.93883374916089 
-1.834357982373857 
-27.76844199450909 
5.535757649214875 
26.52273858353062 
12.53076747983682 
-42.2759742212986 
-35.97892490376178 
-27.28752233638654 
-6.272749067452061 
11.51890325599863 
31.96251913135618 
-43.25832136513676 
-13.5845921199522 
-68.8159281629393 
-48.35443844657807 
-39.81635245909672 
24.63947963898463 
-61.64019933929599 
26.53061906904158 
5.925997156277366 
-4.094579133522521 
-51.67444964481502 
-7.447546791173702 
-19.86939357376452 
-22.94458601860583 
-0.9105467857634701 
-47.83042467908773 
-43.72165936481372 
-61.65972070319295 
23.68002213723059 
24.66758625322808 
15.87226379145998 
-35.9595512472746 
11.02146007283669 
-55.80597281471539 
-30.7041671226554 
-51.71689719654124 
-2.428978453293583 
41.70864926586621 
-34.41763378141847 
20.87973742435482 
37.55096936227557 
4.326428517441955 
-46.49686841499128 
32.83067661208983 
-30.54250126000844 
-25.04600935832277 
35.69239069281939 
39.40645323082777 
26.18193622989937 
43.85637054969084 
36.98757005266925 
23.41738060459592 
16.6272229915364 
5.395728066822051 
28.63685243353855 
9.218216755251749 
-13.46822860061695 
-39.42404312715428 
-21.08319416456624 
-34.12391936206784 
-8.864599417131515 
-16.89402329826089 
-30.03203113539885 
-24.80996306489412 
-55.44884822238745 
-48.75021813338878 
-40.030590939539 
-52.27279806032425 
-39.92896009171353 
-35.85781645458781 
-32.91153392606062 
-51.84109455283668 
-57.85320563832779 
-33.98090935273384 
44.65420565907711 
95.07113342957742 
32.12682272760662 
0.08549356910325151 
-0.4942767685925269 
-2.587028629545547 
-13.17463208201685 
-6.685488505048141 
-9.061957645476518 
-12.78851575735196 
-15.38323159638716 
-20.6038381432996 
-36.36602185558992 
-28.8286158880595 
-45.2415012753323 
-40.94127202825317 
-44.94372319687545 
-48.69006504196889 
-52.19648485586193 
-56.65730929875305 
-56.38439699996837 
-53.77411052298854 
31.3799298000049 
2.745464677489642 
13.12563374520394 
0.9545192907978199 
-22.85645462214427 
-21.28172565716496 
-8.551412501917499 
-2.480702420782545 
-11.54592496993967 
-0.457624463937588 
83.98535129612945 
127.3904225299956 
81.56888658018241 
5.68004260919948 
-63.26390413116523 
-53.49799437117769 
-45.11578951234718 
-29.65355356997624 
5.505700454016479 
-1.647317889297851 
20.94106893193356 
11.61702131141399 
62.34636689743925 
20.82110194102071 
-2.24948350170895 
-2.286171078571509 
99.09941824617752 
122.3796695142101 
128.7841041028696 
126.7686295601253 
114.6889123553198 
105.6024019186939 
73.18453127755527 
41.51321379071879 
32.05177548471719 
24.0381756703735 
17.65895665580957 
13.28579794827907 
5.437243598357553 
20.92522138697418 
62.13402888663343 
-5.045128941032214 
-14.48057352032071 
1.043655651432764 
-11.79752531564532 
10.45656783950268 
58.49889216837731 
113.0487039034556 
-36.86500242238512 
-32.77181939968015 
-58.5261932788841 
-57.22485061396572 
-54.97480227255895 
-19.95194490241384 
-46.52560180799527 
19.77978189346786 
-6.931569068769076 
-60.38407619935325 
-56.38603755304602 
-48.04575808905815 
-4.34472083049592 
-14.32968535376626 
-52.2418279676977 
-24.80139008198254 
-40.76883093692709 
-1.480262576825982 
-4.621229221767857 
122.0982865169117 
74.18224958558341 
54.78436590851699 
83.4115323805471 
51.7215526596661 
1.255794470397224 
81.91823097822123 
76.69620424462941 
84.50220444722342 
45.90399356162268 
-10.84750814571596 
6.680462830309188 
43.44576705477343 
22.5477542042696 
48.47043534687133 
34.84389811678151 
14.15890414133656 
5.796926466883471 
-15.17104699131489 
-34.18614207972491 
-11.13844460711785 
33.45922453600993 
-30.45073758038998 
68.85135734084517 
-5.920382930438586 
-10.27913270420053 
-49.50839365639717 
-63.26406863042251 
-48.32771269814101 
-61.54519755415698 
-63.00674655438942 
-21.90186790143351 
-56.57368918475503 
-50.98559367740152 
-61.92828453996451 
-31.02388649173781 
-51.51386860793188 
-26.53052130993965 
-55.90646869696848 
-22.59275675787786 
-35.03808765709839 
-23.99834417228267 
41.611403110584 
9.915733706995228 
64.44329809645535 
0.1129145703244176 
-34.97870123443148 
80.82743263239466 
40.16114644196428 
18.37461815690057 
57.04480961341575 
34.69883982818982 
-29.83869066633206 
10.93311269252496 
43.82101855228679 
42.52368671217189 
34.37028234135426 
33.70149494234606 
2.856966113154644 
-6.860985067906232 
-15.66115521956778 
-10.97157887618562 
-40.83129029338875 
-17.88008279755678 
-41.30084290799617 
-33.78254837957738 
-28.2165693061769 
-51.42552589504314 
-57.70507766264541 
-34.3493946271387 
-59.72890977369401 
-27.22898926675671 
-33.47524630589202 
-23.92121632108705 
-34.42591812141504 
-46.62998345485099 
-37.66082722928077 
-54.84483325955927 
-48.86889870573176 
-21.10360651000549 
25.96162926358114 
-24.51485862582993 
-35.74036536557712 
-22.76881726181837 
-16.85633328811155 
9.938918637892332 
-27.39871412080311 
-31.28605092885767 
-13.38852446495095 
36.62275097253703 
-16.08540739622403 
17.11201750724239 
2.827320227576566 
19.25873127113438 
-25.47894628371509 
-31.65423368899291 
-28.7984901619567 
-2.306383651520786 
-0.1749721222169066 
-27.95212423169733 
2.954038079986711 
1.826000328167308 
-6.83276363647756 
-49.93144867188339 
-22.3102288451097 
3.119800929428058 
-50.6860801546291 
-51.9803079832166 
-18.60812857525438 
-19.71541654421945 
-29.5977491180133 
-1.990491823927253 
-18.93092057067735 
-3.779328526741749 
-34.87332267332798 
-29.97848983501881 
-7.527028345273149 
-39.28203002034617 
-43.95596782249693 
-0.2946431503604228 
0.09672503414509401 
-35.22563433717443 
3.264323952024766 
-26.23371765906723 
0.2926933176051491 
-42.55767964229071 
-2.304427531514536 
-0.5323239705987359 
-24.46344112965934 
-37.84985034460535 
-32.91493172010348 
-45.17408798162008 
7.699237170684182 
-47.56891927305514 
-26.99781053690438 
-42.53505273222173 
-1.580724729342432 
-22.51039923974521 
-13.84101793744311 
-40.02334105867806 
-16.25179934821822 
-18.74865805177902 
-25.88828322515887 
-56.48441954895154 
-49.98205894836403 
10.71263671688092 
-1.511049464034588 
-2.78586629706401 
-8.753116383010092 
-15.11409850782674 
1.822613974869934 
-2.240415000459177 
-51.91529652560813 
-40.09572841979715 
-55.23059162856128 
-25.95322920704839 
-60.6272366040904 
-44.51355870866195 
-18.75516009815944 
-42.61300901170294 
-27.79520519726461 
-16.62815405821932 
-37.80897119314621 
-3.420955975376108 
-11.05427441898313 
-13.38730752445742 
-30.41758409766674 
-17.72964765452651 
-0.7053379334714642 
-4.613308339035507 
1.023144138638646 
-7.140526705029835 
0.07646247629154408 
4.901830548010111 
-45.01318432857946 
-13.03464304070455 
-13.15944471703335 
-0.5959523377728727 
-20.27000999177722 
-33.8760778708024 
-44.33408456708483 
1.721684654929135 
-46.9020694705551 
-8.999677500544824 
-22.86610098342509 
-4.79256873591308 
-7.766916262773841 
1.914096916078483 
-17.86255214095413 
5.242637404857855 
-2.640210995922641 
5.986363611549447 
11.49057533975974 
15.2761956091939 
27.0612214914138 
-12.90352451924074 
-5.364231027027738 
-12.65731939585104 
-3.520557970458901 
-62.87558262333833 
-54.13937363005688 
-24.83962229219464 
-11.98612126679935 
-6.713791426651736 
-15.12032806741638 
1.089497439144468 
7.489744166073816 
1.879261797531884 
14.88001752891465 
5.154587998327776 
-68.45058836239876 
-55.17371352566042 
-19.93718174051844 
-46.71019129825657 
-45.80166767090347 
-56.54212434903139 
-4.818895215547582 
13.94674189272722 
15.81191197525847 
-45.68762777576342 
-57.86106720006355 
-25.57685555258473 
-9.655606109283767 
-67.63566059029564 
-56.17425313242864 
-13.63454803216879 
-29.85516344761644 
20.85301515407637 
34.62193555173543 
-8.490229865826995 
-10.4728459995318 
19.77256431962415 
-70.38747194923955 
-60.41464503674723 
6.383543041288416 
6.901857381843491 
23.65445277209589 
-36.8366038530581 
-28.48059685208359 
-0.2445457013947833 
-54.92445250704875 
20.00732913279118 
-44.00727230269491 
-59.24516853477588 
-63.74882656493207 
-16.73649505663283 
0.8560840120084366 
22.57812908768874 
36.50971334140294 
-15.76059953749068 
-32.78120059201186 
25.160433167425 
-65.78417058445928 
-29.57686630530802 
13.80267879332755 
1.287571370358267 
-7.43380766640457 
40.99627052174277 
-32.56283167683114 
-52.93251047750499 
36.69391810987371 
30.32307593085721 
25.80228972608236 
-37.51555096315223 
16.29443438789643 
6.336696480735347 
30.43692305647906 
44.1074485288793 
-44.91367309892986 
-24.51793335969112 
34.76711665080824 
39.60957351123012 
-6.213908439188263 
28.35571741000489 
-14.18931655712139 
14.25109906730421 
26.89393193237465 
18.12196646580774 
6.949064408412136 
17.42363629098113 
30.08733150251669 
-63.78143127796405 
-27.8446651737492 
-2.402454008840885 
-56.32557115722731 
-23.67231738605737 
-44.5230842628762 
-31.43760409175526 
-37.96085067627509 
-53.61031615135853 
-47.12589937904301 
-41.82934349771124 
</DataArray>
<DataArray type="Float64" Name="sigma_yy" NumberOfComponents="1" format="ascii">
190.9458953831299 
353.0647986731371 
510.9041181562175 
635.0747885967759 
722.5112587799839 
163.828412416148 
354.6787980657256 
531.0919088644043 
654.8370804410234 
740.3926853375528 
124.6371383733811 
369.4348671276146 
543.766175217013 
668.4417346291871 
751.805107571717 
114.081923359145 
366.1638473715836 
547.8655308792681 
672.8213010850403 
755.9808589721633 
124.6057204061258 
369.3848309039956 
543.7963450591935 
668.5551864099672 
751.8975458421203 
163.7719247294824 
354.6272302796562 
531.1913125128472 
655.0968916059211 
740.5830435349893 
190.9210277990444 
353.0849872221004 
511.1133355372401 
635.4592997251411 
722.7908484408765 
781.7106945801941 
796.4364595903501 
805.6128426260431 
808.6014194235033 
805.659423497172 
796.5569177400663 
781.9519814059689 
819.4710783780572 
831.0351126529329 
838.0443528769678 
840.4734535906772 
838.2306068048111 
831.4372882466558 
820.0963611773933 
842.0600392498744 
850.7060742521318 
855.8934030527647 
857.6661311158064 
856.1061947022786 
851.1439462574594 
842.6807046222588 
853.7191418315753 
860.1184433636632 
863.8036419963186 
865.040790038978 
863.9202092108549 
860.3555009028835 
854.1295803803825 
857.918409418361 
862.4482500075496 
864.9727587360886 
865.7717030266895 
864.9425321413826 
862.3703482948414 
857.8019524813669 
856.7320013920165 
859.8285323137648 
861.5226828864319 
862.0335614705186 
861.4205213732998 
859.5723492214865 
856.2364874899866 
851.3061976949936 
853.6987833357449 
854.9701958695695 
855.3471780662818 
854.9287854318254 
853.6349660567257 
851.2542208698313 
843.7535134822027 
845.5886924233388 
846.5246423003483 
846.815882468048 
846.5560249409508 
845.6970899572934 
844.057506794068 
835.6456236330065 
836.4945144965259 
837.0010180432271 
837.1546093607574 
836.999218828694 
836.4893397241424 
835.5131786698853 
826.2090802879086 
826.5562941158023 
826.6846427847623 
826.6802580229544 
826.5788546184938 
826.3601113314394 
825.9398204588863 
815.6825687583015 
815.7080461903004 
815.5472140417795 
815.3925783598947 
815.3125376891585 
815.2687052358694 
815.1703890034024 
804.1684778381551 
803.7811504758146 
803.3491549725932 
803.0961118443947 
803.0506793469769 
803.1647896805886 
803.2744251298818 
791.0752051435345 
790.2929088750049 
789.7355556805995 
789.4764195513329 
789.5342725162369 
789.8673980092582 
790.4263613319594 
776.0830708708082 
775.0058561646161 
774.3485397765515 
774.1292012355002 
774.3508965609707 
774.9756651486509 
775.9565296030063 
759.3946094023795 
757.647260430177 
756.6951483800559 
756.4472982208398 
756.885990066915 
757.9193503351707 
759.4034804719126 
739.7868278459632 
737.3064539108512 
735.8016752451097 
735.413390096538 
736.1685199916827 
737.8756832709726 
740.215896949372 
716.0640887455575 
712.4909996216977 
710.1746220093015 
709.5046380847067 
710.6371467196547 
713.5326201305254 
717.3805588581528 
686.7743808441613 
681.3640907738152 
677.9333455881612 
676.866349156973 
678.2158281228636 
682.2629684281111 
689.4965047344975 
649.3346234405865 
641.4487818147386 
637.1870540233763 
635.7048287776478 
636.9581851545975 
641.1006736312743 
649.3031605336939 
598.5922139195346 
591.1784182001189 
586.2556551334978 
584.4616172423561 
585.8585311801272 
590.109837231792 
596.1033059701543 
16.62733163904419 
40.85599062755603 
76.88255552387545 
-2.727578838135757 
9.598157101781799 
26.82215280729637 
-0.3613993602114424 
0.8851646987911211 
8.040675474661619 
-0.3367489092180259 
-0.4484854039043493 
2.645245082902163 
-0.2095651891285937 
-0.5554046041688748 
0.8010292713906658 
-0.09537269728747717 
-0.3665767474066092 
0.1136846434191281 
-0.0111009639555474 
-0.226093632999357 
-0.1041055590175329 
-0.001846580834102782 
-0.1649672695138017 
-0.09786024483644941 
0.005742470226066092 
-0.1076198643835955 
-0.04962177167727938 
0.01442455439243617 
-0.05056669171930349 
-0.05653382128972872 
0.02033351540117543 
-0.0001007690469122519 
-0.04755273275110516 
0.02604798239412486 
0.02200019718187968 
-0.0594790414618647 
0.03144050599598672 
0.03667016123790512 
-0.09925449891724651 
0.03653866795804939 
0.04918169815033955 
-0.08801302429579029 
0.04997800475742358 
0.04817292977762491 
-0.01825404564531686 
0.05124917076476717 
0.06866220736801074 
-0.02625587888182649 
0.04752776420812379 
0.09386015442847306 
-0.08028625893361742 
0.04355351281766249 
0.09004298314999198 
-0.05868364778325649 
0.039466630236602 
0.08377019450668463 
-0.01131823632259602 
0.03487336131309644 
0.08575181639081643 
-0.03467272301036843 
0.0293376971187682 
0.08982323053891551 
-0.05535977243586201 
0.02342212168945924 
0.07592325685522068 
-0.0445480329305802 
0.01851627031897177 
0.04459862523684882 
-0.1832158316086343 
0.01005545047371396 
0.02051929561107769 
-0.07111397016456625 
0.003753929634825158 
-0.0009524856851170947 
-0.1155969214745149 
76.8543537762781 
40.85579646678543 
16.63434934102649 
26.72935315179863 
9.616028474333485 
-2.728447031117893 
8.491281634434715 
0.8790237124890801 
-0.3677157954682039 
2.463395140272207 
-0.4226932505846512 
-0.3395895400291318 
0.811666410669745 
-0.5514867480031178 
-0.2061137401300574 
0.1110792733273753 
-0.3589739568908663 
-0.09112784518354995 
-0.0726608835319567 
-0.222274214082263 
-0.00779907702223185 
-0.1190043445321658 
-0.1635584540379948 
-0.001852801015704885 
-0.09766022869097268 
-0.1157445245677584 
0.006073572601786647 
-0.07525383027602407 
-0.06267654604256034 
0.0146971626496698 
-0.05985467089380272 
-0.003893545833833902 
0.0203759900931051 
-0.05983176068195449 
0.02296652973199844 
0.025050965470361 
-0.05895630386672114 
0.03503283253530404 
0.02969536901250978 
-0.08117957224401234 
0.04741441727857836 
0.03536570260669592 
-0.05618311049922436 
0.05110088832162048 
0.04940749451326725 
-0.07304874255467894 
0.08056792814368866 
0.05113831439626713 
0.09217573485299886 
0.09385014020894371 
0.04812544087129166 
-0.05045275075432999 
0.09581298548957576 
0.04497591569268215 
-0.1097506660899633 
0.08857951355344537 
0.04088068182395169 
-0.05911087085407061 
0.07112813205195001 
0.0345257382901127 
-0.02071649085653501 
0.08658354732820653 
0.0282493801913199 
-0.07559839554778443 
0.0763083500369811 
0.02376432718989748 
-0.1493638923109427 
0.04684189858344299 
0.01810286416497907 
-0.07305031898745623 
0.0214545100835524 
0.01024373275721237 
-0.122684163570907 
-1.611850156186947e-05 
0.004104825774265667 
0 
0 
0 
0 
0 
0 
0 
0 
0 
0 
0 
0 
0 
0 
0 
0 
0 
0 
0 
0 
0 
0 
0 
0 
0 
842.8507197074823 
802.5281590105157 
359.3163219694961 
-0.04584348084576245 
624.3132489081996 
698.2757906471489 
724.189283427955 
745.9397855321909 
760.1660932930507 
777.4429499288091 
792.047406307195 
803.5977529628656 
839.3916020075343 
824.4494264599837 
783.985493158685 
847.2440133706663 
850.7070276715133 
849.1763917431997 
613.0262224203417 
876.4500010748868 
797.0814218648811 
873.2525265440901 
795.7904137967334 
808.4308955199853 
731.2536567090278 
-86.14210905428696 
-43.04812793863908 
0.2437253445512178 
92.34729069594661 
566.9999887459129 
787.7199524248693 
820.955806042296 
-1.425007525265661 
-0.692137845559775 
-1.425566691889217 
-0.6960623851466042 
1.487212204180805 
-66.15460961421225 
-77.04182363298177 
-83.47605292705865 
222.890405776809 
116.6460604382449 
26.8798500298517 
11.43861788233348 
2.536499880585835 
1.252454845257624 
0.5381610302375287 
0.08186716737191978 
-0.154705064045861 
-0.2325090434729813 
-0.3726746729372454 
-0.3412412440268712 
-0.1883527938826652 
-0.4279031902035826 
-0.4117001955620743 
-0.4730952825565324 
-0.6237227200458274 
-0.889504817868134 
-2.125559035677548 
761.1050728652426 
496.9471318308211 
700.2484334845593 
475.7637546398363 
369.9615063211091 
158.3093252393578 
54.90739823170579 
486.2426641383312 
675.0309357680981 
5.446959539316765 
2.519321846904677 
7.411538877706086 
1.005051027181423 
-0.3536287789501195 
-0.2128523016869428 
-0.5159216896402601 
53.29498235633943 
30.75139037628529 
254.5025451744077 
16.71919584357002 
9.610237199223457 
3.431667266870978 
1.870169426065734 
-3.903963382189744 
-1.290295178247409 
-0.5181383495808336 
-3.043944311346592 
-2.778046611042723 
840.1293271565203 
833.3252347941626 
654.4037908358862 
809.5793814444402 
828.3877649915366 
591.3183906317084 
736.090676452941 
779.4745250074118 
763.2911409137141 
750.0046656735559 
814.2874534754422 
824.8572907728652 
826.2532261846865 
835.6587667001141 
837.4598696411799 
464.4258716908648 
376.0947965229561 
277.9400763409751 
582.8039230131117 
291.8996994162997 
-0.4863567339469198 
-1.748180162687316 
-1.350012746897769 
-1.21097996024377 
0.6647996497218909 
5.532791650541329 
5.690267235244451 
10.12656868042894 
0.4310067581797076 
-1.130769383169907 
3.793255534417827 
131.2017129767653 
22.78968659219027 
6.204834150777902 
86.79390535474883 
56.10044590097141 
-0.8669598917128459 
-8.126305113159955 
-0.6689346420366421 
-0.4500376003738871 
193.5216148132212 
697.2975324007371 
717.3726545622652 
755.5813315474885 
834.6656628777886 
617.7604309803914 
829.5429151121002 
829.1383606645247 
821.3985906683681 
799.8286214298437 
811.4885745699264 
815.9782746970407 
821.535255664488 
666.5392475070872 
822.7167974057955 
786.4604767856463 
795.7414601405469 
677.5714406230346 
707.4181316361155 
-3.483871352495072 
744.4054328501511 
789.1343315236821 
374.6759418749259 
9.574274142150012 
803.2275742689061 
721.2878620312167 
15.2592971317836 
3.177807544886026 
36.09163899044385 
125.537226763277 
12.74708619643518 
167.5477417367635 
86.13986932863843 
2.257147865203012 
-3.344889656117012 
-5.823674401525997 
-1.377021628324226 
789.5474514462226 
173.0925711378694 
772.4510058802408 
756.1690645528133 
750.4629991181318 
816.877054854795 
816.0312559551531 
774.1224545806522 
782.0024870772251 
767.4509044564929 
706.9808122138508 
772.7903078594461 
677.1297360733632 
815.658319937947 
797.5921995418133 
799.2457109686588 
-1.810533576891808 
-7.125540245715864 
58.5919037756111 
224.3700099932517 
0.916451996013093 
770.7447351341167 
803.65304113567 
33.61756389274735 
59.08195097333473 
75.38862367265691 
23.67385708214644 
22.1192741141436 
698.235107242666 
673.4554437118868 
782.8885029605614 
737.8158255546819 
354.6450280207503 
113.0424156414518 
758.5089273528167 
811.1464956511827 
-9.02973889792033 
-2.507540164155032 
775.5076944747469 
845.1429929458645 
-2.750526234326913 
-2.357597078548724 
863.9992397400285 
744.2993285170126 
728.0703397795372 
-7.7136438581791 
803.4171314216505 
-2.487548164112011 
-51.55342560119932 
-4.221166649465127 
651.487794909359 
559.0823401689493 
750.5842032919697 
804.6863984586766 
17.10739740137674 
19.54829919930829 
-0.008014165728417795 
-41.39029917994208 
207.3543196211722 
225.1726794433577 
646.9703929940372 
87.61194466141043 
29.12638838640303 
661.110859892024 
822.0794597103277 
785.9369503317532 
135.9341554820579 
214.6410204117301 
810.1658157793917 
798.7909160932713 
713.5005443462118 
799.3366177521771 
778.2529596732176 
789.6425175034366 
875.1418770803415 
775.3222350230799 
-6.04123766475789 
603.503810035191 
13.26293236509627 
41.01103435733194 
-6.273211925733108 
123.2056588886613 
801.9423044872714 
-19.59983206720087 
783.7218489082467 
90.48413793850473 
60.19457377548686 
305.9664897461775 
255.7249199512994 
58.00061337322572 
735.6216119881593 
575.2678778738667 
673.7689367639517 
625.930093030991 
738.0804489476983 
793.5188555591674 
815.0438963886885 
757.0170323812406 
788.0126434521279 
-37.89428569524066 
-40.77727338315773 
-35.10411447887228 
-11.76100229583358 
-12.88311724716776 
12.08319502433495 
407.0414808138537 
307.0364995854013 
673.065589184453 
716.3047566247201 
-26.52436487752312 
39.85928496241579 
4.12984292059266 
601.7673055808631 
-22.49806119450591 
78.12553081149737 
458.8179536576026 
360.5402766574522 
732.2773441938161 
481.4212726900347 
630.4046207386696 
799.2654038700505 
791.8534709909411 
791.7843165965073 
710.9458805714817 
742.1469886247439 
15.01415348662249 
-6.472257707017393 
-0.3455083916174355 
-35.46421086765383 
-16.59452358719982 
-18.50470660332424 
25.06901652109304 
-9.432169427105508 
788.1435545511104 
160.3648190985408 
113.3437641951473 
0.7852911490374083 
516.9626040336551 
454.9297852056454 
791.0647324247888 
747.520685392312 
257.1538882276413 
706.1024438657048 
571.6257884612701 
44.90005218999431 
773.7537171007075 
701.1756175354461 
-12.47467809066512 
770.5133437390937 
-23.02355882844741 
6.638178603012142 
-18.41544995818903 
778.4848147753995 
415.0468249879538 
432.1162200631293 
-4.807742447864918 
203.3493731269083 
68.36234485971647 
476.7308309138322 
25.71075656421777 
653.0957046806918 
745.862811645119 
752.4755395719039 
78.04470526167823 
725.381078584216 
20.47986217451112 
21.53452396558418 
7.873530074641018 
539.8528985543119 
379.1908714776923 
365.5373048955568 
528.5349891531018 
254.2382706985753 
764.2918227862958 
721.9266190710235 
675.7216810026559 
35.1249000919821 
207.0720836488873 
44.10710895267244 
503.4747430525712 
318.6505716890107 
606.7744371579712 
730.0851481581748 
724.6518752996888 
311.2494114843806 
116.4774057338688 
601.9965026883552 
155.2882419537614 
186.9744383208289 
396.1394613054352 
683.8490425743847 
159.3508714495209 
666.8314090604638 
579.9138796320101 
110.3398996824273 
53.96666208430304 
313.8684458017653 
124.7890589873992 
215.0433387186228 
256.5024299656507 
736.7255198132347 
771.5022977749034 
117.2493215780882 
784.1410967214531 
-2.388457599083897 
45.81022850101911 
245.3502498946108 
368.7328003389798 
167.5323568662033 
192.2890761892846 
298.0665237461962 
273.6909653213037 
506.4291638424073 
433.527148509442 
453.1717686734 
767.4973643113093 
783.9700083262626 
12.09861302362422 
543.6076185831507 
538.2329399735598 
710.3677609169965 
22.71060374927544 
485.0621707848801 
825.1737440353251 
657.5798772044499 
-1.235523160444599 
-6.305783652153748 
-0.7713793708951105 
-1.743569956897113 
-0.6731978401573302 
-0.5619029520109826 
-0.7002229316749417 
0.4436839815374932 
-0.8188992279457851 
-0.6266098596354231 
-0.4220936231110171 
3.493703078008777 
-0.03899264242035609 
0.08003812702539261 
0.2454385726964358 
0.3599198668171631 
1.623446873887509 
2.975026323526409 
5.185009212126658 
345.9651530063293 
-86.28491394522575 
-35.72594438092241 
-80.73599682380537 
-2.94546084502343 
-2.064219517024872 
-0.9895389022212262 
877.165147272248 
818.6429730042205 
794.3197674217855 
839.3898628362039 
842.6149461162751 
693.8575891481747 
339.8914798511762 
4.853496870649843 
0.4446440237202206 
-0.1887975591123528 
2.039684596668166 
-48.50080129292808 
636.2059680669302 
738.772591889198 
767.841858606509 
791.9501568943011 
777.8606703751935 
871.1218483695912 
876.2363903423981 
757.5335333016467 
827.3780185885953 
849.3960701318731 
850.1615422172679 
841.2353510527405 
833.469054376762 
804.1925655654446 
762.2517036303856 
744.2849980217436 
723.3716444776277 
700.4928133955635 
676.2707535786132 
109.5263197605534 
211.3396965307014 
603.2757880819618 
623.5104903433993 
50.49721470311015 
227.2365468885976 
441.4339693381905 
458.4009486644428 
772.1333662634607 
800.5843949490326 
-0.1543486682721477 
-0.2284813610736342 
2.484356639217278 
0.7935687121450952 
0.7812622022851703 
78.33114457825646 
10.86708491419472 
568.0154982118345 
138.0792150832508 
1.259574139724615 
13.74127189571129 
23.72099947977952 
-0.6918175911639558 
-1.113118475954852 
0.5476381403759902 
-0.6040296965134488 
-0.3795996887600911 
-1.74103354284841 
-2.430851046759342 
846.9737448737783 
830.5833355060399 
803.5954689599247 
815.3909468541588 
778.0302630471024 
720.0689923081471 
834.9906426733216 
823.6999474086377 
839.7354481588673 
724.9483701030761 
784.5601787373246 
810.8066580100295 
827.707507400575 
752.6984876077091 
792.351454208107 
765.1098649247219 
729.3317126737071 
810.9386536495659 
339.6357755456904 
43.98213166051475 
243.6729238801508 
813.5182095875116 
516.0037485107895 
803.7188526056767 
-5.839909321662048 
-3.085114292946827 
0.0107368394682785 
5.703281180102099 
0.001213768155474455 
7.850192135186465 
2.223371230128672 
106.8224080007183 
15.84017674410487 
25.47225637832312 
2.508740139894889 
426.9946860610303 
3.841631781547886 
-1.264565667598339 
1.214878355225651 
-3.353569743750128 
38.54249809536754 
347.8788474857437 
779.5306373827777 
751.4640900030276 
821.9827851814938 
799.308075229502 
773.2181762391991 
836.1102983038236 
823.0919799875294 
772.5325490127807 
814.1417781045501 
819.9601802822352 
592.8973513405527 
737.5931538536939 
827.0198550480625 
824.5784083733043 
806.6207764918061 
791.628757257229 
689.2952392110872 
-2.637346393030418 
-5.512495418561091 
538.3478816183929 
503.1095796493931 
164.7402451561392 
42.32507035687932 
339.7666324371858 
652.5581901027492 
15.91742999401215 
5.766105556253724 
-1.262698253732293 
9.75488527369791 
98.50409321808868 
67.42646285243981 
101.427052164775 
61.91844813899397 
25.98527013356062 
44.02346381151218 
4.607554802920229 
9.594150567789189 
-1.456878669948757 
797.4071392311455 
131.251315594877 
789.7200742111762 
734.0053283274514 
804.0915568028789 
817.2026018991544 
789.5746692847133 
791.9543646443617 
802.231620921089 
801.1401050856849 
793.2180010204536 
790.1484718080258 
756.6000505323652 
765.2109702130962 
696.6442775126797 
-0.9653638453489249 
-1.935073676785726 
-3.007866075654526 
-44.36208332621371 
-2.462407200187719 
690.3754626225137 
726.6415533090454 
789.4051813828426 
654.8470779696925 
188.0049477442313 
-47.44071353968768 
1.088890739559705 
10.95456760648273 
82.86140942506891 
198.0846720489271 
20.19555640990785 
857.7031593504502 
763.3565653940187 
802.1495643822532 
376.8081359315681 
310.3245864115088 
-9.165304002145259 
-0.6458495647160094 
-0.2712140660039904 
-28.79390391228238 
-59.63275818656678 
787.8093004049406 
788.0206215475433 
796.1484161181806 
-72.33997918836802 
0.6106423145479507 
-12.65800350567312 
-15.88271288135141 
796.3223569039294 
-0.1684326012808098 
-1.099459874051526 
563.6509734000201 
-16.42444580847453 
1.042058592105656 
54.00126396058297 
439.6271863429268 
832.621822510908 
299.7627950070529 
29.21162901761085 
21.73631567065339 
70.08953765222714 
151.5301356099364 
255.8058988306625 
677.2184883620411 
717.867656197481 
-42.05237969406129 
-23.00740649508455 
-6.55990211589183 
-10.10696795440226 
1.466083027659772 
-84.60170518135426 
-22.0018302948605 
767.0380105542241 
453.5144161902521 
505.5722185233466 
30.34779021416628 
556.532382522558 
781.9928315979773 
796.8078587317964 
765.8405950744518 
786.0998394335078 
-5.306629839498036 
4.130628729926654 
102.8028654852411 
130.6578175190041 
49.05756287529889 
433.4876336346582 
222.0497229198252 
-32.48536683568829 
-16.79307854348034 
-41.57249775792449 
10.15437748350584 
744.2779774799395 
776.3225636099045 
777.3758132734916 
804.4327346754256 
817.8079412317361 
760.1687013049128 
-4.314747346507877 
384.9700669615456 
428.8249527167987 
75.08876819347964 
777.36095943159 
809.2834095106384 
790.6770181150821 
781.5029305537099 
-11.56984103031349 
-27.71587558415587 
15.38361541892217 
45.74226301293226 
-14.37453892603759 
-29.53504022382889 
-25.94927596496553 
27.06728205305193 
5.74829176035422 
809.3730921340015 
789.8479683465699 
787.9905042847125 
772.0671094875803 
598.8530306883453 
622.8927356360982 
-2.787759115280309 
-7.93621675238307 
187.455011548861 
473.9366370280314 
25.54088694597549 
218.1366173919158 
-17.16048987514147 
114.0243882826137 
150.6270533510483 
662.1917451977361 
714.8167075536919 
6.343713593117833 
748.3796176043388 
472.3935719515316 
511.6917647865374 
-7.767961396629765 
-9.092255371456137 
-15.45410730992195 
523.8996077282147 
753.2865641646425 
736.8579186295934 
-1.830233871492769 
631.9483559773948 
761.1528696016301 
789.2884517688957 
790.3293481857792 
171.1879055410575 
84.55314256133528 
259.8605832474431 
396.9815493056357 
78.90904113235732 
691.6730152129416 
722.0769108354615 
-8.345792713248752 
9.004578007454624 
3.392270450058466 
783.6795473760739 
764.1756173371747 
3.535069534197032 
661.0269135855539 
254.7342298613002 
724.7656926705295 
604.9627393368444 
717.8068251822084 
343.6042420113349 
-2.662885297273761 
20.10574041219245 
49.39413837047873 
-3.989644602944462 
580.5777982403221 
52.04479628213338 
669.3437691226161 
496.3483925685718 
1.906580545562994 
301.6825795993608 
464.5984785039324 
109.853293100896 
672.7921159905419 
753.286792516203 
225.7866732325986 
126.302919606772 
10.69267698487478 
666.3311822235402 
333.5025149534799 
357.5151934076903 
46.63919416403705 
123.9606979070684 
588.3847790973549 
576.4921623592696 
180.4703852201475 
56.53988328391019 
-1.490224726647146 
750.9384682883818 
-5.308620464006766 
750.6950517042159 
766.3631350247275 
812.535428875405 
813.3950694149225 
800.0102855441297 
779.7691145163998 
730.2831241858316 
-0.39884873488375 
799.2385044057474 
756.260169034195 
254.7795006935865 
4.669451491858521 
7.537043558817598 
11.89275478347364 
561.3866785425989 
615.3740399595031 
17.25494356449433 
</DataArray>
<DataArray type="Float64" Name="sigma_xy" NumberOfComponents="1" format="ascii">
105.1490141098014 
118.4371046727267 
103.3572360331041 
76.68069234140809 
50.35292496177987 
84.24803861474771 
95.09078645490047 
75.53167847997807 
53.2556403294718 
32.8644093009928 
52.51522270903813 
54.5882416614929 
41.96346820754961 
28.22448776247425 
16.36668502555828 
0.0009674363046539469 
0.03180961421944726 
0.03542271530748913 
-0.01701127038972476 
-0.09225045765960006 
-52.47071291840677 
-54.51681740486859 
-41.90774076738143 
-28.28845684234561 
-16.59035918459397 
-84.18463596000488 
-95.01607105557044 
-75.50821182608605 
-53.38656090336431 
-33.17401688137192 
-104.9474535742407 
-118.5210925418435 
-103.5810641002863 
-76.93591995760757 
-50.65131830662143 
-27.63470454008898 
-16.36715599933169 
-7.508979200918762 
-0.1176829406313145 
7.243934905851442 
16.03837181224042 
27.31613537227738 
-8.634559180825923 
-3.072653036067285 
-0.6290558152458792 
-0.05234902464457065 
0.5194650954719791 
2.962694742378343 
8.540608340076338 
6.03727131224149 
6.936648870865886 
4.481139770650982 
0.0670372862137107 
-4.335450950867878 
-6.781672124436795 
-5.96504093935907 
17.07249409960503 
14.24675043205091 
8.130875867921773 
0.1655052724113756 
-7.781366200394205 
-13.87236324412679 
-16.8180898141446 
25.32616661473287 
19.44227852888019 
10.63532436862113 
0.1879607276102784 
-10.24571578446548 
-19.01457560967828 
-24.88654375530144 
31.18221441723309 
22.98526465357037 
12.2926186544651 
0.1410177499361568 
-12.02220153431642 
-22.7369867000002 
-30.85093862875353 
35.18192940632086 
25.46941227637212 
13.43617962820385 
0.09131495397556122 
-13.28288723435363 
-25.40766054684938 
-35.27039739874609 
38.78976005739686 
27.47232478414605 
14.3149770204567 
0.09073009212619937 
-14.13363597597913 
-27.25855121126578 
-38.35029539646703 
40.73546450238523 
28.72900145959078 
14.89189537310109 
0.1023426437323436 
-14.67290949795876 
-28.46982826029969 
-40.49200719198652 
41.59624220959471 
29.2857022595722 
15.13306984134842 
0.07155334761616561 
-14.97071404509835 
-29.11543951726839 
-41.56875691818995 
42.04540419843665 
29.39752424977477 
15.07714512080568 
-0.0309845548854664 
-15.10387613946721 
-29.33853831611573 
-41.95747307769558 
42.16985752855042 
29.09575391188802 
14.76930464116992 
-0.1965540724288339 
-15.12942653856032 
-29.33223086691695 
-42.22192775347342 
41.59147643098461 
28.39154404828443 
14.30873655636819 
-0.3528118256921585 
-15.00341133556006 
-29.01602374606668 
-41.83179170614998 
40.47760902311033 
27.53478496111598 
13.82581996117977 
-0.4099716336318326 
-14.64847089507501 
-28.29997613716619 
-40.78919728630184 
38.23522262878996 
26.31871652657467 
13.24836551863841 
-0.3439516244699396 
-13.97568861025233 
-27.11960561874336 
-39.15969005677127 
35.29229929055274 
24.39784236879263 
12.36456101457977 
-0.1690689708369726 
-12.82262540603013 
-25.21963358521446 
-36.78367729878499 
31.42253337704831 
21.49767779317749 
10.93752391949853 
0.08409105136751859 
-10.89923797269797 
-22.04174769626068 
-33.06613224520993 
25.63138772672108 
17.1455416562053 
8.730839668396627 
0.3090960389970541 
-8.10095652235535 
-16.64922059968179 
-26.60649038896459 
16.60062486924916 
10.92643276341633 
5.715007417175817 
0.3162658587328001 
-4.921320588827811 
-9.515537877811903 
-14.07567531879873 
4.002602056946923 
3.731403826568532 
2.072683725715353 
0.09009701008083991 
-1.841013786567721 
-3.235931512374346 
-2.111399868627761 
-13.07496362252625 
-38.76944977707689 
-64.76069120119691 
-1.058051130721853 
-12.17460192848319 
-30.45293329765136 
-0.06190951777285955 
-3.440724937498898 
-12.04185683491135 
0.1483569179120822 
-0.6628212263811923 
-3.951287412865049 
0.2092443638471769 
0.4495353443333732 
-0.2974464509026913 
0.2210712026095736 
0.9077079037942452 
1.510452021570573 
0.213586192348083 
1.074625158508332 
2.373523423204442 
0.203254942823867 
1.130412558939412 
2.790642442242151 
0.1946543264348028 
1.156990479270368 
3.039952531266205 
0.1844730324425907 
1.148582245489678 
3.129614855251417 
0.1756646885718646 
1.131577480337982 
3.1588707074388 
0.1656423662131033 
1.100846934671416 
3.135900888435957 
0.1534351897965517 
1.048991446005592 
3.054551167650151 
0.1395291596683507 
0.9824668903277142 
2.926652924620805 
0.1268654610052622 
0.9287441814394395 
2.806062515104481 
0.1164928778470489 
0.8881155782272269 
2.706612568436554 
0.1038451343722852 
0.8026508723384006 
2.485178491839623 
0.09410800850664469 
0.7305753196732395 
2.309118568215993 
0.08473150307250138 
0.6617972211445992 
2.108959647647205 
0.07454589804610638 
0.5834067388403575 
1.864239580110753 
0.06230913658816342 
0.481649751825439 
1.56483955407837 
0.04941786148144239 
0.3750708772434003 
1.244682724838779 
0.03454597285195093 
0.2647212707278239 
0.9531136491629834 
0.01653938449734184 
0.1077663989462476 
0.4176217060116053 
0.00818758818014074 
0.02781217894594075 
0.06233543232827095 
65.07472535968591 
38.83564703059265 
13.09094091921618 
30.69892380431076 
12.29460752997875 
1.070503221197836 
11.98976093700415 
3.437813406915117 
0.06195773848201804 
3.85918756279752 
0.6012863259584401 
-0.1582805605105399 
0.2462150905737165 
-0.4698610101050235 
-0.2142709438638604 
-1.517041224725859 
-0.9143046500792915 
-0.2232244257071212 
-2.379257634814543 
-1.085786837831172 
-0.2160384140103519 
-2.743854185147625 
-1.127279103499929 
-0.2038742640456702 
-2.986912163473777 
-1.143783118011007 
-0.1932858198829664 
-3.098110634917407 
-1.1331795535917 
-0.1818348237772582 
-3.115708826150166 
-1.107944614289296 
-0.171231655708106 
-3.095802885619285 
-1.077025791393942 
-0.1611257920525551 
-3.038030204706231 
-1.037377548123058 
-0.1507720950290497 
-2.949504683289005 
-0.9873447749641929 
-0.1391714537123392 
-2.840363739112911 
-0.9307501920513137 
-0.1261080308743617 
-2.698025092181914 
-0.8639256798911306 
-0.1125010983160949 
-2.502544137039181 
-0.8034606978493447 
-0.1040210740149729 
-2.417663769157098 
-0.7864540800389948 
-0.1015141695893434 
-2.047346281012491 
-0.6608701189918654 
-0.08607011117093127 
-1.799628529312937 
-0.5667892804864203 
-0.07398876432301824 
-1.574417673352889 
-0.4811899941683913 
-0.06253610244260431 
-1.259413271699729 
-0.3758465020865788 
-0.04881025958294281 
-0.9168720667105199 
-0.2539272052084443 
-0.03322048731282593 
-0.4583588913267984 
-0.1188746642950005 
-0.01756686690151079 
-0.07489549891240854 
-0.03041626214174986 
-0.008317649382795814 
0 
0 
0 
0 
0 
0 
0 
0 
0 
0 
0 
0 
0 
0 
0 
0 
0 
0 
0 
0 
0 
0 
0 
0 
0 
15.9934441946296 
-18.03052614422774 
-132.7914484561882 
6.449563900028942 
9.412905509009837 
38.82751464550007 
41.61467057256735 
46.50718491707659 
65.02943431376337 
51.3482906604301 
53.35944821337207 
54.48480574562296 
38.91006660718853 
53.41172007968583 
-21.11961850425295 
43.02730985724284 
37.17612106681771 
27.80831852550739 
-97.8109381669841 
3.379008599488904 
4.129185248062272 
10.55919221819012 
73.76156862905248 
72.83436505983492 
51.65173455879121 
1.941090672524581 
19.56438992909639 
12.7018595395154 
-74.6687193829804 
-120.2129962379079 
47.926164958331 
23.20625160634916 
1.053896194801209 
3.134019424363345 
9.858947002178988 
12.25285955508588 
18.21550010468049 
9.639442219182371 
8.468464872875789 
5.670873369597868 
-119.7171670182669 
-87.04974311440314 
-28.20901145181649 
-13.20116882679486 
0.4185437681223022 
3.064929892885141 
4.623773705935762 
5.736532557400889 
6.919768675398457 
7.156430643734432 
7.094969582723565 
6.786989536513325 
6.682836096430137 
6.021196266114995 
5.504914730509484 
5.027915365616684 
3.690729157187041 
2.780750123888187 
2.440151306748867 
-42.08164294851355 
-122.4564765465868 
-69.07165537966723 
-137.4088288456464 
-140.6094351980344 
-104.5116756573963 
-53.20307462182717 
-133.6860939189371 
-84.20095586262342 
-4.483013611060847 
15.80831937375142 
23.99236005857991 
10.3661389624479 
21.53746908646615 
12.64289195694791 
6.904742719530256 
-48.68110725688107 
-28.28969504091919 
-129.8506985758467 
-13.60397876968085 
-3.992624572577781 
5.35434606288563 
8.307872442751171 
10.4984765615813 
6.866704215319878 
4.413231523606899 
6.284033946088762 
5.991977519935757 
48.28357541361216 
51.29787982775541 
-90.98222298089483 
-8.102633708504969 
1.195632941446745 
-112.1227209333681 
-56.81254561220852 
-29.50727603802655 
49.72403601539178 
-14.66497804153513 
54.42788584661902 
62.2626657476271 
10.32082947460479 
54.42806621443961 
50.26885450870476 
-134.8631905466256 
-141.6023172437239 
-133.2945434136749 
-97.64520799975087 
-132.0940879581888 
12.61165759644199 
6.046222958231423 
8.464225065483136 
9.463195293810307 
11.79112140089228 
18.02940819918027 
1.565364496676455 
3.647542938622394 
18.20813423582456 
12.29078193984173 
12.73107901221224 
-90.75062477742691 
-12.25340004551721 
8.979491489752785 
-66.44578176217341 
-44.00795111679356 
17.51935361172891 
9.422376364142876 
11.24693760864059 
17.47190743594611 
-114.2873956939057 
35.19020290663457 
46.21817772789649 
58.72942577526894 
26.03519224758347 
-100.6877832406741 
59.11510273439896 
52.68362401727067 
63.61920872767895 
21.66463093177844 
66.07639880742106 
17.87311510175162 
34.89354213744669 
26.12631998735388 
48.63683034276477 
62.34606697227203 
78.16440384693585 
23.04303448046753 
-65.6755802137039 
9.832002419947409 
58.54891402366948 
76.26645645108971 
-137.2508388369762 
12.97210001930816 
-0.7869745499339538 
-61.06145928477059 
-3.527259555692016 
22.43931249676807 
-26.03610509703963 
-79.97666043821538 
6.709166739463754 
-87.39711261117709 
-55.83084928653582 
23.87275474811582 
26.52439985496666 
27.06216129116646 
24.2085269754494 
4.799908367093865 
-102.6775079943295 
-17.1286371179887 
-43.62112106737649 
-36.94383390350731 
68.70421313864274 
59.22829386159231 
45.04620251694485 
72.74752174118746 
34.0304248280437 
-55.82522477210391 
61.69211429422352 
14.9375753820346 
17.46414233457861 
69.65309577364428 
64.88750268209658 
18.75554167501912 
15.26989697608469 
-36.44483415285031 
-120.1059859531939 
33.12590690502304 
5.347367044912771 
37.43932469841593 
-11.22334886362453 
-19.05256306603019 
-38.34998013576706 
1.508816273839546 
0.7887076902829377 
-33.75487496136465 
-75.69894755310716 
25.80797721380805 
-33.45850650268866 
-129.7487909905955 
-62.8455537440389 
60.28893777272759 
67.85681286273424 
25.44779348947906 
14.55111977178656 
18.11876919580065 
15.7639263276918 
14.99106342523618 
20.33616297980639 
13.39413260989616 
42.82130778444432 
16.6109388470969 
3.17773283196153 
74.01695740170886 
30.75069019959227 
9.217151652263082 
21.07626267156236 
-79.66878786729451 
-87.87010013252269 
14.89948912251681 
51.7281483020509 
11.32922702924374 
17.56819610698336 
27.36300281405864 
22.13133285467873 
-65.92585001646469 
-113.2037333928749 
-56.00681463709755 
-22.24254417614258 
9.456968178176506 
-66.49186412999596 
30.80157972536244 
49.0070356348126 
-63.07376072341788 
-84.9271585159624 
15.88569559319032 
52.12604044417634 
35.0884723199844 
42.67407559626099 
62.64865972910906 
68.46434038508482 
6.428571795908539 
44.84575728983472 
18.9847681252065 
-80.98074491370869 
28.28167234453339 
-1.946248446368796 
18.16088999641406 
-43.0942908171661 
60.92714114427031 
5.544992605613386 
72.41524140003034 
-40.08874123952154 
-4.949381851856388 
-103.7012290462056 
-85.3297810227573 
10.57438996164757 
-7.582485574037326 
-67.43441008393556 
-31.35385088016387 
-50.51557025172528 
21.45727695833558 
72.38731894028803 
37.64973859658062 
32.56175672790705 
58.255056922584 
5.009841380051352 
13.33333547138691 
7.723585993627137 
30.51115370071217 
21.34183271967814 
27.57822284957328 
-107.2909351234373 
-82.72555386069276 
0.7968616501804354 
-8.600723484633797 
18.97863944771321 
9.670639963200101 
29.24707124436993 
-72.45798534243363 
29.27187264032823 
-1.759596632011563 
-98.85058835098603 
-97.5089024511512 
7.531389985319692 
-4.859508552549067 
-14.90158533365003 
42.5500036315479 
59.11707440958097 
31.30194674003802 
-1.216750061989215 
3.081720760767498 
23.02903420876489 
31.83799255041602 
28.07556398198988 
21.74098084655773 
14.50909546746287 
26.36074914183794 
21.95393775938058 
32.60653608931933 
62.24888431824683 
-45.37391918175459 
-22.5873231157386 
32.59740418045342 
-85.59972158795082 
-38.91356244580777 
60.35983183950202 
21.52175435462886 
-43.41087144749125 
-9.224118060745639 
-34.54535792463317 
12.00471105835684 
36.4640369133166 
5.140808859439096 
33.17301405763999 
17.57677797159883 
29.10900134073991 
5.960362261138481 
25.3653066585748 
50.22451081136298 
-88.82134906517433 
-65.19423947960239 
34.08605694601351 
-45.58243171034538 
9.090802924763301 
-77.10935600923131 
18.5856651248104 
-25.21367228560452 
25.85441996986024 
24.03489497752942 
1.957813510807909 
11.78874247711634 
18.29266146287407 
25.75160265974005 
31.03859952089973 
-60.69098738431238 
-51.39386053211143 
-75.81452107841857 
-23.51253907093422 
-64.70797922561827 
37.15273647255717 
13.97048434832307 
-11.01192967604148 
19.43869687057741 
-27.46857222260124 
16.48848288738122 
-51.00212582041853 
-35.88834673326446 
-38.01439853946792 
12.2477718760862 
16.12617363858811 
-60.07479080478415 
-0.2397244976993104 
-10.92715053168816 
-25.63764328278378 
-9.758843857116581 
-25.6668821920462 
2.744026163525595 
-12.67106058245079 
0.3902733384813344 
-5.588536866459234 
-0.3344363424509763 
3.526658234901691 
-3.886105401056052 
-0.1768054914031805 
-5.561189382277361 
-20.93135875138725 
52.88696924964763 
71.64592772607868 
-8.190031757788281 
77.06424096944291 
13.26318918772681 
-25.30642813621706 
-100.7884176507304 
-113.5407408703574 
-65.38677980152529 
-89.28477851041882 
-118.3645581201833 
-126.035592466194 
-105.2523549630856 
-121.2499493106589 
-124.6936931165227 
20.6310755710635 
37.28654071243292 
18.52892985590761 
-123.3889793828289 
-115.6540684638714 
-37.81567063057437 
25.75356020036672 
124.1481152194623 
-54.09420226640968 
90.75025876776172 
-0.8454254969949666 
-2.53529844140178 
-2.452987599439647 
-6.963509052868298 
-3.647429135555821 
-4.063425250725629 
-4.836729876454341 
-6.264604713012107 
-6.3701348485542 
-11.81678217218689 
-6.322249271027626 
-21.42929585874018 
-6.413877443634322 
-6.341641662206421 
-6.176378481409614 
-5.793075084416458 
-3.85417184185424 
-1.293066647204828 
3.244292939109936 
132.7286899969004 
-2.155837080859818 
-4.665504279583689 
-7.701184459279017 
-19.83279509593581 
-12.71740644076565 
-6.760512489322585 
-1.904039942700505 
-33.44693415407783 
-19.28009475211471 
-44.38207989900701 
-14.52438763114478 
71.42044224795424 
139.7851771697546 
-4.470859411092174 
-10.31666293226303 
-11.07982757276358 
-27.68973352521892 
-17.22660843743765 
-10.4531155006645 
-51.86955834328231 
-69.27508117682991 
-54.10470949367689 
-72.73098455096807 
-10.97608328143547 
-6.268482418833424 
43.72345132910226 
0.6448640614404396 
-26.17934155114783 
-35.21539815596431 
-47.58179911269067 
-51.36401740057996 
-55.2546600712576 
-49.2685960333314 
-46.14674999939188 
-42.80756004593172 
-39.05703538717055 
-31.75905819414424 
83.89180677275174 
117.5781482199298 
100.1700972376399 
103.8024470667993 
50.14670718666114 
124.5674643765553 
140.5463724408476 
136.4772843037425 
35.64743725285151 
19.87048467566648 
-6.406373654649743 
-6.347873494455387 
-12.8277456060634 
-9.652824739248356 
-5.056170872024598 
65.64969493358549 
11.11891430484525 
118.0057627939279 
96.68622348593966 
-8.520256925748761 
8.583695168997952 
21.14606432674107 
-3.039803288957607 
-11.7423005481539 
-15.08944945297822 
-6.336243877236321 
-11.40300219814022 
-2.143584902834308 
-5.123861607936278 
-42.32667891314924 
-59.22840183980358 
-66.6725553412312 
-54.83717038114271 
-51.93793770779747 
-44.77920462728135 
-21.43502030632047 
-6.012807162104976 
-34.17294874701759 
61.96613506339075 
3.149164725240509 
-54.1202709566228 
-41.50740733707699 
-57.85678275865823 
-64.39559236348505 
-57.55055459614774 
-49.24929436636538 
-35.59172695603483 
140.5664953089238 
40.48522063191912 
126.336165294348 
-10.97499663928073 
129.9192740515973 
12.78469521402128 
-9.842876387967367 
-10.89132558694761 
-10.72989650995575 
-8.276324634833907 
-15.88270424909853 
0.6660177126478165 
-6.894819598709582 
75.85146278954085 
3.599666988086623 
15.41794871337283 
-10.20080598463569 
137.8480851036715 
-18.25592806405388 
-12.51878179933673 
-14.20605357387995 
-25.09409865427667 
7.732784635335894 
135.4608062034019 
-61.21234722285196 
-61.59295815535327 
-63.53048201037099 
-76.49809690286737 
-6.497274417861984 
-52.60347223407951 
-27.67489883163662 
28.24287063590906 
-66.71495575844384 
-66.79837554553144 
110.47756410687 
52.38515216690784 
-50.98618973930747 
-60.08105482789636 
-73.96486579955008 
-71.26995231189065 
78.02422587836543 
-8.633483752078554 
-21.99737618902964 
126.6842032858747 
127.278759986322 
104.0353898345612 
30.85454473082411 
115.2005813853039 
90.32199295185519 
-3.072953400844532 
-10.44981041405137 
-18.47600594057003 
-4.419515878825583 
58.26453675048744 
52.51051379425476 
55.1771700675156 
40.68479925866225 
7.027736771322806 
19.70359051378429 
-14.53306271701707 
-14.45073545257603 
-30.61945419229695 
7.485373517991829 
84.15756390045665 
-41.85177333002075 
43.61326570414371 
-43.55450012185569 
-46.80494923504525 
-26.59082331945201 
-63.62459391480685 
-61.31523889627902 
-72.26200940777828 
-72.85950853067011 
-75.72251465978347 
-61.26580416957763 
-66.93113075983622 
68.524770997701 
-12.19928636944015 
-19.02718415617637 
-5.134919349750485 
-7.901353486695308 
-24.57328600615738 
-20.27431678327842 
-44.8137352080014 
-75.85597493834555 
81.23847061214592 
97.02337129687682 
-19.62583211670615 
-18.74957298372071 
-10.83825194178314 
38.86268031072216 
104.1177689846535 
-13.12837906712736 
-14.92691151017665 
23.86941526878474 
-70.37441663841344 
123.8930179467323 
128.1667494331049 
-16.33739718948695 
-17.76823841277051 
-16.90372604985872 
-6.802217905985272 
-8.510101211298718 
-61.22574140786188 
-77.07475982993442 
-62.82746463991282 
-8.508522206629955 
-21.78074196568154 
-12.86894028343325 
-4.742504722533695 
-43.07676577777708 
-23.2549184302593 
-24.20357066825303 
111.9510401411685 
-30.260522676898 
-19.69762685426997 
21.53934794842397 
133.0327987889876 
-17.76206230102714 
96.68719364696879 
-12.04869945119231 
-2.481099997396153 
23.88533947099284 
73.1963160440505 
107.8875115795584 
65.66366235910017 
41.02399977919362 
-13.27327637342674 
-27.14190797095089 
-7.441794307749687 
-23.28277423538098 
-32.271775399867 
-5.124314114746489 
-17.13066707360009 
-20.49678061833006 
118.6722121564187 
121.4817203585783 
-0.05091699688987807 
70.5178165309281 
-45.61080183193386 
-54.90877569430904 
-31.29686050690174 
-29.70510926419868 
-27.67604170362376 
-24.62664606307725 
32.21291914103458 
53.46393521806615 
3.86369009973629 
71.6396258636794 
88.64252264760667 
-19.48730280324733 
-25.04274034558208 
-20.34498969841192 
-30.11693144031711 
-19.5056444419183 
-72.58351747582333 
-48.46737989795561 
-5.466841156944964 
-24.32612451905101 
-46.86030302845133 
-29.18532495619128 
96.72747665148312 
111.6708690551589 
11.2298638236146 
-48.10153631190018 
-41.11447021580128 
-67.9933905199232 
-72.25240513011195 
-29.27880909709853 
-27.83972828079891 
-23.35375002091157 
-8.378568055906648 
-32.4392191098709 
-26.66442979546621 
-23.40688353934417 
-22.73127813017674 
-5.043676720685647 
-14.34169064542701 
-45.68532521525143 
-61.98743052714586 
-63.78587085008774 
77.61581260928732 
78.78119828136225 
-28.50848336178872 
-31.19257229737848 
66.16713621412934 
25.5515010513806 
-24.48179413903628 
52.03427655416359 
-31.75479048181428 
20.26996527865125 
42.69901256958419 
51.98125812771028 
-9.727162953912588 
-29.91216728035537 
15.01687322924809 
87.85833526232888 
99.43874875116063 
-34.05679829330104 
-27.40097210683647 
-17.1712385686901 
57.89148993847898 
-28.87537790656901 
-3.347234406297781 
-33.61800056320796 
46.58491161993339 
-28.27290650524431 
-70.58948109408497 
-59.84054416339246 
29.35955045624593 
-5.491366709358822 
75.06100134633053 
51.90850476653225 
-0.3624208134342589 
19.76955036374886 
17.79630645531414 
-32.67380682415248 
-31.60428981702044 
-22.91660276531506 
-47.26414399832053 
-17.07133375239859 
-33.43893603573063 
8.022895300510484 
35.51268470171437 
-11.02627484729434 
38.13696758773792 
-6.545318406445967 
77.21143608909237 
-34.03997647699297 
-22.58082876735977 
-9.719851927075151 
-32.06745556634493 
15.16984968546456 
-13.85109018008287 
15.84869908559566 
42.02719654296546 
-29.32876253128037 
56.0865291828079 
7.077942460157124 
-1.796647254990215 
0.6148721333149859 
-30.69537026845308 
7.297115318781748 
10.31478761532984 
-15.65883649152586 
-0.72062683459389 
12.12362854611717 
29.98782150425468 
-17.0078191887343 
-0.8144992942372662 
25.91373279804336 
3.554435406186716 
12.3385922086032 
-3.408444026287669 
-5.647607024263251 
-54.14196710705234 
-15.73260762142084 
-59.60878997724213 
-63.64474522168585 
-69.97820197599411 
-63.13674083092339 
-74.60858503086908 
-68.28441113261462 
-5.323367634888682 
-29.27929554753251 
-17.65309559606228 
-7.115917743548168 
125.9164118709041 
-20.05756945300894 
-23.52618719333375 
-17.22788874654496 
104.2867477871594 
98.10161914621213 
-10.95324590434003 
</DataArray>
<DataArray type="Float64" Name="vonMises" NumberOfComponents="1" format="ascii">
252.3210840362439 
386.2447406811756 
507.3996581175372 
602.4013265725771 
671.3563637548169 
205.2575295838666 
361.2177095545564 
499.096159600717 
599.7304310924957 
671.2364217970251 
142.3949590739398 
343.7122342557442 
491.5383151894223 
599.023767370434 
671.8500466996697 
99.84923653801674 
325.9989563622007 
487.794991160892 
598.6670078246937 
672.6357014937996 
142.3325575974368 
343.6533533779158 
491.5745228497923 
599.1561755616892 
671.9553466499217 
205.1786041556671 
361.1859883127388 
499.2346446304886 
600.0369852132321 
671.4622457314149 
252.2606118677119 
386.6029855950289 
507.7945490236576 
602.7884589223627 
671.6354671033101 
719.5615586156601 
719.4227492520872 
719.7699911898929 
719.9219475908433 
719.8226512000742 
719.5426548653347 
719.7161994899068 
751.4568243923028 
750.2496238921622 
749.621431843277 
749.5462662166228 
749.8250988004065 
750.6677815569662 
751.9973778182416 
771.6375294748877 
768.9915720663997 
767.2751870275207 
766.7522588527462 
767.5014593337277 
769.4419144593393 
772.2191142385133 
783.234810874408 
779.4053260593314 
776.7247090378802 
775.8080555515518 
776.8432909799475 
779.6565173414774 
783.6805837263233 
788.9567240191095 
784.131983467445 
780.7075566042295 
779.4734560291257 
780.6707056997609 
784.0580900064971 
788.9779511648937 
790.5895580839796 
784.9215007342414 
781.0337680357782 
779.627769896318 
780.928200023783 
784.6782765870909 
790.1773646328804 
788.7944969868983 
782.9733455087575 
779.0089405111975 
777.5914550948295 
778.9839113194519 
782.9583836638286 
788.8626434253896 
785.7480191684629 
779.7246502746772 
775.7313187618576 
774.3384133487305 
775.7867609731527 
779.8754275374064 
786.0001664755304 
782.5142703757233 
776.0466363454375 
771.9173148515987 
770.491739458865 
771.9318989381995 
776.046004780091 
782.313565086458 
778.1619087885332 
771.8646120938305 
767.7435349923427 
766.2772944958449 
767.648630357771 
771.6929819547152 
777.9654590064564 
772.9103553254108 
767.0803713957625 
763.0892852867513 
761.6049126039286 
762.8584092408596 
766.6820117077092 
772.5381474736135 
767.0687903561727 
761.5082635878865 
757.6448049230503 
756.1917647914665 
757.3365770763094 
760.9028241804177 
766.3871830618824 
760.0607279614593 
754.5932041619266 
750.9651986080526 
749.6420555642034 
750.7461524962793 
754.1314119203857 
759.453225184894 
751.5526693614397 
745.9718483278579 
742.6155512161105 
741.4697787729633 
742.5915493574664 
745.8344550778698 
750.8999194055438 
740.7196863043431 
735.2299036985376 
731.9875457230397 
730.964806082696 
732.1548797127741 
735.3429555323696 
740.1324485791417 
726.2911411493576 
721.1771482317978 
717.9020342202225 
716.920769219429 
718.3059778063367 
721.7271219192437 
726.5393655127614 
707.4426154249463 
702.1194245959238 
698.5466262547867 
697.4744075990891 
699.1900221823489 
703.4866855222969 
709.1207015007626 
682.5678028916365 
675.9570733339604 
671.6206706859751 
670.2855210701358 
672.15619620238 
677.6161061593526 
686.470459195906 
648.6901866297284 
639.6799429604976 
634.718833901548 
633.0857975497121 
634.6543705412872 
639.8461686194599 
650.996227429156 
599.6646100207281 
590.8904988942109 
585.8414336864611 
583.9930330090659 
585.4650866612615 
589.9957750606084 
597.8401238524751 
27.461605223196 
75.93057975047672 
132.1792837693497 
4.8559165594319 
24.63367649005445 
62.0886088514201 
4.652647836268128 
20.32674389931511 
40.1658533446515 
4.822335913117318 
22.41115209280728 
40.01561767870805 
4.712857846058551 
23.15103705775089 
42.13169241435742 
4.465860579364745 
22.7679127973195 
42.71238138149152 
4.153154643628827 
21.74630957171496 
41.83927950761389 
3.842941581578208 
20.40309426804813 
39.92786246770749 
3.523716899473483 
18.88516373034229 
37.4086805167533 
3.198702038050787 
17.26535685248901 
34.58696058521852 
2.875170800030902 
15.61331955862407 
31.5946631627467 
2.555360298041699 
13.96224512012135 
28.52642153276095 
2.244040875675283 
12.32943394761287 
25.44133537432833 
1.946945166462466 
10.75014576853434 
22.34475518382645 
1.664675344333117 
9.250290691143407 
19.30955101049926 
1.398694622097964 
7.807752124609894 
16.43968465323655 
1.147360664259023 
6.42750199777996 
13.72436404500144 
0.9165214200630806 
5.167054298890947 
11.18854097180335 
0.7062511701475707 
4.011751084561112 
8.809430369011457 
0.5181045647178341 
2.96419278461688 
6.686978395634038 
0.3555021563543512 
2.044635625569834 
4.793984524734039 
0.2198701655792038 
1.288993547225522 
3.193209320573066 
0.111456297208767 
0.6820806696109499 
2.000386777691036 
0.04244336112664055 
0.2355497650291245 
0.7345552491479037 
0.01556753945516881 
0.04830118793968129 
0.1699526009628267 
132.5894877839943 
76.02664826285488 
27.49720685824955 
62.47585746695329 
24.79456989839568 
4.860798039485118 
39.85724089782621 
20.39952470328803 
4.663444299257993 
40.06999493578056 
22.37773879608208 
4.826040864005323 
42.03859353498752 
23.09977593900665 
4.70423482254471 
42.60355299141474 
22.69934624140958 
4.451948333663156 
41.72987464067769 
21.67747082831542 
4.13553190240986 
39.91495117939883 
20.34002859139172 
3.824945546348759 
37.51013939780499 
18.84697891855328 
3.50725780058752 
34.71371760978572 
17.25187428057966 
3.185881375935007 
31.71459004321855 
15.61568643573243 
2.867590652861268 
28.63730206263897 
13.98516921077678 
2.554460150740712 
25.52992810414263 
12.37282727701053 
2.248816329442545 
22.4520890564449 
10.79518297103509 
1.954014644651202 
19.39892198101588 
9.277007578402033 
1.671185286488191 
16.43955211375874 
7.816526825743677 
1.406253038911654 
13.5269498575306 
6.460581319559101 
1.158624219687968 
11.09650635570159 
5.176702481577062 
0.9229504887268691 
8.735600303024967 
3.969979230293783 
0.7030405928163797 
6.708327215077981 
2.955834661504504 
0.5155497502522139 
4.859438402885651 
2.063546910928855 
0.3568362045385771 
3.252163160981046 
1.297775973451065 
0.2201563410705261 
1.966651239705771 
0.6859455891132686 
0.1128261861911232 
0.8125338149808446 
0.2606479156372734 
0.04530619765708162 
0.1895703331444664 
0.05301647995351137 
0.01593602557144671 
0 
0 
0 
0 
0 
0 
0 
0 
0 
0 
0 
0 
0 
0 
0 
0 
0 
0 
0 
0 
0 
0 
0 
0 
0 
787.8082943865491 
752.8950008985319 
414.252533738917 
51.55942297317591 
622.7791736751751 
698.8106365283444 
717.7054021528189 
735.7826958145414 
761.6591643598304 
756.9511087051513 
768.0764548861343 
775.4492509238597 
806.8364961019698 
786.5050622821602 
772.6480812915507 
797.4968220429568 
798.1376530757015 
794.833088795654 
608.1846962689884 
877.3995489985396 
803.6475255496553 
874.7742169793082 
791.7093370015393 
801.974814252874 
733.4430342804965 
87.5858578735423 
57.80308479835557 
55.9962976834322 
163.8414202618398 
609.7685119454428 
813.1210544529592 
828.2039869636533 
2.356918321315913 
6.841391255905296 
26.49058506818314 
46.3998854699191 
60.37214560947442 
68.40964615776599 
78.97154950245567 
85.03426150325897 
297.1692717740465 
188.5177215525135 
69.98095059190976 
57.28332377595775 
57.81866354074744 
57.8477086423649 
56.72607338003647 
54.5314808157202 
48.00333277671599 
43.99655374726928 
39.67129092115724 
31.07615186974298 
26.92091015303347 
22.69352821847083 
18.65110010258695 
15.19991741790915 
9.052903820527971 
5.432834031018808 
4.665765436459382 
720.1659370072878 
521.0891971110792 
673.541667565251 
538.4089297080258 
440.2849282152882 
241.4341498067891 
111.0046377565093 
533.8138487407773 
675.4974944586979 
56.61449437783664 
62.66096691517859 
55.74148689923769 
62.68577804107086 
54.92844294883317 
51.20986462831481 
35.33212060119131 
111.3773945070832 
80.83953827734192 
338.3261805133028 
68.31616889157358 
65.49431219327147 
65.65972959209473 
64.74123964358236 
19.1423813621303 
14.55303429527734 
11.92991131868822 
11.26844635805718 
11.3644212989264 
793.2808653896438 
790.6746109415827 
675.6218397341697 
776.6630239755557 
774.6375617272472 
613.2076377119681 
719.4821292579809 
752.4048399595366 
748.0483169594315 
773.484381384212 
781.5324537808865 
810.4722573158725 
791.561239617774 
801.7593118044113 
803.7356953657737 
534.7893507828539 
454.4549314925179 
365.710851496086 
634.8622850682409 
379.1000167905746 
37.60520777039664 
12.16512541084182 
19.05596333059076 
23.06176190482973 
59.8328253560741 
59.21845345744181 
65.66218232905378 
65.46600484361018 
57.02145929667801 
41.89816465879229 
64.11974584494169 
211.3051808611522 
70.01359874254632 
64.80668813408003 
154.2986898254839 
111.131326344137 
49.11267349118929 
17.79456029149493 
32.17434360293603 
52.8880370379407 
281.2684519674901 
693.3185196758818 
716.2666495765678 
750.022470538276 
800.4802480757127 
661.0942813809005 
800.3083280287963 
807.5419969095016 
797.3941626948103 
806.9190550187492 
792.0151704047836 
802.561786496565 
809.7394487846619 
664.5765724217327 
815.2878695098261 
770.2307731573907 
802.5359145866303 
679.7345889083797 
714.7608905889556 
19.32184013164125 
745.3904150870508 
802.4277613990149 
455.0970807215148 
59.20405102001175 
789.8033893404703 
736.2162456276462 
66.18891831367657 
58.78402109616194 
83.91266139125604 
196.4961033131851 
60.00107385824938 
233.7171134283338 
141.8217785634925 
59.04974543031395 
51.78807930580275 
49.43485935067978 
52.8695821409628 
795.7853342671078 
256.1257681667875 
779.7600641923955 
749.4633735186929 
760.3837453877881 
807.1543477466746 
815.5490095685323 
803.4459005445664 
780.7133259148158 
798.010275422666 
733.8878397732386 
763.2126368746519 
678.3678136681602 
817.0106110955297 
815.9770943299407 
783.7208394303495 
46.36803621781585 
27.46320307670829 
103.6213915172551 
313.661914687269 
57.42509100237426 
792.8319239965676 
812.7706470031733 
66.26972671025263 
79.77903409597241 
114.7032801664535 
52.36178911473277 
61.60815243626964 
735.8340683203186 
703.8163041610213 
804.2722886420204 
761.3879833239903 
433.9418503588403 
166.3136925942552 
765.2455202551064 
815.3503830371791 
45.30296181938275 
34.88282325463071 
776.6966151232568 
846.7178043235538 
31.66001871408216 
43.21997271197687 
865.5402426378866 
748.3574627654041 
727.6049331809846 
9.245621181158649 
810.67941921464 
56.76914402166665 
53.89149559539941 
40.65184162539556 
696.4736328121064 
611.2542457082349 
784.7951114593837 
817.2949764739755 
51.88478540922038 
48.75969072403095 
56.40510805154388 
57.57739768869384 
238.2317935143319 
308.1449585644366 
690.6867312630566 
96.54892432997637 
48.28779516754635 
703.4818789545567 
829.5669989741288 
808.1062126496693 
180.8583225390193 
267.4124417691677 
818.0485366319549 
813.5957778783137 
714.6749049996826 
806.1761589986244 
788.8612751059026 
807.6898444973688 
876.1757104109414 
780.863048604052 
34.98838143864587 
652.8077151208402 
50.74185394251905 
56.43469291778501 
40.83208455737998 
145.973325258232 
817.8726550585822 
21.51745903726254 
797.2396740478241 
122.0481763165333 
63.50522541989906 
366.4016474528032 
301.7808412370817 
53.85715666443305 
769.1983994683081 
619.6899452273472 
713.0853815348536 
668.7687829052245 
768.6363195282627 
812.9263667410568 
822.3775562275833 
787.8023341913545 
813.4941517492058 
46.40663604344803 
52.06544285398464 
37.3438413770035 
53.85037092495162 
38.61286600493955 
52.46970762706286 
468.0938122290577 
346.1926155601499 
692.3266653462331 
753.7429786880906 
41.75270962031765 
47.58196962203544 
56.68014723519893 
648.6826887385187 
55.47484564970116 
72.76310926353942 
514.0525920874678 
412.7660831193093 
767.9593974987664 
488.7250680694552 
655.3173259114116 
814.5588664668076 
805.0877477285537 
807.0789735547685 
746.8885254486868 
755.2534099290914 
50.95197988056579 
56.31895233166622 
51.17777403532472 
51.83003698174429 
29.47445385714866 
48.68211833002481 
46.52987112432589 
58.05484018238202 
812.466669974596 
176.1570618829345 
114.81643320483 
58.12149085163109 
566.2837853007599 
467.8436466792745 
811.8085191199484 
781.1036860059501 
261.9251380151995 
745.5792596725657 
598.2173770936896 
47.35844022410253 
795.9224358684862 
731.3635778994827 
58.629736672999 
785.356405534458 
56.83470412468195 
26.03912740913808 
51.54711435094649 
805.1736292577443 
460.6071912887061 
460.4468309237934 
59.31173442694502 
213.0130633763941 
61.30177943541861 
517.3042638060667 
47.23489315733653 
691.4623679915665 
772.4769355934618 
774.272974736534 
69.18524518469087 
758.3579504238409 
39.79722944026494 
48.58677552147375 
54.78303411389453 
577.1119389638263 
393.1783455691792 
398.1442495719476 
541.9051797037813 
278.2638872542445 
791.9135810477055 
745.1435967953604 
708.8231861638958 
45.78572322486448 
201.6009338620544 
48.09258106439615 
529.8002289135695 
319.3925252108361 
639.9112793378657 
746.212938503778 
752.3641969138442 
329.3403341082162 
102.2186607739889 
620.2111461329696 
152.5774887268811 
172.1457219358199 
396.4942474351705 
708.2590626242356 
147.3791842797613 
682.6156521674989 
592.9128385048132 
97.52374556910095 
48.74368043370539 
301.7060106589975 
109.6493914702638 
199.3754443066527 
248.2934163478616 
734.2903724932258 
778.7692274549607 
106.8225213540606 
790.9175331221202 
26.1278812895737 
85.90752324992748 
310.3045738528452 
434.0339016431097 
206.0511389714636 
253.819518554104 
375.136807645936 
360.5099904461995 
566.4451970636026 
505.5309742665371 
521.299707596092 
795.7265913716816 
807.26529799041 
53.81405957515149 
600.1315633491406 
600.3435451026153 
743.8793424606894 
66.57280435303174 
511.7201434529928 
787.5776617525487 
661.0781375131452 
1.945170616670095 
7.494906883052815 
4.831522248339379 
17.29483879623804 
8.975495159479097 
11.26397553480125 
15.00878086748077 
19.01057021496294 
23.022861008112 
41.46084780104898 
30.64329273517303 
59.95584987394312 
42.40290484062429 
46.30541144662101 
49.97175249467828 
53.32980669660692 
57.87253519719409 
57.97251190046131 
56.82371733289114 
403.3248570559957 
87.76935134102814 
44.52922427817437 
82.30553494673156 
40.54367705685132 
29.97398831391468 
14.23929334736214 
878.4143164146515 
826.5093515435849 
795.2501296170045 
804.3890449330426 
787.0959704275213 
668.4289678021904 
415.0271920495636 
66.27891753897033 
56.61555683465757 
48.94119015747269 
56.95736543351867 
59.49739037986863 
637.2884620042116 
734.0464129543186 
771.4876216721754 
768.4262256015128 
777.9294394931013 
872.4559199875752 
877.4488852620273 
717.1762941630381 
773.4844330849692 
794.1828449902277 
796.7380325402065 
794.4445719188915 
791.0252743611824 
776.1355774218938 
747.2547573196158 
733.1578183073768 
715.5091172376248 
695.1319329301807 
671.9819650218814 
180.3983447486681 
286.6249554705684 
600.3503176730238 
651.3534522556348 
105.047422897106 
312.9721078566161 
509.3827713385497 
511.200172459688 
747.1648603204695 
751.2621800407479 
38.4250833869373 
34.45929619567324 
63.80078711481754 
60.00213501564711 
56.05785923749366 
145.0046700341599 
56.20688204851273 
594.6206382825796 
219.3529104889924 
62.78268663044724 
66.06105604398412 
73.15901994176912 
6.638574280809696 
24.58196786360044 
58.66167887845814 
26.85026974099227 
45.1314880515262 
4.053400671309837 
9.736177369607278 
796.3875415558862 
802.6712613712248 
786.1795120544552 
782.833454411405 
758.8530319671145 
723.610533053336 
798.0585153195462 
788.2244053908056 
803.019377230283 
711.2655596262024 
790.0586162674082 
812.9099044179937 
810.0589234850612 
748.4209884227141 
777.3062247935211 
754.9066110867556 
727.3755308352195 
810.4038904633984 
424.2782928908474 
97.59026020284517 
331.8089452219508 
797.5418862053559 
577.526504970168 
771.9182047434048 
18.03406837714117 
20.96017937062998 
52.88671627861397 
67.83196308728039 
55.60941788527363 
65.83243291204097 
65.24949417800352 
177.4560851577872 
66.23068435616294 
72.52740274528294 
65.64249770218304 
503.5278163424438 
62.17854000356321 
33.79464150025871 
61.64709729380615 
48.32239712873749 
65.13858340136372 
430.1081485104268 
766.9439446632582 
754.1394831297246 
799.3408050275419 
810.1598822690504 
791.3675940465383 
803.9491475581613 
805.1923420747759 
765.0765677368374 
795.6073393290944 
811.4635596866669 
637.7497737073883 
737.7883280422097 
810.826766043096 
810.865525859533 
800.3168208055351 
785.0930045712234 
701.0207809942664 
16.11040170106251 
40.50902392996992 
586.5083166661677 
569.147349048582 
250.7482840868932 
90.00689462004783 
409.7246998233517 
685.2120160091463 
61.19510296867654 
63.43069559244388 
46.4993632651714 
65.60446229969499 
152.6791074850148 
127.2638976157887 
149.7313936579053 
110.07450275352 
64.88027119003564 
78.60698299516261 
62.57408095402975 
59.79585122275895 
56.82774176497947 
784.8555636676591 
205.6525717565218 
811.4276099012227 
749.4671607739868 
816.1448317619963 
816.3142007230882 
804.9430999808101 
815.5316818493593 
815.9498755677391 
793.405402876602 
811.2572317855858 
792.658874825754 
762.6093205959565 
764.6051687099392 
719.5826018890098 
37.66739105388805 
43.16794593490032 
9.302234189674435 
46.34174236242168 
50.30004315839435 
689.7976182107609 
729.8693349824042 
803.6562902586721 
695.5676643402103 
261.3018251544635 
59.69824034263672 
60.66379042727836 
61.18643544891049 
115.2609870870918 
275.7772402243119 
48.97645632616072 
859.0892624199108 
774.1007138261832 
813.2327276036829 
449.8772180680257 
394.6938918000898 
29.53647052249576 
49.65134047605341 
52.70186951740631 
30.97583406233696 
61.47445528934098 
812.945998019115 
797.6442546736981 
816.8649289399684 
73.96970012970152 
57.10270275825413 
25.16336343338997 
17.65115411597787 
812.2655750460589 
55.21447351458316 
52.97028784846916 
618.7120839850537 
56.59146644892346 
58.96988281344687 
80.59010303019939 
516.5985248693997 
833.9809449193943 
353.7760192313537 
43.41342193397472 
54.43126670830328 
89.59505397969689 
205.4920507490746 
328.0981287800827 
716.2421472639877 
747.5035700342968 
53.49948305507529 
52.02795594457174 
14.09465374300001 
41.43142658838528 
58.11322017258523 
85.98687386395268 
36.33436428819886 
795.0621783607913 
517.4130514494399 
575.1957617004036 
48.8076777785425 
601.7169287899297 
809.0392852821655 
811.9382363639418 
789.8740014794911 
802.0115447305792 
50.14285813830693 
58.49931886779768 
118.5108967457848 
164.9641377348567 
57.33583052673721 
466.2822240548731 
277.7224759861415 
46.60631191345264 
45.90462921715555 
54.89635569558436 
54.29267708852628 
745.0061843811875 
784.0283477545008 
805.2196988052382 
811.0838915550228 
825.542354528882 
764.7859163956838 
53.82731607929825 
436.4165799928923 
492.218510249048 
76.74853517429291 
806.1581584767818 
816.9303028899053 
810.9512991260445 
793.8365296661391 
51.7307472367898 
56.12517982713943 
49.66598378166056 
45.72341830452988 
57.72828662865336 
56.72687272648203 
52.41390031571347 
45.85463805410018 
26.19375488229316 
816.2794380767199 
796.4841253121275 
801.6173742508745 
781.6802638274031 
646.7643833469202 
665.7844140855732 
54.7150109550084 
55.0495765883 
222.6595157271776 
483.7037060962778 
49.23181809088852 
232.6555188833647 
57.9254973767127 
112.955325796127 
165.5544490506909 
704.710549525342 
744.1303712424531 
56.99493787123242 
773.2317689823026 
519.6606144400026 
568.8776736951341 
59.37782846585885 
51.54054591532261 
40.22137838823032 
557.2684832297625 
785.4144623740252 
749.9959255017149 
58.90176867984989 
673.1909192000522 
792.2528026545702 
805.5261490641118 
812.3114510045331 
169.5768641798946 
74.23600346799876 
294.4628067906982 
412.2439038048441 
71.11786714708451 
730.221594108438 
754.7311708974985 
58.02077698477755 
55.34494693949188 
45.4566868624662 
806.8955070621681 
779.3676844208595 
58.03368276161225 
690.2701774202345 
252.9362011021842 
747.9850577997822 
640.0736756970156 
751.7967927248411 
376.8017166649396 
59.04458897421139 
44.60654875301643 
47.46367880215823 
57.32712874768415 
598.2203583995259 
51.06659080242896 
705.0775892329011 
516.9292056186083 
52.42482243396906 
316.3268801234767 
468.5200478787438 
96.20056498904377 
689.6511581774981 
782.9066488094111 
210.239890158189 
115.5906914255046 
35.21070046882679 
685.8600442522064 
326.3374761371766 
358.1753903989837 
50.49618692435923 
108.8398905093908 
613.7222275362287 
589.1660553444808 
167.2142337835652 
50.60640793704219 
11.28094424783887 
743.110549429029 
29.94557207756153 
750.8046007146617 
761.2996657649835 
812.7166389999312 
817.2920150387274 
801.9228608255041 
774.2559202472639 
764.228388686346 
57.75993501340682 
801.0262091912482 
786.0348007907336 
345.0637942805776 
58.47157829949741 
54.24500916793384 
54.07701305417377 
617.0513458820404 
662.4031231608859 
55.93845550047912 
</DataArray>
<DataArray type="Float64" Name="Eta_u" NumberOfComponents="1" format="ascii">
2.485749528662694 
3.898296475646783 
4.429020093918126 
3.997884623585345 
3.149494435367351 
2.892656117335834 
4.939278987230797 
4.507353051818585 
3.539292618749404 
2.628044444301114 
2.747937224182157 
4.325627333507947 
3.448012885709375 
2.512855761827522 
1.799945550587377 
1.812868669852608 
2.569432241022302 
2.051707621462374 
1.463288822992818 
1.130512673214944 
2.74499499957633 
4.318014761653839 
3.43692358027762 
2.500504798185029 
1.789937421739849 
2.890065824307688 
4.934334748944891 
4.502641400006344 
3.534195935941551 
2.622079804796469 
2.335642511301814 
3.717085642846064 
4.452047537186932 
3.958179471742194 
3.161392613277919 
2.457040861069119 
1.927631212187352 
1.331897936319979 
0.9428427732732103 
1.337114147233332 
1.932412173718351 
2.425354641831074 
1.832760884239533 
1.383355339551281 
0.9951030556976482 
0.7817504663206879 
0.9970400545803292 
1.386787911520801 
1.777559597197717 
1.368755597033668 
1.026016498677992 
0.813051466963251 
0.7185956309072893 
0.8145717724490776 
1.029812485249406 
1.279807573138549 
1.047943918766469 
0.8005769560914063 
0.7072338919445952 
0.6756211653615856 
0.7094030829768637 
0.8045998901353809 
0.9302074451921226 
0.831550075151645 
0.6654571413945382 
0.6435808947917564 
0.6412078019092058 
0.6459850145313238 
0.66967600766852 
0.706475203251637 
0.6740343953808798 
0.5875235483202451 
0.601839542231082 
0.6109955295895821 
0.6034469466030761 
0.5905457148327764 
0.5859458520869891 
0.5616485295040433 
0.5439456815344387 
0.571470748132167 
0.5837705263380703 
0.571775564718749 
0.5431258248794343 
0.538680559662836 
0.4984247794772327 
0.5146708859145854 
0.5468869222393369 
0.5594061371140577 
0.5465513863710476 
0.5130532644488116 
0.512729443331213 
0.4683529130777275 
0.4917455089945156 
0.5255545788435975 
0.5375709649544698 
0.5253515235598304 
0.4921931922579037 
0.4879459872742867 
0.4570341945775044 
0.4744158457806986 
0.5066920362061097 
0.5176959966607152 
0.5065519038604783 
0.4755736494402736 
0.4810686768418061 
0.4522884518265904 
0.4616685981305441 
0.4903006032956994 
0.4994508967261925 
0.4893718996252247 
0.4616605585058832 
0.4844410355591683 
0.43133438028952 
0.4534588480530544 
0.4757717622118634 
0.482637279365977 
0.4737432711955113 
0.4501792730473641 
0.4519105721940942 
0.4071651215593133 
0.4467118551097052 
0.461955194776593 
0.4671453853414319 
0.4595789285399583 
0.4396649333567597 
0.4313120088855413 
0.4138408933041567 
0.4368856459432693 
0.4486251431475611 
0.4531021357802813 
0.4469133167245169 
0.4297688564222974 
0.4323562504570758 
0.4594004269443784 
0.4247479669422728 
0.436519190727566 
0.4408457647537936 
0.4367232520720989 
0.4226197859453504 
0.4068521222518257 
0.5163015288304652 
0.4192332569027953 
0.4286579743474329 
0.4324694304213011 
0.4317641544094878 
0.423010224477108 
0.4164963021687457 
0.5472637745523257 
0.4315050017940016 
0.4335855288789746 
0.4350974135305727 
0.4403311207156825 
0.4412029386801939 
0.4596771736756667 
0.5583818657595371 
0.4745808053217581 
0.4647809069159473 
0.4615047996774107 
0.4738762948595178 
0.504696128408411 
0.5771841961208261 
0.7781261079100572 
0.5606881818588104 
0.5295660568756727 
0.5228905485712123 
0.5340249815337981 
0.5855124221557622 
0.8640252408409363 
0.9983958416743617 
0.5789761058908123 
0.5515546566191577 
0.5433553862013765 
0.5491111196174863 
0.5724408776436898 
1.157779002527914 
0.7862153891431026 
0.638997435655122 
0.6594534844100862 
0.681147827106777 
0.5016836484868079 
0.5622108426019697 
0.6153648541594741 
0.7797712067557035 
0.6467229497663973 
0.6246064413122732 
0.8729685804094497 
0.8975461515906015 
0.5986290489672549 
0.8560325843688418 
0.9834586771592209 
0.5607553969569323 
0.818806058928756 
0.9798964961021247 
0.5139451270928673 
0.771941813812287 
0.9312321460933733 
0.4622592736592351 
0.7176956838813194 
0.8669178337508746 
0.4142979889225252 
0.6617708224181065 
0.8016555193926405 
0.3707009064178607 
0.601426899908585 
0.7287870893562861 
0.3297523109313967 
0.5433348907664581 
0.658992991706826 
0.2910679198858928 
0.4866641390994474 
0.5892629900153682 
0.2554527706177815 
0.4330066950558095 
0.5313511405911882 
0.2228849305742513 
0.3836764145267746 
0.4627264979414646 
0.1934330272042824 
0.3369758006302345 
0.4112763329197678 
0.1641402260956043 
0.2915702399427809 
0.3613847157132049 
0.1360998095201171 
0.2466316810280476 
0.318081511199786 
0.1103857586745881 
0.2049854512671647 
0.2713176023455714 
0.08797558863116017 
0.1681521127457523 
0.2270664354733629 
0.06847123961775234 
0.134394480224583 
0.1709956827819036 
0.05128353679397617 
0.1032574981547897 
0.1309595988846583 
0.03615902157293495 
0.07399362472420928 
0.09675158729605488 
0.02429678003230463 
0.04862673042646339 
0.07121616901906763 
0.0139325616061895 
0.0284405864680333 
0.04709139166207869 
0.006075568744566801 
0.01130441609169626 
0.03521524443198832 
0.6752225872717995 
0.6389378511708684 
0.7878796055615481 
0.5311423798929796 
0.5012937665195193 
0.6829493486430531 
0.7184742829272387 
0.7864869542142923 
0.6134543710918569 
0.9151543150078425 
0.8691856560149214 
0.6268231947302122 
0.9806170729464816 
0.8533817401357352 
0.5980155651051654 
0.9731050586541571 
0.8159632205998878 
0.5594303901663026 
0.9164323927960271 
0.7677680227283634 
0.5110990821810141 
0.8462225252605026 
0.7102796574493392 
0.4579325907808761 
0.7703678080391801 
0.651719508002653 
0.4089805505868623 
0.7005851161674874 
0.5927183834647126 
0.3656940245200614 
0.644715616807665 
0.5375563296507688 
0.3260240954272084 
0.5829243848568207 
0.4839321700631034 
0.2888102081059994 
0.5127942036418862 
0.4330773814150981 
0.254465598305159 
0.4581603259512764 
0.3848822706710578 
0.2231412675476167 
0.4101418689091617 
0.3387539330102917 
0.1946451232279602 
0.3836518020810221 
0.2951094092726754 
0.1664375575385098 
0.3496923268518629 
0.2538762110886359 
0.1388985259567133 
0.2874765500203882 
0.2108576266670426 
0.1136091164487017 
0.2208220315967102 
0.1684699578121416 
0.08906609572194076 
0.1677648065745654 
0.1303515772831789 
0.06737842148994683 
0.1324245851666598 
0.1016221836233782 
0.05043289985075793 
0.0997817600262606 
0.07432928656380032 
0.03604731885339063 
0.07096155036473864 
0.04872039991839967 
0.02416498745310634 
0.04916544716768501 
0.02868822842288427 
0.01400414629567015 
0.03196682892660452 
0.0124118265222804 
0.006435585989886291 
0 
0.2127247460565982 
0.4810241003097606 
0.4026450549812088 
0.3546226105717469 
0.3201084813615728 
0.2872942966730229 
0.2468544156142191 
0.2144262779380454 
0.1871539249536602 
0.1629660051701122 
0.1417870741069854 
0.1232735813202448 
0.107031264180963 
0.09349268383952748 
0.07408019631366494 
0.05922993492351291 
0.0459914829279705 
0.03443195198971576 
0.02442320473524162 
0.01589901566895283 
0.009709676599236158 
0.005979154200267434 
0.003404690706887288 
0.001230237261747364 
1.466093999139782 
2.235551189725493 
2.881075084868324 
0.7566990091634226 
1.491151791032306 
1.089845277117252 
0.7283399997473687 
0.7167268341229913 
0.9799114243520012 
0.3642998602263497 
0.3517260062845669 
0.4546314398223138 
1.395949970662077 
0.5447012427533401 
1.787518323033476 
0.7690597840924568 
1.051529602837434 
1.251968399247957 
3.951735955081762 
2.833792617756195 
4.114841515606336 
3.332713527318402 
0.7358148033585242 
0.609179118719724 
1.09506350331971 
2.135245951509491 
1.726480690378003 
0.6333427747164845 
0.7426953327552739 
3.254229662148336 
1.117855869773124 
2.902491511472429 
0.2846744493266297 
0.1706571012935935 
0.2620286735216172 
0.4379106861462598 
0.6573222709661766 
1.828217101653709 
1.758684655146711 
2.306486776113851 
2.017096797216814 
1.060035007998691 
0.8008333615416027 
0.9812742127897992 
1.04641217438564 
0.9943619395380553 
0.8792547136682507 
0.8143339698408668 
0.6980548805038661 
0.6439793896185467 
0.5907208354349486 
0.483825729189914 
0.4557780084936042 
0.3802201900054951 
0.3160822400260618 
0.2811400211370846 
0.2001163658842721 
0.1981082000136272 
0.2741528730027903 
2.825264905156426 
4.098811717554941 
3.431700043141548 
2.618179174649314 
2.511418489938335 
1.24507725704213 
0.7821790998078729 
3.321648032296626 
3.28040581862424 
1.057312654683452 
0.6722494287498307 
0.5616781726942721 
0.730431107122917 
0.2527596417636533 
0.5438308801322799 
0.5146933224584725 
0.7093844293446785 
0.7054538953634679 
1.313854957201222 
0.8230283829173791 
0.8404167981054778 
0.8137711509191694 
0.7576344314266807 
0.1899278602179425 
0.1797052373292863 
0.2444489695327081 
0.2231830011046117 
0.1478818127073978 
0.5924869451368333 
0.4911349985147272 
3.219880802165527 
1.877920690261953 
1.768005322950602 
3.60825170219286 
2.754628041448773 
2.204073833669779 
0.6552120104349446 
1.351742003621948 
0.53215868574904 
0.5660506508133429 
1.631788546272934 
0.5304247930838201 
0.8505182650573623 
2.866530576885531 
2.44307459565072 
1.387281507631777 
2.1819059547709 
1.320398017007559 
0.4697572981351948 
0.1339929341136628 
0.2543384995072747 
0.2703651800545977 
0.6624007611657036 
0.5309973384139076 
0.8415866959705542 
0.6266822246682813 
0.4711055623540721 
0.4416811906369991 
0.6152887753346156 
0.8282479185361454 
0.6486289483823555 
0.6238628287539878 
0.8107601227993761 
0.702264953911925 
0.2961404673288864 
0.4598766769420604 
0.3215790092541097 
0.3269002953120081 
1.022703297224692 
0.7364162561310621 
0.635327254760412 
0.7588462023696123 
1.457017217785611 
2.649195358901622 
0.5324051066658995 
0.5899751374970149 
0.5672363961298346 
1.475048500245858 
0.4940043864006304 
1.52649569706178 
1.441957231412946 
1.048231590556434 
0.9381738709384352 
0.4717263028163522 
0.6392887108188691 
1.52533432787997 
1.993026000897662 
0.1358938347113977 
0.8226355945899496 
0.4755223766690675 
2.531630814254665 
0.4651775072569952 
1.661865244466655 
1.797793911973975 
0.6531216743804283 
0.7073388576245214 
0.602309491369272 
0.9831920197669054 
0.4528979423184847 
1.171315266543862 
0.7423705196147009 
0.5369825818055819 
0.3737202156880509 
0.4650269445895491 
0.2633834324412581 
1.567369694005217 
0.9725007431923351 
1.760487888217789 
1.649398784731866 
1.805109799554416 
0.5863015595069558 
0.6505344783634186 
0.8449782351132493 
0.8333408323663198 
1.301392804641094 
1.442504560558021 
0.8389436432855217 
2.028152686482573 
2.598679433875073 
0.6342053882614532 
0.5583025879893636 
0.4368546376352578 
0.4695107074772072 
0.5675168025432485 
0.7122118264209522 
0.4968260870715627 
2.222577290698242 
1.134732684155317 
0.7813675567077154 
1.187818590115544 
0.9235148086586673 
0.5227898487020332 
0.5580239587264507 
2.715666481922987 
2.018864076932428 
1.185446020840014 
1.832931957053848 
3.071968007861381 
0.8599669881479155 
1.13639454684036 
0.5427674217733706 
0.547482273352309 
0.2413975629101487 
2.375944493881331 
2.977534646290208 
0.3198925670177454 
0.4252989100791248 
3.515207113503956 
1.570338815526077 
2.266380346311907 
0.4626296963695341 
0.646297100339413 
0.3633245040432845 
1.401800449974251 
0.4215229104015807 
1.867852087278596 
1.769871139048072 
1.981203809378454 
0.7736365527979252 
0.4687294336207511 
0.3628214180156334 
0.3392141168392647 
1.392138691513783 
1.782855853032935 
1.588007955599816 
2.495390641837927 
1.448831817142589 
0.6148346921830631 
2.114273901361306 
2.120089033574638 
0.8720466130761855 
1.17352459111509 
1.167405062803807 
4.2027816148515 
1.131825468594032 
1.286610860904839 
1.730857918230887 
1.045755805383306 
0.6226428425516412 
2.892503884679061 
1.678718274046319 
0.4985372311357485 
1.463448884160528 
0.8304037704735729 
0.9840645201881324 
1.683459538590985 
1.531382640675709 
0.6255502750454723 
0.7266024587956792 
0.7195510893132474 
1.305654347598279 
1.308589725429567 
1.753537602625223 
1.738176549853166 
2.549578681639532 
2.543938699527862 
3.136440747895846 
2.95297978451177 
3.191347663692853 
0.9510232985059774 
0.5466885513926578 
1.880461659322523 
0.9665841706247555 
0.7680482622010721 
1.072671728729665 
1.694709035055639 
1.027129273515276 
0.5664072751529322 
0.644434643379197 
0.4687097151630806 
1.94056530496896 
2.26497396602931 
4.788935792895726 
2.376831022143636 
0.8984440941071524 
0.874348709255276 
0.4654041158021371 
2.044386928026163 
0.6640937023126229 
2.056342172361964 
2.427751700505355 
2.123351874054064 
1.464260672349209 
7.053700293953974 
4.366048417198748 
1.20724111880478 
1.024097872141177 
1.764908032815338 
1.388789779074745 
3.826751902255812 
0.415987970659058 
0.4776561284238187 
0.9527019789553073 
1.118850491906401 
0.6970688811130218 
0.6945645558696155 
0.7376034737545121 
0.5704560299347462 
0.6421480651344325 
1.908305085264595 
2.128928108288876 
0.4374045563475601 
2.654495047340456 
5.283559727296367 
0.7469059073938632 
1.310566916678556 
3.131639902885536 
1.928324377855263 
5.483478206053482 
1.128950852644674 
1.136998886419889 
2.212694812433308 
0.5362621555227766 
2.718035010808442 
0.877937626118912 
1.451358353010866 
1.071015623980121 
0.762430081271309 
2.69084397661904 
3.770193124299958 
0.4887533592791381 
2.421015875005855 
2.497835842466938 
3.301007329910238 
0.5938424278568286 
3.146098170088612 
1.023714056370629 
1.721799228617048 
2.277575153271893 
1.561479451956037 
1.409511504187166 
0.8084743505731582 
0.4575029204353808 
3.859124581864295 
4.143599141997357 
2.958866714791029 
6.782197692636196 
2.329036539002984 
0.8752466284143758 
2.575079110002134 
3.080408824453117 
1.229385457673957 
2.916643415673712 
1.400758659896633 
4.836721971284186 
4.222211223612468 
4.667141810857233 
3.874296430558474 
1.298863301660048 
3.095627283418346 
2.800792417434686 
6.052963417997311 
2.642596319624758 
3.602402734181442 
6.177873505323417 
3.043467204786084 
2.131924142170821 
4.938398453743485 
6.390320021083663 
2.389833468365953 
1.923536530855579 
5.684445027145577 
2.715170163211967 
4.219738426513569 
4.786532601601271 
0.7209919451413509 
0.9194585293030999 
2.059025142146055 
0.542440248460232 
0.3138798664791092 
0.7522507392686093 
2.057993966574685 
1.798480732870795 
1.401407874844695 
1.048917337080518 
3.228160886212117 
1.301697994610808 
2.401305048917573 
3.126642670326662 
3.744964097268092 
1.670335149897034 
0.8023045506306642 
0.4156288772865489 
2.64549440807886 
2.424835444721897 
2.091232957520348 
0.6816951114906737 
4.249430011337232 
0.6257411937616599 
3.442754971044113 
0.2084340906226479 
0.3597650944999561 
0.1587141645017499 
0.1874822858526682 
0.1847397395982628 
0.174396042890072 
0.2006971865864667 
0.4621734509186399 
0.5131461241416959 
0.4191082957761026 
0.4754257486115422 
0.2028145193448317 
0.6106956110423505 
0.6780801201649056 
0.7366637210688325 
0.8098745673898836 
0.9807107682171434 
1.084801065850146 
1.047603045826959 
3.62172727857274 
1.047004231215132 
1.768961448095515 
1.594216058362981 
0.3686944472765805 
0.597165600049136 
0.219246322353468 
4.086813907681433 
2.045002992075501 
2.781035025017295 
0.7415365838596103 
1.327317181934454 
3.492539095431784 
3.131000944707491 
0.8435373828027036 
0.5857828777768908 
0.4576974273771561 
0.3377599062997351 
1.501950422463613 
2.694223492772323 
0.4057542981860767 
0.5797771462028468 
0.4602109023700667 
0.3756520097525959 
4.032041896507503 
4.90809148303845 
2.852035202081408 
1.709744162657079 
1.007235853421518 
0.8460979331331726 
0.678195458580265 
0.6552824902743314 
0.5631345600017639 
0.4371070293508579 
0.427658076309379 
0.472532273011739 
0.7193804536823909 
1.46480482716389 
1.090640534805584 
2.498752884767989 
4.168115522955493 
3.031903715839708 
0.8404222632444388 
1.946595420212257 
2.885058919510421 
3.712166399661881 
2.445314725125238 
2.232175849755975 
0.5391779988404432 
0.4890954323790462 
0.5442462624885228 
0.6611742644618479 
0.879838760076754 
1.05683416292521 
0.9050855616710968 
3.8589150400298 
1.193598231482747 
0.6704716498189596 
0.8688341838397006 
0.8154668747557154 
0.1643857644884573 
0.4682125559486136 
0.4031813655809294 
0.4854301179727506 
0.4271769773540338 
0.204887156417711 
0.1271461991136508 
0.7467860388293941 
0.6143501862357807 
0.5199594064277911 
0.7157120884781746 
0.4652710844473089 
1.622878292367413 
1.227209867856808 
1.557946172350526 
0.9597377130608847 
2.952484210841753 
2.231798003170688 
0.6030079162057059 
0.986912797572197 
0.3247100923327922 
0.4079458909640422 
0.4312632520243755 
0.8790162883641508 
1.144942812922795 
2.274303625368913 
0.7496792580573214 
1.721440204139162 
1.666041890069455 
2.665500376961094 
1.977268060152617 
0.2830566839296234 
0.2222929393625425 
0.5155154498857634 
0.4832093235383472 
0.3625427294680467 
0.9190529699758326 
0.6625863027465301 
1.157502785245357 
0.8195179165890554 
0.8439770738094445 
0.5126490546613477 
2.464454432354739 
0.4136164174057396 
0.4912168699677305 
0.4691641304289362 
0.1675766196429546 
0.6754002739304357 
2.215211031734543 
0.42829412209697 
0.7564265864700154 
0.6566055165864759 
0.7277560643062885 
1.620713390875881 
0.5868967855424286 
1.323555635023177 
2.208145127604547 
0.6417584982693402 
0.4669921807943984 
2.420948304813077 
2.517054647366321 
0.7290722969662262 
0.5086026549214874 
0.7180420525621584 
0.4387482019348665 
2.790011335164596 
0.1671927965202276 
0.4626117354510353 
3.328046175978486 
1.587791803070379 
1.160619920178792 
0.7742456688097326 
3.275930722401593 
2.446816822848827 
0.5564304176893361 
0.3641544213527887 
0.3343431912340229 
0.7511403887557537 
1.237333637891458 
0.8753324216261219 
1.463431427480568 
0.7927204740680348 
0.6297047430970565 
0.8923343544916957 
0.4457845233398863 
0.4086661156836359 
0.1617082222198025 
1.917795525243203 
1.224692856368862 
1.505937302446309 
2.220818129252935 
1.27936488515681 
0.764294225161915 
1.040783329250283 
0.7625051744188772 
0.8295049786451324 
0.5294152223474951 
0.6377353568692683 
0.5052767698773277 
1.123494093055436 
0.3714135224504517 
2.430284064919144 
0.4243315205509983 
0.3481986352885387 
0.149328868845385 
1.056578014511143 
0.2224892213630179 
3.464309335213341 
2.499109115921897 
0.4471645942275889 
2.109127471243213 
2.256242636781134 
1.161362006156348 
0.2631676355825562 
0.3849917355526676 
1.316253989651658 
1.49191495729203 
0.6742725360854901 
3.111912490123833 
2.456855942625269 
0.6655555246891702 
2.190041695519843 
2.539954341760249 
0.6332021096472197 
0.3332503486730409 
0.3442834396941674 
0.8356867267228402 
1.331433534870229 
0.5660690357722222 
0.6207611021143002 
0.7346232352977153 
1.669293652682567 
0.270830239589671 
0.6938480579494382 
0.6295205678995091 
1.347722917936725 
0.3051785758182547 
0.272575545889933 
1.659799517423312 
0.4053535063294998 
0.2261251563894249 
0.9670246312256272 
1.729209204518507 
2.652405401394568 
3.665381773840797 
1.024375258832481 
0.532451685407792 
1.030779234796056 
2.320889621151802 
2.923733067244666 
1.882034551307185 
3.902494903994734 
2.127576892605236 
0.5760406005055623 
0.322799412645479 
0.416200612388324 
0.2816883142497457 
1.281839682057935 
0.7140770062479967 
1.393288725162525 
2.768502656354316 
1.274432257890994 
0.5236341493916162 
5.804975463143826 
1.245751716048618 
0.9234444728125469 
2.153489598354776 
2.843257707184556 
0.2282488397807156 
0.3184960418027023 
1.603527410504001 
1.793601216094677 
1.043341776032819 
6.344995776593091 
2.783849940153347 
0.8232239542712257 
0.4643390002350164 
0.9870985476537043 
0.5278707112345703 
2.868154780660114 
0.7197858630234443 
1.176899383046334 
3.823983656180825 
2.640625847661808 
2.07259952060445 
0.1660862093588316 
4.721970191992357 
4.053871247279192 
1.538619040349096 
1.198080856588628 
1.679117790774311 
0.4822294112015685 
0.4765247867057723 
0.4513539993699374 
0.6665181184375633 
0.7000133168722991 
1.615307322238208 
0.5158646420429901 
0.6246275445050463 
0.712945408013855 
1.251269031942109 
1.736983095879213 
3.848464394109769 
1.826389707115411 
1.095312853296256 
1.131595506336051 
5.109906395621108 
3.31619025465692 
0.172331397218149 
0.3841797608783418 
2.696751521043659 
6.753135434428978 
1.190740915904242 
4.000556036826758 
0.4264985622789958 
2.523339388141584 
2.591688127241562 
5.007081967272068 
3.067273005704841 
0.4254533854240822 
2.783680928770489 
5.692093923518366 
4.817724298951171 
0.3549037358856253 
0.5234363558299134 
0.9411349130818704 
6.17980680901819 
1.748148438630349 
5.225262663049866 
0.2723802517325397 
5.328018111239679 
1.357229792497051 
0.4926522441707292 
0.4934940987357794 
3.765594279512304 
2.449180006891178 
3.74330526334792 
7.696469503164197 
2.52919746979524 
4.502938382453218 
4.065834105847543 
0.3685647156430207 
0.582313595536346 
1.240996578792955 
1.134463863853755 
5.146220372488943 
0.4116140550777815 
4.135180817881091 
5.748626477909449 
3.873948905387793 
5.873259135529956 
2.925438000963098 
5.141185328406088 
0.3326565002610303 
1.218343166621239 
2.1548345169754 
0.2336813591357232 
7.818999066933215 
1.797186038416243 
4.125487360267129 
6.433517956001187 
0.5301635055072597 
5.702553699089089 
6.728719547908449 
2.910170216291114 
6.253495641928701 
2.099063592143477 
6.646061450558157 
3.52212639896163 
2.027328547241896 
6.034912917525719 
7.727062634059507 
8.047548287731491 
1.861863774882517 
3.294624251019674 
6.839361755849876 
7.146230995516304 
5.71357045339996 
1.651844063159388 
0.1599724925938749 
0.3380094037437362 
0.4146950855619039 
0.5500679834954985 
0.3632152763059402 
0.8117278068681357 
0.8137775402272164 
0.4256963585593993 
0.4065893149863893 
2.085278338353851 
0.2165743546454605 
1.673270543084751 
1.659601542016951 
1.507118742964816 
0.3238319313392019 
0.3599102189781848 
0.4392688438019458 
3.568828487586292 
2.380481853186005 
0.531327941060987 
</DataArray>
<DataArray type="Float64" Name="Eta_phi" NumberOfComponents="1" format="ascii">
0.00712255447580393 
0.004319566041791918 
0.002200090363360694 
0.002571165421434314 
0.002458773650552211 
0.008680755447855126 
0.006429972998330461 
0.006327440217336896 
0.005817921699237261 
0.004961685443285623 
0.034675843636674 
0.0219810942151341 
0.01571729300173398 
0.01095920826946435 
0.007673846032062794 
0.06850132631044999 
0.03990217702627846 
0.02283825601849224 
0.01396527324174466 
0.008982906806596989 
0.03465954725096514 
0.02202296415631756 
0.01575731585273007 
0.01098881932743874 
0.007691676309978215 
0.008675064299101235 
0.006451038324220879 
0.006364656998479923 
0.005854398585459818 
0.004986936673658324 
0.007201016528365616 
0.004510645588301808 
0.002941533207628311 
0.002624555813469028 
0.002429967372469456 
0.002389226617714694 
0.004052162386163818 
0.005527385627222975 
0.006119026332257102 
0.005519179259963402 
0.00404083163795755 
0.002455295995718703 
0.002152948769482002 
0.003062343260858958 
0.003959777864118974 
0.004309118924437341 
0.003957212729724727 
0.003060130755172719 
0.002235061610050222 
0.001823612935834057 
0.002381100111708103 
0.002913978089431836 
0.003114789364928428 
0.002913756934351016 
0.002382199452958464 
0.001778155253567954 
0.001412300204429574 
0.001862510718219631 
0.002187482627811554 
0.002306899581373209 
0.002187624890150591 
0.001863881022222578 
0.001615935403403919 
0.001259537486671125 
0.001470121034366374 
0.001672915811417385 
0.001746053355915025 
0.001672810226835765 
0.001470118799005646 
0.00127574922650623 
0.0009764056838164957 
0.001172239273789159 
0.00130191981290678 
0.001347925718630511 
0.001301366337506268 
0.001170872178051653 
0.001062255835325574 
0.0008620250105015198 
0.000945240140004143 
0.001029798653375105 
0.00105947799086189 
0.001028663830732276 
0.0009419827219426854 
0.0009159601469743546 
0.0006677134175144019 
0.0007671142656644075 
0.0008258793159305892 
0.0008461815687951065 
0.0008249014489064947 
0.0007649631427420526 
0.0007548636050886868 
0.000551002484318571 
0.0006258500475443432 
0.0006708705459299706 
0.0006860643882672539 
0.0006706815568661912 
0.000626800634889417 
0.0005984061095096687 
0.000463378557960251 
0.000519983555013535 
0.0005543264668960162 
0.0005660234436126753 
0.0005543466924651976 
0.0005204029727038581 
0.0004938925991977218 
0.0004136593750627666 
0.0004431411001402076 
0.0004690639512156658 
0.000478025171444497 
0.000468971305746412 
0.0004426430473644323 
0.000430245905458574 
0.000365799056804022 
0.0003894802355072954 
0.0004096721024731991 
0.0004168437815292554 
0.0004096882788559723 
0.0003888228470726852 
0.000361283935141074 
0.0003309238542592347 
0.000356416263076921 
0.0003733429572902188 
0.0003794640704424607 
0.000373479332304715 
0.0003557171155407733 
0.0003281257452043909 
0.0003178447891415057 
0.0003432948429950875 
0.0003590819011187417 
0.0003644796799492834 
0.0003592379234195141 
0.0003437110768279115 
0.0003234021874013617 
0.0003254001004353401 
0.0003524069000367798 
0.0003671122730486448 
0.0003718081975939247 
0.0003669523630997816 
0.000353312453888638 
0.0003316836692850432 
0.0003653541031483838 
0.0003863833704797622 
0.0003996450137334262 
0.0004036361434528498 
0.0003983943324270761 
0.0003852640154553869 
0.0003658519300047019 
0.0004292225121948485 
0.0004488103506330177 
0.0004617455173195173 
0.0004655147215200861 
0.0004590911680299005 
0.0004436535434257123 
0.0004228764903472898 
0.0005236853925833863 
0.0005467083809691692 
0.0005612080212803905 
0.0005656452608882919 
0.0005588749958617119 
0.0005395131763189107 
0.0005113658443357273 
0.0006664336144391003 
0.0006906240590564696 
0.0007068187422026339 
0.0007119700266315587 
0.0007068907630986408 
0.0006897634791161688 
0.0006566738572670139 
0.0008002523006625609 
0.0008208096375397294 
0.0008349677174638115 
0.0008401013579015836 
0.000836209112017051 
0.0008237510012391217 
0.0008050434936409122 
0.01677915535609177 
0.01234703862374403 
0.008835018926185113 
0.01018089476067078 
0.01057381130133436 
0.009121702406894978 
0.009979632627552045 
0.01014057917174355 
0.008853595587932975 
0.009920764080313156 
0.01002083371432813 
0.008739371686801565 
0.009903124197737128 
0.009973115343771833 
0.008679898901606607 
0.00989851202849479 
0.009957401697457856 
0.008640741354905742 
0.009899340616377811 
0.009954352664569999 
0.008633074821876417 
0.009901531778580247 
0.009955013201136642 
0.008660540189112923 
0.009903549432397504 
0.009955759936400696 
0.008707212559587948 
0.009905439917605684 
0.009956580987116471 
0.008756088377760454 
0.009907836789268935 
0.009959737548782283 
0.008784367261713917 
0.009911473692027562 
0.009966288428215125 
0.008794565892842401 
0.009915803524941392 
0.009978126297975036 
0.008788289051898381 
0.009918360283620717 
0.009985538125168055 
0.008797366175313535 
0.009918094133370246 
0.009979912793468736 
0.008826278681305944 
0.009918299297941482 
0.009975917482441614 
0.008820483248759307 
0.009920631158869561 
0.009986948778534541 
0.008762631881820488 
0.009921802022507522 
0.009991097088461935 
0.008695851693327195 
0.009920999176894728 
0.009982158283654376 
0.008650457230827125 
0.009923311939574454 
0.009985758306558014 
0.008611922479436023 
0.009932707746228116 
0.01001263573728149 
0.00860180389785725 
0.009946323592777036 
0.0100556941103577 
0.008716122084615811 
0.009942029803126933 
0.01007965053354436 
0.009076942811483649 
0.009910176062420175 
0.009954764463567392 
0.009862764482650634 
0.009875579031153253 
0.009836310780027505 
0.01056899013348885 
0.008815893444999261 
0.01235361185435823 
0.01679323074710538 
0.009139659912959508 
0.01057391283415554 
0.0101813055626034 
0.008892233658792334 
0.01013992556260665 
0.009979388906889278 
0.008781019665168291 
0.01002030344297105 
0.009920464725398438 
0.008715044446137082 
0.00997226453645943 
0.009902651133125629 
0.008661605361503578 
0.009954752194237365 
0.009897818442785847 
0.008610903134307582 
0.009952585634706969 
0.009899165971031536 
0.008563107544492195 
0.009958202356133828 
0.009902687283239226 
0.008534308891920877 
0.00996232809900505 
0.009905944130742857 
0.008527559942625867 
0.009964449737762953 
0.009908354691562231 
0.00853973392173279 
0.009967463839651483 
0.009910731969720305 
0.008562044608599977 
0.009972867191518223 
0.009913539840712634 
0.008594718196212051 
0.009979296448513602 
0.00991664154401772 
0.008645291679863861 
0.009985869533089333 
0.009919420179633589 
0.008734031315671074 
0.00998916298348726 
0.009920692340872854 
0.008863708819887794 
0.009983555905807028 
0.009917955765212195 
0.009003448474358496 
0.009959264265485707 
0.009911065792013304 
0.009013696517863023 
0.009940695105714945 
0.009911372116592083 
0.008712785127360219 
0.009996665296391967 
0.009922589786428734 
0.008425583049123416 
0.01002651603802253 
0.009931284388345517 
0.008483362568280077 
0.01000362316643253 
0.009933418946783739 
0.008619669874776321 
0.01003531120428094 
0.009939726107547661 
0.00892533873595572 
0.01006205386550113 
0.00993744299299079 
0.009594960909126262 
0.009960810808124221 
0.009913652816641902 
0.01013577473804366 
0.009875853457686934 
0.009887518461258488 
0.01079999954640001 
0.01079999949240001 
0.01079999954640001 
0.01079999949240001 
0.01080000127439997 
0.01079999760240005 
0.01080000192239997 
0.01079999706240006 
0.01080000570239987 
0.01079999760240006 
0.01079999760240005 
0.01079999760240005 
0.01079999706240007 
0.01080000570239986 
0.01080000570239987 
0.01079998950240023 
0.0108000057023999 
0.01080000516239986 
0.01079998950240023 
0.0108000057023999 
0.01079998950240023 
0.01080000570239987 
0.01080000516239988 
0.01079998950240024 
0.01080000570239987 
0.001629095715122901 
0.001736711047737198 
0.005681319856765985 
0.009371157969567015 
0.001845066559157203 
0.0008070101611207495 
0.0005182698550358929 
0.000456379862172178 
0.0005671455320902618 
0.0002726100313739348 
0.0002750631534912064 
0.0003893440508950404 
0.001303246934341074 
0.000597791761109132 
0.001027571623927299 
0.0009653830782297793 
0.001198759835249678 
0.001520002546554501 
0.003046110252711292 
0.005014339091223758 
0.00204486667308338 
0.003482605088702676 
0.0005496748351388831 
0.0004337956152711515 
0.0008140505082787174 
0.00207627838080304 
0.003462246490472018 
0.008298899776797573 
0.00689426129771382 
0.003190329883690392 
0.00115227895000368 
0.001716986388855541 
0.0214283998396016 
0.008349103097444075 
0.006190051088833645 
0.00716666892802032 
0.007630828304117513 
0.004282292734336005 
0.003250192434372455 
0.002555793977929238 
0.007078732571893966 
0.008013587421740662 
0.00861345534373595 
0.008667002538600406 
0.008509311219735445 
0.008506088264918847 
0.008713334140041521 
0.009098529674280004 
0.009568273894465055 
0.009543419343621573 
0.009358650530627118 
0.009592053423133479 
0.009749068057402711 
0.009075917295113985 
0.008559795655433295 
0.00854221470903398 
0.007960292008648982 
0.01053666983460831 
0.01535134847022733 
0.001398780420877125 
0.004342165834340856 
0.001895465283041389 
0.003707665582186158 
0.004999813897920721 
0.006429418986543628 
0.0084686369425684 
0.00418686694767316 
0.002322456242060384 
0.008656675098776153 
0.007226141221173101 
0.006522426241274094 
0.008216155452212937 
0.004057663550183018 
0.007765445965277696 
0.009284525989746922 
0.007309266574531284 
0.007566448076214898 
0.005796084331359678 
0.007658820370197558 
0.007513707457059583 
0.007570199536418576 
0.00794312960915133 
0.00710695696331467 
0.005751999772963686 
0.0083263144599832 
0.01125616996846847 
0.006270968680199284 
0.000662594146274688 
0.0005767772600161555 
0.0026332385582168 
0.001396073611861013 
0.001670653328038568 
0.003330096917045797 
0.001477021936341013 
0.001393312424661478 
0.0004072913117253257 
0.001162393010754701 
0.000505463411317905 
0.0009181617762689561 
0.001506842301166316 
0.0005666130811180876 
0.0008055162864460573 
0.003764904122121033 
0.004184229320190698 
0.004344130107647429 
0.00340479031698526 
0.002800283332313631 
0.00936568887758346 
0.005072808426263455 
0.007615532048687841 
0.007777014981888825 
0.008402416235343671 
0.006093403587330719 
0.007407211490262459 
0.00650696208886979 
0.006609797456848183 
0.007666906109037685 
0.006836503199672482 
0.00538163386932082 
0.006474161257387361 
0.006445297364631365 
0.006081305218152535 
0.006360565910202033 
0.004882695552878015 
0.01445955976054558 
0.007095996582185036 
0.004552725818637677 
0.004739601573430651 
0.0006999998831266535 
0.0004786264684336733 
0.0004464610790589153 
0.001363677296018749 
0.002213048464220929 
0.0007013284223435158 
0.001084910500140991 
0.0006584090104739145 
0.001072786466026106 
0.0003742698731328975 
0.0009545843216568124 
0.001463595903629611 
0.001106516719145409 
0.001462913357648366 
0.0003902895054625263 
0.000394261725793644 
0.0009991376366109807 
0.001644566185065261 
0.005108717028649652 
0.0005304182408437586 
0.0009377347564145556 
0.003711321052723523 
0.005622720677250671 
0.001086394425478919 
0.001232449871008679 
0.006662284696811711 
0.007991247762053276 
0.006352205915841071 
0.005421739634331719 
0.004443946263478555 
0.005363953602088514 
0.005443257883083116 
0.006694622435408398 
0.007354861298385184 
0.007641817597093829 
0.006230805090743291 
0.0008946411398138829 
0.004419620900341283 
0.0006456777745157109 
0.00100783715247772 
0.001120806475094577 
0.0006786752916475242 
0.001061821755952928 
0.0007419784089128407 
0.0005578396011289841 
0.000798808656748038 
0.001240878902244485 
0.0005460128860961359 
0.001270538820693783 
0.0005677666911168169 
0.001175440557091351 
0.000299134498983575 
0.007935881971760641 
0.01107272960347664 
0.004534545946387179 
0.003009827907807345 
0.004820297566789426 
0.001196392841624876 
0.001018454056468979 
0.007853918656500479 
0.008092687513983472 
0.004916333955974626 
0.004976149718633116 
0.005257562201709578 
0.002176055558200829 
0.00156120248412246 
0.0009387238779412527 
0.001218598174512491 
0.00385256730575626 
0.004814553498451305 
0.0008692434435069669 
0.0007418092151349659 
0.008315234364263471 
0.006670482439430396 
0.0005799380205562338 
0.00141658606738 
0.00749827105267849 
0.008481123234036742 
0.002434733705257427 
0.0009332146527926558 
0.001058347694699382 
0.01829362479552232 
0.0006799546643712323 
0.00651243026789879 
0.005745488131650196 
0.008011691791732301 
0.00233358412780524 
0.001643140168604681 
0.0009856720867560563 
0.001040603192151989 
0.00475130150790887 
0.003213376608902768 
0.007318886550059718 
0.004353239647389369 
0.003692583258683537 
0.004348621042816833 
0.001914435865042694 
0.005866914080719417 
0.00452911535007194 
0.002382953733477025 
0.001300701354112885 
0.001021169319696106 
0.004660928871445735 
0.002935767390368881 
0.002076332825660262 
0.001035331060886109 
0.0008129493033921663 
0.0006579086426220734 
0.0007525108934183974 
0.001075251771724159 
0.004399696251507369 
0.0006942797438448355 
0.009836311238558482 
0.001695697189625696 
0.004277734229012051 
0.006574826223251467 
0.003731004272033096 
0.00522904730879451 
0.0009316590640905882 
0.0114582525846064 
0.0008763685765465905 
0.006554551950365821 
0.005621559601289601 
0.003002615369844344 
0.003177520227845061 
0.003751360551842454 
0.001388067794833315 
0.002038731954381508 
0.001865871997900746 
0.002014915494609079 
0.000404815463602329 
0.001321600503678093 
0.0009484211780187144 
0.0006454348469768183 
0.001029823051706039 
0.002359830706394058 
0.002864364567213488 
0.007894547036348627 
0.006839834605111715 
0.009590913434261963 
0.004690017719774436 
0.002393182857717015 
0.003213671536863096 
0.002206418071960745 
0.00131714688763782 
0.007659165102621909 
0.004401866461262695 
0.006551216980379846 
0.001413398160184771 
0.005557204836119821 
0.005353096535051062 
0.002585290188334598 
0.002926725572087648 
0.0004975123781538518 
0.004149175846822283 
0.002455933934567168 
0.001032617963627498 
0.0008797604029029945 
0.001119064139202851 
0.0004900909658380468 
0.001757192836484844 
0.003596682218156839 
0.00667056103945258 
0.004015570028731417 
0.005648513214069917 
0.01082241534616193 
0.007282259926078637 
0.003979549627080268 
0.004532372655410158 
0.001150901311360521 
0.00431173584076981 
0.00538401093422165 
0.005801351927711604 
0.002189003760048763 
0.003633603617718229 
0.001135977818626679 
0.000504025449631888 
0.003412089678434659 
0.0009157760056612853 
0.003165869339478153 
0.004230575855330723 
0.001000149262442099 
0.001028735912693075 
0.005538741426539215 
0.001317949316452494 
0.004427668727558858 
0.003227788465932043 
0.003755007295936913 
0.0009764779496427178 
0.002880163522348497 
0.003149428675765362 
0.005734043981076353 
0.003709920493741797 
0.003518352444311114 
0.002720190588001875 
0.003065385342498941 
0.00193297499036921 
0.0007130364263382932 
0.001122782688221186 
0.004527400667014156 
0.0004672459453321612 
0.003915535112643566 
0.004302257826708367 
0.004784375488792095 
0.00259373692758899 
0.003528271150724426 
0.003243076202208496 
0.003288318748784469 
0.003440386718185239 
0.0008708446326418368 
0.001320963730690021 
0.001622985085806568 
0.00390212790168073 
0.003141091401164271 
0.004172858469898389 
0.003083708807767207 
0.003577346902557662 
0.002655833808153357 
0.002025075702137905 
0.0007184898844472242 
0.003431600242749435 
0.002884103691346741 
0.002891376508933396 
0.004298737356907162 
0.002990036745787108 
0.00477649791074561 
0.001624576627585729 
0.002349760719405129 
0.002386994925864392 
0.003109992648012358 
0.002400394158088131 
0.003419959361985665 
0.00429580401551242 
0.002945301172898845 
0.003324463570288753 
0.003210019981170544 
0.0003826687648019536 
0.0007860502096297605 
0.003002026417244642 
0.0004413625782333054 
0.008830066268782284 
0.005043477556551059 
0.003075606815303307 
0.002971644819105174 
0.004200880921754139 
0.004002090813853686 
0.004742676715881705 
0.002583280941625744 
0.002645847376035754 
0.003857094223002345 
0.004763494017387719 
0.0009574339218041333 
0.001042029624651063 
0.004685990498576616 
0.002767858975270067 
0.003401348522917859 
0.001876417207392919 
0.008988508264401085 
0.003711792035811979 
0.0006570717051816199 
0.001658008383404465 
0.01823460698502022 
0.01543210419510315 
0.009396526475065262 
0.007394270002342334 
0.007529914754419162 
0.00625688700912676 
0.007736558986330805 
0.01238602535933708 
0.01098693855651306 
0.007497151554991573 
0.008946568376714618 
0.003120866676031596 
0.007972168900212523 
0.007828541728734564 
0.007752506267157904 
0.007806567357516456 
0.008377378733004506 
0.008726871876636398 
0.008907946636797096 
0.005353312653558184 
0.001881817385647388 
0.002423522003836191 
0.002518187241076819 
0.009439586562989037 
0.01308957587809293 
0.006786968644825093 
0.005256198546038932 
0.001421783842699074 
0.000463458063272332 
0.0008774357109912412 
0.001676414115847526 
0.001711121064909673 
0.005118642337787443 
0.007252391721859356 
0.006507493986205213 
0.006707552751944889 
0.006760482030542104 
0.002489321026749738 
0.002417976738879867 
0.0002590920178992376 
0.0002807325299097787 
0.0003228036786003033 
0.000221062975335376 
0.003708908578570843 
0.004715156061991206 
0.001492885326709061 
0.0018735643237525 
0.001403401397785643 
0.001195560609841011 
0.0008949551175676611 
0.0008038969752949402 
0.0004085240927218706 
0.0002917208814498316 
0.0003229320897799585 
0.0004681618534802899 
0.0008251291681675091 
0.001633127744996 
0.008226410019642222 
0.00709720432557572 
0.003289277933421709 
0.002071277542909136 
0.008806747175476687 
0.006150432434197365 
0.003800694603863652 
0.004043612245007788 
0.001143727683033932 
0.002086753072105989 
0.008109818765217082 
0.008421775695899015 
0.005342573593522556 
0.00639432811462479 
0.007981499948336135 
0.007524807827406406 
0.009001008960300096 
0.003014334976181222 
0.007007413746715201 
0.006298347979262869 
0.007873487503104452 
0.007989559094409239 
0.007910217952717633 
0.009179007160907304 
0.005198033728988084 
0.009849507606781174 
0.006986193061386782 
0.01392371236060704 
0.005372698367099926 
0.001046424986212362 
0.0008184147069078795 
0.0001999592920644592 
0.0005923281427902251 
0.0003043520146159952 
0.0007742002924398754 
0.001003749503327014 
0.0008436609406843836 
0.001030353226801471 
0.00144474539182478 
0.001362410836315693 
0.0008262902762465151 
0.0008212452774926343 
0.0001804346563128609 
0.0002049350459030498 
0.0002337495021982367 
0.0004807852771104355 
0.0005504428679220711 
0.004533647882285189 
0.007820103442864643 
0.005285084698001514 
0.0009665003028286322 
0.002640520191023842 
0.0009861847563846164 
0.007924459769996258 
0.006821198430669335 
0.006641213602288346 
0.004584246205098529 
0.00514481804951133 
0.007739950910878478 
0.006492776699054499 
0.006347018500115951 
0.006694405721070128 
0.006933645309395035 
0.004314295362092877 
0.003760795867872102 
0.004990277916879252 
0.009826702388205578 
0.005421208756065255 
0.004087093609029951 
0.003852335299114353 
0.003520951709057265 
0.0002338895472874252 
0.0003262151886439799 
0.0007998421133402383 
0.0005489827487174759 
0.00103812909610553 
0.0007629395059868768 
0.001045173736857446 
0.0003989433187572317 
0.0004207497462132235 
0.0007545062170183448 
0.001816969517002336 
0.000812594789746634 
0.0007311977536900775 
0.0006233673044516359 
0.0007202759533521828 
0.0002644439990730121 
0.001449012338244142 
0.005840278860548535 
0.009810051091044589 
0.003001174833022791 
0.001919729147701322 
0.005832442873428089 
0.006921263804058066 
0.004193693958596024 
0.001559773138073624 
0.005341009034165962 
0.004078532458986592 
0.006531636102220343 
0.006688324617566823 
0.005208475366131679 
0.00652664866586698 
0.005498258533736934 
0.005626593469470426 
0.005431991631948277 
0.006616971995413417 
0.004898447842991223 
0.003935489964545724 
0.003349528532809995 
0.0004135144571196383 
0.005225819829263704 
0.001807777415114205 
0.001180244751257421 
0.00114152789306181 
0.0005482242812898804 
0.0008161887314080722 
0.001523628606719135 
0.001003427514225542 
0.0003444172395767066 
0.001085122766809727 
0.000358616959999978 
0.0004446773527610802 
0.0001792042616084127 
0.001347899630684581 
0.008424023810516702 
0.007193021419136872 
0.0089825478939134 
0.005746702729674221 
0.004668516015209945 
0.002039565786256452 
0.001315213524394044 
0.0005315273381468428 
0.001226891120602662 
0.00518254022310278 
0.002972920386438964 
0.003492770195566254 
0.00380926058965773 
0.00465603469806632 
0.004596098989264384 
0.005549329254142849 
0.002427008345289392 
0.001364717152901347 
0.0006009992405957011 
0.003090136574126562 
0.004007162281614387 
0.01115961279869544 
0.006020269933260411 
0.005461970604954547 
0.008100673268385197 
0.004085790802817096 
0.001054404091370659 
0.0005016379497444747 
0.001286049607416851 
0.003096104087559445 
0.004451298372177773 
0.0113832695555844 
0.01084217439726003 
0.001236260706587784 
0.00538423191696286 
0.005130293430624388 
0.001421410522089099 
0.002165092867715793 
0.003287352329607196 
0.005473242107437749 
0.002796076896973535 
0.001148318826685763 
0.004830323360500965 
0.007501839118065118 
0.003472246772150214 
0.004600938324435937 
0.005933734345686678 
0.005199419783510069 
0.001158422085922238 
0.001854410394727344 
0.002603067815651119 
0.005179720641536121 
0.01006280954639494 
0.008778417318462533 
0.003618290781887368 
0.002172602165887998 
0.009332592878812718 
0.001751579518772451 
0.002805393850671702 
0.001858435241084646 
0.004313360422112304 
0.003700668140915834 
0.001567672757189351 
0.001022865908011008 
0.001604320174178544 
0.001421073359605048 
0.005220445784407834 
0.004735421796950358 
0.005137858934130103 
0.005231763689951339 
0.00635761211132141 
0.004385959184879553 
0.005227194524860642 
0.005690008004594241 
0.006336587990334492 
0.003936679064300373 
0.004250416751667809 
0.001114361695426933 
0.0003345255092011938 
0.001476976873985193 
0.002090324201763776 
0.001731492429395049 
0.000860599580874407 
0.003037727623010979 
0.004436311406479575 
0.004132445402842833 
0.006013413016502081 
0.00151029296270881 
0.0009187376664089625 
0.0008583553402923057 
0.0003945373690180382 
0.005606655380298229 
0.003605263038465647 
0.00860500061709989 
0.007675261431568626 
0.005279713210110086 
0.002678613013938845 
0.002202247918215381 
0.00615825514282099 
0.002700921094848395 
0.002000242900118478 
0.0007007226303341924 
0.001041032418947202 
0.0006655999085104541 
0.003624436666599651 
0.002291292172472036 
0.002922326062678388 
0.005770803512614791 
0.005270815743261545 
0.004267521134791072 
0.008050097152057085 
0.005263368619613912 
0.003324520229917477 
0.005511929175017601 
0.005262884735834776 
0.002827867339470774 
0.002133196402288328 
0.005898114894566172 
0.001601839856086428 
0.004173197862586977 
0.00377755743339932 
0.004580236520343141 
0.002264988136150699 
0.001884631634234438 
0.003882326896301308 
0.00163914746408931 
0.001819916708851554 
0.003812666049061515 
0.00313810487335518 
0.001324230275913022 
0.0008351586412822215 
0.0008020107623048906 
0.005224474496065037 
0.003124289083902057 
0.005073421138927609 
0.004752148212815748 
0.006194818655760016 
0.002671735092199996 
0.002369253707041447 
0.002521331009317506 
0.003155304506506173 
0.002434579350163776 
0.001376495978652213 
0.001779227557539126 
0.003551498896009983 
0.002731710749187186 
0.005601171853008923 
0.002169826402797056 
0.003241255620480616 
0.001938829321564551 
0.004698568351861299 
0.003157156888163165 
0.003600601473140249 
0.003285575650327742 
0.00375696695220781 
0.003581681958915888 
0.003890209601496956 
0.002518631587368718 
0.004103144387104169 
0.002777244720785501 
0.005047555685587487 
0.004122083280538151 
0.003499098326050641 
0.003314223528116882 
0.001732720310539657 
0.004752411037712925 
0.004672047976408412 
0.002720043494089278 
0.003482424337065452 
0.005347737680678959 
0.005546916433328627 
0.003141141966697851 
0.003257836985942618 
0.003386100533406428 
0.003580179092370713 
0.005148372784756186 
0.002678827412114486 
0.005496809778886469 
0.0001925620373248374 
0.009184300163514772 
0.0002713732719101816 
0.0001931485327441559 
0.0008504557474806106 
0.0005953692663329502 
0.0003409670585389711 
0.0002097805077679753 
0.001515152600168968 
0.003950911377871313 
0.001042034924646131 
0.001758661351204899 
0.004379153116649893 
0.004229086982268386 
0.006239946968510634 
0.004393786420208573 
0.002526693148095919 
0.001488132549559011 
0.003291144356232354 
</DataArray>
<DataArray type="Float64" Name="Eta_mix" NumberOfComponents="1" format="ascii">
2.485759732964766 
3.898298868826108 
4.429020640359235 
3.99788545038396 
3.149495395135191 
2.892669142621667 
4.939283172511214 
4.507357493059322 
3.539297400522725 
2.62804912806903 
2.748156000335107 
4.325683182676925 
3.448048708083631 
2.512879659672479 
1.799961908761466 
1.814162408892725 
2.569742054163477 
2.051834727726567 
1.463355462063959 
1.130548361156786 
2.745213804408447 
4.318070922623979 
3.436959701490725 
2.500528944022956 
1.789953947907363 
2.890078844179146 
4.93433896591433 
4.50264589834797 
3.534200784846352 
2.622084547122551 
2.335653611997996 
3.717088379656308 
4.452048508943927 
3.958180341876117 
3.161393547160749 
2.457042022710867 
1.927635471301274 
1.331909405614845 
0.9428626292290798 
1.337125537887608 
1.932416398568178 
2.425355884634246 
1.832762148776234 
1.383358729112333 
0.9951109341674073 
0.7817623424663777 
0.9970479075601805 
1.386791287808106 
1.777561002354099 
1.368756811846112 
1.026019261611198 
0.813056688798143 
0.7186023814821608 
0.8145769837469656 
1.029815240540648 
1.279808808415885 
1.047944870435221 
0.8005791226173444 
0.7072372748910696 
0.6756251037892431 
0.7094064560178029 
0.8046020490020717 
0.9302088487743405 
0.8315510290531705 
0.6654587652806491 
0.6435830690658898 
0.6412101792170466 
0.6459871804402079 
0.6696776213194905 
0.706476355121338 
0.6740351025907535 
0.5875247177572416 
0.6018409504080938 
0.6109970164265918 
0.6034483498352781 
0.5905468755729829 
0.5859468149631052 
0.5616491910269016 
0.5439465028280697 
0.5714716759875376 
0.5837714877541046 
0.5717764900367284 
0.5431266417534812 
0.5386813384011526 
0.4984252267272755 
0.5146714576041698 
0.5468875458383186 
0.5594067770988472 
0.5465520088761129 
0.5130538347290584 
0.512729999003177 
0.4683532371961691 
0.4917459072575564 
0.5255550070266294 
0.5375714027423935 
0.5253519516670569 
0.4921935913683371 
0.4879463542101224 
0.4570344294829397 
0.4744161307446376 
0.5066923394255388 
0.5176963060917761 
0.5065522071859234 
0.4755739341692249 
0.4810689303709247 
0.4522886409913172 
0.4616688108090652 
0.4903008276692149 
0.4994511254854296 
0.4893721243357519 
0.4616607707103034 
0.4844412266159627 
0.431334535399954 
0.4534590153172136 
0.4757719385897128 
0.4826374593755963 
0.4737434483425703 
0.4501794409617787 
0.4519107166099023 
0.4071652560386356 
0.4467119972959164 
0.4619553456407272 
0.4671455394614998 
0.4595790802949453 
0.4396650772557109 
0.4313121336983066 
0.4138410153622916 
0.4368857808199036 
0.44862528685305 
0.4531022823757231 
0.446913461105832 
0.4297689938651154 
0.4323563714093693 
0.45940054218721 
0.4247481131355585 
0.4365193450980955 
0.4408459215448101 
0.436723406236106 
0.4226199336308972 
0.4068522574533303 
0.5163016580995033 
0.4192334349565098 
0.4286581606452645 
0.4324696187838643 
0.4317643382112331 
0.4230103999200668 
0.4164964628515755 
0.5472639428732937 
0.4315052351988006 
0.4335857747461082 
0.4350976625597409 
0.4403313600408555 
0.4412031617390174 
0.4596773681866175 
0.5583821113319195 
0.4745811202206661 
0.4647812457361566 
0.4615051463200038 
0.4738766244193162 
0.504696416774388 
0.5771844226472774 
0.7781263932967551 
0.5606886071945189 
0.5295665285755724 
0.5228910332817175 
0.5340254493904989 
0.5855128284438904 
0.8640254903825424 
0.9983961623906623 
0.5789766877180377 
0.5515552886242377 
0.5433560356564915 
0.5491117563240185 
0.5724414703384005 
1.157779282415072 
0.7863944164221311 
0.6391167124528963 
0.6595126652764371 
0.6812239081171562 
0.5017950663811584 
0.5622848361764852 
0.615445770805269 
0.7798371408385116 
0.6467835495043027 
0.6246852232034301 
0.8730260932471721 
0.8975886980419144 
0.5987109570872374 
0.856090677750236 
0.9834969803332935 
0.5608427549293162 
0.8188666020708172 
0.9799345924521614 
0.5140404561969248 
0.7720059928839764 
0.9312721620979283 
0.4623653062412078 
0.7177647225586596 
0.8669610922248335 
0.4144163412760273 
0.6618457060069577 
0.8017028048617779 
0.3708332236450569 
0.6015093095194821 
0.7288396879260119 
0.3299011242697413 
0.5434261678427343 
0.6590515368519381 
0.2912366242378321 
0.4867661771224873 
0.589328614434337 
0.2556451469827779 
0.4331216468471337 
0.5314238126317038 
0.2231055045215258 
0.3838063340224736 
0.462810118243751 
0.1936871307151073 
0.3371235513424607 
0.4113710310842169 
0.164439613486774 
0.291740850327662 
0.3614923424857787 
0.136460899432777 
0.2468338008308945 
0.3182021864862589 
0.1108307623069436 
0.2052287924542612 
0.2714569195640847 
0.08853321647645626 
0.1684481418860419 
0.2272311521972312 
0.06918657944024809 
0.1347649497599165 
0.1712124082502236 
0.0522365755890553 
0.1037418131690105 
0.1312417904873588 
0.03750205586530168 
0.07467378043107364 
0.0971434013636544 
0.02625218993806919 
0.04966042958781489 
0.07179229499434708 
0.01709759814998679 
0.03013244587103382 
0.04811313014044637 
0.01159480904415898 
0.01498475334917084 
0.03676706396826471 
0.6752801361947918 
0.6390572661230721 
0.7880585545876311 
0.5312210096576592 
0.5014052731912088 
0.6830252351084326 
0.7185293084121569 
0.7865523169120344 
0.6135355357390968 
0.9151964415270819 
0.8692434130341044 
0.6269016933077765 
0.9806557988172115 
0.8534400040173185 
0.5980975494077155 
0.9731436063530136 
0.8160239423344083 
0.5595179427431688 
0.9164728464164337 
0.7678325277591703 
0.5111949386419989 
0.8462658501139464 
0.7103494615895167 
0.4580396499373335 
0.7704150790913648 
0.6517956467270799 
0.4091004992510452 
0.7006370132058304 
0.5928021359236136 
0.3658282316366153 
0.6447721718647152 
0.5376487309414957 
0.3261746976810205 
0.5829872614976955 
0.4840349195068513 
0.2889803013674186 
0.512866224730766 
0.4331923414038684 
0.2546587530408391 
0.4582418851916636 
0.3850117918547967 
0.2233616354243879 
0.4102348546080929 
0.3389011810351977 
0.1948977786762847 
0.3837541798782907 
0.2952782329088818 
0.1667327994305424 
0.349808212515802 
0.2540714810863892 
0.1392516776849793 
0.2876178254846888 
0.2110918192229218 
0.1140406359044363 
0.2209938511886112 
0.1687662881095418 
0.08961711441024897 
0.1679762506270426 
0.130736623499589 
0.06810640272455391 
0.1326960368550125 
0.1021133717043933 
0.05140185015472595 
0.1001533740953763 
0.07500366865727512 
0.0373926109226285 
0.07152064947774796 
0.04974859089663791 
0.02612851683214584 
0.05009295828802773 
0.03036827624345559 
0.0171579901398574 
0.03353523641132061 
0.01586146018299987 
0.01179744838322881 
0.01079999954640001 
0.212998726695443 
0.4811453263505912 
0.4027898711361254 
0.3547870290135308 
0.3202906177018369 
0.2874972224950543 
0.2470905551509112 
0.214698087540471 
0.1874652809822985 
0.1633234789897548 
0.1421978000252873 
0.1237457707886086 
0.1075747722997681 
0.09411440938926256 
0.07486331050069248 
0.060206522190004 
0.04724252971022683 
0.03608599577501009 
0.02670455116101746 
0.01922026202978416 
0.01452301424751845 
0.01234465051989889 
0.01132394330882666 
0.01086984852203844 
1.46609490424956 
2.235551864316355 
2.881080686486294 
0.7567570343713999 
1.491152932522168 
1.08984557590522 
0.7283401841417509 
0.7167269794242048 
0.9799115884760331 
0.3642999622250422 
0.3517261138394896 
0.4546316065384149 
1.395950579012032 
0.5447015707816738 
1.787518618388031 
0.7690603900038175 
1.051530286139488 
1.251969321957704 
3.951737129095715 
2.833797054138851 
4.114842023703602 
3.332715346936979 
0.7358150086699565 
0.6091792731723359 
1.09506380589492 
2.135246960978891 
1.726484161931081 
0.6333971439966247 
0.7427273309467669 
3.254231225990378 
1.117856463653991 
2.90249201931922 
0.2854798038725431 
0.170861211936658 
0.2621017788569559 
0.4379693256206557 
0.6573665624662838 
1.828222116924021 
1.758687658454271 
2.306488192137762 
2.017109218113178 
1.060065297878461 
0.8008796817069227 
0.9813124872431025 
1.046446772215347 
0.9943983207645987 
0.8792978867822177 
0.8143847970578894 
0.6981204538334242 
0.6440500998418091 
0.5907949642276228 
0.4839208031434733 
0.4558822626011937 
0.3803284963851152 
0.3161981223245257 
0.2812697653803117 
0.2002746268092661 
0.1983882061107536 
0.2745823404291297 
2.82526525142246 
4.098814017538466 
3.431700566612178 
2.61818179990455 
2.51142346682975 
1.245093857278261 
0.7822249433429743 
3.321650671024105 
3.280406640748486 
1.057348092057452 
0.6722882652340603 
0.5617160418977274 
0.7304773148176644 
0.2527922094091842 
0.543886319313595 
0.5147770571870851 
0.7094220844987368 
0.7054944717146838 
1.313867741881123 
0.8230640173261489 
0.8404503854110685 
0.8138063614824664 
0.7576760686409579 
0.1900607821836075 
0.1797972686804871 
0.2445907320772588 
0.223466671663629 
0.1480147140584811 
0.5924873156351785 
0.4911353371913578 
3.219881878904787 
1.877921209192616 
1.768006112281348 
3.608253238884869 
2.754628437435747 
2.20407427406322 
0.6552121370246544 
1.351742503405656 
0.5321589258026268 
0.5660513954644547 
1.631789242004388 
0.5304250957188932 
0.850518646504986 
2.866533049298882 
2.443078178791856 
1.387288309214594 
2.181908611299248 
1.32040098640687 
0.4698506521006756 
0.1340889248883664 
0.2544524880208416 
0.2704770092780227 
0.6624540504755748 
0.5310322993659915 
0.8416192925644561 
0.6267160052773602 
0.4711519291092492 
0.4417477284738451 
0.6153267545205313 
0.828265402236844 
0.6486612578561995 
0.6238961219298017 
0.8107829296395033 
0.7022937578332988 
0.2961807169713 
0.4601039413694921 
0.3216572902334862 
0.3269319965794994 
1.022714279736687 
0.7364165888231514 
0.6353274350480212 
0.7588463337054991 
1.457017855943945 
2.64919628325449 
0.5324055685898521 
0.5899761350219304 
0.5672367782476624 
1.475048890358675 
0.4940045281786405 
1.526495995533351 
1.441957974192403 
1.048232174577618 
0.9381750115128304 
0.4717264642721276 
0.6392888323932775 
1.525334655111808 
1.993026679413014 
0.1359898279366787 
0.8226357655912306 
0.4755233012792033 
2.53163353461509 
0.4652114876544282 
1.661865599565459 
1.79779433441742 
0.6531556534110959 
0.7073839972365487 
0.602342986938097 
0.9832069685442579 
0.4529197443418759 
1.171327548398382 
0.7423904750529756 
0.5370243114907752 
0.3737925809839485 
0.465089729590408 
0.2634571225391669 
1.56736994933193 
0.9725107858314719 
1.760488006622402 
1.649399092642736 
1.805110147513038 
0.5863019523082282 
0.6505353449313931 
0.8449785608801331 
0.8333410190756311 
1.301393049799668 
1.442505094275629 
0.8389438209673259 
2.028153084447861 
2.598679495898693 
0.6342064775452581 
0.5583026681264112 
0.4369267131294471 
0.4696412564677632 
0.5675349181115225 
0.7122181862027276 
0.4968494702256132 
2.22257761270183 
1.134733141200607 
0.7814070275558365 
1.187846157806338 
0.923527894625507 
0.5228135307850371 
0.5580487258950104 
2.715667353756303 
2.018864680577037 
1.18544639251547 
1.832932362137447 
3.071970423620427 
0.8599804652604538 
1.136394879288301 
0.5427679286945974 
0.5475454161597419 
0.241489707264997 
2.375944564659101 
2.977534983266299 
0.3199804345612121 
0.4253834650827444 
3.515207956687204 
1.570339092819583 
2.266380593423956 
0.462991244702453 
0.6462974580218298 
0.3633828655650853 
1.401812224294639 
0.4215990407944316 
1.86785354499915 
1.769871901789769 
1.981204054570139 
0.7736372526449722 
0.4687535139158417 
0.3628356475873141 
0.3392930638303338 
1.392145497821667 
1.782859676997861 
1.588013909748048 
2.495391376204739 
1.448843695864232 
0.6148513735836459 
2.114275244249446 
2.120089432572941 
0.8720472109722189 
1.17353384706611 
1.167408754203141 
4.20278212774488 
1.131825942125602 
1.286611117737159 
1.730858043268234 
1.045756076131299 
0.6226437709855936 
2.892507230796591 
1.678718417615478 
0.4986342585977026 
1.463449866561767 
0.8304147885405585 
0.9840864841226939 
1.683463673046096 
1.531391568181915 
0.6255509688251452 
0.7266927993865215 
0.7195516229943221 
1.305670799839515 
1.308601800179176 
1.753540173340683 
1.738179454226247 
2.549581441448137 
2.543939078218603 
3.136441410498439 
2.952980373997343 
3.191348299769594 
0.9510233846634629 
0.5466901488518831 
1.880461898493226 
0.9665843861187124 
0.7680489526101867 
1.072674324488495 
1.694711455700819 
1.027159611932307 
0.5664485719671246 
0.6445060086669295 
0.4687331792763 
1.940566780652875 
2.264976245896475 
4.78893630117989 
2.376831387099279 
0.898476740403496 
0.8743597896774016 
0.4654502223111437 
2.044387416606405 
0.6641169535382132 
2.056349139975222 
2.427753077030693 
2.123353891081625 
1.464260756869187 
7.053701514282171 
4.366049107939028 
1.207241560431414 
1.024098250024114 
1.764908387594283 
1.388789865549009 
3.82675230569541 
0.4160035190428318 
0.4777027039963377 
0.9527104415865371 
1.118864750066211 
0.6971528883179678 
0.6946027307605314 
0.7376142089940768 
0.5704740348962427 
0.6421490964952951 
1.908309956352132 
2.128934916298803 
0.4374430266878135 
2.65449594991073 
5.283560976745069 
0.746906771254254 
1.310567013599072 
3.131641761712362 
1.928324595309767 
5.483479119955886 
1.12895877934458 
1.136999326305259 
2.212695051575533 
0.5362907579872365 
2.718035330338965 
0.8779487909927728 
1.45136194227105 
1.071022206534169 
0.7624307065803166 
2.690845518020105 
3.770194439736452 
0.488786993962625 
2.421018717511378 
2.497838320371525 
3.30100845069472 
0.5938503394881497 
3.146098763902244 
1.023714304692356 
1.72179959469946 
2.277579653087524 
1.561479521863703 
1.40951694273293 
0.8084857976223808 
0.4575279362571428 
3.859125453495975 
4.143600644157029 
2.958868492082997 
6.782198489799597 
2.329039080022439 
0.8752470616466568 
2.575079448816009 
3.080409252006821 
1.229391650428115 
2.916645107079023 
1.400764875353184 
4.836722954311441 
4.222212739099009 
4.667142566507365 
3.874296959806996 
1.298863500382914 
3.095629185436181 
2.800793902380847 
6.052964108572906 
2.642599816021559 
3.602403975064106 
6.177875351826819 
3.043467638378572 
2.131925437098172 
4.938399030625291 
6.390320777857475 
2.389834673866406 
1.923539571118295 
5.68444665034093 
2.715171760680252 
4.219739736080087 
4.786533677978262 
0.7209920466926749 
0.9194588653023862 
2.059027330598648 
0.5424404280200027 
0.3140040455969549 
0.7522676461180772 
2.057996264771899 
1.798483187905965 
1.401414171141866 
1.048924971939828 
3.228164370079726 
1.301700557929596 
2.401306506563742 
3.126645049423308 
3.744967126785263 
1.670335424296947 
0.8023052273221275 
0.415655292449681 
2.645495856020157 
2.424837830278845 
2.091233799354065 
0.6817543680176177 
4.249431632424937 
0.6257415387470237 
3.442755370287112 
0.2092301866977812 
0.3600959220269661 
0.1589920775488047 
0.1876280435793357 
0.1848931340073037 
0.1745082474004046 
0.2008462472855094 
0.4623393908788723 
0.5132637309809542 
0.4191753462094205 
0.47550991948493 
0.2028385295398403 
0.6107476441406576 
0.678125309532428 
0.7367045128763641 
0.8099121911657204 
0.9807465479783734 
1.084836167705688 
1.04764091803404 
3.621731234964057 
1.047005922341924 
1.768963108238011 
1.59421804719724 
0.3688152671013814 
0.5973090413502151 
0.2193513455826215 
4.086817287773156 
2.045003486321489 
2.781035063634819 
0.7415371029797551 
1.327318240597449 
3.492539514601769 
3.131005128749965 
0.8435685587854269 
0.585819022714828 
0.4577465743089588 
0.3378275572254151 
1.501952485352916 
2.694224577799298 
0.4057543809069095 
0.5797772141692622 
0.4602110155814243 
0.3756520747979484 
4.032043602342944 
4.908093747940361 
2.852035592803522 
1.709745189197277 
1.007236831114339 
0.8460987778134409 
0.6781960490769305 
0.6552829833823522 
0.5631347081829662 
0.4371071266966536 
0.4276581982351949 
0.47253250492761 
0.7193809268936916 
1.464805737560057 
1.09067155917023 
2.498762963837424 
4.168116820825907 
3.03190442334736 
0.8404684047319789 
1.946605136593054 
2.885061422972847 
3.712168601987071 
2.445314992598568 
2.232176825157943 
0.539238985602849 
0.4891679346399539 
0.544272484446282 
0.661205184053107 
0.8798749616137654 
1.056860951430541 
0.9051303177486589 
3.858916217331434 
1.193618800977163 
0.6705012322123095 
0.8688698583872386 
0.8155060127788003 
0.1645759736854503 
0.4683025215823566 
0.4032148721294277 
0.4855300322689984 
0.4272341007864653 
0.205359724948288 
0.1272596630389692 
0.7467867719742691 
0.6143507313665143 
0.5199594448766743 
0.7157123335855119 
0.4652711839915767 
1.622878477035006 
1.22721027834605 
1.557946400780668 
0.9597382661429673 
2.952484564321903 
2.231798419015471 
0.6030084823303634 
0.9869131392658556 
0.3247101424646844 
0.40794594243946 
0.431263315371792 
0.879016419848896 
1.144942945238282 
2.274308144102136 
0.7497200437358155 
1.721448317129197 
1.666042170411372 
2.665501684847829 
1.977268306087989 
0.283167588858402 
0.2223975711163896 
0.5155582263809125 
0.4832310686076134 
0.3625792325036059 
0.9190855610124128 
0.662618113800536 
1.157520186646696 
0.8195452584686365 
0.8440055548118324 
0.5126672082254187 
2.464457301869618 
0.4136465201367548 
0.4913151508153606 
0.4691954505166442 
0.1676264531186187 
0.6754112602796642 
2.215213829908832 
0.4282941859599948 
0.756426656811504 
0.6566060037489752 
0.7277562713688128 
1.620713723356601 
0.5868972814357937 
1.323556047694901 
2.208145163642886 
0.6417586361953126 
0.4669927903113062 
2.420948986648735 
2.517054778533572 
0.7290726636308374 
0.5086030369354687 
0.7180424138204695 
0.4387482816282099 
2.790011711442031 
0.1672947699882551 
0.4627157387418625 
3.328047529182148 
1.587792963599941 
1.160634574922571 
0.7742766040397162 
3.275933406686351 
2.446817320003328 
0.5564560504724808 
0.3641772604348099 
0.3344069852660411 
0.7511701653462648 
1.23734460021182 
0.8753567532684365 
1.463441756198284 
0.7927404421124992 
0.6297281715248408 
0.8923588877377193 
0.4458114355202658 
0.4086850647983259 
0.161742908576794 
1.91779556982413 
1.224704005722938 
1.5059383875041 
2.220818442871047 
1.279365394427342 
0.7642944217811056 
1.040783649280362 
0.7625066966654742 
0.829505585553128 
0.5294153343798067 
0.6377362800504547 
0.5052768971403601 
1.123494181056762 
0.3714135656828107 
2.430284438709455 
0.4244151311043027 
0.3482729234005092 
0.1495987875529365 
1.056593642485403 
0.2225381959675828 
3.464309935596828 
2.499109462002523 
0.4471649101305193 
2.10912782808786 
2.256248588864323 
1.161365811275294 
0.2631908126469314 
0.3850105802573419 
1.316262224609146 
1.49192203680943 
0.674295371461446 
3.111913436546432 
2.456856321657009 
0.6655557960414468 
2.190043875601463 
2.539957502710684 
0.6333004410384588 
0.3333047232500203 
0.3443267633666264 
0.8357259874672656 
1.331439803920371 
0.5660700177787915 
0.6207613048014456 
0.7346243609919801 
1.669296523912642 
0.2708668173353775 
0.6939414286133823 
0.6296139278591135 
1.347723484945044 
0.3052260688273429 
0.272623821644183 
1.659800126053294 
0.4053592884352666 
0.2261490504898945 
0.9670401200447822 
1.72921146510123 
2.652405649968195 
3.665384956594338 
1.024402727689782 
0.5324630069697284 
1.030789503012234 
2.320897206421138 
2.923737690434281 
1.882034907820726 
3.902495344589508 
2.127578485017604 
0.576063887895026 
0.3229562213988658 
0.4162931783767697 
0.2817115517919807 
1.281841523238563 
0.7141379895664025 
1.393289826165333 
2.768504077742268 
1.274433612917787 
0.5236519144309629 
5.804976642730492 
1.245752702439754 
0.9234450393080839 
2.153490195952941 
2.843258062314054 
0.2283085322878466 
0.3185312431514116 
1.603535641584588 
1.79360884635631 
1.043361145935133 
6.344997292483436 
2.783854847662571 
0.8232436183032611 
0.4643822342495607 
0.9871063976198856 
0.527887823142241 
2.868154997141099 
0.719785940759974 
1.176900309828971 
3.823984227503212 
2.640626415342707 
2.072599699276596 
0.1661139871542949 
4.721972275958769 
4.053873353549905 
1.538630791470416 
1.198081808521009 
1.679118042120239 
0.4822301751256361 
0.4765249500338018 
0.4513888205658076 
0.6665278689800797 
0.7000662038937303 
1.615325556943371 
0.5158916594419058 
0.6246332878754398 
0.7129488093151818 
1.251284186107915 
1.736985195775973 
3.848464913923775 
1.826389841536938 
1.095313348017125 
1.131595702087624 
5.109907681020339 
3.316191046230803 
0.1723561732482363 
0.3842231003489003 
2.696756671957982 
6.753136782820032 
1.190768127249227 
4.000559499225107 
0.4265115192592219 
2.523345408205142 
2.591693470848861 
5.007082765824309 
3.067273747491817 
0.425494266621916 
2.783681389651384 
5.692095453322538 
4.81772577993442 
0.3549332899463729 
0.5234412562797822 
0.9411368000763844 
6.179808028511056 
1.748149207101653 
5.225262979980989 
0.2724069344864102 
5.328019035382685 
1.35723043851345 
0.4926529520630236 
0.4934947504364176 
3.765597903790252 
2.449181999635338 
3.743308701431168 
7.696470970259628 
2.529205056336243 
4.502939175065416 
4.065834796156408 
0.368573339685712 
0.5823221440860685 
1.240998966861951 
1.134464698935657 
5.146220680059391 
0.411629376359345 
4.135181720168456 
5.748629206658551 
3.873949513055365 
5.873260029900267 
2.925438643441032 
5.141187475434306 
0.3326714818037959 
1.218348487085545 
2.154837021808369 
0.2337115581399406 
7.818999887271271 
1.797190248807569 
4.125488129085928 
6.433519264444892 
0.5301707797115806 
5.702555932984178 
6.728720810523784 
2.910172319893956 
6.253496520163648 
2.099064307300267 
6.646063149715467 
3.52212949766114 
2.027330371966677 
6.034913922285723 
7.727064484587724 
8.04755019938689 
1.861866424583845 
3.294625861749521 
6.839362594062309 
7.146231892330411 
5.713572772942282 
1.651846235311029 
0.1600669025890193 
0.3380094585944812 
0.4147967759743177 
0.5500680504358135 
0.363215327661645 
0.8117282523837223 
0.8137777580167831 
0.4256964951103869 
0.4065893691047058 
2.085278888804853 
0.2166103893879827 
1.673270867550117 
1.659602473833655 
1.50712510508513 
0.3238595450678908 
0.3599643074849154 
0.4392908176757223 
3.568829382022308 
2.380482318330964 
0.5313381339441779 
</DataArray>
</CellData>
</Piece>
</UnstructuredGrid>
</VTKFile>
