<?xml version="1.0"?>
<VTKFile type="UnstructuredGrid" version="0.1" byte_order="LittleEndian">
<UnstructuredGrid>
<Piece NumberOfPoints="1157" NumberOfCells="1117">
<Points>
<DataArray type="Float64" NumberOfComponents="3" format="ascii">
0 -0.0599999987 0
0.0198084321 -0.0599999987 0
0.0396168642 -0.0599999987 0
0.0594252981 -0.0599999987 0
0.0792337283 -0.0599999987 0
0.0990421623 -0.0599999987 0
0 -0.043333333 0
0.0198084321 -0.0432380959 0
0.0396168642 -0.0431428589 0
0.0594252981 -0.0430476181 0
0.0792337283 -0.0429523811 0
0.0990421623 -0.042857144 0
0 -0.0266666673 0
0.0198084321 -0.0264761914 0
0.0396168642 -0.0262857135 0
0.0594252981 -0.0260952376 0
0.0792337283 -0.0259047616 0
0.0990421623 -0.0257142857 0
0 -0.009999999779999999 0
0.0198084321 -0.00971428584 0
0.0396168642 -0.00942857098 0
0.0594252981 -0.009142857040000001 0
0.0792337283 -0.00885714311 0
0.0990421623 -0.008571428250000001 0
0 0.009999999779999999 0
0.0198084321 0.00971428584 0
0.0396168642 0.00942857098 0
0.0594252981 0.009142857040000001 0
0.0792337283 0.00885714311 0
0.0990421623 0.008571428250000001 0
0 0.0266666673 0
0.0198084321 0.0264761914 0
0.0396168642 0.0262857135 0
0.0594252981 0.0260952376 0
0.0792337283 0.0259047616 0
0.0990421623 0.0257142857 0
0 0.043333333 0
0.0198084321 0.0432380959 0
0.0396168642 0.0431428589 0
0.0594252981 0.0430476181 0
0.0792337283 0.0429523811 0
0.0990421623 0.042857144 0
0 0.0599999987 0
0.0198084321 0.0599999987 0
0.0396168642 0.0599999987 0
0.0594252981 0.0599999987 0
0.0792337283 0.0599999987 0
0.0990421623 0.0599999987 0
0.5 0.008571428250000001 0
0.5 0.0257142857 0
0.5 0.042857144 0
0.479952097 0.0599999987 0
0.459904224 0.0599999987 0
0.439856321 0.0599999987 0
0.419808447 0.0599999987 0
0.399760544 0.0599999987 0
0.379712641 0.0599999987 0
0.359664768 0.0599999987 0
0.339616865 0.0599999987 0
0.319568962 0.0599999987 0
0.299521089 0.0599999987 0
0.279473186 0.0599999987 0
0.259425282 0.0599999987 0
0.239377409 0.0599999987 0
0.219329506 0.0599999987 0
0.199281618 0.0599999987 0
0.17923373 0.0599999987 0
0.159185842 0.0599999987 0
0.139137954 0.0599999987 0
0.11909005 0.0599999987 0
0.5 0.0599999987 0
0.439856321 -0.0599999987 0
0.5 -0.008571428250000001 0
0.5 -0.0257142857 0
0.419808418 -0.0599999987 0
0.5 -0.0599999987 0
0.17923373 -0.0599999987 0
0.299521089 -0.0599999987 0
0.5 -0.042857144 0
0.479952097 -0.0599999987 0
0.459904224 -0.0599999987 0
0.319568962 -0.0599999987 0
0.199281618 -0.0599999987 0
0.11909005 -0.0599999987 0
0.139137939 -0.0599999987 0
0.159185842 -0.0599999987 0
0.219329506 -0.0599999987 0
0.239377409 -0.0599999987 0
0.259425282 -0.0599999987 0
0.279473186 -0.0599999987 0
0.339616865 -0.0599999987 0
0.359664768 -0.0599999987 0
0.379712641 -0.0599999987 0
0.399760544 -0.0599999987 0
0.11909005 0.042857144 0
0.11909005 0.0257142857 0
0.11909005 0.008571428250000001 0
0.11909005 -0.008571428250000001 0
0.11909005 -0.0257142857 0
0.11909005 -0.042857144 0
0.139137954 0.042857144 0
0.139137939 0.0257142857 0
0.139137939 0.008571428250000001 0
0.139137939 -0.008571428250000001 0
0.139137939 -0.0257142857 0
0.139137939 -0.042857144 0
0.159185842 0.042857144 0
0.159185842 0.0257142857 0
0.159185842 0.008571428250000001 0
0.159185842 -0.008571428250000001 0
0.159185842 -0.0257142857 0
0.159185842 -0.042857144 0
0.17923373 0.042857144 0
0.17923373 0.0257142857 0
0.17923373 0.008571428250000001 0
0.17923373 -0.008571428250000001 0
0.17923373 -0.0257142857 0
0.17923373 -0.042857144 0
0.199281618 0.042857144 0
0.199281618 0.0257142857 0
0.199281618 0.008571428250000001 0
0.199281618 -0.008571428250000001 0
0.199281618 -0.0257142857 0
0.199281618 -0.042857144 0
0.219329506 0.042857144 0
0.219329506 0.0257142857 0
0.219329506 0.008571428250000001 0
0.219329506 -0.008571428250000001 0
0.219329506 -0.0257142857 0
0.219329506 -0.042857144 0
0.239377409 0.042857144 0
0.239377409 0.0257142857 0
0.239377409 0.008571428250000001 0
0.239377409 -0.008571428250000001 0
0.239377409 -0.0257142857 0
0.239377409 -0.042857144 0
0.259425282 0.042857144 0
0.259425282 0.0257142857 0
0.259425282 0.008571428250000001 0
0.259425282 -0.008571428250000001 0
0.259425282 -0.0257142857 0
0.259425282 -0.042857144 0
0.279473186 0.042857144 0
0.279473186 0.0257142857 0
0.279473186 0.008571428250000001 0
0.279473186 -0.008571428250000001 0
0.279473186 -0.0257142857 0
0.279473186 -0.042857144 0
0.299521089 0.042857144 0
0.299521089 0.0257142857 0
0.299521089 0.008571428250000001 0
0.299521089 -0.008571428250000001 0
0.299521089 -0.0257142857 0
0.299521089 -0.042857144 0
0.319568962 0.042857144 0
0.319568962 0.0257142857 0
0.319568962 0.008571428250000001 0
0.319568962 -0.008571428250000001 0
0.319568962 -0.0257142857 0
0.319568962 -0.042857144 0
0.339616865 0.042857144 0
0.339616865 0.0257142857 0
0.339616865 0.008571428250000001 0
0.339616865 -0.008571428250000001 0
0.339616865 -0.0257142857 0
0.339616865 -0.042857144 0
0.359664768 0.042857144 0
0.359664768 0.0257142857 0
0.359664768 0.008571428250000001 0
0.359664768 -0.008571428250000001 0
0.359664768 -0.0257142857 0
0.359664768 -0.042857144 0
0.379712641 0.042857144 0
0.379712641 0.0257142857 0
0.379712641 0.008571428250000001 0
0.379712641 -0.008571428250000001 0
0.379712641 -0.0257142857 0
0.379712641 -0.042857144 0
0.399760544 0.042857144 0
0.399760544 0.0257142857 0
0.399760544 0.008571428250000001 0
0.399760544 -0.008571428250000001 0
0.399760544 -0.0257142857 0
0.399760544 -0.042857144 0
0.419808418 0.042857144 0
0.419808418 0.0257142857 0
0.419808418 0.008571428250000001 0
0.419808418 -0.008571428250000001 0
0.419808418 -0.0257142857 0
0.419808418 -0.042857144 0
0.439856321 0.042857144 0
0.439856321 0.0257142857 0
0.439856321 0.008571428250000001 0
0.439856321 -0.008571428250000001 0
0.439856321 -0.0257142857 0
0.439856321 -0.042857144 0
0.459904224 0.042857144 0
0.459904224 0.0257142857 0
0.459904224 0.008571428250000001 0
0.459904224 -0.008571428250000001 0
0.459904224 -0.0257142857 0
0.459904224 -0.042857144 0
0.479952097 0.042857144 0
0.479952097 0.0257142857 0
0.479952097 0.008571428250000001 0
0.479952097 -0.008571428250000001 0
0.479952097 -0.0257142857 0
0.479952097 -0.042857144 0
-0.400000006 0.009999999779999999 0
-0.379999995 0.009999999779999999 0
-0.360000014 0.009999999779999999 0
-0.340000004 0.009999999779999999 0
-0.319999993 0.009999999779999999 0
-0.300000012 0.009999999779999999 0
-0.280000001 0.009999999779999999 0
-0.25999999 0.009999999779999999 0
-0.239999995 0.009999999779999999 0
-0.219999999 0.009999999779999999 0
-0.200000003 0.009999999779999999 0
-0.180000007 0.009999999779999999 0
-0.159999996 0.009999999779999999 0
-0.140000001 0.009999999779999999 0
-0.119999997 0.009999999779999999 0
-0.100000001 0.009999999779999999 0
-0.07999999820000001 0.009999999779999999 0
-0.0599999987 0.009999999779999999 0
-0.0399999991 0.009999999779999999 0
-0.0199999996 0.009999999779999999 0
-0.0199999996 -0.009999999779999999 0
-0.0399999991 -0.009999999779999999 0
-0.0599999987 -0.009999999779999999 0
-0.07999999820000001 -0.009999999779999999 0
-0.100000001 -0.009999999779999999 0
-0.119999997 -0.009999999779999999 0
-0.140000001 -0.009999999779999999 0
-0.159999996 -0.009999999779999999 0
-0.180000007 -0.009999999779999999 0
-0.200000003 -0.009999999779999999 0
-0.219999999 -0.009999999779999999 0
-0.239999995 -0.009999999779999999 0
-0.25999999 -0.009999999779999999 0
-0.280000001 -0.009999999779999999 0
-0.300000012 -0.009999999779999999 0
-0.319999993 -0.009999999779999999 0
-0.340000004 -0.009999999779999999 0
-0.360000014 -0.009999999779999999 0
-0.379999995 -0.009999999779999999 0
-0.400000006 -0.009999999779999999 0
-0.419999987 -0.009999999779999999 0
-0.439999998 -0.009999999779999999 0
-0.460000008 -0.009999999779999999 0
-0.479999989 -0.009999999779999999 0
-0.5 -0.0266666673 0
-0.5 -0.043333333 0
-0.479999989 -0.0599999987 0
-0.460000008 -0.0599999987 0
-0.439999998 -0.0599999987 0
-0.419999987 -0.0599999987 0
-0.400000006 -0.0599999987 0
-0.379999995 -0.0599999987 0
-0.360000014 -0.0599999987 0
-0.340000004 -0.0599999987 0
-0.319999993 -0.0599999987 0
-0.300000012 -0.0599999987 0
-0.280000001 -0.0599999987 0
-0.25999999 -0.0599999987 0
-0.239999995 -0.0599999987 0
-0.219999999 -0.0599999987 0
-0.200000003 -0.0599999987 0
-0.180000007 -0.0599999987 0
-0.159999996 -0.0599999987 0
-0.140000001 -0.0599999987 0
-0.119999997 -0.0599999987 0
-0.100000001 -0.0599999987 0
-0.07999999820000001 -0.0599999987 0
-0.0599999987 -0.0599999987 0
-0.0399999991 -0.0599999987 0
-0.0199999996 -0.0599999987 0
-0.100000001 0.0599999987 0
-0.5 0.0599999987 0
-0.5 0.009999999779999999 0
-0.5 -0.009999999779999999 0
-0.140000001 0.0599999987 0
-0.0199999996 0.0599999987 0
-0.400000006 0.0599999987 0
-0.5 -0.0599999987 0
-0.200000003 0.0599999987 0
-0.25999999 0.0599999987 0
-0.340000004 0.0599999987 0
-0.119999997 0.0599999987 0
-0.379999995 0.0599999987 0
-0.360000014 0.0599999987 0
-0.0399999991 0.0599999987 0
-0.280000001 0.0599999987 0
-0.219999999 0.0599999987 0
-0.239999995 0.0599999987 0
-0.0599999987 0.0599999987 0
-0.180000007 0.0599999987 0
-0.300000012 0.0599999987 0
-0.319999993 0.0599999987 0
-0.07999999820000001 0.0599999987 0
-0.159999996 0.0599999987 0
-0.419999987 0.0599999987 0
-0.439999998 0.0599999987 0
-0.460000008 0.0599999987 0
-0.479999989 0.0599999987 0
-0.5 0.043333333 0
-0.5 0.0266666673 0
-0.479999989 0.009999999779999999 0
-0.460000008 0.009999999779999999 0
-0.439999998 0.009999999779999999 0
-0.419999987 0.009999999779999999 0
-0.0199999996 0.0266666673 0
-0.0199999996 0.043333333 0
-0.0399999991 0.0266666673 0
-0.0399999991 0.043333333 0
-0.0599999987 0.0266666673 0
-0.0599999987 0.043333333 0
-0.07999999820000001 0.0266666673 0
-0.07999999820000001 0.043333333 0
-0.100000001 0.0266666673 0
-0.100000001 0.043333333 0
-0.119999997 0.0266666673 0
-0.119999997 0.043333333 0
-0.140000001 0.0266666673 0
-0.140000001 0.043333333 0
-0.159999996 0.0266666673 0
-0.159999996 0.043333333 0
-0.180000007 0.0266666673 0
-0.180000007 0.043333333 0
-0.200000003 0.0266666673 0
-0.200000003 0.043333333 0
-0.219999999 0.0266666673 0
-0.219999999 0.043333333 0
-0.239999995 0.0266666673 0
-0.239999995 0.043333333 0
-0.25999999 0.0266666673 0
-0.25999999 0.043333333 0
-0.280000001 0.0266666673 0
-0.280000001 0.043333333 0
-0.300000012 0.0266666673 0
-0.300000012 0.043333333 0
-0.319999993 0.0266666673 0
-0.319999993 0.043333333 0
-0.340000004 0.0266666673 0
-0.340000004 0.043333333 0
-0.360000014 0.0266666673 0
-0.360000014 0.043333333 0
-0.379999995 0.0266666673 0
-0.379999995 0.043333333 0
-0.400000006 0.0266666673 0
-0.400000006 0.043333333 0
-0.419999987 0.0266666673 0
-0.419999987 0.043333333 0
-0.439999998 0.0266666673 0
-0.439999998 0.043333333 0
-0.460000008 0.0266666673 0
-0.460000008 0.043333333 0
-0.479999989 0.0266666673 0
-0.479999989 0.043333333 0
-0.0199999996 -0.043333333 0
-0.0199999996 -0.0266666673 0
-0.0399999991 -0.043333333 0
-0.0399999991 -0.0266666673 0
-0.0599999987 -0.043333333 0
-0.0599999987 -0.0266666673 0
-0.07999999820000001 -0.043333333 0
-0.07999999820000001 -0.0266666673 0
-0.100000001 -0.043333333 0
-0.100000001 -0.0266666673 0
-0.119999997 -0.043333333 0
-0.119999997 -0.0266666673 0
-0.140000001 -0.043333333 0
-0.140000001 -0.0266666673 0
-0.159999996 -0.043333333 0
-0.159999996 -0.0266666673 0
-0.180000007 -0.043333333 0
-0.180000007 -0.0266666673 0
-0.200000003 -0.043333333 0
-0.200000003 -0.0266666673 0
-0.219999999 -0.043333333 0
-0.219999999 -0.0266666673 0
-0.239999995 -0.043333333 0
-0.239999995 -0.0266666673 0
-0.25999999 -0.043333333 0
-0.25999999 -0.0266666673 0
-0.280000001 -0.043333333 0
-0.280000001 -0.0266666673 0
-0.300000012 -0.043333333 0
-0.300000012 -0.0266666673 0
-0.319999993 -0.043333333 0
-0.319999993 -0.0266666673 0
-0.340000004 -0.043333333 0
-0.340000004 -0.0266666673 0
-0.360000014 -0.043333333 0
-0.360000014 -0.0266666673 0
-0.379999995 -0.043333333 0
-0.379999995 -0.0266666673 0
-0.400000006 -0.043333333 0
-0.400000006 -0.0266666673 0
-0.419999987 -0.043333333 0
-0.419999987 -0.0266666673 0
-0.439999998 -0.043333333 0
-0.439999998 -0.0266666673 0
-0.460000008 -0.043333333 0
-0.460000008 -0.0266666673 0
-0.479999989 -0.043333333 0
-0.479999989 -0.0266666673 0
0.5 0.280000001 0
0.5 0.324000001 0
0.5 0.368000001 0
0.5 0.412 0
0.5 0.456 0
0.423076928 0.5 0
0.346153855 0.5 0
0.269230783 0.5 0
0.192307696 0.5 0
0.115384616 0.5 0
0.0384615399 0.5 0
-0.0384615399 0.5 0
-0.115384616 0.5 0
-0.192307696 0.5 0
-0.269230783 0.5 0
-0.346153855 0.5 0
-0.423076928 0.5 0
-0.5 0.451111108 0
-0.5 0.402222216 0
-0.5 0.353333324 0
-0.5 0.304444432 0
-0.5 0.25555557 0
-0.5 0.206666663 0
-0.5 0.157777771 0
-0.5 0.108888887 0
-0.5 0.5 0
0.5 0.104000002 0
0.5 0.5 0
0.5 0.148000002 0
0.5 0.192000002 0
0.5 0.236000001 0
0.0609144196 0.0817342326 0
0.0213773996 0.0810065791 0
0.00164963992 0.0806389153 0
0.0410537161 0.08140170569999999 0
0.0807928815 0.0816697404 0
-0.11636588 0.08086209 0
-0.155379474 0.08188256620000001 0
-0.195952147 0.0835963339 0
-0.216464236 0.0839877948 0
-0.236886531 0.08373397589999999 0
-0.25717181 0.0831861421 0
-0.0375812575 0.08077736200000001 0
-0.0571756735 0.0809583366 0
-0.07703223820000001 0.08103158320000001 0
-0.018060958 0.0806019977 0
-0.0969315991 0.0810548067 0
-0.135710105 0.0813468769 0
-0.17564556 0.0829808787 0
-0.277441889 0.0833770484 0
-0.297976643 0.0844593644 0
-0.337742865 0.0814660415 0
-0.357280463 0.08131340149999999 0
-0.395812064 0.0801450759 0
-0.431601644 0.0846370831 0
-0.449032396 0.0927124023 0
0.241154492 0.0802461654 0
0.201377258 0.0838236138 0
0.180563569 0.0829863772 0
0.160152987 0.0818641707 0
0.13998118 0.0809370205 0
0.100271612 0.0811994374 0
0.119869255 0.08062074330000001 0
0.373670965 0.07992801820000001 0
0.324530095 0.0833030716 0
0.281531155 0.08239974830000001 0
0.260980189 0.0810246468 0
0.22172907 0.0833596513 0
0.0419940539 0.10293632 0
0.0224408731 0.101743817 0
0.00314544118 0.100968696 0
0.0619302429 0.10367021 0
-0.0159631986 0.101458415 0
0.08237209920000001 0.103876717 0
-0.318290144 0.08418776090000001 0
-0.414466918 0.0801854879 0
-0.376616716 0.08122970910000001 0
-0.235601157 0.107684493 0
-0.214288786 0.108600825 0
-0.255871743 0.10540323 0
-0.0541822873 0.103133552 0
-0.131315932 0.104231022 0
-0.074047327 0.103388585 0
-0.112915099 0.104204893 0
-0.150728151 0.104886316 0
-0.0939841419 0.103821017 0
-0.171428666 0.106402844 0
-0.192837894 0.107991748 0
-0.275017977 0.104476884 0
-0.35379228 0.103946522 0
-0.433073252 0.110083312 0
-0.295674562 0.108139448 0
-0.0348416194 0.102517344 0
0.415305704 0.08237869289999999 0
0.359606773 0.07313796879999999 0
0.302707136 0.083627373 0
0.159252465 0.103709936 0
0.179841861 0.106472507 0
0.139538869 0.1013356 0
0.22791867 0.111114562 0
0.243271112 0.0979152769 0
0.394325763 0.08282602579999999 0
0.201971233 0.109258376 0
0.120320998 0.10044767 0
0.435215741 0.08225522189999999 0
0.259965211 0.10267438 0
0.329683661 0.107562989 0
0.474004507 0.0924669281 0
0.10174416 0.103126459 0
-0.468483716 0.110260278 0
-0.3943865 0.102075562 0
0.442493409 0.110294618 0
0.0621701814 0.126179203 0
0.0225422326 0.122126617 0
0.0418764055 0.12501201 0
0.00457998784 0.120126426 0
0.0835043266 0.12639606 0
-0.0129794497 0.122236557 0
-0.147280753 0.128402263 0
-0.213780656 0.134415403 0
-0.127986699 0.131244153 0
-0.167973459 0.129917011 0
-0.050670296 0.126652241 0
-0.07087001950000001 0.126821682 0
-0.09071145210000001 0.127626732 0
-0.190268174 0.132567599 0
-0.238525629 0.133869201 0
-0.273494035 0.120859079 0
-0.259225488 0.127459198 0
-0.287823677 0.129834697 0
0.106391847 0.128948033 0
-0.030988669 0.12521717 0
0.176051676 0.130309746 0
0.155358881 0.125951976 0
0.136383891 0.121375889 0
0.197837338 0.13508907 0
0.221228063 0.140195116 0
0.24643375 0.148225218 0
0.278431207 0.13069883 0
0.121331833 0.116863862 0
0.304693103 0.108170666 0
0.41313979 0.10605257 0
0.460590839 0.118400961 0
0.3594082 0.102554947 0
-0.32107237 0.11253228 0
-0.419543535 0.104857683 0
0.09811829029999999 0.159849972 0
0.0055290414 0.135468304 0
-0.272256285 0.147958145 0
0.213639542 0.167143762 0
-0.16421552 0.153452978 0
-0.0470549725 0.15146856 0
0.148239896 0.147893965 0
0.190186769 0.161729231 0
-0.0247382168 0.149399027 0
0.121496096 0.157260552 0
0.421064824 0.135523811 0
0.331904501 0.135500565 0
0.281374097 0.10639441 0
-0.403406292 0.127729908 0
-0.310004503 0.140224457 0
0.359246194 0.131814718 0
-0.372643173 0.130347505 0
-0.4354105 0.128464058 0
0.336629719 0.171858773 0
0.449453801 0.147653848 0
0.388494343 0.134514973 0
0.301465511 0.165098608 0
-0.346448064 0.12566866 0
-0.399034619 0.163094714 0
0.0394379087 0.149358913 0
0.27253148 0.157263905 0
-0.213087991 0.160163328 0
-0.247485504 0.166183531 0
-0.29579401 0.164818883 0
-0.0238127075 0.198093072 0
0.111787573 0.184981465 0
-0.100731499 0.16475822 0
-0.129909366 0.165031105 0
0.176729351 0.19246909 0
0.207438558 0.194471538 0
-0.07164825499999999 0.174688131 0
0.137555912 0.174095407 0
0.445077062 0.355614364 0
0.4540672 0.312721372 0
0.471876621 0.18936041 0
0.467166424 0.229818493 0
0.461504996 0.270973593 0
0.424467564 0.448932588 0
0.441845477 0.182664469 0
-0.324829191 0.179232806 0
0.0906601474 0.199683741 0
-0.207740158 0.18316175 0
-0.157712802 0.176730514 0
-0.278921545 0.189274922 0
0.0321525 0.177230626 0
0.245555773 0.214440852 0
-0.433855236 0.164075762 0
-0.366918921 0.159302726 0
0.291913986 0.195489585 0
-0.127964169 0.207778975 0
-0.0366133451 0.228911221 0
-0.100008652 0.206662506 0
0.179677323 0.226686761 0
0.122257464 0.208738238 0
0.146479711 0.202740476 0
0.434536189 0.401015729 0
0.398193419 0.336512506 0
0.424186647 0.257591337 0
0.43396154 0.220088616 0
0.412831038 0.296488136 0
0.369538605 0.193125933 0
-0.443918586 0.348807663 0
-0.435130209 0.398693502 0
-0.427496314 0.449492633 0
-0.452189833 0.300550848 0
-0.4590832 0.253552765 0
-0.357205957 0.190952316 0
0.279544592 0.225700334 0
0.104589514 0.213968039 0
-0.156489298 0.208392248 0
0.0224026144 0.217729628 0
0.212247699 0.248014852 0
-0.427817494 0.204839543 0
-0.234439731 0.195427537 0
0.323903114 0.207895994 0
0.0570687838 0.209155962 0
-0.391568303 0.199478686 0
-0.0962022617 0.246337354 0
-0.0230375547 0.256433278 0
0.184364036 0.258742362 0
0.124597915 0.237763807 0
0.376026452 0.277256101 0
0.38955155 0.242074385 0
0.359942079 0.312979162 0
0.378000379 0.380264699 0
-0.310198665 0.208065987 0
-0.372602284 0.387960404 0
-0.391070276 0.337650061 0
-0.464398772 0.207217991 0
-0.406558216 0.291264862 0
-0.182406142 0.205629736 0
0.475901842 0.151903644 0
0.401581109 0.207892701 0
-0.20234707 0.201936185 0
0.311389863 0.240205288 0
0.0997109637 0.235361338 0
-0.130189374 0.250119895 0
-0.380182773 0.237362921 0
0.0776065663 0.224026397 0
0.0415912047 0.235969722 0
0.356437773 0.225068003 0
0.00237123668 0.23785685 0
0.234924018 0.275154024 0
-0.0526191071 0.272373945 0
0.154033616 0.271343559 0
-0.16381526 0.245097548 0
0.327867359 0.289548635 0
0.343247354 0.258441687 0
-0.217780069 0.218593672 0
0.338168681 0.348227322 0
-0.343999118 0.224389404 0
-0.364733964 0.277306974 0
-0.344146281 0.319903255 0
0.269353002 0.254693568 0
0.0917307809 0.266476959 0
0.0217031389 0.261422962 0
-0.326631218 0.259382397 0
-0.133066654 0.30025813 0
-0.418796331 0.247499421 0
0.0644711778 0.253006309 0
-0.292130858 0.238324136 0
0.196372524 0.288258106 0
0.284591496 0.294490665 0
0.309394062 0.318163514 0
-0.303888261 0.296268225 0
-0.316326559 0.367387414 0
0.259190202 0.283179343 0
-0.212525114 0.264634311 0
-0.240297899 0.24214159 0
0.0789880231 0.303675681 0
0.0470647626 0.284426123 0
0.16370514 0.321180791 0
-0.00354623003 0.285852969 0
0.272422999 0.314563453 0
-0.269069314 0.269261181 0
0.30583939 0.378803372 0
0.221760422 0.304970533 0
-0.273979396 0.334394097 0
-0.0335755982 0.307707399 0
-0.23957935 0.298692495 0
0.0587245151 0.344805092 0
0.117237814 0.317083448 0
0.284336209 0.340413243 0
0.249890372 0.312829316 0
0.343847185 0.433378398 0
0.207801089 0.342838079 0
-0.274291515 0.426623851 0
0.0234502386 0.316493273 0
-0.08737619219999999 0.286369532 0
0.266001195 0.445831895 0
0.12272539 0.273716062 0
0.101134203 0.366993248 0
-0.234703615 0.369619191 0
0.147996157 0.380885184 0
-0.178461179 0.283813536 0
-0.203984484 0.323771179 0
-0.00658131344 0.34660095 0
-0.164417103 0.343546838 0
-0.0673920363 0.326083362 0
0.131059229 0.439091533 0
0.0761057213 0.423675179 0
0.200316936 0.392114729 0
0.029457761 0.387679994 0
-0.041373264 0.371180713 0
0.255755872 0.39359349 0
-0.129968509 0.398406595 0
0.248907045 0.349122852 0
0.195956767 0.446548343 0
-0.354339272 0.442943484 0
-0.193804756 0.443444848 0
-0.00892468356 0.424014986 0
-0.124071665 0.447903305 0
-0.183007032 0.391649544 0
-0.102894232 0.342963189 0
0.454051256 0.0865246058 0
0.477373928 0.124539249 0
-0.468024433 0.160724044 0
-0.0595881864 0.441332847 0
-0.08101215959999999 0.389415085 0
0.430654883 0.100503065 0
0.389429182 0.107357368 0
0.345321238 0.0801729336 0
-0.40980044 0.09662956 0
-0.338144869 0.0994073451 0
0.412171096 0.173297763 0
-0.132147774 0.361322463 0
0.382941902 0.164770678 0
-0.261872202 0.216164798 0
0.298553944 0.269673407 0
0.35991171 0.156175151 0
0.304619789 0.135348052 0
0.253422469 0.12404725 0
-0.374403059 0.104943611 0
-0.337032139 0.151434779 0
-0.109284967 0.131501675 0
-0.19354479 0.23484166 0
-0.06493017819999999 0.238962516 0
-0.0122938436 0.215621114 0
0.00691182632 0.197239071 0
0.0379151069 0.201571897 0
0.150936276 0.234486893 0
0.215393558 0.270183206 0
0.241323069 0.247472897 0
-0.0715796128 0.205469251 0
-0.0449168868 0.201832712 0
-0.015077455 0.176449656 0
0.00735802855 0.160683528 0
0.238734052 0.173370585 0
0.0684622079 0.179729119 0
0.210014313 0.22153379 0
0.169252723 0.153739303 0
0.263142437 0.184926003 0
-0.18295449 0.180039644 0
-0.0454696417 0.176156014 0
0.128362164 0.139589176 0
0.230636895 0.194044158 0
0.0191328265 0.142472118 0
0.0625149161 0.150935873 0
0.0812353119 0.146125689 0
-0.18740344 0.15683043 0
-0.147903278 0.149310306 0
-0.0862699524 0.148439452 0
-0.0688209161 0.151088551 0
-0.00671585044 0.142615706 0
0.161231548 0.173583657 0
0.5 -0.108888887 0
-0.5 -0.104000002 0
0.115384616 -0.5 0
0.346153855 -0.5 0
-0.5 -0.324000001 0
0.5 -0.304444432 0
-0.115384616 -0.5 0
0.0384615399 -0.5 0
0.269230783 -0.5 0
0.192307696 -0.5 0
-0.269230783 -0.5 0
0.5 -0.206666663 0
-0.5 -0.368000001 0
-0.5 -0.412 0
-0.5 -0.456 0
0.5 -0.451111108 0
-0.5 -0.5 0
0.5 -0.5 0
0.5 -0.402222216 0
-0.423076928 -0.5 0
-0.192307696 -0.5 0
-0.5 -0.148000002 0
-0.5 -0.192000002 0
-0.5 -0.236000001 0
-0.5 -0.280000001 0
-0.346153855 -0.5 0
0.5 -0.25555557 0
0.423076928 -0.5 0
-0.0384615399 -0.5 0
0.5 -0.157777771 0
0.5 -0.353333324 0
0.0772511885 -0.08056167509999999 0
0.0374877676 -0.0808010101 0
0.0176463742 -0.0810994208 0
0.0573830791 -0.0807405263 0
0.09732311959999999 -0.0806518868 0
-0.239483774 -0.0795809701 0
-0.219843984 -0.0792642012 0
-0.200446114 -0.07901526239999999 0
-0.181045815 -0.07884178310000001 0
-0.142179415 -0.0802084953 0
-0.102881968 -0.0817045122 0
-0.0223856941 -0.0814301819 0
-0.0627050027 -0.0818454996 0
-0.0425316021 -0.0818034559 0
-0.00224705855 -0.0814203545 0
-0.122754268 -0.081274122 0
-0.08287008849999999 -0.0820686147 0
-0.415999234 -0.07919201250000001 0
-0.381579161 -0.0748587102 0
-0.341950804 -0.08742288500000001 0
-0.319119245 -0.08530327679999999 0
-0.278412133 -0.08144206549999999 0
-0.258917481 -0.08033283049999999 0
-0.161435694 -0.0791214183 0
-0.472487122 -0.10505227 0
0.256461918 -0.08286640050000001 0
0.318938285 -0.08374304320000001 0
0.379224718 -0.0777013451 0
0.415607333 -0.0771136358 0
0.137026802 -0.0809221789 0
0.176194876 -0.0810839683 0
0.195934415 -0.0812368244 0
0.215941653 -0.0814755261 0
0.117289893 -0.08081298319999999 0
0.15661329 -0.081143111 0
0.236094043 -0.082149677 0
0.277177155 -0.0846093968 0
0.298077911 -0.0858106166 0
0.339882791 -0.0815737844 0
0.359948963 -0.0794832781 0
0.397859633 -0.076412484 0
0.432109773 -0.0828129873 0
0.448685735 -0.092795752 0
0.075753212 -0.101484895 0
0.0557561368 -0.102059513 0
0.0359173417 -0.102614924 0
0.0956945047 -0.101622269 0
0.0159939695 -0.10301619 0
0.11527735 -0.102301352 0
-0.397377491 -0.07783801849999999 0
-0.367144257 -0.088626951 0
-0.298090309 -0.0833709612 0
-0.200337872 -0.09863037619999999 0
-0.21885328 -0.09892425689999999 0
-0.18187283 -0.0977715552 0
-0.434422225 -0.0812884495 0
-0.106182195 -0.104892224 0
-0.0242696553 -0.103885174 0
-0.0446307808 -0.104614235 0
-0.08586321030000001 -0.105457388 0
-0.12644203 -0.10389293 0
-0.06511268019999999 -0.105166934 0
-0.145689055 -0.101519272 0
-0.163340643 -0.09789989139999999 0
-0.23776263 -0.099455364 0
-0.338522077 -0.115702689 0
-0.256322116 -0.10120821 0
-0.00407435466 -0.103709199 0
0.418813199 -0.0986522809 0
0.397742271 -0.0922142416 0
0.252526253 -0.1058909 0
0.212309584 -0.103968374 0
0.192341313 -0.104215957 0
0.273252606 -0.109232336 0
0.320911765 -0.107111856 0
0.34232372 -0.102683946 0
0.380523682 -0.09517564620000001 0
0.232309997 -0.104792736 0
0.172806621 -0.104274742 0
0.15369308 -0.103950769 0
0.297904164 -0.116075009 0
0.362232178 -0.09897334870000001 0
0.428666949 -0.112228334 0
0.134589821 -0.103278205 0
0.46945259 -0.110888988 0
-0.411913127 -0.0989815295 0
0.07460499549999999 -0.122705288 0
0.0345189869 -0.125521779 0
0.0545337796 -0.124148242 0
0.0147398924 -0.125232056 0
0.09377242619999999 -0.123138353 0
-0.00542884553 -0.127287924 0
-0.199170411 -0.119690679 0
-0.21721521 -0.119145781 0
-0.181177408 -0.116874449 0
-0.131077215 -0.127389789 0
-0.109915875 -0.129914075 0
-0.0461721793 -0.129090324 0
-0.153852567 -0.125061169 0
-0.0667753816 -0.128979772 0
-0.0885961056 -0.131090179 0
-0.166090339 -0.113361157 0
-0.234963834 -0.118861131 0
-0.251624823 -0.122507848 0
0.112385094 -0.124814384 0
-0.0254358575 -0.127300769 0
0.188759044 -0.129383489 0
0.168846637 -0.129991427 0
0.209063768 -0.128475145 0
0.2286672 -0.12831986 0
0.149858654 -0.129090652 0
0.248147339 -0.129130483 0
0.266228557 -0.132991135 0
0.316227257 -0.145300224 0
0.3464261 -0.123996772 0
0.379398167 -0.140497699 0
0.131228372 -0.127070695 0
-0.31478706 -0.110401563 0
-0.436272234 -0.107960358 0
-0.449050874 -0.118623495 0
-0.367599219 -0.126455709 0
0.437626481 -0.131681964 0
0.409618139 -0.140805781 0
0.09073735030000001 -0.144930616 0
0.0318898484 -0.152542442 0
-0.232055888 -0.134515703 0
-0.196568355 -0.144934669 0
-0.135222897 -0.150460809 0
-0.0468119048 -0.159751192 0
-0.15466474 -0.148551583 0
0.260239989 -0.164158478 0
0.164128304 -0.159461841 0
0.293380171 -0.17444025 0
-0.00580976577 -0.156512246 0
0.126097396 -0.151690036 0
-0.413921267 -0.126558542 0
-0.328458905 -0.140409112 0
-0.274515986 -0.10384129 0
-0.349528015 -0.153568953 0
0.351759881 -0.172270343 0
0.318618536 -0.183061182 0
-0.333783478 -0.167339042 0
-0.441113621 -0.144536555 0
-0.393654108 -0.154271141 0
0.292371094 -0.211694032 0
-0.286774576 -0.130766243 0
0.07354205849999999 -0.143089011 0
-0.257962167 -0.152474642 0
-0.0889976844 -0.161422387 0
0.226948202 -0.154064983 0
0.107703857 -0.148169219 0
0.336992621 -0.211675242 0
-0.00337611185 -0.200795993 0
0.273395419 -0.189953938 0
-0.17049475 -0.148092017 0
-0.129007757 -0.185398072 0
-0.0261532348 -0.181840271 0
0.143847302 -0.157626539 0
-0.448047906 -0.361545205 0
-0.455605984 -0.317959696 0
-0.465123922 -0.189018279 0
-0.462823182 -0.231938973 0
-0.460306674 -0.275001049 0
-0.426925808 -0.452901721 0
-0.424723893 -0.182535723 0
0.0366272852 -0.188651815 0
0.187246516 -0.187728658 0
0.0589350164 -0.166444242 0
-0.103470221 -0.184740975 0
-0.06846610459999999 -0.18379423 0
0.118219182 -0.173072204 0
0.208178952 -0.176860511 0
0.36315757 -0.199747011 0
0.312846452 -0.235824838 0
-0.299318105 -0.15677543 0
-0.198295265 -0.188920036 0
-0.162100241 -0.194625631 0
-0.0246460605 -0.229336455 0
-0.366503626 -0.182237729 0
-0.437883586 -0.40673089 0
-0.402278423 -0.349474549 0
-0.422037065 -0.268937945 0
-0.426025957 -0.228674114 0
-0.415005475 -0.309025466 0
0.440141648 -0.165292025 0
0.380865604 -0.165947661 0
0.454410315 -0.299123228 0
0.445268989 -0.34738335 0
0.435587972 -0.39737919 0
0.427431315 -0.448631287 0
0.461957723 -0.252621621 0
-0.2741943 -0.187123805 0
0.0236531589 -0.21747978 0
0.129730433 -0.192381173 0
-0.122267753 -0.2181191 0
0.286919326 -0.263395518 0
0.352644324 -0.233800679 0
-0.0484154336 -0.206472903 0
-0.238978505 -0.183906317 0
0.382674307 -0.187893778 0
-0.334735453 -0.187197372 0
-0.09211035820000001 -0.204660609 0
-0.199938565 -0.23082687 0
-0.384544611 -0.263622969 0
-0.379169017 -0.298835069 0
-0.363774121 -0.333696634 0
-0.382963866 -0.3914617 0
0.410056442 -0.166615397 0
0.0665235743 -0.19163233 0
0.394013286 -0.33461681 0
0.410622984 -0.288377047 0
0.423467785 -0.245048448 0
0.467720777 -0.206958532 0
0.09609952569999999 -0.198913157 0
-0.470833153 -0.148186505 0
-0.389988542 -0.228198498 0
-0.31124422 -0.183166504 0
0.00482664863 -0.250807226 0
-0.158838674 -0.228567705 0
-0.356113702 -0.222642258 0
-0.10804826 -0.250773847 0
-0.0749890804 -0.230587304 0
0.236951768 -0.25557974 0
-0.238797322 -0.222931072 0
0.200059086 -0.221732855 0
0.0547433943 -0.228673667 0
0.434716195 -0.204581663 0
-0.351000428 -0.291048676 0
-0.342559576 -0.261151582 0
-0.342663676 -0.367414057 0
0.0890857056 -0.235629171 0
0.371275783 -0.274487317 0
0.349839687 -0.316238403 0
-0.265262514 -0.214324355 0
0.125547007 -0.236138836 0
0.384301692 -0.231939763 0
-0.148362547 -0.268382192 0
-0.201895863 -0.284397453 0
0.0395672582 -0.26743412 0
-0.0845435709 -0.286633313 0
0.248264045 -0.20908615 0
0.255116969 -0.290184736 0
0.161755502 -0.2327106 0
-0.283162892 -0.230370551 0
-0.330711573 -0.314092934 0
0.07940530780000001 -0.27783528 0
0.374077588 -0.385226637 0
-0.256944537 -0.263938695 0
0.122180261 -0.280775845 0
-0.0512325764 -0.259115964 0
-0.167743802 -0.330821037 0
-0.123555109 -0.31115067 0
0.203418314 -0.267466187 0
0.0202970076 -0.310064286 0
-0.274711281 -0.308445483 0
-0.320849746 -0.397759885 0
0.338272214 -0.259483725 0
-0.326232761 -0.214808166 0
0.0678861737 -0.32463935 0
0.31976971 -0.3628214 0
-0.0192843862 -0.287305981 0
0.216469511 -0.311700195 0
0.119780473 -0.329584241 0
-0.266494006 -0.385957867 0
0.0543400496 -0.377309233 0
-0.203021392 -0.35156706 0
-0.347021431 -0.440783143 0
0.281908154 -0.327852577 0
0.274117023 -0.422076017 0
0.164584011 -0.276804119 0
0.314772338 -0.292671144 0
-0.14316158 -0.382356316 0
0.238232613 -0.360949397 0
-0.268800765 -0.446109235 0
0.117930107 -0.383022696 0
-0.00502681127 -0.359380454 0
-0.0899545625 -0.35999772 0
0.354485184 -0.440950871 0
-0.202243209 -0.393845558 0
0.180674002 -0.378484547 0
0.116467491 -0.439904302 0
-0.123636782 -0.439212173 0
0.0415827408 -0.435980946 0
-0.0426337756 -0.421091884 0
0.191037983 -0.43673709 0
-0.0501308329 -0.325539827 0
-0.19676277 -0.44627744 0
-0.451890498 -0.0888591111 0
0.470816433 -0.160953358 0
-0.427661389 -0.09695394340000001 0
-0.391985744 -0.096085377 0
0.41114524 -0.0895099714 0
-0.293581456 -0.107031554 0
0.404233605 -0.198149398 0
0.170815691 -0.325417221 0
-0.393289775 -0.197718471 0
-0.390543967 -0.116325445 0
0.407470196 -0.122044012 0
-0.302953094 -0.34384051 0
0.26649943 -0.235712677 0
0.402106464 -0.106607363 0
0.389978588 -0.124477439 0
-0.307111055 -0.134526476 0
-0.268105298 -0.127176061 0
0.283614874 -0.135133982 0
-0.236810908 -0.332041562 0
0.327947587 -0.12534298 0
0.36743632 -0.118909344 0
0.384408504 -0.111650333 0
0.227744669 -0.228958771 0
-0.308642864 -0.288504213 0
-0.310847104 -0.242751881 0
-0.278374851 -0.156388372 0
0.348389834 -0.146922976 0
-0.318303883 -0.161659449 0
0.289174825 -0.154943809 0
0.244689032 -0.15027234 0
0.207649693 -0.154539898 0
0.186118394 -0.157872438 0
0.229213864 -0.186583892 0
-0.242758006 -0.143100053 0
-0.217707261 -0.139593005 0
-0.176148549 -0.134145111 0
0.0545891523 -0.145960584 0
0.0142524652 -0.14502719 0
-0.0255044252 -0.148230761 0
-0.06708924469999999 -0.150351986 0
-0.115150906 -0.15625529 0
0.0140814194 -0.175574467 0
-0.299567908 -0.204695523 0
-0.293376505 -0.266066968 0
0.160018429 -0.193675786 0
-0.180937871 -0.163365349 0
-0.295688331 -0.175879121 0
-0.226377875 -0.15913336 0
0.0429039635 -0.169281721 0
0.101021759 -0.172521606 0
0.0724704266 -0.159666792 0
-0.141519114 -0.169197023 0
-0.160157546 -0.170055762 0
0.0838272274 -0.167311206 0
-0.20788826 -0.164396137 0
</DataArray>
</Points>
<Cells>
<DataArray type="Int32" Name="connectivity" format="ascii">
0 1 7 6 
1 2 8 7 
2 3 9 8 
3 4 10 9 
4 5 11 10 
6 7 13 12 
7 8 14 13 
8 9 15 14 
9 10 16 15 
10 11 17 16 
12 13 19 18 
13 14 20 19 
14 15 21 20 
15 16 22 21 
16 17 23 22 
18 19 25 24 
19 20 26 25 
20 21 27 26 
21 22 28 27 
22 23 29 28 
24 25 31 30 
25 26 32 31 
26 27 33 32 
27 28 34 33 
28 29 35 34 
30 31 37 36 
31 32 38 37 
32 33 39 38 
33 34 40 39 
34 35 41 40 
36 37 43 42 
37 38 44 43 
38 39 45 44 
39 40 46 45 
40 41 47 46 
47 41 94 69 
41 35 95 94 
35 29 96 95 
29 23 97 96 
23 17 98 97 
17 11 99 98 
11 5 83 99 
69 94 100 68 
94 95 101 100 
95 96 102 101 
96 97 103 102 
97 98 104 103 
98 99 105 104 
99 83 84 105 
68 100 106 67 
100 101 107 106 
101 102 108 107 
102 103 109 108 
103 104 110 109 
104 105 111 110 
105 84 85 111 
67 106 112 66 
106 107 113 112 
107 108 114 113 
108 109 115 114 
109 110 116 115 
110 111 117 116 
111 85 76 117 
66 112 118 65 
112 113 119 118 
113 114 120 119 
114 115 121 120 
115 116 122 121 
116 117 123 122 
117 76 82 123 
65 118 124 64 
118 119 125 124 
119 120 126 125 
120 121 127 126 
121 122 128 127 
122 123 129 128 
123 82 86 129 
64 124 130 63 
124 125 131 130 
125 126 132 131 
126 127 133 132 
127 128 134 133 
128 129 135 134 
129 86 87 135 
63 130 136 62 
130 131 137 136 
131 132 138 137 
132 133 139 138 
133 134 140 139 
134 135 141 140 
135 87 88 141 
62 136 142 61 
136 137 143 142 
137 138 144 143 
138 139 145 144 
139 140 146 145 
140 141 147 146 
141 88 89 147 
61 142 148 60 
142 143 149 148 
143 144 150 149 
144 145 151 150 
145 146 152 151 
146 147 153 152 
147 89 77 153 
60 148 154 59 
148 149 155 154 
149 150 156 155 
150 151 157 156 
151 152 158 157 
152 153 159 158 
153 77 81 159 
59 154 160 58 
154 155 161 160 
155 156 162 161 
156 157 163 162 
157 158 164 163 
158 159 165 164 
159 81 90 165 
58 160 166 57 
160 161 167 166 
161 162 168 167 
162 163 169 168 
163 164 170 169 
164 165 171 170 
165 90 91 171 
57 166 172 56 
166 167 173 172 
167 168 174 173 
168 169 175 174 
169 170 176 175 
170 171 177 176 
171 91 92 177 
56 172 178 55 
172 173 179 178 
173 174 180 179 
174 175 181 180 
175 176 182 181 
176 177 183 182 
177 92 93 183 
55 178 184 54 
178 179 185 184 
179 180 186 185 
180 181 187 186 
181 182 188 187 
182 183 189 188 
183 93 74 189 
54 184 190 53 
184 185 191 190 
185 186 192 191 
186 187 193 192 
187 188 194 193 
188 189 195 194 
189 74 71 195 
53 190 196 52 
190 191 197 196 
191 192 198 197 
192 193 199 198 
193 194 200 199 
194 195 201 200 
195 71 80 201 
52 196 202 51 
196 197 203 202 
197 198 204 203 
198 199 205 204 
199 200 206 205 
200 201 207 206 
201 80 79 207 
51 202 50 70 
202 203 49 50 
203 204 48 49 
204 205 72 48 
205 206 73 72 
206 207 78 73 
207 79 75 78 
24 30 312 227 
30 36 313 312 
36 42 283 313 
227 312 314 226 
312 313 315 314 
313 283 292 315 
226 314 316 225 
314 315 317 316 
315 292 296 317 
225 316 318 224 
316 317 319 318 
317 296 300 319 
224 318 320 223 
318 319 321 320 
319 300 278 321 
223 320 322 222 
320 321 323 322 
321 278 289 323 
222 322 324 221 
322 323 325 324 
323 289 282 325 
221 324 326 220 
324 325 327 326 
325 282 301 327 
220 326 328 219 
326 327 329 328 
327 301 297 329 
219 328 330 218 
328 329 331 330 
329 297 286 331 
218 330 332 217 
330 331 333 332 
331 286 294 333 
217 332 334 216 
332 333 335 334 
333 294 295 335 
216 334 336 215 
334 335 337 336 
335 295 287 337 
215 336 338 214 
336 337 339 338 
337 287 293 339 
214 338 340 213 
338 339 341 340 
339 293 298 341 
213 340 342 212 
340 341 343 342 
341 298 299 343 
212 342 344 211 
342 343 345 344 
343 299 288 345 
211 344 346 210 
344 345 347 346 
345 288 291 347 
210 346 348 209 
346 347 349 348 
347 291 290 349 
209 348 350 208 
348 349 351 350 
349 290 284 351 
208 350 352 311 
350 351 353 352 
351 284 302 353 
311 352 354 310 
352 353 355 354 
353 302 303 355 
310 354 356 309 
354 355 357 356 
355 303 304 357 
309 356 358 308 
356 357 359 358 
357 304 305 359 
308 358 307 280 
358 359 306 307 
359 305 279 306 
0 6 360 277 
6 12 361 360 
12 18 228 361 
277 360 362 276 
360 361 363 362 
361 228 229 363 
276 362 364 275 
362 363 365 364 
363 229 230 365 
275 364 366 274 
364 365 367 366 
365 230 231 367 
274 366 368 273 
366 367 369 368 
367 231 232 369 
273 368 370 272 
368 369 371 370 
369 232 233 371 
272 370 372 271 
370 371 373 372 
371 233 234 373 
271 372 374 270 
372 373 375 374 
373 234 235 375 
270 374 376 269 
374 375 377 376 
375 235 236 377 
269 376 378 268 
376 377 379 378 
377 236 237 379 
268 378 380 267 
378 379 381 380 
379 237 238 381 
267 380 382 266 
380 381 383 382 
381 238 239 383 
266 382 384 265 
382 383 385 384 
383 239 240 385 
265 384 386 264 
384 385 387 386 
385 240 241 387 
264 386 388 263 
386 387 389 388 
387 241 242 389 
263 388 390 262 
388 389 391 390 
389 242 243 391 
262 390 392 261 
390 391 393 392 
391 243 244 393 
261 392 394 260 
392 393 395 394 
393 244 245 395 
260 394 396 259 
394 395 397 396 
395 245 246 397 
259 396 398 258 
396 397 399 398 
397 246 247 399 
258 398 400 257 
398 399 401 400 
399 247 248 401 
257 400 402 256 
400 401 403 402 
401 248 249 403 
256 402 404 255 
402 403 405 404 
403 249 250 405 
255 404 406 254 
404 405 407 406 
405 250 251 407 
254 406 253 285 
406 407 252 253 
407 251 281 252 
24 227 228 18 
227 226 229 228 
226 225 230 229 
225 224 231 230 
224 223 232 231 
223 222 233 232 
222 221 234 233 
221 220 235 234 
220 219 236 235 
219 218 237 236 
218 217 238 237 
217 216 239 238 
216 215 240 239 
215 214 241 240 
214 213 242 241 
213 212 243 242 
212 211 244 243 
211 210 245 244 
210 209 246 245 
209 208 247 246 
208 311 248 247 
311 310 249 248 
310 309 250 249 
309 308 251 250 
308 280 281 251 
467 67 66 466 
68 468 470 69 
440 43 44 442 
297 456 446 286 
70 434 515 51 
733 515 550 519 
53 512 501 54 
54 501 509 55 
574 739 549 564 
502 57 56 471 
740 58 57 502 
58 740 472 59 
475 507 510 465 
473 61 60 503 
506 504 541 542 
63 464 475 64 
465 65 64 475 
65 465 466 66 
46 443 439 45 
435 413 596 412 
703 596 413 414 
410 411 614 591 
569 565 514 551 
514 565 749 548 
519 550 573 564 
424 433 425 622 
645 621 620 646 
485 448 447 486 
500 450 453 480 
479 481 524 520 
770 607 626 604 
643 615 591 614 
305 517 432 279 
302 483 462 303 
497 460 459 742 
449 487 496 457 
485 486 527 534 
620 427 428 623 
427 620 621 426 
426 621 622 425 
43 440 441 42 
42 441 453 283 
292 450 451 296 
296 451 452 300 
444 289 278 454 
289 444 455 282 
282 455 445 301 
301 445 456 297 
286 446 447 294 
294 447 448 295 
449 287 295 448 
293 457 458 298 
298 458 482 299 
459 288 299 482 
460 291 288 459 
484 290 291 460 
284 461 483 302 
303 462 463 304 
463 517 305 304 
469 47 69 470 
45 439 442 44 
443 46 47 469 
522 476 479 520 
477 440 442 476 
480 453 441 478 
450 292 283 453 
476 442 439 479 
481 443 469 516 
454 278 300 452 
527 486 495 533 
581 580 600 632 
495 446 456 494 
556 537 535 536 
448 485 487 449 
287 449 457 293 
450 500 488 451 
451 488 490 452 
440 477 478 441 
452 490 493 454 
491 444 454 493 
455 489 492 445 
445 492 494 456 
553 567 571 498 
741 483 461 518 
290 484 461 284 
498 571 517 463 
498 463 462 553 
464 63 62 474 
474 62 61 473 
516 538 524 481 
506 468 467 504 
67 467 468 68 
443 481 479 439 
516 469 470 511 
468 506 511 470 
471 56 55 509 
769 561 587 783 
59 472 503 60 
750 513 566 546 
466 505 504 467 
508 464 474 513 
507 475 464 508 
578 522 520 776 
522 521 477 476 
477 521 523 478 
599 767 554 584 
555 523 521 775 
552 482 458 499 
741 553 462 483 
518 461 484 751 
484 460 497 751 
486 447 446 495 
580 527 533 778 
489 455 444 491 
526 492 489 528 
485 534 536 487 
457 496 499 458 
494 529 533 495 
500 480 525 539 
493 532 753 491 
492 526 529 494 
500 539 530 488 
531 490 488 530 
537 499 496 535 
571 605 735 517 
482 552 742 459 
535 496 487 536 
523 525 480 478 
512 53 52 733 
512 733 519 738 
549 739 509 501 
505 466 465 510 
538 554 777 524 
513 474 473 566 
750 507 508 513 
503 548 566 473 
557 561 543 544 
472 514 548 503 
540 505 510 543 
510 507 544 543 
51 515 733 52 
544 507 750 545 
740 502 471 551 
565 569 748 572 
734 550 515 434 
511 547 538 516 
553 741 518 567 
549 738 519 564 
748 745 619 572 
775 521 522 578 
778 533 529 558 
541 504 505 540 
773 538 547 542 
528 489 491 753 
580 581 534 527 
493 490 531 532 
559 530 539 562 
779 558 529 526 
772 559 562 764 
530 559 781 531 
536 534 581 556 
582 598 752 568 
752 598 625 606 
582 568 537 556 
540 543 561 769 
782 562 539 525 
541 540 769 560 
511 506 542 547 
541 560 773 542 
566 548 749 546 
546 579 545 750 
672 626 653 747 
551 739 574 569 
672 761 604 626 
773 560 590 563 
739 551 471 509 
434 436 650 734 
595 594 438 408 
575 572 633 607 
740 551 514 472 
499 537 568 552 
571 567 577 605 
531 781 780 532 
523 555 782 525 
675 679 693 683 
588 587 561 557 
557 544 545 766 
528 753 585 586 
585 610 608 586 
589 585 780 781 
558 779 586 601 
528 586 779 526 
613 587 611 759 
773 563 554 538 
766 774 588 557 
590 560 769 783 
603 765 775 578 
559 772 589 781 
573 597 743 564 
546 749 575 579 
606 625 635 577 
742 552 576 497 
594 593 437 438 
408 409 592 595 
570 751 497 576 
576 552 568 752 
591 592 409 410 
573 650 593 597 
436 437 593 650 
432 517 735 431 
565 572 575 749 
582 602 644 598 
429 624 623 428 
752 606 570 576 
584 554 563 590 
657 599 627 654 
768 604 761 630 
579 770 766 545 
601 771 778 558 
771 649 652 600 
556 581 602 582 
623 648 646 620 
755 609 637 662 
764 562 782 765 
639 612 613 759 
636 655 608 610 
771 601 628 649 
590 613 612 584 
592 591 615 618 
640 642 665 666 
763 762 589 772 
763 583 756 609 
596 703 643 614 
640 641 616 618 
650 573 550 734 
594 595 616 617 
597 617 651 743 
659 619 651 641 
411 412 596 614 
593 594 617 597 
570 606 577 567 
584 612 627 599 
698 696 683 693 
608 628 601 586 
727 645 684 705 
610 762 755 636 
579 575 607 770 
431 735 647 430 
745 743 651 619 
585 589 762 610 
655 664 628 608 
756 757 629 660 
756 660 637 609 
728 705 711 731 
611 587 588 768 
709 673 654 639 
759 611 638 663 
639 759 663 709 
692 702 685 681 
633 572 619 659 
618 616 595 592 
685 672 747 681 
607 633 653 626 
424 622 727 423 
622 621 645 727 
624 429 430 647 
656 635 625 669 
631 605 577 635 
746 632 667 687 
629 758 634 658 
660 674 691 637 
723 708 726 720 
611 768 630 638 
624 647 631 677 
649 628 664 754 
602 581 632 746 
654 627 612 639 
670 648 677 656 
664 655 676 713 
658 634 657 678 
658 674 660 629 
760 630 761 661 
719 718 417 418 
712 690 704 720 
618 615 642 640 
617 616 641 651 
615 643 668 642 
680 760 661 695 
708 703 414 415 
652 667 632 600 
625 598 644 669 
671 683 696 684 
648 623 624 677 
605 631 647 735 
635 656 677 631 
667 754 686 687 
670 675 683 671 
653 633 659 666 
662 707 636 755 
655 636 707 676 
644 602 746 679 
673 678 657 654 
719 721 699 710 
641 640 666 659 
672 685 661 761 
717 697 715 722 
760 680 638 630 
712 710 700 690 
754 664 713 686 
642 668 682 665 
695 702 725 704 
656 669 675 670 
694 668 643 703 
671 646 648 670 
423 727 705 422 
645 646 671 684 
747 653 666 665 
674 658 678 689 
689 688 699 706 
679 675 669 644 
662 697 717 707 
714 716 731 711 
678 673 688 689 
754 667 652 649 
663 638 680 690 
692 681 682 701 
668 694 701 682 
716 714 713 676 
695 661 685 702 
711 705 684 696 
698 693 687 686 
679 746 687 693 
673 709 700 688 
699 721 715 706 
706 691 674 689 
718 719 710 712 
662 637 691 697 
665 682 681 747 
701 694 723 725 
690 680 695 704 
711 696 698 714 
717 722 737 732 
713 714 698 686 
688 700 710 699 
721 729 722 715 
663 690 700 709 
708 723 694 703 
702 692 701 725 
697 691 706 715 
724 730 728 731 
718 712 720 726 
732 676 707 717 
737 736 730 724 
719 418 729 721 
723 720 704 725 
737 724 744 732 
726 708 415 416 
416 417 718 726 
716 744 724 731 
728 421 422 705 
729 418 419 736 
730 420 421 728 
736 419 420 730 
722 729 736 737 
738 549 501 512 
564 743 745 574 
744 716 676 732 
569 574 745 748 
567 518 751 570 
585 753 532 780 
757 756 583 764 
757 603 758 629 
609 755 762 763 
772 764 583 763 
757 764 765 603 
555 775 765 782 
599 657 634 767 
758 603 767 634 
767 603 578 776 
768 588 774 604 
774 766 770 604 
771 600 580 778 
777 776 520 524 
767 776 777 554 
613 590 783 587 
828 276 275 827 
2 816 818 3 
89 851 852 77 
815 858 861 819 
285 785 839 254 
1029 839 785 805 
870 256 255 1102 
1105 865 833 864 
864 258 257 832 
259 258 864 833 
865 260 259 833 
834 261 260 865 
261 834 835 262 
866 1107 952 836 
836 264 263 866 
940 1135 1149 1136 
266 820 821 267 
267 821 822 268 
823 269 268 822 
838 270 269 823 
271 824 830 272 
825 273 272 830 
273 825 831 274 
1 817 816 2 
800 803 978 798 
1081 978 803 809 
796 797 994 973 
953 951 880 935 
865 935 880 834 
832 900 1105 864 
811 801 799 1004 
1001 1025 1024 1002 
1005 810 795 1027 
892 850 847 886 
845 76 85 849 
4 815 819 5 
860 816 817 862 
875 830 824 877 
867 822 821 868 
879 820 837 881 
962 1127 1006 1013 
1021 995 973 994 
79 899 784 75 
856 843 1106 883 
937 1112 1116 930 
90 853 854 91 
1123 1122 930 1116 
1002 1003 802 814 
802 1003 1004 799 
5 819 848 83 
84 844 849 85 
76 845 846 82 
82 846 847 86 
840 88 87 850 
88 840 851 89 
81 841 853 90 
92 842 855 93 
93 855 843 74 
74 843 856 71 
71 856 857 80 
857 899 79 80 
829 0 277 826 
817 1 0 829 
815 4 3 818 
861 858 901 905 
826 277 276 828 
862 817 829 882 
859 860 902 903 
859 818 816 860 
898 844 848 863 
844 84 83 848 
820 266 265 837 
837 265 264 836 
869 867 907 909 
822 867 869 823 
270 838 824 271 
828 873 872 826 
827 275 274 831 
818 859 858 815 
882 829 826 872 
878 838 823 869 
825 871 874 831 
876 827 831 874 
832 257 256 870 
935 865 1105 1111 
917 908 868 879 
262 835 866 263 
881 837 836 952 
254 839 1102 255 
1104 870 1102 933 
850 87 86 847 
888 851 840 885 
841 889 890 853 
841 81 77 852 
842 92 91 854 
936 899 857 897 
887 846 845 893 
893 845 849 894 
886 847 846 887 
819 861 863 848 
922 946 1133 921 
927 926 1131 945 
923 924 892 886 
1106 884 1115 883 
853 890 896 854 
884 855 842 891 
856 883 897 857 
964 924 923 1132 
860 862 904 902 
873 828 827 876 
862 882 906 904 
887 893 922 921 
1138 961 901 903 
894 849 844 898 
933 934 957 950 
950 1111 1105 900 
868 821 820 879 
878 916 913 877 
879 881 918 917 
830 875 871 825 
877 824 838 878 
872 873 912 920 
871 875 910 911 
911 915 874 871 
909 916 878 869 
1138 903 902 939 
1136 941 907 908 
932 835 834 880 
908 907 867 868 
951 953 956 1129 
970 1142 942 1153 
902 904 1139 939 
842 854 896 891 
936 897 1112 937 
851 888 895 852 
954 1128 928 955 
1133 981 986 1132 
885 840 850 892 
921 923 886 887 
894 898 931 925 
852 895 889 841 
895 888 927 1119 
938 905 901 961 
898 863 919 931 
885 892 924 926 
888 885 926 927 
895 928 1121 889 
890 929 1122 896 
863 861 905 919 
900 1104 933 950 
958 993 953 935 
858 859 903 901 
961 1138 982 1152 
882 872 920 906 
876 874 915 914 
980 1143 967 1007 
938 965 919 905 
942 910 913 944 
1137 913 916 909 
1107 932 1117 960 
910 875 877 913 
943 912 914 1141 
914 912 873 876 
1141 963 984 943 
963 1141 914 915 
1142 911 910 942 
915 911 1142 963 
907 941 1137 909 
941 1147 969 1137 
1144 1006 1148 1031 
893 894 925 922 
943 1140 920 912 
1134 1055 968 945 
925 931 949 972 
945 1131 964 1134 
1131 926 924 964 
986 1134 964 1132 
966 955 959 988 
1130 945 968 947 
1121 929 890 889 
966 987 954 955 
1122 929 1128 930 
999 936 937 1022 
1116 1112 1115 1123 
919 965 949 931 
835 932 1107 866 
880 951 1117 932 
934 933 1102 839 
977 976 807 808 
1129 989 1117 951 
784 899 1103 813 
1103 899 936 999 
1000 954 987 1014 
985 949 965 1151 
971 948 1140 943 
974 973 995 998 
940 1136 908 917 
944 913 1137 969 
963 983 1016 984 
948 906 920 1140 
1147 990 991 1154 
789 1001 1002 814 
946 922 925 972 
955 928 1130 947 
939 1143 980 1150 
1143 939 1139 948 
950 957 979 958 
1107 960 1118 952 
918 881 952 1118 
976 975 806 807 
808 788 974 977 
1011 966 988 1071 
1128 954 1000 930 
959 955 947 968 
973 974 788 796 
962 1135 918 1118 
957 1029 975 979 
805 806 975 1029 
1025 1046 1047 1024 
1118 960 1127 962 
989 1127 960 1117 
938 961 1152 1155 
1019 1020 1059 1042 
1135 940 917 918 
983 963 1142 970 
1150 982 1138 939 
810 1005 1001 789 
992 1032 1007 967 
991 990 1017 1033 
942 944 1154 1153 
970 1009 1016 983 
984 1012 971 943 
948 971 967 1143 
985 1008 972 949 
1146 946 972 1008 
978 1081 1021 994 
997 996 1018 1030 
1029 957 934 839 
1110 993 958 979 
1144 1058 1048 1006 
797 798 978 994 
975 976 997 979 
1134 1039 1124 1055 
1023 982 1150 980 
1152 982 1023 1155 
991 970 1153 1154 
1045 1060 1063 1049 
968 1055 1114 959 
1026 1050 1046 1025 
1074 1047 1085 1082 
1047 1074 1061 1024 
993 1015 956 953 
962 1013 1149 1135 
1016 1009 1035 1036 
984 1016 1036 1012 
1009 970 991 1033 
1060 1053 1068 1073 
992 967 971 1012 
976 977 996 997 
979 997 1030 1110 
998 996 977 974 
1058 1062 1038 1048 
813 1103 1027 795 
1000 1022 937 930 
1071 988 1010 1085 
811 1004 1092 787 
1024 1061 1003 1002 
999 1041 1027 1103 
1031 1129 956 1015 
1032 1053 1040 1007 
980 1007 1040 1023 
1035 1009 1033 1051 
1114 1010 988 959 
1026 1025 1001 1005 
987 966 1011 1050 
1014 1108 1022 1000 
1030 1034 993 1110 
1019 1018 996 998 
990 1013 1038 1017 
1017 1052 1051 1033 
1034 1030 1018 1043 
998 995 1020 1019 
995 1021 1044 1020 
1120 1052 1062 1069 
1088 1081 809 794 
1061 1092 1004 1003 
1041 1026 1005 1027 
1050 1026 1041 1108 
1041 999 1022 1108 
1028 1045 1049 1008 
1008 985 1151 1028 
1129 1031 1148 989 
1034 1072 1015 993 
1064 992 1012 1036 
1079 1097 1095 1089 
1052 1017 1038 1062 
1075 1064 1054 1100 
1018 1019 1042 1043 
1054 1035 1051 1066 
1036 1035 1054 1064 
1008 1049 1057 1146 
1076 1087 1082 1056 
1013 1006 1048 1038 
946 1146 981 1133 
1040 1053 1060 1045 
1023 1040 1045 1028 
1043 1126 1072 1034 
1059 1020 1044 1113 
1044 1021 1081 1070 
1073 1077 1063 1060 
1037 1056 1010 1114 
787 1092 1083 792 
1144 1072 1126 1058 
1084 1057 1049 1063 
1124 1037 1114 1055 
1014 987 1050 1108 
1050 1011 1071 1046 
1066 1091 1100 1054 
1086 1065 1080 1093 
1064 1075 1032 992 
1073 1068 1090 1079 
1065 1066 1051 1052 
1067 1039 1057 1084 
1146 1057 1039 981 
1125 1043 1042 1059 
1069 1062 1145 1125 
1078 1113 1044 1070 
1085 1047 1046 1071 
1092 1061 1074 1083 
1145 1062 1058 1126 
1076 1109 1094 1087 
1100 1091 1098 1090 
1087 1083 1074 1082 
1084 1063 1077 1109 
1037 1067 1076 1056 
1075 1068 1053 1032 
1125 1145 1126 1043 
1113 1078 1120 1069 
1093 1078 1088 1101 
1031 1015 1072 1144 
1099 1094 1089 1095 
1052 1120 1080 1065 
1076 1067 1084 1109 
1073 1079 1089 1077 
1059 1113 1069 1125 
1090 1068 1075 1100 
791 786 1095 1097 
1093 1101 1096 1086 
793 792 1083 1099 
1085 1010 1056 1082 
1098 1096 790 812 
1066 1065 1086 1091 
1070 1081 1088 1078 
1087 1094 1099 1083 
812 791 1097 1098 
1090 1098 1097 1079 
1078 1093 1080 1120 
804 790 1096 1101 
1089 1094 1109 1077 
786 793 1099 1095 
1091 1086 1096 1098 
1101 1088 794 804 
1104 900 832 870 
1106 843 855 884 
958 935 1111 950 
1112 897 883 1115 
1123 1115 884 891 
928 895 1119 1130 
1130 1119 927 945 
929 1121 928 1128 
896 1122 1123 891 
1124 1039 1067 1037 
1127 989 1148 1006 
1132 923 921 1133 
986 981 1039 1134 
1139 904 906 948 
941 1136 1149 1156 
990 1156 1149 1013 
1147 941 1156 990 
1028 1151 1155 1023 
1155 1151 965 938 
1154 944 969 1147 
</DataArray>
<DataArray type="Int32" Name="offsets" format="ascii">
4 8 12 16 20 24 28 32 36 40 44 48 52 56 60 64 68 72 76 80 84 88 92 96 100 104 108 112 116 120 124 128 132 136 140 144 148 152 156 160 164 168 172 176 180 184 188 192 196 200 204 208 212 216 220 224 228 232 236 240 244 248 252 256 260 264 268 272 276 280 284 288 292 296 300 304 308 312 316 320 324 328 332 336 340 344 348 352 356 360 364 368 372 376 380 384 388 392 396 400 404 408 412 416 420 424 428 432 436 440 444 448 452 456 460 464 468 472 476 480 484 488 492 496 500 504 508 512 516 520 524 528 532 536 540 544 548 552 556 560 564 568 572 576 580 584 588 592 596 600 604 608 612 616 620 624 628 632 636 640 644 648 652 656 660 664 668 672 676 680 684 688 692 696 700 704 708 712 716 720 724 728 732 736 740 744 748 752 756 760 764 768 772 776 780 784 788 792 796 800 804 808 812 816 820 824 828 832 836 840 844 848 852 856 860 864 868 872 876 880 884 888 892 896 900 904 908 912 916 920 924 928 932 936 940 944 948 952 956 960 964 968 972 976 980 984 988 992 996 1000 1004 1008 1012 1016 1020 1024 1028 1032 1036 1040 1044 1048 1052 1056 1060 1064 1068 1072 1076 1080 1084 1088 1092 1096 1100 1104 1108 1112 1116 1120 1124 1128 1132 1136 1140 1144 1148 1152 1156 1160 1164 1168 1172 1176 1180 1184 1188 1192 1196 1200 1204 1208 1212 1216 1220 1224 1228 1232 1236 1240 1244 1248 1252 1256 1260 1264 1268 1272 1276 1280 1284 1288 1292 1296 1300 1304 1308 1312 1316 1320 1324 1328 1332 1336 1340 1344 1348 1352 1356 1360 1364 1368 1372 1376 1380 1384 1388 1392 1396 1400 1404 1408 1412 1416 1420 1424 1428 1432 1436 1440 1444 1448 1452 1456 1460 1464 1468 1472 1476 1480 1484 1488 1492 1496 1500 1504 1508 1512 1516 1520 1524 1528 1532 1536 1540 1544 1548 1552 1556 1560 1564 1568 1572 1576 1580 1584 1588 1592 1596 1600 1604 1608 1612 1616 1620 1624 1628 1632 1636 1640 1644 1648 1652 1656 1660 1664 1668 1672 1676 1680 1684 1688 1692 1696 1700 1704 1708 1712 1716 1720 1724 1728 1732 1736 1740 1744 1748 1752 1756 1760 1764 1768 1772 1776 1780 1784 1788 1792 1796 1800 1804 1808 1812 1816 1820 1824 1828 1832 1836 1840 1844 1848 1852 1856 1860 1864 1868 1872 1876 1880 1884 1888 1892 1896 1900 1904 1908 1912 1916 1920 1924 1928 1932 1936 1940 1944 1948 1952 1956 1960 1964 1968 1972 1976 1980 1984 1988 1992 1996 2000 2004 2008 2012 2016 2020 2024 2028 2032 2036 2040 2044 2048 2052 2056 2060 2064 2068 2072 2076 2080 2084 2088 2092 2096 2100 2104 2108 2112 2116 2120 2124 2128 2132 2136 2140 2144 2148 2152 2156 2160 2164 2168 2172 2176 2180 2184 2188 2192 2196 2200 2204 2208 2212 2216 2220 2224 2228 2232 2236 2240 2244 2248 2252 2256 2260 2264 2268 2272 2276 2280 2284 2288 2292 2296 2300 2304 2308 2312 2316 2320 2324 2328 2332 2336 2340 2344 2348 2352 2356 2360 2364 2368 2372 2376 2380 2384 2388 2392 2396 2400 2404 2408 2412 2416 2420 2424 2428 2432 2436 2440 2444 2448 2452 2456 2460 2464 2468 2472 2476 2480 2484 2488 2492 2496 2500 2504 2508 2512 2516 2520 2524 2528 2532 2536 2540 2544 2548 2552 2556 2560 2564 2568 2572 2576 2580 2584 2588 2592 2596 2600 2604 2608 2612 2616 2620 2624 2628 2632 2636 2640 2644 2648 2652 2656 2660 2664 2668 2672 2676 2680 2684 2688 2692 2696 2700 2704 2708 2712 2716 2720 2724 2728 2732 2736 2740 2744 2748 2752 2756 2760 2764 2768 2772 2776 2780 2784 2788 2792 2796 2800 2804 2808 2812 2816 2820 2824 2828 2832 2836 2840 2844 2848 2852 2856 2860 2864 2868 2872 2876 2880 2884 2888 2892 2896 2900 2904 2908 2912 2916 2920 2924 2928 2932 2936 2940 2944 2948 2952 2956 2960 2964 2968 2972 2976 2980 2984 2988 2992 2996 3000 3004 3008 3012 3016 3020 3024 3028 3032 3036 3040 3044 3048 3052 3056 3060 3064 3068 3072 3076 3080 3084 3088 3092 3096 3100 3104 3108 3112 3116 3120 3124 3128 3132 3136 3140 3144 3148 3152 3156 3160 3164 3168 3172 3176 3180 3184 3188 3192 3196 3200 3204 3208 3212 3216 3220 3224 3228 3232 3236 3240 3244 3248 3252 3256 3260 3264 3268 3272 3276 3280 3284 3288 3292 3296 3300 3304 3308 3312 3316 3320 3324 3328 3332 3336 3340 3344 3348 3352 3356 3360 3364 3368 3372 3376 3380 3384 3388 3392 3396 3400 3404 3408 3412 3416 3420 3424 3428 3432 3436 3440 3444 3448 3452 3456 3460 3464 3468 3472 3476 3480 3484 3488 3492 3496 3500 3504 3508 3512 3516 3520 3524 3528 3532 3536 3540 3544 3548 3552 3556 3560 3564 3568 3572 3576 3580 3584 3588 3592 3596 3600 3604 3608 3612 3616 3620 3624 3628 3632 3636 3640 3644 3648 3652 3656 3660 3664 3668 3672 3676 3680 3684 3688 3692 3696 3700 3704 3708 3712 3716 3720 3724 3728 3732 3736 3740 3744 3748 3752 3756 3760 3764 3768 3772 3776 3780 3784 3788 3792 3796 3800 3804 3808 3812 3816 3820 3824 3828 3832 3836 3840 3844 3848 3852 3856 3860 3864 3868 3872 3876 3880 3884 3888 3892 3896 3900 3904 3908 3912 3916 3920 3924 3928 3932 3936 3940 3944 3948 3952 3956 3960 3964 3968 3972 3976 3980 3984 3988 3992 3996 4000 4004 4008 4012 4016 4020 4024 4028 4032 4036 4040 4044 4048 4052 4056 4060 4064 4068 4072 4076 4080 4084 4088 4092 4096 4100 4104 4108 4112 4116 4120 4124 4128 4132 4136 4140 4144 4148 4152 4156 4160 4164 4168 4172 4176 4180 4184 4188 4192 4196 4200 4204 4208 4212 4216 4220 4224 4228 4232 4236 4240 4244 4248 4252 4256 4260 4264 4268 4272 4276 4280 4284 4288 4292 4296 4300 4304 4308 4312 4316 4320 4324 4328 4332 4336 4340 4344 4348 4352 4356 4360 4364 4368 4372 4376 4380 4384 4388 4392 4396 4400 4404 4408 4412 4416 4420 4424 4428 4432 4436 4440 4444 4448 4452 4456 4460 4464 4468 
</DataArray>
<DataArray type="UInt8" Name="types" format="ascii">
9 9 9 9 9 9 9 9 9 9 9 9 9 9 9 9 9 9 9 9 9 9 9 9 9 9 9 9 9 9 9 9 9 9 9 9 9 9 9 9 9 9 9 9 9 9 9 9 9 9 9 9 9 9 9 9 9 9 9 9 9 9 9 9 9 9 9 9 9 9 9 9 9 9 9 9 9 9 9 9 9 9 9 9 9 9 9 9 9 9 9 9 9 9 9 9 9 9 9 9 9 9 9 9 9 9 9 9 9 9 9 9 9 9 9 9 9 9 9 9 9 9 9 9 9 9 9 9 9 9 9 9 9 9 9 9 9 9 9 9 9 9 9 9 9 9 9 9 9 9 9 9 9 9 9 9 9 9 9 9 9 9 9 9 9 9 9 9 9 9 9 9 9 9 9 9 9 9 9 9 9 9 9 9 9 9 9 9 9 9 9 9 9 9 9 9 9 9 9 9 9 9 9 9 9 9 9 9 9 9 9 9 9 9 9 9 9 9 9 9 9 9 9 9 9 9 9 9 9 9 9 9 9 9 9 9 9 9 9 9 9 9 9 9 9 9 9 9 9 9 9 9 9 9 9 9 9 9 9 9 9 9 9 9 9 9 9 9 9 9 9 9 9 9 9 9 9 9 9 9 9 9 9 9 9 9 9 9 9 9 9 9 9 9 9 9 9 9 9 9 9 9 9 9 9 9 9 9 9 9 9 9 9 9 9 9 9 9 9 9 9 9 9 9 9 9 9 9 9 9 9 9 9 9 9 9 9 9 9 9 9 9 9 9 9 9 9 9 9 9 9 9 9 9 9 9 9 9 9 9 9 9 9 9 9 9 9 9 9 9 9 9 9 9 9 9 9 9 9 9 9 9 9 9 9 9 9 9 9 9 9 9 9 9 9 9 9 9 9 9 9 9 9 9 9 9 9 9 9 9 9 9 9 9 9 9 9 9 9 9 9 9 9 9 9 9 9 9 9 9 9 9 9 9 9 9 9 9 9 9 9 9 9 9 9 9 9 9 9 9 9 9 9 9 9 9 9 9 9 9 9 9 9 9 9 9 9 9 9 9 9 9 9 9 9 9 9 9 9 9 9 9 9 9 9 9 9 9 9 9 9 9 9 9 9 9 9 9 9 9 9 9 9 9 9 9 9 9 9 9 9 9 9 9 9 9 9 9 9 9 9 9 9 9 9 9 9 9 9 9 9 9 9 9 9 9 9 9 9 9 9 9 9 9 9 9 9 9 9 9 9 9 9 9 9 9 9 9 9 9 9 9 9 9 9 9 9 9 9 9 9 9 9 9 9 9 9 9 9 9 9 9 9 9 9 9 9 9 9 9 9 9 9 9 9 9 9 9 9 9 9 9 9 9 9 9 9 9 9 9 9 9 9 9 9 9 9 9 9 9 9 9 9 9 9 9 9 9 9 9 9 9 9 9 9 9 9 9 9 9 9 9 9 9 9 9 9 9 9 9 9 9 9 9 9 9 9 9 9 9 9 9 9 9 9 9 9 9 9 9 9 9 9 9 9 9 9 9 9 9 9 9 9 9 9 9 9 9 9 9 9 9 9 9 9 9 9 9 9 9 9 9 9 9 9 9 9 9 9 9 9 9 9 9 9 9 9 9 9 9 9 9 9 9 9 9 9 9 9 9 9 9 9 9 9 9 9 9 9 9 9 9 9 9 9 9 9 9 9 9 9 9 9 9 9 9 9 9 9 9 9 9 9 9 9 9 9 9 9 9 9 9 9 9 9 9 9 9 9 9 9 9 9 9 9 9 9 9 9 9 9 9 9 9 9 9 9 9 9 9 9 9 9 9 9 9 9 9 9 9 9 9 9 9 9 9 9 9 9 9 9 9 9 9 9 9 9 9 9 9 9 9 9 9 9 9 9 9 9 9 9 9 9 9 9 9 9 9 9 9 9 9 9 9 9 9 9 9 9 9 9 9 9 9 9 9 9 9 9 9 9 9 9 9 9 9 9 9 9 9 9 9 9 9 9 9 9 9 9 9 9 9 9 9 9 9 9 9 9 9 9 9 9 9 9 9 9 9 9 9 9 9 9 9 9 9 9 9 9 9 9 9 9 9 9 9 9 9 9 9 9 9 9 9 9 9 9 9 9 9 9 9 9 9 9 9 9 9 9 9 9 9 9 9 9 9 9 9 9 9 9 9 9 9 9 9 9 9 9 9 9 9 9 9 9 9 9 9 9 9 9 9 9 9 9 9 9 9 9 9 9 9 9 9 9 9 9 9 9 9 9 9 9 9 9 9 9 9 9 9 9 9 9 9 9 9 9 9 9 9 9 9 9 9 9 9 9 9 9 9 9 9 9 9 9 9 9 9 9 9 9 9 9 9 9 9 9 9 9 9 9 9 9 9 9 9 9 9 9 9 9 9 9 9 9 9 9 9 9 9 9 9 9 9 9 9 9 9 9 9 9 9 9 9 9 9 9 9 9 9 9 9 9 9 9 9 9 9 9 9 9 9 9 9 9 9 9 9 9 9 9 9 9 9 9 9 9 
</DataArray>
</Cells>
<PointData>
<DataArray type="Float64" Name="phi" NumberOfComponents="1" format="ascii">
0.5141069702699954 
0.4677833708135448 
0.4144766463185308 
0.3612096338475277 
0.3131722353940801 
0.2721141845800917 
0.6179089313818351 
0.5503336168112398 
0.4722615731344941 
0.3994241008679678 
0.3390174022294759 
0.2899361929571077 
0.7552659595739375 
0.6479283635214744 
0.524550921940698 
0.4311115063639282 
0.359185427910157 
0.3033059512863859 
1 
0.7150400736519149 
0.5578889484506689 
0.4495942582251871 
0.3704145621253332 
0.3104836461286568 
1 
0.7150683463216773 
0.557910907542824 
0.4496098386452665 
0.3704246800336316 
0.3104905465788358 
0.7553432564760661 
0.6480037103771318 
0.524611920858166 
0.4311530502344103 
0.3592121433350152 
0.3033248719820892 
0.618059273343855 
0.5504681419739377 
0.4723571765016102 
0.3994823522437529 
0.3390519205742819 
0.2899616443883039 
0.514367469567531 
0.4679755193925145 
0.4145943895071375 
0.3612724533712811 
0.3131979755390106 
0.2721375136652244 
0.07550408726876884 
0.07566566184509331 
0.07598953191794273 
0.07685613128079248 
0.07790260789196433 
0.07945519668782605 
0.08144528025801513 
0.08384356836456114 
0.08664726445666876 
0.08988614177258328 
0.09369420118069505 
0.09815929391101071 
0.1034258374047311 
0.1096690180756958 
0.1171146118714324 
0.1260532124554317 
0.1368949120855689 
0.1500178401549107 
0.1659404814837305 
0.1852891329480368 
0.2088279357145144 
0.2374521178651519 
0.07648411050430265 
0.07947248634625102 
0.07550761037584904 
0.0756766096671172 
0.08144489011560349 
0.07650332909428023 
0.1658364062986643 
0.1033874461922964 
0.07600932554199889 
0.07690051417638881 
0.07792995891617795 
0.0981327607184736 
0.149923863326686 
0.2374134496181556 
0.2087592382337649 
0.1851982821717567 
0.1368207510477064 
0.1260100784323251 
0.1170584323322743 
0.1096192934173776 
0.09367956320153471 
0.08988267322699339 
0.08662487334117613 
0.08382642510198671 
0.2498258957382292 
0.2588724022190571 
0.2636618194528199 
0.2636554807157775 
0.2588538295724857 
0.2497960730747539 
0.2175278191360887 
0.2237774333078651 
0.2270467025487646 
0.2270390027799406 
0.2237535329729002 
0.2174850473624043 
0.1914611603296555 
0.1958348869329977 
0.1981015932267248 
0.1980918381182291 
0.195804167583402 
0.1914045164527002 
0.1703437513725825 
0.1734300257976158 
0.1750166211731942 
0.1750054207164005 
0.1733949149436742 
0.1702799022325423 
0.1531681693445947 
0.1553539278931875 
0.1564694280151736 
0.1564581140353099 
0.1553190379935203 
0.1531063087664111 
0.1391431020703496 
0.1406893134098813 
0.1414724562211827 
0.1414622636631682 
0.1406585936563789 
0.1390920541198584 
0.1276502249862392 
0.1287312158610883 
0.1292749623819972 
0.1292663220979717 
0.1287056619020804 
0.127609418416833 
0.1181953622822114 
0.1189295227473604 
0.1192969270837638 
0.1192895122257106 
0.1189073981855052 
0.1181589092041224 
0.1103723045188092 
0.1108471402789004 
0.111083635674035 
0.1110771173168274 
0.1108274693605496 
0.1103384828211796 
0.1038519998119214 
0.1041362295876928 
0.1042759101479657 
0.1042702893485734 
0.1041194499466494 
0.1038242935069795 
0.0983798287640765 
0.09852221848498237 
0.09858996794055117 
0.09858533831923695 
0.09850883966008099 
0.09835901183526066 
0.09375559220374141 
0.09378966283765029 
0.09380255839617073 
0.09379895172687694 
0.09377949389294446 
0.09374158547293668 
0.0898239324032995 
0.08977027477150204 
0.08974001557026524 
0.08973739899379948 
0.08976273461830084 
0.08981297485792501 
0.08646133701080726 
0.0863356795513727 
0.08627072585113059 
0.08626913616337945 
0.08633041254998539 
0.08645091245353778 
0.08357610882201336 
0.08339335200065952 
0.08330072334713876 
0.0833005126213904 
0.0833916408585437 
0.08356936036163819 
0.08111470941196582 
0.08088767431763816 
0.08077294482580048 
0.08077463915333077 
0.08089174759029269 
0.0811183845332154 
0.07906828428075616 
0.07880356678231451 
0.07867045867503961 
0.07867389607906275 
0.07881379322967215 
0.07908359952731295 
0.07746717241559749 
0.07717159045163918 
0.07702329462651818 
0.07702733229178645 
0.07718432287649196 
0.07749069997025543 
0.07639354192903119 
0.076075824518403 
0.07591763519909434 
0.0759213208985719 
0.07608741014580372 
0.07641448216857112 
1 
1 
1 
1 
1 
1 
1 
1 
1 
1 
1 
1 
1 
1 
1 
1 
1 
1 
1 
1 
1 
1 
1 
1 
1 
1 
1 
1 
1 
1 
1 
1 
1 
1 
1 
1 
1 
1 
1 
1 
1 
1 
1 
1 
0.8454573721153523 
0.7141848892449497 
0.6027758554863016 
0.6059319925023864 
0.607001026010956 
0.6068286026109864 
0.6067779575874582 
0.6069810106397893 
0.6054442705014235 
0.6051425680881051 
0.60560144217301 
0.6059384855886496 
0.6061111247514771 
0.6060883459450703 
0.6059615077291305 
0.6057172683474613 
0.6053719496641874 
0.6048434649428051 
0.6039892376141734 
0.6025953649743413 
0.6004759798943405 
0.5973547889518273 
0.5924750176784563 
0.5846535582715379 
0.5713447392664927 
0.5489370619086357 
0.5973842978325941 
0.600879529208757 
1 
1 
0.6024099100245229 
0.5491572395100479 
0.6065959481761667 
0.6024231926638539 
0.6048895194303048 
0.6059508553665895 
0.6062836895139928 
0.6004778028854256 
0.6062780855911226 
0.6062648067635467 
0.571545027118428 
0.6060442988979655 
0.6052612742099116 
0.6056317219113552 
0.5847748279968202 
0.604377915295857 
0.6059436029855912 
0.6060383142143565 
0.5925763284955945 
0.603650337847794 
0.6070186659920767 
0.6070154440549026 
0.6056480625367487 
0.6015991555000841 
0.7133949301941835 
0.8451197898228081 
1 
1 
1 
1 
0.815427326452977 
0.6640469731200872 
0.8302796141038012 
0.6882028814918282 
0.8372714187020964 
0.6997238662506001 
0.8408842173602676 
0.7061031350273369 
0.8429425133228097 
0.7098476850391952 
0.8441770773830323 
0.7121455817471574 
0.8449382445821443 
0.7135831530351715 
0.8454114985480953 
0.7144782016849965 
0.8457081993702298 
0.7150393569645502 
0.8459021389901293 
0.7154061653889647 
0.8460406238384238 
0.7156785981158077 
0.8461460320546296 
0.7159016046139446 
0.8462191870427912 
0.7160647924283911 
0.8462586187300153 
0.7161361023455954 
0.8462790881640663 
0.716156094614517 
0.8463010905862564 
0.7162053040963814 
0.846328620198053 
0.7162768682864147 
0.8463578449664603 
0.7163256424672636 
0.8463969687642358 
0.716391576588611 
0.8464441497566162 
0.7165275730650542 
0.8464388747557107 
0.7166214814673998 
0.8462518293316708 
0.7163636281767597 
0.845828774591163 
0.7153501634695237 
0.8453391353091115 
0.7140551826114365 
0.6639045321431886 
0.815359310003957 
0.6880857707363337 
0.8302227582320888 
0.6996355603074297 
0.8372287262314621 
0.706047709274659 
0.8408573202903128 
0.70982591539238 
0.8429354108330557 
0.7121800880140909 
0.8441981229645683 
0.7136995375001204 
0.8449969471353 
0.7146865627516299 
0.8455093937101563 
0.7153108967179904 
0.8458349771285603 
0.7156993937767046 
0.846038644862841 
0.7159458208013311 
0.8461651881901336 
0.7160994167608485 
0.8462406586075187 
0.7161762811319277 
0.8462745904932606 
0.7161675155432197 
0.8462669868587429 
0.7160655554428739 
0.84621945764325 
0.7158920450467962 
0.8461584341902006 
0.7158041843381282 
0.8461501992074706 
0.7160428301728624 
0.8462378609221746 
0.716420366775874 
0.8463752279413148 
0.7166335023168203 
0.8464694545245118 
0.7166316184025107 
0.8464665532029919 
0.7164260082403393 
0.846314144551025 
0.7156608304842061 
0.8459927340692687 
0.7146830831694962 
0.8456229691489696 
0.08968273501251964 
0.09223865216017468 
0.09436570740107394 
0.09602956217090872 
0.09713496820749941 
0.09330429021773798 
0.0852819282163178 
0.07570720506616019 
0.06434450047671798 
0.05175188854740215 
0.03835379166549015 
0.02887934811822986 
0.02199938333062078 
0.01789919155386772 
0.0156397355806179 
0.01510186182994003 
0.01501901014653711 
0.01676873463312116 
0.02247013108480886 
0.03354041125582554 
0.05273274516534784 
0.08482410014523833 
0.1377384183940381 
0.2246258597864965 
0.3690558987634446 
0.01501841974042135 
0.07823860909620912 
0.09751088253006077 
0.08086164452752904 
0.08375418294114648 
0.08679277781691996 
0.3084954801351803 
0.3805912920839283 
0.412726656721436 
0.3449322985838583 
0.2746010020783646 
0.484174142958633 
0.4832793883390649 
0.4767338314694928 
0.4753898967402531 
0.4771733757185859 
0.4804445776366563 
0.4546556385664117 
0.4662433597647163 
0.4742898944026974 
0.4375450235369239 
0.479652791645691 
0.4842331612950405 
0.4790177587037325 
0.4798608041289952 
0.4742669438709672 
0.4894432392858396 
0.4896896673925688 
0.495568707576816 
0.474217268921506 
0.4372847697317751 
0.1228151002402227 
0.1429902130751384 
0.1573503234010316 
0.1745436257141889 
0.194939306990534 
0.2450072172893127 
0.2187692697393417 
0.08781525013456973 
0.09663070553039479 
0.1077731465708916 
0.1147943319196582 
0.1316017021679325 
0.2873157352689776 
0.3133029440010923 
0.3361694759109881 
0.2617687770795003 
0.3513516431058161 
0.2372959893061926 
0.4752725098326486 
0.4960643734881068 
0.4897461622352651 
0.3749438141102193 
0.3709583502558624 
0.3845767885534381 
0.3683244858730723 
0.3827717299684137 
0.3749964763580226 
0.3802959758511315 
0.3824099269216891 
0.3785753297925022 
0.3780202563951005 
0.3727773360116869 
0.3889695207247016 
0.3899520067171308 
0.3667783321244273 
0.3748392645657179 
0.3604963051834423 
0.08248262120109226 
0.08998037068853859 
0.1017577243662081 
0.1640768803078228 
0.148817952081159 
0.1815023148077902 
0.1231994480315651 
0.1195914097738865 
0.08497259815823352 
0.1354574680963597 
0.2002700683477993 
0.0805157348631851 
0.1129471806372106 
0.09511102680950795 
0.07832414644116746 
0.2166287242967588 
0.3615090666122299 
0.3972105255233685 
0.08101393999464579 
0.22135342035411 
0.2610615485601472 
0.2396421171542285 
0.2793117774666987 
0.2042212850945514 
0.28433658315291 
0.3013747212784516 
0.2862532019875939 
0.2899630914713997 
0.2981617819535341 
0.2884445225979471 
0.2943157438141024 
0.2964993268327026 
0.2911457411901031 
0.2879198477136061 
0.330511551337225 
0.3082515587027385 
0.3013004901800609 
0.1838904225473007 
0.2847864969894617 
0.1407514358286629 
0.1541813351357102 
0.1695116455941111 
0.1291560543463179 
0.1191992547979025 
0.1101423749923613 
0.1046757376822218 
0.1846708377502277 
0.1002238856981178 
0.0834007232105846 
0.0802391752414402 
0.09008623054175073 
0.3572017978294252 
0.3863264290360279 
0.1582751280941235 
0.2420990754052136 
0.2512142955962903 
0.1142804791174198 
0.2347900810823611 
0.2248722847374479 
0.144871700545862 
0.1226071461747405 
0.2230268193765109 
0.1504026612862991 
0.08369948727277692 
0.094093405483282 
0.1061117226524704 
0.3067293633589909 
0.271104001532805 
0.09020438408054943 
0.299703793315054 
0.3062237461860817 
0.09246159750542872 
0.08232655116104078 
0.08675666003790099 
0.09738120730619587 
0.3141624402072981 
0.2154215271186533 
0.1980518124343731 
0.1030590118304067 
0.221815144645877 
0.2080606213547326 
0.2118799128969417 
0.1437700033556955 
0.1326466681686089 
0.204282285158127 
0.2061262352643465 
0.114165629844427 
0.1079405666057877 
0.1837352732257047 
0.1327518340018841 
0.09246751124414344 
0.0910783546943383 
0.08391078455680748 
0.08657726136780473 
0.08904966675232769 
0.09318561161307481 
0.08455041305271979 
0.1835910494865474 
0.1262753675550635 
0.1760916924759349 
0.1861588020640118 
0.1660003835374182 
0.1608315515862102 
0.09860786742827006 
0.2129339063942738 
0.224154810846611 
0.09615467037976583 
0.1349005721063129 
0.110438807657123 
0.1356593208274892 
0.1014038629475364 
0.1152435134682427 
0.1149025071823453 
0.09311676459344559 
0.08996969586087039 
0.08850242429943976 
0.08671934056756539 
0.08968352455710293 
0.08918454537777865 
0.03491191474928783 
0.02304098039527173 
0.01686768610184384 
0.05480490994820408 
0.08670692698605463 
0.1632295331711385 
0.09415623408602591 
0.1145983689779758 
0.135605986774274 
0.1187753811397704 
0.0940335329640348 
0.1412684541571692 
0.155819657544207 
0.09236463609202443 
0.1234238060679859 
0.1495876118955256 
0.09403623965271127 
0.0883782234323779 
0.09173590989501121 
0.1002178407563479 
0.08905017389868713 
0.08864518469297424 
0.08849112995925869 
0.08895208526471199 
0.13763820974882 
0.02502108752282405 
0.03868690609708118 
0.1373634104805437 
0.06010106998031812 
0.1402678270283578 
0.08143990403990506 
0.08750529552222157 
0.1463421766741828 
0.0912269009494894 
0.1025036074072346 
0.0902517646857708 
0.1024858575421782 
0.1105498086275291 
0.1036440988575818 
0.08981125261205762 
0.1025642027160753 
0.08858004062977207 
0.07672778469854957 
0.08745728228929067 
0.09498930983474656 
0.08834640457716357 
0.0895098311982729 
0.1238749179558057 
0.08665993316743018 
0.1168691612862857 
0.06907786125057641 
0.04583841761500724 
0.09128118594213512 
0.08727494564602764 
0.08691342565239718 
0.08262842328939636 
0.05737672243434029 
0.09236133353156552 
0.09310837999092095 
0.1018930396550096 
0.08511307867001228 
0.08707438014317044 
0.08629891732540723 
0.05772837123366154 
0.02988571940363278 
0.08774421742247136 
0.07889353762869721 
0.09818929259763579 
0.07210662767483146 
0.07671386349218924 
0.07562344934911205 
0.07223933504528623 
0.08476420465536667 
0.0752175272079532 
0.08300209607293574 
0.08318654976540694 
0.04052683682482721 
0.0600176799867821 
0.05681985550655325 
0.05810662168999048 
0.07203840979560032 
0.08339614827919516 
0.08369608295779726 
0.08547101420682417 
0.07649877071273162 
0.01941731224627597 
0.062064576816264 
0.06701379078828361 
0.07606767252683305 
0.08562540347561863 
0.05931914516438765 
0.03031928187296264 
0.06398973884748552 
0.06601259132865747 
0.04543894107544783 
0.0497056303593752 
0.03946671666192196 
0.05027809889156437 
0.0558871083878411 
0.04813422197974013 
0.07018165917496204 
0.04573162329605964 
0.04024468427938736 
0.07708548530480741 
0.0286285651883488 
0.07976278425612049 
0.06600614686058466 
0.01756309830938528 
0.02022678616399086 
0.03601097231600889 
0.02327572301726318 
0.02714856977584454 
0.0424276702478196 
0.07919254299633881 
0.07986197764371829 
0.2185273724732024 
0.02888948193095491 
0.03333308488498384 
0.08156930581891707 
0.08606364611238825 
0.09249845241426664 
0.4210163101956985 
0.4097202628890544 
0.0858275801894039 
0.03623005004031463 
0.08790341405409272 
0.1269217727351115 
0.08935353601595297 
0.09016209594898206 
0.0988043461336701 
0.1120597678074298 
0.3856945382911101 
0.2425816125924546 
0.2869168930226944 
0.1053882168831981 
0.1010470296162659 
0.1229491068366083 
0.1413487370580913 
0.1325806164655393 
0.1003712228677449 
0.08929817881938309 
0.09316714910792905 
0.1369011555109637 
0.1402380362262636 
0.171921803994268 
0.1922975858177575 
0.1071759116590608 
0.148732416407551 
0.1005207773080152 
0.1328504258603137 
0.1011337313699802 
0.1810053569186481 
0.17790973159991 
0.1603412830183488 
0.1043521632135071 
0.2204339562174301 
0.1840162443842204 
0.1808141726377687 
0.2282677353876903 
0.244798953472314 
0.2404298630840372 
0.2302352281616662 
0.2314810516516831 
0.1260111545006812 
0.07853365885369168 
0.3874139944281083 
0.05154655665809333 
0.08546841770335485 
0.04395824179110829 
0.09116725600097431 
0.02178800678211254 
0.03896816914054629 
0.07558591632926037 
0.0642304171007665 
0.01597194427859194 
0.08478804380398441 
0.0295908437816905 
0.02103711000173581 
0.01650320329976249 
0.0970220186196649 
0.01511605201625081 
0.09747642183491426 
0.09574268572499414 
0.01505296571189904 
0.01796334958913673 
0.2482113453462285 
0.1604407517908649 
0.1035376747994524 
0.06703136812283693 
0.01507419113736065 
0.08811932598086671 
0.09338368967266795 
0.02853693899987496 
0.08145768980465996 
0.0937483839898743 
0.2823970020406357 
0.3532512554286097 
0.3865232131701773 
0.3171472574153759 
0.2500047491806188 
0.4979129306985106 
0.499148176787991 
0.4999339599832018 
0.5002682110906227 
0.4907499612548944 
0.477630848953412 
0.4381530569319596 
0.4644668030572529 
0.4532409894095916 
0.4147394440718273 
0.4830728882825684 
0.470889656416076 
0.5006326359728461 
0.5235863371922029 
0.4600491404525286 
0.4703162219934248 
0.4888984995640878 
0.494334364674318 
0.4979209815052739 
0.3818383073516078 
0.1161615686519294 
0.09780593202471714 
0.08692722941447732 
0.08231494628729723 
0.1980560021120485 
0.1612490587489315 
0.1469941284440216 
0.1349098840849718 
0.221834111895984 
0.1780051481279392 
0.1247191157414282 
0.1088746629246304 
0.1028265147229876 
0.09350824823678588 
0.0899329463415445 
0.08438534437504662 
0.08082990502315278 
0.07981829039958245 
0.249076798544927 
0.2727371293182823 
0.2955259462734096 
0.2252721108134296 
0.3167335686985556 
0.2034109931004036 
0.5070102046039594 
0.4528929431243194 
0.4795046310009594 
0.4101428402594147 
0.4095699742951007 
0.4132808320843775 
0.4908715125042324 
0.3767462028506481 
0.3489152595053698 
0.3583749789502427 
0.3702348767209162 
0.383710203353448 
0.3651345473168036 
0.3953204917644642 
0.4120901344988215 
0.4079030151594363 
0.3469534710623706 
0.4008904872499506 
0.3338314734798218 
0.08262957596096523 
0.08475755262520758 
0.1148447577911827 
0.1316555912504095 
0.14209030359194 
0.1079861979304344 
0.09681033862921537 
0.09292673395922471 
0.08701146471266927 
0.122577133112564 
0.1541040434037548 
0.16795004516205 
0.1012047402173652 
0.08968261869015259 
0.08220254638399865 
0.1841999712973304 
0.07934821156618783 
0.4101928349148724 
0.21691682650378 
0.2445191610645523 
0.2313787211739921 
0.2596809213556752 
0.2002271507748915 
0.2667124876195842 
0.3313156037284757 
0.3340956812446426 
0.340540720432685 
0.3029565105102666 
0.2924343099586448 
0.280133349182514 
0.3116709571991141 
0.2872464943168471 
0.285341158953104 
0.3529166694303809 
0.3358617987339634 
0.3236658217112101 
0.1837562136575528 
0.2772261591272828 
0.1348890744956019 
0.1443691496139976 
0.1264860912679203 
0.1192353568793387 
0.1553564117595342 
0.1128344451413727 
0.1074487125570416 
0.09621923855283121 
0.09209584847657656 
0.08785141651433127 
0.1684253578153075 
0.3657682653328457 
0.3751547534376382 
0.3379791161502741 
0.3092774868860048 
0.08232354288742245 
0.08490752749037128 
0.1769547695974802 
0.1964176454879915 
0.2872468024850682 
0.2564876917149599 
0.2402631944382833 
0.2070142136719258 
0.2458239455474517 
0.1046391389159538 
0.131768324866456 
0.09787999316118125 
0.2030748500149645 
0.1522181984304173 
0.3105353188569986 
0.2704344289407529 
0.3903680745088918 
0.2369266380949273 
0.09092561671379008 
0.09418182116358184 
0.2072065460392043 
0.2593688312891588 
0.2352497592599813 
0.09472096133743736 
0.2977806023554949 
0.1891701198631901 
0.2389295255292777 
0.2102875321457251 
0.1140121840762924 
0.1643415666786147 
0.09133401210622426 
0.137938292664003 
0.09894781605310189 
0.2484359363192348 
0.168613220203455 
0.1657395294098195 
0.1406572749825929 
0.0312745607083675 
0.04656984277084083 
0.1658312089920485 
0.1077743079498656 
0.07046817278873241 
0.01673639976853989 
0.1759509803132802 
0.1461882933398563 
0.1134216220054809 
0.1656648350130093 
0.1696629957110793 
0.167901758734003 
0.1391996002725703 
0.1127080329453954 
0.08970269028614135 
0.09153404731348823 
0.23000817082476 
0.1648608813870437 
0.1558232716076893 
0.1097088082269377 
0.1769508310888794 
0.02174867034631214 
0.03491151105141403 
0.07506143091924959 
0.1115144618091307 
0.05083912032677742 
0.0837709585421081 
0.08810827041369623 
0.09043835097113666 
0.09217947414597781 
0.09312033181294001 
0.09342351201859708 
0.08800849389163722 
0.1696085115467075 
0.1187247909727129 
0.1234672197472756 
0.1230183557580384 
0.09007061401579759 
0.08994011643186509 
0.1346789717608289 
0.1741403911598768 
0.08829810345225592 
0.1703184014600366 
0.1392875743288886 
0.1083130578931576 
0.07959124782712593 
0.05620807310459087 
0.04052345653409277 
0.0245216036604087 
0.08576708278937298 
0.1370680274898993 
0.08971312312749999 
0.08944985404597824 
0.08804542159625377 
0.08514764929570923 
0.1257361627140903 
0.2483772175764117 
0.1129304161643483 
0.1769673368734447 
0.09284693223266791 
0.1114466106783439 
0.1188443073117051 
0.09072092152067798 
0.1091353023362995 
0.09181071085211721 
0.1178280827680828 
0.1011436585728668 
0.1081543052289462 
0.08600054567958902 
0.06112932622446433 
0.08133770318123068 
0.03009361295353273 
0.1025167557520549 
0.08909848467274624 
0.08810088936449055 
0.1299636299413001 
0.1008268161880083 
0.08873810109768135 
0.07664256678728876 
0.06447770557087627 
0.08416449556000787 
0.06692789129843296 
0.09898366148409174 
0.08680762383753576 
0.1004929160477001 
0.1104108209215949 
0.048853812375001 
0.08159028870648959 
0.08853430994507359 
0.07879051873513741 
0.08310523245292514 
0.08550656260631233 
0.04350028194362714 
0.05291612421186178 
0.08954182282972445 
0.06383036169755285 
0.05136007321239665 
0.02393639274596918 
0.08959658499705857 
0.1290670371222266 
0.06433254519483733 
0.0848805262920739 
0.07028454733392996 
0.08184150991934971 
0.06924169387005205 
0.0260081230465054 
0.05082634034738471 
0.03633134642989756 
0.01766385151446775 
0.08426268366272695 
0.07777625034070387 
0.08632698290364899 
0.08803411856807326 
0.03052798836423734 
0.07761254433865659 
0.01811859819853833 
0.05942798978295471 
0.04663036114514883 
0.0384991991917013 
0.08651665365616903 
0.02641716081062469 
0.06897021545465486 
0.05359490002532127 
0.02388364437015417 
0.04199836336848697 
0.03192629173424663 
0.06572878481395589 
0.05183054361759914 
0.01985289776042774 
0.4548170301297557 
0.08217224138989437 
0.4198626202486672 
0.423263766549656 
0.08315829134790087 
0.3781789321170335 
0.08720585774059951 
0.07566115792098188 
0.1537266966489028 
0.3467055265341012 
0.08452126102783845 
0.0370988862354717 
0.09370521811760779 
0.08462862010708462 
0.08644619466787384 
0.2870338049108629 
0.3085836810083441 
0.1031065245685763 
0.04156576859876146 
0.09509632693129552 
0.08906828598398289 
0.08680679926178012 
0.09710312905071425 
0.06270341798378234 
0.09795898359371907 
0.2300086479015711 
0.09154585028723962 
0.2189352785267416 
0.100241325487409 
0.1101722854664921 
0.1193760712590349 
0.1249286703973855 
0.106383974821223 
0.2631359980327105 
0.2720340216346188 
0.2864402920681093 
0.1959096637477843 
0.2184571464604222 
0.2273783975834106 
0.2329980552661628 
0.2249000520710324 
0.1673973684963247 
0.1429820908102238 
0.07835319801834897 
0.1165383473728136 
0.2131794798013367 
0.1907978150675097 
0.2233165153076268 
0.1679555110007907 
0.145271693276466 
0.1691688158837744 
0.199760330768413 
0.1981199090873172 
0.1564813715431258 
0.2118285293919241 
</DataArray>
<DataArray type="Float64" Name="displacement" NumberOfComponents="3" format="ascii">
0.000274492465550971 0.0007605032035654727 0 
0.0002541749545438342 0.0009246921639186904 0 
0.000219769738363841 0.001066626704792988 0 
0.0001810525793078178 0.001172377013647322 0 
0.0001450374503728665 0.001247034159654434 0 
0.0001134924641389874 0.001299782690236303 0 
0.0002386907832273567 0.000817202044110173 0 
0.000218758583439439 0.001027482392955813 0 
0.0001801202666236343 0.001186547638741286 0 
0.0001406118060427115 0.001287301228706689 0 
0.0001077414129008598 0.001351202199596571 0 
8.026140253559318e-05 0.001393871402218752 0 
0.0001998125258899677 0.0008899587699645587 0 
0.0001902396554885529 0.001183617719239629 0 
0.0001426682544739733 0.001341126990001819 0 
0.0001059120205942376 0.001418069337946708 0 
7.762697455771418e-05 0.001463104879282263 0 
5.463363236633983e-05 0.001491656403981751 0 
0.0002675642423317653 0.00107425132435514 0 
0.0001777879573174228 0.001455575035216468 0 
0.0001197782339380896 0.001527837676018384 0 
8.506632011927479e-05 0.00156198360825702 0 
6.042936960690704e-05 0.001580264787533927 0 
4.055504912169336e-05 0.001591741221101577 0 
0.0002675535242160823 0.002209789819705136 0 
0.0001777530384756439 0.001828445771687388 0 
0.0001197325384053306 0.001756301279325006 0 
8.501354362508594e-05 0.001722265552606744 0 
6.037382884352222e-05 0.001704039710082541 0 
4.050394334035214e-05 0.001692570477949246 0 
0.0001997812089168072 0.002394232698159517 0 
0.0001901379444171778 0.002100472361150199 0 
0.0001425281996880693 0.001943052502297428 0 
0.0001057522244614486 0.001866215977935512 0 
7.74632160297904e-05 0.00182122181061989 0 
5.448463947299233e-05 0.001792654958374073 0 
0.000238732857933052 0.002467115618649031 0 
0.0002185770011578817 0.002256711384301477 0 
0.0001798232771560357 0.002097700589842307 0 
0.000140309383692989 0.001997034559344858 0 
0.0001074771492698863 0.001933155622933996 0 
8.003654417159871e-05 0.001890435536945734 0 
0.0002748029466252354 0.002524082677985758 0 
0.0002537426508748405 0.002359743552861277 0 
0.0002190770934050165 0.002217676085288189 0 
0.0001805382697390169 0.002111947554354725 0 
0.000144728588563488 0.002037327790134842 0 
0.0001132784905818399 0.001984521308437429 0 
-0.0003580674981643612 0.001663758007305946 0 
-0.0003556436253483256 0.00170586676562369 0 
-0.0003508241783311849 0.001748240495986256 0 
-0.000321377336003909 0.001800172046759734 0 
-0.0002980339555250165 0.001807349508421988 0 
-0.0002743221341240237 0.001813015771781342 0 
-0.0002504599450689429 0.001817599496018011 0 
-0.0002265913886143111 0.001821447183802635 0 
-0.0002028169319362365 0.001824812582515702 0 
-0.0001793337887464279 0.001827925563180844 0 
-0.0001563883287209876 0.001830974433085987 0 
-0.0001338950910619825 0.001834080377409168 0 
-0.0001118185372874836 0.001837512985361676 0 
-9.011096942490177e-05 0.00184148864151045 0 
-6.878586188860397e-05 0.001846248033862256 0 
-4.778608832138084e-05 0.001852132641585966 0 
-2.699638159539025e-05 0.001859674886865187 0 
-6.114567858215963e-06 0.001869142433857063 0 
1.50691342809001e-05 0.001881280424227614 0 
3.700461463635136e-05 0.001897101825257318 0 
6.017418990813305e-05 0.001917985437534485 0 
8.529274906727674e-05 0.001946049115009027 0 
-0.0003438346417671202 0.00179098524156494 0 
-0.0002738771071689345 0.001471972813680911 0 
-0.0003580625137128635 0.001621749224102148 0 
-0.0003556373811314861 0.001579655094286645 0 
-0.0002499836893883707 0.001467405286953992 0 
-0.0003440959742432203 0.001494714035985982 0 
1.522058198283498e-05 0.001403246544900308 0 
-0.0001116853691759179 0.001447569430286308 0 
-0.0003508731706727677 0.001537316858443378 0 
-0.0003216152463906489 0.00148541572976357 0 
-0.0002977939888015788 0.001477667925999621 0 
-0.0001337604308799167 0.001451067314838524 0 
-5.998317012874695e-06 0.001415564510819302 0 
8.54900905350952e-05 0.001338154238619595 0 
6.035238495552847e-05 0.001366256236038007 0 
3.716435889554792e-05 0.001387259705035832 0 
-2.68716838730777e-05 0.001425157143106881 0 
-4.769997844569273e-05 0.001432691369428167 0 
-6.868818831988478e-05 0.001438693978185217 0 
-8.99917743700326e-05 0.0014435359232487 0 
-0.0001562692238846276 0.001454192277478057 0 
-0.0001792194766445814 0.001457188563208157 0 
-0.000202552279701929 0.001460260784160812 0 
-0.0002261755886175857 0.001463594962373741 0 
5.619555111860558e-05 0.001860903362942045 0 
3.451165884389301e-05 0.001774044308920444 0 
2.289447089549915e-05 0.001686223940772231 0 
2.293593466164763e-05 0.001598087765162806 0 
3.463094924526444e-05 0.00151024919461841 0 
5.637280708585278e-05 0.001423351774989487 0 
3.473244384558019e-05 0.00183984105675832 0 
1.618385925921292e-05 0.001760998771276624 0 
6.388709980845471e-06 0.001681815609965862 0 
6.418199397438861e-06 0.001602529634460889 0 
1.626933334118649e-05 0.001523325547395496 0 
3.486549324137826e-05 0.001444445321634865 0 
1.466011124473958e-05 0.001824420768616173 0 
-1.362483853958927e-06 0.001751561280267774 0 
-9.738189633136726e-06 0.001678663180691475 0 
-9.718139193919109e-06 0.001605761670861443 0 
-1.302937376180369e-06 0.001532850458781915 0 
1.476315420437826e-05 0.001459966848781484 0 
-4.675042188243654e-06 0.001812886032699417 0 
-1.866775983790366e-05 0.001744565929012767 0 
-2.592327825842337e-05 0.001676352279922964 0 
-2.59080082590397e-05 0.001608184992314216 0 
-1.862095480112554e-05 0.00153996987850924 0 
-4.592534805647148e-06 0.001471647377773211 0 
-2.373335123823986e-05 0.00180410307178433 0 
-3.60790612250796e-05 0.001739273320933384 0 
-4.244005338177605e-05 0.001674620013999348 0 
-4.242487065849355e-05 0.001610036787958481 0 
-3.603317119898353e-05 0.001545391830136719 0 
-2.365229004935246e-05 0.001480579873935811 0 
-4.282086529885397e-05 0.001797294548991045 0 
-5.382505322624677e-05 0.001735192262378197 0 
-5.946286131445642e-05 0.001673292429934524 0 
-5.944595280073864e-05 0.001611469031733222 0 
-5.377316451695645e-05 0.001549578520531189 0 
-4.273486589181639e-05 0.001487497480914412 0 
-6.214946551362063e-05 0.001791932929365674 0 
-7.205184318236551e-05 0.001731997809061341 0 
-7.710517177604617e-05 0.001672257442306629 0 
-7.708764004717465e-05 0.001612588720497256 0 
-7.199982389726594e-05 0.001552850540003872 0 
-6.206397902293982e-05 0.001492914634930556 0 
-8.186978675246953e-05 0.00178771063293725 0 
-9.086695748959711e-05 0.001729479541907414 0 
-9.544269522512944e-05 0.001671443803479861 0 
-9.542631651364119e-05 0.001613476714618568 0 
-9.081855331820638e-05 0.001555442156000702 0 
-8.179597009854721e-05 0.001497213501047258 0 
-0.0001021111529447087 0.001784323590181723 0 
-0.0001103425684605111 0.001727463154283895 0 
-0.0001145242886883958 0.001670794754167609 0 
-0.0001145083610457915 0.001614193243955437 0 
-0.0001102954504497929 0.001557529076384233 0 
-0.0001020311471663263 0.001500679537397 0 
-0.0001229108629834623 0.001781518060427845 0 
-0.0001305145351046121 0.00172579968811178 0 
-0.000134370189911264 0.001670259254705943 0 
-0.0001343527221129027 0.001614783717922119 0 
-0.0001304630521356491 0.001559252324444012 0 
-0.0001228245362402654 0.001503548459291766 0 
-0.0001442882017494467 0.001779100463301665 0 
-0.0001513854081548548 0.001724362469784737 0 
-0.0001549732685700654 0.001669791071679325 0 
-0.000154950811892363 0.001615283809607566 0 
-0.0001513220046721575 0.001560728349546921 0 
-0.0001441924660483522 0.001506017675603069 0 
-0.0001662460204734646 0.001776889509927642 0 
-0.0001729333397018863 0.001723038017174833 0 
-0.0001762979868552511 0.001669350263707366 0 
-0.0001762675835203514 0.001615724426593665 0 
-0.000172847232627145 0.001562054696362354 0 
-0.0001661258664899172 0.001508240418819545 0 
-0.0001887619201252012 0.001774709416205546 0 
-0.0001950998198721381 0.001721734177616604 0 
-0.0001982815389870508 0.001668909833964135 0 
-0.0001982428550878311 0.001616139347082945 0 
-0.0001949887753135833 0.001563324557754818 0 
-0.0001885980044076646 0.001510370590134263 0 
-0.0002117514208492583 0.001772472257460293 0 
-0.00021780233430283 0.001720394077463959 0 
-0.0002208366130045432 0.001668457940840738 0 
-0.0002207927086134131 0.001616568245180864 0 
-0.0002176716055388233 0.001564630647370696 0 
-0.0002115441433395782 0.001512555953432012 0 
-0.0002351261688660859 0.001770075072243683 0 
-0.0002409340978240889 0.001718953836730308 0 
-0.0002438510013393279 0.001667981708816049 0 
-0.0002438063590884817 0.001617054234406405 0 
-0.0002407944146537781 0.001566071484584729 0 
-0.0002348729773477695 0.001514943270996382 0 
-0.0002587380895868417 0.001767327890979787 0 
-0.0002643506593860859 0.001717308200609022 0 
-0.0002671700682308238 0.001667451872683433 0 
-0.0002671325162513083 0.001617643687659353 0 
-0.0002642222345178398 0.001567762827079496 0 
-0.0002584719360377342 0.001517707305461504 0 
-0.0002824036089943611 0.001764016224178804 0 
-0.0002878470130706886 0.001715319957770121 0 
-0.0002905762527204143 0.001666822211075886 0 
-0.0002905536974416653 0.00161838513858473 0 
-0.0002877667907546718 0.001569853588748868 0 
-0.000282200120211873 0.001521073279173271 0 
-0.0003058965967784584 0.001759890045011013 0 
-0.0003111465570769502 0.001712834330264489 0 
-0.0003137753254848723 0.001666034757212699 0 
-0.0003137688449112295 0.001619315257849673 0 
-0.0003111261593249279 0.001572499936903449 0 
-0.000305858860578805 0.001525376080897525 0 
-0.0003288782479415215 0.001754670400687764 0 
-0.0003338825062336281 0.001709714209734796 0 
-0.0003364080357136046 0.001665029241764398 0 
-0.0003364059443910235 0.001620438219576918 0 
-0.0003338880363706904 0.001575775761447982 0 
-0.000328926979138374 0.001530873052023631 0 
0.0004273412633231388 0.003310459516833484 0 
0.0004239405585427989 0.003296158356198524 0 
0.0004192520736445779 0.003281600968685145 0 
0.0004131276386889155 0.003266613075149345 0 
0.0004054287041141808 0.003251019200150088 0 
0.0003960080170328023 0.003234686940149738 0 
0.0003848081484882274 0.003217272815672035 0 
0.0003717839329889017 0.003198535451219487 0 
0.0003568067522459298 0.003178268069056436 0 
0.0003397787637871614 0.003156135481801194 0 
0.0003206309021410429 0.003131716163901941 0 
0.0002993159504296203 0.003104555179291719 0 
0.0002757818792332512 0.003074133277750134 0 
0.0002498611975132111 0.003039616630243907 0 
0.0002214087388150642 0.003000605368539142 0 
0.0001905855715485116 0.002955824958705327 0 
0.0001576852278227577 0.00290329118301501 0 
0.0001233779399437634 0.002839600077379789 0 
8.886250174305844e-05 0.002755840763207107 0 
9.72685767852965e-05 0.002663386036004438 0 
9.731289966251509e-05 0.0006209619442687879 0 
8.879833869596328e-05 0.0005287709918615536 0 
0.0001233339369861333 0.0004449428442504759 0 
0.0001576659628739362 0.0003815432323960516 0 
0.0001905676505623895 0.000329359922638034 0 
0.0002213606905855431 0.0002848926570945805 0 
0.0002497239783761451 0.0002461444933124979 0 
0.0002755215013069214 0.0002118162939492659 0 
0.0002989376892854789 0.0001814917563568714 0 
0.0003201592700215573 0.0001543226575208783 0 
0.0003392481090721708 0.0001297788642392607 0 
0.000356256063202775 0.0001074711894560931 0 
0.0003712454373525352 8.703012464489498e-05 0 
0.0003842971562340654 6.814076611623293e-05 0 
0.0003955245503141558 5.055357476426288e-05 0 
0.0004050057393962547 3.401196632688254e-05 0 
0.0004127917759027497 1.836023667265133e-05 0 
0.0004189343437556528 3.488638463356511e-06 0 
0.0004235973878667209 -1.106009394639654e-05 0 
0.0004269868274025094 -2.535464743359373e-05 0 
0.0004292747724987971 -3.955304237695451e-05 0 
0.0004306324637641339 -5.382744960480395e-05 0 
0.0004312837863326863 -6.826042918723453e-05 0 
0.0004315168121957071 -8.283507370781045e-05 0 
0.0004438649408272124 -9.748210016244909e-05 0 
0.0004560172306496781 -9.746110682089152e-05 0 
0.0004682325971314259 -8.298846305823024e-05 0 
0.0004682720970734303 -6.920315130707548e-05 0 
0.0004677808984839004 -5.617466725761784e-05 0 
0.0004667152569639271 -4.371152319511934e-05 0 
0.0004649331683620064 -3.167679011980925e-05 0 
0.0004622925786899909 -1.978725134850699e-05 0 
0.0004588128452570896 -7.9776676936558e-06 0 
0.0004544182612464285 3.718329929550471e-06 0 
0.0004489885664210421 1.611687688734335e-05 0 
0.0004423004866893355 2.917480773085682e-05 0 
0.0004343545944005201 4.312840235928767e-05 0 
0.0004251568937890394 5.824744962721567e-05 0 
0.0004147364659820297 7.483791443261375e-05 0 
0.0004031217529897933 9.327518875464618e-05 0 
0.00039037018891844 0.0001139711362987641 0 
0.0003765663146825867 0.0001373754312127074 0 
0.0003618875047699258 0.0001641193760255182 0 
0.0003466392471295723 0.0001950331617367728 0 
0.0003312528664672208 0.0002310949691728213 0 
0.0003162691392885603 0.0002740719516203794 0 
0.0003025435903958397 0.0003267503852127947 0 
0.0002908998412848101 0.0003937734246889345 0 
0.0002833815683307989 0.0004842402055593842 0 
0.0002809094941356888 0.0006060247094692023 0 
0.0003168600530374824 0.003011185268372202 0 
0.0004684019632892925 0.003382471164612187 0 
0.000431887079582428 0.003382523504100363 0 
0.0004315662459648676 -9.746377186038171e-05 0 
0.0003472952343186528 0.003090873078354848 0 
0.0002816131331077882 0.002678594568091093 0 
0.0004653062862778092 0.003316736237061957 0 
0.0004681216327322466 -9.740529325485834e-05 0 
0.0003907580283870544 0.003172073402500234 0 
0.0004253211861921079 0.003227225817653184 0 
0.0004547085583025585 0.003281243423128747 0 
0.0003318897157415101 0.003054514046712553 0 
0.0004627343961509382 0.003304945794665584 0 
0.0004592367359248654 0.003293187268595045 0 
0.000283970761232163 0.002800361353010184 0 
0.0004344758854821277 0.003242212641416008 0 
0.0004034115712971036 0.003192603317394907 0 
0.0004149484645682289 0.003210825193069691 0 
0.0002912970948731453 0.00289064480106372 0 
0.000377068862388556 0.003148714833936687 0 
0.000442392329103409 0.003256038535725934 0 
0.0004491063610210335 0.003268895766557295 0 
0.0003031181933226283 0.002958086554515754 0 
0.0003624959838307596 0.003121936716647882 0 
0.0004670513395879552 0.003328792964038361 0 
0.000468090727826273 0.00334126746257045 0 
0.0004685665553164249 0.003354204052543824 0 
0.0004685029063452171 0.003368053173470463 0 
0.0004563085515756643 0.003382522200775972 0 
0.0004441698027231491 0.003382543140834717 0 
0.0004318373115988352 0.003367915315735142 0 
0.0004316158293855647 0.003353335742833747 0 
0.0004309849341865235 0.003338929059233716 0 
0.0004296288410888877 0.003324674970695228 0 
0.0001804114200978832 0.002649479823523027 0 
0.0002343215400599902 0.0026585862565776 0 
0.0001712083413637024 0.00278138542511977 0 
0.000232461070457753 0.002791977480948831 0 
0.0001891420649697103 0.002866271454374519 0 
0.0002437513279423911 0.002880982389660173 0 
0.0002118541734906798 0.002929663066689271 0 
0.0002594217836619736 0.002946549686194744 0 
0.0002361524774242236 0.002980975962959224 0 
0.0002777111883175838 0.002998553070165187 0 
0.0002604208097469851 0.003024122215738289 0 
0.0002968894004937876 0.003041542936416619 0 
0.000283801567868447 0.003061319056519274 0 
0.0003159992059155079 0.003078037705329316 0 
0.0003057996608661181 0.003093889184115134 0 
0.0003344488688252742 0.00310959431807678 0 
0.0003261668020382914 0.003122583083771138 0 
0.0003518427071488046 0.003137115993910164 0 
0.0003448079186236854 0.003148054705194267 0 
0.0003679531402901592 0.003161342170758375 0 
0.0003616839693546415 0.00317080168973362 0 
0.0003826786512860444 0.003182811928635761 0 
0.0003767829307880638 0.003191290460553923 0 
0.0003959601216144566 0.003202011881636243 0 
0.0003901231704593239 0.003209965106390391 0 
0.0004077742250292072 0.003219410420821971 0 
0.0004017600522587796 0.003227186814846064 0 
0.0004181373660263563 0.003235397592340768 0 
0.0004117646022201252 0.003243184451408599 0 
0.0004270835198508612 0.00325020412862734 0 
0.0004202023174186729 0.00325814718651469 0 
0.0004346454407469394 0.003264016329889628 0 
0.0004271594988591891 0.003272433402401366 0 
0.0004408940818650851 0.003277236185680128 0 
0.0004327210635169367 0.003286219042419257 0 
0.0004459229234822171 0.003290021360116168 0 
0.0004369939350641636 0.00329967602590105 0 
0.000449812525434271 0.003302554419082982 0 
0.0004401046293356925 0.00331299118992798 0 
0.000452655836860347 0.00331503962260231 0 
0.000442205770523529 0.003326357568488997 0 
0.0004545748624385323 0.003327700720261017 0 
0.0004434544875691417 0.003339901497684079 0 
0.0004557212147099331 0.003340667777925892 0 
0.000443999762183781 0.003353749642186014 0 
0.000456211298406632 0.00335403722426891 0 
0.0004441581298176528 0.003368039697080382 0 
0.0004563349612781788 0.003368100203133802 0 
0.0002340324548521138 0.0006259660839267954 0 
0.0001803001385706169 0.0006349779215906356 0 
0.0002320452992233883 0.0004926414829321266 0 
0.0001709674694457795 0.0005032188037363914 0 
0.0002433436180799216 0.0004034737516021242 0 
0.0001889265588008826 0.0004182471263174408 0 
0.0002590971369200531 0.0003382577775962235 0 
0.000211682609779255 0.0003551565520178713 0 
0.0002773431856072541 0.0002866717380222819 0 
0.0002359878379396268 0.000304221902576135 0 
0.0002964789158150574 0.0002440348699687418 0 
0.0002602096840480509 0.0002614130837158616 0 
0.0003155474123794638 0.0002078571647809828 0 
0.0002835202616427012 0.0002245269737436693 0 
0.0003339753576821235 0.0001764908509256725 0 
0.000305439411503174 0.0001921564987869503 0 
0.0003513760467091002 0.0001490285922955284 0 
0.0003257406820477956 0.0001635435346733971 0 
0.0003675143127662801 0.0001247558199621723 0 
0.0003443412909116578 0.0001380420506800228 0 
0.0003822787573921634 0.0001031189544878476 0 
0.0003612030755911011 0.0001151427796332234 0 
0.0003956089143789016 8.369694708411558e-05 0 
0.0003763181728518061 9.444887359760498e-05 0 
0.0004074752109072424 6.609966492703482e-05 0 
0.0003896937189911216 7.558007786112126e-05 0 
0.0004178749289750299 4.996808931981778e-05 0 
0.0004013651543075734 5.820171148315563e-05 0 
0.0004268311941339439 3.50087621757095e-05 0 
0.000411392147805401 4.203648931243075e-05 0 
0.0004343810804777363 2.096224633034073e-05 0 
0.0004198570877759336 2.684246293851037e-05 0 
0.0004406252807583684 7.660379880854449e-06 0 
0.0004268550884498526 1.248123214794914e-05 0 
0.0004455942483586084 -4.887952030110796e-06 0 
0.00043241100253604 -1.129247876696905e-06 0 
0.0004494263494757687 -1.739711774264384e-05 0 
0.0004366456068602427 -1.455020629315242e-05 0 
0.000452279522969259 -2.993557202869188e-05 0 
0.000439740959465426 -2.787864185711471e-05 0 
0.0004542312896203319 -4.260044343827908e-05 0 
0.000441853604237219 -4.12405884885934e-05 0 
0.0004553860163160605 -5.557098486421432e-05 0 
0.0004431082245430478 -5.480221351786977e-05 0 
0.000455905795531306 -6.900709902311272e-05 0 
0.0004436787476316823 -6.869444967754329e-05 0 
0.0004560426775435263 -8.303485581107865e-05 0 
0.0004438512154041246 -8.29680253501441e-05 0 
-0.0001304719708369763 0.002449002758249194 0 
-8.625461923840252e-05 0.002606819755705329 0 
-4.927203639640077e-05 0.002771047359345627 0 
-2.173856126262392e-05 0.002940033747419382 0 
-4.942050640874746e-06 0.003111875786523385 0 
0.0001262960912248569 0.003285182141230038 0 
0.0002451957707879656 0.003285182141230038 0 
0.000359686701683573 0.003285182141230038 0 
0.0004666994141348441 0.003285182141230038 0 
0.0005605432194118454 0.003285182141230038 0 
0.0006390425474198824 0.003285182141230038 0 
0.0006830119250418383 0.003285182141230038 0 
0.0007106172393307872 0.003285182141230038 0 
0.0007216402242838552 0.003285182141230038 0 
0.0007220648288667172 0.003285182141230038 0 
0.0007177124718981857 0.003285182141230038 0 
0.0007105166754229063 0.003285182141230038 0 
0.0006962200052625003 0.00330418295369725 0 
0.0006848965536401477 0.003322567077216947 0 
0.0006662690184466339 0.003339481969421793 0 
0.0006411615859199005 0.003354080539822722 0 
0.0006108795190991401 0.003365688208681518 0 
0.000576984911980591 0.003373974225583067 0 
0.0005411238285132056 0.003379027811475626 0 
0.0005046303100490581 0.003381427347976135 0 
0.0006999398498055984 0.003285182141230038 0 
-0.0003161512485157464 0.001905566184807275 0 
8.372175985357294e-07 0.003285182141230038 0 
-0.0002757271036265539 0.002027512715343628 0 
-0.000229106949852241 0.002158545767050135 0 
-0.0001792218408406383 0.002299216907631033 0 
0.0002285806498947144 0.002229571549603496 0 
0.0002952758839243495 0.002444178817500494 0 
0.0003168462785260243 0.002572614042763986 0 
0.0002644987327397348 0.002327334639202237 0 
0.0001916360173337644 0.002151465787469595 0 
0.0003711228690772466 0.003058955198916622 0 
0.0003955369234047142 0.003127328934888637 0 
0.0004206812289892217 0.003179268842465692 0 
0.0004316267932135759 0.003200096822818061 0 
0.0004409090491218729 0.003217964947843072 0 
0.0004489753309801026 0.003233633532608496 0 
0.0003358967565116573 0.002803654249546964 0 
0.0003422016033169127 0.002890395567750387 0 
0.0003507085575766503 0.002959940194932583 0 
0.000328983810630649 0.002697156297841789 0 
0.0003608720392522255 0.003015207763617135 0 
0.0003831614854709559 0.003095661646700718 0 
0.0004087812780392656 0.003155349372385685 0 
0.0004569366483110177 0.003248003496112226 0 
0.0004648068304590225 0.003261521243806436 0 
0.0004725484449222911 0.003284086890345856 0 
0.0004762408437283303 0.003294921809276406 0 
0.0004804945517505064 0.003315979917114482 0 
0.0004863643496018187 0.003336853613090095 0 
0.0004929680753618446 0.003347559631106912 0 
-2.795216186409008e-05 0.001922877629385314 0 
2.274440880917955e-05 0.001958180335437839 0 
4.68168910702289e-05 0.00197160926754223 0 
7.08528144109827e-05 0.001987952366077503 0 
9.625780102663365e-05 0.002010478100023115 0 
0.000156879098709838 0.002090920974188522 0 
0.0001246476941694747 0.002043513407017144 0 
-0.0001820495790059555 0.00188719199159582 0 
-0.0001208052062157026 0.001908273091193359 0 
-7.172534403086372e-05 0.001916094623343108 0 
-4.963254785441425e-05 0.001917982197168096 0 
-1.766960258607416e-06 0.001943805764681256 0 
0.0003071691894369619 0.00241756234953502 0 
0.0003339802626219846 0.00251391956631106 0 
0.0003543665845779023 0.002617169220412864 0 
0.0002744108525915954 0.0023299821323268 0 
0.0003696748138370872 0.002720044155109493 0 
0.0002380882057482747 0.002253471055770288 0 
0.0004702663785091552 0.003273472089446334 0 
0.0004820680699527311 0.003326607403419971 0 
0.0004791468095473927 0.003305492950846378 0 
0.0004681687966917269 0.003224098233024605 0 
0.0004614923083559335 0.003206129700961571 0 
0.0004724904391026035 0.003238787707023804 0 
0.0003889423283087558 0.002892543243491168 0 
0.0004207394618937956 0.003097130923670493 0 
0.0003960684048672925 0.002960961926175682 0 
0.0004129946645134853 0.003061252723679569 0 
0.0004301489423958413 0.003129492116732272 0 
0.0004045039191403646 0.003017318605100345 0 
0.0004413144029368458 0.003158801377202319 0 
0.0004523322986031157 0.003184482745387677 0 
0.0004775255146624074 0.003251571287530838 0 
0.0004945790848337019 0.003295739331256334 0 
0.0005058741826586922 0.00333800051295567 0 
0.0004867483214133671 0.003264953569466264 0 
0.0003808582299405054 0.002812185956097244 0 
-0.0002304994105071815 0.001885016636518622 0 
-0.0001701658867548424 0.001868948584556945 0 
-9.497989472250674e-05 0.001914461152299401 0 
0.0001114620040119268 0.002079357295016518 0 
8.709147010225352e-05 0.002064892002515502 0 
0.00013637745962746 0.002099911253029856 0 
2.976669261141068e-05 0.002040599461810311 0 
-7.951439957630481e-06 0.001984591121282494 0 
-0.0002047518174457149 0.001891638662217566 0 
6.145257129753514e-05 0.002053758185335789 0 
0.0001650638389119076 0.002133054194263614 0 
-0.0002546921837129009 0.001878729099007205 0 
-2.247911134904169e-05 0.001993235366357783 0 
-0.0001025617191842589 0.001985679427886911 0 
-0.0002940353936463817 0.001891321153871446 0 
0.000202063841283936 0.002191125077876493 0 
0.0005061963159787748 0.003359458667360365 0 
0.0004977469804713669 0.003316579285133367 0 
-0.0002409254023573933 0.001957883129215682 0 
0.0003183791488812502 0.002420952703997919 0 
0.0003700481319099784 0.002577045601856488 0 
0.0003485208666547279 0.002499763584165722 0 
0.0003864630297712164 0.002656047750045391 0 
0.0002822461997834634 0.002345310680098638 0 
0.0004043958477285483 0.002741266704372402 0 
0.0004647705333429421 0.003131249392171149 0 
0.0004927781159800234 0.003211698772776436 0 
0.0004630082155338168 0.003099636973960502 0 
0.0004733972301501022 0.00316079042012496 0 
0.0004310066575873222 0.002897992225121282 0 
0.0004380855030229352 0.002963792179605187 0 
0.0004455442518422218 0.003018769292332135 0 
0.0004837341220378429 0.003187952547464499 0 
0.0004987074583832799 0.003231896400127132 0 
0.000493739361327019 0.003253621845675764 0 
0.0004970434424279907 0.003245631324979828 0 
0.0005059469313257775 0.003263797757028475 0 
0.0002475607940756709 0.00228966325782687 0 
0.0004201501815879958 0.002822184630466225 0 
0.0001353002365654749 0.002162150579934255 0 
0.00015938812914631 0.002175046866201665 0 
0.0001811515211702886 0.00218985233933584 0 
0.0001108573925023956 0.002154796525389544 0 
8.507081391602533e-05 0.002151353285016317 0 
6.163336324491818e-05 0.002160571186339999 0 
-8.328686267271062e-06 0.002081368934386455 0 
0.0001969755655367627 0.002202759383627801 0 
-7.091065823739989e-05 0.001995119536479609 0 
-0.0002080554308466658 0.00195692959268818 0 
-0.0002559156355204361 0.001972428837602675 0 
-0.0001447766985890685 0.001961530374648244 0 
0.0004965288443798287 0.003279894556922445 0 
0.0005014211072139386 0.003330350940641548 0 
0.0003194647444206318 0.002430540964922709 0 
0.0004101242630373487 0.002686376578493007 0 
0.0005208680234266152 0.00325689588983992 0 
0.0001412176689038539 0.002255824303772698 0 
0.0005038499334993319 0.00316124451090496 0 
0.000469047337381441 0.002908808637941768 0 
0.0002123907711735014 0.002273269849533335 0 
0.0001689313660932129 0.002262488753289447 0 
0.0004546826450884624 0.002830278201469109 0 
0.0002740999176482317 0.002362766736908837 0 
-0.0001890751165055453 0.002043818387270099 0 
-7.269305006985105e-05 0.00207629670808512 0 
-4.4192319555548e-05 0.001997226748296498 0 
0.0005187353371517789 0.003322094236339212 0 
0.0005197339539134633 0.003277138248000431 0 
-0.0001128750705280414 0.002055069182845355 0 
0.0005187586188563038 0.003306952851322778 0 
0.0005201951134754379 0.003339043280945956 0 
-3.176353227871203e-05 0.002194321401452504 0 
-0.0002124529617680051 0.002066097917756045 0 
-0.0001477907604419718 0.002053789602168399 0 
8.439712064259905e-06 0.002187484077410736 0 
0.0005120460507350124 0.00329407117736656 0 
0.0005467210222615372 0.003319980720509046 0 
0.0003929264005118583 0.002586315524019489 0 
3.811163611148874e-05 0.002175844295330101 0 
0.0005225342156222822 0.003215464922471991 0 
0.0005353435213079037 0.003243355777340339 0 
0.0005406245226809751 0.00327178394693588 0 
0.0005165352756222789 0.002894496963583289 0 
0.0003373550610938538 0.002484052273870777 0 
0.0005051340333079798 0.003058233101351378 0 
0.0005119662723161172 0.003113411475646783 0 
0.0002425864813124669 0.002390596106364087 0 
0.0001957262204261666 0.002359305596165563 0 
0.0005098661720163918 0.002997169566727146 0 
0.0002771700879306647 0.002390580690150153 0 
2.75461173523222e-05 0.002760136333727946 0 
-2.681972487056863e-05 0.002603052663885864 0 
-0.0001947972514525534 0.002177877606786358 0 
-0.0001403377223676101 0.002311227850584452 0 
-8.36782024313333e-05 0.002453329945770352 0 
0.0001152833418628886 0.003101753573557593 0 
-0.0001624745791320359 0.002179081204368538 0 
0.0005564175879912323 0.003286751066699062 0 
0.0003930880527302269 0.002581093050655137 0 
0.0005471176702021381 0.003213940702093681 0 
0.0005317594265255087 0.003157860997876623 0 
0.0005616754026280261 0.003264391703328358 0 
0.0004430627993696368 0.002685241489775747 0 
0.0001656798400741436 0.002392144387426695 0 
0.0005477700591134244 0.003337231561495455 0 
0.0005423428165732128 0.003305209507596708 0 
6.629424798268864e-05 0.002295635580280691 0 
0.0005633666440293392 0.003124364903024825 0 
0.0005573139475815461 0.00296565334717121 0 
0.0005568188965577209 0.003077151407566969 0 
0.0002900717412278777 0.00250421707182927 0 
0.0003565679129501197 0.002539797966680619 0 
0.000308289898785516 0.002474368936988334 0 
7.748341386916573e-05 0.002927242520243587 0 
8.198838853597271e-05 0.002717364908670287 0 
-4.508740809880615e-05 0.002434360966010432 0 
-0.0001056294700796873 0.002304125991365842 0 
1.76358056343547e-05 0.002572633550371843 0 
-4.948207361125968e-05 0.002250333812594123 0 
0.0006707685603341164 0.003319399362434979 0 
0.0006921718778978349 0.003307032366221392 0 
0.0007057852546018813 0.00329551167715577 0 
0.0006437284062168272 0.003331509483717165 0 
0.0006128657487848725 0.003342308786032396 0 
0.0005680389037440373 0.003301183919409239 0 
0.000128984475772416 0.00240598425599742 0 
0.0003911806758878021 0.002592875372673626 0 
0.0005678628341686201 0.003164164313413936 0 
0.0005020951546005416 0.002803067528494047 0 
0.0002672992694275634 0.002537010619372455 0 
0.0005791393391841869 0.00333192716466279 0 
0.0005631183970795072 0.003236830250768741 0 
3.653474584342685e-05 0.002320630147843876 0 
0.0004530998345701097 0.002693911096671938 0 
0.0005754795287607865 0.003315711801459364 0 
0.0005960953566781637 0.003093980097223255 0 
0.0005751933086808724 0.002971635509872523 0 
0.0003262142196760042 0.002602972265615552 0 
0.000392507570911783 0.002625806473504814 0 
5.032231748427899e-05 0.002527056895664776 0 
-1.398292085136805e-05 0.002402227848108762 0 
0.0001161356357017053 0.002655371028520087 0 
0.0001507177330837462 0.002875832088423162 0 
0.0005805080224963943 0.003280833766747628 0 
0.0006939199790566876 0.003295771637370366 0 
0.0006693776478660998 0.003305129153492039 0 
0.0005794989265255696 0.003350999343806241 0 
0.0006411680372357697 0.003315073364732561 0 
0.0005679212021173452 0.00319296681417861 0 
-0.0002417795367973759 0.002060606220243956 0 
-7.547677151668567e-05 0.002283147452616761 0 
0.000566100676186519 0.003211417594024048 0 
0.0001003132615247877 0.002435907507538951 0 
0.0004264869404162048 0.002665717322499418 0 
0.0006057941489178373 0.003144672654692251 0 
0.0006046820820198601 0.003309340045643941 0 
0.0004439636081000243 0.002682162588868291 0 
0.0005015848512248763 0.00279501250572624 0 
1.21997752430785e-05 0.0023621649532065 0 
0.0005406227995892601 0.002889589623334571 0 
0.0002665181308221262 0.002605545409906599 0 
0.0006036285835542152 0.0030441882694968 0 
0.0003883089405554379 0.00268106386339623 0 
0.0006052438433922168 0.003182695813292322 0 
0.000138566211120432 0.002592457800492557 0 
7.614534314623329e-05 0.002480355227015037 0 
0.0005842408674581878 0.003226799858390426 0 
0.000185141389968564 0.002783343402389321 0 
0.0005948512859467011 0.00329541220851819 0 
0.0006338692397706469 0.003301440927727132 0 
0.0006621218306301576 0.00329257650446568 0 
0.0001853095019429573 0.002510772235770664 0 
0.0004723800423718542 0.002765021884516632 0 
0.0005459611502862765 0.002889161588958926 0 
0.0006219513550891087 0.003288054644260271 0 
0.0006470295785016052 0.003171638135656795 0 
0.0006108840494204549 0.003324308135440244 0 
0.0004930052233345393 0.00278399317610384 0 
0.0006053469303726611 0.00327320567421751 0 
0.0003426803884163077 0.002683463963286978 0 
0.0002116268814802638 0.002632882932031273 0 
0.0001995453720427125 0.002697100904221206 0 
0.0006487455401162497 0.00327937935059585 0 
0.0006888086936429324 0.003283743008167017 0 
0.0002380706874907468 0.002612703486789643 0 
0.0006250601890133621 0.003229478636126172 0 
0.0006070668634384599 0.003245328304124314 0 
0.0005219134066944145 0.002876165970006668 0 
0.0005412327552984146 0.002886135833215208 0 
0.0004263491095581122 0.002814778953930576 0 
0.0005862559101730722 0.002977166813611784 0 
0.0002529324238133007 0.002706095717498314 0 
0.0006297752481282206 0.003263529673348477 0 
0.0002601143825075444 0.00289692075081366 0 
0.0003220538682731915 0.002712072824494471 0 
0.000673600076693332 0.003269874093703481 0 
0.0006201521551552956 0.003053797102607502 0 
0.0006514775100851651 0.003251184579196488 0 
0.0005725233567116842 0.002991235741890777 0 
0.000485593886387773 0.002855979265156372 0 
0.0002606472614133801 0.00278276186676769 0 
0.0002866184382504811 0.002715360385047301 0 
0.000235493689662704 0.003064361382005775 0 
0.0003798620040322087 0.002838326087198379 0 
0.0007132154579306621 0.003277834511512801 0 
0.0005870606340736734 0.002984187656718692 0 
0.0006267873754040498 0.003109281607398123 0 
0.0003553323457589368 0.003120641256373543 0 
0.0004374625129036326 0.002733295496597878 0 
0.0005399878353144769 0.002994638240082254 0 
0.0006926023302468665 0.003259497562546033 0 
0.0004906094404588929 0.002989437049407312 0 
0.0006387094257409807 0.003207096404551181 0 
0.0006677662788512653 0.00323563535928596 0 
0.0006271269870719307 0.003070097328972642 0 
0.0006768666257612205 0.003216474791088208 0 
0.0006467854655552486 0.003116734903241799 0 
0.0005360365944043431 0.003141813145671105 0 
0.0005905367151231067 0.003134300353730808 0 
0.0004259208478382728 0.002986026288274983 0 
0.0006198334183986344 0.00309908792360285 0 
0.0006582946717620572 0.003136658775091837 0 
0.0003460714468399025 0.002964007377415005 0 
0.0006966404814852737 0.003222778003365315 0 
0.0003229788186725809 0.002830172630924773 0 
0.0004549333840352388 0.003139415525293597 0 
0.0007111786138982708 0.003288988965447914 0 
0.0007157413800097574 0.003265541742845331 0 
0.0006586292136684286 0.003180141010957522 0 
0.0007083938792653161 0.003251265964183201 0 
0.0007005088573510681 0.003244339235433204 0 
0.0006671156609511879 0.003166620348657598 0 
-0.0002744469834245148 0.001884031924923275 0 
-0.0002703054555252767 0.001979480587367666 0 
0.0005445082420829729 0.00335706796991567 0 
0.0006885639164670384 0.003224963442675064 0 
0.0006812955174785675 0.003186582479232375 0 
-0.0002345741266951136 0.001934061860943142 0 
-0.0001773621000921862 0.001968433996227966 0 
-0.0001478656250483868 0.001893914585478143 0 
0.0004945140128861308 0.003324663436961391 0 
0.0004881783360674257 0.003286983346661367 0 
-0.000133816172987911 0.002166113915605935 0 
0.0006812928099616832 0.003202251502747716 0 
-0.0001046857400723789 0.002152196616871229 0 
0.0005850914037271869 0.003256406396084604 0 
0.0001592941104662457 0.002542091551904707 0 
-8.396962090157974e-05 0.002133607337870756 0 
-3.690250885377594e-05 0.002085826303362094 0 
1.554573909578067e-05 0.002071187250519581 0 
0.0004980791441176656 0.003306420105346153 0 
0.0005332643271753004 0.003291215725374561 0 
0.0004576725888635036 0.003062677862052372 0 
0.0005979348355040618 0.003209128617225915 0 
0.0005796900595349012 0.003034213436288209 0 
0.0005289198597930877 0.002890067552562681 0 
0.0004937512919417805 0.002806495169050887 0 
0.0004659574549276721 0.002726317220566987 0 
0.000347365590213258 0.002571487801761939 0 
0.0002909541956225615 0.002606970536000597 0 
0.0002200222677346718 0.002508270694651813 0 
0.0005476906593594367 0.003019881483229228 0 
0.0005329324335818636 0.00295447964647644 0 
0.0004859731930863987 0.002837845874206784 0 
0.0004465183237405221 0.002732969370018588 0 
0.000112739065416221 0.002255098101068986 0 
0.0003980614617615029 0.00257937082572389 0 
0.0002330610364323109 0.002449955350225726 0 
0.000188418043853402 0.002260742359872479 0 
9.368097021212536e-05 0.002277393958124909 0 
0.0005398667195498852 0.003188906388666626 0 
0.0005019194405672294 0.002929070875858899 0 
0.0002301753319939792 0.002279585750886943 0 
0.0001578939449788177 0.002334983698720124 0 
0.0004073332496009691 0.002646891297123684 0 
0.0003614475935222925 0.002507707101667819 0 
0.0003228853132123207 0.002428848963818023 0 
0.0005133391702824401 0.003189663635185265 0 
0.0004942265091534246 0.003137038169011406 0 
0.0004770107338899595 0.003016900766007817 0 
0.0004763110713517323 0.002973233366391519 0 
0.0004321881626412654 0.002750833707150995 0 
0.0002362263802007559 0.00234692633467988 0 
-0.0003114264989858763 0.001365822612608279 0 
0.0005007314393347474 -9.660126568936929e-05 0 
0.0005612765700197128 0 0 
0.0002449621394509056 0 0 
0.0006516683619705472 -6.362864011117969e-05 0 
-0.0001047065323076004 0.0007492928537997588 0 
0.000711792983729932 0 0 
0.000635480148223437 0 0 
0.0003602411012194954 0 0 
0.0004679225138400771 0 0 
0.0007219101680313372 0 0 
-0.0002123962022962266 0.001080927934845537 0 
0.0006724910819776368 -4.965566277603092e-05 0 
0.0006878097281871665 -3.391666295013445e-05 0 
0.0006969813465473726 -1.715521341599865e-05 0 
-6.722999029890674e-06 0.000192211471469668 0 
0.0007000101139668467 0 0 
0 0 0 
-2.708186448857248e-05 0.0003826879513049805 0 
0.0007107996957317824 0 0 
0.0007213035519240375 0 0 
0.0005335423634364245 -9.46958861520902e-05 0 
0.0005660278841085799 -9.071999810132087e-05 0 
0.0005973528366118493 -8.433564039546417e-05 0 
0.00062626634309526 -7.530554257561219e-05 0 
0.0007176498326209468 0 0 
-0.0001568728512822212 0.0009205303560168727 0 
0.0001252271718455238 0 0 
0.0006830754599225751 0 0 
-0.0002660733601335052 0.001229428545655451 0 
-6.036231523879236e-05 0.000569199616786199 0 
0.0001956824301184345 0.001126611110645239 0 
0.0002694390491137112 0.0009399703979863013 0 
0.0003003416814743679 0.0008158241150971196 0 
0.0002330838075326886 0.001044203227691371 0 
0.0001607182635802361 0.00118859533400696 0 
0.0004369180147116286 6.698993034758497e-05 0 
0.0004270146680006115 8.443322128418891e-05 0 
0.0004164663335810938 0.0001038543983643024 0 
0.0004052970016324763 0.0001258861345523106 0 
0.0003844870362751109 0.0001798477935187118 0 
0.0003647973445585954 0.00025557105898492 0 
0.0003323940702889364 0.0005610604521580381 0 
0.00034613694841163 0.0003732594686006566 0 
0.0003395794953293345 0.000456588487881911 0 
0.0003213153110018581 0.0006844084994985115 0 
0.0003750110940792992 0.0002136624207832278 0 
0.0003554205970488051 0.0003072986052999073 0 
0.0004810887413124274 -4.238492835802202e-05 0 
0.0004743989616005078 -2.251138549448468e-05 0 
0.0004781641173041103 -2.240376662185061e-06 0 
0.0004711462942568161 1.087300481250163e-05 0 
0.0004549700570885954 3.718277294982521e-05 0 
0.0004462639838435802 5.1415895238209e-05 0 
0.0003941578117915113 0.0001512668001165968 0 
0.0005019446201710584 -7.721847133618456e-05 0 
-4.220006316283473e-05 0.001359012241437733 0 
-0.0001135163378985644 0.001374207886840299 0 
-0.0001899311911101936 0.00140581673972409 0 
-0.0002341054251282564 0.001415856194874493 0 
0.0001004551301300146 0.001269301830159466 0 
4.940411103042975e-05 0.0013164408760141 0 
2.573873142393085e-05 0.001332415510424672 0 
2.624392786714187e-06 0.00134477735887846 0 
0.0001290979680849264 0.001234616969477518 0 
7.436622379546572e-05 0.001295251280424592 0 
-1.972032514277967e-05 0.001352923355997648 0 
-6.415718887023751e-05 0.00136021318475305 0 
-8.723397047437012e-05 0.00136219407694521 0 
-0.0001400362087651147 0.001385692328940106 0 
-0.0001655410198941121 0.001396368901799069 0 
-0.0002132283332235208 0.00141373443703236 0 
-0.0002500725322547634 0.001403842686823508 0 
-0.0002628001585378163 0.001381093355670142 0 
0.0002447686059050883 0.001018837525077819 0 
0.0002818546223199806 0.0009351653491819073 0 
0.0003159988792002907 0.000838084875665938 0 
0.0002093317256083802 0.001083561315043153 0 
0.0003441605701990824 0.0007316425469324699 0 
0.0001771968004227599 0.001131535093049895 0 
0.0004785213567860444 -3.167478909735917e-05 0 
0.0004834895806572548 -1.60774606752727e-05 0 
0.0004634454051452809 2.38812177381098e-05 0 
0.0004425909049560051 9.648113976833742e-05 0 
0.0004508511500875332 7.837371478199317e-05 0 
0.0004330664685991453 0.0001172170455293465 0 
0.0004836167715992993 -5.334495343732501e-05 0 
0.0004110210623931475 0.0002386428718984511 0 
0.0003786175743783906 0.0005196600701725573 0 
0.0003885846509285495 0.0004287811058240149 0 
0.0004042607651717295 0.0002891933710057065 0 
0.0004176498142440099 0.000197388693505895 0 
0.0003964784013278118 0.0003524416930954868 0 
0.0004221413865789361 0.0001653900859452327 0 
0.0004245724747678685 0.0001407711193416555 0 
0.0004590128962293251 6.195858848084635e-05 0 
0.0005019985081030605 -4.087607697924826e-06 0 
0.0004676778661292452 4.730279025648525e-05 0 
0.0003654076998194111 0.0006219663761603751 0 
-0.0002212481765552593 0.001352570314559416 0 
-0.0002007752655802543 0.001365671038112143 0 
-8.577272748696471e-06 0.001277106675845976 0 
3.960385394932624e-05 0.001259229676905316 0 
6.627739995010273e-05 0.001241307928485056 0 
-3.007387124977185e-05 0.001274945431535448 0 
-9.182607082250609e-05 0.001298464714954082 0 
-0.0001229871112528073 0.001318672907254587 0 
-0.0001771147266631376 0.001352056018391512 0 
1.526622275817449e-05 0.001269852039215872 0 
9.318369795737516e-05 0.001220226113528041 0 
0.0001201645008320203 0.001196129724662401 0 
-5.266369631608909e-05 0.001261420993234075 0 
-0.0001511582862475897 0.001335542559059119 0 
-0.0002215418877132369 0.001315444459238232 0 
0.0001479650511262238 0.001167313618325525 0 
-0.0002740483727443596 0.001339687639196104 0 
0.0004961542015389489 -4.086381742943761e-05 0 
0.0002901931658903751 0.0009233747802144098 0 
0.0003593898415174218 0.0007510620156269576 0 
0.0003268905272422896 0.0008413001279234454 0 
0.0003842992471336405 0.0006629027895678498 0 
0.0002574282799783566 0.0009838223846706936 0 
0.0004063538559192365 0.0005672130298230976 0 
0.000469549733397655 9.168761016860117e-05 0 
0.0004749423083459975 7.444923898574297e-05 0 
0.0004594416274883085 0.0001120940098508201 0 
0.0004576023097190422 0.0001815759743014495 0 
0.0004550580980889194 0.0002218316199398279 0 
0.0004329533642087576 0.0004010122458832378 0 
0.0004616573943345387 0.0001454601461880195 0 
0.000440449747004933 0.0003325986345677673 0 
0.0004505500245800064 0.0002711286222755345 0 
0.0004487215971880097 0.0001322829676660612 0 
0.0004802727159882298 5.942771544590843e-05 0 
0.0004892313360991202 4.602025906757328e-05 0 
0.0002283121956066892 0.001027628212417234 0 
0.0004205858085721633 0.0004819337715383192 0 
0.0001145927243714518 0.0011415998534961 0 
0.0001458592050288964 0.001113838490453558 0 
8.359261234527306e-05 0.001165847884630083 0 
5.579183158356241e-05 0.00118254498337883 0 
0.0001741827059236393 0.001087869277792238 0 
3.027321469108787e-05 0.001193018375332937 0 
1.141842624343151e-05 0.001189760808501586 0 
-3.893085685036384e-05 0.001170616143873048 0 
-0.000105033060089818 0.001251158730123084 0 
-0.0001288144729492496 0.001209148714285691 0 
0.000200825277255365 0.001061148363236768 0 
0.0004928646346576391 9.04152770482331e-06 0 
0.0005040938558714577 -5.473992666414778e-05 0 
0.00051236134109534 -6.222378034073389e-05 0 
0.0005149636426221346 -1.944230553090498e-05 0 
-0.0002135874197316149 0.001260825225763356 0 
-0.0001678286941499737 0.001219876476020142 0 
0.0003044175968088388 0.0008884005650054611 0 
0.0004073106078949933 0.0006602389689011416 0 
0.000497227649927892 5.880027204830153e-05 0 
0.0005006761599705853 8.869109024564701e-05 0 
0.0004926786115401917 0.0001681504472851038 0 
0.0004810973459507015 0.0003685061289442883 0 
0.0004948172311835006 0.0001389514253332827 0 
6.626299308902952e-05 0.001078323541659351 0 
0.0002072141384224994 0.0009944903361947081 0 
3.37544486523848e-05 0.001061837042268567 0 
0.000451844419571009 0.0005106519557688336 0 
0.0002564882593071373 0.0009534608880389112 0 
0.0005180066925042342 -4.2487135680186e-05 0 
0.0005222758168413198 -1.263424910049078e-06 0 
0.0004762767583872318 3.41657960963548e-05 0 
0.0005360655839120922 -1.211512509277637e-05 0 
-5.187822675909092e-05 0.001095615908154743 0 
9.496233770351337e-06 0.001045448779660547 0 
0.0005464432670363895 -5.233144047594905e-06 0 
0.0005322601882742697 -5.702230987411813e-05 0 
0.0005394174618265358 -3.267091444678812e-05 0 
8.937346924095787e-05 0.0009346990796574071 0 
0.0005062206586828456 2.193009808546941e-05 0 
0.0003297653432322994 0.0008418809492299684 0 
0.0005223200805076572 3.704129334100034e-05 0 
0.0004974879244038259 0.0002547076608373783 0 
9.987237865852094e-05 0.001088446003849613 0 
0.0002813654136846848 0.0009227036153257958 0 
2.278965609079717e-05 0.0009581093683922675 0 
0.0005059654692000643 0.0004425791918879406 0 
8.625985580112893e-05 0.0009973913081154824 0 
0.0004980303713261729 0.000118117327464365 0 
0.0005376425566493808 0.0001673037065913368 0 
0.0004994756463042918 0.0004052713107759954 0 
0.0002376144779633586 0.0009662842352826008 0 
0.0006761155098572626 -3.30187871914341e-05 0 
0.0006533283029723665 -4.463508975140129e-05 0 
0.0005656639000081393 -6.804280867165526e-05 0 
0.0005972818883298968 -6.216480820592811e-05 0 
0.0006268375956733339 -5.454021269293797e-05 0 
0.000706374740298571 -9.750872478022236e-06 0 
0.0005620727244678274 -4.668905435563191e-05 0 
0.0004514577241828252 0.0005863150579718324 0 
0.0002175520770903421 0.0009254338528660334 0 
0.0003908255536526893 0.000715712048289967 0 
0.000530852956873075 0.0002135496624889476 0 
0.0005209159411857627 0.000289470607344519 0 
0.0003071514417222804 0.0008567367785537081 0 
0.0001659135814521415 0.0009890579373688535 0 
-3.128842408918086e-05 0.001010008469603547 0 
9.22431754687129e-05 0.0008645977189119131 0 
0.0005332544090130187 1.224166750958355e-05 0 
0.0005520713049399562 7.961385409089732e-05 0 
0.0005532942506724962 0.0001182246053438691 0 
0.0005512596539113832 0.0003457307662759803 0 
0.0005610716778889612 -2.015483522397077e-05 0 
0.0006944826404837216 -2.085956545465083e-05 0 
0.0006744316003304296 -2.171836378156023e-05 0 
0.0006253789735036538 -3.837537945560142e-05 0 
0.0005967773440878508 -4.414168499368014e-05 0 
0.0006514030521592841 -3.088447322028594e-05 0 
-0.0001805802431362171 0.001159199811270909 0 
-9.994011743998319e-05 0.001128080960634362 0 
-4.134012911051437e-05 0.0007296402483705023 0 
2.03770784272399e-05 0.0005542917719465521 0 
7.339632076167083e-05 0.0003712409562907575 0 
0.0001102582361803005 0.0001849125850191192 0 
-0.0001055086115002228 0.0008941046282761998 0 
0.0005590062769350528 2.356960936347153e-05 0 
0.0005005224579047431 0.0004851998251169584 0 
0.0003205565451887225 0.0008146056419446509 0 
0.0005733328422280976 0.0001655274637068319 0 
0.0001693822683878057 0.0007569245389590232 0 
2.964573751609521e-05 0.0008916024217797921 0 
0.0005397980430247432 0.0003169076054171378 0 
0.0005518844127214375 4.628855992324396e-05 0 
-7.449306079941789e-05 0.001057723999129707 0 
0.0005636229154532194 -6.235003579537425e-06 0 
0.0005524200761075544 0.0002238599801523059 0 
0.000594762692894229 7.175875575597537e-05 0 
0.0006233920123897998 -2.434704438476081e-05 0 
0.0006472400020558276 -1.989390953386096e-05 0 
0.0006687523985106704 -1.267693448119268e-05 0 
0.0006940854226901101 -1.220609077445622e-05 0 
-0.0001387179198051807 0.00113894168074093 0 
0.0004171377359371366 0.0006646614659909901 0 
8.679499593798442e-05 0.0005722898586272795 0 
1.192859046466588e-05 0.0007387517707429208 0 
-5.938787168456983e-05 0.0008919891575191362 0 
-0.0001683435321579171 0.001048347608619235 0 
0.0003832039836050306 0.000720189622306871 0 
0.0005346227054457701 -7.456381055959053e-05 0 
0.0005974563130429767 -2.868376679498442e-05 0 
0.0005585151438072723 4.714943194887081e-06 0 
0.0005508333630492335 0.0003790808528102053 0 
0.0005891315619155353 0.0001132573136197232 0 
0.000593305342107086 -1.52444920222954e-05 0 
0.000602708801997829 0.0001704247791302889 0 
0.000575189288678597 0.0002386830724749369 0 
0.0002377979299810201 0.0007470173765245401 0 
0.0005898368800008253 4.283744452295762e-05 0 
0.0002500201361093808 0.0008234962465927151 0 
0.0004785181074233715 0.0005378374758731639 0 
-0.0001258910008852225 0.001031696388408872 0 
0.0006432439467592079 -1.094584018133965e-05 0 
0.0006228856925145171 -9.032934739202857e-06 0 
0.0006870164655577656 -5.507541545262037e-06 0 
0.0004419245644126637 0.0005970848986498339 0 
5.420970279192749e-05 0.0007646547764730808 0 
0.0001352534483107474 0.0006135726964122891 0 
0.0005832321372320178 2.720139060329836e-05 0 
0.000389036720592609 0.0006664889848071664 0 
-1.926878876528269e-05 0.0009136617885109215 0 
0.0006241707709645293 0.000111662002791262 0 
0.0006408760949445362 5.960525503068579e-05 0 
0.000534173717686786 0.0004196425344955312 0 
0.0006266112119174788 0.000180058307827648 0 
0.0001536655673414451 0.0009135580218220209 0 
0.0002528059349682111 0.0006472209628237178 0 
0.000327346334073759 0.0007368501409060294 0 
0.0005981684907571743 1.675279756496937e-05 0 
0.0006590061032535279 -3.534697901460132e-06 0 
0.0004989105811108037 0.0004704332393003231 0 
0.0001607094206554398 0.0003912709197762535 0 
0.0006255055766129251 2.816423705213527e-05 0 
0.0004453964537541233 0.0005323385232629391 0 
0.0005925215134660345 0.0002566711066868441 0 
0.0006704537195974739 7.229978723279656e-05 0 
0.0006526939993281427 0.0001184807209687444 0 
0.0003068828249171635 0.0006762129013922293 0 
0.0005852575984457786 0.000306923474610204 0 
0.0006576279011107058 1.673894443274692e-05 0 
0.0007000984163211378 -2.571347578506656e-09 0 
8.50704978396587e-05 0.000798340192207252 0 
0.0005865142635268416 -2.945551686484319e-06 0 
0.0005498205933306699 0.0003473569101018193 0 
0.000226608504721803 0.0004450185277927345 0 
0.000597946642936878 0.0002786563153871915 0 
0.000337072962461396 0.0005488433171636061 0 
0.0004921692096244975 0.0004008862859046853 0 
0.0006995495311533161 1.30948835826944e-05 0 
0.0005935799234365052 0.000226798890930445 0 
0.0006829338592221094 4.389358112018476e-05 0 
0.0007117862252422986 -2.937176876446353e-06 0 
0.0002524995327855003 0.0005415639217535501 0 
0.0003361931147900757 0.0002398858872427844 0 
0.0003787752974944095 0.0006024370271978712 0 
0.000162567762607571 0.0006750146825154116 0 
0.0006932289980261779 6.42011055412444e-05 0 
0.0003490130903234166 0.000412374699114134 0 
0.0007165436288984273 6.256857484194858e-06 0 
0.0005286098916342576 0.0002687367157946231 0 
0.0006325672949750424 0.0001976238130637297 0 
0.0006727016224790932 0.0001170083036531476 0 
0.0002207594440317894 0.0001982067775496309 0 
0.0007021952286442247 3.210650258168605e-05 0 
0.0004451445583645115 0.0003254571472354623 0 
0.0005520462077894467 0.0001359171637240509 0 
0.0007068201135822696 3.826547384661951e-05 0 
0.0006244635843848782 0.0001121073959248415 0 
0.0006780244948615181 8.948657796664624e-05 0 
0.0004583360861112165 0.0001708908262339011 0 
0.0006397766621733734 0.0001887930452620659 0 
0.0007167283935964918 1.75078332646658e-05 0 
0.0004897764528751969 -6.42730248289682e-05 0 
-0.0002255453663044723 0.001193678708092225 0 
0.0004953568814761319 -4.971678755199983e-05 0 
0.0004924826646918077 -3.003637130461193e-05 0 
-0.0002192779497834475 0.001377608657528438 0 
0.000484751586086522 2.164386772448243e-05 0 
-9.170712526684947e-05 0.001035011561808386 0 
0.000418666696113436 0.0004665392594347841 0 
0.0005738500171101331 -3.152477245141772e-05 0 
0.0005086671346665405 -3.0203035126892e-05 0 
-0.0001850744070659413 0.001277283932021461 0 
0.0006774625410356004 5.275818452312439e-06 0 
0.0001637486716331633 0.0008364833916759266 0 
-0.000193392366802771 0.001322925374429964 0 
-0.0001601699910738894 0.001263564521065667 0 
0.0005136857824500387 1.015507858629135e-05 0 
0.0004984216639967028 3.396142150861767e-05 0 
-8.755892245819388e-06 0.001190969763169489 0 
0.0006729216558435191 3.082678822722618e-05 0 
-7.956246267612888e-05 0.001240815935257234 0 
-0.0001373996683375209 0.001273838396333977 0 
-0.000166386326136396 0.001301833082057794 0 
0.0002154681822393675 0.0008277513890952338 0 
0.0006429928785832065 4.031470057110297e-06 0 
0.0006089502134627155 3.412955467497034e-06 0 
0.0005298035147656238 2.385341431910604e-05 0 
-7.987888104127171e-05 0.001177300204610753 0 
0.000539976841487121 2.346705743865138e-06 0 
1.14223658926839e-05 0.001126378670565255 0 
6.772309499482914e-05 0.001115785883000037 0 
0.0001295534407613497 0.001069066095526562 0 
0.0001688982961439125 0.001031883862310381 0 
0.000148522502422375 0.0009755275223263484 0 
0.0005093398262739201 4.892304634221033e-05 0 
0.0004994784901698858 6.991785130666396e-05 0 
0.0004811925105449337 0.0001139293209335686 0 
0.0003643994726380637 0.000765497247070127 0 
0.0004154622007026879 0.0006119908398609287 0 
0.0004525405832515178 0.0004535116302160323 0 
0.0004740263076796192 0.0003180676706429987 0 
0.0004959741361878424 0.0002024301777011001 0 
0.00045962335654628 0.0005432766561254446 0 
0.0005767292414145951 9.522530758559137e-06 0 
0.0006268323927720666 1.070741055170102e-05 0 
0.0002723352907077097 0.0008650663633046278 0 
0.0005196068693273954 0.0001024926394942006 0 
0.0005505128954237067 1.293307333676017e-05 0 
0.0005235481944709448 5.938243255380835e-05 0 
0.0004171334772826127 0.0006547232513520489 0 
0.0003354054726248948 0.0008170460263273312 0 
0.0003597387773798462 0.0007809120106477796 0 
0.0005191435207565415 0.0001535820846758772 0 
0.000523908814960424 0.0001266454880834045 0 
0.0003548162959895618 0.0007881957458868507 0 
0.0005259376600781826 7.495085391967037e-05 0 
</DataArray>
<DataArray type="Float64" Name="Umag" NumberOfComponents="1" format="ascii">
0.0008085241098925855 
0.0009589893146067846 
0.001089032260898666 
0.001186274798941049 
0.001255440184698459 
0.001304728163739198 
0.0008513474442878972 
0.001050511963598051 
0.001200141078978256 
0.001294957965892463 
0.001355490905999921 
0.001396180281575503 
0.0009121138403397678 
0.001198808588482091 
0.00134869412178818 
0.00142201898838622 
0.001465162733268407 
0.001492656578495304 
0.001107071150221766 
0.001466392594400464 
0.001532525624446973 
0.001564298268004621 
0.001581419775844078 
0.001592257776543485 
0.002225928106564295 
0.001837065617415124 
0.001760377818683148 
0.001724362472421477 
0.001705108891756599 
0.001693055047023415 
0.002402553380129662 
0.002109060591320951 
0.001948272905521868 
0.001869209889038773 
0.001822868462976764 
0.001793482750327321 
0.002478639314873964 
0.002267271968130656 
0.002105394066589886 
0.002001957480659871 
0.001936141007286532 
0.001892129056843174 
0.002538997838672115 
0.00237334678632166 
0.002228470774345927 
0.002119650098291051 
0.002042461967529212 
0.001987751704834059 
0.001701852825633385 
0.001742545210406413 
0.001783093501728953 
0.001828634132360024 
0.001831757758067122 
0.001833651772283454 
0.001834774676086648 
0.001835487265217798 
0.001836048928865365 
0.001836701519658584 
0.001837641065054516 
0.001838961317213566 
0.001840912099111169 
0.001843692057699088 
0.001847528970635103 
0.001852748993324586 
0.00185987082601354 
0.001869152435192271 
0.001881340775455102 
0.001897462694468335 
0.00191892914713531 
0.001947917352217715 
0.001823691420274425 
0.001497234996267093 
0.001660806824890328 
0.001619193677039227 
0.001488546311385961 
0.001533809665135767 
0.001403329088949042 
0.0014518715084977 
0.001576849740828903 
0.001519834286012773 
0.001507376449097695 
0.00145721934006582 
0.001415577219404889 
0.001340882292341609 
0.001367588575881856 
0.001387757427934803 
0.001425410456655465 
0.001433485210240299 
0.001440332749777312 
0.001446338301077498 
0.00146256461402918 
0.001468168290610245 
0.001474241833543736 
0.001480967795319096 
0.001861751666086145 
0.001774379966244314 
0.001686379356856285 
0.001598252346240059 
0.001510646196993586 
0.001424467679080316 
0.001840168866378588 
0.001761073135828919 
0.001681827744312736 
0.001602542486990238 
0.001523412424314293 
0.00144486604562908 
0.001824479668239615 
0.001751561810184139 
0.001678691426840129 
0.001605791077891868 
0.001532851012536357 
0.00146004148922659 
0.001812892060652287 
0.001744665803507808 
0.001676552708016835 
0.001608393668974304 
0.00154008245450478 
0.001471654543662578 
0.00180425917361743 
0.001739647488306043 
0.001675157708819747 
0.001610595643924959 
0.001545811857271115 
0.001480768784762955 
0.001797804584024044 
0.001736026878758499 
0.00167434864587752 
0.001612565118542379 
0.001550511252624048 
0.001488111227190196 
0.001793010367903285 
0.001733495854826098 
0.001674034097879886 
0.001614430204661391 
0.001554518824019688 
0.00149420415093855 
0.001789584300640738 
0.001731864974482622 
0.001674166567657789 
0.001616296164228477 
0.001558091239398683 
0.001499446180575532 
0.001787242949918866 
0.00173098366018369 
0.001674715176755016 
0.001618249669729851 
0.001561429444506618 
0.001504144085170749 
0.00178575297280165 
0.001730727768125389 
0.001675655491402586 
0.001620363264705025 
0.001564700744313941 
0.001508556872027462 
0.001784941888041257 
0.001730994936157911 
0.001676967184244009 
0.001622698844421365 
0.00156804697958239 
0.001512904724856782 
0.001784649564988645 
0.001731694530975434 
0.001678633754905777 
0.001625310949846684 
0.001571588699454965 
0.00151736184362135 
0.00178471974675521 
0.001732752872768435 
0.001680647376044502 
0.001628252627445466 
0.001575437810698217 
0.001522100038371025 
0.001785076067762398 
0.001734126188776591 
0.001683009420650353 
0.001631576633659598 
0.001579699335490616 
0.001527277459024358 
0.001785623161998109 
0.001735756760696658 
0.001685712398898193 
0.001635330528591596 
0.001584475258550248 
0.001533042213973713 
0.001786167201926547 
0.001737535244821484 
0.001688720105012654 
0.001639552036826799 
0.001589872218508737 
0.001539559419694581 
0.001786478389888633 
0.001739304016110526 
0.001691960650246022 
0.001644260292012472 
0.001596010656596297 
0.001547029679244236 
0.001786277049746065 
0.001740865768206567 
0.001695324973898489 
0.001649434082448184 
0.001602983324485203 
0.001555738355498397 
0.001785225228652912 
0.001742010392316282 
0.001698673818725423 
0.001654989118661277 
0.001610760836126346 
0.001565811374022185 
0.003337927915328909 
0.003323309420790507 
0.003308274054387054 
0.003292633509606761 
0.003276201806034577 
0.003258837515177694 
0.003240203956791177 
0.003220070236118546 
0.003198233727736611 
0.003174372503000426 
0.003148086769238178 
0.003118950608690145 
0.00308647874677345 
0.003049868829454484 
0.003008762936379269 
0.00296196287056199 
0.002907570175326163 
0.002842279141027508 
0.002757273083386912 
0.002665161599755871 
0.0006285407995276042 
0.0005361752575319139 
0.0004617200392686056 
0.0004128362799418104 
0.0003805180522406273 
0.0003607830115220488 
0.0003506410942318023 
0.0003475316389407182 
0.0003497184577640184 
0.0003554116497880208 
0.0003632242187854163 
0.0003721134761492079 
0.0003813101327669921 
0.0003902915170696089 
0.0003987421896697929 
0.0004064313752619598 
0.00041319988933157 
0.0004189488691669993 
0.0004237417523511371 
0.0004277389495027805 
0.0004310931146111791 
0.0004339835402161305 
0.00043665225356831 
0.0004393955036680775 
0.0004544434459287828 
0.0004663157535320408 
0.0004755300726738609 
0.0004733580389603393 
0.0004711417644700046 
0.0004687577501684019 
0.0004660110192639528 
0.0004627158562528093 
0.0004588821963802218 
0.0004544334738239386 
0.0004492777387067206 
0.0004432616495161244 
0.0004364905185303628 
0.0004291283604289276 
0.0004214345140729298 
0.0004137721698843202 
0.0004066673140362402 
0.0004008418621532713 
0.0003973634805761703 
0.0003977394899021203 
0.0004038976928873668 
0.0004184992271573872 
0.0004453071280883738 
0.0004895714734855164 
0.0005610647823111141 
0.0006679641400425621 
0.003027810597390908 
0.00341474912382245 
0.003409984120974999 
0.0004424348669368873 
0.003110323193219512 
0.002693357536040452 
0.003349216207755115 
0.0004781481508758236 
0.003196050923811815 
0.003255132038727634 
0.003312599926767379 
0.003072491960116295 
0.003337182917830382 
0.003325053498165017 
0.002814722561935332 
0.003271194293713421 
0.003217989564634628 
0.003237526934049901 
0.002905285074377082 
0.003171212076231411 
0.003285954643476051 
0.003299602408794998 
0.002973576416225091 
0.003142911421126531 
0.003361398451722468 
0.003373896439713125 
0.003386774194253658 
0.003400481900051575 
0.003413161867386808 
0.003411580999076398 
0.003395487746650288 
0.003380998791532252 
0.0033666296612623 
0.003352319286980686 
0.002655615110620767 
0.002668892554562544 
0.002786649812807701 
0.002801638164253861 
0.002872505312597912 
0.002891275538478773 
0.002937313036628647 
0.002957947720135146 
0.002990315315202441 
0.003011385730641931 
0.003035314509877211 
0.003055998486614709 
0.003074445916865777 
0.00309421583176872 
0.003108965055475928 
0.003127528236303215 
0.00313957161055542 
0.003156784764569918 
0.003166881893541557 
0.00318268343290134 
0.003191363133412698 
0.003205734662010598 
0.003213456111502958 
0.003226401169732091 
0.003233585018578158 
0.003245132243267641 
0.003252098688156198 
0.003262305386899255 
0.003269219398189726 
0.003278143866683463 
0.003285132124672859 
0.003292828459083203 
0.003300194783738956 
0.003306760440091615 
0.003314586416669532 
0.00332010358327983 
0.00332848697987374 
0.003333046204156505 
0.003342095556578705 
0.003345801100792904 
0.00335562223990251 
0.003358605423265243 
0.003369212652353301 
0.003371608374056663 
0.003383012333894465 
0.003384921631378688 
0.003397200000793658 
0.00339887342736306 
0.0006682849153996778 
0.0006600796170736883 
0.0005445554623702131 
0.0005314687573532223 
0.0004711763838437994 
0.0004589377989370026 
0.0004260864354382863 
0.0004134558062528319 
0.0003988733232286857 
0.0003850210717122673 
0.0003839957881065008 
0.0003688439778689934 
0.0003778554887918978 
0.0003616574355663604 
0.000377741393018253 
0.0003608564176032685 
0.0003816734828652661 
0.0003644907127409856 
0.00038811181984385 
0.0003709805013510183 
0.0003959426311070371 
0.0003791114895622866 
0.0004043656663061966 
0.0003879896350965811 
0.0004128016632807673 
0.0003969553410531522 
0.0004208518340415776 
0.0004055630978182196 
0.0004282644997135343 
0.0004135342376510741 
0.000434886581591361 
0.000420714264046625 
0.0004406918645304335 
0.000427037524921947 
0.0004456210567795488 
0.0004324124770574853 
0.000449762941235566 
0.0004368879656084874 
0.0004532691312785214 
0.0004406237965695575 
0.0004562245743614518 
0.0004437740345224205 
0.0004587641640483594 
0.0004464842452586096 
0.0004610987682857315 
0.0004489652085813761 
0.0004635404092639986 
0.0004515391396614703 
0.002452475778695121 
0.002608246364528388 
0.002771485378151402 
0.002940114113603522 
0.003111879710820306 
0.003287608918912871 
0.003294319757866422 
0.003304814098315484 
0.003318166669142854 
0.003332661159176758 
0.003346759190391456 
0.003355432459580454 
0.003361160299939723 
0.003363508036910456 
0.003363599161336425 
0.00336266752644013 
0.003361139040133687 
0.003376736188574879 
0.00339242321531293 
0.003405297964794725 
0.003414812505376657 
0.003420676965881549 
0.003422953938274967 
0.003422081814993696 
0.003418874472609535 
0.003358919096138319 
0.001931614375753871 
0.003285182247911079 
0.002046175272686673 
0.002170670362565595 
0.002306191418024688 
0.002241258219908546 
0.002461950027832698 
0.002592052194158569 
0.00234231639674309 
0.002159983656834401 
0.003081385904577866 
0.003152242967280309 
0.003206980366185147 
0.003229074381928989 
0.003248030048374586 
0.003264653836326111 
0.00282370391189264 
0.002910582154034438 
0.002980644636640711 
0.002717146010549431 
0.003036726277834587 
0.003119284173460653 
0.003181718371429211 
0.003279987471214935 
0.003294475104389475 
0.003317910296578253 
0.003329161316379904 
0.00335061155984523 
0.003372112441149616 
0.003383662661546303 
0.00192308078377986 
0.001958312419974792 
0.001972165034967381 
0.001989214601570957 
0.002012781099605975 
0.002096797933019176 
0.002047311430222716 
0.001895952442008935 
0.001912093117089614 
0.001917436604057801 
0.001918624272352531 
0.00194380656778308 
0.002436998281663048 
0.002536007571302309 
0.00264105100377518 
0.002346085687476523 
0.002745050031189012 
0.00226601363475838 
0.003307078769418754 
0.00336135485192452 
0.003340039717307946 
0.003257912128708839 
0.003239173167655539 
0.003273070886218611 
0.002918575431647543 
0.003125578610937616 
0.002987334214579301 
0.003088985728544596 
0.003158915798392495 
0.003044311906701513 
0.003189480293536044 
0.003216447553440195 
0.00328644891258765 
0.003332642526696329 
0.003376115536111422 
0.003301037070250685 
0.002837858848319273 
0.001899057055013391 
0.001876679312171493 
0.001916815766855294 
0.002082342560357628 
0.002066727825867995 
0.002104335068874694 
0.002040816557050033 
0.001984607050292502 
0.001902687608395972 
0.002054677371840366 
0.002139431295130071 
0.001895914327152172 
0.001993362118669482 
0.001988326355650732 
0.001914040887702873 
0.002200422437363719 
0.003397380939490472 
0.003353721844629355 
0.001972650855364036 
0.002441797959995295 
0.002603478375938224 
0.002523942307425988 
0.002684016267443462 
0.002362233075603875 
0.002770934706224746 
0.003165554359766402 
0.003249282886829413 
0.003134027118260917 
0.003196044589405396 
0.002929867859775931 
0.002995994491291285 
0.003051471402565834 
0.003224444160736717 
0.003270147316284364 
0.003290871263295205 
0.00328346994524862 
0.00330278035844076 
0.002303007638069343 
0.002853287974167383 
0.002166379764566848 
0.002180879053475099 
0.002197332278404192 
0.002157646270198913 
0.002153034602678469 
0.002161450097205002 
0.00208138559811582 
0.002211548840875746 
0.001996379294195938 
0.001967958458160008 
0.001988961621527793 
0.001966865959622574 
0.003317265319179436 
0.00336788665405944 
0.002451445921307495 
0.002717502719889664 
0.003298283543767048 
0.002260240190666076 
0.003201145359588349 
0.002946383053316262 
0.002283170087504868 
0.002268786716553884 
0.002866567809324569 
0.002378612498474185 
0.002052545492754043 
0.002077568843512427 
0.001997715606691479 
0.003362349842762972 
0.003318095610340042 
0.002058166690972183 
0.003347394160464159 
0.003379321379820815 
0.00219455128325936 
0.002076992264482433 
0.00205910024982929 
0.002187500358323451 
0.003333631065314582 
0.00336469550787801 
0.002615992956030924 
0.002176178047478569 
0.003257645879180824 
0.003287240390390289 
0.003316149132646383 
0.002940224713037265 
0.002506855427935208 
0.003099669352335383 
0.003155224315429624 
0.002402872852374569 
0.002367410325537265 
0.003040228433042826 
0.002406594958392931 
0.002760273785215216 
0.002603190824470121 
0.002186571937832127 
0.002315484582897618 
0.00245475657945461 
0.003103895210858184 
0.002185129946730027 
0.003333516627628157 
0.00261085418078825 
0.003260176771529703 
0.003202320122912305 
0.003312360555657608 
0.002721548548638869 
0.002397875013361629 
0.00338188801303392 
0.003349409741998766 
0.002296592616196058 
0.003174750072503063 
0.003017565013675219 
0.003127124568778023 
0.002520961078219998 
0.002564705516838261 
0.002493500410672908 
0.002928267824456439 
0.002718601504952023 
0.002434778467788048 
0.00230654593906927 
0.002572693997765611 
0.002250877771828864 
0.003386494144224444 
0.003378692791567247 
0.003370241837002721 
0.0033931315478578 
0.003398033614787087 
0.003349699011244573 
0.002409439195144327 
0.002622217576671591 
0.003214716783903724 
0.002847681006287585 
0.002551053073192542 
0.003381884238824344 
0.003285448584504256 
0.002320917721664371 
0.002731749706115051 
0.003365281776963058 
0.003150879641666258 
0.003026791196281399 
0.002623333820291002 
0.002654980570460518 
0.002527557890447593 
0.002402268543752923 
0.002657909476446417 
0.00287977881717854 
0.003331795277206285 
0.003368031416573928 
0.003372231480299915 
0.003400737509428528 
0.003376508235667734 
0.003243080567648653 
0.002074742234428661 
0.002284394675494799 
0.003260931299304853 
0.002437972135961025 
0.00269961848301182 
0.00320249163246874 
0.003364130193381123 
0.002718657727343008 
0.002839662351432711 
0.002362196456832718 
0.002939728083125811 
0.002619140850955188 
0.003103457698604187 
0.002709038071516235 
0.003239733438095279 
0.002596158323792865 
0.002481523758794922 
0.003279264356119642 
0.002789494188899424 
0.003348669836881979 
0.003361740979373515 
0.003358491529892024 
0.002517601404398077 
0.002805082695088889 
0.002940293907883628 
0.00334636023639696 
0.003236963969371373 
0.00337997099117589 
0.002827308287899975 
0.003328711506250024 
0.0027052557533189 
0.002641374352632859 
0.002704472525845754 
0.003342932799344789 
0.003355208720798731 
0.002623527617945936 
0.003289412181695201 
0.003301618690617589 
0.002923136037051948 
0.002936445630890645 
0.002846884985859369 
0.003034339834014015 
0.002717890513482614 
0.003323739278580825 
0.002908575137156003 
0.002731127550926749 
0.003338534656401581 
0.003116129881670167 
0.003315814246026429 
0.00304553349309202 
0.002896967204767826 
0.002794941967558306 
0.002730445412351137 
0.003073396810924242 
0.002863632329643285 
0.003354530574356956 
0.003041383921603976 
0.003171828262701207 
0.003140806095085017 
0.002768081957225653 
0.003042933625837172 
0.00333226984923294 
0.003029427585441924 
0.003270079063052679 
0.003303823237013816 
0.003133494194550051 
0.00328692234632571 
0.003183138057882376 
0.003187212743582136 
0.003189447024063177 
0.003016249585643162 
0.00316046506463602 
0.003204993002524489 
0.002984142285429506 
0.003297211855404406 
0.00284854216014908 
0.003172206522968552 
0.003364999767563796 
0.003343059765742095 
0.003247628256231218 
0.003327544478746555 
0.003319103754599818 
0.003236128510677335 
0.001903916342920801 
0.00199785095416354 
0.003400940249450144 
0.003297652115316446 
0.003258599619328392 
0.001948235176478863 
0.001976408285768685 
0.001899678051712394 
0.003361239515120675 
0.003323037407107347 
0.002170243365047986 
0.003273923423013356 
0.002154741140333675 
0.003308551732582727 
0.002547077555139323 
0.002135259040362618 
0.002086152718033098 
0.002071245590633543 
0.003343724980742622 
0.00333413733874154 
0.00309668530614635 
0.003264357907676115 
0.003089092381602641 
0.002938068528210189 
0.002849597422830135 
0.002765849225276529 
0.002594843418758568 
0.002623156442060903 
0.002517902237170498 
0.003069144706770982 
0.003002160382159327 
0.002879155978781117 
0.002769205696746965 
0.002257914423160424 
0.002609905512453516 
0.002461015779064117 
0.002268580476194602 
0.002279319934691864 
0.00323428199614016 
0.002971763671731677 
0.002291176963725265 
0.002340316083598471 
0.002678050394413739 
0.002533621769447498 
0.002450216768885583 
0.003230707540055203 
0.003175731146710063 
0.003054378737515174 
0.003011144116065533 
0.002784577650618728 
0.002358784882755672 
0.001400877536897036 
0.000509964487852866 
0.0005612765700197128 
0.0002449621394509056 
0.0006547673310694221 
0.0007565733531279497 
0.000711792983729932 
0.000635480148223437 
0.0003602411012194954 
0.0004679225138400771 
0.0007219101680313372 
0.001101597633929602 
0.0006743218372447829 
0.0006886454546532468 
0.0006971924402791076 
0.0001923290110214549 
0.0007000101139668467 
0 
0.0003836450122941527 
0.0007107996957317824 
0.0007213035519240375 
0.0005418807658843922 
0.0005732518501007561 
0.0006032768117946652 
0.0006307776606986944 
0.0007176498326209468 
0.0009338014927263526 
0.0001252271718455238 
0.0006830754599225751 
0.001257890926052498 
0.0005723913109495489 
0.001143478993285996 
0.0009778250100492554 
0.0008693526973587008 
0.001069901136579924 
0.001199412034403258 
0.000442023757673188 
0.0004352820873228041 
0.0004292201568730086 
0.0004243971941528336 
0.0004244708587137256 
0.0004454140419740671 
0.0006521308526201077 
0.0005090514885114864 
0.0005690230934807615 
0.0007560810295662925 
0.0004316074034785572 
0.0004698470321559957 
0.0004829522328030904 
0.0004749327712892861 
0.0004781693657741025 
0.0004712717398970397 
0.000456486923636853 
0.0004492161367972991 
0.0004221871923848317 
0.0005078494797025643 
0.001359667281987972 
0.001378888420150079 
0.00141858893378068 
0.001435079828664232 
0.001273270736809579 
0.001317367582046665 
0.001332664089227121 
0.001344779919685607 
0.00124134819719751 
0.001297384374302058 
0.00135306707092726 
0.001361725395540439 
0.001364984420742352 
0.001392750289983371 
0.001406147196839335 
0.001429724232340099 
0.001425941990663069 
0.001405874382867728 
0.001047827072060755 
0.000976717082083475 
0.000895679379284703 
0.001103596345954547 
0.0008085464207833643 
0.001145325444091547 
0.000479568536462432 
0.0004837568183973153 
0.0004640602936159573 
0.0004529848998374814 
0.0004576124984132105 
0.0004486495313577887 
0.0004865499623156488 
0.000475277533698714 
0.0006429602290654714 
0.000578663345693269 
0.0004970508747511429 
0.0004619455202315747 
0.000530481168140275 
0.0004533841977746448 
0.0004473011227028331 
0.0004631756746541986 
0.0005020151498454908 
0.0004700639748302918 
0.0007213632650484651 
0.00137054631861035 
0.001380350713263524 
0.001277135478756331 
0.001259852310569261 
0.001243076050394346 
0.001275300078854016 
0.001301707587464821 
0.001324395736123299 
0.001363607386042503 
0.001269943801535332 
0.001223778970934196 
0.001202150500345593 
0.001262519856113683 
0.001344069475346973 
0.001333969614853393 
0.00117665404426408 
0.001367430247295511 
0.0004978341523837616 
0.0009679013680460878 
0.0008326194866225183 
0.0009025759369962993 
0.000766241489195358 
0.001016944346516438 
0.0006977492941032114 
0.0004784177776716061 
0.0004807420154746003 
0.0004729182552128236 
0.000492310581141339 
0.0005062481014694602 
0.0005901351005727413 
0.0004840312013422232 
0.0005519219431704566 
0.0005258384300011495 
0.0004678139109918586 
0.0004839354658276563 
0.0004913910504536859 
0.001052685233875058 
0.000639650359588306 
0.00114733679361432 
0.00112334816085999 
0.001168840885208567 
0.001183860366000098 
0.001101725546861416 
0.001193402409671513 
0.00118981559995834 
0.001171263321337823 
0.001255559680650442 
0.001215990864151509 
0.001079984555808446 
0.0004929475604153501 
0.0005070572700381588 
0.0005161258980993952 
0.0005153305312777563 
0.001278788424951066 
0.001231367161868224 
0.0009391089591463235 
0.0007757689265235052 
0.0005006923285269793 
0.0005084709693304551 
0.0005205831222690106 
0.0006060127254029517 
0.0005139567986497082 
0.001080357554122653 
0.001015848772183558 
0.001062373412288488 
0.0006818568760583094 
0.0009873570236658847 
0.0005197461786078689 
0.0005222773449995425 
0.0004775006305783766 
0.0005362024678337708 
0.001096843456749143 
0.001045491907835517 
0.0005464683246868255 
0.0005353059422845415 
0.000540405946279435 
0.000938962185882141 
0.0005066954553568962 
0.0009041618849926538 
0.0005236318591471489 
0.0005589009101950682 
0.001093018387455171 
0.0009646493962851208 
0.0009583803682389193 
0.0006722182659784125 
0.001001114471090666 
0.0005118456347480261 
0.0005630719749372035 
0.0006432112845629991 
0.0009950707831573994 
0.0006769212827036385 
0.0006548512523480946 
0.0005697415831623541 
0.0006005082160189044 
0.0006292058535567807 
0.0007064420381361491 
0.0005640085242151127 
0.000739986097118621 
0.0009506612026777959 
0.0008154681780764662 
0.000572196050466997 
0.0005959418178797774 
0.0009101318123649238 
0.00100287732050466 
0.001010492985701971 
0.0008695044674803202 
0.00053339490357074 
0.0005577822975868926 
0.0005657840446106205 
0.0006507049782968272 
0.0005614335625094385 
0.0006947958400884385 
0.0006747812022052871 
0.0006265552890598284 
0.0005984076259295417 
0.0006521347920855976 
0.001173180901081178 
0.001132499307204938 
0.0007308104393870152 
0.0005546662003159003 
0.000378426832464383 
0.0002152894394624221 
0.0009003083657312235 
0.0005595029438156117 
0.0006970951162937037 
0.0008754078195626232 
0.0005967494358762018 
0.0007756449642217298 
0.00089209514530484 
0.0006259491653677372 
0.0005538222059331439 
0.001060343941578489 
0.0005636574013473288 
0.0005960547216493356 
0.0005990759383303928 
0.0006238672772967643 
0.0006475456647200791 
0.0006688725403106447 
0.0006941927417100406 
0.001147358188798969 
0.0007847157161138373 
0.0005788342194510501 
0.0007388480696640377 
0.0008939639681972206 
0.001061777873812161 
0.0008157931019132719 
0.000539797368484991 
0.0005981444678942174 
0.0005585350450521338 
0.0006686700881716193 
0.0005999193415230039 
0.0005935011571259353 
0.0006263405665828025 
0.0006227457963701292 
0.0007839533253535345 
0.0005913903885441202 
0.000860613813863363 
0.0007198949434366528 
0.001039348825928905 
0.0006433370706399857 
0.0006229511857676267 
0.0006870385411033047 
0.0007428375978819361 
0.0007665739488528725 
0.0006283032301863449 
0.0005838661161182249 
0.0007717234847007954 
0.0009138649517327255 
0.0006340800850001604 
0.0006436419466587238 
0.00067929479419848 
0.0006519682546861064 
0.000926391583414774 
0.0006948422953977482 
0.0008062901168839691 
0.0005984030410692852 
0.000659015582679692 
0.0006857253098602347 
0.0004229898941463762 
0.0006261393220542827 
0.000694090991417203 
0.0006457257939155981 
0.0006743407516649101 
0.0006633604887240715 
0.0007425907057312496 
0.0006608543529442177 
0.0006578408991389901 
0.0007000984163258599 
0.0008028599205939971 
0.0005865216599539792 
0.0006503533715188791 
0.0004993925354779187 
0.0006596889645163456 
0.0006440863054107364 
0.0006347758227349681 
0.0006996720821305283 
0.0006354328150435475 
0.0006843429714226327 
0.0007117922853281594 
0.0005975345139839047 
0.000413002481022222 
0.0007116186462783187 
0.000694314841444869 
0.0006961955369413801 
0.0005402434911098642 
0.0007165709458110234 
0.0005929990218791778 
0.0006627190612634364 
0.0006828018863548866 
0.00029668275783374 
0.0007029288489162633 
0.000551430895514734 
0.0005685318732749285 
0.0007078551542887562 
0.0006344468744062492 
0.0006839042793172137 
0.0004891580954279035 
0.0006670509661195516 
0.0007169421974002026 
0.0004939757033616888 
0.001214800218313342 
0.0004978455573671912 
0.0004933977691711749 
0.00139495105023744 
0.0004852345383662149 
0.001039066470396261 
0.0006268498089881634 
0.0005747152803044423 
0.000509563025759076 
0.001290622632356574 
0.0006774830837495165 
0.0008523603064498528 
0.001336986220515469 
0.001273675674941041 
0.0005137861507596349 
0.0004995773546630472 
0.001191001948962724 
0.000673627379027597 
0.001243364134377123 
0.001281227118365038 
0.001312422867472699 
0.0008553355480199724 
0.0006430055168188991 
0.0006089597776054753 
0.0005303402206439631 
0.001180006952273132 
0.000539981940781593 
0.0011264365849647 
0.001117839234549339 
0.001076887371370615 
0.001045615101142341 
0.000986768909391651 
0.000511684007070916 
0.0005043483598404276 
0.0004944958264464121 
0.000847804818888665 
0.0007396902245443057 
0.0006406760321963255 
0.0005708484768138005 
0.000535694241719449 
0.000711620091743982 
0.0005768078505834521 
0.0006269238368965381 
0.0009069213436048062 
0.0005296187683633437 
0.0005506647913329189 
0.0005269051007817193 
0.0007763136439164793 
0.0008832106431673087 
0.0008597880880337343 
0.000541384754012233 
0.0005389986326931819 
0.0008643767336838036 
0.0005312514026257264 
</DataArray>
</PointData>
<CellData>
<DataArray type="Float64" Name="sigma_xx" NumberOfComponents="1" format="ascii">
64.19067133303778 
78.87088456450911 
98.52646155088208 
121.0841098813928 
136.656773759174 
82.65010459437103 
104.8178040243379 
141.284301041002 
164.0432203692097 
176.4404110595412 
61.18385017584043 
132.9705905684095 
174.0090812128753 
197.3522027144089 
205.3012242075326 
59.30146069237232 
135.7991101873731 
187.1676157804473 
208.8522276612168 
215.3818168591783 
61.1566877097189 
132.9387607819582 
174.0006010009614 
197.385300976879 
205.3763029088284 
82.42125194482762 
104.6666145560232 
141.3183040897368 
164.2211623411311 
176.6417366747288 
63.00348880658721 
78.36370334829832 
98.98485823278682 
121.7908590013218 
137.1144435368057 
145.4342465702845 
179.915964294234 
204.0839733273573 
212.7245043033132 
203.9830178090616 
179.7215106847438 
145.306884134919 
147.7572407156657 
177.0666253485937 
197.0102402687562 
204.0769017676739 
196.9117681863139 
176.9165231096869 
147.7114545010037 
145.5370267030078 
170.090349198049 
186.5083517515499 
192.2559132206376 
186.4361956110392 
169.9963248166337 
145.5017939342933 
140.0378264219888 
160.5554737553274 
174.0217175196454 
178.7177246552149 
173.9828746206269 
160.4790226024058 
140.0045751608366 
132.4769166099333 
149.396879241978 
160.4838428817458 
164.3304919561529 
160.4706295182958 
149.3641334156982 
132.2753763746994 
123.1583184965019 
137.3335144667274 
146.4668149581375 
149.6330508156144 
146.4684905279524 
137.3035189402626 
123.0819021672 
113.100505300476 
124.79279301239 
132.3544443325057 
134.9478376657019 
132.3338146504348 
124.747457691978 
112.8634469930534 
102.0506921549803 
112.0767260101322 
118.3261312869882 
120.4619082483495 
118.2955105925986 
111.9973391764965 
102.0754686480075 
90.91665021275939 
99.29399904030048 
104.5246283290788 
106.2874148096363 
104.5033125888455 
99.29036728817613 
90.96998528372214 
79.90555629947681 
86.81285139863155 
91.07243707939318 
92.52230160948795 
91.07068268298822 
86.80608147411664 
79.92118459925881 
69.32690777444222 
74.67255058232189 
78.07137542860671 
79.24758579486274 
78.09808502213671 
74.6778229345009 
69.26350210702631 
58.83454900387068 
62.89246109017604 
65.5763074068296 
66.5411603295189 
65.65594670644144 
62.97956646071189 
58.69647845796399 
48.36803296724474 
51.51603145321639 
53.69596123501447 
54.47125369050821 
53.80950879074547 
51.74636754107414 
48.38916682155189 
37.69798211805547 
40.80505523416149 
42.49762157748471 
43.10038972587425 
42.62030959694811 
41.10276984653857 
38.60139861801225 
28.50671500279 
30.79459099561484 
32.06857445371404 
32.49925420576941 
32.16175280173997 
31.12927436591666 
29.46656579652021 
20.55121558704123 
21.74975010756741 
22.56628839812304 
22.82957740891957 
22.56195268549159 
21.88736538214612 
21.00676781733543 
13.27750029184572 
13.80873768527206 
14.27956426069965 
14.40460396158866 
14.07669270915095 
13.50553367144363 
13.11016917671695 
6.82439823478501 
7.176157899686211 
7.57509636527306 
7.659219745091315 
7.268855857882319 
6.281407810949279 
5.653393012568762 
1.60001165395432 
2.392250062041695 
2.902083333171043 
2.972450636673158 
2.69934435367154 
1.760811868715339 
-1.173384054757929 
-1.049164591332475 
0.375130585450261 
0.4819984789411008 
0.5263650819695233 
0.4582273540102598 
0.1760230779763059 
-1.752911876902784 
23.08345182531454 
38.95564623058699 
44.80505548016295 
-4.395264693007007 
9.028419732017165 
14.32930994362087 
-4.327040104758187 
-12.14374121508132 
-8.810811539198404 
-4.314437031789787 
-16.55411563624083 
-23.72078896047901 
-4.025583772376868 
-17.94734189297442 
-29.09704312653511 
-3.69141043527099 
-17.86893544018548 
-31.13860509704699 
-3.366316209035983 
-17.10864493366045 
-31.35570030931351 
-3.060986247797492 
-16.06873574761023 
-30.3678294635579 
-2.80700511832379 
-14.88076468601115 
-28.66674317442204 
-2.547928886048939 
-13.62997325945387 
-26.62738405762411 
-2.290514654811401 
-12.33583539991909 
-24.40970662509947 
-2.036530803508664 
-11.03810083064876 
-22.10315573810526 
-1.789124236844273 
-9.760542986913423 
-19.76425776085216 
-1.552841670195762 
-8.522097216824024 
-17.36951891972788 
-1.325850394924421 
-7.337138879866021 
-14.96617060043928 
-1.109299220943759 
-6.186896615970801 
-12.67645593650045 
-0.9099459387039599 
-5.080078270791118 
-10.5635136830162 
-0.725461435853431 
-4.067937972783419 
-8.518789397169021 
-0.5562074770782031 
-3.135229392230714 
-6.559412415503442 
-0.4041877582903914 
-2.278643260694933 
-4.834877173430129 
-0.2726081987724702 
-1.528400864874793 
-3.302188087362383 
-0.16298770484008 
-0.9119251010127436 
-1.994498006857093 
-0.07361969057603604 
-0.418391972932908 
-1.028548852621183 
-0.02316660583843434 
-0.1213926454446379 
-0.1472763371225544 
-0.003441352889320471 
-0.006017873382670482 
0.01792689849416461 
45.4281446250224 
39.15914985952136 
23.10555159750471 
14.30229848682935 
9.125981987706286 
-4.372118220990222 
-8.996158255385417 
-12.16209209085721 
-4.333743169185389 
-23.43950936597772 
-16.62877204969222 
-4.326925008031148 
-29.10724024210764 
-17.924615880076 
-4.028660695872833 
-31.04974213943246 
-17.82879695554051 
-3.683457454301769 
-31.28039982706373 
-17.05127279566981 
-3.351460093846112 
-30.38248038805508 
-16.00834043733308 
-3.043359854985908 
-28.74947867055999 
-14.84159325570513 
-2.791121498982675 
-26.72298288478911 
-13.60471168356131 
-2.534487899446185 
-24.49057935208929 
-12.3271489648514 
-2.281185852776246 
-22.17974710387601 
-11.04519840257591 
-2.033583216807865 
-19.80296138082282 
-9.785243411566315 
-1.791381887611301 
-17.42704430686154 
-8.547197421765759 
-1.556950494400988 
-15.02905734407819 
-7.349897327812064 
-1.330261680108642 
-12.69174762166461 
-6.192507686684723 
-1.115669537264349 
-10.31205274296139 
-5.105945524468341 
-0.9186759640399711 
-8.368792710737976 
-4.052574571396647 
-0.7280668787043877 
-6.56649348566384 
-3.096295644603411 
-0.5523306007381409 
-4.915490102155506 
-2.284006004164862 
-0.4022123958050825 
-3.340451399240974 
-1.54623670139213 
-0.2736847740552052 
-2.049254168705963 
-0.9185844353447413 
-0.1632901733415747 
-1.039697102448067 
-0.4336476781572778 
-0.07628118598023945 
-0.1844585171405506 
-0.1333264271686559 
-0.02487199289471451 
0.01930616832948399 
-0.007414036908270565 
-0.00351600232168585 
0 
0 
0 
0 
0 
0 
0 
0 
0 
0 
0 
0 
0 
0 
0 
0 
0 
0 
0 
0 
0 
0 
0 
0 
0 
111.2279063681437 
110.9190079103637 
49.72823424375184 
-38.15667502140246 
1.981639785812952 
3.788612745898858 
13.02557949558744 
19.37129745495922 
11.67154042237084 
35.86127911693488 
42.33542289965125 
50.29394926067795 
70.10278458314596 
69.04216477778999 
40.99202212750755 
94.20252036953973 
101.4719995845277 
106.8507231157248 
76.26499711112295 
-2.592267520897666 
-15.01745553156074 
-2.143299769076183 
26.10785581343206 
31.32456929829412 
5.447919620071855 
1.968744671274752 
5.161139184380838 
-38.55046976480114 
15.96505294167553 
5.735512357478599 
-15.71541883615306 
-9.879713148877711 
0.09299061993967285 
-3.677458703076669 
-16.57941288538334 
-31.97650689105152 
-36.5333899409498 
0.3283831808268546 
0.8478426748827625 
1.435367129374735 
45.734456443045 
36.59720200622216 
-3.824125304704505 
-20.86603097750847 
-38.03773397256806 
-40.36253604093838 
-40.88618291821958 
-39.98582773657831 
-35.66792372288165 
-32.73317292983753 
-29.54892747248963 
-22.83669204416703 
-19.37069282274872 
-16.25941338665825 
-13.04401561708774 
-10.25053551029236 
-5.482584302592512 
-2.346533817257867 
-1.459277054603049 
103.8192707358603 
60.25103256694883 
92.22558926781471 
2.762301123498806 
24.11776438343899 
25.1050553347495 
17.88286699803553 
26.56415072444702 
48.49899660614876 
-32.59818447544714 
-38.70421351020604 
-20.59700459949161 
-43.10163150463297 
-29.83174324907472 
-35.28203358834946 
-26.29802965061978 
1.568443114066118 
-13.63549429490851 
25.99385471315723 
-25.97906800099809 
-35.52393545009556 
-43.01882928003614 
-43.92580500490232 
-5.425136120791174 
-7.231220055476393 
-7.646029465638486 
-2.262260815290856 
-4.309082630738447 
87.66709685910787 
78.48772915525936 
14.01609749644788 
75.97008083104812 
112.8584289831559 
35.85131596398222 
62.07349372919537 
71.42152548277978 
27.6216139841747 
-14.80612293786072 
59.0404682983495 
43.85524608418286 
76.20282515068202 
70.38824242926228 
72.48252660474942 
-15.08105072588046 
5.102237263967198 
10.13173923703029 
-37.15774271305562 
-0.3396115218809382 
-23.97804275980094 
-5.557580617110674 
-10.22661431368324 
-13.33667965380188 
-41.29054249548438 
-31.03552339311811 
-40.46702273069706 
-37.00778528568028 
-34.92881410893966 
-28.35532191813109 
-39.66820880046977 
10.0361284799592 
-25.17800992403842 
-38.86092626541237 
2.847438331122544 
-7.02011900827164 
-29.54398706278125 
-2.478548812876583 
-20.40740810947235 
-32.76665348489426 
13.19120748275803 
8.206770391305698 
7.615431451613252 
17.69921531831286 
74.1337714619244 
-15.64593346793315 
62.31460035319415 
54.54507499197842 
53.46974287197229 
10.14265264474802 
45.4661277023711 
41.44772374402744 
39.93529168753132 
4.203294439071875 
33.36300935212262 
35.04675701672016 
14.4342435668281 
-0.8504781057187487 
25.72461109645933 
-8.228793675868445 
9.016804777951926 
5.329431184560392 
-8.24661847360928 
-30.99834487226309 
42.12121905341617 
7.886708436173203 
-31.84595174843779 
-28.86830012036954 
-17.4724542418722 
0.6775670932367388 
-30.74998016985738 
-0.5686323917410141 
-3.049585622673653 
-29.15757549244836 
-18.43590129264415 
-12.89385985611593 
-24.01929021792851 
11.21147093021414 
3.161542900203636 
10.41908666433407 
39.5773302668239 
10.26773181341957 
37.008754821912 
25.02864139936477 
-25.97782512328251 
19.43583868459153 
-28.27601641376049 
-13.21266848486657 
25.09029037244152 
-0.7306486631126372 
-0.5936071453268839 
-0.6549248896088147 
36.93136299026553 
-25.7477797132906 
-5.874434590244995 
-9.153776118864458 
2.589666487590848 
3.739103177374427 
-15.18726242062374 
8.74445516937236 
-17.96901680998647 
-5.570937110399264 
-7.481215527374085 
-17.87112179853827 
-25.02984075170923 
-41.44519002272853 
-11.22045670700515 
-11.18592225311156 
-14.05233775979963 
-16.30200283723939 
-1.520234696953356 
2.813835749160004 
19.16433246523047 
-8.317162232963639 
-19.58256855198958 
-0.3041118928137252 
-1.108534286073697 
-15.05866317812912 
-19.79917789407997 
-1.460524354923508 
0.6317827118426353 
1.414782536655856 
-0.4985278262411877 
14.6547435301106 
-14.12655078347948 
-0.06270941028716365 
-14.84095274370348 
-31.95964725296787 
-46.89134117697878 
-35.82133189576578 
5.526751141483068 
-20.41477023435184 
-12.73621663322304 
-20.98672172687047 
2.494900837022505 
-2.691397361463157 
-5.505110481497445 
-47.65903023924938 
5.271908703275657 
-10.77003411184487 
-38.53349613271664 
-7.349545916393594 
-19.96192034512779 
-0.5077000036674106 
-8.124536453861969 
-14.73286504848621 
-9.74039549810759 
2.228769095880431 
-2.811086984227379 
-0.5969757337423992 
-6.015870210008514 
-2.286037664260846 
-0.6463638137056728 
-10.49085878591119 
-44.30207954875719 
11.22974302583716 
-9.079187311656314 
15.83598604641821 
3.130551030518248 
1.815821156377517 
-0.5411413793198279 
0.8426774643981553 
-1.652752436133259 
2.375554100735152 
-18.82712272452172 
-11.11696733874359 
22.90006423115629 
-33.1260936994382 
-51.10729580971055 
-48.96572010921339 
-53.12289925226521 
-39.79626599327902 
-4.127292501251975 
-4.935170845305396 
-34.22671446019638 
-14.87502226139947 
9.108297797114473 
7.383404272378454 
-0.3268158824098429 
-5.034553741456158 
-4.861027624106763 
-6.256211721755657 
-33.58283735165573 
-17.41690155029833 
-43.60918893731116 
-44.24138388788785 
-1.042756558443183 
-0.4516467944315709 
-14.40604491652487 
-48.47552539422004 
0.6491244343661735 
12.19032424899185 
-40.70855250352517 
-27.17012037984277 
-42.50215565593275 
-34.9167667984005 
-48.09028858367091 
-14.39900882089197 
-5.052674589142287 
-19.55307407085786 
-48.52100828606627 
-31.04774762774684 
-11.6199055317339 
-8.802559928139711 
12.33560582641884 
0.4989714015358814 
-2.018014561198257 
-2.500569943640118 
1.375624500237336 
5.560017482931988 
-14.47165294107854 
4.788794064755146 
9.983852835198055 
-7.783030541697459 
-46.73180631120383 
-31.7075097366134 
-12.98099782471523 
-38.69868776366279 
-1.726556204408789 
-50.17420214193502 
-48.67078177969434 
7.640808495101004 
-26.00463917703997 
-47.223144343254 
-0.3111313568215665 
-24.91848567807664 
4.725012674884607 
18.29537758549793 
9.615170690387174 
-23.39068457631698 
-34.86070243748828 
-34.46654516609261 
-3.093292115074956 
3.370663690937811 
21.51679334270587 
-42.61208213895873 
-5.249736418999189 
-53.69144874501515 
-35.41104518145209 
-31.73047037073538 
18.33886262444392 
-44.52384410047962 
18.99261808783523 
6.909741947038555 
-0.5339562193407783 
-49.16570836019307 
-22.22761536889316 
-25.31961980165126 
-38.16793851599031 
-6.564878330360584 
-30.73023974750001 
-39.37689184042307 
-52.37952844479961 
17.77829244130164 
8.121351644369426 
13.55712338597523 
-42.75884817746324 
-9.136781316020567 
-50.78094897775716 
-33.24083835655255 
-41.22039422286982 
-13.50023788708664 
23.67811991667099 
-45.66618142335958 
11.84368148535369 
15.87664573335076 
-18.54946672554263 
-45.73270962423804 
16.05168931885972 
-41.48488534303753 
-41.71252136913358 
20.99338099644882 
25.17214670768602 
-0.5456934484966851 
23.79271936311305 
12.88990950289075 
1.838196193399111 
11.27083520698809 
7.702022346337693 
17.29637377803922 
12.01097109734894 
-10.56788112829785 
-14.81187889702193 
-10.77194266366194 
-24.49522219801117 
-1.185545706731562 
-3.098732755820613 
-16.731489331722 
-6.318051075691426 
-41.2539452385247 
-36.15564782620351 
-25.70902007345178 
-24.728750798592 
-12.55117417953481 
-21.27188709594495 
-14.42204300203557 
-31.0446718303701 
-29.7158869255739 
-6.159812545033715 
59.62380935254308 
69.10871702548212 
47.84397304493255 
0.0629970243649621 
-0.402985831495085 
-2.142853844548866 
-10.52793873668792 
-5.457742485749264 
-7.377544698166978 
-10.35514308872981 
-12.32527674963922 
-16.4190589288514 
-28.14674441388343 
-22.74732238916622 
-31.44175447974923 
-31.71419691436326 
-34.52865881328685 
-37.0325120338284 
-39.19033284798133 
-40.48640963960626 
-38.37754981957967 
-33.0724483553354 
49.51272309826281 
2.026056653386998 
9.422852657301037 
0.7042421909411729 
-17.45702844289495 
-16.67938496278235 
-6.902752588129263 
-2.941118043099711 
-7.315038095561403 
0.09131431443820164 
73.81264015437478 
112.2152711106989 
91.31946077601522 
24.43698548553961 
-42.30128742715387 
-40.06744493490275 
-34.49488513674333 
-19.92842946891718 
4.146477290906285 
-0.7973137988555676 
13.83611120429203 
11.25995874064612 
42.37894175230288 
17.83418617359932 
-1.767229966409135 
-2.378300245500347 
103.2918445299583 
113.1466613823501 
108.8069975978443 
103.2613382211515 
87.85018273033513 
78.82134847945669 
50.86627254141524 
26.93593578227395 
20.34097412507513 
14.87589084713904 
10.66047322438115 
7.752618420443675 
35.09158578216993 
45.3913407220129 
75.32914908743562 
14.22729690712281 
15.77407306082717 
24.86656046955138 
4.84630931591445 
26.74161741608666 
68.65595479199935 
110.4609470051713 
-28.75947097024369 
-25.72234908381614 
-41.58850467699681 
-42.27033775742579 
-40.46669323008441 
10.88750554380367 
-22.87533459121885 
35.74390509365751 
21.92135668959353 
-43.72838807042262 
-30.27106985273928 
-18.41676240991187 
-3.574180917791084 
-11.32931170294391 
-38.46653514281844 
-19.66812765224239 
-31.38628306265316 
-1.218826182130517 
-3.741055152265956 
96.23715511660487 
61.70247543002129 
41.29123950895657 
59.53157903236296 
34.34849380167504 
1.727420243275242 
78.44480929688515 
77.70133892555516 
77.14051211869904 
59.61223484017427 
11.29919904064365 
21.40471973888357 
48.22202468625451 
15.80292537732638 
35.2090935709251 
23.73060080633144 
9.568802659103316 
23.09207930382896 
3.975748373809231 
-3.551341261527709 
11.08450164900448 
44.78885212816783 
-12.17078675133733 
74.51578329095584 
-4.629483975782755 
-8.134547233016077 
-37.51239006324642 
-42.21433615542121 
-36.0122273651893 
-37.98459929178635 
-44.35916114205175 
6.924644899931139 
-31.31021900959993 
-23.22854306008354 
-43.14765828004813 
-13.89242056518053 
-35.62198092799208 
-20.72996687423932 
-40.48958993203109 
-16.65866249465766 
-15.46976974081432 
-6.669322842766686 
29.25816458877112 
8.394967337980527 
53.02854308280821 
9.616041663323706 
-7.387993697943065 
68.6662405448055 
47.95602360407539 
35.94269135780402 
45.08110964424857 
36.1598707702637 
-9.219458993726748 
30.04439793528224 
46.43972861259624 
42.99645090517718 
32.86349438163906 
27.1445088095888 
22.58774858022825 
-5.488980971572412 
-11.73695200799736 
6.775382924037342 
-23.05623467118551 
8.408421290076568 
-12.72685430003405 
-23.29636883513956 
-5.803684362612733 
-29.20406566818249 
-37.61901142085903 
-26.02875418093932 
-37.03502535688873 
-1.674926799974489 
-4.260963871339163 
-2.332228153359265 
-9.2214969580759 
-23.01589593254965 
-13.95813984045398 
-36.83628193441482 
-30.89686600280929 
-13.87204447586139 
40.7554304631732 
0.04001427305331764 
-9.474915586488136 
1.823168969356788 
5.319905572974094 
24.13536790594031 
-2.647011034869077 
-10.96823915915466 
6.198266243908946 
31.16430570368317 
-0.4674184589362746 
17.33501317253054 
4.442019411595521 
15.38569412817809 
-1.921637394144571 
-24.62479882638394 
-21.92948918893526 
-1.881144634587565 
-0.08789300826854281 
-20.6002819952061 
1.714106842421255 
2.1742013478406 
2.6518698712222 
-25.27274461528368 
-2.892998805008212 
2.51485756467464 
-36.14702977738327 
-32.08517393579995 
-1.906952945276456 
2.593118280037771 
-15.25927781937579 
-1.146053871869964 
5.135956539433836 
10.01308632407973 
-21.33556485546 
-13.71855618753124 
-5.734541762127717 
-29.61368928483201 
-32.94626501424128 
-0.1867076207113604 
0.1216706831508577 
-15.5505390326533 
9.332315675673797 
-4.546189501155218 
0.2511337506595492 
-30.71021321706725 
-1.685275196029603 
-0.3956433698972081 
-15.1361345582609 
-27.38950435062127 
-24.08788405890543 
-24.92769953765805 
6.50547312653916 
-34.33151786569357 
-7.765607732470261 
-26.54446888834173 
-0.6127045852328828 
-17.57293568590142 
-4.402934129329594 
-20.47969944913481 
-2.67749323601166 
-2.876713534323672 
-11.61975741232298 
-27.65028425527318 
-24.79930517004368 
7.753572682142171 
-0.6496018595154002 
-2.191266275669709 
-6.365165693942714 
-9.121396574775552 
1.330905975215409 
-1.565202149361141 
-27.11671859629835 
-27.68109663744569 
-36.68693524283129 
-10.48848877046041 
-50.68510277378523 
-18.67877999291974 
-9.077216106142986 
-30.88568997096668 
-21.57634670381123 
-12.04327542381975 
-25.43969081486255 
3.912061159453517 
0.2856838581561345 
-2.252429615193678 
-34.92235469554988 
-7.963538947343506 
-0.3207428059753371 
-3.12339863886907 
1.002118859494737 
-2.414114776765855 
0.3170564666102244 
7.617513788785735 
-24.89837978249817 
-14.71714792344402 
-10.68228295981574 
0.9916805240605443 
-14.33149990039699 
-30.56215643888033 
-34.68190527117579 
6.371324671758002 
-23.35778901287759 
-4.41729443437024 
-8.48080382101432 
2.153405153717237 
-5.22769623295694 
1.958771107268522 
-9.009234111175694 
7.770455111081308 
-1.13907289004254 
4.916672532418193 
8.671021138958023 
13.18359469114813 
18.42072770852121 
-12.9483904930831 
-1.69827112977368 
-4.321301672864669 
1.108938256307239 
-46.56996831843401 
-34.28953800595545 
-17.64393880684259 
-8.03828151731717 
-1.897923807344564 
-33.34190092505933 
4.026423637515466 
0.5776008345299396 
2.31769011508796 
11.87120748686487 
5.394037311378888 
-44.20548619586157 
-43.69247240960923 
-11.86801818700959 
-17.9153944897234 
-41.72008875904854 
-43.48771036606774 
-2.262960445389169 
10.85443902684021 
11.38678770173796 
-46.48504462424919 
-34.78624130444367 
-30.09719720664721 
-5.265751490014044 
-52.41164479798149 
-30.681365355816 
-2.523101773328043 
-14.10109039979218 
9.772847181933409 
21.94751097251847 
-9.576590999063422 
-24.20719103169445 
15.37376016028124 
-48.12739617438584 
-35.2101729355933 
5.94969709736703 
6.967900319921179 
17.14878419510731 
-21.89520092999284 
-28.73317330116801 
1.673309683727199 
-50.47429619911777 
2.028202084995597 
-39.04141513767541 
-52.98259396853599 
-45.09991048769613 
-21.44381543884596 
2.014208353636565 
16.81355479528055 
23.93825490646821 
-10.4805846814346 
-44.80459356925679 
18.32737920689732 
-51.94514866388727 
-39.92711832294339 
11.25588147040853 
-10.62337781426745 
-29.88053198594213 
23.79211902786841 
-42.23042205476192 
-35.22727869134551 
12.74224237667605 
17.48334071776268 
18.1232593808665 
-43.20323433659672 
-8.855301952546172 
-14.39878038429607 
20.79078913554825 
24.19190742583921 
-48.90153773332246 
-41.55809631370222 
14.31055132800184 
25.32368467673239 
-5.038178790009092 
18.81211797013666 
-10.98349924152262 
10.93312794504283 
19.59909251087803 
23.4881028924088 
18.46045179772807 
20.16821449994094 
22.93929627993023 
-38.33469591202039 
-19.41730847363275 
17.40631483021982 
-23.75730165407462 
-3.95056031586387 
-29.09586031557962 
-19.34610462839381 
-22.67485952817717 
-36.78359300754759 
-25.69139150572256 
-23.50345825134146 
</DataArray>
<DataArray type="Float64" Name="sigma_yy" NumberOfComponents="1" format="ascii">
266.8627117258515 
455.7419683086113 
597.1550158750362 
673.6307341027141 
707.1711186310987 
245.7251558376987 
481.8559319576144 
634.1315955084315 
697.9414279844419 
723.7820369748156 
204.7038387467196 
527.7888242424783 
656.7800664747477 
715.1761123668847 
733.710925615599 
203.9497810904326 
528.0676955874239 
669.7816455105751 
720.6393954640052 
737.5871830818643 
204.6948745484496 
527.772768774216 
656.8314893468339 
715.2805408207273 
733.7756925822641 
245.7041903158062 
481.8533260235588 
634.2491223089205 
698.1454563910401 
723.8975115319454 
266.920741858172 
455.8544360874075 
597.2911104034664 
673.8274938855432 
707.3198657070044 
718.36665641028 
728.8898926279744 
735.0092660446014 
736.9029292570228 
735.0542601679017 
729.001860259247 
718.5676850742591 
717.3848684449729 
723.9740453930119 
727.5941198576113 
728.7917850669323 
727.7269087581416 
724.2571853886184 
717.8278023652045 
710.6358298860692 
714.528154967174 
716.6056752065266 
717.2780030580698 
716.7460051149261 
714.8120894454769 
711.0293120541068 
701.0805909342281 
703.3076536484575 
704.379931168693 
704.7160781141621 
704.4614362100544 
703.4655778500295 
701.3365172135474 
690.6003661809974 
691.6750344027121 
692.1070714987164 
692.2083880366928 
692.1033082454768 
691.6611359495244 
690.5517963912084 
679.9620711861062 
680.3009725934991 
680.3140281471518 
680.2754766412537 
680.2600801532315 
680.161906220281 
679.7169286490431 
669.4282720438122 
669.3847613971402 
669.2190549314719 
669.1221467782574 
669.1790332418257 
669.3152507084402 
669.3196359223715 
659.4406556549659 
659.207902786638 
658.9209704655534 
658.8013165533476 
658.9126155154931 
659.2088413150946 
659.5418813567892 
650.4997812871688 
649.8334311895918 
649.4112827864902 
649.2509616888921 
649.3926081256653 
649.799822100805 
650.3755622806967 
641.8444982157939 
641.0451649026506 
640.5035913616315 
640.2959919054217 
640.4480038522317 
640.9390900673947 
641.7017045058016 
633.4464138691886 
632.5580823646162 
631.9303049996035 
631.6674893072465 
631.8193685629014 
632.3590657265775 
633.2099209811457 
625.1218836012184 
624.0946655926967 
623.3436187778286 
623.0402516906798 
623.2014639515902 
623.7962927830202 
624.7229773612197 
616.4421455408858 
615.1641682474398 
614.3636802553357 
614.0609157623661 
614.2670933922982 
614.9522320615952 
616.0717126697598 
606.8202534310542 
605.4742769091221 
604.6483409296364 
604.3772074036578 
604.6611665828818 
605.4744473184733 
606.7790251818038 
596.4803982549328 
594.8126949325359 
593.8653953226624 
593.5869364481695 
593.9762875043924 
594.9835552164192 
596.5215079993428 
584.7226563554375 
582.701987515475 
581.4725774355733 
581.1232180618304 
581.6689653909528 
583.0040446920563 
584.9620860826342 
570.8925618333355 
568.3282418948768 
566.6933201376449 
566.2004947339772 
566.9329942910196 
568.8712991557471 
571.5578448625861 
554.2648117989393 
550.7843739576621 
548.603258259007 
547.9146751301853 
548.7465199264499 
551.2530016482499 
555.7367092692367 
533.5544925088006 
528.8844198545817 
526.3388702880525 
525.4549541009443 
526.2039707376332 
528.6779562815528 
533.5031422988571 
506.1894426002738 
501.9721836653266 
499.1963995718445 
498.184732128266 
498.9646763513152 
501.3584273434324 
504.7898414549742 
30.10528923054342 
66.71082495471225 
112.3797374845365 
-4.621982996661046 
12.65950731582719 
35.25470368899042 
-0.3540796169817772 
1.357469565937292 
12.68029972902236 
-0.3096852240310548 
-0.2176750550935303 
3.113723405877041 
-0.1657056809289456 
-0.5142526906857344 
0.8616977362579101 
-0.0601554467163989 
-0.4489296801263528 
0.1373852780073537 
0.002235175105455449 
-0.2842589144256277 
-0.1879686510620622 
0.02742163075467253 
-0.1800461842532367 
-0.1956302930781035 
0.007583079273256276 
-0.1170129016911474 
-0.1210529749888974 
0.008079542924734241 
-0.0806645240460727 
-0.08417451212509036 
0.0119796845086421 
-0.03642240626767923 
-0.06582107852357079 
0.01662879026632864 
-0.00367777628517898 
-0.06873832623755684 
0.0212682973063508 
0.01467860615467971 
-0.09347258044516991 
0.0251102986798413 
0.02718639669658085 
-0.07754132595805671 
0.03262807560554605 
0.03127511172915054 
-0.02245533185535091 
0.03942931744275683 
0.04038528094004706 
-0.02220992991166329 
0.0382851436102184 
0.06638979247287199 
-0.06723491424276586 
0.03513457496699859 
0.07010207148864588 
-0.05384838555960127 
0.03204698657035357 
0.0653990036552453 
-0.01040726661830933 
0.02844599714318721 
0.06772920313416093 
-0.02909498917513516 
0.0242681092203351 
0.07026710768031404 
-0.04191804645074356 
0.01934192276351086 
0.0626110796955444 
-0.03487442529301196 
0.01560820485041853 
0.03817292375001198 
-0.1472456918582433 
0.008734534314548867 
0.01781539409180057 
-0.0607004333378704 
0.003496483825398988 
-0.0008970502028129072 
-0.1030763427009068 
112.326932540466 
66.7060347590354 
30.09979557298378 
35.21715705874679 
12.65825489344352 
-4.61489101244748 
12.66461380490652 
1.367823136937748 
-0.3551978379883409 
3.351931095844992 
-0.2357388893685235 
-0.3160681918598885 
0.7955890743325972 
-0.5006030479065868 
-0.1674991265556764 
0.1470537401192374 
-0.4451653913467385 
-0.05729879144055185 
-0.1800854557608975 
-0.2794993491353836 
0.005734717620508798 
-0.2220266034081254 
-0.1765107554316748 
0.02912776957921435 
-0.1522978435240037 
-0.1244628761500176 
0.007556489606287079 
-0.1067866289312494 
-0.0855973058060773 
0.008449515445073526 
-0.07379614500853073 
-0.04099017884327309 
0.01241332696618754 
-0.07027275738100652 
-0.003417893106728284 
0.01594688576275225 
-0.06193593135115256 
0.01338415946260349 
0.01989481845905729 
-0.07191916842279061 
0.02605929812117048 
0.02416254218228974 
-0.05249969254292531 
0.03368549092609102 
0.03187559735839989 
-0.05987291624469471 
0.04945773329928775 
0.03916061173700012 
0.0735268402354001 
0.06614466057120442 
0.03870255343737891 
-0.0434529424494472 
0.07436381247063337 
0.0362671445104647 
-0.09034215379466758 
0.06958620498140437 
0.03318754292749469 
-0.0533942484115926 
0.05599709044158089 
0.02816300003978998 
-0.01251505677379259 
0.06738385572703137 
0.02353868288488952 
-0.05937497900901787 
0.06311328806236038 
0.01951856960244294 
-0.1201523316517422 
0.04003477789336141 
0.01521110409721912 
-0.06306476593451889 
0.01844020885912346 
0.008902773034429049 
-0.1081809193851668 
-0.0002344148004721486 
0.003767715568982346 
0 
0 
0 
0 
0 
0 
0 
0 
0 
0 
0 
0 
0 
0 
0 
0 
0 
0 
0 
0 
0 
0 
0 
0 
0 
696.1002980068423 
706.1119273338976 
439.3704523194601 
-0.02296957545999196 
520.7527103936549 
563.1786316700058 
576.4371744780208 
589.2754793098443 
601.4043753159345 
608.8806841313956 
617.9024561232612 
625.7907826465485 
672.8950759861493 
642.3375854993976 
676.0543271979711 
668.8193230432909 
678.1885312259844 
687.1272551857124 
641.4372156362966 
707.4113162735764 
651.2938221894877 
699.5419697499843 
625.3364778265877 
634.8823148472804 
584.2520263283122 
-64.99036165555175 
-30.50691301047502 
0.3955234048880373 
116.2951049760337 
572.0313987629023 
637.4962761253444 
663.1036489180576 
-1.21252719491543 
-0.5532112794323795 
-1.056892869251065 
-0.4173034698966949 
1.867643307539155 
-51.26252067106883 
-58.98975181472732 
-63.3386095205509 
290.3449882686318 
157.2050072061024 
32.31797334078374 
15.47305058739995 
3.026921208936879 
1.418626948625006 
0.5626608566759249 
0.1257091845026238 
-0.1123507224534664 
-0.1793259152002238 
-0.2871146202625759 
-0.2525497713664958 
-0.1334318335306019 
-0.3204052998931755 
-0.3176667630881692 
-0.3599926078994298 
-0.4949515554013681 
-0.7238840419466576 
-1.730527584809402 
701.509097440759 
562.5342407868544 
683.3819208716203 
504.0733586206535 
428.9332146361041 
198.8659630784607 
72.66868387046388 
531.3917884082123 
653.6576397204243 
6.557167883308102 
3.00712912160429 
9.044835984277945 
1.243525671423582 
0.4291883103482981 
-0.01240298278708859 
-0.3994020982009943 
64.60981883414929 
35.78658653529046 
309.9332125277476 
20.6878008179809 
11.03850914714147 
3.897927406943113 
2.150980366395267 
-3.041707564170631 
-0.9994841676479557 
-0.3995309760680705 
-2.424222615475117 
-2.183840188642826 
659.144338276627 
650.6735696256223 
624.8113283502624 
691.7717525582835 
703.0485872519034 
606.768178524288 
679.1851547900804 
689.5606902549719 
600.0163632877776 
636.9300975261817 
633.9411739345597 
651.348738880107 
687.6600140947978 
658.4605486483223 
665.2843606995613 
478.1798104995475 
417.4745804605298 
321.0618885211726 
543.0663168232635 
323.7868755071516 
-0.2688652581921044 
-1.364255745348475 
-1.022351225319088 
-0.8850874276139029 
0.8153749468784324 
6.726472273533199 
6.457462705338328 
11.26050317467928 
0.8262285595548815 
-0.7886449855372635 
4.42130365944997 
156.852307458353 
26.12843906861684 
7.157136750506449 
102.4992094314997 
64.36763417357871 
-0.3353819584032447 
-6.46279609768823 
-0.4522849309946699 
0.02941833206610365 
229.6597522170361 
561.0672891935922 
573.84346227603 
596.4657855591364 
681.0227589666777 
584.8181190927147 
650.7731393760845 
658.1835298028249 
642.6833401614485 
657.1054138750316 
634.3883236035543 
672.0719639395315 
666.1978734351948 
543.8452992204431 
659.3144981366746 
616.0500083011868 
628.5216932761521 
551.2906558150512 
652.2814011183708 
-2.656838869627479 
591.1359168571944 
626.434539260887 
401.2204805382806 
10.63788309212104 
675.7995529988058 
647.0392764302563 
17.15267540951045 
4.028848349354496 
40.44051669723329 
142.2409935938156 
14.23279896572475 
182.0437750906946 
96.44353598655748 
2.941060323270312 
-1.765185508646196 
-3.787411758737739 
-0.2554850497473188 
659.2946962908914 
196.8701612138987 
658.6704072266365 
671.6921545528867 
656.8224659373647 
643.0761782460138 
650.2425398257193 
629.5793260687226 
615.4106635492723 
629.1172958973483 
625.8193254126122 
607.5069717399109 
552.138979957985 
645.497172564322 
636.6216079345213 
624.5729216031498 
-1.046778336027787 
-5.48438780578505 
64.81473212044203 
254.2557292761658 
5.422491192497124 
641.8267227444675 
652.6856916045978 
35.8067545393413 
62.59110260181619 
81.67288764626035 
25.23567434197283 
24.65995107985703 
600.6704400667329 
618.2038685292329 
644.1049186166914 
638.6226776613885 
368.507304042583 
122.942062919052 
603.0824715637717 
643.495764429822 
-6.448313243386629 
-1.750386992277088 
615.8053280549168 
669.9911942891206 
-2.024530688807566 
-1.503521946054609 
688.1766226393394 
594.5511487064435 
583.8079675335265 
-6.365032214003119 
635.3831614669964 
-0.3464191854362696 
-40.49795718531227 
-2.937902878797884 
590.9520698341011 
512.1291879034802 
621.624813987971 
647.5416770367212 
19.04372574207001 
21.32414459848352 
1.620702348315384 
-30.43644975939165 
205.2302110142187 
243.20544488992 
569.941898966367 
89.86697159247673 
30.69071582065718 
587.6858016884808 
660.5113342996132 
635.5744087948792 
143.1903077520771 
218.3800443300623 
657.5229887456923 
640.6958258342206 
573.5433363028438 
636.6460027285448 
619.3352777776382 
630.6434565413571 
704.8924052187018 
617.0704364028094 
-4.470576144732816 
549.5850782528796 
18.02475200944033 
43.12724523039601 
2.649784652131085 
125.922702455612 
641.824475082791 
-15.89455381365713 
622.6808316104995 
95.20919007063502 
62.26152316716809 
304.3601940049074 
253.614930493589 
61.55183729899257 
620.8704358751806 
513.4455857550869 
579.2971151743898 
547.8901743504819 
610.2423507980698 
632.6522815329872 
651.5333526532268 
621.1371323273964 
635.3101303462688 
-24.3087254029378 
-27.30606468736691 
-27.99922982686518 
-7.913777444010154 
-9.728119334019247 
14.491117039548 
392.9505139259687 
295.449220669849 
562.2582174913932 
604.249215958559 
-20.45419344986707 
41.70044778029566 
6.007919364333992 
539.7801294297496 
-15.80478871955961 
79.12042009408113 
432.2859917064518 
347.5697111164878 
609.46958738738 
418.15972669222 
536.3788328249952 
644.5996190602818 
632.1174962254426 
642.2654149032491 
594.2312905310499 
609.6349275471759 
16.8540140417462 
-3.516632129160985 
6.25874855145514 
-26.78636932664132 
-13.02293411634507 
-13.59403298132447 
27.56399793385303 
-3.290298895852609 
633.927212509705 
159.2395539640738 
113.3506698553475 
3.609569087080772 
473.7923580082364 
402.1825921344225 
635.4090356303557 
616.7986771873221 
241.4886749990163 
594.0383863303657 
494.6617990306149 
47.07817407035094 
630.3063986977891 
586.1063390251865 
-7.358209601901818 
630.1493790762371 
-14.8538851877067 
15.41523193593295 
-9.359791642975706 
631.2109719933901 
388.7580277549356 
392.2685965948905 
-0.9625805996742286 
196.1487502156859 
70.44389398093058 
434.5079573686348 
27.63279236134053 
559.5152541454964 
614.23073974892 
618.0291441316189 
79.01744521125131 
602.7561569420669 
26.70456688765283 
24.90884619509751 
11.16811572509115 
480.0973736793142 
344.3017129607591 
341.4330520337857 
457.4725162008108 
244.6407192865654 
624.5491267084492 
598.2303187784283 
569.747906370696 
39.24627800344233 
196.0622113207811 
46.83776385306316 
445.2404749097169 
291.1620180229559 
526.8387503125283 
603.2374089011939 
600.8823984872896 
290.9176457042082 
114.2579975406144 
511.4508943072691 
151.0551666790198 
176.4170860679979 
352.0956696365379 
571.6843943936199 
153.0969249838673 
556.8496139543672 
493.1230623326445 
108.7355027308099 
58.10235919085987 
283.3229924343731 
121.5544959761827 
200.0873059843279 
237.0201578673846 
584.8912097612348 
611.430430780837 
115.6408986682763 
619.8528819025926 
-1.785054206942643 
49.76388857011128 
254.0623329069774 
367.7525675900568 
170.8828155612616 
201.0328481696686 
309.245837687256 
297.7966121336548 
482.4543526629233 
423.2157369637418 
453.7090770550154 
633.5509092072662 
639.3450953780407 
13.59672521883592 
539.9086372061887 
521.7681322804598 
616.3366738612355 
29.00196296631875 
553.4238521607394 
643.1612254311997 
646.1158759644828 
-1.054809240476059 
-5.237933706213657 
-0.6278188412126509 
-1.320706429326664 
-0.5239126870761285 
-0.4289408778014601 
-0.5414210933345356 
0.3892455598996635 
-0.6323481937891292 
-0.3608381510753995 
-0.3073814539583526 
4.124774731550787 
-0.01052419045677332 
0.08189950370643821 
0.2138874659829332 
0.3088153857603332 
1.580325136849713 
3.010002925125114 
6.131477678279736 
425.5968276561699 
-65.11759415621962 
-22.22547266257151 
-61.77966746995032 
-1.993450033552659 
-1.501791138456176 
-0.7720387507091812 
708.2492647024366 
657.6681276007376 
629.4923777854121 
669.0638143420979 
697.4102215210161 
681.2388561420547 
399.1170610783851 
5.112312697109358 
0.5348806275923514 
-0.02291580997419257 
3.430208542093048 
-34.92789049723109 
527.4407555446295 
585.795781112288 
607.2590606017785 
618.1693481852885 
614.0152938502808 
697.3141833042519 
705.2267249929765 
700.8563899011903 
704.0133802243154 
688.6859426798707 
679.1094610663026 
660.2968669312504 
651.3995090680969 
626.677379089803 
599.1259530855483 
588.2072616041836 
575.9305313231688 
562.8998359360872 
549.7600834978172 
146.8802821057163 
275.5412139764072 
636.2695118414331 
610.0016540667797 
66.8544388091086 
278.4662208231215 
475.933018461152 
509.0878577471859 
688.1539849128548 
706.4943387128592 
-0.09992850697363394 
-0.1584481806272315 
2.698849781108077 
0.8519512095601285 
0.7282285053059421 
97.2768705543687 
13.01791570327063 
592.9509175248487 
172.9896305844067 
1.380807189571879 
15.50452094401813 
28.75216508471082 
-0.5502568753677854 
-0.7858269102191175 
0.8677121423439151 
-0.4569615681290203 
-0.1756359685627084 
-1.426414297153263 
-1.919123051835061 
669.5321336356536 
653.0011164935629 
628.5248889057548 
635.024304225086 
609.0222452168391 
576.1161381998676 
684.2610765399311 
689.5288105183765 
677.1435456649995 
675.2173790746928 
659.1131928638766 
649.5926395887549 
666.1833211634769 
594.9512296654239 
619.8675959560452 
601.9723874491108 
580.8534332191397 
659.2104150444671 
381.8255652602197 
52.65402811067636 
282.8665456100593 
674.8233286864387 
521.1840720864265 
691.605264791842 
-4.581448733731196 
-2.359136177386496 
0.1593016767644901 
6.380338200620122 
0.3649859843459808 
8.785342283120336 
2.40247732138301 
125.7744013409253 
17.54354651564861 
29.13121373280437 
2.953788298278417 
447.6445896397831 
4.228671324744755 
-0.8819598752361956 
1.509173792511538 
-2.008798341390765 
40.71371111081106 
373.7786187713668 
611.2210107091529 
596.1635397595574 
644.4157130868725 
632.9178644455146 
645.4691597334757 
660.9161315597767 
671.2078404105129 
672.3923601986677 
636.6702991033004 
647.1784811818585 
575.8249227350617 
663.3392497506214 
659.6698658223318 
653.2278184024733 
635.607510804761 
621.0478607937084 
644.5958554121513 
-2.033165039190485 
-3.85885017652505 
553.4741140332384 
499.4020764191116 
194.6379556810648 
47.89508355101847 
340.7962795284714 
611.313154411559 
17.43746206915303 
6.587275764980538 
-0.6253717851212048 
10.44948130956008 
109.0869761743266 
78.07067398106493 
108.8291133268486 
68.23452916773833 
28.56752264535374 
47.62369889728954 
5.30320733213193 
10.68923879612102 
0.8676634548326013 
675.7748394032918 
147.888591206543 
640.2476678227524 
645.9133244891931 
650.6856145859401 
657.4172595593482 
646.6443439980359 
635.1690444294148 
642.7755174690126 
628.3913886835995 
632.3141010288687 
622.163770929596 
601.387286287998 
604.1943545032565 
631.9608759497248 
-0.6315760086545176 
-1.181924194509475 
-2.411041563259086 
-35.12545161696795 
-1.260409233380325 
559.8362413932748 
582.2127204292138 
626.9028197899564 
598.9541723621674 
202.1515721294182 
-35.15740605910072 
1.758876699795159 
11.91335506408412 
87.84522505205547 
220.8166278359023 
21.94898442891738 
682.3553296504667 
654.5940062703005 
637.9302100769133 
386.0493581849213 
327.5802229096461 
-7.015711419128358 
-0.1375906954400339 
0.1584517275486687 
-23.11077025785635 
-46.64271708979584 
633.677939725303 
623.7603405121904 
638.4533619608046 
-55.94088739098956 
1.342482571438912 
-9.989683859164412 
-12.95256496461873 
642.6930411523213 
0.7578975299059912 
-0.1151405812991302 
543.5779075351197 
-8.795300458191402 
1.722196716890174 
57.78031664083126 
445.1035054067748 
659.5427990713457 
296.023823809664 
31.19750401342339 
23.76262554136836 
73.16731881696265 
160.5444010727965 
268.3163744389245 
604.84696752271 
622.631290943282 
-28.54237290886154 
-16.7356484007072 
-5.276762340485139 
-7.41079017258506 
3.937164084331326 
-64.10244654683791 
-17.07389485083971 
632.2906732656035 
447.082788620969 
490.0674770837023 
32.6917519677108 
499.2322457741807 
635.014503155004 
638.8136423684858 
625.2317757767452 
638.7315198395939 
-3.396023523723901 
5.619593298975278 
105.1032017563936 
134.9257092403686 
51.39631968450326 
396.1368172831657 
226.8122154453541 
-24.90391611055732 
-12.4624436506152 
-31.40943511127256 
13.18401503413177 
594.517458488903 
614.642000804202 
630.522382578849 
655.3211550972428 
661.2509503546308 
605.753900696356 
-2.256122150203621 
367.5055286854832 
414.4789401357359 
76.97202551581286 
631.1756844793949 
646.3689681804083 
632.3302333506635 
620.8007861962539 
-8.011760535326994 
-19.69205016440131 
17.43910581415747 
47.9696968180322 
-9.288269941944412 
-19.99797145259556 
-15.77533650896887 
30.8755193429175 
14.49101460623874 
658.5169464478968 
628.7403530499971 
628.3274555713959 
614.1116423953629 
539.8139562598017 
569.6538427993678 
-0.978543000317826 
-4.783454317114679 
188.2694710555986 
414.5980183131326 
28.17595844763366 
210.1839797962233 
-10.40493778324216 
113.5390672857582 
149.9149978838822 
581.8407872984347 
594.938006688001 
8.585356793715453 
636.1607332988447 
436.4253148097383 
479.333397487805 
-3.500487158989727 
-1.342905507675981 
-5.336661212243838 
465.499015493747 
619.639426732713 
607.986014848133 
1.544101350982575 
551.0704281421384 
625.9289046045724 
629.4243557778217 
635.0261456765245 
165.3975521981868 
85.33599971213944 
252.7491356349967 
359.2401480735206 
79.90677651627563 
588.9657058999315 
613.9500325692742 
-2.389878715679852 
13.53099608536781 
10.72672326167347 
634.2959928767226 
624.9053066829578 
7.226833823351156 
558.412154882164 
236.8106090056496 
599.6656234880303 
524.4522232679429 
599.489555715877 
323.6670840302873 
2.018026292359406 
25.6713261518173 
53.6866015339192 
-1.383611518943575 
495.8042656987639 
54.82916328316566 
568.6201962444726 
437.1593772858288 
7.88922024413338 
281.4624585842689 
404.7965686910309 
108.40151159502 
560.327820642521 
618.2573756123452 
209.4678305110073 
123.6314880678189 
18.59473868817415 
559.1293076231092 
299.387300220515 
322.0983883392241 
50.53621276587843 
120.8867807209013 
506.1357014802956 
490.4644743924307 
171.159303222557 
60.6152574310203 
-1.171241893181191 
593.0554022842093 
-3.964390019717316 
594.5164742776327 
603.9952090362211 
641.5490676178665 
646.976568199928 
630.1039406194093 
612.8698962283265 
611.5317258832874 
1.145284427112011 
659.7317791698747 
630.9826189787582 
283.0323866806581 
5.762065240291772 
8.788003351642956 
13.37347086176718 
527.013952890951 
575.6109288241785 
18.25707491407882 
</DataArray>
<DataArray type="Float64" Name="sigma_xy" NumberOfComponents="1" format="ascii">
125.5630944784263 
118.3561481719954 
79.20626847747384 
40.68676643402825 
13.22044952092056 
109.2441905887815 
98.44604421689245 
55.21231608434902 
24.81618097127574 
4.810099402423397 
76.40671589459325 
57.35909958653612 
29.77834496277294 
11.4842843835034 
0.8626816123926174 
-0.002963167251960473 
0.009834309254278731 
0.002661792929568088 
-0.04534979332962924 
-0.1009733088655155 
-76.40333255823222 
-57.34011064337263 
-29.78437471190037 
-11.5949782249566 
-1.084263758403757 
-109.2433054158321 
-98.46553173730992 
-55.29340205206885 
-24.98252741222532 
-5.062148591784809 
-125.5855361160716 
-118.7746233563315 
-79.60509184046805 
-40.8806837108248 
-13.36447381114001 
5.214403821065541 
7.35457050122368 
5.046014214290332 
-0.1105784594728596 
-5.276336795818528 
-7.593983346390332 
-5.394773351093785 
17.47266234035457 
15.06602836948002 
8.695423340011331 
-0.05643537015910937 
-8.80150687615264 
-15.1387379669599 
-17.48304621609884 
25.12646266032792 
19.66091462607591 
10.82170032066036 
0.0272705868444253 
-10.75242057613263 
-19.55857416089637 
-24.99929574502455 
29.69681860936493 
22.25852934000601 
11.96918834464056 
0.09489453103016667 
-11.76463427861444 
-22.02234513859608 
-29.47898027079539 
32.35050515521163 
23.5769713526737 
12.48378093037192 
0.1176807224998275 
-12.23711626525802 
-23.30305163331758 
-32.06082071418493 
33.62120333563389 
24.04246897765877 
12.58678760194129 
0.09794219239914854 
-12.39247985128143 
-23.84900204320486 
-33.40898321553757 
33.94884554966443 
23.99728587093535 
12.46331347234934 
0.06690867236687129 
-12.34170889499544 
-23.91764991673541 
-33.95040350640319 
34.12141482087784 
23.7733776874689 
12.25135508054855 
0.05361912774026129 
-12.14369574568611 
-23.64951073912891 
-33.86738061565611 
33.51131057516347 
23.28044278506671 
11.94956092711913 
0.04684587671144264 
-11.84881814156581 
-23.15347208074245 
-33.37578103063977 
32.49659186721983 
22.55062750944113 
11.54988680683073 
0.02553153066421751 
-11.48843782034118 
-22.48128600727971 
-32.46618543441753 
31.38291026442301 
21.70090508272013 
11.05941084572399 
-0.02405886925412453 
-11.08725321442979 
-21.68252940000506 
-31.35783325860699 
30.23203240246187 
20.71109545752042 
10.47396069606297 
-0.1020602175387366 
-10.65738819937422 
-20.81700977416634 
-30.25537655102431 
28.78571723668837 
19.52034815073459 
9.82211423514585 
-0.1766625927609545 
-10.169995440209 
-19.82917137799965 
-28.85816822917488 
27.00246016862174 
18.27645280843271 
9.176256428143711 
-0.2003609609841881 
-9.583771428816748 
-18.67412321738245 
-27.17363826267097 
24.72833633997517 
16.9191927238641 
8.508473195784077 
-0.1582611429260089 
-8.849894990402568 
-17.31003244530475 
-25.23235044324741 
22.15862914669222 
15.20723506922828 
7.693441294526139 
-0.06195433676665748 
-7.883671917721139 
-15.59964348935906 
-22.93279250649123 
19.14702145670641 
13.00929333011915 
6.603143661219375 
0.07081401949690684 
-6.53377855976062 
-13.26206226196401 
-19.9816722093603 
15.14558473784786 
10.08966273730221 
5.126035013815863 
0.1862313476240029 
-4.749679074181444 
-9.793208764342495 
-15.68108496222393 
9.555831460038657 
6.270769270373441 
3.267589731790848 
0.1845593947876593 
-2.810963443851028 
-5.475126441021207 
-8.12708312508202 
2.284753601397846 
2.083215219910202 
1.152108657888381 
0.05419415804772814 
-1.016007008016728 
-1.806438985252918 
-1.262424132739414 
-18.97252706929748 
-55.42239885874188 
-84.5415066229798 
-0.9610247841302041 
-16.64121998583735 
-40.20354386476924 
0.1637229050556623 
-4.119099723011249 
-16.31947672537496 
0.297905020256799 
-0.7308832551976699 
-6.053107154030759 
0.2774111132145134 
0.3720297771917159 
-1.43080149503478 
0.2373027621760403 
0.7778369422577233 
0.6394682508686691 
0.1992556142204368 
0.901079999936475 
1.609895105181449 
0.171684911407528 
0.9178040513144622 
2.054186617629858 
0.1604287152072837 
0.9245827952761368 
2.294806811923796 
0.151178962553311 
0.9141898251739836 
2.390420450190038 
0.1432279731234015 
0.8990948857515996 
2.432198067184836 
0.1348604807770841 
0.8744631692277025 
2.428207519372029 
0.1247416300298501 
0.8335276025585716 
2.377810008149042 
0.1137521057569688 
0.7827186566413316 
2.292527862746011 
0.1041391778583453 
0.7424174760348861 
2.211195131906444 
0.09582962590379682 
0.7124211277461597 
2.142505976637561 
0.08489853158991759 
0.6476489400291257 
1.977320724719194 
0.07673534951974441 
0.5910240885867565 
1.849757532769625 
0.06929928823552368 
0.5377979725502838 
1.699741999203399 
0.06122933228642444 
0.4769507808494938 
1.514283382409913 
0.0515980525295607 
0.3981857050235563 
1.282080580023848 
0.04152051733079782 
0.3141164031411021 
1.031492398520693 
0.0294923027570674 
0.2242578485833445 
0.7977198592685764 
0.01477675849031213 
0.09613423548391777 
0.3640043426307052 
0.007496838283995466 
0.02719392947989935 
0.06549971630951032 
84.81664677223829 
55.43035812299156 
18.97241912720171 
40.43865967211449 
16.68350347644315 
0.9626850472102561 
16.47877121978444 
4.203341151921859 
-0.1530199303580877 
5.930458814289929 
0.7042170853005573 
-0.3016785751678532 
1.364251279406589 
-0.4117153683423586 
-0.2839346598701383 
-0.6796802188269718 
-0.7995021070247452 
-0.242082916075393 
-1.632095518220047 
-0.9194944671789576 
-0.2028839607155263 
-2.034822733175918 
-0.92163731194808 
-0.1731439777156369 
-2.263581699036124 
-0.918257652006498 
-0.1600832715543245 
-2.367650307096614 
-0.9029615483910934 
-0.1493195975731078 
-2.394000073980322 
-0.8782684275700544 
-0.1393979209913338 
-2.391426642685705 
-0.8534496623789082 
-0.1309657649082968 
-2.361238556580503 
-0.8225789399822961 
-0.1223248300680411 
-2.304360906331175 
-0.7839989604526659 
-0.1130529644815055 
-2.230818524440755 
-0.7411449134114666 
-0.103130125784774 
-2.13032811805026 
-0.6909735114133937 
-0.09236769438868822 
-1.989053997821249 
-0.64745064631364 
-0.08490880519275651 
-1.938556469139656 
-0.63676339174242 
-0.08274271259104617 
-1.650170945500972 
-0.5372877721631726 
-0.07034087684582328 
-1.460541170801966 
-0.4634060423720493 
-0.06069074240434758 
-1.289768941556371 
-0.3974547635298276 
-0.05168148479389285 
-1.043127769704244 
-0.3145184346146231 
-0.04106802486346887 
-0.7695070023396284 
-0.2156673905250011 
-0.02851580089422823 
-0.3961770719094887 
-0.1049934362841469 
-0.01564193729959503 
-0.0739075788095549 
-0.02909482281895737 
-0.00761567277537099 
0 
0 
0 
0 
0 
0 
0 
0 
0 
0 
0 
0 
0 
0 
0 
0 
0 
0 
0 
0 
0 
0 
0 
0 
0 
34.08593636599728 
15.32957865177142 
-127.6820435360635 
4.583515841213687 
5.413659425494713 
23.51960277200594 
25.78906614239748 
29.72813396458946 
43.9030789822182 
34.64288260128868 
37.22278798950855 
39.5077116750747 
47.01080823013416 
42.48534227441028 
15.65636676405621 
42.88862547425218 
42.02838979894496 
38.84222928015436 
-57.93947949166259 
3.008564109353249 
5.775545905174344 
10.45272456958257 
54.73925055051424 
57.5981351511626 
33.12597289728428 
1.395121753077607 
14.11694343308364 
9.101537981472555 
-88.71037911431152 
-79.87080399981645 
52.85678154145021 
24.08920834213089 
0.9020579459169719 
2.568122408811394 
7.737536094076181 
9.209217820813215 
12.37233081749213 
7.227959671805603 
6.263826786305447 
4.136006159822518 
-132.7780034500317 
-105.221257152588 
-36.70966263333151 
-18.44816244405893 
-2.152731909900327 
0.8712228843331917 
2.628652264097211 
3.821794332102897 
5.091097732520764 
5.374499685468627 
5.404037541455581 
5.275819988413658 
5.234635350602067 
4.751005586174195 
4.375617652866621 
4.021861056852343 
2.998498466383618 
2.294340593178424 
2.024634775366787 
-1.913797663070397 
-96.05834163637488 
-25.62706875641355 
-108.2515840036576 
-129.5811316455054 
-118.013144057465 
-66.48462544834499 
-105.1033090826125 
-37.71745125498988 
-8.029516879332979 
9.745507060415148 
13.89980040609346 
6.512647920868649 
15.61927282173925 
9.319068299864581 
5.318443157591727 
-59.69456640221627 
-36.60913300029589 
-134.8996048726778 
-20.43148085280231 
-9.567778320892117 
1.153005316188398 
4.325451035323514 
8.416153317986481 
5.525780302259188 
3.558204887729074 
5.116689805507812 
4.869715830657748 
43.40710641704938 
43.11279056714158 
-45.8389429752793 
23.6633727494503 
26.76144198174982 
-71.07029416895824 
-11.87796991121192 
9.448949650833024 
32.84436917190369 
17.45635725111345 
41.25560654660127 
56.75903720954176 
34.20554100509474 
50.63184885867259 
51.01153257195792 
-106.9255352643651 
-127.0800345266939 
-132.405390655631 
-62.27670341521723 
-128.2361928792477 
9.690220230519117 
4.895896860604317 
6.75409482314778 
7.4866779601922 
8.054130741446123 
9.659727653445975 
-3.033541890080993 
-3.484874963520238 
12.9616925618539 
9.360399848499487 
6.459231161395141 
-102.2470048912589 
-20.54588576151394 
2.50602031292487 
-78.10157955754086 
-54.25574117443272 
13.05582101777884 
7.588522868335136 
8.761589128109717 
12.84044867552195 
-122.4921923858256 
21.11427522649762 
28.47019654884535 
38.42885527063959 
42.0007691607373 
-57.27454047446593 
51.32149670106146 
52.99863622288988 
51.7702463668328 
41.11484847652196 
50.87641769150252 
39.333876386253 
47.71630090088732 
15.25523066374583 
53.85139066994353 
43.1328850449891 
60.05035901774075 
13.73816642439933 
-19.0482283649964 
7.86032702216067 
37.4134799565013 
59.01824740199915 
-122.1573497976608 
4.334371096710095 
28.51544609586438 
-16.79591008422924 
-11.40759806931161 
14.32326203328084 
-34.85670296383577 
-89.88819023200423 
-2.063784973580858 
-94.52994602839281 
-66.94258164389078 
16.59458137120669 
19.65647755124083 
20.38532729260703 
17.65773390173005 
31.47679777305657 
-109.9074819483465 
17.32612907009257 
-0.3930749141240844 
3.11494628718559 
58.02040723280058 
58.11036426901632 
49.26784427351063 
50.96111196762772 
44.51474213295889 
-13.09788431589876 
42.13907128193114 
8.94144380019584 
13.1190007532821 
61.41988538884306 
47.39486519846513 
14.09950145588722 
12.09265137758244 
-47.08625970735762 
-123.0899923004956 
21.9750962023301 
29.87471711445237 
49.41545554514821 
-21.24559751684718 
-30.86417376308063 
-49.71815168077737 
-8.800808155978341 
-8.83180054260643 
-2.175030490449129 
-31.18418306616336 
42.73468472561385 
4.041967799120186 
-117.860086842731 
-73.16859281978634 
40.81315311246355 
60.67077130375211 
19.48460651260441 
11.260911991365 
12.38851905991374 
13.11207064645581 
11.70705447388823 
15.48628902712755 
12.29783076532891 
28.2164215053652 
10.51254026785112 
2.60830881091612 
61.13276629449383 
21.94409882020752 
7.038151376904619 
16.22110211156435 
-36.11927589734651 
-57.57720018107671 
32.60937700718127 
55.80122564283377 
0.7938136121040105 
5.915496169447984 
18.97506401376381 
16.31430845924372 
-70.18767441934752 
-113.6238892295301 
-23.57211642900322 
-34.37676823986601 
-2.375890588484234 
-28.3575426503129 
28.94094600163929 
46.97356323619366 
-72.12583358399844 
-87.5308954133277 
17.52795709008485 
44.66127671128675 
22.04726493867409 
32.90606550000868 
45.53723848533117 
55.10839872506691 
6.761949199007278 
31.71437822666462 
14.81128129007309 
-47.1466081746745 
16.73085219696164 
-13.91281969669459 
11.91592498139007 
-53.28406809429492 
59.17642208747792 
4.433606402695876 
54.26426646417882 
-51.22142723136384 
-17.84894720170293 
-96.89548917652596 
-84.57476709250156 
3.503800679128843 
19.80002986021863 
-41.41503430729838 
-4.420254220651177 
-23.09166690856847 
32.04246878396756 
60.06769766292047 
31.92678175271499 
40.67953813421266 
56.69228981012898 
3.557895866770886 
9.464439335987022 
6.027053856597674 
22.80842888298711 
16.58600683492034 
15.7209684966988 
-89.68897708150654 
-78.10161097918846 
6.606505691187093 
15.2353681216073 
14.62851430436584 
-3.280307835687077 
18.88744423986785 
-41.51138385295428 
21.69486368159004 
-14.57292698868314 
-77.49358172592905 
-86.47840150368161 
25.49976618235681 
-3.701534547137414 
-2.135059832573249 
40.08170601059592 
46.47960336927427 
32.86927820551973 
16.58693235299405 
5.355691608464479 
11.47506266430548 
23.30842527417439 
18.23405045571257 
16.38612927681648 
11.43388548983185 
20.04323690648795 
9.217640460360508 
22.64298093779808 
56.62983130206846 
-53.4447868795968 
-33.36558540665111 
22.08400193157989 
-60.89265139646576 
-31.31636519349146 
52.67838729909146 
34.58161969642476 
-45.22957970048719 
12.37536261227521 
-20.13619676448499 
-1.118150052956187 
39.08033640761782 
17.50076336538197 
24.03003660796581 
22.52062409195791 
20.90591013446077 
3.524438925804796 
17.49593454022335 
50.17728089248701 
-74.02506058280464 
-53.73431599969616 
23.96606018837053 
-50.92199090520487 
-0.8546719572503919 
-59.08498200937601 
6.120693017877346 
-3.063635519488503 
33.64687540144189 
30.11877872541373 
-9.584582730265929 
25.602608776125 
9.893933856977656 
13.23862854687702 
19.29841187909136 
-40.76554390572525 
-45.62280026498236 
-67.46818790294486 
-15.98229226830822 
-65.65060222021378 
41.84147811010156 
21.77668743089011 
5.194546242444136 
8.354096000911015 
-32.32875833644679 
3.883151979770818 
-37.5056058964324 
-34.6193598924799 
-18.79619552439263 
16.47393401551238 
26.19574663259346 
-57.45118232459347 
-5.696056885220234 
-3.86449789588506 
-34.07071228531417 
-13.90848711245139 
-22.03037999851873 
12.00992390243256 
-19.5742694655883 
2.134229812136791 
-2.904188651393997 
-8.848156504633883 
0.9906370744045774 
-5.424878938384811 
-1.997960034985111 
-6.524507990218894 
-22.99551801430117 
33.40892738433715 
50.12539499174515 
-17.84947968964989 
56.22085786791945 
10.4900263278529 
-35.11174384009715 
-98.81880759607225 
-101.387866086201 
-72.35929417274468 
-93.81388560744442 
-111.3535352989314 
-122.7790154309916 
-75.48088604274461 
-97.76426687014791 
-100.1245140906448 
37.98374875719979 
48.56433466487378 
8.085157216897624 
-84.29475914193937 
-76.76606044568712 
-1.21971506987093 
33.85687193920933 
99.47972454956144 
-43.21704693301496 
45.04334619125772 
-0.7266976308492503 
-2.09604403840804 
-2.02861039057181 
-5.560778011391727 
-2.962809930710841 
-3.274258808739488 
-3.874849392301458 
-4.977312203535105 
-5.007236299924844 
-8.959970465651844 
-4.880367150022436 
-13.69396601458162 
-4.802028128657996 
-4.671789543624556 
-4.450938132476233 
-3.999202437673288 
-1.697918017806113 
1.220922320175082 
6.564277989516143 
129.5281672325232 
-1.618029359701011 
-3.168931187355256 
-5.69190176721353 
-15.22449702570755 
-9.939030112977406 
-5.43955257828837 
-2.29735094306352 
-30.83607805522234 
-13.77999149975091 
-48.55533285128223 
-33.21264257290887 
28.05627815961915 
133.049567328081 
-0.1752957378092695 
-7.247013890177209 
-8.19193826686779 
-18.66501146689505 
-12.41122675880386 
-6.083320867630417 
-32.66089703545955 
-47.98133370414705 
-37.81443316520627 
-50.87183448221256 
-10.78686790593456 
-6.859056894457439 
3.171881181455365 
-25.69456947287264 
-37.96888954135409 
-40.92370300973577 
-43.49111099089589 
-43.61216044206982 
-40.20541662090221 
-32.20080089045531 
-29.21234344741308 
-26.32467355793967 
-23.44977292715694 
-18.74143656470896 
101.7606624709447 
131.525266610934 
61.18024867354676 
58.66230297777986 
62.69110267511225 
132.1901877780431 
116.4178156687212 
111.9981770832354 
-4.825965223066709 
-14.15329956962664 
-4.858938622911902 
-4.859092558332204 
-7.872392366830534 
-6.480180594456714 
-3.147388991166452 
78.83891152907927 
16.38712493282176 
79.18114198511564 
110.3262974651606 
-5.219538656211735 
15.09225590318409 
29.32133266311364 
-2.487644941397874 
-9.308095079587469 
-10.4814946270444 
-4.933097115371476 
-8.550324989378515 
-1.785180468757774 
-4.179870043591436 
-42.71263151499341 
-52.48631028065718 
-49.32953437223388 
-41.82179139553503 
-35.09364329906282 
-27.99877808374178 
-39.42708370024886 
-31.65187074769967 
-44.89917600524861 
16.61015959402943 
-26.62714812819867 
-56.41253811256837 
-50.39892854825856 
-37.637434310908 
-45.77154599759524 
-38.18549669655184 
-30.79691900982968 
-48.90026863090749 
130.5992339818524 
50.24223877212998 
129.1874638789131 
-35.35946678928012 
94.49361631307039 
-20.54373267422248 
-7.903510432573673 
-8.67625740773093 
-7.767969403688517 
-2.667392622379659 
-11.36885082798241 
5.742452723662688 
-3.243816642802698 
87.78138722248433 
11.48655548232029 
24.29362058368884 
-5.189717836579689 
114.093500824641 
-11.24011958646231 
-9.701514747012649 
-9.393111659621974 
-18.91552777570477 
18.44248969236303 
124.9098088520748 
-42.01623483957756 
-40.62200695057147 
-53.03630312207177 
-61.8593594149526 
-32.26048378432329 
-50.88695218552483 
-44.13365788709233 
-10.3014978631457 
-52.4629318142396 
-58.72267163103836 
67.79820822636243 
8.329609702856658 
-53.72930396031433 
-56.73518320750343 
-58.84215663463345 
-51.53573515298283 
31.12203748408247 
-6.956424286108449 
-16.96133465567601 
89.50180472189781 
93.42871859135676 
113.3343495485292 
40.25817170800541 
104.7499996364232 
44.59556059659992 
5.815307790958534 
-3.734059418926407 
-13.88662975198465 
2.321540048585952 
69.51221335461724 
63.14322979579507 
65.79583892070588 
50.88914997215825 
16.7360005444204 
30.18737861317011 
-7.496260439078686 
-5.39636060694532 
-21.47175191407747 
-24.36705548260074 
93.18772431234557 
-50.72561686328709 
2.90996928930135 
-52.74915397455621 
-53.99792481851829 
-42.30254500539702 
-58.59917577758251 
-60.18153409467518 
-54.51860133341603 
-60.78918286416576 
-55.49834936697474 
-41.58413101506007 
-45.33157157813577 
23.67188486848931 
-9.35391385150635 
-14.49026773393998 
-4.203010162115878 
-6.089203703128809 
-18.31526732835971 
-12.13160397431344 
-28.67237790895028 
-58.68635727532622 
37.77527117164007 
102.3737011978977 
-14.41113231450522 
-12.42210512267291 
-2.181126750984282 
49.93344767790093 
110.487839845984 
-1.745178852113392 
-13.24486132194445 
-12.00895206650375 
-61.27210829939204 
108.5002803789713 
120.1048587716691 
-12.85822815055009 
-13.14815141566203 
-12.32582040142501 
-5.354677267914216 
-6.440672878617005 
-55.77827685859667 
-57.92888068570461 
-59.9108407455856 
-6.34194797884572 
-15.26698761306117 
-10.22825950692832 
-3.816662698476115 
-40.90503200607058 
-16.59452345638213 
-17.72747776835463 
73.05421988952476 
-21.29070491619775 
-13.47194752224269 
32.83785422367987 
108.7899252211039 
-14.12747837588433 
91.69299246809727 
0.3900835403714794 
7.972765399330738 
35.51844250663111 
80.90310727245127 
105.9778649568886 
22.86872277249557 
4.371804894105339 
-9.423019440042081 
-20.42750546677982 
-6.036323677439782 
-17.97163082428843 
-21.79534958913158 
-3.762773957023054 
-13.32994978462515 
-36.68151863217927 
95.10860072106536 
86.4997852678497 
11.31798593324808 
45.23830170134605 
-51.39700538595606 
-46.51973834053663 
-35.73184877495203 
-32.05533194010908 
-20.88004625378667 
-15.83743458511226 
43.44182750072673 
63.06655352875163 
16.37923115390625 
58.96102327302636 
91.02421913612223 
-14.86917311473793 
-19.18809593573001 
-15.24117689221632 
-18.30695133773577 
-12.68257492827464 
-51.54705848003235 
-49.40741742049751 
-5.938327985256725 
-24.94690822121727 
-31.95130468092011 
-21.53970545542061 
83.70355218185503 
91.73649711970631 
23.67747484941978 
-51.20047426327508 
-33.91675089172823 
-57.02125088063159 
-53.24755021939716 
-22.10245886837458 
-20.56046001369581 
-11.47014489209695 
4.549514556365494 
-23.8641465188725 
-19.23805439885735 
-16.44460804801464 
-10.60799908980522 
-3.033691363834536 
-16.03759265804531 
-34.05214324190168 
-47.85996095303801 
-45.38815220883075 
44.71750031200691 
40.79893042522268 
-20.70822441603177 
-23.06239773970021 
71.98214455006647 
19.84963564680058 
-11.49715685023345 
56.29661140401206 
-22.81567240315231 
31.14704576824512 
51.47634300403476 
17.06051811349063 
-22.0280915265056 
-18.86230185354333 
-16.65203687748794 
67.80870023755179 
71.43498279486914 
-24.33658329839713 
-18.40579834996879 
-11.50355871224304 
40.30492132253563 
-39.27191199398768 
-6.20514167819658 
-23.24514657372126 
19.71134457308836 
-40.28929932561125 
-55.39201358431221 
-52.75967867416136 
36.53086360403284 
4.076213982742635 
75.19133763699234 
45.5887006197535 
11.55437710861968 
-5.562829474214328 
-10.41443058780303 
-22.61042207270581 
-19.84999744363457 
-14.52308653576997 
-46.34912777730624 
-20.6908315595868 
-21.86610143162575 
-5.642628256831452 
37.36773841731524 
-19.74499931627414 
18.09298191368343 
-22.97566208778151 
70.73575547140464 
-23.35935483689424 
-12.46607976111991 
-3.583067664690224 
-23.05388455996259 
7.764811284800811 
-2.128833499630726 
-3.774240572457486 
31.21648385815593 
-18.84414094520049 
54.71469900584027 
5.714487355976906 
4.275210460710126 
-2.568842446667781 
-38.00749704527317 
8.715722458226457 
19.07296216576664 
-9.676572691370211 
-7.823175694922704 
11.53815145802708 
28.27994448797328 
-7.199025247746246 
1.355221000421446 
12.86239834707686 
1.749934877759956 
17.45541521002463 
-1.306227590115981 
-4.580109385440884 
-34.79058138540355 
-12.34802175588035 
-38.94869566215539 
-42.67341442292145 
-60.04932845138089 
-59.85366311998831 
-58.37768277408903 
-47.52417555467547 
-26.29361396634928 
-20.83722774563184 
-39.00018051116847 
-31.25746635469389 
123.722153563504 
-11.40007608958896 
-13.19953910758947 
-7.302777433037292 
69.09434997109071 
56.54525408145085 
-0.6455153168098146 
</DataArray>
<DataArray type="Float64" Name="vonMises" NumberOfComponents="1" format="ascii">
324.8142925756474 
469.0427692294795 
571.2152876081846 
625.9712362836857 
650.115898997278 
287.5857466942023 
470.8924520792308 
584.4967873696856 
633.5514060314345 
653.7252226659976 
225.0255870363974 
485.7283481665189 
591.6196156510421 
640.0615977197126 
655.6300759149015 
181.7076127928415 
474.9586998480675 
598.5630588311705 
642.2096654368422 
656.9332863257974 
225.020175267689 
485.7149540505421 
591.672263651514 
640.1598822527329 
655.6749048101988 
287.6019197980258 
470.9460207667893 
584.6228551953899 
633.717437140653 
653.7861062849116 
325.1374550996774 
469.6210478287618 
571.35173823151 
625.9585980360976 
650.1183128800361 
657.8816228645816 
657.7792722550886 
657.2379056871649 
656.9020994148204 
657.3117752581086 
657.9507761190532 
658.1246751112778 
656.8031095791937 
654.2020504323124 
651.9889391792079 
651.1952762734074 
652.1465367465261 
654.5245662477447 
657.2526223497481 
651.6552006135099 
647.3843699323496 
644.210713405324 
643.0778604176355 
644.3622708646311 
647.6783607609281 
652.0370453875581 
644.6646328279235 
639.5202488515592 
635.8356899406032 
634.5230877319984 
635.9142630074572 
639.6724307047322 
644.8960390166382 
637.2833417200278 
631.7177454277951 
627.8238559371805 
626.4232272664543 
627.8095250153133 
631.6838622221293 
637.2591690944296 
630.209933497651 
624.4805080942643 
620.5735714402766 
619.1713073366815 
620.5085405792117 
624.3317839969341 
629.9618128889255 
623.4347056610438 
617.9339893478691 
614.217981512988 
612.8937858945427 
614.1781144039289 
617.8718467803707 
623.4124646995905 
617.6348108740098 
612.3152036044744 
608.819050711691 
607.5934421204275 
608.8149689869766 
612.3299456471922 
617.6834515673685 
612.8976794467384 
607.6546416287504 
604.3255043358764 
603.1721363789054 
604.3088668756313 
607.6082394491203 
612.7324727669501 
608.4656124865854 
603.6141220810949 
600.5056335914527 
599.4144447862617 
600.4476917763357 
603.5039575235591 
608.3133012847234 
604.2353510354517 
599.9031420303359 
597.0446496340387 
596.0082844103935 
596.9253924589009 
599.7015617346824 
604.0230468922814 
600.1683403588087 
596.2261418589559 
593.5571227414271 
592.5783418368875 
593.3924718720646 
595.904240872607 
599.8343101843109 
595.8272769391665 
592.0584183403729 
589.5986442443588 
588.7183974113844 
589.4712894797564 
591.778656393913 
595.4603692604144 
590.7312902942067 
586.9921868312415 
584.7753061600058 
584.0211294778445 
584.7532103946899 
586.8971254167043 
590.3080163787771 
584.3220631118068 
580.7686393696961 
578.6858102046538 
578.0230056362545 
578.769256142716 
580.8200823290723 
583.9852414811705 
576.0027695116214 
572.743236768392 
570.6798445016977 
570.0513996117929 
570.885887179665 
573.011690086869 
576.1176118124092 
565.3445040913239 
562.003115026217 
559.8070166420927 
559.1373838393104 
560.1416807673747 
562.7092418325407 
566.1756160346583 
551.50856422878 
547.5105588793631 
544.9275394165868 
544.1255921366704 
545.210508331356 
548.4016810820663 
553.5983581349582 
533.0133252107877 
527.8041268129622 
524.9243570541178 
523.9751497214951 
524.8820859099208 
527.8849406120271 
534.2762695400173 
506.7302920519509 
501.7976964220858 
498.9595653214984 
497.9217670975726 
498.7388252041469 
501.2802037426531 
505.6733036147797 
42.70960716714166 
112.1786081588952 
176.1911378222044 
4.810087917414015 
30.95594854854599 
76.10533816617649 
4.170964793583103 
14.72069567044085 
33.89867392893483 
4.200047219233034 
16.49500772636026 
27.49820715614998 
3.974492641606301 
17.70754885520368 
29.64110113751902 
3.684699314524734 
17.70010132959912 
31.22717321427094 
3.385073488243462 
17.039926210498 
31.38624973073525 
3.089134687268569 
16.058351827871 
30.47887002730501 
2.824505814777 
14.90886207060309 
28.88122293841926 
2.565376819170343 
13.68175616002885 
26.90586645742056 
2.30988815671428 
12.41571486615822 
24.73819312389949 
2.058193703647474 
11.13971028847457 
22.46605127479746 
1.812774372145808 
9.874005814253165 
20.14321590739102 
1.577896930293518 
8.642714311786071 
17.77994366234402 
1.354525272212091 
7.464422686280662 
15.43757908773411 
1.141660323995107 
6.328650081604124 
13.19782106155896 
0.9412375133430853 
5.235190123826926 
11.07300757127873 
0.7554352745735694 
4.229200036565913 
9.07627446566601 
0.5853423908312519 
3.302523463642097 
7.185061070412658 
0.4323442331287026 
2.456334502627918 
5.487747770101609 
0.2991770943434671 
1.709970334648509 
3.962193061212942 
0.187785669266578 
1.090243778473664 
2.664884848877556 
0.09706664657050171 
0.5859650228097163 
1.684403624491288 
0.03834567777280615 
0.211994325748045 
0.6433759468319622 
0.01430764468157671 
0.04743575198361474 
0.1602016971097458 
176.5215076707336 
112.1987356624836 
42.71123846353643 
76.46550326406249 
31.03246401398765 
4.79750718728427 
34.20388689838676 
14.81307684561837 
4.17593156717655 
27.28964431699665 
16.55715402959448 
4.210416327582714 
29.60752173802546 
17.69400658842743 
3.978092820101904 
31.14578603982674 
17.66479608121757 
3.679116296539746 
31.31858723497737 
16.98807271045527 
3.372687804916228 
30.47655167642571 
16.00064752892395 
3.072697581858772 
28.94043263641361 
14.8650847740093 
2.808627309685288 
26.98319596188858 
13.65199615070368 
2.551862952444802 
24.80282890295871 
12.40036515786131 
2.300125090638362 
22.52874279731039 
11.14198353550301 
2.054166599093093 
20.19061522630173 
9.895051457927568 
1.813828597376759 
17.84331652651399 
8.667292537427398 
1.581341667948791 
15.49244828445451 
7.477807010711673 
1.358279259026664 
13.18859523176918 
6.331524152293758 
1.146968937838735 
10.90738548155008 
5.260262623368459 
0.9500773840772238 
8.997162579258374 
4.236349652705312 
0.7604871213908366 
7.120601076157202 
3.267014366737674 
0.5825328470616947 
5.504723110692827 
2.447846456031131 
0.4300529877472551 
4.01341226467401 
1.724381274170175 
0.2998541843296778 
2.710284163076721 
1.096595218484228 
0.1878605703216321 
1.657379768344819 
0.588686122393553 
0.09823426482104333 
0.7051511135638217 
0.2316147871704597 
0.04066098514997206 
0.1747895566409687 
0.05091965316253539 
0.01462192412397995 
0 
0 
0 
0 
0 
0 
0 
0 
0 
0 
0 
0 
0 
0 
0 
0 
0 
0 
0 
0 
0 
0 
0 
0 
0 
650.3745432014953 
658.2407110855288 
471.7820339990902 
38.96256903829725 
519.8492965410441 
562.7702676561141 
571.7834217590745 
582.1143297801217 
600.4886119325216 
594.7998542622996 
601.3261838317665 
606.0962571677805 
645.8795657126423 
615.1674810699145 
657.0786335911851 
631.4326871510091 
637.7446674607496 
643.9464683392899 
615.1502205489566 
708.7301630352031 
659.0068388090169 
700.8499608836366 
619.992171474977 
627.7913688468046 
584.3707233090992 
66.04098413872558 
41.38385915934801 
41.83367963491416 
188.4976682530363 
585.7558878158258 
651.9574491586368 
669.3998817263737 
2.008170491450112 
5.61970566117608 
20.93035320599137 
35.54935029606298 
43.19295918201273 
52.92936626970062 
60.40058164753266 
64.46761616332095 
354.9691213330456 
231.3310289402542 
72.28735232950501 
44.92963152302703 
39.81295574938069 
41.11791929755804 
41.42138377390778 
40.59220546022959 
36.6873808925316 
33.94522944763767 
30.86014396819261 
24.48088464911048 
21.32747287394147 
18.08252590905864 
14.95131080891178 
12.24904302370872 
7.386682151531599 
4.485934345266059 
3.859576915658086 
655.8004877414231 
560.2350445260856 
643.7867260993836 
536.5262296399516 
473.9137769739153 
277.4287306285805 
132.5202867563198 
549.6426403316301 
634.1817889011106 
38.8948489390074 
43.68492028339701 
35.66448567989584 
45.16789488714848 
40.43272924010988 
38.79329255735757 
27.67850989814151 
121.5149194625006 
77.29980681832639 
378.5123881695342 
53.78366936758449 
45.28307748437184 
45.13852066846486 
45.65868138685035 
15.31918141662095 
11.73306294112423 
9.672074857235923 
9.16798773737252 
9.223307436974547 
624.5190458813167 
619.711759665327 
623.0022926186385 
658.3657953525416 
655.604992586385 
602.3723614016949 
650.6992056025459 
656.9728695956508 
589.4450162315045 
645.1695970544444 
610.7741647600185 
638.1834908037525 
655.5849196213831 
632.3509076665498 
638.3118636264895 
519.9942629619372 
469.7116235740026 
390.543256876002 
572.8141095966135 
392.7869413978988 
29.15944212100492 
9.852682526921065 
15.23243386049969 
18.30293192616532 
43.97553951653303 
38.69289009813094 
44.3644020871889 
44.15353267553276 
41.8757724067477 
32.32855108911313 
43.51626033805168 
233.4363518125341 
56.92881410359971 
43.1088108584608 
168.8842972257505 
116.0835871401917 
37.07309698053941 
14.30558002990628 
25.25338069222062 
39.61375711664381 
308.0602731410985 
558.2085107930891 
572.2026780056223 
591.5725229835977 
651.2244026128244 
601.0392433070188 
628.2816313729695 
639.3016662284442 
624.1612383062454 
655.9701964863746 
619.2235161799692 
655.8843243395406 
652.4110390003287 
542.3998538294404 
650.0091529433887 
603.9343261242186 
630.0744146152606 
552.2292846135281 
640.6571637805359 
15.4357857570294 
590.2475101640237 
632.1072342778074 
457.2984225592514 
38.21228897506359 
657.6116817073786 
643.7898128116517 
47.38166386956692 
39.76661765818812 
79.32393302157195 
210.6566917254427 
39.98211797859757 
245.0540909017686 
151.8179704061801 
42.07978880036519 
38.33519113971848 
37.12743540651495 
38.81032987827363 
656.0304083729242 
272.7350473153879 
654.2118180777202 
652.8042561474599 
651.7715932889951 
633.4163506847833 
645.9857192259155 
648.6000603478285 
612.3219080295423 
648.3222369222642 
632.9358653664253 
599.8156558850764 
552.721679415389 
646.1938164623625 
645.7721323466826 
612.4767346047836 
35.12092696609708 
21.7040656547553 
107.374988818625 
330.828782475914 
38.36435335779294 
651.6112967127191 
653.9826897493982 
60.02122667465475 
84.58820383302434 
121.4624446367219 
40.49158846304925 
45.67102874102769 
622.4401771644305 
626.2234515543714 
653.9724294044461 
645.8014762282215 
428.6534681499871 
177.1013598586233 
605.8189090494427 
642.7789131421741 
34.58430188355891 
27.06821362925769 
616.3310753826064 
670.9306347703729 
24.72934913922091 
32.92377512590708 
689.2372637351602 
596.241846710035 
583.3860846443595 
7.615697208039464 
637.045360593365 
40.48970429835127 
42.26293399721879 
31.21948646306744 
610.7750763276915 
546.2919818181487 
642.7737707524028 
651.9994609849889 
34.20657889124859 
31.51981229167048 
39.46190006966739 
42.50891564875891 
239.7039175781305 
315.0384613349166 
596.6028524714033 
105.713678011673 
37.4885088650562 
609.8503677727439 
666.1054210930695 
650.8918036278415 
190.2178417598072 
269.2862072975934 
665.7044564522066 
650.2388301200658 
573.704519800749 
640.5966981901876 
624.6336454902382 
640.821376037255 
706.1353350185077 
619.8327182619868 
27.22620330613022 
578.8113702522317 
32.99014589187857 
53.98750704397784 
25.33388372267877 
154.8860730846179 
649.0624487323712 
17.41548366699405 
629.3180760957273 
130.7508413288674 
68.48349915367264 
356.2106433531338 
297.8627578554363 
54.22481393769201 
638.9996651086991 
545.549957244765 
605.3157074940427 
577.6771376382687 
633.5179522512371 
643.196291809373 
656.348575161736 
642.8116076082284 
650.332628361372 
30.5493403940404 
35.64371442299925 
29.73027448724508 
40.10991836566093 
29.93767036210476 
32.88219435907605 
439.1658506594941 
333.2251271380754 
585.3944201022504 
628.0952044773383 
32.25078167760209 
42.31130418648222 
37.4217347431286 
570.1299632794895 
40.89588382743909 
77.982382039462 
473.4362338146744 
391.6911694158702 
633.3356903588369 
436.7134384998612 
561.9815090027051 
655.6044733058468 
639.7444827065348 
654.7416417690814 
620.5829479107841 
625.8055202629376 
31.77976139511778 
41.09433615528412 
33.34029750170378 
39.19999852598696 
23.22907525656854 
36.90869531049862 
31.28327509948779 
39.97684001854113 
648.7433448509662 
182.1720022346765 
123.1103656727148 
39.55764608513245 
509.8313230045372 
422.4340850741754 
648.4492498567988 
639.8399497520116 
254.7034541557489 
621.0184424553986 
521.8727011015573 
43.80378858625436 
647.251964885714 
611.8392602723092 
42.24072276453176 
644.1529901232234 
40.30284954418281 
18.09938499020925 
34.47283535751318 
649.0702200764472 
427.0123879080742 
421.0045938702503 
41.60088457471493 
213.5502039047666 
62.54421858469146 
468.6164195026131 
32.38185404866707 
588.2256654275075 
635.3583500067301 
636.6306807622925 
73.52940320543614 
627.7745290434904 
29.33144346751444 
31.96662807594276 
35.33074165805319 
511.3712655800433 
364.6026085909132 
373.5216678720795 
478.5028510669694 
272.8153595986468 
644.55459937571 
620.0074006182027 
597.7293437785989 
36.98619974600547 
200.1237185966385 
42.28265579966226 
472.573148713927 
301.8519263419053 
554.9333619522687 
621.1816268517809 
624.1682773770816 
314.0775469197475 
104.9164619575638 
535.7874856452264 
157.0074112823201 
170.7468377479529 
363.7343029319233 
596.231430524015 
149.6272601143444 
578.7201357063166 
515.2717712563219 
101.0755924232315 
50.4965750248621 
283.7518480267148 
111.6308761478378 
194.2927691134872 
239.4423233161021 
582.2207621082442 
613.7873472638499 
112.3727082473988 
621.6101496587106 
20.6427771017894 
84.44783430912646 
310.9596739741084 
419.1522944052163 
212.3971137295495 
259.7111677572228 
371.868126850104 
368.548903218985 
521.0175892610355 
473.7024231029818 
498.2489849968878 
649.6102552564657 
651.1679494680981 
33.50673697474402 
566.4033339357628 
554.1506654870491 
631.7225526330401 
67.05644737327107 
553.6464280740266 
616.1067025879647 
628.4335521635076 
1.663523171567177 
6.218338673150404 
3.998304069116611 
13.83633619910817 
7.316883562686356 
9.143846990795172 
12.12266496009428 
15.20468443029347 
18.2980885389639 
31.98525001144609 
24.12461408525146 
41.20512057220696 
32.78162675765726 
35.50408032344022 
37.93159680687119 
39.95073208149067 
41.40383147347595 
40.02355480108378 
38.25485687024991 
461.3505715832715 
66.21323105072118 
28.67604428830414 
62.91203664894834 
31.13322823310217 
23.48959909381692 
11.47523600614902 
709.7355488365936 
663.5091064795712 
629.89907513864 
640.9229189107737 
651.1700591620552 
642.321354357852 
450.8269501409968 
45.07642680728703 
42.24541598757556 
37.28847952388386 
39.01814013907639 
42.9429174864953 
527.9450184343002 
581.7587147239146 
607.4201729763527 
601.6824320244723 
611.6749192547583 
698.4494093471822 
706.518768918424 
655.3673150523426 
656.3237582757029 
644.6071287065419 
637.7703824549419 
625.6011803653089 
620.3998704883397 
606.864564266016 
588.7699965464337 
580.5143513926648 
570.4636312973698 
559.1232135301146 
546.8892910665531 
220.7185355254894 
342.5971928618297 
611.402322507161 
611.514150831538 
124.3152992638399 
351.6532696914031 
514.6732260081519 
532.8250212729317 
656.5771455226981 
658.7084221449635 
29.91773919973003 
26.98927620876799 
45.11155420605338 
44.15311723968764 
41.19794593962745 
164.8300542002069 
42.38100789271058 
592.0160435004275 
251.255779058539 
45.34522880876607 
48.05616340287825 
65.38048313740282 
5.44756517185025 
19.49332838734253 
42.93472159829689 
21.2382396213664 
34.62573067141142 
3.367825980590012 
7.931766669753951 
631.3272581381302 
631.0232218947602 
614.8952265168219 
611.7540870405272 
595.7042964260844 
577.2948888722034 
652.1913554334135 
656.4416878643336 
646.7508393292454 
648.1115666170348 
655.1621454281482 
646.5845145138052 
649.32351605264 
590.8167716220095 
608.2233503145387 
594.1574931924278 
578.5927338395703 
653.4851069948579 
442.1051981612475 
102.6883576368712 
356.4675533359356 
656.4441176582328 
552.1877541362709 
658.4839186113168 
14.44328502649451 
16.68466977021641 
39.92749200598268 
45.97222622833513 
41.20570349200439 
44.18876574996381 
45.95264945987335 
195.2253147032479 
47.25696766542653 
61.9306748067395 
45.59269505259054 
495.8321547431149 
42.61996833224627 
26.35497194060436 
44.35630695115833 
36.3520836596557 
59.55777079932916 
434.8047458808459 
601.5480456008997 
596.1770798319502 
626.3782879352146 
637.2370578358234 
651.5949333322377 
635.5399320145563 
653.0502472750293 
655.4037950884053 
622.0423219440676 
638.0365890798176 
592.2481958147396 
648.9993412283385 
644.4738978710832 
640.4103705767302 
628.1527134275397 
614.4485549008472 
635.8929137315668 
12.97220815882038 
31.15150474215463 
571.5428424912329 
536.316260923532 
273.5910484146996 
89.03722124251658 
396.9153915362586 
619.073191293634 
42.04331975985485 
41.81170438709707 
35.21540775315391 
43.40449530499917 
163.0378172907728 
135.6725642027479 
158.3992006782603 
114.6269088596269 
53.32563254754219 
76.55989874600179 
41.82066327682799 
38.55518456696073 
39.85387201547315 
657.7023676294597 
218.8994637802231 
650.9934004299844 
645.0233649500332 
654.4508416467905 
652.4264628120304 
652.1012996061794 
648.7127973632538 
648.1358975613168 
620.6290386835387 
641.2510197906181 
621.162815791373 
603.492125468552 
601.7943520923775 
634.2505147589243 
29.21838952375895 
32.95882315932025 
7.603432903896501 
36.63267667100024 
37.50123352649148 
559.3759591299731 
583.2468148772531 
633.7854359049038 
615.4696916835782 
269.9992146358049 
44.20210155315797 
42.85097040267077 
39.59672242086629 
123.9676745592506 
291.2332261582656 
32.53714916770286 
683.3142793500836 
652.3728761349646 
641.8180258691922 
439.3663925798155 
394.0386532067655 
23.19214046458073 
37.30330565918155 
39.32530258816733 
24.81623079055218 
48.01749383208433 
648.8275831085506 
627.2241957710372 
649.086912305037 
57.13278837600151 
41.05350306165754 
19.99125927228158 
14.37016419005764 
654.2407821251878 
39.97064449273334 
38.99046456376798 
570.6656075582655 
39.20176563633849 
42.25192087910845 
84.15784537585841 
496.1275229153943 
660.3029161276708 
344.0403094872478 
33.62271756254674 
40.76060421159185 
96.64993423904669 
214.1974760519386 
330.0611917774737 
620.4010947503996 
635.4391327461915 
36.91165384506188 
39.00617054303899 
11.41904934501471 
31.89361662426237 
39.49335846230097 
65.10518179603787 
28.28968592984516 
649.3913008437956 
490.0632027221249 
530.9781310593088 
43.65703303663699 
532.2076327632282 
650.6754711251209 
648.4259195756107 
644.2124720332497 
652.1561307031958 
37.73066666183493 
39.67608116165235 
127.7199836299855 
173.4896338519617 
59.72653805831772 
427.0915429999217 
279.5883623244185 
35.71550208248966 
35.08122030635578 
41.42358341196915 
34.88419885755281 
594.7647908952033 
617.3589470206565 
648.9997447457168 
662.8820863137688 
668.0551212008368 
607.7834440866724 
39.62354218768964 
410.1767599755157 
461.1044354800204 
84.59752461278363 
649.2577801983462 
651.2438832999302 
644.2285199041363 
626.5519312046831 
38.92544320228331 
41.21144732664981 
30.61199714774839 
45.28597639144269 
42.25496297832522 
40.40698230646662 
35.66667250340844 
32.52143085486151 
17.60646271177124 
665.665514563538 
632.3477940548814 
635.925298399992 
618.5738276539724 
569.8297576165793 
591.7838273366235 
39.7679826694768 
40.55449692748955 
226.6067173755578 
433.5997109117206 
33.06360874987675 
231.4393266285813 
41.22395615191415 
120.8081740693454 
172.1754825871765 
605.8766916624928 
619.1205753637171 
37.19957891125812 
645.9492096469152 
473.5075327459094 
517.4994388011718 
42.26417864180881 
33.91930079528404 
24.81737102226397 
495.340686150032 
641.3617369166935 
623.6722070672359 
40.73393866823729 
580.0635449123517 
645.6023359072996 
637.9453839506147 
648.6619756167801 
172.7395895568354 
77.07697357852985 
288.7135665736286 
380.2244808646498 
76.11497033074399 
614.5201950017439 
632.5480746029893 
39.86255171462964 
36.32387718175755 
29.29083912325152 
650.4948651246283 
640.7589886799084 
38.43583662213072 
585.3654991239085 
244.5242769004023 
621.051110323159 
553.7383831189699 
624.5336642524792 
356.6111566190132 
40.50979036208886 
31.24573244712935 
46.9961998603841 
41.13029003449675 
519.8312293306351 
48.48557418496181 
596.3279478187485 
461.6063438719003 
34.13853364838862 
302.167418244354 
420.6502242143611 
98.9579873011878 
582.6090905077148 
639.9971703309926 
203.9557264388348 
120.5000177282694 
24.86217493013329 
582.0926926493765 
304.5680936464208 
333.1542981620402 
45.72697085774924 
110.8146660042606 
532.7399428271465 
512.5177389044612 
167.2273587825097 
52.77893012182849 
9.153487476151129 
586.9779650291938 
23.45701798808579 
592.975926557568 
599.0155589660936 
638.6594492924115 
646.3152259505118 
628.4532782687746 
607.3323296783741 
633.2120859798732 
41.26926297088992 
654.6972914489537 
645.464954014915 
356.5986388070733 
37.91184423426456 
33.82599440482363 
34.0034149081718 
559.2890966240204 
596.9659387135382 
36.27792444859836 
</DataArray>
<DataArray type="Float64" Name="Eta_u" NumberOfComponents="1" format="ascii">
2.852300866161675 
3.436530766599131 
2.919552400863622 
2.017006822403178 
1.344224200800505 
3.164964555214717 
4.021949263045068 
2.628276055407626 
1.661935097707745 
1.113002404418814 
3.241029495793954 
3.378364723495029 
1.94530050427562 
1.239063427860812 
0.8926965942534926 
2.574871774780929 
1.952716757827448 
1.486293252012136 
0.9903493862028021 
0.8019194198978568 
3.23944732464838 
3.376056438126097 
1.943268306664518 
1.237725677989244 
0.8928387430709387 
3.160045936107605 
4.017423117352551 
2.628979062195151 
1.663827902778754 
1.114173647864042 
2.717542302636173 
3.286567237892516 
2.994115938186759 
2.085610347695968 
1.427521976970692 
0.989646608531019 
0.809228138397053 
0.7237302905555885 
0.6978416393348953 
0.7223778838315457 
0.8069384109640866 
0.9288208005418336 
0.6829505839032605 
0.5933114606314488 
0.5854974824914576 
0.5897946445123249 
0.5842069305081721 
0.5910975163825081 
0.6463449387898956 
0.5257417472636187 
0.4960060408655039 
0.5217743640493023 
0.5353762540074499 
0.521317240544887 
0.4955371898274812 
0.4922592708858956 
0.4281388882985039 
0.4413326043958614 
0.4765944609452553 
0.4913781541407463 
0.4766050415677444 
0.442036721633104 
0.4506967965461963 
0.3946351650373344 
0.4070927209880661 
0.4415655281299238 
0.4547503688898683 
0.4416124334684931 
0.4078639060023976 
0.4011596244946017 
0.3538424315563915 
0.3828836465039147 
0.4127986071705604 
0.4238165846662476 
0.4128270589379878 
0.3830544486830725 
0.3839006185402727 
0.3463405562022946 
0.3635050684924918 
0.3884513112442225 
0.3975387762748914 
0.3885599581546997 
0.3634342342462812 
0.3817001942202894 
0.3201109329400185 
0.347399761660573 
0.3677257851166417 
0.3750861846552236 
0.367642500861718 
0.3466808907316093 
0.365689732822072 
0.3116827676454698 
0.3320796630711567 
0.3493519745582285 
0.3553744914229248 
0.3489864030958658 
0.3312401570259401 
0.3423399036242501 
0.3013504234603264 
0.3160626571774533 
0.3320833950125124 
0.337276976871328 
0.3315998452787414 
0.3158525339784171 
0.330104550308074 
0.2925153290421476 
0.3013626924036103 
0.3157614140738364 
0.3199695291515567 
0.3148183588179703 
0.3006592377516058 
0.3215071552395842 
0.2755799773064776 
0.2888716180278229 
0.2998240326860188 
0.3028688763118513 
0.2984137292132484 
0.2866352495298233 
0.2945583252885229 
0.2606448070790984 
0.2766867946925131 
0.2833858970087387 
0.2857591310940175 
0.2822114891604778 
0.2727761110843334 
0.2734740266297296 
0.2531237682183436 
0.2620057666137635 
0.2666284731096309 
0.2688183969130672 
0.2662434358234714 
0.2584919526910541 
0.2623233207923631 
0.2603187304834348 
0.2453368288305641 
0.2501779093880614 
0.2522388899133644 
0.2510578755436129 
0.2454403297287605 
0.2391575725907013 
0.2808851429758072 
0.2322957915228798 
0.2355409918554645 
0.237101287665773 
0.2381754463008033 
0.2365196212032896 
0.2344471905784221 
0.2926446608109533 
0.2301062371294173 
0.2282883119548332 
0.2282044924554849 
0.2327128788664383 
0.237445959057813 
0.2491765620966398 
0.2959159065251402 
0.2471193754217585 
0.2382514834994545 
0.2353023332306338 
0.2433307181048683 
0.2646674377266247 
0.3051894682666394 
0.4109938717488735 
0.2908825913001139 
0.2712091764583051 
0.2666028102444911 
0.2733909783641437 
0.3041011915738723 
0.4579966799051385 
0.5273648848530313 
0.3010411059833767 
0.2847855683969047 
0.279805771557957 
0.2833018652825638 
0.2968852656177222 
0.6142407869260943 
1.247143290837993 
0.9994314808439245 
0.7883205886669929 
0.9596892749248117 
0.5950790792747118 
0.664003137031512 
0.6204004025776163 
0.7088699372175091 
0.5111484896174001 
0.6143050560197139 
0.7587947511768314 
0.6742379412503993 
0.561128890963241 
0.7382252075944322 
0.7742293944792558 
0.5036774925352049 
0.6870045593886095 
0.7848286876209869 
0.4468836460578962 
0.636211267003256 
0.7626803094184784 
0.395022922918845 
0.5861825840513614 
0.7131199356602352 
0.3474217346172584 
0.5369686098951588 
0.6573821069930857 
0.3065595254839949 
0.4892566837467387 
0.5974876758908307 
0.2713292136136636 
0.4401744467863665 
0.5375410448621888 
0.2390471382387216 
0.3937675850965572 
0.4792543031540826 
0.2094844498247884 
0.3500752728122959 
0.4293676701008568 
0.1826780675011311 
0.3105332385343614 
0.3751729403101297 
0.1585537429161037 
0.2736962436488478 
0.3335008138581345 
0.1355647669064302 
0.237651976906371 
0.2927804491413429 
0.1130902871019558 
0.2018975767335906 
0.2570810832601665 
0.09185221401215397 
0.1681923572948016 
0.2198318202101264 
0.07325801281311765 
0.1383727301225176 
0.1845880766858271 
0.05714010598725049 
0.1108714761512802 
0.1403743543740001 
0.04287743585541121 
0.08557413956321293 
0.1078253322965809 
0.03047404598205023 
0.0619929228770963 
0.07997944727139371 
0.02061389203309175 
0.04118796395890027 
0.05909234198592953 
0.01197156888629003 
0.02437860786538026 
0.03955642633070494 
0.005419625598250952 
0.01011533492830887 
0.02990071269469919 
0.8227810323533642 
1.000903938068918 
1.248351920230986 
0.5218569628661761 
0.5979169813633213 
0.960933632252293 
0.509602518385832 
0.7111013857827414 
0.6214061923066246 
0.6917736272617634 
0.7627912079424076 
0.614046087958707 
0.7647212830661161 
0.73862460841432 
0.5631757382777473 
0.7661106767774605 
0.6862773951476908 
0.5036974031026134 
0.7340176358570526 
0.6333693770225657 
0.4452103193061534 
0.6806172358010103 
0.5801336219078693 
0.3918275356599915 
0.621765070663324 
0.5290913478652038 
0.3430170571795236 
0.5663487576046243 
0.4817464942610258 
0.3021916672134081 
0.5174435138477708 
0.4346490301321596 
0.2678304772877674 
0.4676302371966418 
0.3907742792943569 
0.2368223877377318 
0.4132542065879173 
0.3494471246294948 
0.2083148918789624 
0.3695413910769523 
0.3110369126546023 
0.1825500098272758 
0.3312188479717366 
0.274758404635886 
0.1592508913288321 
0.3090099253387908 
0.2402320481039036 
0.1374041828349877 
0.2830472861609426 
0.2078160075890281 
0.1154497925821287 
0.2341960772121479 
0.1729870872547966 
0.09447851444007832 
0.1797258593962524 
0.1386493992784787 
0.07416982930315068 
0.1372790905211346 
0.1074934894805051 
0.05625544150173271 
0.1090210711622699 
0.08417417004308524 
0.04219749975878292 
0.08253053309516856 
0.06222439727454891 
0.03046333651313388 
0.05900640027232513 
0.04126741538111868 
0.02050779989432779 
0.04141284266649511 
0.02458312235754095 
0.01201416308352037 
0.02735024972260985 
0.0109881435778522 
0.005712019229174263 
0 
0.2720554396846359 
0.5618391960764284 
0.4347348675649028 
0.355646491029405 
0.3009637759835861 
0.2553733437381311 
0.2168628533625409 
0.182738348149714 
0.1576480111218407 
0.1365906721996056 
0.1182983978263997 
0.1024741130820679 
0.08871791472746238 
0.07708351151804264 
0.06389203420478129 
0.05047690524628624 
0.03923401459353461 
0.02955462299195241 
0.02118283946969161 
0.01399293524171161 
0.008517970457943265 
0.005351902852831381 
0.003036195098070216 
0.001105695937926428 
0.6416270612250626 
0.9107536877662668 
2.761896704496653 
0.622028388196202 
0.8006282390381941 
0.6240732237081262 
0.389951630660504 
0.3958134955273655 
0.6097991809157155 
0.221580191969151 
0.2152709225810893 
0.2741498739389944 
0.6401756262057022 
0.3510042417695338 
0.7163882929767237 
0.4544724941721038 
0.5199636334824873 
0.5895876629802964 
2.411430444427853 
1.47887419870688 
2.158760592561527 
2.276138658850224 
0.5114123013135955 
0.3752335219141273 
0.6441853951163012 
1.778950853829559 
1.427109966126109 
0.4979388112886852 
0.7577120480238183 
2.244846805639391 
0.4794034089757759 
1.885772342666872 
0.2346177302286728 
0.1375911298305932 
0.2076110403231541 
0.3430010673764916 
0.4968371006119344 
1.461925138408102 
1.413322083878545 
1.899978392943316 
2.445802143751598 
1.323943382781768 
0.7448508626177277 
0.7859012335039995 
0.8648631475034489 
0.847763200036128 
0.7512171979001541 
0.6843953293438441 
0.5649026983631769 
0.5185816265695421 
0.4742278900551234 
0.3849440114077082 
0.3619632481662253 
0.3006811058240833 
0.2504466090166116 
0.2232118424373513 
0.1601927865651354 
0.1611722038380997 
0.2246119524653668 
1.268196564213904 
3.109885857390844 
1.769443388590267 
2.109858571726468 
2.408239621473324 
1.543894392102401 
0.8463649614587317 
2.640031350269441 
1.860286693807607 
0.8440379115339542 
0.5166405430778666 
0.4149755552480662 
0.5986514998146708 
0.1981554193385811 
0.4278570247639928 
0.4118005397760995 
0.7254918836720723 
0.6537103066083739 
1.462841624524762 
0.6496313259158479 
0.6655012465208116 
0.6955714851513853 
0.6360957504109667 
0.1493042684927829 
0.140689841471976 
0.1944339298991823 
0.1742123516032109 
0.1168603704906648 
0.3525418006094446 
0.3079438413919866 
1.929461846288439 
0.7579649180980332 
0.6978234635100317 
2.390010844592128 
1.350040102355886 
0.9556568317327474 
0.3547939273259372 
0.8631171845946756 
0.3422394938406503 
0.3603170391694036 
0.6779149374597268 
0.3080765146745605 
0.5200628935233871 
2.259091974534505 
2.235680764998591 
1.431325503592589 
1.420538977780432 
1.253724260746056 
0.372830225187646 
0.1055710920691152 
0.2000758394906955 
0.2138946874976696 
0.5222517476710513 
0.385894994948707 
0.7128668511891053 
0.5264885761017435 
0.3551493158015107 
0.3491289447330548 
0.4791556141045213 
0.8592625135512758 
0.5309559330874551 
0.4971672079178209 
0.8523808965809595 
0.7373356497736478 
0.2299978606291496 
0.3607755467691634 
0.2520901096249108 
0.2533389314266243 
1.146052872849509 
0.3857519335454548 
0.3579393766535445 
0.4455279365621513 
0.6338672167001254 
1.65907944744714 
0.3380464892803522 
0.4078110117317625 
0.3561666124696351 
0.6137410713433847 
0.3047690427570143 
0.616357408188012 
0.6657622218941206 
0.5587732101438956 
0.5562040738008588 
0.2591125575408854 
0.4181241277938933 
0.8740446463714774 
1.091345239683758 
0.1064617849257409 
0.501587165693168 
0.3973094565781303 
2.112720353659745 
0.3433729820866825 
0.6531219045131473 
0.833896381021955 
0.5467868060679875 
0.5218727948717348 
0.5701645158727862 
0.9775086968712371 
0.3301333132109258 
1.01512423379261 
0.7461777498521919 
0.4138525921993915 
0.2729777461111643 
0.3351898092226429 
0.2102251829168445 
0.6762406632288749 
0.9865693039427949 
0.6744032004846997 
0.6982156820403878 
0.8557978264147851 
0.3547773661050292 
0.3712738142990549 
0.3282365723483859 
0.5040308885822664 
0.5184652778185067 
0.9242466168910827 
0.4798673276114944 
1.172263643930897 
1.72935670824976 
0.405068887996236 
0.346002009535652 
0.3362444393198836 
0.3606440126379937 
0.5250079893825236 
0.6428764445908555 
0.4087204957081821 
0.9814509498048523 
0.4940600198814553 
0.7722497866933324 
1.103837404707718 
0.9005996732780231 
0.44828601813792 
0.4552701003940636 
1.525736535185091 
1.192098247530077 
0.6241769526650057 
0.9647831929817128 
2.366057795920465 
0.8253221026313527 
0.741530668598015 
0.2780735224637427 
0.4040612401542387 
0.1811201272980569 
1.508622007937031 
2.044871531813471 
0.2453818930011569 
0.3152022040178987 
2.441845032965242 
0.9813827232439758 
1.355889196208571 
0.3723239153869413 
0.3755744429520063 
0.2647006957117961 
1.110087448329554 
0.3170303023868601 
1.375174037899213 
1.140079883540839 
0.8940009166399543 
0.4140025103432526 
0.3995367683371031 
0.2872081403860694 
0.2838979127645368 
1.106276791438671 
1.599700467801772 
1.468214113279988 
1.494635779411876 
1.349188884885038 
0.4967922616283686 
1.480834306886208 
1.537830767378628 
0.5781909843735978 
1.086261695517325 
1.0349572721563 
2.566913706941889 
0.8831286787240233 
0.7528695565091224 
1.22963847308003 
0.7559220625269042 
0.5426237043994586 
1.788574522812323 
1.11900423423627 
0.3789556149805637 
1.142867118364999 
0.7697256783009864 
0.8198268694206894 
1.534590762338775 
1.436750139855891 
0.2824795250841389 
0.5777352634045633 
0.5641987552940317 
1.270864083946915 
1.200886325747172 
1.416863818198215 
1.488997401311512 
2.346631353796967 
1.099590504108061 
1.968557305996873 
1.628646436632833 
1.889629815358648 
0.4232686410894739 
0.4429201492387946 
1.380118371413872 
0.4711238020329872 
0.3977379663596054 
0.9631967674256561 
1.428645806948697 
0.8122301498292974 
0.4095984149943746 
0.490483037170774 
0.4168163664072686 
1.442501342007003 
1.858423710327282 
2.744616933516791 
1.185152473952226 
0.6986892003305043 
0.7560372284727999 
0.3560338201777214 
1.292822735222082 
0.4909106542444026 
1.91801432954799 
1.721656141416359 
1.644865289051576 
0.6015509110100413 
4.903557300580626 
2.49891065752047 
0.8614620457618519 
0.7947605170181605 
1.124161358435641 
0.6759457589803135 
1.667975437318036 
0.3458649617720886 
0.3352439375382837 
0.8074394756433351 
0.8736151429259339 
0.5437063022448683 
0.5198610449325929 
0.718548348664669 
0.4434271049200848 
0.4582217354281167 
1.756771323293051 
2.010351801624888 
0.3331545194020408 
1.773503373030455 
3.842691030795575 
0.5819125918207402 
0.5205426202353296 
2.701429813936582 
1.05946113914491 
3.510499265819048 
1.086700842560065 
0.6444422672825624 
1.161982368558866 
0.3872486272492918 
1.484682837994111 
0.6735561451380063 
1.45344475382721 
0.9111383780269195 
0.4526951699319223 
1.965983308806128 
2.770887036402398 
0.3564845626567792 
2.163707281618322 
2.3553314105957 
2.30237028363124 
0.5276510005530556 
1.74743344199224 
0.5917954492646578 
1.009849257505697 
2.132146468247668 
0.7130601889076461 
1.339768682773309 
0.7876531205473208 
0.4018869140350196 
2.537267443660982 
3.196673536590794 
2.291308148222162 
4.599098458110587 
1.99003949648387 
0.5143167264294362 
1.436796999765891 
1.547488574343673 
1.194440929911877 
2.614216053843581 
1.34852010940395 
3.268916644973944 
3.513300054595245 
2.861744341714819 
2.083814772501008 
0.7064627743559245 
2.541144032778497 
2.608322175880776 
3.735311944382146 
2.450903999636843 
3.23845216071777 
4.791685142516674 
1.638327314828837 
1.936868061782194 
2.746782871536505 
4.039955699673779 
2.188609341989663 
1.913886262431221 
4.803223083235155 
2.649733031772093 
3.863705917678715 
4.106921600171782 
0.4054954011718997 
0.6523367296977398 
1.859278329280615 
0.3608582855416258 
0.2440505526992069 
0.6626739268481037 
1.623423215818882 
1.558397714672943 
1.298457253718775 
0.9104296431700519 
2.652406868721132 
1.066602910710684 
1.505781835262889 
2.578993449142338 
3.057106855995908 
0.740131413047317 
0.5329568745213915 
0.3330969635850926 
1.884460600108229 
1.656263118469206 
1.278224095255251 
0.5334616151496444 
3.060476121486933 
0.4210734444236642 
1.834163798751238 
0.172822084890696 
0.292932205336601 
0.1292129714517032 
0.1474125257779998 
0.1490016281356564 
0.1408002041914699 
0.1608790943624589 
0.3721605186996952 
0.409558729152079 
0.3300429398742459 
0.3784500737969881 
0.1742652260947574 
0.4859518659784118 
0.5392928306627425 
0.5856991518706167 
0.6433002081800062 
0.7481499565715967 
0.7908385904828138 
0.6993209095449748 
3.275801089341619 
0.893054167683484 
1.560664604528948 
1.282360385426766 
0.2769239570109026 
0.4725753750613387 
0.1729076374321053 
2.505303559883533 
1.480254710837535 
1.845547774655433 
0.4508867815275841 
0.7676642189124763 
1.742773403673867 
2.822618040445532 
0.6040297230395079 
0.4600967065689686 
0.361935305724478 
0.2568679451698425 
1.233375099285591 
1.48765168539746 
0.2203914027108847 
0.3779107877920004 
0.294157047904466 
0.2451540119309295 
2.707860352629587 
3.176928578170933 
1.291696311121177 
0.8620736630219598 
0.6309198455071915 
0.557037439377246 
0.4615313754886038 
0.4436638115288647 
0.3655441390167716 
0.2528317576625052 
0.236917988552812 
0.2551555796279073 
0.3918793103268951 
0.8148783083148335 
1.16134875005103 
2.768797586881254 
2.395021493034965 
1.758703120091415 
0.9253329871215084 
1.957268212796764 
2.292998490773109 
2.786146394018303 
1.060235097101034 
1.031253893744036 
0.4324827600888485 
0.3904574519818829 
0.4203475115249536 
0.5171854814632908 
0.6861859565927998 
1.154941587661374 
0.5442933970760193 
2.398268255893509 
1.206123403875344 
0.5163942923551165 
0.5268792175724855 
0.5153858265713924 
0.1327551256744808 
0.3656943491502446 
0.3135093320252237 
0.3863406894054918 
0.3387777724318587 
0.1685043035434109 
0.1011690650910657 
0.5138950859539646 
0.4147591692706297 
0.3198250814233567 
0.4751689513327499 
0.2791141334325397 
1.004606151630576 
0.6001361726041141 
0.6639229170956138 
0.5486885380741028 
1.38724805973172 
1.070823889990695 
0.4274017896355932 
0.5472572306260249 
0.2020532883103525 
0.2632241916993175 
0.2530960885363205 
0.53479382634428 
0.5100146963849489 
2.05085796069495 
0.7072173533072853 
1.646252324424075 
0.8036081535575652 
1.898877218465854 
0.8185481774345412 
0.2195914023519893 
0.1752361650561541 
0.4044296594708381 
0.3582759822434528 
0.288680750070648 
0.6300130306231122 
0.4880319792188949 
1.202355140279555 
0.5490572405311875 
0.5632663130403953 
0.3910218332997689 
1.995543977167558 
0.3120501036226234 
0.3860954943160264 
0.3607289900420639 
0.1200690058338343 
0.551762782381476 
1.83887984519026 
0.2660269074686373 
0.4923309058567584 
0.4420247156655958 
0.4076874100302595 
0.7267256887675284 
0.3946666051008733 
0.7123490451581985 
0.9387804816561908 
0.4183406523189377 
0.3762905877595751 
1.497386939855354 
1.139880701433894 
0.4707221047690101 
0.2932792847619811 
0.5256565371627402 
0.2960035063483064 
1.391639284647155 
0.1319685449501891 
0.336109600096601 
2.255977531065113 
1.203321021859719 
1.115418213788469 
0.6296934757381795 
2.577919262167438 
1.297206760989975 
0.3798247894319973 
0.3091056684942322 
0.2524832368638002 
0.5195674925391319 
1.188649610175341 
0.8827370973065374 
1.424376605930103 
0.7038317968334346 
0.4282762231556613 
0.6961028251063671 
0.3649821491844913 
0.3692269132859791 
0.1302038472356173 
0.7964710535725447 
1.164884003263295 
0.7875810480749963 
1.048593568864321 
0.6572162726283771 
0.3946474582061418 
0.5169872469125921 
0.4625070284453974 
0.3813902037374774 
0.3662963726537841 
0.3629205637936255 
0.3594937621595715 
0.6980217530775502 
0.2283631861032163 
1.170471892166614 
0.3323684219398208 
0.2620373607071282 
0.117658018423618 
0.8352318600074807 
0.1616896636221284 
1.976990341958425 
1.502009776150384 
0.33853410505891 
1.123368735988982 
2.067873895939107 
0.9241421842108916 
0.2032906256107627 
0.3132572678238401 
1.297088949685545 
1.370313424327885 
0.5882551445064744 
2.201441208189349 
1.1138677281997 
0.3355628219414417 
1.743847833361916 
2.11402940696144 
0.4839961438949978 
0.2584817391646149 
0.2721311040880171 
0.662216124476787 
1.057898057232584 
0.3181157843294725 
0.4463045135728589 
0.4268460820363831 
1.336079703474474 
0.2178526594002868 
0.5481963896315336 
0.5056789072460173 
0.8524561437948607 
0.2402931562928584 
0.2011984902599427 
1.028998093696854 
0.3137963884807388 
0.1777901366013092 
0.8462758442504981 
1.468137980603769 
1.8855177042817 
2.992674648276373 
0.9458135123628837 
0.36292983030003 
0.9757860793721859 
2.141895254220533 
2.411280138354693 
1.05937198374315 
1.886538891358039 
1.809903715122174 
0.4354872341675159 
0.2594462461100839 
0.3004723175288188 
0.2212365099343617 
1.049068929034803 
0.5587286229290227 
0.7177511417263761 
2.143033831826176 
1.005342181209369 
0.4787737907579326 
3.650219160676602 
0.6475774871227542 
0.7606421886232169 
1.238286811181238 
1.376187320212023 
0.1583148581028673 
0.2680793742787013 
1.537166135899778 
1.696489883708715 
0.9649525909449116 
4.539290801692554 
2.43587967870827 
0.6424812861455332 
0.3472279277168358 
0.7767549577197573 
0.493628820720061 
1.762789513707267 
0.4762139855266568 
0.6818412328142092 
1.941812481684849 
1.524867800273418 
1.335487423493016 
0.124171074913271 
3.540023988655935 
3.038424172842238 
1.450382413553728 
0.663211918735423 
1.305533702134075 
0.2902694184582822 
0.3622168925503713 
0.3268010883665353 
0.5151351185066311 
0.6483566364536736 
1.536059325632088 
0.3775804471035819 
0.4881805330149057 
0.5657478715090005 
1.175949841582612 
1.633080722887325 
2.126590818070935 
1.30508285160792 
0.8685386692558176 
0.7670673870956435 
3.206113735475368 
2.145710912784704 
0.1298103713163261 
0.2664464221269367 
2.408136798048206 
4.811057136316491 
1.020243360047726 
3.41821212492906 
0.3284451361689462 
2.355596904820823 
2.358460264782953 
2.620727133887919 
1.76698311367862 
0.3599275055815195 
1.340805342064448 
3.922984210008383 
3.152217101177133 
0.2575048149300141 
0.4515092110648105 
0.7875140133480972 
4.086207545682545 
0.961231665260265 
2.155671354874761 
0.2025552836934109 
3.051780382333029 
0.7819006885474962 
0.4192790795651412 
0.3081911690590539 
3.360556776092343 
2.251357416592783 
3.15462478966028 
5.836013972864757 
2.4249457470487 
2.388527656014436 
2.103804870043319 
0.3046675502295046 
0.5770184540235683 
1.081605618860086 
0.6979967681469833 
2.404058445531487 
0.3793772185089773 
2.414924448578925 
4.786265597636583 
2.037166103450735 
3.623075391367676 
1.64919205738142 
3.983858578262302 
0.2931600665180542 
1.151023514864749 
2.012677972226355 
0.168470632041973 
5.246532434717989 
1.670220403293581 
2.300276288713589 
4.447976665588972 
0.5012892039845684 
4.560621724103638 
5.024019571848823 
2.733199221982573 
3.575905892405574 
1.233297684267951 
5.977196701244399 
3.268492441337599 
1.837151901531291 
3.770135374301877 
6.452092376501469 
6.285575152243553 
1.704692157559816 
3.176117237793231 
4.462911629286173 
4.671632311421452 
5.031294990790921 
1.66742672336797 
0.1268656324614344 
0.1854772723688008 
0.3109190011586598 
0.3574315711379278 
0.2201540326010989 
0.5120407522927379 
0.4081701299229828 
0.3156418425724128 
0.2643290687606289 
1.007648893268037 
0.1744637227761997 
0.7952578902233665 
0.7496306158435792 
1.426652294707501 
0.242287725312345 
0.3209307431900096 
0.3991942472754466 
2.216407376885705 
1.317913992150105 
0.4218024328325071 
</DataArray>
<DataArray type="Float64" Name="Eta_phi" NumberOfComponents="1" format="ascii">
0.008640674371463843 
0.003691514245570141 
0.002508851475408296 
0.00317100167696062 
0.002663336339332833 
0.01548520733833459 
0.007137574117706047 
0.005758443307999851 
0.004664538181079327 
0.003657361426703371 
0.0504296997549516 
0.0182537275449479 
0.01033397896098976 
0.006591284201166924 
0.004556344292295431 
0.05846596208011151 
0.0303397484628941 
0.01320408976735294 
0.007736039619168273 
0.004995010673165631 
0.05042032900379109 
0.01825122452238677 
0.01033457889263834 
0.006592861262159277 
0.004557946782000362 
0.01548784314263227 
0.007136975861082666 
0.005760196094055934 
0.004667920869099593 
0.003660776811582301 
0.008869405411531125 
0.004034840513721649 
0.003376837552059787 
0.003131943724695172 
0.002606896351862019 
0.002266251557668408 
0.002864186456861773 
0.003318645615970556 
0.003481619583431936 
0.003317394238480679 
0.00286160137783059 
0.00230595059818899 
0.001862201846970699 
0.002177876541986351 
0.0024543127229148 
0.002554530862778741 
0.002453676209829464 
0.002176752497648646 
0.001887040421021976 
0.001494043553439904 
0.001691820014534617 
0.001859052133808046 
0.001919079722792348 
0.001859169552189555 
0.001692350266195878 
0.001481427752138372 
0.001172066780114713 
0.001327493609379496 
0.001433446952172396 
0.001471056418747684 
0.001434106639913362 
0.001329132897228548 
0.001219028168208813 
0.0009655896044134464 
0.001051221348774981 
0.001120842002050429 
0.001145393859188617 
0.001121643609409352 
0.001053109021728718 
0.0009681345535450905 
0.0007668459067304286 
0.0008395321726715984 
0.0008864235631735167 
0.0009028140448789255 
0.0008869023459553657 
0.0008405952259704015 
0.0007831928705511461 
0.000635123473834095 
0.0006756122592667498 
0.0007074103549838049 
0.0007184857071846648 
0.0007073572371256168 
0.000675056367874044 
0.0006400522813504991 
0.000509329411842778 
0.0005455650090303166 
0.000568245378764664 
0.0005760479418144383 
0.0005679890225710903 
0.0005447307992925479 
0.0005190626532076271 
0.0004115763830032445 
0.0004411644498712139 
0.0004587421836489639 
0.0004646532193923518 
0.0004586761010021026 
0.0004412780847475867 
0.0004183495504543983 
0.0003366372196061885 
0.0003589512376428812 
0.0003725576447538145 
0.0003771568573725079 
0.0003726534857919574 
0.0003592988033923362 
0.0003402720628393059 
0.0002810479151721682 
0.0002949317528250562 
0.0003051624223677821 
0.0003086995463492079 
0.0003053071914159221 
0.0002951819976096369 
0.0002819241095097274 
0.0002354743764269416 
0.0002454113569513387 
0.0002531499492701361 
0.0002558851530811457 
0.0002533176629113473 
0.0002456329193071168 
0.0002338384937566103 
0.0001994917999360853 
0.0002082635054952122 
0.0002143095895850327 
0.000216463774299666 
0.0002144426209037812 
0.0002083501298568025 
0.0001985847007429452 
0.000174175122446697 
0.0001823283490312019 
0.0001873699166350179 
0.0001890816321248012 
0.0001874135872929255 
0.0001824508850210465 
0.0001749447626486531 
0.0001589857765759971 
0.0001674070958986674 
0.0001717489043800919 
0.0001731298530123298 
0.0001716667426319781 
0.0001675442873488701 
0.0001608322106308151 
0.0001576313108587856 
0.0001638935814657843 
0.0001677361643091632 
0.0001688781883156004 
0.0001673665651843619 
0.0001635647320334504 
0.0001577970941894185 
0.0001674020073970667 
0.0001728801862312371 
0.0001765830017389235 
0.0001776612421760104 
0.0001758176715227972 
0.0001713886937574469 
0.0001655281933179177 
0.0001898553505503514 
0.000196205777036663 
0.0002004062587059873 
0.0002017000775104554 
0.0001997366918322267 
0.0001940496854634446 
0.0001863759259184752 
0.0002306521503591457 
0.0002370801220904601 
0.0002418603827643743 
0.0002433963613654374 
0.0002419676115057573 
0.0002369655737341477 
0.0002287383965402345 
0.0002720985900623276 
0.0002768936721163813 
0.000281042826629001 
0.0002825975353855337 
0.0002815447102652573 
0.0002780629590035768 
0.0002747941024434431 
0.03482267468248714 
0.02108717356574066 
0.01167028229137196 
0.0115680445107248 
0.0132821334805803 
0.01121134688425037 
0.0102591156091357 
0.01082773206969552 
0.009732949610639119 
0.0100321336332455 
0.01029379179169755 
0.009123636707735614 
0.009960186757223811 
0.01010825500239183 
0.008872441605440285 
0.009932307999751916 
0.01003484181780472 
0.008746073481310897 
0.009921364865567661 
0.01000323719578291 
0.008694526103476685 
0.009916814710922067 
0.009987874660440767 
0.008699228534315609 
0.00991461009023268 
0.009978860128859804 
0.008733700491171689 
0.009913589101248557 
0.009973213341693708 
0.008775423656090083 
0.009913878305734054 
0.009971898829234382 
0.008798624670032592 
0.00991594301789407 
0.009975192852819458 
0.008805122011022548 
0.009919077351079131 
0.009984633963758335 
0.008796008919177298 
0.009920710900230185 
0.009990200282319533 
0.00880300090544167 
0.009919725528005168 
0.009983079363046226 
0.008830307001241754 
0.009919365483408533 
0.009977938555024945 
0.008823009399153817 
0.009921278352118708 
0.009988165061634276 
0.008763958905359233 
0.009922151673634859 
0.009991731013670294 
0.008696432632740198 
0.00992113876226223 
0.009982359657122141 
0.00865034667498382 
0.00992331628798015 
0.009985687278610638 
0.008611407949459965 
0.009932638667661987 
0.01001243190693164 
0.008601128029364424 
0.009946224817871226 
0.01005544142192701 
0.00871539623509611 
0.009941921474302487 
0.01007940253894996 
0.009076232025728329 
0.009910057745832404 
0.00995447303702362 
0.009862289180934373 
0.009875448594817482 
0.00983595372758927 
0.0105688909706354 
0.01153500534210926 
0.02108422059268988 
0.03482457524342929 
0.01117942476443804 
0.01327879907780768 
0.01156704501704348 
0.009778482208690707 
0.01082599498871313 
0.01025847699261061 
0.009191559229931357 
0.01029281903782511 
0.01003166376618483 
0.008931546098025394 
0.0101068921010419 
0.009959512195577076 
0.008786354338157385 
0.0100316396258205 
0.009931392659038663 
0.008687038111189165 
0.01000106781818903 
0.009921029026643415 
0.008611764117220909 
0.009991106549059428 
0.009917911977048688 
0.008566782855621062 
0.009985605873695553 
0.009917014245066214 
0.008549888527395424 
0.009981233910839361 
0.009916518994504608 
0.008555349781381456 
0.009979713612740944 
0.009916786907560347 
0.008573191029454974 
0.009981842514293775 
0.009918022284977328 
0.008602704821444257 
0.009985825327076066 
0.009919924885805806 
0.008650862349399751 
0.009990518454098445 
0.009921777103064482 
0.008737888597432091 
0.009992352946808482 
0.009922334969775142 
0.008866484661441769 
0.009985616124423637 
0.009919035434052361 
0.009005676795617697 
0.009960442554783679 
0.009911709075389611 
0.00901553306856114 
0.009941187856021346 
0.00991170166944844 
0.008713549437249515 
0.009996852898091853 
0.009922724015530272 
0.008425463116813742 
0.01002654751105933 
0.009931305894300808 
0.008482759255571497 
0.01000343979003604 
0.009933363628078954 
0.008619033131106664 
0.01003505810843171 
0.009939628292947009 
0.00892476637091829 
0.01006179685904779 
0.009937332952229004 
0.009594544580844147 
0.009960512865225962 
0.009913534043015582 
0.01013558729148119 
0.009875510890148568 
0.009887390727847939 
0.01079999954640001 
0.01079999949240001 
0.01079999954640001 
0.01079999949240001 
0.01080000127439997 
0.01079999760240005 
0.01080000192239997 
0.01079999706240006 
0.01080000570239987 
0.01079999760240006 
0.01079999760240005 
0.01079999760240005 
0.01079999706240007 
0.01080000570239986 
0.01080000570239987 
0.01079998950240023 
0.0108000057023999 
0.01080000516239986 
0.01079998950240023 
0.0108000057023999 
0.01079998950240023 
0.01080000570239987 
0.01080000516239988 
0.01079998950240024 
0.01080000570239987 
0.001404974360836887 
0.001828922631993722 
0.005587220058741918 
0.009379953146575144 
0.0006329469171096653 
0.0002923916150544488 
0.0002072112112247237 
0.0002031556158869672 
0.0002701146671244511 
0.0001466917908735604 
0.0001711949871017855 
0.0002778415130287357 
0.000980741189155746 
0.0004324758566635341 
0.001171704562240175 
0.0007282314800987785 
0.0009618233724564981 
0.001212859520989933 
0.00296648198489146 
0.001624434303506957 
0.0007080457679355661 
0.001059078974962395 
0.000339777735790546 
0.0003532679752320677 
0.0003131641513240237 
0.002061238640843273 
0.003432767962076842 
0.008303741544848709 
0.00743637918559664 
0.002471608151204152 
0.0006586623559932473 
0.0005603471642383755 
0.02142489662503857 
0.0083467605440538 
0.00618759722775661 
0.007168234915776563 
0.007632842756302471 
0.004269116916183032 
0.003236926355963296 
0.002542198515188615 
0.007908046304709627 
0.009233472171096819 
0.009320306539929039 
0.009022526798461576 
0.008601044578907629 
0.008549231823898194 
0.008733641618409223 
0.009109924329274469 
0.009575036874806056 
0.009548467487714735 
0.009362055196818739 
0.009593431669324779 
0.009750246442860528 
0.009076168456958602 
0.008559048990977395 
0.008540760678857734 
0.007958434843522733 
0.01053410795435733 
0.01534745773083604 
0.001919415181542754 
0.004361682304294789 
0.002429657827808409 
0.002791439641013112 
0.004476547615517433 
0.00693719540593384 
0.009635332473082115 
0.00347638430577278 
0.002020440184659997 
0.008837138790909707 
0.007226885732204274 
0.006487885244496366 
0.00822261637090661 
0.00404196200458545 
0.007768946669950613 
0.009286670625801161 
0.007749107179206585 
0.007843731080642348 
0.005853352889326963 
0.007816262521615115 
0.007597449319160083 
0.007588187470328229 
0.007951749451177329 
0.007104850688965527 
0.005750585272478344 
0.008324667246616882 
0.01125408125840198 
0.006267955762927843 
0.0005466707097265562 
0.000473303216094403 
0.001707829274436384 
0.001353625956251538 
0.001581518535897351 
0.00281459546973899 
0.00139866174259896 
0.001409069569894076 
0.0001966888391828787 
0.0009620764670338004 
0.0003661317588108267 
0.0005610171507822408 
0.001284180715117858 
0.0004003563039582437 
0.0005913344281910117 
0.002782948581056855 
0.003639453215554819 
0.004120319647579015 
0.002901351507543005 
0.002467409541001438 
0.009364250348593846 
0.005070290634571614 
0.007614194832051849 
0.00777483929378465 
0.008408214952999246 
0.006080408774905594 
0.007447142726754726 
0.006521834520792499 
0.006610895258347836 
0.007666457585772072 
0.006834294428711542 
0.005551101093862681 
0.006518183092618198 
0.006444848587654936 
0.006248861785204281 
0.006489890558617543 
0.0048782690008464 
0.01445236391230582 
0.007094204330419454 
0.004552093556822376 
0.00482190883793237 
0.0002568217149052478 
0.0001820460091053917 
0.0002143235118948077 
0.001144788147406246 
0.00185334215732688 
0.0004870605497212126 
0.0005761053371582478 
0.0004422578210322608 
0.0008819026603219668 
0.0003412799959149404 
0.0009977839399171913 
0.001073727676501971 
0.0003860871377371411 
0.0009457587337337493 
0.0002145465908162858 
0.0002573320401920041 
0.0003601917432699079 
0.001138979634304556 
0.005104855531845343 
0.0002186341025597673 
0.0003472798556049264 
0.002955154163542919 
0.005607839180439193 
0.001129431954218466 
0.001258520881361721 
0.006684707106792777 
0.007976420997906278 
0.006433839878757969 
0.005402442858654811 
0.004424635872496952 
0.00508285737439147 
0.005405010566252861 
0.006667371520976508 
0.007335549547908046 
0.007628876937757438 
0.006207735222595572 
0.0009466744346833876 
0.00441047285248371 
0.0009906656276052869 
0.0009604236595103982 
0.001181062750062639 
0.000451766523739392 
0.0006634827907500733 
0.0004292264185456371 
0.0003050087685555821 
0.0004434375872553892 
0.001182763378714012 
0.000265722266154653 
0.0004596680328423877 
0.0001541210366471086 
0.0005719824082554524 
0.0002775117764732043 
0.007926497252298256 
0.01106557932117615 
0.004492532945682452 
0.00298610791012097 
0.004755932067224009 
0.0009189328172214763 
0.0007594903019428479 
0.007786881001792921 
0.00789393085163117 
0.004770303439249402 
0.004947261294017656 
0.005204860023769897 
0.00123125061426325 
0.001639366740789632 
0.0005824288212311431 
0.00107259067964142 
0.003028545564644314 
0.004638177061216467 
0.0003648077883753202 
0.0005031471005846138 
0.008305799902426067 
0.006665712919168026 
0.0002826229209598969 
0.0003471915501700688 
0.007495284789876039 
0.00846749295434184 
0.0006845737693667007 
0.0003734512901947733 
0.0004184927173803957 
0.01828679431012453 
0.0004110477620723641 
0.006479232601184339 
0.005732905666906754 
0.008003997919111038 
0.001808376089047441 
0.001256779789913445 
0.0004176920238461385 
0.0006557255508511738 
0.004723705421727462 
0.003178451415043941 
0.00727703241484708 
0.004333702501132215 
0.003249249823759594 
0.004160737322804652 
0.001152847497322928 
0.005587553407174945 
0.004447781775065841 
0.001700564435385249 
0.0004014479399093935 
0.0004236983415886651 
0.004364056785893139 
0.002584841665139709 
0.000703103452193362 
0.0003698922090997693 
0.000304642717817165 
0.0002472902754746949 
0.0003122632445022758 
0.0004074606840311682 
0.001402636102114327 
0.0003033628386144141 
0.009830664352447078 
0.001347466390621109 
0.004162903272502679 
0.006419918250962613 
0.003606025915797503 
0.004910087170702976 
0.0005617451551773159 
0.01144973864639514 
0.0003458394720081648 
0.006222898556318045 
0.005416106072029682 
0.002545720449225759 
0.002713442396294047 
0.003429685442491435 
0.0007116728499429713 
0.001192164982321859 
0.0009658954462347938 
0.001128324797513866 
0.0002067610161768386 
0.0005396149337416993 
0.000292046384030341 
0.0003526593843367123 
0.0005235966969685007 
0.002301098977900086 
0.002819301951563543 
0.007883473056652227 
0.006825156757883909 
0.009583113647052277 
0.004610152005513409 
0.001834509981022481 
0.002579016682437719 
0.0008350440707239641 
0.0006324056145507354 
0.007648350713254874 
0.004268386327911735 
0.006482413374437153 
0.0008578047870502478 
0.005539152694767014 
0.004992957662785865 
0.00175087977288172 
0.002332548437542775 
0.000226681233929968 
0.002112278793086566 
0.0009182468561942375 
0.00039610715180365 
0.0003248927284276832 
0.0004624473377390049 
0.0003024114099533935 
0.0006203053563851657 
0.003553810970101064 
0.006649617032060286 
0.003930154924663406 
0.005634183880146647 
0.01081444794304632 
0.007270707813940319 
0.003857855449940586 
0.004484927887877971 
0.0004884153060226251 
0.003885398313520451 
0.004959504052737645 
0.005749803465894369 
0.001389785323119545 
0.002083351924949087 
0.0004324398535929425 
0.0002954713129191763 
0.002658993692623476 
0.0005201794098559849 
0.001509713308423319 
0.004020645686220166 
0.0004449748532933748 
0.0004302076578658906 
0.005513476155137238 
0.000585383248649117 
0.004398353021729816 
0.00305982124298984 
0.003699367441448438 
0.0004422636510762257 
0.002065728713115837 
0.002025266724925433 
0.005700463090864653 
0.003161041350910092 
0.003212437655496847 
0.001725216972674641 
0.002992542274185549 
0.001095762098296491 
0.0003264955558123715 
0.0004911404320623333 
0.004161631372668078 
0.000226691734057995 
0.003707283362115399 
0.004166073815321601 
0.004694177720675504 
0.001414187230595547 
0.00235339699036862 
0.002381984945505013 
0.001576902350772301 
0.002830506905987969 
0.0004041305419731207 
0.0005533996514248693 
0.0007870907533103296 
0.003691905528168091 
0.002547291724446652 
0.003956883561410315 
0.001722673375621461 
0.002479239925119565 
0.001355426841400563 
0.0007608676847361821 
0.0002980858491723475 
0.002578510779755656 
0.002482453178664919 
0.00119156349757563 
0.003798984955756672 
0.002381486928184125 
0.002814392598262817 
0.0006187421540143914 
0.001973189013983843 
0.0008420796854079438 
0.001289924330465728 
0.002103518638448401 
0.003083355382428825 
0.00281862746904438 
0.002443306788701773 
0.002474878900410412 
0.002362461109645677 
0.0001627647521021816 
0.0003440591386902263 
0.002576182997232996 
0.0002232379077321144 
0.008828286624711577 
0.004947959839020056 
0.002506391583741312 
0.002642498550299907 
0.003858937867670401 
0.003674379655175869 
0.004084826512927161 
0.0023655816394704 
0.002016647303241368 
0.002861041184531806 
0.003573250622456784 
0.0004170441244586232 
0.0005964245826984523 
0.004661769810778436 
0.00213128148810459 
0.002926077231014903 
0.001104951596614548 
0.009650368599303674 
0.00322031753947575 
0.0004697843099494829 
0.001621529926791817 
0.01823156343226844 
0.01542747716516711 
0.009394450543388812 
0.007392811892522932 
0.007528473906892324 
0.006255524103996546 
0.007735918813586301 
0.01238783333577633 
0.01098735525074368 
0.007494992369381299 
0.008947654091595503 
0.003105078358615915 
0.007980869741166532 
0.0078417105160498 
0.007772805917263969 
0.007838337670258716 
0.008454869014587996 
0.008852505307018588 
0.009117642468789489 
0.004926990432067994 
0.001867779824236654 
0.002361119953548965 
0.002507852402727375 
0.009432280519330335 
0.01308657133171149 
0.006785837581418113 
0.001710258066296485 
0.0004376626219922911 
0.0002348491265359413 
0.0006978728563138733 
0.00132730034635829 
0.002391055532526499 
0.004354551787583717 
0.007311601050061492 
0.006516671228006159 
0.006709427322236968 
0.006736266966013696 
0.002466200973466167 
0.0008362681738369247 
0.0001058292477950053 
0.000128131096698797 
0.0002150277013197868 
0.0001084579171820827 
0.001110272624310052 
0.001494709662252777 
0.002020310501111928 
0.001606974478159146 
0.00108803320432311 
0.0009020696403642683 
0.0006408065638618806 
0.0005554834165766758 
0.0002859382977260544 
0.000145790179738007 
0.000142028952872177 
0.0001841698614696183 
0.0003020655939415839 
0.0005741593331378853 
0.009083842255618793 
0.007607795503066814 
0.003507486835272139 
0.001461448625881863 
0.009799248380107418 
0.005715384109374675 
0.002701845135268853 
0.003256996485579497 
0.001491972655135472 
0.001933280370587282 
0.008115141863377667 
0.008424414654979685 
0.005351103636468282 
0.006409511499770569 
0.008030275665825086 
0.00790003602953481 
0.009367760342296935 
0.002645070279050291 
0.007115234354411539 
0.006323330120417097 
0.008020430511170353 
0.008218750683276495 
0.007908421864620875 
0.009174848724974267 
0.005199266832120032 
0.009849680981875384 
0.006985699198841639 
0.01392015546981129 
0.00536995139534458 
0.0007590150705321646 
0.0005434119593598715 
0.0002181908672345702 
0.0003832513145865649 
0.0001723164885111095 
0.0003085616308124125 
0.0009623257755419407 
0.001082274166898872 
0.0008344496816654044 
0.001649423997282978 
0.0009326752041128974 
0.0004658613052289747 
0.0006178666895465826 
8.242062217676515e-05 
0.0001760130224551414 
0.0001210909587473862 
0.0001878081788080183 
0.0004325209569756959 
0.003698952180141405 
0.008149196931233647 
0.004760173317151613 
0.0008698879827810638 
0.001891548906366777 
0.001264275085727878 
0.007918819749847003 
0.006816691591605683 
0.006646599782554174 
0.004583774134383596 
0.005142868327707289 
0.007837476083333305 
0.006532613034813931 
0.006320996164519333 
0.006715991187631902 
0.006965107339050081 
0.004319419569256673 
0.002969943987303952 
0.00498254321579776 
0.009824624778844491 
0.005425524901143404 
0.004079598800229129 
0.0037334248036167 
0.002893135936370608 
0.0001455182880885724 
0.000159257692869395 
0.0005142374289969006 
0.0003003135506782875 
0.0005772785072294808 
0.0005929247301395143 
0.0007795576169281641 
0.0009997173077876691 
0.0003641485520553776 
0.0004104591688808882 
0.001105054953751615 
0.001134205371715178 
0.000532582537275137 
0.0004624520080286288 
0.0002740106731287592 
0.0001709542536396439 
0.001313859415657983 
0.005837793631053732 
0.009790606091200908 
0.002145748912121076 
0.001461448980389389 
0.005626248104694419 
0.00697191566800251 
0.003259565776271398 
0.001204580621344912 
0.005321804009067828 
0.004067029545795259 
0.006525256708944276 
0.006697342702501524 
0.005030256664187415 
0.006591089861267961 
0.005161022160692652 
0.005534389024880855 
0.005379332322587444 
0.006486240783034001 
0.004883861060760541 
0.003898556522356877 
0.003330918871253473 
0.0008939339550941684 
0.005039412006819593 
0.0008246471119254383 
0.001108548219707724 
0.0005396181418469278 
0.0003860789806594539 
0.0004592865821572209 
0.0005806648471843539 
0.0003745149739210064 
0.0001750667360595827 
0.0003522020894073872 
0.0001949249772849322 
0.0002337444595539454 
8.618443386349015e-05 
0.00123947588126805 
0.008421458022991131 
0.007186902011811992 
0.008979103629790633 
0.005736728448007258 
0.004661435433584895 
0.0007514213623487458 
0.0005197257137070622 
0.0001810008057109898 
0.0009538374314417234 
0.004684374047921531 
0.002958162882034631 
0.00348962295773341 
0.003784090421174239 
0.004271541967797536 
0.004165135258075449 
0.005464867870924436 
0.0006549670549011636 
0.001098726561254754 
0.000298583011610301 
0.002637225396724851 
0.003425225328152964 
0.01114416914066615 
0.006013802096408141 
0.005457298357733988 
0.008090913463547457 
0.00407574433447181 
0.0004021575370092557 
0.0002270965964589161 
0.0005448442825915013 
0.003086204847654802 
0.004436902606685609 
0.01137418440726216 
0.01083499278082762 
0.0004779777864781585 
0.005374741455749082 
0.005124858370135002 
0.0009979952574497067 
0.002145645642286651 
0.003278131836009063 
0.005276186581859355 
0.002273816293926574 
0.0002507885801966698 
0.00373761389553969 
0.007350367392062254 
0.003439684761591375 
0.004382937619904176 
0.005275322486918331 
0.004431660762095914 
0.001145699139444045 
0.001313607310514074 
0.002556980134637008 
0.005170453947795767 
0.0100580915174861 
0.008763745986464995 
0.003578750156617644 
0.00216052279838332 
0.009322482580033263 
0.001042201492858594 
0.002144809810451535 
0.001572757983709395 
0.004267971936728564 
0.002065501078664207 
0.0007097836838319202 
0.0003784416780416531 
0.0007285280424886097 
0.0006024966779287579 
0.005211017748465806 
0.004686732906925721 
0.004770197651223596 
0.004732738520110302 
0.006177798548454571 
0.002832475359571982 
0.004402688911623666 
0.005680314026586693 
0.006326398936879547 
0.003925280301734711 
0.004176138360268008 
0.0004721519034543531 
0.0001867784388615981 
0.0006268609627334168 
0.0007082776069873492 
0.0005520523238525014 
0.0003743496607124301 
0.003031378742561619 
0.003096025543933207 
0.002834885880758344 
0.005723015411520638 
0.0006488906565809027 
0.0002971810162866943 
0.0002659686411943794 
0.0001733418485995651 
0.005593267958861037 
0.003594152828012675 
0.008515516192309339 
0.007420365943736248 
0.005266388416282067 
0.00266142555672167 
0.002171788030324297 
0.005961839583316503 
0.00256006260021136 
0.00066346791036367 
0.0002887294840267974 
0.0003710796494059899 
0.0002776099769590052 
0.0020371326917755 
0.001338712505362114 
0.002913976186628887 
0.005759523125366144 
0.00454482999127006 
0.002350301686730077 
0.007860372514811724 
0.004314428641558152 
0.00331395325086242 
0.005017340747225072 
0.004652236028381379 
0.001470025206915063 
0.00105628002812435 
0.005866479579557092 
0.0008922128045066413 
0.002645103655229255 
0.002299679588045529 
0.004557546395463477 
0.002216677390292426 
0.001825224723202418 
0.002213835039517607 
0.0007725184885180393 
0.0005560243275791525 
0.003784850662450922 
0.001690327878329015 
0.0006364405147966386 
0.0002748103085346628 
0.0003247115147287786 
0.00442019999579347 
0.002828933897113466 
0.004005432914484797 
0.00305544132248181 
0.005806201068358926 
0.001334932786734609 
0.001186977462361327 
0.002487729786396478 
0.003089616334778059 
0.002349353902444422 
0.000556835433747345 
0.0006534044223210561 
0.003503701132501329 
0.001317649059258882 
0.004184764197982274 
0.0009927458407124857 
0.001717433264692424 
0.0009698964558970265 
0.003368617717979135 
0.003118999885864632 
0.003447196466835153 
0.003041818206065883 
0.003743402499195393 
0.001691938624470047 
0.003601762996829309 
0.001273459298215928 
0.00229484618180345 
0.002714359211475511 
0.003741781381064917 
0.002194072200820012 
0.003044742469693579 
0.001234978768908323 
0.0008222638934216798 
0.003557340577218588 
0.004092018185430787 
0.002597668664914424 
0.001465319311311706 
0.0034407459386663 
0.003643339417314189 
0.002936228727587233 
0.002703763274249339 
0.001722526765946597 
0.001554267804779326 
0.004110941118570128 
0.002416234421553739 
0.005495194705951984 
9.056794215256801e-05 
0.009173094589305715 
0.0001209839010351889 
0.0001017197542101816 
0.0003309297060654368 
0.0003471065489800016 
0.0002068230444530043 
0.0001256691833377578 
0.0007483966384436247 
0.003941677756778737 
0.0006903649267168722 
0.00109588438513088 
0.003954001171420599 
0.004210613861643847 
0.006222675958399415 
0.004311206343045127 
0.00172007086188441 
0.00109336524766011 
0.003253390044406247 
</DataArray>
<DataArray type="Float64" Name="Eta_mix" NumberOfComponents="1" format="ascii">
2.852313954031049 
3.436532749307045 
2.919553478825875 
2.017009315018798 
1.344226839256758 
3.16500243718892 
4.02195559640743 
2.628282363654712 
1.661941643653379 
1.113008413505786 
3.241421809518747 
3.378414036722694 
1.945327952571531 
1.239080959134473 
0.8927082220216719 
2.575535463798828 
1.952952440956238 
1.48635190280209 
0.9903796004872355 
0.8019349762548957 
3.239839684112224 
3.376105771537562 
1.943295786854815 
1.237743236609902 
0.8928503771670599 
3.160083889961689 
4.017429456787403 
2.628985372595203 
1.663834450764375 
1.114179661850606 
2.717556776402191 
3.286569714630501 
2.994117842426351 
2.085612699301573 
1.427524357285332 
0.9896492033407952 
0.8092332071397093 
0.7237378992953187 
0.6978503243995361 
0.7223855010681455 
0.8069434849180521 
0.9288236629884781 
0.6829531227320974 
0.5933154577986784 
0.5855026265139863 
0.5898001766050504 
0.5842120832204029 
0.5911015243805462 
0.6463476934443756 
0.5257438701325412 
0.4960089261596342 
0.5217776758868571 
0.5353796935092252 
0.5213205557051817 
0.4955400796621204 
0.4922615000193478 
0.4281404926119648 
0.441334600889299 
0.4765966166202433 
0.4913803561130158 
0.4766071991794144 
0.4420387198723668 
0.4506984451345248 
0.3946363463333405 
0.4070940782519338 
0.4415669506648477 
0.4547518113571005 
0.441613857887579 
0.4078652655695804 
0.4011607927118049 
0.3538432625081114 
0.3828845669054887 
0.4127995589007915 
0.4238175462523492 
0.4128280116309455 
0.3830553710055853 
0.383901417432492 
0.3463411385503342 
0.3635056963400382 
0.3884519553777097 
0.3975394255465105 
0.3885606020113759 
0.3634348611832396 
0.3817007308543298 
0.3201113381374968 
0.3474001900445681 
0.3677262241701849 
0.3750866269949434 
0.3676429396185762 
0.3466813186921178 
0.3656901012025296 
0.3116830393881884 
0.3320799561122664 
0.3493522757506013 
0.3553747951905379 
0.3489867045168852 
0.331240450961107 
0.3423401592419552 
0.3013506114882392 
0.3160628610072107 
0.3320836039948901 
0.3372771877473444 
0.3316000546735566 
0.3158527383389563 
0.3301047256843992 
0.2925154640571443 
0.301362836722599 
0.3157615615334026 
0.3199696780647798 
0.3148185068596213 
0.3006593826538402 
0.3215072788467683 
0.2755800779091636 
0.2888717222726145 
0.2998241395568471 
0.3028689844068141 
0.2984138367314698 
0.2866353547777299 
0.294558418106189 
0.2606448834224042 
0.2766868730729823 
0.2833859780441644 
0.2857592130801271 
0.2822115706341824 
0.2727761906546633 
0.2734740987314181 
0.2531238281435136 
0.2620058300543955 
0.2666285389455879 
0.2688184634112303 
0.2662435017853763 
0.2584920170805273 
0.2623233791281346 
0.2603187790325245 
0.2453368859461889 
0.2501779683414733 
0.2522389493291478 
0.2510579342341978 
0.2454403869139122 
0.2391576266701033 
0.2808851872067479 
0.2322958493394733 
0.2355410515805617 
0.237101347808506 
0.2381755051052773 
0.2365196777597356 
0.2344472436818951 
0.2926447086905724 
0.2301063020723648 
0.2282883802490695 
0.2282045616116874 
0.232712945282722 
0.2374460209120569 
0.2491766170768906 
0.2959159674293526 
0.247119453312658 
0.2382515677857323 
0.2353024196788072 
0.2433308000812412 
0.2646675088635875 
0.3051895251755208 
0.4109939364705323 
0.2908826879146529 
0.2712092843020623 
0.2666029213494271 
0.2733910854421349 
0.3041012838995129 
0.457996737024822 
0.5273649550488673 
0.3010412333249389 
0.2847857070715075 
0.2798059142664976 
0.2833020051817562 
0.29688539583468 
0.6142408483936789 
1.247629354637932 
0.9996539170087173 
0.788406967247902 
0.9597589926953084 
0.5952272890755553 
0.6640977791610569 
0.6204852205907486 
0.7089526272414317 
0.5112411453964485 
0.6143869672743872 
0.7588645706336278 
0.6742996679284008 
0.5612172819807634 
0.7382944087198792 
0.7742802305985585 
0.5037754134817948 
0.6870778432397932 
0.7848774189096162 
0.4469937657225151 
0.6362899032801663 
0.7627298664395082 
0.3951473811698092 
0.5862676688044157 
0.713172993889386 
0.3475631758079473 
0.5370613239307134 
0.6574401205577115 
0.306719777506832 
0.4893583222703127 
0.5975521156365947 
0.2715102707878101 
0.4402873861126892 
0.5376130492348727 
0.2392527120558022 
0.3938939140748755 
0.4793351825866054 
0.2097191522343417 
0.3502176316949129 
0.4294577579934311 
0.1829472515527734 
0.3106938949131757 
0.3752762022376178 
0.1588637477439609 
0.2738782497042405 
0.3336176961220347 
0.1359271857944105 
0.237861349078227 
0.2929133607302064 
0.1135246440247359 
0.202144490234571 
0.2572304226679175 
0.09238656998053965 
0.1684888831378253 
0.2200037661437483 
0.07392675723759952 
0.1387323320134252 
0.1847906560196435 
0.05799537842264253 
0.1113202505135076 
0.140638244132915 
0.0440128596712056 
0.08615789084393366 
0.1081678403604584 
0.03205612058006628 
0.06280313996159281 
0.08045290620836748 
0.02288611691294879 
0.04240333395644567 
0.05978530646544272 
0.01554116167231138 
0.02633264238352867 
0.04076733510967896 
0.01126484915895901 
0.01410907461328143 
0.031713626030464 
0.822861886071235 
1.001125984878961 
1.248837566613558 
0.5219766941444544 
0.5980644138448425 
0.9610032477177231 
0.5096963267078624 
0.7111837899092125 
0.6214908625130587 
0.6918346884451332 
0.7628606485053366 
0.6141280260786914 
0.7647734391896649 
0.738693753475112 
0.5632637961629164 
0.7661610595005297 
0.6863507098300999 
0.5037953021341749 
0.7340690392465289 
0.6334483318372991 
0.4453208452718496 
0.6806717154037023 
0.580219649338091 
0.3919530363185957 
0.621824085144234 
0.5291855692575932 
0.3431603833306482 
0.5664132906580956 
0.4818498830166626 
0.3023543303513074 
0.517514235584887 
0.4347635841220138 
0.2680140056541136 
0.4677088179038482 
0.3909017453760014 
0.2370299780615227 
0.4133437380593227 
0.3495897733333808 
0.2085509508208578 
0.3696426343625385 
0.311197319224778 
0.1828194402923862 
0.3313340850997155 
0.2749400444378207 
0.159559703936426 
0.3091371030920369 
0.2404394923168418 
0.1377617389716489 
0.28319051611525 
0.2080545683856284 
0.1158744863378117 
0.2343695424283383 
0.1732725009136976 
0.09499700795703113 
0.1799369625160903 
0.1390093269825773 
0.07483063564307663 
0.1375374026330389 
0.10796009418154 
0.05712534932340497 
0.1093505883018317 
0.084766501107897 
0.04335090193825415 
0.08297937469689577 
0.06302839048730731 
0.03204389305490812 
0.05967752280275485 
0.04247633845178436 
0.02278860335143967 
0.0425097497456017 
0.02652436090434908 
0.01557620851874591 
0.02916789827245623 
0.01477379486215161 
0.01141874157162644 
0.01079999954640001 
0.2722697233462369 
0.5619429884232114 
0.4348689975908944 
0.3558104363408354 
0.3011574910283821 
0.2556016133233856 
0.2171316124038385 
0.1830572151204589 
0.1580175159875761 
0.1370169758831071 
0.1187903652511641 
0.1030416604510248 
0.08937286230596599 
0.07783641738366484 
0.06479839356092786 
0.05161935767146304 
0.04069334113382127 
0.03146610102075561 
0.02377714892855312 
0.01767602924671404 
0.01375485164930047 
0.01205333877620673 
0.01121865651161051 
0.01085645829352357 
0.6416285994633226 
0.9107555241324909 
2.761902355865872 
0.6220991072514065 
0.8006284892303044 
0.6240732922039762 
0.3899516857141052 
0.3958135476632856 
0.6097992407402709 
0.2215802405260165 
0.2152709906527978 
0.2741500147303897 
0.6401763774469837 
0.351004508198359 
0.7163892511796121 
0.4544730776185774 
0.5199645230672091 
0.5895889104849117 
2.411432269073481 
1.478875090867285 
2.158760708676486 
2.276138905242993 
0.5114124141862197 
0.3752336882082181 
0.6441854712370738 
1.778952047989392 
1.427114094707338 
0.4980080440226167 
0.757748538405612 
2.244848166276782 
0.479403861450546 
1.885772425918952 
0.2355939420550704 
0.1378440692218528 
0.2077032268009221 
0.3430759621617642 
0.4968957283304173 
1.461931371736988 
1.413325790633931 
1.899980093691709 
2.445814928316587 
1.323975580522528 
0.7449091727562304 
0.7859530232863393 
0.864905915043608 
0.8478063061220262 
0.7512679647881161 
0.6844559573478441 
0.5649838404318767 
0.5186695254657593 
0.4743202924012871 
0.3850635348223093 
0.3620945461184701 
0.3008180583566297 
0.2505928197046944 
0.2233751803519148 
0.1603903536770888 
0.1615160881163979 
0.2251356783122213 
1.26819801673027 
3.109888916066313 
1.769445056695168 
2.109860418326985 
2.408243782077 
1.543909977506896 
0.8464198057801503 
2.640033639113966 
1.860287790997988 
0.8440841730115599 
0.5166910862683614 
0.415026269178695 
0.5987079669173762 
0.1981966388970696 
0.4279275524808569 
0.4119052400870849 
0.7255332672842277 
0.6537573625461358 
1.462853335157798 
0.6496783462383439 
0.6655446118457509 
0.6956128747692848 
0.6361454503572473 
0.1494732199876536 
0.1408073177231417 
0.1946120581588074 
0.17457547879382 
0.1170283446890601 
0.3525422244580275 
0.3079442051203226 
1.929462602115839 
0.7579661267963019 
0.6978252556521696 
2.390012501895258 
1.350040826872936 
0.9556578705344949 
0.3547939818456083 
0.8631177207853907 
0.342239689686584 
0.3603174759237318 
0.6779161537765082 
0.3080767748130243 
0.5200632297099304 
2.259093688674512 
2.235683727320211 
1.431331434109018 
1.420541940681107 
1.253726688753608 
0.3729478059971154 
0.1056927780304058 
0.200220672036748 
0.2140359443312499 
0.5223194291084368 
0.3859428953839318 
0.7129057493519482 
0.5265289689002477 
0.3552108394325799 
0.3492131077470187 
0.4792043510948323 
0.8592804442775425 
0.5309959412195154 
0.4972089789033576 
0.8524038016866015 
0.7373642106222611 
0.2300495890073059 
0.3610649054799462 
0.252189910793 
0.2533798250298036 
1.146063016666821 
0.3857520190374254 
0.3579394229473438 
0.4455279881128638 
0.6338682504646105 
1.659080482622426 
0.3380468401608723 
0.4078114186570103 
0.3561668870488601 
0.6137417049590389 
0.3047692338394124 
0.6163582158136893 
0.6657630877365608 
0.5587733435282969 
0.5562048778752786 
0.2591126463637356 
0.4181242069806326 
0.8740447205885594 
1.09134583403017 
0.1065841038784664 
0.5015872133427809 
0.3973096083531171 
2.112722420410284 
0.3434187716001775 
0.6531228810655924 
0.8338973307046392 
0.5468276662707681 
0.5219337480170942 
0.5702008150257539 
0.9775236257235654 
0.3301629626324361 
1.015136958972592 
0.7461973254533291 
0.4139062960540158 
0.2730762899980537 
0.3352766141114575 
0.2103168169904979 
0.6762413258569117 
0.9865791624360172 
0.6744039281042125 
0.6982163425906971 
0.855798641390304 
0.3547776537402179 
0.3712744071351844 
0.3282368529923713 
0.5040309808686148 
0.5184654674520909 
0.9242473736851091 
0.4798674011821599 
1.172263734053411 
1.729356715117427 
0.4050692918333634 
0.346002120825141 
0.3363378544443572 
0.3608137343524309 
0.5250272105022253 
0.6428833796655736 
0.4087481651356617 
0.9814513800032935 
0.4940606036416815 
0.7722890446999967 
1.103865630489581 
0.9006123068798164 
0.4483133161665653 
0.4552998516150514 
1.52573703198706 
1.19209937475346 
0.6241772244014553 
0.964783789203962 
2.366059734183447 
0.8253351354318368 
0.741530758334502 
0.2780739776613382 
0.404146597297318 
0.1812427439683727 
1.508622034410102 
2.044871561287688 
0.2454963394979904 
0.3153159175409209 
2.441845128925721 
0.9813827942997718 
1.355889260792075 
0.3727727254175163 
0.3755746678877218 
0.2647799818064219 
1.110102251662524 
0.3171313239246371 
1.375175226920593 
1.140080576253246 
0.8940010142162621 
0.4140030296344617 
0.3995646914407819 
0.2872257273598971 
0.2839911619625288 
1.106285279777874 
1.59970376767376 
1.4682200087758 
1.494636224020915 
1.349200455028982 
0.4968121717274528 
1.480835283335238 
1.537830819777256 
0.578191139616645 
1.086270461781873 
1.034960500017099 
2.566913803235437 
0.8831287561873894 
0.7528696181447543 
1.22963849794607 
0.7559221270231893 
0.542623857382257 
1.788575072799955 
1.11900427535721 
0.3790831044598371 
1.142867912711522 
0.7697369353224319 
0.8198520056537504 
1.534594999105108 
1.436758529931855 
0.2824800836331299 
0.5778487095219741 
0.5641988612894173 
1.270879319342586 
1.200898539249477 
1.416866105181371 
1.488999873701161 
2.346633860099445 
1.099590734411156 
1.968557666986419 
1.628646723052865 
1.889630152227998 
0.4232686915894532 
0.4429204779483477 
1.38011840231379 
0.4711239340244334 
0.3977383110003054 
0.9631995161106236 
1.428648588763377 
0.812268407263977 
0.409655274994322 
0.4905766462230333 
0.4168418606695737 
1.442502508531224 
1.858425499834112 
2.744617060547011 
1.185152642680234 
0.6987310612296497 
0.7560492774672012 
0.3560928288992902 
1.292823019804397 
0.4909419035519818 
1.918020828348235 
1.721657031715854 
1.644866942919378 
0.6015509537199591 
4.903557755528047 
2.498910826229434 
0.8614621368284684 
0.7947605834251336 
1.12416145355434 
0.6759458266282388 
1.667975552661078 
0.3458832192431711 
0.3353098791608231 
0.8074490404631836 
0.8736333109362847 
0.5438138425831959 
0.5199118860254331 
0.7185587049207568 
0.4434497851572006 
0.4582219957272524 
1.756775619897109 
2.010357919122086 
0.3332041326843069 
1.773503917574936 
3.842691595550181 
0.5819127525014024 
0.5205427040932946 
2.70143112254836 
1.059461266845017 
3.510499590450104 
1.086708280456392 
0.6444424209057855 
1.161982448198036 
0.3872878744884407 
1.484682953397053 
0.6735705057100368 
1.453447974622373 
0.9111458880075093 
0.4526953859681244 
1.96598439407321 
2.770887776545303 
0.3565301371441768 
2.163709590659193 
2.355333601317321 
2.302370930002766 
0.5276594865004357 
1.747433785551666 
0.5917955393290035 
1.009849376938824 
2.132150529685155 
0.7130602249418699 
1.339773811988447 
0.7876641381191396 
0.4019143279071605 
2.537267837771065 
3.196674402878292 
2.291309386346931 
4.599098728448456 
1.990041509450273 
0.514316885204624 
1.436797106340154 
1.547488774510519 
1.194446635566101 
2.614217294883621 
1.348525914617275 
3.268917098886305 
3.513300929361098 
2.861744662704677 
2.083814911409615 
0.706462837243293 
2.541145340991657 
2.608323357209609 
3.735312134436358 
2.450906943913328 
3.238453036364366 
4.791685969032272 
1.638327431668078 
1.936869066877469 
2.74678300061445 
4.039955905604842 
2.188610352857513 
1.913888746140528 
4.803223910248598 
2.649734158252898 
3.863706710314732 
4.106922279661505 
0.405495433838563 
0.6523368204305449 
1.859280114036438 
0.3608583545924979 
0.244210177751699 
0.6626923989535827 
1.62342515061782 
1.558399955048908 
1.29846298797323 
0.9104370578071822 
2.652410014128034 
1.066605533978236 
1.50578318567914 
2.578995036109172 
3.057108944263713 
0.7401315305438756 
0.5329572082464905 
0.3331295832665979 
1.884461805322954 
1.656265703179687 
1.278224572838879 
0.5335488960275053 
3.060477815740012 
0.4210737064886698 
1.834164515524405 
0.1737810775980854 
0.2933381734023827 
0.1295540338715505 
0.1475977859723095 
0.1491916991874655 
0.1409390970674046 
0.1610649789456894 
0.372366633969239 
0.4097060831865596 
0.3301280313324698 
0.3785558332276609 
0.1742928872256986 
0.4860173971471862 
0.5393498397404517 
0.5857507260036365 
0.6433479598023704 
0.7481977294326252 
0.7908881356089839 
0.6993803442555414 
3.275804794575901 
0.8930561208671671 
1.560666390589909 
1.282362837669416 
0.2770845464517492 
0.4727565371981491 
0.173040742815193 
2.505304143641597 
1.480254775538754 
1.845547789597911 
0.4508873216035542 
0.7676653663704724 
1.742775043916901 
2.822621399403371 
0.6040739738021328 
0.4601428543392861 
0.3619974888654116 
0.2569562580448561 
1.233377564934997 
1.48765192044724 
0.2203914281198365 
0.3779108095134993 
0.294157126496678 
0.2451540359222139 
2.707860580245692 
3.176928929793073 
1.291697891079249 
0.8620751607853417 
0.6309207836734118 
0.557038169785155 
0.4615318203476927 
0.4436641592715667 
0.3655442508510057 
0.2528317996959407 
0.2369180311249733 
0.2551556460942834 
0.3918794267448931 
0.8148785105897595 
1.161384275524348 
2.768808038790677 
2.39502406137461 
1.758703727309226 
0.9253848725390039 
1.957276557474737 
2.293000082567572 
2.786148297727043 
1.060236146859389 
1.031255705892204 
0.4325588899809265 
0.3905483229646024 
0.4203815704278069 
0.5172251966736362 
0.6862329432142156 
1.154968606274233 
0.5443740047379044 
2.398269714528221 
1.206144390997929 
0.5164330059947304 
0.5269402596266288 
0.5154513537604409 
0.1329904753327696 
0.3658094242218852 
0.3135524416146261 
0.3864662268630409 
0.3388497883829779 
0.1690782985511555 
0.101311480639603 
0.5138956464804016 
0.4147595252560458 
0.3198251558503666 
0.4751691058899299 
0.2791141866239868 
1.004606199017444 
0.60013694415426 
0.6639237992135254 
0.5486891725924318 
1.38724904030565 
1.070824296165268 
0.4274020435263074 
0.5472575794191545 
0.2020533051206671 
0.2632242505475951 
0.2530961175036182 
0.5347938593213911 
0.5100148797858841 
2.050861296429644 
0.7072643029515809 
1.646259206480461 
0.8036086243746404 
1.898878160590058 
0.8185491537915738 
0.2197341386611189 
0.1753686996811082 
0.4044842725599693 
0.3583053033905945 
0.2887265567210403 
0.6300617785473702 
0.4880756988146147 
1.202371755468824 
0.5490983135262343 
0.5633093751451018 
0.3910456897889651 
1.995546187232209 
0.3120898795343856 
0.3862204732833073 
0.3607697888920584 
0.120138292348011 
0.5517754130822724 
1.838882121094906 
0.2660269472683155 
0.492330931614853 
0.4420250147891906 
0.4076875206397783 
0.7267259180496547 
0.39466705048887 
0.7123494717116559 
0.9387810139608305 
0.4183408108071723 
0.3762908116247005 
1.497387347614448 
1.139881265712904 
0.470722406055125 
0.293279649366196 
0.5256566085799477 
0.2960035557148743 
1.39163990486038 
0.132097602895544 
0.3362521661561901 
2.255978551517952 
1.203321909333758 
1.115432403294254 
0.6297320708009962 
2.577921322892333 
1.297207320274047 
0.3798620700530286 
0.3091324231208893 
0.252567543188628 
0.5196106558786836 
1.188660253921237 
0.8827617036475532 
1.424385956007255 
0.703853555575064 
0.4283100051793264 
0.6961330436350232 
0.3650148234280233 
0.3692474945583923 
0.1302464466136518 
0.7964715552340055 
1.16489490372827 
0.7875814798036892 
1.048594154829584 
0.6572164941594789 
0.3946476470543664 
0.5169874509254804 
0.4625073929496224 
0.3813903876192742 
0.366296414489252 
0.3629207346936721 
0.3594938150057512 
0.6980217922142036 
0.22836320236625 
1.170472548440395 
0.332475095094354 
0.2621358998055875 
0.1180001423785876 
0.8352515609233198 
0.1617568431397526 
1.976990484759842 
1.502009866068178 
0.338534153445895 
1.123369140934238 
2.067879201710439 
0.9241469187124491 
0.2033205742899681 
0.3132801225497282 
1.297095983135841 
1.370319754380317 
0.588280528165925 
2.201441305621394 
1.113868270095174 
0.335562954780647 
1.743849827502025 
2.114032181795321 
0.4841244259599625 
0.2585516878637978 
0.2721858187296474 
0.6622655497591053 
1.057905908475965 
0.3181160385303451 
0.4463045713505188 
0.4268464297673145 
1.336083267875472 
0.2178978368697555 
0.548314374858054 
0.5057949725947133 
0.8524562777975 
0.2403532583654738 
0.2012637489867318 
1.028998577659996 
0.3138037240358645 
0.1778203554744125 
0.8462922915321515 
1.46813974141832 
1.885517720960119 
2.992676982267505 
0.945842073535013 
0.3629461298221373 
0.9757959227413906 
2.141901750566488 
2.411284210797421 
1.059372603273473 
1.886539348693948 
1.809905521335425 
0.4355179269753418 
0.2596411366205062 
0.3006000945523049 
0.2212654532018507 
1.049071153795104 
0.5588063911245262 
0.7177518983837439 
2.143034905119538 
1.00534341142044 
0.4787928135437847 
3.650219745065399 
0.6475778761053367 
0.7606422827660984 
1.23828702549066 
1.376187452098949 
0.1584005965964328 
0.2681203393608938 
1.53717353741947 
1.696496485212955 
0.9649723664262119 
4.539291685411644 
2.43588365748727 
0.6425063960885209 
0.3472855555735607 
0.7767648757298885 
0.4936464856322611 
1.762789576938701 
0.4762140221553415 
0.6818415209711617 
1.941812610857248 
1.524867900203969 
1.335487475959877 
0.1242080718077453 
3.54002534251291 
3.038425495333068 
1.45039370463724 
0.6632122361746694 
1.305533735958003 
0.2902695403093949 
0.3622169340274468 
0.326848949828528 
0.5151476567484239 
0.6484125554379269 
1.5360772486083 
0.3776171723874485 
0.4881877876398706 
0.5657520400141861 
1.17596495417567 
1.633082729498633 
2.126590921567492 
1.305082883546396 
0.868538748526957 
0.7670674373306672 
3.206114382662201 
2.14571133039711 
0.1298430735869214 
0.2665086639696304 
2.408141086729246 
4.811057710402138 
1.020273639362277 
3.418214847739466 
0.3284618543441331 
2.355602248196757 
2.358464853217054 
2.620727546173103 
1.766983429393974 
0.3599753114545386 
1.340805638917233 
3.922985101749488 
3.152217940035202 
0.2575451435016541 
0.4515146524034632 
0.7875161285109767 
4.086208145390853 
0.9612319756873662 
2.155671426583986 
0.2025906415574402 
3.051780850454545 
0.7819009475678984 
0.4192791696253197 
0.3081913401177167 
3.360559683074854 
2.251359193934705 
3.154627332512036 
5.836014772701861 
2.424952698116074 
2.388528029057093 
2.103805204892668 
0.3046777067038838 
0.5770267255620358 
1.081608170371076 
0.6979969902580768 
2.40405853432661 
0.3793933972082727 
2.414924808051644 
4.78626742706369 
2.037166345341723 
3.623075798421978 
1.649192342581391 
3.983860002457348 
0.293176657940495 
1.151028676851746 
2.012680270818788 
0.1685122159455891 
5.246532707532107 
1.670224286817449 
2.300276641214388 
4.447977257579335 
0.5012965527284335 
4.560623259083559 
5.024020050942557 
2.733200917880507 
3.575906105662376 
1.2332979583777 
5.977197759823486 
3.268495002855878 
1.837153738036785 
3.770135659060963 
6.452093293935 
6.285576208147004 
1.704694686295784 
3.176118388622053 
4.462911961703505 
4.671632569976511 
5.031296670262518 
1.667428474025326 
0.1269845890834635 
0.1854772944808137 
0.3110542893866649 
0.357431591613321 
0.2201540561003456 
0.51204085923194 
0.4081702775120954 
0.3156419103323884 
0.2643290986338904 
1.007649171190959 
0.1745082444713399 
0.7952581898768802 
0.7496314168793951 
1.426657774001685 
0.2423243097712695 
0.3209910647051957 
0.3992175266166839 
2.216408044326933 
1.317914445687804 
0.4218149794521322 
</DataArray>
</CellData>
</Piece>
</UnstructuredGrid>
</VTKFile>
