<?xml version="1.0"?>
<VTKFile type="UnstructuredGrid" version="0.1" byte_order="LittleEndian">
<UnstructuredGrid>
<Piece NumberOfPoints="1157" NumberOfCells="1117">
<Points>
<DataArray type="Float64" NumberOfComponents="3" format="ascii">
0 -0.0599999987 0
0.0198084321 -0.0599999987 0
0.0396168642 -0.0599999987 0
0.0594252981 -0.0599999987 0
0.0792337283 -0.0599999987 0
0.0990421623 -0.0599999987 0
0 -0.043333333 0
0.0198084321 -0.0432380959 0
0.0396168642 -0.0431428589 0
0.0594252981 -0.0430476181 0
0.0792337283 -0.0429523811 0
0.0990421623 -0.042857144 0
0 -0.0266666673 0
0.0198084321 -0.0264761914 0
0.0396168642 -0.0262857135 0
0.0594252981 -0.0260952376 0
0.0792337283 -0.0259047616 0
0.0990421623 -0.0257142857 0
0 -0.009999999779999999 0
0.0198084321 -0.00971428584 0
0.0396168642 -0.00942857098 0
0.0594252981 -0.009142857040000001 0
0.0792337283 -0.00885714311 0
0.0990421623 -0.008571428250000001 0
0 0.009999999779999999 0
0.0198084321 0.00971428584 0
0.0396168642 0.00942857098 0
0.0594252981 0.009142857040000001 0
0.0792337283 0.00885714311 0
0.0990421623 0.008571428250000001 0
0 0.0266666673 0
0.0198084321 0.0264761914 0
0.0396168642 0.0262857135 0
0.0594252981 0.0260952376 0
0.0792337283 0.0259047616 0
0.0990421623 0.0257142857 0
0 0.043333333 0
0.0198084321 0.0432380959 0
0.0396168642 0.0431428589 0
0.0594252981 0.0430476181 0
0.0792337283 0.0429523811 0
0.0990421623 0.042857144 0
0 0.0599999987 0
0.0198084321 0.0599999987 0
0.0396168642 0.0599999987 0
0.0594252981 0.0599999987 0
0.0792337283 0.0599999987 0
0.0990421623 0.0599999987 0
0.5 0.008571428250000001 0
0.5 0.0257142857 0
0.5 0.042857144 0
0.479952097 0.0599999987 0
0.459904224 0.0599999987 0
0.439856321 0.0599999987 0
0.419808447 0.0599999987 0
0.399760544 0.0599999987 0
0.379712641 0.0599999987 0
0.359664768 0.0599999987 0
0.339616865 0.0599999987 0
0.319568962 0.0599999987 0
0.299521089 0.0599999987 0
0.279473186 0.0599999987 0
0.259425282 0.0599999987 0
0.239377409 0.0599999987 0
0.219329506 0.0599999987 0
0.199281618 0.0599999987 0
0.17923373 0.0599999987 0
0.159185842 0.0599999987 0
0.139137954 0.0599999987 0
0.11909005 0.0599999987 0
0.5 0.0599999987 0
0.439856321 -0.0599999987 0
0.5 -0.008571428250000001 0
0.5 -0.0257142857 0
0.419808418 -0.0599999987 0
0.5 -0.0599999987 0
0.17923373 -0.0599999987 0
0.299521089 -0.0599999987 0
0.5 -0.042857144 0
0.479952097 -0.0599999987 0
0.459904224 -0.0599999987 0
0.319568962 -0.0599999987 0
0.199281618 -0.0599999987 0
0.11909005 -0.0599999987 0
0.139137939 -0.0599999987 0
0.159185842 -0.0599999987 0
0.219329506 -0.0599999987 0
0.239377409 -0.0599999987 0
0.259425282 -0.0599999987 0
0.279473186 -0.0599999987 0
0.339616865 -0.0599999987 0
0.359664768 -0.0599999987 0
0.379712641 -0.0599999987 0
0.399760544 -0.0599999987 0
0.11909005 0.042857144 0
0.11909005 0.0257142857 0
0.11909005 0.008571428250000001 0
0.11909005 -0.008571428250000001 0
0.11909005 -0.0257142857 0
0.11909005 -0.042857144 0
0.139137954 0.042857144 0
0.139137939 0.0257142857 0
0.139137939 0.008571428250000001 0
0.139137939 -0.008571428250000001 0
0.139137939 -0.0257142857 0
0.139137939 -0.042857144 0
0.159185842 0.042857144 0
0.159185842 0.0257142857 0
0.159185842 0.008571428250000001 0
0.159185842 -0.008571428250000001 0
0.159185842 -0.0257142857 0
0.159185842 -0.042857144 0
0.17923373 0.042857144 0
0.17923373 0.0257142857 0
0.17923373 0.008571428250000001 0
0.17923373 -0.008571428250000001 0
0.17923373 -0.0257142857 0
0.17923373 -0.042857144 0
0.199281618 0.042857144 0
0.199281618 0.0257142857 0
0.199281618 0.008571428250000001 0
0.199281618 -0.008571428250000001 0
0.199281618 -0.0257142857 0
0.199281618 -0.042857144 0
0.219329506 0.042857144 0
0.219329506 0.0257142857 0
0.219329506 0.008571428250000001 0
0.219329506 -0.008571428250000001 0
0.219329506 -0.0257142857 0
0.219329506 -0.042857144 0
0.239377409 0.042857144 0
0.239377409 0.0257142857 0
0.239377409 0.008571428250000001 0
0.239377409 -0.008571428250000001 0
0.239377409 -0.0257142857 0
0.239377409 -0.042857144 0
0.259425282 0.042857144 0
0.259425282 0.0257142857 0
0.259425282 0.008571428250000001 0
0.259425282 -0.008571428250000001 0
0.259425282 -0.0257142857 0
0.259425282 -0.042857144 0
0.279473186 0.042857144 0
0.279473186 0.0257142857 0
0.279473186 0.008571428250000001 0
0.279473186 -0.008571428250000001 0
0.279473186 -0.0257142857 0
0.279473186 -0.042857144 0
0.299521089 0.042857144 0
0.299521089 0.0257142857 0
0.299521089 0.008571428250000001 0
0.299521089 -0.008571428250000001 0
0.299521089 -0.0257142857 0
0.299521089 -0.042857144 0
0.319568962 0.042857144 0
0.319568962 0.0257142857 0
0.319568962 0.008571428250000001 0
0.319568962 -0.008571428250000001 0
0.319568962 -0.0257142857 0
0.319568962 -0.042857144 0
0.339616865 0.042857144 0
0.339616865 0.0257142857 0
0.339616865 0.008571428250000001 0
0.339616865 -0.008571428250000001 0
0.339616865 -0.0257142857 0
0.339616865 -0.042857144 0
0.359664768 0.042857144 0
0.359664768 0.0257142857 0
0.359664768 0.008571428250000001 0
0.359664768 -0.008571428250000001 0
0.359664768 -0.0257142857 0
0.359664768 -0.042857144 0
0.379712641 0.042857144 0
0.379712641 0.0257142857 0
0.379712641 0.008571428250000001 0
0.379712641 -0.008571428250000001 0
0.379712641 -0.0257142857 0
0.379712641 -0.042857144 0
0.399760544 0.042857144 0
0.399760544 0.0257142857 0
0.399760544 0.008571428250000001 0
0.399760544 -0.008571428250000001 0
0.399760544 -0.0257142857 0
0.399760544 -0.042857144 0
0.419808418 0.042857144 0
0.419808418 0.0257142857 0
0.419808418 0.008571428250000001 0
0.419808418 -0.008571428250000001 0
0.419808418 -0.0257142857 0
0.419808418 -0.042857144 0
0.439856321 0.042857144 0
0.439856321 0.0257142857 0
0.439856321 0.008571428250000001 0
0.439856321 -0.008571428250000001 0
0.439856321 -0.0257142857 0
0.439856321 -0.042857144 0
0.459904224 0.042857144 0
0.459904224 0.0257142857 0
0.459904224 0.008571428250000001 0
0.459904224 -0.008571428250000001 0
0.459904224 -0.0257142857 0
0.459904224 -0.042857144 0
0.479952097 0.042857144 0
0.479952097 0.0257142857 0
0.479952097 0.008571428250000001 0
0.479952097 -0.008571428250000001 0
0.479952097 -0.0257142857 0
0.479952097 -0.042857144 0
-0.400000006 0.009999999779999999 0
-0.379999995 0.009999999779999999 0
-0.360000014 0.009999999779999999 0
-0.340000004 0.009999999779999999 0
-0.319999993 0.009999999779999999 0
-0.300000012 0.009999999779999999 0
-0.280000001 0.009999999779999999 0
-0.25999999 0.009999999779999999 0
-0.239999995 0.009999999779999999 0
-0.219999999 0.009999999779999999 0
-0.200000003 0.009999999779999999 0
-0.180000007 0.009999999779999999 0
-0.159999996 0.009999999779999999 0
-0.140000001 0.009999999779999999 0
-0.119999997 0.009999999779999999 0
-0.100000001 0.009999999779999999 0
-0.07999999820000001 0.009999999779999999 0
-0.0599999987 0.009999999779999999 0
-0.0399999991 0.009999999779999999 0
-0.0199999996 0.009999999779999999 0
-0.0199999996 -0.009999999779999999 0
-0.0399999991 -0.009999999779999999 0
-0.0599999987 -0.009999999779999999 0
-0.07999999820000001 -0.009999999779999999 0
-0.100000001 -0.009999999779999999 0
-0.119999997 -0.009999999779999999 0
-0.140000001 -0.009999999779999999 0
-0.159999996 -0.009999999779999999 0
-0.180000007 -0.009999999779999999 0
-0.200000003 -0.009999999779999999 0
-0.219999999 -0.009999999779999999 0
-0.239999995 -0.009999999779999999 0
-0.25999999 -0.009999999779999999 0
-0.280000001 -0.009999999779999999 0
-0.300000012 -0.009999999779999999 0
-0.319999993 -0.009999999779999999 0
-0.340000004 -0.009999999779999999 0
-0.360000014 -0.009999999779999999 0
-0.379999995 -0.009999999779999999 0
-0.400000006 -0.009999999779999999 0
-0.419999987 -0.009999999779999999 0
-0.439999998 -0.009999999779999999 0
-0.460000008 -0.009999999779999999 0
-0.479999989 -0.009999999779999999 0
-0.5 -0.0266666673 0
-0.5 -0.043333333 0
-0.479999989 -0.0599999987 0
-0.460000008 -0.0599999987 0
-0.439999998 -0.0599999987 0
-0.419999987 -0.0599999987 0
-0.400000006 -0.0599999987 0
-0.379999995 -0.0599999987 0
-0.360000014 -0.0599999987 0
-0.340000004 -0.0599999987 0
-0.319999993 -0.0599999987 0
-0.300000012 -0.0599999987 0
-0.280000001 -0.0599999987 0
-0.25999999 -0.0599999987 0
-0.239999995 -0.0599999987 0
-0.219999999 -0.0599999987 0
-0.200000003 -0.0599999987 0
-0.180000007 -0.0599999987 0
-0.159999996 -0.0599999987 0
-0.140000001 -0.0599999987 0
-0.119999997 -0.0599999987 0
-0.100000001 -0.0599999987 0
-0.07999999820000001 -0.0599999987 0
-0.0599999987 -0.0599999987 0
-0.0399999991 -0.0599999987 0
-0.0199999996 -0.0599999987 0
-0.100000001 0.0599999987 0
-0.5 0.0599999987 0
-0.5 0.009999999779999999 0
-0.5 -0.009999999779999999 0
-0.140000001 0.0599999987 0
-0.0199999996 0.0599999987 0
-0.400000006 0.0599999987 0
-0.5 -0.0599999987 0
-0.200000003 0.0599999987 0
-0.25999999 0.0599999987 0
-0.340000004 0.0599999987 0
-0.119999997 0.0599999987 0
-0.379999995 0.0599999987 0
-0.360000014 0.0599999987 0
-0.0399999991 0.0599999987 0
-0.280000001 0.0599999987 0
-0.219999999 0.0599999987 0
-0.239999995 0.0599999987 0
-0.0599999987 0.0599999987 0
-0.180000007 0.0599999987 0
-0.300000012 0.0599999987 0
-0.319999993 0.0599999987 0
-0.07999999820000001 0.0599999987 0
-0.159999996 0.0599999987 0
-0.419999987 0.0599999987 0
-0.439999998 0.0599999987 0
-0.460000008 0.0599999987 0
-0.479999989 0.0599999987 0
-0.5 0.043333333 0
-0.5 0.0266666673 0
-0.479999989 0.009999999779999999 0
-0.460000008 0.009999999779999999 0
-0.439999998 0.009999999779999999 0
-0.419999987 0.009999999779999999 0
-0.0199999996 0.0266666673 0
-0.0199999996 0.043333333 0
-0.0399999991 0.0266666673 0
-0.0399999991 0.043333333 0
-0.0599999987 0.0266666673 0
-0.0599999987 0.043333333 0
-0.07999999820000001 0.0266666673 0
-0.07999999820000001 0.043333333 0
-0.100000001 0.0266666673 0
-0.100000001 0.043333333 0
-0.119999997 0.0266666673 0
-0.119999997 0.043333333 0
-0.140000001 0.0266666673 0
-0.140000001 0.043333333 0
-0.159999996 0.0266666673 0
-0.159999996 0.043333333 0
-0.180000007 0.0266666673 0
-0.180000007 0.043333333 0
-0.200000003 0.0266666673 0
-0.200000003 0.043333333 0
-0.219999999 0.0266666673 0
-0.219999999 0.043333333 0
-0.239999995 0.0266666673 0
-0.239999995 0.043333333 0
-0.25999999 0.0266666673 0
-0.25999999 0.043333333 0
-0.280000001 0.0266666673 0
-0.280000001 0.043333333 0
-0.300000012 0.0266666673 0
-0.300000012 0.043333333 0
-0.319999993 0.0266666673 0
-0.319999993 0.043333333 0
-0.340000004 0.0266666673 0
-0.340000004 0.043333333 0
-0.360000014 0.0266666673 0
-0.360000014 0.043333333 0
-0.379999995 0.0266666673 0
-0.379999995 0.043333333 0
-0.400000006 0.0266666673 0
-0.400000006 0.043333333 0
-0.419999987 0.0266666673 0
-0.419999987 0.043333333 0
-0.439999998 0.0266666673 0
-0.439999998 0.043333333 0
-0.460000008 0.0266666673 0
-0.460000008 0.043333333 0
-0.479999989 0.0266666673 0
-0.479999989 0.043333333 0
-0.0199999996 -0.043333333 0
-0.0199999996 -0.0266666673 0
-0.0399999991 -0.043333333 0
-0.0399999991 -0.0266666673 0
-0.0599999987 -0.043333333 0
-0.0599999987 -0.0266666673 0
-0.07999999820000001 -0.043333333 0
-0.07999999820000001 -0.0266666673 0
-0.100000001 -0.043333333 0
-0.100000001 -0.0266666673 0
-0.119999997 -0.043333333 0
-0.119999997 -0.0266666673 0
-0.140000001 -0.043333333 0
-0.140000001 -0.0266666673 0
-0.159999996 -0.043333333 0
-0.159999996 -0.0266666673 0
-0.180000007 -0.043333333 0
-0.180000007 -0.0266666673 0
-0.200000003 -0.043333333 0
-0.200000003 -0.0266666673 0
-0.219999999 -0.043333333 0
-0.219999999 -0.0266666673 0
-0.239999995 -0.043333333 0
-0.239999995 -0.0266666673 0
-0.25999999 -0.043333333 0
-0.25999999 -0.0266666673 0
-0.280000001 -0.043333333 0
-0.280000001 -0.0266666673 0
-0.300000012 -0.043333333 0
-0.300000012 -0.0266666673 0
-0.319999993 -0.043333333 0
-0.319999993 -0.0266666673 0
-0.340000004 -0.043333333 0
-0.340000004 -0.0266666673 0
-0.360000014 -0.043333333 0
-0.360000014 -0.0266666673 0
-0.379999995 -0.043333333 0
-0.379999995 -0.0266666673 0
-0.400000006 -0.043333333 0
-0.400000006 -0.0266666673 0
-0.419999987 -0.043333333 0
-0.419999987 -0.0266666673 0
-0.439999998 -0.043333333 0
-0.439999998 -0.0266666673 0
-0.460000008 -0.043333333 0
-0.460000008 -0.0266666673 0
-0.479999989 -0.043333333 0
-0.479999989 -0.0266666673 0
0.5 0.280000001 0
0.5 0.324000001 0
0.5 0.368000001 0
0.5 0.412 0
0.5 0.456 0
0.423076928 0.5 0
0.346153855 0.5 0
0.269230783 0.5 0
0.192307696 0.5 0
0.115384616 0.5 0
0.0384615399 0.5 0
-0.0384615399 0.5 0
-0.115384616 0.5 0
-0.192307696 0.5 0
-0.269230783 0.5 0
-0.346153855 0.5 0
-0.423076928 0.5 0
-0.5 0.451111108 0
-0.5 0.402222216 0
-0.5 0.353333324 0
-0.5 0.304444432 0
-0.5 0.25555557 0
-0.5 0.206666663 0
-0.5 0.157777771 0
-0.5 0.108888887 0
-0.5 0.5 0
0.5 0.104000002 0
0.5 0.5 0
0.5 0.148000002 0
0.5 0.192000002 0
0.5 0.236000001 0
0.0609144196 0.0817342326 0
0.0213773996 0.0810065791 0
0.00164963992 0.0806389153 0
0.0410537161 0.08140170569999999 0
0.0807928815 0.0816697404 0
-0.11636588 0.08086209 0
-0.155379474 0.08188256620000001 0
-0.195952147 0.0835963339 0
-0.216464236 0.0839877948 0
-0.236886531 0.08373397589999999 0
-0.25717181 0.0831861421 0
-0.0375812575 0.08077736200000001 0
-0.0571756735 0.0809583366 0
-0.07703223820000001 0.08103158320000001 0
-0.018060958 0.0806019977 0
-0.0969315991 0.0810548067 0
-0.135710105 0.0813468769 0
-0.17564556 0.0829808787 0
-0.277441889 0.0833770484 0
-0.297976643 0.0844593644 0
-0.337742865 0.0814660415 0
-0.357280463 0.08131340149999999 0
-0.395812064 0.0801450759 0
-0.431601644 0.0846370831 0
-0.449032396 0.0927124023 0
0.241154492 0.0802461654 0
0.201377258 0.0838236138 0
0.180563569 0.0829863772 0
0.160152987 0.0818641707 0
0.13998118 0.0809370205 0
0.100271612 0.0811994374 0
0.119869255 0.08062074330000001 0
0.373670965 0.07992801820000001 0
0.324530095 0.0833030716 0
0.281531155 0.08239974830000001 0
0.260980189 0.0810246468 0
0.22172907 0.0833596513 0
0.0419940539 0.10293632 0
0.0224408731 0.101743817 0
0.00314544118 0.100968696 0
0.0619302429 0.10367021 0
-0.0159631986 0.101458415 0
0.08237209920000001 0.103876717 0
-0.318290144 0.08418776090000001 0
-0.414466918 0.0801854879 0
-0.376616716 0.08122970910000001 0
-0.235601157 0.107684493 0
-0.214288786 0.108600825 0
-0.255871743 0.10540323 0
-0.0541822873 0.103133552 0
-0.131315932 0.104231022 0
-0.074047327 0.103388585 0
-0.112915099 0.104204893 0
-0.150728151 0.104886316 0
-0.0939841419 0.103821017 0
-0.171428666 0.106402844 0
-0.192837894 0.107991748 0
-0.275017977 0.104476884 0
-0.35379228 0.103946522 0
-0.433073252 0.110083312 0
-0.295674562 0.108139448 0
-0.0348416194 0.102517344 0
0.415305704 0.08237869289999999 0
0.359606773 0.07313796879999999 0
0.302707136 0.083627373 0
0.159252465 0.103709936 0
0.179841861 0.106472507 0
0.139538869 0.1013356 0
0.22791867 0.111114562 0
0.243271112 0.0979152769 0
0.394325763 0.08282602579999999 0
0.201971233 0.109258376 0
0.120320998 0.10044767 0
0.435215741 0.08225522189999999 0
0.259965211 0.10267438 0
0.329683661 0.107562989 0
0.474004507 0.0924669281 0
0.10174416 0.103126459 0
-0.468483716 0.110260278 0
-0.3943865 0.102075562 0
0.442493409 0.110294618 0
0.0621701814 0.126179203 0
0.0225422326 0.122126617 0
0.0418764055 0.12501201 0
0.00457998784 0.120126426 0
0.0835043266 0.12639606 0
-0.0129794497 0.122236557 0
-0.147280753 0.128402263 0
-0.213780656 0.134415403 0
-0.127986699 0.131244153 0
-0.167973459 0.129917011 0
-0.050670296 0.126652241 0
-0.07087001950000001 0.126821682 0
-0.09071145210000001 0.127626732 0
-0.190268174 0.132567599 0
-0.238525629 0.133869201 0
-0.273494035 0.120859079 0
-0.259225488 0.127459198 0
-0.287823677 0.129834697 0
0.106391847 0.128948033 0
-0.030988669 0.12521717 0
0.176051676 0.130309746 0
0.155358881 0.125951976 0
0.136383891 0.121375889 0
0.197837338 0.13508907 0
0.221228063 0.140195116 0
0.24643375 0.148225218 0
0.278431207 0.13069883 0
0.121331833 0.116863862 0
0.304693103 0.108170666 0
0.41313979 0.10605257 0
0.460590839 0.118400961 0
0.3594082 0.102554947 0
-0.32107237 0.11253228 0
-0.419543535 0.104857683 0
0.09811829029999999 0.159849972 0
0.0055290414 0.135468304 0
-0.272256285 0.147958145 0
0.213639542 0.167143762 0
-0.16421552 0.153452978 0
-0.0470549725 0.15146856 0
0.148239896 0.147893965 0
0.190186769 0.161729231 0
-0.0247382168 0.149399027 0
0.121496096 0.157260552 0
0.421064824 0.135523811 0
0.331904501 0.135500565 0
0.281374097 0.10639441 0
-0.403406292 0.127729908 0
-0.310004503 0.140224457 0
0.359246194 0.131814718 0
-0.372643173 0.130347505 0
-0.4354105 0.128464058 0
0.336629719 0.171858773 0
0.449453801 0.147653848 0
0.388494343 0.134514973 0
0.301465511 0.165098608 0
-0.346448064 0.12566866 0
-0.399034619 0.163094714 0
0.0394379087 0.149358913 0
0.27253148 0.157263905 0
-0.213087991 0.160163328 0
-0.247485504 0.166183531 0
-0.29579401 0.164818883 0
-0.0238127075 0.198093072 0
0.111787573 0.184981465 0
-0.100731499 0.16475822 0
-0.129909366 0.165031105 0
0.176729351 0.19246909 0
0.207438558 0.194471538 0
-0.07164825499999999 0.174688131 0
0.137555912 0.174095407 0
0.445077062 0.355614364 0
0.4540672 0.312721372 0
0.471876621 0.18936041 0
0.467166424 0.229818493 0
0.461504996 0.270973593 0
0.424467564 0.448932588 0
0.441845477 0.182664469 0
-0.324829191 0.179232806 0
0.0906601474 0.199683741 0
-0.207740158 0.18316175 0
-0.157712802 0.176730514 0
-0.278921545 0.189274922 0
0.0321525 0.177230626 0
0.245555773 0.214440852 0
-0.433855236 0.164075762 0
-0.366918921 0.159302726 0
0.291913986 0.195489585 0
-0.127964169 0.207778975 0
-0.0366133451 0.228911221 0
-0.100008652 0.206662506 0
0.179677323 0.226686761 0
0.122257464 0.208738238 0
0.146479711 0.202740476 0
0.434536189 0.401015729 0
0.398193419 0.336512506 0
0.424186647 0.257591337 0
0.43396154 0.220088616 0
0.412831038 0.296488136 0
0.369538605 0.193125933 0
-0.443918586 0.348807663 0
-0.435130209 0.398693502 0
-0.427496314 0.449492633 0
-0.452189833 0.300550848 0
-0.4590832 0.253552765 0
-0.357205957 0.190952316 0
0.279544592 0.225700334 0
0.104589514 0.213968039 0
-0.156489298 0.208392248 0
0.0224026144 0.217729628 0
0.212247699 0.248014852 0
-0.427817494 0.204839543 0
-0.234439731 0.195427537 0
0.323903114 0.207895994 0
0.0570687838 0.209155962 0
-0.391568303 0.199478686 0
-0.0962022617 0.246337354 0
-0.0230375547 0.256433278 0
0.184364036 0.258742362 0
0.124597915 0.237763807 0
0.376026452 0.277256101 0
0.38955155 0.242074385 0
0.359942079 0.312979162 0
0.378000379 0.380264699 0
-0.310198665 0.208065987 0
-0.372602284 0.387960404 0
-0.391070276 0.337650061 0
-0.464398772 0.207217991 0
-0.406558216 0.291264862 0
-0.182406142 0.205629736 0
0.475901842 0.151903644 0
0.401581109 0.207892701 0
-0.20234707 0.201936185 0
0.311389863 0.240205288 0
0.0997109637 0.235361338 0
-0.130189374 0.250119895 0
-0.380182773 0.237362921 0
0.0776065663 0.224026397 0
0.0415912047 0.235969722 0
0.356437773 0.225068003 0
0.00237123668 0.23785685 0
0.234924018 0.275154024 0
-0.0526191071 0.272373945 0
0.154033616 0.271343559 0
-0.16381526 0.245097548 0
0.327867359 0.289548635 0
0.343247354 0.258441687 0
-0.217780069 0.218593672 0
0.338168681 0.348227322 0
-0.343999118 0.224389404 0
-0.364733964 0.277306974 0
-0.344146281 0.319903255 0
0.269353002 0.254693568 0
0.0917307809 0.266476959 0
0.0217031389 0.261422962 0
-0.326631218 0.259382397 0
-0.133066654 0.30025813 0
-0.418796331 0.247499421 0
0.0644711778 0.253006309 0
-0.292130858 0.238324136 0
0.196372524 0.288258106 0
0.284591496 0.294490665 0
0.309394062 0.318163514 0
-0.303888261 0.296268225 0
-0.316326559 0.367387414 0
0.259190202 0.283179343 0
-0.212525114 0.264634311 0
-0.240297899 0.24214159 0
0.0789880231 0.303675681 0
0.0470647626 0.284426123 0
0.16370514 0.321180791 0
-0.00354623003 0.285852969 0
0.272422999 0.314563453 0
-0.269069314 0.269261181 0
0.30583939 0.378803372 0
0.221760422 0.304970533 0
-0.273979396 0.334394097 0
-0.0335755982 0.307707399 0
-0.23957935 0.298692495 0
0.0587245151 0.344805092 0
0.117237814 0.317083448 0
0.284336209 0.340413243 0
0.249890372 0.312829316 0
0.343847185 0.433378398 0
0.207801089 0.342838079 0
-0.274291515 0.426623851 0
0.0234502386 0.316493273 0
-0.08737619219999999 0.286369532 0
0.266001195 0.445831895 0
0.12272539 0.273716062 0
0.101134203 0.366993248 0
-0.234703615 0.369619191 0
0.147996157 0.380885184 0
-0.178461179 0.283813536 0
-0.203984484 0.323771179 0
-0.00658131344 0.34660095 0
-0.164417103 0.343546838 0
-0.0673920363 0.326083362 0
0.131059229 0.439091533 0
0.0761057213 0.423675179 0
0.200316936 0.392114729 0
0.029457761 0.387679994 0
-0.041373264 0.371180713 0
0.255755872 0.39359349 0
-0.129968509 0.398406595 0
0.248907045 0.349122852 0
0.195956767 0.446548343 0
-0.354339272 0.442943484 0
-0.193804756 0.443444848 0
-0.00892468356 0.424014986 0
-0.124071665 0.447903305 0
-0.183007032 0.391649544 0
-0.102894232 0.342963189 0
0.454051256 0.0865246058 0
0.477373928 0.124539249 0
-0.468024433 0.160724044 0
-0.0595881864 0.441332847 0
-0.08101215959999999 0.389415085 0
0.430654883 0.100503065 0
0.389429182 0.107357368 0
0.345321238 0.0801729336 0
-0.40980044 0.09662956 0
-0.338144869 0.0994073451 0
0.412171096 0.173297763 0
-0.132147774 0.361322463 0
0.382941902 0.164770678 0
-0.261872202 0.216164798 0
0.298553944 0.269673407 0
0.35991171 0.156175151 0
0.304619789 0.135348052 0
0.253422469 0.12404725 0
-0.374403059 0.104943611 0
-0.337032139 0.151434779 0
-0.109284967 0.131501675 0
-0.19354479 0.23484166 0
-0.06493017819999999 0.238962516 0
-0.0122938436 0.215621114 0
0.00691182632 0.197239071 0
0.0379151069 0.201571897 0
0.150936276 0.234486893 0
0.215393558 0.270183206 0
0.241323069 0.247472897 0
-0.0715796128 0.205469251 0
-0.0449168868 0.201832712 0
-0.015077455 0.176449656 0
0.00735802855 0.160683528 0
0.238734052 0.173370585 0
0.0684622079 0.179729119 0
0.210014313 0.22153379 0
0.169252723 0.153739303 0
0.263142437 0.184926003 0
-0.18295449 0.180039644 0
-0.0454696417 0.176156014 0
0.128362164 0.139589176 0
0.230636895 0.194044158 0
0.0191328265 0.142472118 0
0.0625149161 0.150935873 0
0.0812353119 0.146125689 0
-0.18740344 0.15683043 0
-0.147903278 0.149310306 0
-0.0862699524 0.148439452 0
-0.0688209161 0.151088551 0
-0.00671585044 0.142615706 0
0.161231548 0.173583657 0
0.5 -0.108888887 0
-0.5 -0.104000002 0
0.115384616 -0.5 0
0.346153855 -0.5 0
-0.5 -0.324000001 0
0.5 -0.304444432 0
-0.115384616 -0.5 0
0.0384615399 -0.5 0
0.269230783 -0.5 0
0.192307696 -0.5 0
-0.269230783 -0.5 0
0.5 -0.206666663 0
-0.5 -0.368000001 0
-0.5 -0.412 0
-0.5 -0.456 0
0.5 -0.451111108 0
-0.5 -0.5 0
0.5 -0.5 0
0.5 -0.402222216 0
-0.423076928 -0.5 0
-0.192307696 -0.5 0
-0.5 -0.148000002 0
-0.5 -0.192000002 0
-0.5 -0.236000001 0
-0.5 -0.280000001 0
-0.346153855 -0.5 0
0.5 -0.25555557 0
0.423076928 -0.5 0
-0.0384615399 -0.5 0
0.5 -0.157777771 0
0.5 -0.353333324 0
0.0772511885 -0.08056167509999999 0
0.0374877676 -0.0808010101 0
0.0176463742 -0.0810994208 0
0.0573830791 -0.0807405263 0
0.09732311959999999 -0.0806518868 0
-0.239483774 -0.0795809701 0
-0.219843984 -0.0792642012 0
-0.200446114 -0.07901526239999999 0
-0.181045815 -0.07884178310000001 0
-0.142179415 -0.0802084953 0
-0.102881968 -0.0817045122 0
-0.0223856941 -0.0814301819 0
-0.0627050027 -0.0818454996 0
-0.0425316021 -0.0818034559 0
-0.00224705855 -0.0814203545 0
-0.122754268 -0.081274122 0
-0.08287008849999999 -0.0820686147 0
-0.415999234 -0.07919201250000001 0
-0.381579161 -0.0748587102 0
-0.341950804 -0.08742288500000001 0
-0.319119245 -0.08530327679999999 0
-0.278412133 -0.08144206549999999 0
-0.258917481 -0.08033283049999999 0
-0.161435694 -0.0791214183 0
-0.472487122 -0.10505227 0
0.256461918 -0.08286640050000001 0
0.318938285 -0.08374304320000001 0
0.379224718 -0.0777013451 0
0.415607333 -0.0771136358 0
0.137026802 -0.0809221789 0
0.176194876 -0.0810839683 0
0.195934415 -0.0812368244 0
0.215941653 -0.0814755261 0
0.117289893 -0.08081298319999999 0
0.15661329 -0.081143111 0
0.236094043 -0.082149677 0
0.277177155 -0.0846093968 0
0.298077911 -0.0858106166 0
0.339882791 -0.0815737844 0
0.359948963 -0.0794832781 0
0.397859633 -0.076412484 0
0.432109773 -0.0828129873 0
0.448685735 -0.092795752 0
0.075753212 -0.101484895 0
0.0557561368 -0.102059513 0
0.0359173417 -0.102614924 0
0.0956945047 -0.101622269 0
0.0159939695 -0.10301619 0
0.11527735 -0.102301352 0
-0.397377491 -0.07783801849999999 0
-0.367144257 -0.088626951 0
-0.298090309 -0.0833709612 0
-0.200337872 -0.09863037619999999 0
-0.21885328 -0.09892425689999999 0
-0.18187283 -0.0977715552 0
-0.434422225 -0.0812884495 0
-0.106182195 -0.104892224 0
-0.0242696553 -0.103885174 0
-0.0446307808 -0.104614235 0
-0.08586321030000001 -0.105457388 0
-0.12644203 -0.10389293 0
-0.06511268019999999 -0.105166934 0
-0.145689055 -0.101519272 0
-0.163340643 -0.09789989139999999 0
-0.23776263 -0.099455364 0
-0.338522077 -0.115702689 0
-0.256322116 -0.10120821 0
-0.00407435466 -0.103709199 0
0.418813199 -0.0986522809 0
0.397742271 -0.0922142416 0
0.252526253 -0.1058909 0
0.212309584 -0.103968374 0
0.192341313 -0.104215957 0
0.273252606 -0.109232336 0
0.320911765 -0.107111856 0
0.34232372 -0.102683946 0
0.380523682 -0.09517564620000001 0
0.232309997 -0.104792736 0
0.172806621 -0.104274742 0
0.15369308 -0.103950769 0
0.297904164 -0.116075009 0
0.362232178 -0.09897334870000001 0
0.428666949 -0.112228334 0
0.134589821 -0.103278205 0
0.46945259 -0.110888988 0
-0.411913127 -0.0989815295 0
0.07460499549999999 -0.122705288 0
0.0345189869 -0.125521779 0
0.0545337796 -0.124148242 0
0.0147398924 -0.125232056 0
0.09377242619999999 -0.123138353 0
-0.00542884553 -0.127287924 0
-0.199170411 -0.119690679 0
-0.21721521 -0.119145781 0
-0.181177408 -0.116874449 0
-0.131077215 -0.127389789 0
-0.109915875 -0.129914075 0
-0.0461721793 -0.129090324 0
-0.153852567 -0.125061169 0
-0.0667753816 -0.128979772 0
-0.0885961056 -0.131090179 0
-0.166090339 -0.113361157 0
-0.234963834 -0.118861131 0
-0.251624823 -0.122507848 0
0.112385094 -0.124814384 0
-0.0254358575 -0.127300769 0
0.188759044 -0.129383489 0
0.168846637 -0.129991427 0
0.209063768 -0.128475145 0
0.2286672 -0.12831986 0
0.149858654 -0.129090652 0
0.248147339 -0.129130483 0
0.266228557 -0.132991135 0
0.316227257 -0.145300224 0
0.3464261 -0.123996772 0
0.379398167 -0.140497699 0
0.131228372 -0.127070695 0
-0.31478706 -0.110401563 0
-0.436272234 -0.107960358 0
-0.449050874 -0.118623495 0
-0.367599219 -0.126455709 0
0.437626481 -0.131681964 0
0.409618139 -0.140805781 0
0.09073735030000001 -0.144930616 0
0.0318898484 -0.152542442 0
-0.232055888 -0.134515703 0
-0.196568355 -0.144934669 0
-0.135222897 -0.150460809 0
-0.0468119048 -0.159751192 0
-0.15466474 -0.148551583 0
0.260239989 -0.164158478 0
0.164128304 -0.159461841 0
0.293380171 -0.17444025 0
-0.00580976577 -0.156512246 0
0.126097396 -0.151690036 0
-0.413921267 -0.126558542 0
-0.328458905 -0.140409112 0
-0.274515986 -0.10384129 0
-0.349528015 -0.153568953 0
0.351759881 -0.172270343 0
0.318618536 -0.183061182 0
-0.333783478 -0.167339042 0
-0.441113621 -0.144536555 0
-0.393654108 -0.154271141 0
0.292371094 -0.211694032 0
-0.286774576 -0.130766243 0
0.07354205849999999 -0.143089011 0
-0.257962167 -0.152474642 0
-0.0889976844 -0.161422387 0
0.226948202 -0.154064983 0
0.107703857 -0.148169219 0
0.336992621 -0.211675242 0
-0.00337611185 -0.200795993 0
0.273395419 -0.189953938 0
-0.17049475 -0.148092017 0
-0.129007757 -0.185398072 0
-0.0261532348 -0.181840271 0
0.143847302 -0.157626539 0
-0.448047906 -0.361545205 0
-0.455605984 -0.317959696 0
-0.465123922 -0.189018279 0
-0.462823182 -0.231938973 0
-0.460306674 -0.275001049 0
-0.426925808 -0.452901721 0
-0.424723893 -0.182535723 0
0.0366272852 -0.188651815 0
0.187246516 -0.187728658 0
0.0589350164 -0.166444242 0
-0.103470221 -0.184740975 0
-0.06846610459999999 -0.18379423 0
0.118219182 -0.173072204 0
0.208178952 -0.176860511 0
0.36315757 -0.199747011 0
0.312846452 -0.235824838 0
-0.299318105 -0.15677543 0
-0.198295265 -0.188920036 0
-0.162100241 -0.194625631 0
-0.0246460605 -0.229336455 0
-0.366503626 -0.182237729 0
-0.437883586 -0.40673089 0
-0.402278423 -0.349474549 0
-0.422037065 -0.268937945 0
-0.426025957 -0.228674114 0
-0.415005475 -0.309025466 0
0.440141648 -0.165292025 0
0.380865604 -0.165947661 0
0.454410315 -0.299123228 0
0.445268989 -0.34738335 0
0.435587972 -0.39737919 0
0.427431315 -0.448631287 0
0.461957723 -0.252621621 0
-0.2741943 -0.187123805 0
0.0236531589 -0.21747978 0
0.129730433 -0.192381173 0
-0.122267753 -0.2181191 0
0.286919326 -0.263395518 0
0.352644324 -0.233800679 0
-0.0484154336 -0.206472903 0
-0.238978505 -0.183906317 0
0.382674307 -0.187893778 0
-0.334735453 -0.187197372 0
-0.09211035820000001 -0.204660609 0
-0.199938565 -0.23082687 0
-0.384544611 -0.263622969 0
-0.379169017 -0.298835069 0
-0.363774121 -0.333696634 0
-0.382963866 -0.3914617 0
0.410056442 -0.166615397 0
0.0665235743 -0.19163233 0
0.394013286 -0.33461681 0
0.410622984 -0.288377047 0
0.423467785 -0.245048448 0
0.467720777 -0.206958532 0
0.09609952569999999 -0.198913157 0
-0.470833153 -0.148186505 0
-0.389988542 -0.228198498 0
-0.31124422 -0.183166504 0
0.00482664863 -0.250807226 0
-0.158838674 -0.228567705 0
-0.356113702 -0.222642258 0
-0.10804826 -0.250773847 0
-0.0749890804 -0.230587304 0
0.236951768 -0.25557974 0
-0.238797322 -0.222931072 0
0.200059086 -0.221732855 0
0.0547433943 -0.228673667 0
0.434716195 -0.204581663 0
-0.351000428 -0.291048676 0
-0.342559576 -0.261151582 0
-0.342663676 -0.367414057 0
0.0890857056 -0.235629171 0
0.371275783 -0.274487317 0
0.349839687 -0.316238403 0
-0.265262514 -0.214324355 0
0.125547007 -0.236138836 0
0.384301692 -0.231939763 0
-0.148362547 -0.268382192 0
-0.201895863 -0.284397453 0
0.0395672582 -0.26743412 0
-0.0845435709 -0.286633313 0
0.248264045 -0.20908615 0
0.255116969 -0.290184736 0
0.161755502 -0.2327106 0
-0.283162892 -0.230370551 0
-0.330711573 -0.314092934 0
0.07940530780000001 -0.27783528 0
0.374077588 -0.385226637 0
-0.256944537 -0.263938695 0
0.122180261 -0.280775845 0
-0.0512325764 -0.259115964 0
-0.167743802 -0.330821037 0
-0.123555109 -0.31115067 0
0.203418314 -0.267466187 0
0.0202970076 -0.310064286 0
-0.274711281 -0.308445483 0
-0.320849746 -0.397759885 0
0.338272214 -0.259483725 0
-0.326232761 -0.214808166 0
0.0678861737 -0.32463935 0
0.31976971 -0.3628214 0
-0.0192843862 -0.287305981 0
0.216469511 -0.311700195 0
0.119780473 -0.329584241 0
-0.266494006 -0.385957867 0
0.0543400496 -0.377309233 0
-0.203021392 -0.35156706 0
-0.347021431 -0.440783143 0
0.281908154 -0.327852577 0
0.274117023 -0.422076017 0
0.164584011 -0.276804119 0
0.314772338 -0.292671144 0
-0.14316158 -0.382356316 0
0.238232613 -0.360949397 0
-0.268800765 -0.446109235 0
0.117930107 -0.383022696 0
-0.00502681127 -0.359380454 0
-0.0899545625 -0.35999772 0
0.354485184 -0.440950871 0
-0.202243209 -0.393845558 0
0.180674002 -0.378484547 0
0.116467491 -0.439904302 0
-0.123636782 -0.439212173 0
0.0415827408 -0.435980946 0
-0.0426337756 -0.421091884 0
0.191037983 -0.43673709 0
-0.0501308329 -0.325539827 0
-0.19676277 -0.44627744 0
-0.451890498 -0.0888591111 0
0.470816433 -0.160953358 0
-0.427661389 -0.09695394340000001 0
-0.391985744 -0.096085377 0
0.41114524 -0.0895099714 0
-0.293581456 -0.107031554 0
0.404233605 -0.198149398 0
0.170815691 -0.325417221 0
-0.393289775 -0.197718471 0
-0.390543967 -0.116325445 0
0.407470196 -0.122044012 0
-0.302953094 -0.34384051 0
0.26649943 -0.235712677 0
0.402106464 -0.106607363 0
0.389978588 -0.124477439 0
-0.307111055 -0.134526476 0
-0.268105298 -0.127176061 0
0.283614874 -0.135133982 0
-0.236810908 -0.332041562 0
0.327947587 -0.12534298 0
0.36743632 -0.118909344 0
0.384408504 -0.111650333 0
0.227744669 -0.228958771 0
-0.308642864 -0.288504213 0
-0.310847104 -0.242751881 0
-0.278374851 -0.156388372 0
0.348389834 -0.146922976 0
-0.318303883 -0.161659449 0
0.289174825 -0.154943809 0
0.244689032 -0.15027234 0
0.207649693 -0.154539898 0
0.186118394 -0.157872438 0
0.229213864 -0.186583892 0
-0.242758006 -0.143100053 0
-0.217707261 -0.139593005 0
-0.176148549 -0.134145111 0
0.0545891523 -0.145960584 0
0.0142524652 -0.14502719 0
-0.0255044252 -0.148230761 0
-0.06708924469999999 -0.150351986 0
-0.115150906 -0.15625529 0
0.0140814194 -0.175574467 0
-0.299567908 -0.204695523 0
-0.293376505 -0.266066968 0
0.160018429 -0.193675786 0
-0.180937871 -0.163365349 0
-0.295688331 -0.175879121 0
-0.226377875 -0.15913336 0
0.0429039635 -0.169281721 0
0.101021759 -0.172521606 0
0.0724704266 -0.159666792 0
-0.141519114 -0.169197023 0
-0.160157546 -0.170055762 0
0.0838272274 -0.167311206 0
-0.20788826 -0.164396137 0
</DataArray>
</Points>
<Cells>
<DataArray type="Int32" Name="connectivity" format="ascii">
0 1 7 6 
1 2 8 7 
2 3 9 8 
3 4 10 9 
4 5 11 10 
6 7 13 12 
7 8 14 13 
8 9 15 14 
9 10 16 15 
10 11 17 16 
12 13 19 18 
13 14 20 19 
14 15 21 20 
15 16 22 21 
16 17 23 22 
18 19 25 24 
19 20 26 25 
20 21 27 26 
21 22 28 27 
22 23 29 28 
24 25 31 30 
25 26 32 31 
26 27 33 32 
27 28 34 33 
28 29 35 34 
30 31 37 36 
31 32 38 37 
32 33 39 38 
33 34 40 39 
34 35 41 40 
36 37 43 42 
37 38 44 43 
38 39 45 44 
39 40 46 45 
40 41 47 46 
47 41 94 69 
41 35 95 94 
35 29 96 95 
29 23 97 96 
23 17 98 97 
17 11 99 98 
11 5 83 99 
69 94 100 68 
94 95 101 100 
95 96 102 101 
96 97 103 102 
97 98 104 103 
98 99 105 104 
99 83 84 105 
68 100 106 67 
100 101 107 106 
101 102 108 107 
102 103 109 108 
103 104 110 109 
104 105 111 110 
105 84 85 111 
67 106 112 66 
106 107 113 112 
107 108 114 113 
108 109 115 114 
109 110 116 115 
110 111 117 116 
111 85 76 117 
66 112 118 65 
112 113 119 118 
113 114 120 119 
114 115 121 120 
115 116 122 121 
116 117 123 122 
117 76 82 123 
65 118 124 64 
118 119 125 124 
119 120 126 125 
120 121 127 126 
121 122 128 127 
122 123 129 128 
123 82 86 129 
64 124 130 63 
124 125 131 130 
125 126 132 131 
126 127 133 132 
127 128 134 133 
128 129 135 134 
129 86 87 135 
63 130 136 62 
130 131 137 136 
131 132 138 137 
132 133 139 138 
133 134 140 139 
134 135 141 140 
135 87 88 141 
62 136 142 61 
136 137 143 142 
137 138 144 143 
138 139 145 144 
139 140 146 145 
140 141 147 146 
141 88 89 147 
61 142 148 60 
142 143 149 148 
143 144 150 149 
144 145 151 150 
145 146 152 151 
146 147 153 152 
147 89 77 153 
60 148 154 59 
148 149 155 154 
149 150 156 155 
150 151 157 156 
151 152 158 157 
152 153 159 158 
153 77 81 159 
59 154 160 58 
154 155 161 160 
155 156 162 161 
156 157 163 162 
157 158 164 163 
158 159 165 164 
159 81 90 165 
58 160 166 57 
160 161 167 166 
161 162 168 167 
162 163 169 168 
163 164 170 169 
164 165 171 170 
165 90 91 171 
57 166 172 56 
166 167 173 172 
167 168 174 173 
168 169 175 174 
169 170 176 175 
170 171 177 176 
171 91 92 177 
56 172 178 55 
172 173 179 178 
173 174 180 179 
174 175 181 180 
175 176 182 181 
176 177 183 182 
177 92 93 183 
55 178 184 54 
178 179 185 184 
179 180 186 185 
180 181 187 186 
181 182 188 187 
182 183 189 188 
183 93 74 189 
54 184 190 53 
184 185 191 190 
185 186 192 191 
186 187 193 192 
187 188 194 193 
188 189 195 194 
189 74 71 195 
53 190 196 52 
190 191 197 196 
191 192 198 197 
192 193 199 198 
193 194 200 199 
194 195 201 200 
195 71 80 201 
52 196 202 51 
196 197 203 202 
197 198 204 203 
198 199 205 204 
199 200 206 205 
200 201 207 206 
201 80 79 207 
51 202 50 70 
202 203 49 50 
203 204 48 49 
204 205 72 48 
205 206 73 72 
206 207 78 73 
207 79 75 78 
24 30 312 227 
30 36 313 312 
36 42 283 313 
227 312 314 226 
312 313 315 314 
313 283 292 315 
226 314 316 225 
314 315 317 316 
315 292 296 317 
225 316 318 224 
316 317 319 318 
317 296 300 319 
224 318 320 223 
318 319 321 320 
319 300 278 321 
223 320 322 222 
320 321 323 322 
321 278 289 323 
222 322 324 221 
322 323 325 324 
323 289 282 325 
221 324 326 220 
324 325 327 326 
325 282 301 327 
220 326 328 219 
326 327 329 328 
327 301 297 329 
219 328 330 218 
328 329 331 330 
329 297 286 331 
218 330 332 217 
330 331 333 332 
331 286 294 333 
217 332 334 216 
332 333 335 334 
333 294 295 335 
216 334 336 215 
334 335 337 336 
335 295 287 337 
215 336 338 214 
336 337 339 338 
337 287 293 339 
214 338 340 213 
338 339 341 340 
339 293 298 341 
213 340 342 212 
340 341 343 342 
341 298 299 343 
212 342 344 211 
342 343 345 344 
343 299 288 345 
211 344 346 210 
344 345 347 346 
345 288 291 347 
210 346 348 209 
346 347 349 348 
347 291 290 349 
209 348 350 208 
348 349 351 350 
349 290 284 351 
208 350 352 311 
350 351 353 352 
351 284 302 353 
311 352 354 310 
352 353 355 354 
353 302 303 355 
310 354 356 309 
354 355 357 356 
355 303 304 357 
309 356 358 308 
356 357 359 358 
357 304 305 359 
308 358 307 280 
358 359 306 307 
359 305 279 306 
0 6 360 277 
6 12 361 360 
12 18 228 361 
277 360 362 276 
360 361 363 362 
361 228 229 363 
276 362 364 275 
362 363 365 364 
363 229 230 365 
275 364 366 274 
364 365 367 366 
365 230 231 367 
274 366 368 273 
366 367 369 368 
367 231 232 369 
273 368 370 272 
368 369 371 370 
369 232 233 371 
272 370 372 271 
370 371 373 372 
371 233 234 373 
271 372 374 270 
372 373 375 374 
373 234 235 375 
270 374 376 269 
374 375 377 376 
375 235 236 377 
269 376 378 268 
376 377 379 378 
377 236 237 379 
268 378 380 267 
378 379 381 380 
379 237 238 381 
267 380 382 266 
380 381 383 382 
381 238 239 383 
266 382 384 265 
382 383 385 384 
383 239 240 385 
265 384 386 264 
384 385 387 386 
385 240 241 387 
264 386 388 263 
386 387 389 388 
387 241 242 389 
263 388 390 262 
388 389 391 390 
389 242 243 391 
262 390 392 261 
390 391 393 392 
391 243 244 393 
261 392 394 260 
392 393 395 394 
393 244 245 395 
260 394 396 259 
394 395 397 396 
395 245 246 397 
259 396 398 258 
396 397 399 398 
397 246 247 399 
258 398 400 257 
398 399 401 400 
399 247 248 401 
257 400 402 256 
400 401 403 402 
401 248 249 403 
256 402 404 255 
402 403 405 404 
403 249 250 405 
255 404 406 254 
404 405 407 406 
405 250 251 407 
254 406 253 285 
406 407 252 253 
407 251 281 252 
24 227 228 18 
227 226 229 228 
226 225 230 229 
225 224 231 230 
224 223 232 231 
223 222 233 232 
222 221 234 233 
221 220 235 234 
220 219 236 235 
219 218 237 236 
218 217 238 237 
217 216 239 238 
216 215 240 239 
215 214 241 240 
214 213 242 241 
213 212 243 242 
212 211 244 243 
211 210 245 244 
210 209 246 245 
209 208 247 246 
208 311 248 247 
311 310 249 248 
310 309 250 249 
309 308 251 250 
308 280 281 251 
467 67 66 466 
68 468 470 69 
440 43 44 442 
297 456 446 286 
70 434 515 51 
733 515 550 519 
53 512 501 54 
54 501 509 55 
574 739 549 564 
502 57 56 471 
740 58 57 502 
58 740 472 59 
475 507 510 465 
473 61 60 503 
506 504 541 542 
63 464 475 64 
465 65 64 475 
65 465 466 66 
46 443 439 45 
435 413 596 412 
703 596 413 414 
410 411 614 591 
569 565 514 551 
514 565 749 548 
519 550 573 564 
424 433 425 622 
645 621 620 646 
485 448 447 486 
500 450 453 480 
479 481 524 520 
770 607 626 604 
643 615 591 614 
305 517 432 279 
302 483 462 303 
497 460 459 742 
449 487 496 457 
485 486 527 534 
620 427 428 623 
427 620 621 426 
426 621 622 425 
43 440 441 42 
42 441 453 283 
292 450 451 296 
296 451 452 300 
444 289 278 454 
289 444 455 282 
282 455 445 301 
301 445 456 297 
286 446 447 294 
294 447 448 295 
449 287 295 448 
293 457 458 298 
298 458 482 299 
459 288 299 482 
460 291 288 459 
484 290 291 460 
284 461 483 302 
303 462 463 304 
463 517 305 304 
469 47 69 470 
45 439 442 44 
443 46 47 469 
522 476 479 520 
477 440 442 476 
480 453 441 478 
450 292 283 453 
476 442 439 479 
481 443 469 516 
454 278 300 452 
527 486 495 533 
581 580 600 632 
495 446 456 494 
556 537 535 536 
448 485 487 449 
287 449 457 293 
450 500 488 451 
451 488 490 452 
440 477 478 441 
452 490 493 454 
491 444 454 493 
455 489 492 445 
445 492 494 456 
553 567 571 498 
741 483 461 518 
290 484 461 284 
498 571 517 463 
498 463 462 553 
464 63 62 474 
474 62 61 473 
516 538 524 481 
506 468 467 504 
67 467 468 68 
443 481 479 439 
516 469 470 511 
468 506 511 470 
471 56 55 509 
769 561 587 783 
59 472 503 60 
750 513 566 546 
466 505 504 467 
508 464 474 513 
507 475 464 508 
578 522 520 776 
522 521 477 476 
477 521 523 478 
599 767 554 584 
555 523 521 775 
552 482 458 499 
741 553 462 483 
518 461 484 751 
484 460 497 751 
486 447 446 495 
580 527 533 778 
489 455 444 491 
526 492 489 528 
485 534 536 487 
457 496 499 458 
494 529 533 495 
500 480 525 539 
493 532 753 491 
492 526 529 494 
500 539 530 488 
531 490 488 530 
537 499 496 535 
571 605 735 517 
482 552 742 459 
535 496 487 536 
523 525 480 478 
512 53 52 733 
512 733 519 738 
549 739 509 501 
505 466 465 510 
538 554 777 524 
513 474 473 566 
750 507 508 513 
503 548 566 473 
557 561 543 544 
472 514 548 503 
540 505 510 543 
510 507 544 543 
51 515 733 52 
544 507 750 545 
740 502 471 551 
565 569 748 572 
734 550 515 434 
511 547 538 516 
553 741 518 567 
549 738 519 564 
748 745 619 572 
775 521 522 578 
778 533 529 558 
541 504 505 540 
773 538 547 542 
528 489 491 753 
580 581 534 527 
493 490 531 532 
559 530 539 562 
779 558 529 526 
772 559 562 764 
530 559 781 531 
536 534 581 556 
582 598 752 568 
752 598 625 606 
582 568 537 556 
540 543 561 769 
782 562 539 525 
541 540 769 560 
511 506 542 547 
541 560 773 542 
566 548 749 546 
546 579 545 750 
672 626 653 747 
551 739 574 569 
672 761 604 626 
773 560 590 563 
739 551 471 509 
434 436 650 734 
595 594 438 408 
575 572 633 607 
740 551 514 472 
499 537 568 552 
571 567 577 605 
531 781 780 532 
523 555 782 525 
675 679 693 683 
588 587 561 557 
557 544 545 766 
528 753 585 586 
585 610 608 586 
589 585 780 781 
558 779 586 601 
528 586 779 526 
613 587 611 759 
773 563 554 538 
766 774 588 557 
590 560 769 783 
603 765 775 578 
559 772 589 781 
573 597 743 564 
546 749 575 579 
606 625 635 577 
742 552 576 497 
594 593 437 438 
408 409 592 595 
570 751 497 576 
576 552 568 752 
591 592 409 410 
573 650 593 597 
436 437 593 650 
432 517 735 431 
565 572 575 749 
582 602 644 598 
429 624 623 428 
752 606 570 576 
584 554 563 590 
657 599 627 654 
768 604 761 630 
579 770 766 545 
601 771 778 558 
771 649 652 600 
556 581 602 582 
623 648 646 620 
755 609 637 662 
764 562 782 765 
639 612 613 759 
636 655 608 610 
771 601 628 649 
590 613 612 584 
592 591 615 618 
640 642 665 666 
763 762 589 772 
763 583 756 609 
596 703 643 614 
640 641 616 618 
650 573 550 734 
594 595 616 617 
597 617 651 743 
659 619 651 641 
411 412 596 614 
593 594 617 597 
570 606 577 567 
584 612 627 599 
698 696 683 693 
608 628 601 586 
727 645 684 705 
610 762 755 636 
579 575 607 770 
431 735 647 430 
745 743 651 619 
585 589 762 610 
655 664 628 608 
756 757 629 660 
756 660 637 609 
728 705 711 731 
611 587 588 768 
709 673 654 639 
759 611 638 663 
639 759 663 709 
692 702 685 681 
633 572 619 659 
618 616 595 592 
685 672 747 681 
607 633 653 626 
424 622 727 423 
622 621 645 727 
624 429 430 647 
656 635 625 669 
631 605 577 635 
746 632 667 687 
629 758 634 658 
660 674 691 637 
723 708 726 720 
611 768 630 638 
624 647 631 677 
649 628 664 754 
602 581 632 746 
654 627 612 639 
670 648 677 656 
664 655 676 713 
658 634 657 678 
658 674 660 629 
760 630 761 661 
719 718 417 418 
712 690 704 720 
618 615 642 640 
617 616 641 651 
615 643 668 642 
680 760 661 695 
708 703 414 415 
652 667 632 600 
625 598 644 669 
671 683 696 684 
648 623 624 677 
605 631 647 735 
635 656 677 631 
667 754 686 687 
670 675 683 671 
653 633 659 666 
662 707 636 755 
655 636 707 676 
644 602 746 679 
673 678 657 654 
719 721 699 710 
641 640 666 659 
672 685 661 761 
717 697 715 722 
760 680 638 630 
712 710 700 690 
754 664 713 686 
642 668 682 665 
695 702 725 704 
656 669 675 670 
694 668 643 703 
671 646 648 670 
423 727 705 422 
645 646 671 684 
747 653 666 665 
674 658 678 689 
689 688 699 706 
679 675 669 644 
662 697 717 707 
714 716 731 711 
678 673 688 689 
754 667 652 649 
663 638 680 690 
692 681 682 701 
668 694 701 682 
716 714 713 676 
695 661 685 702 
711 705 684 696 
698 693 687 686 
679 746 687 693 
673 709 700 688 
699 721 715 706 
706 691 674 689 
718 719 710 712 
662 637 691 697 
665 682 681 747 
701 694 723 725 
690 680 695 704 
711 696 698 714 
717 722 737 732 
713 714 698 686 
688 700 710 699 
721 729 722 715 
663 690 700 709 
708 723 694 703 
702 692 701 725 
697 691 706 715 
724 730 728 731 
718 712 720 726 
732 676 707 717 
737 736 730 724 
719 418 729 721 
723 720 704 725 
737 724 744 732 
726 708 415 416 
416 417 718 726 
716 744 724 731 
728 421 422 705 
729 418 419 736 
730 420 421 728 
736 419 420 730 
722 729 736 737 
738 549 501 512 
564 743 745 574 
744 716 676 732 
569 574 745 748 
567 518 751 570 
585 753 532 780 
757 756 583 764 
757 603 758 629 
609 755 762 763 
772 764 583 763 
757 764 765 603 
555 775 765 782 
599 657 634 767 
758 603 767 634 
767 603 578 776 
768 588 774 604 
774 766 770 604 
771 600 580 778 
777 776 520 524 
767 776 777 554 
613 590 783 587 
828 276 275 827 
2 816 818 3 
89 851 852 77 
815 858 861 819 
285 785 839 254 
1029 839 785 805 
870 256 255 1102 
1105 865 833 864 
864 258 257 832 
259 258 864 833 
865 260 259 833 
834 261 260 865 
261 834 835 262 
866 1107 952 836 
836 264 263 866 
940 1135 1149 1136 
266 820 821 267 
267 821 822 268 
823 269 268 822 
838 270 269 823 
271 824 830 272 
825 273 272 830 
273 825 831 274 
1 817 816 2 
800 803 978 798 
1081 978 803 809 
796 797 994 973 
953 951 880 935 
865 935 880 834 
832 900 1105 864 
811 801 799 1004 
1001 1025 1024 1002 
1005 810 795 1027 
892 850 847 886 
845 76 85 849 
4 815 819 5 
860 816 817 862 
875 830 824 877 
867 822 821 868 
879 820 837 881 
962 1127 1006 1013 
1021 995 973 994 
79 899 784 75 
856 843 1106 883 
937 1112 1116 930 
90 853 854 91 
1123 1122 930 1116 
1002 1003 802 814 
802 1003 1004 799 
5 819 848 83 
84 844 849 85 
76 845 846 82 
82 846 847 86 
840 88 87 850 
88 840 851 89 
81 841 853 90 
92 842 855 93 
93 855 843 74 
74 843 856 71 
71 856 857 80 
857 899 79 80 
829 0 277 826 
817 1 0 829 
815 4 3 818 
861 858 901 905 
826 277 276 828 
862 817 829 882 
859 860 902 903 
859 818 816 860 
898 844 848 863 
844 84 83 848 
820 266 265 837 
837 265 264 836 
869 867 907 909 
822 867 869 823 
270 838 824 271 
828 873 872 826 
827 275 274 831 
818 859 858 815 
882 829 826 872 
878 838 823 869 
825 871 874 831 
876 827 831 874 
832 257 256 870 
935 865 1105 1111 
917 908 868 879 
262 835 866 263 
881 837 836 952 
254 839 1102 255 
1104 870 1102 933 
850 87 86 847 
888 851 840 885 
841 889 890 853 
841 81 77 852 
842 92 91 854 
936 899 857 897 
887 846 845 893 
893 845 849 894 
886 847 846 887 
819 861 863 848 
922 946 1133 921 
927 926 1131 945 
923 924 892 886 
1106 884 1115 883 
853 890 896 854 
884 855 842 891 
856 883 897 857 
964 924 923 1132 
860 862 904 902 
873 828 827 876 
862 882 906 904 
887 893 922 921 
1138 961 901 903 
894 849 844 898 
933 934 957 950 
950 1111 1105 900 
868 821 820 879 
878 916 913 877 
879 881 918 917 
830 875 871 825 
877 824 838 878 
872 873 912 920 
871 875 910 911 
911 915 874 871 
909 916 878 869 
1138 903 902 939 
1136 941 907 908 
932 835 834 880 
908 907 867 868 
951 953 956 1129 
970 1142 942 1153 
902 904 1139 939 
842 854 896 891 
936 897 1112 937 
851 888 895 852 
954 1128 928 955 
1133 981 986 1132 
885 840 850 892 
921 923 886 887 
894 898 931 925 
852 895 889 841 
895 888 927 1119 
938 905 901 961 
898 863 919 931 
885 892 924 926 
888 885 926 927 
895 928 1121 889 
890 929 1122 896 
863 861 905 919 
900 1104 933 950 
958 993 953 935 
858 859 903 901 
961 1138 982 1152 
882 872 920 906 
876 874 915 914 
980 1143 967 1007 
938 965 919 905 
942 910 913 944 
1137 913 916 909 
1107 932 1117 960 
910 875 877 913 
943 912 914 1141 
914 912 873 876 
1141 963 984 943 
963 1141 914 915 
1142 911 910 942 
915 911 1142 963 
907 941 1137 909 
941 1147 969 1137 
1144 1006 1148 1031 
893 894 925 922 
943 1140 920 912 
1134 1055 968 945 
925 931 949 972 
945 1131 964 1134 
1131 926 924 964 
986 1134 964 1132 
966 955 959 988 
1130 945 968 947 
1121 929 890 889 
966 987 954 955 
1122 929 1128 930 
999 936 937 1022 
1116 1112 1115 1123 
919 965 949 931 
835 932 1107 866 
880 951 1117 932 
934 933 1102 839 
977 976 807 808 
1129 989 1117 951 
784 899 1103 813 
1103 899 936 999 
1000 954 987 1014 
985 949 965 1151 
971 948 1140 943 
974 973 995 998 
940 1136 908 917 
944 913 1137 969 
963 983 1016 984 
948 906 920 1140 
1147 990 991 1154 
789 1001 1002 814 
946 922 925 972 
955 928 1130 947 
939 1143 980 1150 
1143 939 1139 948 
950 957 979 958 
1107 960 1118 952 
918 881 952 1118 
976 975 806 807 
808 788 974 977 
1011 966 988 1071 
1128 954 1000 930 
959 955 947 968 
973 974 788 796 
962 1135 918 1118 
957 1029 975 979 
805 806 975 1029 
1025 1046 1047 1024 
1118 960 1127 962 
989 1127 960 1117 
938 961 1152 1155 
1019 1020 1059 1042 
1135 940 917 918 
983 963 1142 970 
1150 982 1138 939 
810 1005 1001 789 
992 1032 1007 967 
991 990 1017 1033 
942 944 1154 1153 
970 1009 1016 983 
984 1012 971 943 
948 971 967 1143 
985 1008 972 949 
1146 946 972 1008 
978 1081 1021 994 
997 996 1018 1030 
1029 957 934 839 
1110 993 958 979 
1144 1058 1048 1006 
797 798 978 994 
975 976 997 979 
1134 1039 1124 1055 
1023 982 1150 980 
1152 982 1023 1155 
991 970 1153 1154 
1045 1060 1063 1049 
968 1055 1114 959 
1026 1050 1046 1025 
1074 1047 1085 1082 
1047 1074 1061 1024 
993 1015 956 953 
962 1013 1149 1135 
1016 1009 1035 1036 
984 1016 1036 1012 
1009 970 991 1033 
1060 1053 1068 1073 
992 967 971 1012 
976 977 996 997 
979 997 1030 1110 
998 996 977 974 
1058 1062 1038 1048 
813 1103 1027 795 
1000 1022 937 930 
1071 988 1010 1085 
811 1004 1092 787 
1024 1061 1003 1002 
999 1041 1027 1103 
1031 1129 956 1015 
1032 1053 1040 1007 
980 1007 1040 1023 
1035 1009 1033 1051 
1114 1010 988 959 
1026 1025 1001 1005 
987 966 1011 1050 
1014 1108 1022 1000 
1030 1034 993 1110 
1019 1018 996 998 
990 1013 1038 1017 
1017 1052 1051 1033 
1034 1030 1018 1043 
998 995 1020 1019 
995 1021 1044 1020 
1120 1052 1062 1069 
1088 1081 809 794 
1061 1092 1004 1003 
1041 1026 1005 1027 
1050 1026 1041 1108 
1041 999 1022 1108 
1028 1045 1049 1008 
1008 985 1151 1028 
1129 1031 1148 989 
1034 1072 1015 993 
1064 992 1012 1036 
1079 1097 1095 1089 
1052 1017 1038 1062 
1075 1064 1054 1100 
1018 1019 1042 1043 
1054 1035 1051 1066 
1036 1035 1054 1064 
1008 1049 1057 1146 
1076 1087 1082 1056 
1013 1006 1048 1038 
946 1146 981 1133 
1040 1053 1060 1045 
1023 1040 1045 1028 
1043 1126 1072 1034 
1059 1020 1044 1113 
1044 1021 1081 1070 
1073 1077 1063 1060 
1037 1056 1010 1114 
787 1092 1083 792 
1144 1072 1126 1058 
1084 1057 1049 1063 
1124 1037 1114 1055 
1014 987 1050 1108 
1050 1011 1071 1046 
1066 1091 1100 1054 
1086 1065 1080 1093 
1064 1075 1032 992 
1073 1068 1090 1079 
1065 1066 1051 1052 
1067 1039 1057 1084 
1146 1057 1039 981 
1125 1043 1042 1059 
1069 1062 1145 1125 
1078 1113 1044 1070 
1085 1047 1046 1071 
1092 1061 1074 1083 
1145 1062 1058 1126 
1076 1109 1094 1087 
1100 1091 1098 1090 
1087 1083 1074 1082 
1084 1063 1077 1109 
1037 1067 1076 1056 
1075 1068 1053 1032 
1125 1145 1126 1043 
1113 1078 1120 1069 
1093 1078 1088 1101 
1031 1015 1072 1144 
1099 1094 1089 1095 
1052 1120 1080 1065 
1076 1067 1084 1109 
1073 1079 1089 1077 
1059 1113 1069 1125 
1090 1068 1075 1100 
791 786 1095 1097 
1093 1101 1096 1086 
793 792 1083 1099 
1085 1010 1056 1082 
1098 1096 790 812 
1066 1065 1086 1091 
1070 1081 1088 1078 
1087 1094 1099 1083 
812 791 1097 1098 
1090 1098 1097 1079 
1078 1093 1080 1120 
804 790 1096 1101 
1089 1094 1109 1077 
786 793 1099 1095 
1091 1086 1096 1098 
1101 1088 794 804 
1104 900 832 870 
1106 843 855 884 
958 935 1111 950 
1112 897 883 1115 
1123 1115 884 891 
928 895 1119 1130 
1130 1119 927 945 
929 1121 928 1128 
896 1122 1123 891 
1124 1039 1067 1037 
1127 989 1148 1006 
1132 923 921 1133 
986 981 1039 1134 
1139 904 906 948 
941 1136 1149 1156 
990 1156 1149 1013 
1147 941 1156 990 
1028 1151 1155 1023 
1155 1151 965 938 
1154 944 969 1147 
</DataArray>
<DataArray type="Int32" Name="offsets" format="ascii">
4 8 12 16 20 24 28 32 36 40 44 48 52 56 60 64 68 72 76 80 84 88 92 96 100 104 108 112 116 120 124 128 132 136 140 144 148 152 156 160 164 168 172 176 180 184 188 192 196 200 204 208 212 216 220 224 228 232 236 240 244 248 252 256 260 264 268 272 276 280 284 288 292 296 300 304 308 312 316 320 324 328 332 336 340 344 348 352 356 360 364 368 372 376 380 384 388 392 396 400 404 408 412 416 420 424 428 432 436 440 444 448 452 456 460 464 468 472 476 480 484 488 492 496 500 504 508 512 516 520 524 528 532 536 540 544 548 552 556 560 564 568 572 576 580 584 588 592 596 600 604 608 612 616 620 624 628 632 636 640 644 648 652 656 660 664 668 672 676 680 684 688 692 696 700 704 708 712 716 720 724 728 732 736 740 744 748 752 756 760 764 768 772 776 780 784 788 792 796 800 804 808 812 816 820 824 828 832 836 840 844 848 852 856 860 864 868 872 876 880 884 888 892 896 900 904 908 912 916 920 924 928 932 936 940 944 948 952 956 960 964 968 972 976 980 984 988 992 996 1000 1004 1008 1012 1016 1020 1024 1028 1032 1036 1040 1044 1048 1052 1056 1060 1064 1068 1072 1076 1080 1084 1088 1092 1096 1100 1104 1108 1112 1116 1120 1124 1128 1132 1136 1140 1144 1148 1152 1156 1160 1164 1168 1172 1176 1180 1184 1188 1192 1196 1200 1204 1208 1212 1216 1220 1224 1228 1232 1236 1240 1244 1248 1252 1256 1260 1264 1268 1272 1276 1280 1284 1288 1292 1296 1300 1304 1308 1312 1316 1320 1324 1328 1332 1336 1340 1344 1348 1352 1356 1360 1364 1368 1372 1376 1380 1384 1388 1392 1396 1400 1404 1408 1412 1416 1420 1424 1428 1432 1436 1440 1444 1448 1452 1456 1460 1464 1468 1472 1476 1480 1484 1488 1492 1496 1500 1504 1508 1512 1516 1520 1524 1528 1532 1536 1540 1544 1548 1552 1556 1560 1564 1568 1572 1576 1580 1584 1588 1592 1596 1600 1604 1608 1612 1616 1620 1624 1628 1632 1636 1640 1644 1648 1652 1656 1660 1664 1668 1672 1676 1680 1684 1688 1692 1696 1700 1704 1708 1712 1716 1720 1724 1728 1732 1736 1740 1744 1748 1752 1756 1760 1764 1768 1772 1776 1780 1784 1788 1792 1796 1800 1804 1808 1812 1816 1820 1824 1828 1832 1836 1840 1844 1848 1852 1856 1860 1864 1868 1872 1876 1880 1884 1888 1892 1896 1900 1904 1908 1912 1916 1920 1924 1928 1932 1936 1940 1944 1948 1952 1956 1960 1964 1968 1972 1976 1980 1984 1988 1992 1996 2000 2004 2008 2012 2016 2020 2024 2028 2032 2036 2040 2044 2048 2052 2056 2060 2064 2068 2072 2076 2080 2084 2088 2092 2096 2100 2104 2108 2112 2116 2120 2124 2128 2132 2136 2140 2144 2148 2152 2156 2160 2164 2168 2172 2176 2180 2184 2188 2192 2196 2200 2204 2208 2212 2216 2220 2224 2228 2232 2236 2240 2244 2248 2252 2256 2260 2264 2268 2272 2276 2280 2284 2288 2292 2296 2300 2304 2308 2312 2316 2320 2324 2328 2332 2336 2340 2344 2348 2352 2356 2360 2364 2368 2372 2376 2380 2384 2388 2392 2396 2400 2404 2408 2412 2416 2420 2424 2428 2432 2436 2440 2444 2448 2452 2456 2460 2464 2468 2472 2476 2480 2484 2488 2492 2496 2500 2504 2508 2512 2516 2520 2524 2528 2532 2536 2540 2544 2548 2552 2556 2560 2564 2568 2572 2576 2580 2584 2588 2592 2596 2600 2604 2608 2612 2616 2620 2624 2628 2632 2636 2640 2644 2648 2652 2656 2660 2664 2668 2672 2676 2680 2684 2688 2692 2696 2700 2704 2708 2712 2716 2720 2724 2728 2732 2736 2740 2744 2748 2752 2756 2760 2764 2768 2772 2776 2780 2784 2788 2792 2796 2800 2804 2808 2812 2816 2820 2824 2828 2832 2836 2840 2844 2848 2852 2856 2860 2864 2868 2872 2876 2880 2884 2888 2892 2896 2900 2904 2908 2912 2916 2920 2924 2928 2932 2936 2940 2944 2948 2952 2956 2960 2964 2968 2972 2976 2980 2984 2988 2992 2996 3000 3004 3008 3012 3016 3020 3024 3028 3032 3036 3040 3044 3048 3052 3056 3060 3064 3068 3072 3076 3080 3084 3088 3092 3096 3100 3104 3108 3112 3116 3120 3124 3128 3132 3136 3140 3144 3148 3152 3156 3160 3164 3168 3172 3176 3180 3184 3188 3192 3196 3200 3204 3208 3212 3216 3220 3224 3228 3232 3236 3240 3244 3248 3252 3256 3260 3264 3268 3272 3276 3280 3284 3288 3292 3296 3300 3304 3308 3312 3316 3320 3324 3328 3332 3336 3340 3344 3348 3352 3356 3360 3364 3368 3372 3376 3380 3384 3388 3392 3396 3400 3404 3408 3412 3416 3420 3424 3428 3432 3436 3440 3444 3448 3452 3456 3460 3464 3468 3472 3476 3480 3484 3488 3492 3496 3500 3504 3508 3512 3516 3520 3524 3528 3532 3536 3540 3544 3548 3552 3556 3560 3564 3568 3572 3576 3580 3584 3588 3592 3596 3600 3604 3608 3612 3616 3620 3624 3628 3632 3636 3640 3644 3648 3652 3656 3660 3664 3668 3672 3676 3680 3684 3688 3692 3696 3700 3704 3708 3712 3716 3720 3724 3728 3732 3736 3740 3744 3748 3752 3756 3760 3764 3768 3772 3776 3780 3784 3788 3792 3796 3800 3804 3808 3812 3816 3820 3824 3828 3832 3836 3840 3844 3848 3852 3856 3860 3864 3868 3872 3876 3880 3884 3888 3892 3896 3900 3904 3908 3912 3916 3920 3924 3928 3932 3936 3940 3944 3948 3952 3956 3960 3964 3968 3972 3976 3980 3984 3988 3992 3996 4000 4004 4008 4012 4016 4020 4024 4028 4032 4036 4040 4044 4048 4052 4056 4060 4064 4068 4072 4076 4080 4084 4088 4092 4096 4100 4104 4108 4112 4116 4120 4124 4128 4132 4136 4140 4144 4148 4152 4156 4160 4164 4168 4172 4176 4180 4184 4188 4192 4196 4200 4204 4208 4212 4216 4220 4224 4228 4232 4236 4240 4244 4248 4252 4256 4260 4264 4268 4272 4276 4280 4284 4288 4292 4296 4300 4304 4308 4312 4316 4320 4324 4328 4332 4336 4340 4344 4348 4352 4356 4360 4364 4368 4372 4376 4380 4384 4388 4392 4396 4400 4404 4408 4412 4416 4420 4424 4428 4432 4436 4440 4444 4448 4452 4456 4460 4464 4468 
</DataArray>
<DataArray type="UInt8" Name="types" format="ascii">
9 9 9 9 9 9 9 9 9 9 9 9 9 9 9 9 9 9 9 9 9 9 9 9 9 9 9 9 9 9 9 9 9 9 9 9 9 9 9 9 9 9 9 9 9 9 9 9 9 9 9 9 9 9 9 9 9 9 9 9 9 9 9 9 9 9 9 9 9 9 9 9 9 9 9 9 9 9 9 9 9 9 9 9 9 9 9 9 9 9 9 9 9 9 9 9 9 9 9 9 9 9 9 9 9 9 9 9 9 9 9 9 9 9 9 9 9 9 9 9 9 9 9 9 9 9 9 9 9 9 9 9 9 9 9 9 9 9 9 9 9 9 9 9 9 9 9 9 9 9 9 9 9 9 9 9 9 9 9 9 9 9 9 9 9 9 9 9 9 9 9 9 9 9 9 9 9 9 9 9 9 9 9 9 9 9 9 9 9 9 9 9 9 9 9 9 9 9 9 9 9 9 9 9 9 9 9 9 9 9 9 9 9 9 9 9 9 9 9 9 9 9 9 9 9 9 9 9 9 9 9 9 9 9 9 9 9 9 9 9 9 9 9 9 9 9 9 9 9 9 9 9 9 9 9 9 9 9 9 9 9 9 9 9 9 9 9 9 9 9 9 9 9 9 9 9 9 9 9 9 9 9 9 9 9 9 9 9 9 9 9 9 9 9 9 9 9 9 9 9 9 9 9 9 9 9 9 9 9 9 9 9 9 9 9 9 9 9 9 9 9 9 9 9 9 9 9 9 9 9 9 9 9 9 9 9 9 9 9 9 9 9 9 9 9 9 9 9 9 9 9 9 9 9 9 9 9 9 9 9 9 9 9 9 9 9 9 9 9 9 9 9 9 9 9 9 9 9 9 9 9 9 9 9 9 9 9 9 9 9 9 9 9 9 9 9 9 9 9 9 9 9 9 9 9 9 9 9 9 9 9 9 9 9 9 9 9 9 9 9 9 9 9 9 9 9 9 9 9 9 9 9 9 9 9 9 9 9 9 9 9 9 9 9 9 9 9 9 9 9 9 9 9 9 9 9 9 9 9 9 9 9 9 9 9 9 9 9 9 9 9 9 9 9 9 9 9 9 9 9 9 9 9 9 9 9 9 9 9 9 9 9 9 9 9 9 9 9 9 9 9 9 9 9 9 9 9 9 9 9 9 9 9 9 9 9 9 9 9 9 9 9 9 9 9 9 9 9 9 9 9 9 9 9 9 9 9 9 9 9 9 9 9 9 9 9 9 9 9 9 9 9 9 9 9 9 9 9 9 9 9 9 9 9 9 9 9 9 9 9 9 9 9 9 9 9 9 9 9 9 9 9 9 9 9 9 9 9 9 9 9 9 9 9 9 9 9 9 9 9 9 9 9 9 9 9 9 9 9 9 9 9 9 9 9 9 9 9 9 9 9 9 9 9 9 9 9 9 9 9 9 9 9 9 9 9 9 9 9 9 9 9 9 9 9 9 9 9 9 9 9 9 9 9 9 9 9 9 9 9 9 9 9 9 9 9 9 9 9 9 9 9 9 9 9 9 9 9 9 9 9 9 9 9 9 9 9 9 9 9 9 9 9 9 9 9 9 9 9 9 9 9 9 9 9 9 9 9 9 9 9 9 9 9 9 9 9 9 9 9 9 9 9 9 9 9 9 9 9 9 9 9 9 9 9 9 9 9 9 9 9 9 9 9 9 9 9 9 9 9 9 9 9 9 9 9 9 9 9 9 9 9 9 9 9 9 9 9 9 9 9 9 9 9 9 9 9 9 9 9 9 9 9 9 9 9 9 9 9 9 9 9 9 9 9 9 9 9 9 9 9 9 9 9 9 9 9 9 9 9 9 9 9 9 9 9 9 9 9 9 9 9 9 9 9 9 9 9 9 9 9 9 9 9 9 9 9 9 9 9 9 9 9 9 9 9 9 9 9 9 9 9 9 9 9 9 9 9 9 9 9 9 9 9 9 9 9 9 9 9 9 9 9 9 9 9 9 9 9 9 9 9 9 9 9 9 9 9 9 9 9 9 9 9 9 9 9 9 9 9 9 9 9 9 9 9 9 9 9 9 9 9 9 9 9 9 9 9 9 9 9 9 9 9 9 9 9 9 9 9 9 9 9 9 9 9 9 9 9 9 9 9 9 9 9 9 9 9 9 9 9 9 9 9 9 9 9 9 9 9 9 9 9 9 9 9 9 9 9 9 9 9 9 9 9 9 9 9 9 9 9 9 9 9 9 9 9 9 9 9 9 9 9 9 9 9 9 9 9 9 9 9 9 9 9 9 9 9 9 9 9 9 9 9 9 9 9 9 9 9 9 9 9 9 9 9 9 9 9 9 9 9 9 9 9 9 9 9 9 9 9 9 9 9 9 9 9 9 9 9 9 9 9 9 9 9 9 9 9 9 9 9 9 9 9 9 9 9 9 9 9 9 9 9 9 9 9 9 9 9 9 9 9 9 9 9 9 9 9 9 9 9 9 9 9 9 9 9 9 9 9 9 9 9 9 9 9 9 9 9 9 9 9 9 9 9 9 
</DataArray>
</Cells>
<PointData>
<DataArray type="Float64" Name="phi" NumberOfComponents="1" format="ascii">
0.6088540792912915 
0.6021163678285361 
0.5890615468681015 
0.5691346122825661 
0.5436829363431248 
0.5145241773018027 
0.7122568409137312 
0.6999306691929995 
0.676892308762453 
0.644072548502733 
0.6050844759514856 
0.5634257854329702 
0.8362670329336789 
0.8133898264944422 
0.7695733743096257 
0.7162792570261782 
0.6596025499190717 
0.6041481789360997 
1 
0.9156836423117871 
0.840540612776797 
0.7650631701477709 
0.6934821461086969 
0.6279289913223378 
1 
0.9158122365551882 
0.8407224535247422 
0.7652538765189368 
0.6936553703093956 
0.6280762597236307 
0.8364653240901548 
0.8137138532545064 
0.7700011940289794 
0.7167408113576739 
0.6600497504181968 
0.6045549810701407 
0.7125886225678513 
0.7003600455987348 
0.6774086658239249 
0.6446466951323261 
0.6056805408391598 
0.5640145375496253 
0.6093202056005527 
0.6026407408166849 
0.5896144600784048 
0.5697186283114664 
0.5443125779540972 
0.5152264210508875 
0.1843419818704674 
0.1847644319424912 
0.1856089941606333 
0.1882224763934165 
0.191922431118592 
0.1973785670400828 
0.2042708443177009 
0.2123850004728992 
0.2215692741358251 
0.2317630416076801 
0.2431864389166206 
0.2559037378687977 
0.2700366274499044 
0.2857163095479789 
0.303118892529664 
0.3224318566021282 
0.3439893262101735 
0.3678292655030417 
0.3940134311714523 
0.4223979359361698 
0.4526261369561264 
0.4839797594914829 
0.1869141636961834 
0.1973663037344745 
0.1843505432348722 
0.1847919877848432 
0.2041793048484267 
0.1869498484469518 
0.3934085921637488 
0.2697939731103257 
0.1856626032481873 
0.1883654877686023 
0.1919739941736857 
0.2557227599906051 
0.3673146984209839 
0.4832435563629206 
0.4519067009343062 
0.4217243027749309 
0.343546335436582 
0.322072635333192 
0.3027517753910682 
0.2854042474256689 
0.2430562010016353 
0.2316526487575761 
0.2213932258068376 
0.2122262669295661 
0.5218099169213541 
0.551791089451146 
0.5685755915380278 
0.568448855035446 
0.5514280410230827 
0.5212473020905001 
0.48172772359352 
0.5039753376301429 
0.5160979298165905 
0.5159866891707473 
0.5036487446904007 
0.4812000349166411 
0.4446971897926194 
0.4612781939591955 
0.4701312102095109 
0.4700309498275357 
0.4609811451519044 
0.4442105857037568 
0.411067872244367 
0.4234752744812678 
0.4299946955555742 
0.4299036006159181 
0.4232053909508791 
0.4106281162721249 
0.3808549222964188 
0.3901591987724404 
0.3949858752684594 
0.3949046556705705 
0.3899190924065543 
0.3804664009696579 
0.3538876795154656 
0.360862678658656 
0.3644432423597952 
0.364373366630582 
0.3606565080447137 
0.3535565770479338 
0.3299190025113048 
0.3351209913982323 
0.3377688824447086 
0.3377098879582124 
0.3349467153676584 
0.3296376046839188 
0.3086585488115639 
0.3124908418190374 
0.3144280780623053 
0.3143773379140328 
0.3123393739888421 
0.3084071836594017 
0.2897725145125208 
0.2925488714989553 
0.2939421670294453 
0.2938978113235498 
0.2924161791828571 
0.2895507358113066 
0.2729439573613463 
0.2749131151209931 
0.2758907110992028 
0.2758523169750129 
0.2747998746332645 
0.2727617104698873 
0.2579174399657152 
0.2592597133741238 
0.2599165651235288 
0.2598839050887671 
0.2591652576287746 
0.2577717475359657 
0.2444795214539799 
0.2453227220921449 
0.2457262483603862 
0.2456988332719861 
0.2452440362738068 
0.2443630028672171 
0.2324588776603797 
0.2328891280268223 
0.2330878967400758 
0.2330649897926319 
0.2328218792829167 
0.2323536366380712 
0.2217109457145983 
0.2217987682515896 
0.2218304875234116 
0.221811860021654 
0.2217405477177887 
0.2216059345761086 
0.2121339889284798 
0.2119496854076004 
0.2118478394373156 
0.2118350891324265 
0.2119065217444839 
0.21204488934393 
0.2037162404049866 
0.2033197519264265 
0.2031121526843592 
0.2031078366569 
0.2033020970238885 
0.203671562975561 
0.1965631727932193 
0.1959908733838982 
0.195697396061805 
0.1957013339146634 
0.1960017021047815 
0.1965720484285484 
0.1908875012216609 
0.1901738227441712 
0.1898114106721323 
0.1898195144042324 
0.1902002372119116 
0.1909399580342972 
0.1870544606925502 
0.1862400069758083 
0.1858329648618685 
0.1858414486762219 
0.1862677525379259 
0.1871079045078703 
1 
1 
1 
1 
1 
1 
1 
1 
1 
1 
1 
1 
1 
1 
1 
1 
1 
1 
1 
1 
1 
1 
1 
1 
1 
1 
1 
1 
1 
1 
1 
1 
1 
1 
1 
1 
1 
1 
1 
1 
1 
1 
1 
1 
0.8455086131953341 
0.7142869702046644 
0.6029318506522171 
0.6060995482640523 
0.6071905890260133 
0.6070509859816693 
0.6070454991944508 
0.6073086905196869 
0.6058554891886857 
0.6056567787092365 
0.6062489905789749 
0.6067596553025992 
0.6071582117158197 
0.6074303954865108 
0.6076906291693444 
0.607957961771983 
0.6082948372303589 
0.6086885411456876 
0.6091012327904278 
0.609480505977908 
0.6098848933099882 
0.6104293853207468 
0.6110360027082239 
0.6116815334900432 
0.6120162243577685 
0.6115052236635283 
0.6104874948966308 
0.601032299241268 
1 
1 
0.6093110541748353 
0.6118564226936355 
0.6068643018512591 
0.6025753529422342 
0.607819068692903 
0.6072911996933823 
0.6067948399477167 
0.6099016228222185 
0.6066069843302134 
0.6066727020959063 
0.6122969883503639 
0.6070889899969728 
0.6075053397008698 
0.6073613959363796 
0.611867557069639 
0.6082345310595484 
0.6067632074014107 
0.6066839677903293 
0.6111766867711756 
0.608776675837299 
0.607241553568274 
0.6072054425328334 
0.6058157775109335 
0.601755517009064 
0.7134973002490095 
0.8451711604529892 
1 
1 
1 
1 
0.8470069995654512 
0.7181691939337294 
0.8478975881167959 
0.7198665512139499 
0.8481179963897527 
0.7199180312521883 
0.8480237243843247 
0.7196177545135467 
0.8478439591588212 
0.7192205156177038 
0.8476453584460513 
0.7188200709068733 
0.8474487897172841 
0.7184352252540108 
0.8472615140554104 
0.7180646341391733 
0.8470909946018813 
0.7177261217454057 
0.8469474521898344 
0.717440992721492 
0.8468378962958367 
0.7172329893361786 
0.8467583914545668 
0.7170971407859753 
0.8466922427276531 
0.7169895487754929 
0.8466259629781799 
0.7168553019352137 
0.8465657508339165 
0.7167183910785017 
0.8465258545253351 
0.7166470765450046 
0.8465057880864675 
0.7166257683786186 
0.8464984706137908 
0.7166031837046793 
0.8465096673424781 
0.716614516881302 
0.8465356857190693 
0.7167090101264577 
0.8465146530120558 
0.7167718942803616 
0.846316303863747 
0.716491680700838 
0.8458857350857187 
0.7154633755859818 
0.8453918623921393 
0.7141601318523161 
0.7179221813919657 
0.8468798738678354 
0.7196843351077519 
0.8478055017266898 
0.7197862896136862 
0.8480523388805007 
0.7195323775625553 
0.8479812360251325 
0.7191790388360911 
0.8478262085846617 
0.7188409296461236 
0.8476589801953694 
0.7185410601010135 
0.8475018938740579 
0.7182639567508285 
0.8473549705272078 
0.7179907617343049 
0.8472144059491609 
0.7177297605677164 
0.8470817547279844 
0.7174980219648238 
0.8469613491827255 
0.7172945423559742 
0.8468527841125766 
0.7171018493217287 
0.8467479869337747 
0.7168880012409933 
0.8466349348077442 
0.7166291473693737 
0.8465067967761406 
0.7163352218105898 
0.8463839256573699 
0.7161547332599953 
0.8463280807619976 
0.7163215149925046 
0.8463789787547356 
0.7166434926633263 
0.846488071014402 
0.716814546993664 
0.8465608958871498 
0.7167816920674313 
0.8465421757632897 
0.7165538073073652 
0.846378487905783 
0.7157738319564413 
0.8460495788511495 
0.7147877865460965 
0.8456755740541005 
0.2150048956859505 
0.2189080478537409 
0.22177038123743 
0.2239565853525869 
0.2254934953871342 
0.2102617600958182 
0.1804619152310186 
0.1483861285930869 
0.116505723197497 
0.08682457371960185 
0.05971116479170967 
0.04141560962389761 
0.02875928802754321 
0.02138274998100605 
0.01746172787205898 
0.01611097915101489 
0.01572567345686431 
0.01741912278756008 
0.02311091336833405 
0.03416385301578187 
0.05332814528502929 
0.08537599551814255 
0.1382266241989165 
0.2250255709477861 
0.3693418641496634 
0.01567134411481363 
0.1912309810829309 
0.2260133163287138 
0.1974930970070336 
0.203815226871751 
0.2098984306924275 
0.4815107998529987 
0.5001607565848947 
0.504067309882762 
0.4927422603203123 
0.4677635953318742 
0.4969405898905701 
0.4905080292314923 
0.4809410471561422 
0.4786167352594262 
0.4796501714601265 
0.4823514858659924 
0.5022131380149153 
0.4999917150110426 
0.4983289339121398 
0.5041666959783565 
0.4970042918449074 
0.4938044885434085 
0.4845195759687035 
0.4813493408545687 
0.4754462614898514 
0.4901613403169332 
0.4902683380026243 
0.4959520481402099 
0.4745130947667798 
0.4375727149945088 
0.3097992603009814 
0.3434285269819246 
0.365083512035784 
0.3881701713853962 
0.4117611100767313 
0.4522542292271725 
0.4341325589572883 
0.2240903263843619 
0.2492713494327299 
0.2772331633750457 
0.2931602564843452 
0.32474005889066 
0.4126204958002747 
0.4181619761100789 
0.4204380733009389 
0.4064724764020087 
0.4166316280043639 
0.3991428123329039 
0.4762035394058106 
0.4963862627221964 
0.4902179124234873 
0.378001085855163 
0.3749701421283912 
0.3869210152413328 
0.405442176897102 
0.3946512813765217 
0.4024373262938611 
0.3957667956995879 
0.3914773009221192 
0.3989430702053025 
0.3849181374435053 
0.3780320599468681 
0.3908130398778214 
0.3907082197477207 
0.3671592261224076 
0.3763257110101302 
0.4101401935770129 
0.2067240756297532 
0.2311560208986261 
0.2625476638217392 
0.3540232971366238 
0.3351645838911958 
0.3726358794946474 
0.2978449390349997 
0.2973776184035744 
0.2148885382280572 
0.3165826540705801 
0.3879296714513192 
0.2000789289061457 
0.2831968816466068 
0.2421938979991941 
0.1920400293784306 
0.3920755248154335 
0.3618175291582804 
0.3977048782036163 
0.2002716228012791 
0.3425196630219087 
0.3522143028471387 
0.3452908326442442 
0.3561654794487398 
0.3406946850581252 
0.3465109668425015 
0.3116613677936795 
0.2907601217143053 
0.3033845731411625 
0.3060600238335565 
0.3263464155004483 
0.3231606730285632 
0.3184731735367289 
0.2971409936860797 
0.291272497006037 
0.3325936114921019 
0.3107960518340375 
0.3031462681081641 
0.3305064048437683 
0.3339712474076006 
0.3055746770525321 
0.3206507667047421 
0.33653761290695 
0.2907928073519534 
0.276622593666334 
0.2611418787616812 
0.2588327131804283 
0.3520192548131597 
0.2546706197469485 
0.2082991196293896 
0.1972066643127584 
0.2290798319304784 
0.3583534876060172 
0.3867286856445937 
0.2718123576067453 
0.312988085165141 
0.2535720512828815 
0.2545199873604781 
0.243397982995294 
0.2614959838968088 
0.288926785677088 
0.2640103841709388 
0.2708028896563064 
0.2772608232411446 
0.2072540976864753 
0.2354731534909989 
0.2682099437877137 
0.307278249036276 
0.2726157388331023 
0.2262690763721025 
0.3004506118964418 
0.3066491210533206 
0.2258859554686534 
0.2021081386061631 
0.2164436937277328 
0.2362941903873373 
0.315114158349297 
0.2161052425225478 
0.2847799171610724 
0.2476121316387508 
0.2265831716859191 
0.2112971314892972 
0.2137870500830977 
0.1812091095530733 
0.2343363858108014 
0.2228372306869693 
0.2191320156409375 
0.2323380531535655 
0.2313447323198758 
0.2091025091306908 
0.25190941849489 
0.2151831756744129 
0.2151299908978123 
0.2043288931340315 
0.2093205647612484 
0.2130921499571038 
0.2108617736125251 
0.2063951508929848 
0.1850436360669189 
0.2105161449189813 
0.1812341240311241 
0.1953671113859962 
0.1683662908222029 
0.2288316470553957 
0.2178795721523233 
0.2134569838604453 
0.2250589917645004 
0.2257054189781603 
0.1472119203806466 
0.1388448134170431 
0.1523746543639745 
0.2013818479079627 
0.2067486417226262 
0.2180734492947676 
0.2133546787950248 
0.2056023131898276 
0.2107989361019786 
0.2095362359539129 
0.2096863184525384 
0.2162136127415517 
0.03558822724913518 
0.02373516261798188 
0.0175697282748065 
0.05544782067752196 
0.08729900205116094 
0.1643133123320517 
0.2128558894286522 
0.1970282370163888 
0.1445400500406645 
0.1680243424999859 
0.1928253758357615 
0.141895764557935 
0.1596514602973042 
0.2184870228618014 
0.1888102441584093 
0.1504004666850482 
0.1090560701919877 
0.1162204570759485 
0.1791504091067476 
0.1784495842687317 
0.206371001247581 
0.2103608095005925 
0.1993392079713615 
0.1974272052535928 
0.1393834241303157 
0.02595166649796904 
0.03955835367199408 
0.1378857152397437 
0.0609018377453344 
0.1470035641233948 
0.1990710003107227 
0.2115863595476585 
0.1517804915195633 
0.2086585763769427 
0.1734457304294077 
0.1008291516615129 
0.1034302384159908 
0.1780477485464912 
0.1541344558413948 
0.2127536006384697 
0.14018819212325 
0.1826774875914828 
0.09683958789947743 
0.1616887417666078 
0.1025664122435968 
0.1971579967846604 
0.2060686504637929 
0.1283967073244407 
0.1886533986468971 
0.11814806903831 
0.0701576226803145 
0.04706900448576407 
0.1990321433519902 
0.1446602367593452 
0.1251847749543082 
0.08412708736395187 
0.06600768817396477 
0.09308117892451558 
0.1460371467135411 
0.1039794798936384 
0.1655667773890626 
0.186657310243756 
0.1862651384183355 
0.05949700821798719 
0.03132016708214924 
0.1848516081150376 
0.08330741937892626 
0.101664288263897 
0.1167350147229884 
0.1170477660980932 
0.138312122706396 
0.1003959614019439 
0.1770982258075878 
0.07774079771797184 
0.173148239033266 
0.1652972516704088 
0.04267285428395209 
0.0802528814403124 
0.05997922530156986 
0.09148033654120012 
0.1237002828329286 
0.1735533202711094 
0.1709035715463491 
0.1817066997763777 
0.1464669990898987 
0.02120718944237115 
0.09181292237109713 
0.08092702784859226 
0.1493529572464055 
0.1499726885880318 
0.09892289553995047 
0.03315077611266957 
0.1125748737722768 
0.071912765613249 
0.04959775510727019 
0.07106490577426508 
0.04517035142645488 
0.0645689522405139 
0.09561927185612634 
0.07781255048526191 
0.1305262724717313 
0.06974594936923845 
0.05539402776759055 
0.1520261445464945 
0.03540866132958227 
0.1593132780626117 
0.1205323047088373 
0.01854376768322848 
0.02379465131857589 
0.0529605231500354 
0.02979626681852212 
0.03145758095381854 
0.05244458859301119 
0.1953323856731199 
0.1955366818991022 
0.2189592153828049 
0.04006740184612907 
0.04383917897197264 
0.2026385975977153 
0.2166282329318574 
0.2380205422080042 
0.4214213236510641 
0.4105799681853951 
0.2104752473976804 
0.04357864892002849 
0.2166262236513189 
0.1297688416106093 
0.1976362178362344 
0.2231689184646626 
0.2460554118190456 
0.2740870339389271 
0.3863108471440826 
0.2437660828361057 
0.304161123049125 
0.1110795409681061 
0.1219431246345347 
0.160579281834733 
0.190565454060564 
0.1934225554360446 
0.1883722367017808 
0.1805255602684708 
0.1983084083406806 
0.1594805749315141 
0.170271711097473 
0.2175274525210739 
0.254068412231079 
0.245283828720853 
0.2338607402151875 
0.2105351920089708 
0.2769225204625136 
0.2344735073407495 
0.1878543042319361 
0.2115202908984073 
0.3059310229431358 
0.2312036258559641 
0.2973991595395863 
0.2847338595438873 
0.2971991656844261 
0.2347432655722418 
0.2553041316288694 
0.2632854482024211 
0.258500101532547 
0.2915343463200116 
0.2530604672760728 
0.1918421810023688 
0.3876882683734956 
0.08643915152697142 
0.1809460532806103 
0.04456953893592737 
0.2169991369136371 
0.02852001082290723 
0.06062127235906555 
0.1480862567112414 
0.1162699129604127 
0.01775671368700002 
0.2057309011458266 
0.03022343740540285 
0.02168144697049907 
0.01715302177485043 
0.2249384502052207 
0.01576726582304028 
0.2255335536522939 
0.2233281064910389 
0.01575659428445544 
0.02142525953160649 
0.248591184876161 
0.1609037245346115 
0.1040656985138937 
0.06760846891439597 
0.01608814151597643 
0.2120046178209629 
0.2103791891581542 
0.0410739949911272 
0.1986590994754318 
0.2207071151463618 
0.4738146072307012 
0.4962394312398546 
0.5000447255646244 
0.4869921913040129 
0.4559385728931817 
0.5002064712924283 
0.5020865281196631 
0.5037116923200915 
0.5051585454763747 
0.4993515963068497 
0.4934868952334206 
0.4998154790649809 
0.4952232629794862 
0.4968340622711513 
0.5002110637858951 
0.4946897989405746 
0.4928415887398429 
0.500945526554288 
0.5239967310590189 
0.4607860132271487 
0.4712496021198994 
0.4903462905947628 
0.4961487750754888 
0.5043594937866388 
0.382129066850656 
0.2951672070733307 
0.2521932930273745 
0.2213087993741284 
0.206317392664555 
0.4140601628447084 
0.371239170058488 
0.3506296101977469 
0.3309396493362749 
0.4354933412291521 
0.3922432378674021 
0.3123262591800825 
0.2790139738597595 
0.2646023202242889 
0.2406877708702677 
0.2304337983281699 
0.2132214092408986 
0.2010100769167392 
0.1970546663704305 
0.4083899612852437 
0.4128560815846667 
0.4141130944968983 
0.3988017842634928 
0.4132302484749499 
0.3858522068973387 
0.5073756664908702 
0.4534630664569299 
0.4806736297681083 
0.4146535040181027 
0.4131305765404789 
0.4189881893003106 
0.4911478993934043 
0.3938386015883019 
0.4062869770442679 
0.4010118547467486 
0.3933115077440839 
0.3964182552728012 
0.3965546200606384 
0.4049020768621515 
0.4194039690442652 
0.4107183045288767 
0.347926886280944 
0.4031617781181398 
0.4092853824716576 
0.2061394610219007 
0.2134493428346169 
0.2852694537206926 
0.3138383709478917 
0.3280378465956432 
0.270997045882622 
0.2464064888093671 
0.2367985501089306 
0.2203233617186198 
0.2992304608278069 
0.3422713168133028 
0.3566126175741578 
0.2550677337662388 
0.2280114444460553 
0.2039017949292414 
0.3711743636894683 
0.194553769711925 
0.410599341304686 
0.3504402592988404 
0.3431939539552699 
0.3479101762058176 
0.3420566669492491 
0.3459490546835992 
0.3324517660385713 
0.3364822640288581 
0.3381948724706527 
0.3469526476151021 
0.3157177584885186 
0.3094442721221557 
0.3199615410512486 
0.321069294306819 
0.3175324830794957 
0.3080395749498503 
0.3606045403185328 
0.3391436635043454 
0.3264020764099973 
0.3373953629885844 
0.3291086371171036 
0.3001893435280083 
0.3079879958884952 
0.2918220222461642 
0.2826755549386845 
0.3168092409230661 
0.2729306043503464 
0.2626933330113734 
0.2382641327045696 
0.2319469524469925 
0.2187833694158017 
0.3269845948704392 
0.3669906726712455 
0.3755150695015834 
0.3383435006035599 
0.310045935045247 
0.2030123410854435 
0.2103029500583596 
0.2990159996450074 
0.2759055812727349 
0.2908831964215564 
0.2622336314842513 
0.2526159379011844 
0.2423980678406056 
0.2555521356993367 
0.2469641950568682 
0.2692501177240412 
0.2341824263222995 
0.258472424774041 
0.2848817798616798 
0.3110301673200399 
0.2716779950604987 
0.3922301916216629 
0.2379811413223545 
0.2225176072161685 
0.2265424740395037 
0.2084996606791595 
0.2598228924746422 
0.2359408574172175 
0.2187932584794664 
0.2996704685719509 
0.3027687084851302 
0.2417663667528652 
0.2318317705989327 
0.2620118969116663 
0.2922019380253483 
0.2163511100782812 
0.1819702996766723 
0.2298847483107045 
0.2564086015390069 
0.1813813671760497 
0.2053590433343351 
0.2741679270616688 
0.03194849895461339 
0.04721700194335354 
0.166319584809132 
0.1083332630665125 
0.07107824297795046 
0.01743613300800419 
0.176548115457329 
0.2113822486029558 
0.2363052196974367 
0.2535445572584768 
0.1868503900687161 
0.1932505756864186 
0.2515428860552337 
0.2460714283841515 
0.2160300481678363 
0.2099750324415858 
0.2318061747084499 
0.1706005935242113 
0.1644316262210243 
0.1410696873150699 
0.1779225179217662 
0.02243898586664341 
0.03572553013232255 
0.07578229078242382 
0.1121828757638318 
0.05160532480822686 
0.2051326398192001 
0.2167947202511119 
0.2140272046198015 
0.2146042738957191 
0.213359497595427 
0.2115084781217578 
0.2112223760882529 
0.1720797527878442 
0.1682609587928116 
0.2266517164221946 
0.1356647048248025 
0.1978790250076457 
0.2111162762316369 
0.1628927515667148 
0.1777672555319044 
0.214841719423149 
0.1716498475413234 
0.1574375857341632 
0.1137048813396672 
0.08051296573498865 
0.05717330168922241 
0.04157257350984291 
0.0254015186447354 
0.2106523001788301 
0.2144402225926892 
0.2041650660872887 
0.2091571648292032 
0.2102495219430203 
0.2065193645118397 
0.2123078357780302 
0.2487781130235374 
0.113789260667172 
0.1786469361807164 
0.1284486889425126 
0.119757443610228 
0.1199905108634368 
0.1037761800447402 
0.1286798503504471 
0.1929437029335709 
0.1214369187893283 
0.2082302126698602 
0.1653011717185292 
0.2085217338095426 
0.06233155632760603 
0.08263014654605209 
0.0312557591651879 
0.1693286918308066 
0.2058230694788042 
0.1962293343758251 
0.1327168753208284 
0.179698948272869 
0.2109926114682982 
0.0848875190984936 
0.06909967426170396 
0.1258874262498409 
0.0811517249854042 
0.2201870511377328 
0.1809126511300065 
0.1923422267771357 
0.1127029843324224 
0.05023320880665188 
0.1320411692058191 
0.1952461630172436 
0.08162788678202479 
0.1450500247567678 
0.1069928431524854 
0.04926473458847144 
0.06206054875650481 
0.1783666307894391 
0.0935918941259842 
0.05360751953417785 
0.02525982151368632 
0.2050817254789102 
0.1305626156525479 
0.1024216546048558 
0.1801639665582881 
0.09489971742709852 
0.1608260426717179 
0.1189900940287375 
0.02805959159193311 
0.07985876324431943 
0.04027697864423858 
0.01868011775591399 
0.1758209103719892 
0.1545091801607098 
0.1615923410788285 
0.1936286418973588 
0.03675051594616369 
0.1521296689110414 
0.0199685056121234 
0.1008929582332813 
0.06709232205192713 
0.04904119651132617 
0.1854457688683298 
0.02998120370615348 
0.1259430403841193 
0.09021128950819333 
0.0304218625812631 
0.06533671073089366 
0.04485451834404083 
0.1194718386068658 
0.0682035388575484 
0.02328813156697769 
0.4550870439878585 
0.200661341702459 
0.4202110544043409 
0.4237371543115325 
0.208412820197923 
0.3797017185719382 
0.2116171299007632 
0.1394432929546371 
0.154524275476136 
0.3472747102919864 
0.2105841690594702 
0.03875950156797021 
0.2070302567272994 
0.2120527265531704 
0.2162065372592949 
0.2885614279898001 
0.3108889667572661 
0.254267358497567 
0.04456103483811499 
0.2392884857437323 
0.2242870581618137 
0.2183927413449391 
0.2068052477291802 
0.06441289315470289 
0.09969127682847467 
0.2322819042017048 
0.2275302808398812 
0.2204270814040717 
0.2437984882227787 
0.2597139715461894 
0.2668224218480735 
0.2678350415219779 
0.2366715658787536 
0.2664206163123398 
0.2764310752777236 
0.293646574203503 
0.2948569910558391 
0.2906958670351009 
0.2746851130871991 
0.261872744721871 
0.2407125675519362 
0.2267143788956141 
0.1449137757043737 
0.08036615143869606 
0.2289156041964075 
0.2202722503828334 
0.1927484831014925 
0.2274615823011016 
0.2454259919143656 
0.2501882383359894 
0.2692212442065096 
0.2111607230926644 
0.2072454334870092 
0.256806126988331 
0.2170209988829626 
</DataArray>
<DataArray type="Float64" Name="displacement" NumberOfComponents="3" format="ascii">
0.0003154429192697809 0.0007507050622264824 0 
0.0002886128143321679 0.0009537671492470048 0 
0.0002441465879899275 0.001180617341547158 0 
0.0001836376900588973 0.00140243161645623 0 
0.0001149919410446865 0.001598959965941297 0 
4.559198318184379e-05 0.001762613172649675 0 
0.0002672754096688764 0.0007991954379143174 0 
0.0002429284786839233 0.001065051252118841 0 
0.0001900716713038759 0.001356808206917245 0 
0.0001177167506399838 0.001617799447856015 0 
4.263621760225259e-05 0.001826076217721181 0 
-2.733998192645353e-05 0.00198444347895005 0 
0.0002254893000285352 0.0008527268789662342 0 
0.0002187701356590618 0.001267455105943694 0 
0.0001432268896384258 0.001661279679724772 0 
5.574775485735752e-05 0.001940505877593877 0 
-2.290849813484946e-05 0.002128028589501008 0 
-9.000271744897769e-05 0.0022544354629127 0 
0.0003419848226271562 0.0009266389177430654 0 
0.0002965990477735491 0.001894934470681433 0 
0.0001349236839609142 0.002257036192926009 0 
2.048797934330387e-05 0.002422867792294653 0 
-6.292973766229971e-05 0.002513890960267442 0 
-0.0001271839762196883 0.00256891165670702 0 
0.0003435785995654385 0.004548850581473007 0 
0.0002976781540686563 0.003577839984107112 0 
0.000135434777158794 0.003214835211104042 0 
2.06555430535944e-05 0.003048810185091772 0 
-6.294224361631471e-05 0.002957678536512052 0 
-0.0001272727361213918 0.002902538190691555 0 
0.0002272178656256503 0.00462298838829114 0 
0.0002201074850256969 0.004207338675145753 0 
0.0001440646552149091 0.003812446419861185 0 
5.610073365427969e-05 0.003532471241249127 0 
-2.292308387959769e-05 0.00334436519211686 0 
-9.021335709320083e-05 0.003217474818126821 0 
0.0002691423434081562 0.004676753074726817 0 
0.0002444144604607659 0.00441037829253408 0 
0.0001910812484165223 0.004118019476990283 0 
0.0001182340207765407 0.003856389205528416 0 
4.274428508290808e-05 0.003647336562613809 0 
-2.750997113490659e-05 0.003488136215013499 0 
0.0003177009180076048 0.004725420704761802 0 
0.000290266016783296 0.004522145265432692 0 
0.0002450288391252161 0.004294873091954053 0 
0.0001841402007609222 0.004072544662829715 0 
0.0001153437673338786 0.003875258156412114 0 
4.576413467662577e-05 0.003710636294310188 0 
-0.0008853801391547096 0.002768204621119101 0 
-0.000878715704369583 0.00282967866986971 0 
-0.0008654856527732192 0.002891892262252652 0 
-0.000811836978264543 0.002980383565348816 0 
-0.000774838651079941 0.003000728101755103 0 
-0.0007365543193891709 0.003017713902013364 0 
-0.0006973808522764353 0.003032603813050708 0 
-0.0006575194786906559 0.003046340302896483 0 
-0.0006171222153970882 0.003059627091582098 0 
-0.0005766062909827716 0.003073087245511351 0 
-0.0005363184241446591 0.003087460130672568 0 
-0.0004960532163136934 0.003102971102413327 0 
-0.0004555477235410077 0.003120389124900118 0 
-0.0004145232200749133 0.003140452703204858 0 
-0.0003728422654779056 0.00316398831923384 0 
-0.0003303115470996892 0.003192302158292275 0 
-0.000286415899379941 0.003227336286206826 0 
-0.0002405041965762589 0.00326987712796359 0 
-0.0001919549740666868 0.003322351058334813 0 
-0.0001397454957494532 0.003388058522535454 0 
-8.30399310526712e-05 0.003471085755394178 0 
-2.116936093600777e-05 0.003576637331181004 0 
-0.0008463525289100543 0.002955153923185205 0 
-0.0007353503684623775 0.002456145550108091 0 
-0.0008853638467201006 0.002707005978188873 0 
-0.0008786909986670457 0.002645562493609288 0 
-0.0006960946568342204 0.002441377573999897 0 
-0.0008470242433181249 0.002520517438853572 0 
-0.0001914238064675471 0.002150475676855038 0 
-0.0004550658874718083 0.002353962250877944 0 
-0.0008656000641757735 0.002583428027040784 0 
-0.0008124151201949113 0.002494985755709524 0 
-0.0007741932559006126 0.002473223280794572 0 
-0.0004956211500141117 0.002371629056020271 0 
-0.0002401173773816193 0.002203468030405183 0 
-2.102999612766486e-05 0.001895774902302705 0 
-8.262963257814568e-05 0.002001115251155765 0 
-0.0001391965419680848 0.002084322825708846 0 
-0.0002860459326137865 0.002246290235269077 0 
-0.0003299588326451164 0.002281146373166126 0 
-0.0003724662019410441 0.002309856269907724 0 
-0.0004140372706442664 0.002333698614519643 0 
-0.0005359654724290411 0.002387163578353949 0 
-0.0005762365334003477 0.002401298291094586 0 
-0.0006164242113004798 0.002414665416558175 0 
-0.000656420010422929 0.002427821594332676 0 
-9.08300988176984e-05 0.003368943622747221 0 
-0.0001476442690685579 0.003131786860726024 0 
-0.0001801112080028047 0.002870848293079709 0 
-0.0001800096617567703 0.002600571247830906 0 
-0.0001473857757566389 0.002339855436700327 0 
-9.054036866674513e-05 0.002103050775563918 0 
-0.0001472367122726471 0.003280097338013956 0 
-0.0001976238542587404 0.00307125627995651 0 
-0.0002256210639148194 0.002849238862876484 0 
-0.0002255366422463289 0.00262233761263225 0 
-0.0001973949346995071 0.002400433115376474 0 
-0.0001469143678005107 0.002191796810151839 0 
-0.0001980866668627024 0.003213069321438156 0 
-0.0002424687567193778 0.003027238947916506 0 
-0.000266598498484831 0.002833938576802773 0 
-0.0002665321108710383 0.002637981474956339 0 
-0.0002422785004060081 0.002444766748900521 0 
-0.0001977661409000534 0.002259092237207632 0 
-0.0002447154759009271 0.003161647275222976 0 
-0.0002838667701215121 0.002994329308199907 0 
-0.0003047832789739205 0.002822718087763628 0 
-0.0003047220284596398 0.002649644197774858 0 
-0.0002836879174966807 0.002478129584156608 0 
-0.0002444161013240349 0.002310985168949716 0 
-0.0002883074242269494 0.003121461084693819 0 
-0.000323003660383533 0.002969065783251843 0 
-0.0003412815110330812 0.002814218689773492 0 
-0.0003412124169826934 0.002658570782126245 0 
-0.0003228026875162539 0.002503827716598858 0 
-0.0002879928954044059 0.002351635882248875 0 
-0.0003297658924584764 0.00308942607456534 0 
-0.0003606995509569857 0.002949206694394857 0 
-0.0003768209418353035 0.002807593562279243 0 
-0.0003767429365298785 0.002665539165244248 0 
-0.0003604707784896244 0.002524001959589055 0 
-0.0003294115965668162 0.002383937590496976 0 
-0.0003697329405043551 0.003063534248660577 0 
-0.0003975370371103481 0.002933335544367655 0 
-0.000411912781392964 0.002802330466018973 0 
-0.0004118366146049598 0.002671076410187302 0 
-0.0003973156368034671 0.002540099074930635 0 
-0.0003693964906884406 0.002409934564051183 0 
-0.0004088050415425067 0.003042597463249118 0 
-0.0004339975387833431 0.002920545118605891 0 
-0.0004469504792665071 0.002798110355100422 0 
-0.0004468840157141692 0.002675559173500036 0 
-0.0004338049181585209 0.002553142216292382 0 
-0.0004085093723932732 0.002431130506679142 0 
-0.0004474904607672066 0.003025376989091437 0 
-0.0004704637363372552 0.002910080670153986 0 
-0.0004822372210629981 0.002794677503777382 0 
-0.000482177191193617 0.002679252388580509 0 
-0.0004702856621767566 0.002563878669491888 0 
-0.0004471878981105598 0.002448648917788033 0 
-0.0004860347071808808 0.00301085642036288 0 
-0.0005071796627571509 0.0029013104787397 0 
-0.0005179752189771967 0.002791807492677844 0 
-0.0005179125898681499 0.002682343442827324 0 
-0.0005069956709491016 0.002572886843827188 0 
-0.0004857244455287336 0.002463419065196982 0 
-0.0005246133106874001 0.002998301077420104 0 
-0.0005442818314090371 0.002893737584200827 0 
-0.0005542726125267413 0.002789313523050817 0 
-0.0005541966052065007 0.002684967773260025 0 
-0.0005440655805094817 0.00258060913193907 0 
-0.0005242901058243622 0.002476164171718871 0 
-0.0005633710146785415 0.002987095023105243 0 
-0.0005818320294993023 0.002886971161175665 0 
-0.0005911588459548313 0.002787054497582911 0 
-0.000591061875350628 0.002687233391367943 0 
-0.000581558515509795 0.002587380050310889 0 
-0.0005629842205445932 0.002487382370881913 0 
-0.0006023599258185404 0.002976743721314866 0 
-0.000619812676162742 0.002880731956220025 0 
-0.0006286000124957013 0.002784947147690361 0 
-0.0006284833801384344 0.002689252574111075 0 
-0.000619480617758287 0.002593501443976842 0 
-0.0006018831330117937 0.002497555728667194 0 
-0.0006415408457190421 0.002966992747100208 0 
-0.0006581555993078387 0.002874843632303915 0 
-0.00066651085123493 0.002782954307278374 0 
-0.0006663823544235852 0.002691151337841954 0 
-0.0006577788403531917 0.00259926665523 0 
-0.0006409578203165894 0.002507148657950308 0 
-0.0006808171850041506 0.002957458731078434 0 
-0.0006967323119353245 0.002869092095789423 0 
-0.0007047430437663238 0.002781031004067385 0 
-0.0007046139736653029 0.002693060632104778 0 
-0.0006963332720811566 0.002604976656733987 0 
-0.0006801132698177061 0.002516605526872062 0 
-0.0007199427371449597 0.002947611577657634 0 
-0.0007353041404520143 0.002863169820639661 0 
-0.0007430362162007723 0.002779091540545735 0 
-0.0007429273782614796 0.002695117662251678 0 
-0.000734938966976291 0.00261097363294115 0 
-0.0007192055916366596 0.002526436870207617 0 
-0.0007585837357618467 0.002936849678468266 0 
-0.0007734804112064294 0.002856691593950038 0 
-0.0007809642539515588 0.002777006305831039 0 
-0.0007808971495830807 0.002697463786734592 0 
-0.0007732477553025972 0.002617685456563592 0 
-0.0007580210773764292 0.00253729842997464 0 
-0.000796299782303436 0.002924467425683221 0 
-0.0008106833319022189 0.002849215819582008 0 
-0.0008178983762675456 0.002774611309962316 0 
-0.0008178750281317467 0.002700207776320044 0 
-0.0008106122316863748 0.002625558333954229 0 
-0.000796172352854454 0.00255012367567121 0 
-0.0008323544645348032 0.002909635671099592 0 
-0.000846086324001669 0.00284032478696759 0 
-0.0008530271730800243 0.002771729264121767 0 
-0.0008530167939896408 0.002703379868596904 0 
-0.0008460863485111691 0.002634836919940043 0 
-0.0008324608876622831 0.0025656507630004 0 
0.0005670574620206995 0.005515807646421599 0 
0.0005632329521862606 0.005499947259381424 0 
0.0005579028584375427 0.005483856041019465 0 
0.0005508825879866437 0.005467342413102265 0 
0.000541998232654112 0.005450207174933404 0 
0.0005310669183206688 0.005432285059083043 0 
0.000517907855432835 0.005413259640273045 0 
0.000502541755215893 0.005392815368328934 0 
0.0004847974335356946 0.005370730289599935 0 
0.0004645276346972807 0.005346634251163142 0 
0.000441626730348837 0.005320082015379949 0 
0.0004160238804237786 0.005290595705153013 0 
0.0003876900086260524 0.005257732532433574 0 
0.0003566679429732747 0.00522092434867342 0 
0.0003231163145753405 0.00517953663438125 0 
0.0002873816692916882 0.005132547881103232 0 
0.000250011398394157 0.005078688092593965 0 
0.0002120646182885834 0.005015424940722287 0 
0.0001750119853983321 0.004937011763734137 0 
0.0001525244435789144 0.004833710072954762 0 
0.0001507138998541402 0.0006421357656360338 0 
0.0001731593954136004 0.0005387399298022414 0 
0.0002102227035882296 0.0004607109335718053 0 
0.0002481448425611117 0.0003978775861712779 0 
0.0002854477464041146 0.0003442967339486652 0 
0.0003210838431627378 0.0002975636075889715 0 
0.0003545230378476483 0.0002564499254413501 0 
0.0003854281472714099 0.0002197956281806681 0 
0.0004136607877420331 0.0001869819193169398 0 
0.0004391954657872509 0.0001574487760521988 0 
0.0004620706140457537 0.0001307390359841424 0 
0.0004823586402663282 0.0001064259532998886 0 
0.0005001536446430308 8.413104864348454e-05 0 
0.0005155814503249578 6.351523411785293e-05 0 
0.0005287914057501804 4.429587900800645e-05 0 
0.0005398024628194284 2.613300634189839e-05 0 
0.0005487922466609411 8.932793756244826e-06 0 
0.000555835675314794 -7.444013294754231e-06 0 
0.0005611376173618087 -2.352344197147841e-05 0 
0.0005649495133744962 -3.937524578797205e-05 0 
0.0005674957185288816 -5.516713756697248e-05 0 
0.0005689733466500412 -7.111073093279671e-05 0 
0.0005696556750328569 -8.725442481897576e-05 0 
0.0005698901615916613 -0.0001035688002945154 0 
0.0005836877892908688 -0.0001199566201678988 0 
0.000597283330288053 -0.0001199339504286882 0 
0.0006109530559183669 -0.0001037047405190997 0 
0.0006110132598373841 -8.824426386882412e-05 0 
0.0006104662292098178 -7.368630609897786e-05 0 
0.0006092567774401046 -5.983545395832695e-05 0 
0.0006072052984299196 -4.65616262965359e-05 0 
0.0006041373459820709 -3.354946186782527e-05 0 
0.0006000478528085351 -2.072991823023708e-05 0 
0.0005948421728494208 -8.16447447732154e-06 0 
0.0005883579979516395 5.07299511939296e-06 0 
0.0005803087793788324 1.892119331251218e-05 0 
0.0005706716038056609 3.364729985473442e-05 0 
0.0005594234608034295 4.954498368989282e-05 0 
0.0005465626662992181 6.694908944979158e-05 0 
0.0005320775678617054 8.625581393359108e-05 0 
0.0005159816748361639 0.0001079141531040531 0 
0.0004983035195114722 0.000132389919629393 0 
0.0004791491872453931 0.0001603060832315866 0 
0.0004587317259087474 0.0001924421301891287 0 
0.0004373556981276429 0.0002296090510735624 0 
0.0004153907261183039 0.0002734026281404618 0 
0.0003933967882566128 0.0003260122644845913 0 
0.0003719996832131683 0.0003908396672633265 0 
0.000351907316564761 0.0004744791826813187 0 
0.000333338703747411 0.0005907906929615241 0 
0.0004179114567761093 0.005203622396594661 0 
0.0006128370631177016 0.005596270703660042 0 
0.0005719986325783094 0.005596319402817395 0 
0.0005699394519518056 -0.0001199383783408758 0 
0.0004613568652607961 0.005285087335820256 0 
0.0003354640970581908 0.004885264155256374 0 
0.0006093357026541221 0.005522937360252127 0 
0.0006108316063058361 -0.0001198817884593058 0 
0.0005182433507510722 0.005369535776419094 0 
0.0005613539866052893 0.005427228188382758 0 
0.0005968844986566143 0.005484421787810095 0 
0.0004399427694820376 0.005247681722942594 0 
0.0006063468100718304 0.005510035008464363 0 
0.0006022443245709245 0.005497279345231587 0 
0.000354365557307813 0.005001169783966024 0 
0.0005725336342865809 0.005442993186630576 0 
0.0005341967530585927 0.005390987614698418 0 
0.0005485685131592214 0.005410042651704498 0 
0.0003745315953573144 0.00508531958024624 0 
0.0005007264999208664 0.005345156323794562 0 
0.0005821246784157204 0.005457599946839278 0 
0.0005902000162545762 0.005471233000014021 0 
0.0003958832834828094 0.005150677129655217 0 
0.000481721077098015 0.005317284390035057 0 
0.0006113415383822782 0.005536239366678112 0 
0.0006125173914677855 0.005550106566937158 0 
0.0006130426711786109 0.005564552763378736 0 
0.0006129479059006314 0.00558009022502301 0 
0.000599305544839131 0.005596316629629693 0 
0.0005857275950317097 0.005596339481432949 0 
0.0005719486030190212 0.005579975542117804 0 
0.0005717278672690314 0.005563655593843536 0 
0.0005710689896998665 0.005547545057933544 0 
0.0005695955366668299 0.005531627035355563 0 
0.0002208252318815615 0.00484926399270815 0 
0.0002796884651039183 0.004865479468345734 0 
0.0002417224381095663 0.004965333230139883 0 
0.0003001531692033255 0.004984899017640268 0 
0.0002699932183396071 0.005045365476022359 0 
0.0003235594222377675 0.005067734707969988 0 
0.0003011639449428618 0.005108863552812671 0 
0.0003494411530097311 0.005132350716985386 0 
0.0003329061186787581 0.005161844714289029 0 
0.0003760833209361635 0.005185212270046533 0 
0.0003637947695265886 0.005207275096936705 0 
0.0004023660446444524 0.005229734393571468 0 
0.0003930387939507339 0.005246853526350562 0 
0.0004275702253712453 0.0052679919804644 0 
0.0004202657727992603 0.005281660658929778 0 
0.0004512612312941223 0.005301280504660481 0 
0.0004452965193327084 0.0053124129145432 0 
0.0004732112058223222 0.005330393743666359 0 
0.0004680482154602624 0.005339767074939009 0 
0.0004932917711354671 0.005356065115040162 0 
0.0004885097638206231 0.005364214194487166 0 
0.0005114634958673759 0.005378837305812021 0 
0.0005066976507759367 0.005386258193697541 0 
0.0005277059975141255 0.005399214523117078 0 
0.0005226665902544156 0.00540637457193133 0 
0.0005420391300104025 0.005417711561038412 0 
0.0005365149959518287 0.005424969522176295 0 
0.0005545192002406559 0.005434761987032532 0 
0.0005483531944710342 0.005442283044038982 0 
0.0005652184540768074 0.005450603022904132 0 
0.0005582816160584036 0.00545850578484961 0 
0.0005742027260413572 0.005465423875297051 0 
0.0005663965202764084 0.005474078024982927 0 
0.0005815731910626168 0.005479688868824553 0 
0.0005728322692660128 0.005489161185492987 0 
0.0005874586681628307 0.00549356922444996 0 
0.0005777357400058166 0.005503954036158277 0 
0.0005919706512824184 0.00550726032555424 0 
0.0005812691577585457 0.005518659473078506 0 
0.000595237087961461 0.005520987245379731 0 
0.0005836263857436482 0.005533496778944116 0 
0.0005974109798736354 0.005535003339984173 0 
0.0005849909335329439 0.00554859903987309 0 
0.000598689348441396 0.005549439814949641 0 
0.0005855640194611763 0.005564083661539512 0 
0.0005992154273272447 0.005564382646256967 0 
0.0005857185445700919 0.005580096287656027 0 
0.0005993375394394104 0.005580151939269046 0 
0.000277477693416849 0.000610472338428239 0 
0.0002188390168078792 0.0006266321983870643 0 
0.0002979222684178791 0.0004907717963928847 0 
0.0002396814226834719 0.000510398782229059 0 
0.0003213661096368614 0.0004084147343951627 0 
0.0002679943441432104 0.0004307725943094778 0 
0.0003471873522704959 0.0003443102189755201 0 
0.0002991329996021878 0.0003677429207411143 0 
0.0003737651433267396 0.0002917640365445397 0 
0.0003307955490779177 0.0003150696418499992 0 
0.0003999830276177452 0.000247511339482041 0 
0.0003615989357215309 0.0002699110806458477 0 
0.0004251350253078152 0.0002095198671579915 0 
0.0003907582655117278 0.0002306068990565237 0 
0.0004488114399107687 0.0001763569841088047 0 
0.000417912386275448 0.0001959517385563036 0 
0.0004707963318925716 0.0001472403899632598 0 
0.0004429002149482099 0.0001652279813989326 0 
0.00049094497280076 0.0001214725300735179 0 
0.0004656422939775462 0.0001377978002986106 0 
0.0005091975425321775 9.848950630430572e-05 0 
0.0004861292934325167 0.000113159019867717 0 
0.0005255271529769086 7.784864202217797e-05 0 
0.0005043738107715796 9.086588846067289e-05 0 
0.0005399472807740206 5.912137982653893e-05 0 
0.0005204154038228792 7.052074814956309e-05 0 
0.0005524907496143302 4.191978827240795e-05 0 
0.0005343286806538314 5.175457565384286e-05 0 
0.0005632148225105104 2.592359375769939e-05 0 
0.0005462090254226563 3.42618467038531e-05 0 
0.000572191460585712 1.084436800165606e-05 0 
0.0005561776519816076 1.777963501387136e-05 0 
0.0005795594379974774 -3.506862634482939e-06 0 
0.0005643432437175914 2.126346767957082e-06 0 
0.0005853758777102845 -1.710863676226171e-05 0 
0.0005707741762406411 -1.275038796462465e-05 0 
0.0005898241554525072 -3.077167674013556e-05 0 
0.0005756352815191853 -2.74995306673333e-05 0 
0.0005931060381771076 -4.455950441962808e-05 0 
0.0005791538300062611 -4.221921355384507e-05 0 
0.0005953196918917839 -5.857542379741988e-05 0 
0.0005815262014456519 -5.704854418083803e-05 0 
0.0005966096502575001 -7.30135119088844e-05 0 
0.0005828987229000965 -7.216882915608508e-05 0 
0.0005971736589398171 -8.80366346081503e-05 0 
0.0005835033346764412 -8.77062454940052e-05 0 
0.0005973133850723209 -0.0001037644312461094 0 
0.0005836758811913607 -0.0001037001830972197 0 
-0.0002991471062576451 0.004041034849466482 0 
-0.0001947295168391676 0.00431420238186535 0 
-0.0001096048509534143 0.004597470361069876 0 
-4.718707338400581e-05 0.00488734629972892 0 
-9.326493960545336e-06 0.005180995302383528 0 
0.0002118398438280405 0.005476545135176517 0 
0.0003930080541936582 0.005476545135176517 0 
0.0005530792046275082 0.005476545135176517 0 
0.000685778994728398 0.005476545135176517 0 
0.0007898169703510382 0.005476545135176517 0 
0.0008686325775860835 0.005476545135176517 0 
0.0009017150298160234 0.005476545135176517 0 
0.0009186677302343417 0.005476545135176517 0 
0.0009202252388284849 0.005476545135176517 0 
0.0009135898337077237 0.005476545135176517 0 
0.0009038315365959001 0.005476545135176517 0 
0.0008930522895798628 0.005476545135176517 0 
0.0008748166476246012 0.00550050891008652 0 
0.0008613946788351105 0.005523606181487222 0 
0.0008393969874137904 0.005544693634820458 0 
0.0008099285226623686 0.005562683875573467 0 
0.0007746863780580293 0.00557675222913234 0 
0.0007356377305732323 0.005586586267648518 0 
0.0006947476187361383 0.005592434391746359 0 
0.0006535063471200476 0.005595128478987857 0 
0.0008792308351777574 0.005476545135176517 0 
-0.0007712509235950135 0.003130628880685949 0 
3.611863276927976e-06 0.005476545135176517 0 
-0.0006639192592886107 0.003325545010795715 0 
-0.0005432010513732132 0.003542939540013131 0 
-0.0004178299480780893 0.003782521527470252 0 
0.0002588259750516428 0.004249856275787939 0 
0.0003489960593407753 0.004605069942547634 0 
0.0003758916520531801 0.004765854788491741 0 
0.000310197614770964 0.004429344102466464 0 
0.0001971560262872497 0.004077409864169541 0 
0.0004822068046540486 0.005257582379521261 0 
0.00051728486277038 0.005326835357527546 0 
0.0005508022629440169 0.00538002018144989 0 
0.000565047839561125 0.005401355927826528 0 
0.0005770570118961589 0.005419605299344511 0 
0.0005873865340785701 0.005435627039224341 0 
0.0004126755702136787 0.005008934320476372 0 
0.0004306194497676728 0.00509290419746542 0 
0.0004480003439794358 0.005159854976307491 0 
0.0003954621604747697 0.004901481084630189 0 
0.0004655600209914126 0.005214049365807453 0 
0.0004999086600164061 0.005294648275485744 0 
0.0005350665856173909 0.005355527168729292 0 
0.0005973295396193352 0.005450448150111385 0 
0.0006069521382611859 0.005464506649000694 0 
0.0006167037180894009 0.00548800270598922 0 
0.000621161080189693 0.005499512707275264 0 
0.00062628623334534 0.005522222463698005 0 
0.0006329819915632149 0.005545217683756625 0 
0.0006404081963846151 0.005557135252468334 0 
-0.000276537441722073 0.003338268368384689 0 
-0.0001656496989470932 0.003460911313566486 0 
-0.0001122101259944518 0.003519915073309822 0 
-5.776743859300818e-05 0.003588694237943487 0 
1.365443969587038e-07 0.00367395038335391 0 
0.0001310331248467682 0.003921734563204458 0 
6.345532883343525e-05 0.003784053327661238 0 
-0.0005679517006651592 0.00317293825888332 0 
-0.0004558059165091121 0.003240019310165394 0 
-0.0003633972540494326 0.003287028620386572 0 
-0.0003205190561098665 0.00330887765682572 0 
-0.0002193262220813386 0.003404210842982067 0 
0.0003719136067894735 0.004533033376725506 0 
0.0004046401341314308 0.004673963356228115 0 
0.0004292254207918995 0.004804694368698782 0 
0.0003279825626018662 0.004384295178568356 0 
0.0004500780724268301 0.004920633435886377 0 
0.0002730780098141162 0.004233511304583678 0 
0.0006136816399132019 0.005476919647376345 0 
0.0006281303914172507 0.005533879350215347 0 
0.0006246353678840804 0.005510852645455152 0 
0.000607469626667738 0.005427840844555108 0 
0.0005983057722344107 0.00540993182579868 0 
0.0006136068346341387 0.005442436080238432 0 
0.0004845754804043848 0.005098745146687864 0 
0.0005413964362711564 0.005300519617845953 0 
0.0004999002859328281 0.005166367737515296 0 
0.0005289211051923831 0.005264940207958831 0 
0.0005554031986528354 0.005332825451147496 0 
0.0005149960721055091 0.005221638455681983 0 
0.0005709826430892742 0.005362300827045527 0 
0.0005859341979006378 0.005388188581198205 0 
0.0006202470636616534 0.005455313092523682 0 
0.0006416556453474148 0.005500764368820401 0 
0.0006549163233752212 0.005546489969306613 0 
0.0006314429596669659 0.005469094756390609 0 
0.0004683909041275351 0.005017376174207412 0 
-0.0006489487269194653 0.003148989388209171 0 
-0.0005518036443193295 0.003147335006177386 0 
-0.0004072711735544818 0.003267098561951301 0 
3.242172568988489e-05 0.0037761359575656 0 
-1.89269181555548e-05 0.003711918533726627 0 
8.448374245348882e-05 0.00385284979488754 0 
-0.0001384911024551539 0.003592210836301742 0 
-0.000224449093994868 0.003461300664966851 0 
-0.0006049978261550432 0.003170495930932488 0 
-7.26816610747457e-05 0.003654579331211547 0 
0.0001426743122106653 0.003953114031971689 0 
-0.0006893152136966496 0.003128794848498303 0 
-0.0002510327535604377 0.003459611884008895 0 
-0.0004027424055965182 0.003379948309889645 0 
-0.0007454893967724038 0.003127884441759984 0 
0.0002114373614676467 0.004093405067967354 0 
0.0006552667784439286 0.005570411529553656 0 
0.0006456397386626534 0.005523001557367648 0 
-0.0006432729219131498 0.003256413085539173 0 
0.000393450356562835 0.004498950872623374 0 
0.000456696792231902 0.004737935261786261 0 
0.0004318921324375162 0.004625974097553492 0 
0.0004754385860938154 0.004839490980750817 0 
0.0003426367082197234 0.004361587782983703 0 
0.0004983910286134015 0.004937419114094941 0 
0.0005948155838888221 0.005337637684062214 0 
0.0006339007538630521 0.005417596110191937 0 
0.0005901789301245383 0.005306894086285949 0 
0.0006073691603519761 0.005367014189592978 0 
0.0005368805597043744 0.005104517051135646 0 
0.0005498252201471983 0.005171470341861511 0 
0.0005631883718280194 0.005226525526994389 0 
0.0006215784289138326 0.005394045871626431 0 
0.0006423239169336319 0.005437406606767375 0 
0.0006384734002373659 0.005458229792798222 0 
0.0006415533509552633 0.005450621463060996 0 
0.0006528716926989581 0.005468825210509706 0 
0.0002888696652827166 0.004239732586938525 0 
0.0005201113224485719 0.005025226619388385 0 
8.385088546775827e-05 0.003901859699142916 0 
0.0001304827502390578 0.00396069345676764 0 
0.0001716712944788548 0.004021565517402253 0 
3.641824930622126e-05 0.00385349532627124 0 
-1.315149825146354e-05 0.003812091167472391 0 
-5.608995820363532e-05 0.003793627018660949 0 
-0.0002040482859107142 0.003607544578541504 0 
0.000200642643785651 0.004071948864754457 0 
-0.0003424394074834765 0.003418756191353533 0 
-0.0005914933932830778 0.003272942074849286 0 
-0.0006605752370636341 0.003268536715050765 0 
-0.0004842611631886005 0.003314257725622143 0 
0.0006432114588111764 0.00548451071363718 0 
0.0006498776794819547 0.00553805455598889 0 
0.0004036143740287325 0.004455013934250455 0 
0.0005098126018513122 0.004867013626989333 0 
0.0006693571533564096 0.005462676634685392 0 
0.0001044598402716055 0.00400908930375078 0 
0.0006428063718318114 0.005369493596601328 0 
0.0005871104197483367 0.005114069023389516 0 
0.0002300532654109013 0.004139609132865715 0 
0.0001543353651305849 0.004055359732345359 0 
0.0005680506825182152 0.005029187950807206 0 
0.0003336914275209268 0.004320945327137305 0 
-0.000532101646833824 0.003415888158328673 0 
-0.0003237585338885145 0.003543756665479854 0 
-0.0002918435952003287 0.003444875652413141 0 
0.0006693479995292646 0.005529044449899489 0 
0.0006691938915108461 0.005482477100617206 0 
-0.0004009075169774734 0.003481818236761025 0 
0.0006691558585714354 0.005512867709913158 0 
0.0006710901982828401 0.005547597908531527 0 
-0.0002179067643487415 0.003749974932052391 0 
-0.0005597208314431331 0.003432609079207159 0 
-0.0004610540901026161 0.003456865625529492 0 
-0.0001481019044908 0.003775100567960077 0 
0.0006612342730311126 0.005499394663835425 0 
0.0007010989429556146 0.005526743210819714 0 
0.0004958577524084908 0.004724800618550557 0 
-9.671852496365217e-05 0.003788238729314359 0 
0.0006684063054810433 0.00542280734856621 0 
0.000685066252232151 0.005450190440933701 0 
0.0006927541039982053 0.005477735047591652 0 
0.0006566812744944148 0.005089387086275451 0 
0.000434648795945229 0.004506161033594021 0 
0.0006379778671561791 0.005267904288800937 0 
0.0006493953051563883 0.005323140727310585 0 
0.0002908943384366527 0.004282812950761565 0 
0.000211404913822537 0.004190052733325786 0 
0.0006426638549735461 0.005205058809427016 0 
0.0003423554795000195 0.004338600609562441 0 
1.571225347783163e-05 0.004607069073227543 0 
-9.931092523943454e-05 0.004337139183766024 0 
-0.0004879802016553422 0.003601315252499913 0 
-0.0003567564307389545 0.003831075182199671 0 
-0.0002252879736396838 0.004077518860995357 0 
0.0001892428594519536 0.005178031252523587 0 
-0.0004397995980926375 0.003629047384587143 0 
0.0007115448637189584 0.005492619626357457 0 
0.000514920430269828 0.004656456461218321 0 
0.0006972313123854673 0.0054222628306602 0 
0.0006759066012013747 0.005367339216083538 0 
0.0007167972865275549 0.005470993777586791 0 
0.0005668896669062205 0.004839715304584592 0 
0.0001675726270718381 0.004194703934973261 0 
0.0007023606795157378 0.005545472307991909 0 
0.0006959058354476251 0.005511195006081236 0 
-2.040025828121707e-05 0.003975943242960738 0 
0.0007138571776226632 0.005334312709356724 0 
0.0007127963801378519 0.00516362604384343 0 
0.0007051522619658178 0.005286329408409764 0 
0.000375920744026982 0.00444910518034938 0 
0.0004681660341607305 0.004566633524340159 0 
0.0003963924988633266 0.004446998412438796 0 
0.0001163940990340394 0.004889642920331541 0 
9.655806968407438e-05 0.004568265081756805 0 
-0.0001698308746765262 0.004076744686717294 0 
-0.0003062003139877825 0.003847808120219021 0 
-3.454747524555895e-05 0.004318199274495017 0 
-0.0002322493155649215 0.003815099530816251 0 
0.0008452478325866267 0.005521785343244239 0 
0.0008708340562481782 0.005505923485512009 0 
0.000887272217252701 0.005490658621802352 0 
0.0008132570480982924 0.005536885391069707 0 
0.0007771676319385546 0.005550058966959309 0 
0.0007253103979569537 0.005507041157925145 0 
0.0001091887856011173 0.00417596800807049 0 
0.0005166121890732326 0.004655255269532602 0 
0.0007204436320136478 0.005373988980373912 0 
0.0006504786136434231 0.004970000269626398 0 
0.0003485642102266639 0.004460091340914328 0 
0.0007382738572033574 0.005539306813826453 0 
0.0007172703426125747 0.005444664610471273 0 
-6.588018866482631e-05 0.003982653492505833 0 
0.0005918515004386828 0.00482437740326769 0 
0.0007340516952938688 0.005521968912617148 0 
0.0007586182949077074 0.005301363923119493 0 
0.0007428990545101409 0.005164057766992033 0 
0.0004413919219392818 0.00458557000255743 0 
0.0005264659906939498 0.004676719192637724 0 
7.544313689209833e-06 0.004275045080850655 0 
-0.0001288081668216512 0.004054210532124213 0 
0.0001394231843717641 0.004498353473145644 0 
0.0002274095362181786 0.004836486050721687 0 
0.0007393428482038556 0.005486886005940965 0 
0.0008740748113555356 0.005494703007517992 0 
0.0008442187980168514 0.005506966534065777 0 
0.0007386047307233177 0.00556046034010711 0 
0.0008105883908371003 0.005519248979554357 0 
0.0007214014558098951 0.005402297474011825 0 
-0.0006044438083321798 0.003402094742321418 0 
-0.0002650622182098533 0.003841178067340717 0 
0.0007198692527650252 0.005420181034612372 0 
6.804821519544619e-05 0.004189668972981046 0 
0.0005697262277000809 0.004751193880615374 0 
0.0007696800232816738 0.005353472304033762 0 
0.0007679074026111284 0.005514761863794939 0 
0.000587122928165111 0.004791967026799672 0 
0.0006581208921502908 0.004947975087815071 0 
-9.655197861062968e-05 0.004018963999212842 0 
0.0007001224860876249 0.005070909429737832 0 
0.0003585090888416635 0.004538245886801254 0 
0.0007766675039628629 0.005244070243976368 0 
0.0005323357266542487 0.004721169149954414 0 
0.0007680078348798949 0.005391872289801656 0 
0.0001624153376429787 0.004426316181509149 0 
3.852316883718651e-05 0.0042296517740246 0 
0.0007422564235494264 0.005435190936519465 0 
0.0002674349689964798 0.004717477481089131 0 
0.0007563736528213492 0.005500962494007941 0 
0.000802257555276975 0.005505689100240159 0 
0.0008362029040133722 0.005495260052449678 0 
0.0002198856868776323 0.004356570081231884 0 
0.0006372192042733851 0.004877593516247604 0 
0.0007162291238624636 0.005060135541235833 0 
0.00078830097247657 0.005493095547141002 0 
0.0008250678479730227 0.005378193520991906 0 
0.0007750411436607619 0.005530323436244758 0 
0.0006557351002339702 0.004919554247262703 0 
0.0007685158792667243 0.005479333740952479 0 
0.0004760637147978516 0.004687153103701902 0 
0.0002822471997503728 0.00453039061512642 0 
0.0002752086456956722 0.004606865014279232 0 
0.0008206056569924206 0.005483631322591927 0 
0.0008692244406361975 0.005484282982439156 0 
0.0003182285692765784 0.004524519684231729 0 
0.0007926059799871751 0.005437150886127967 0 
0.0007702962092552069 0.005452778499983709 0 
0.0007075452839716037 0.005014983470874265 0 
0.0007209917234637915 0.005043420790408158 0 
0.0006008006367266178 0.004888969078380538 0 
0.0007666354306390289 0.005161925051611966 0 
0.000355009571736855 0.004651871317675849 0 
0.0007979128800781147 0.00546951670705649 0 
0.0003926546267502859 0.004910947195855204 0 
0.0004531458865692592 0.004704782755497405 0 
0.0008518001375155453 0.0054730044914184 0 
0.0008068168001751006 0.005247898407684875 0 
0.0008251893225023828 0.005456886742642064 0 
0.000775552356073365 0.005153463145324708 0 
0.0006710282721508667 0.004969251658002849 0 
0.0003781389168671192 0.004756343330523027 0 
0.0004047846403028535 0.004685188988409538 0 
0.0003736469727809997 0.00514406385762125 0 
0.0005471573275639989 0.004889382416019375 0 
0.0009015647974264453 0.005474932550779119 0 
0.0007799022448703407 0.005158919673702785 0 
0.0008030268346403087 0.00531363543482337 0 
0.0005425642685439493 0.005249450424593886 0 
0.0005973808022173815 0.004815075184141553 0 
0.0007483371948040692 0.005141514961371088 0 
0.0008778509872039184 0.005461272660748054 0 
0.0006968026384560168 0.005116787882743451 0 
0.0008109446851528376 0.005414712675998542 0 
0.0008474811641093036 0.005440820385674272 0 
0.0008279982023244935 0.005256946723852646 0 
0.000862903782153242 0.005420614722132282 0 
0.0008364730315673852 0.005316400276226188 0 
0.0007599905872046218 0.005306110680270678 0 
0.0008138693476024656 0.005307886758607921 0 
0.0006218657736981313 0.005090205635980517 0 
0.0008340392134595282 0.005278683229748578 0 
0.0008621123851981207 0.005330541257672695 0 
0.0005182954025194861 0.005034840366808378 0 
0.0008953884894630277 0.005422291083059146 0 
0.0004712742533116019 0.0048505565852662 0 
0.0006683018675872801 0.005290185296320994 0 
0.0008955711261832396 0.005484288380758691 0 
0.0009121686916783212 0.005461888843127287 0 
0.0008759754229759431 0.005369176960251328 0 
0.0009134346684194378 0.005446783362253678 0 
0.0008928778615788705 0.00544494050557492 0 
0.0008579662083840329 0.005368726910377214 0 
-0.0007184972556481894 0.003127838468847558 0 
-0.0006778798706905111 0.003267675781979833 0 
0.0006986182280928582 0.005567600680850712 0 
0.0009018934678008259 0.005418711916132586 0 
0.000884287814016031 0.005384217467984409 0 
-0.0006409741717894496 0.003223940519597371 0 
-0.0005375299603733013 0.003307245438677784 0 
-0.0005072999755186227 0.003200608514450993 0 
0.0006420794812284292 0.005531791015253096 0 
0.0006342197733402859 0.005491495619401311 0 
-0.0003995108061300559 0.003631859419331672 0 
0.0008733326999725597 0.005404449895210771 0 
-0.0003562996487881174 0.003632737119541421 0 
0.0007440818170398389 0.00546353129934475 0 
0.000185002531725518 0.004374981075989846 0 
-0.0003268918728002967 0.003620482982167082 0 
-0.0002561731468171226 0.003587620720660831 0 
-0.0001607244441160797 0.003618036871037943 0 
0.0006458444073964902 0.005512102761488403 0 
0.0006851713353173927 0.005496822783404675 0 
0.0005809819406023743 0.00527059336223769 0 
0.0007587616773502388 0.005417971166424791 0 
0.0007394953509844804 0.005238201142967653 0 
0.0006777330343880176 0.005079303415121484 0 
0.0006320149530095336 0.004984555180835737 0 
0.000603420618173219 0.004876566881407712 0 
0.0004633962920439905 0.004576866482180409 0 
0.0003931228709402921 0.004559610985898906 0 
0.0002730357410133888 0.004383791274351418 0 
0.0006938050027791885 0.005226608426904374 0 
0.0006760592863476739 0.005156298349295264 0 
0.0006140251901181803 0.005030858797437683 0 
0.0005629070948043576 0.004910930307590654 0 
5.359895694869861e-05 0.00397235392081399 0 
0.0005145215147218916 0.004682023209343576 0 
0.0002837988242245501 0.004330433703192474 0 
0.0001880336895130246 0.004084436557138287 0 
2.391075233328858e-05 0.003979596453345358 0 
0.0006872957447242732 0.005397874551856538 0 
0.000632463445910357 0.005132709544445979 0 
0.0002603114734259144 0.004183298673579512 0 
0.0001442556046412845 0.004119066029499885 0 
0.0005097436790300168 0.004813178576860276 0 
0.000457616921310047 0.004603431137879548 0 
0.000404806415874217 0.004475991900349345 0 
0.0006558910973885612 0.005397498752961737 0 
0.0006298748118963314 0.005345365302185953 0 
0.0006012981918529628 0.005225604723666041 0 
0.0005981922335924505 0.005181225502060334 0 
0.0005386180159549674 0.004940868631465089 0 
0.0002745641998086603 0.004235512643999757 0 
-0.0007587359851057025 0.002321363676760251 0 
0.0006474275604684059 -0.0001190093412025749 0 
0.0007894089284411274 0 0 
0.0003920995144772451 0 0 
0.0008205738414760365 -7.971110198938216e-05 0 
-0.0002385059901615902 0.001283679480323554 0 
0.0009185554271536491 0 0 
0.0008618998240603155 0 0 
0.0005512802030760116 0 0 
0.0006865157549934709 0 0 
0.0009114902515058322 0 0 
-0.0005010530981972873 0.001854360125076752 0 
0.0008450888667668803 -6.240649078094538e-05 0 
0.0008631918380972596 -4.271741132713013e-05 0 
0.0008740500844610235 -2.164201545902074e-05 0 
-1.488554920846038e-05 0.0003270967786004438 0 
0.0008776455537921934 0 0 
0 0 0 
-6.026075626124329e-05 0.0006523924774376858 0 
0.0008916776168744945 0 0 
0.0009182434238060692 0 0 
0.0006844563507822742 -0.0001168880042117703 0 
0.0007214158818657979 -0.0001123200994065731 0 
0.0007573766110568588 -0.0001048083963831093 0 
0.0007908798549495576 -9.397045273313865e-05 0 
0.0009022267319697822 0 0 
-0.0003633877946883673 0.001579634088737027 0 
0.0002073158892960905 0 0 
0.0009007211743469719 0 0 
-0.0006388562691749273 0.002102708342849724 0 
-0.0001356230385424498 0.0009727347195667293 0 
0.0002031375659715391 0.001378029792601945 0 
0.0003148076304755849 0.001017038612026447 0 
0.0003535210957421637 0.0008382054481032586 0 
0.0002640178929605712 0.001201176545317252 0 
0.0001376458957371416 0.001536481979123167 0 
0.0005710799225516775 5.700656424675207e-05 0 
0.0005584888634662712 7.498431432304033e-05 0 
0.000544863294074833 9.497894567049512e-05 0 
0.0005301475775921679 0.0001176398479317315 0 
0.0005008383858021564 0.000172583575368652 0 
0.0004697678513473923 0.0002483120416473007 0 
0.0003998277358305867 0.0005475297157526631 0 
0.0004352787518927725 0.000362592315235056 0 
0.0004179740904620578 0.0004432460870614669 0 
0.0003805438166799494 0.000679346252360969 0 
0.000486210517069176 0.0002065348834540896 0 
0.0004531735672893867 0.0002991414509162652 0 
0.0006253360065265374 -5.842388880792039e-05 0 
0.0006176691788710429 -3.666891946893095e-05 0 
0.0006213447131916442 -1.515794384591266e-05 0 
0.0006129819237279961 -1.354799951321104e-06 0 
0.0005934664916884327 2.612666162462518e-05 0 
0.0005827485404572855 4.089665553384771e-05 0 
0.0005149493335933935 0.0001436201141208506 0 
0.0006487882345784896 -9.720687864576767e-05 0 
-0.0003039489206413001 0.002144920232508814 0 
-0.0004416535087835396 0.002225971157307118 0 
-0.0005828664403063941 0.002318195298134595 0 
-0.0006583753054385387 0.002352263532449576 0 
9.046162960102617e-06 0.001783738644688562 0 
-0.0001068023654821764 0.001953875538489924 0 
-0.0001599594852546287 0.002017679399581353 0 
-0.0002106609821911324 0.002070534895092913 0 
7.20904140014745e-05 0.00167133070660306 0 
-5.001857108603584e-05 0.001875530063737611 0 
-0.0002579463454581573 0.002111258670117605 0 
-0.0003467153044317888 0.002166510296755061 0 
-0.0003905472598981947 0.002187586074680791 0 
-0.0004918260579845753 0.002260779429524406 0 
-0.0005389521005150563 0.002291537418099727 0 
-0.000623689901993065 0.002340729122995238 0 
-0.0006808346016461393 0.002339687545407877 0 
-0.0006941213870407906 0.002310731311587657 0 
0.0002819609569623036 0.001209620030958865 0 
0.0003364432369436182 0.001053065571671824 0 
0.0003812959058545485 0.0008982577704056578 0 
0.0002233045447503567 0.001352582630368959 0 
0.0004157381372511566 0.0007520876843454101 0 
0.0001645791703924557 0.001475400620737211 0 
0.0006223799919471166 -4.665934364785015e-05 0 
0.000627678181502897 -2.988080191095719e-05 0 
0.0006037254304938787 1.225276257081561e-05 0 
0.0005740122644867009 8.514118057106318e-05 0 
0.0005850056804587127 6.681723372839803e-05 0 
0.000561262972434374 0.0001061905191982541 0 
0.000628205296948113 -7.05507336585461e-05 0 
0.0005233381542487582 0.0002261595961831167 0 
0.0004614503340468884 0.0005079711052927295 0 
0.0004792261047609093 0.0004143395411408368 0 
0.0005106551639522676 0.0002754724085163784 0 
0.000535159661152959 0.0001855392545101185 0 
0.0004954273793442817 0.0003376236024929896 0 
0.0005437667247836106 0.0001541053899359082 0 
0.0005492504423153415 0.0001299581349415957 0 
0.0005956219513812052 5.016739732586549e-05 0 
0.0006480432006065113 -1.774481277765663e-05 0 
0.0006065170395492472 3.519972470446397e-05 0 
0.0004423214478742299 0.0006201457081514145 0 
-0.0006199985194972839 0.002246412762463748 0 
-0.0005903983575872525 0.00225734308231877 0 
-0.0002204293918039356 0.001977920479877437 0 
-0.0001210736891772341 0.001890622658189489 0 
-6.416783783817732e-05 0.001824924630992614 0 
-0.0002615786250725376 0.001996627921521842 0 
-0.0003828067366527081 0.002086050784786202 0 
-0.0004441639528682368 0.002139406378095661 0 
-0.0005470809899739483 0.00222396125590108 0 
-0.0001719104022110323 0.001938927946428393 0 
-6.729500729700885e-06 0.001751058456979508 0 
5.013038245857735e-05 0.001670181447037131 0 
-0.0003011723574896844 0.001995798956669001 0 
-0.0004981385620735549 0.002183406492463809 0 
-0.0006088514533099511 0.002189381646233671 0 
0.0001072058828631082 0.001579272759087282 0 
-0.0006977249642951849 0.00225628579907529 0 
0.0006422287020914399 -5.680239786355551e-05 0 
0.0003518909259399797 0.001075711448150006 0 
0.0004435138460378822 0.0008015068070059726 0 
0.0004025323818358055 0.0009361089027911579 0 
0.000473195873979704 0.0006824274854881066 0 
0.0003024463710440655 0.001196376797177679 0 
0.0005003582118155377 0.0005679955604714457 0 
0.0006043709868719234 7.815710061409239e-05 0 
0.0006120676723317743 6.106702600379514e-05 0 
0.0005910573406713544 9.876156427516163e-05 0 
0.0005824101523162175 0.0001663415562494777 0 
0.0005760868931574298 0.0002055970136207921 0 
0.0005370499136111585 0.0003866728630370445 0 
0.0005903148344161732 0.0001308648923722845 0 
0.0005499754401056189 0.0003162894489099163 0 
0.0005668010277397604 0.0002542349367688682 0 
0.0005770614079698598 0.0001192948953583292 0 
0.0006194093700207257 4.61314016156207e-05 0 
0.00063056407624549 3.252795988932515e-05 0 
0.0002548281493845036 0.001298187878223339 0 
0.000518640889430093 0.000472074786719884 0 
4.17382255152452e-05 0.00162848460943067 0 
0.0001035506454688846 0.001544872164345679 0 
-2.092990288490037e-05 0.001705312551500079 0 
-7.735044775532009e-05 0.00176511360472094 0 
0.0001577397589810502 0.001466151160089024 0 
-0.0001285304656367009 0.001811028220874252 0 
-0.0001637001617494127 0.001826918588496902 0 
-0.000252560362396128 0.001846521296701472 0 
-0.0003934143292612197 0.002019973239766558 0 
-0.0004219005804311164 0.001971941094677477 0 
0.0002067591446375039 0.001387413644650115 0 
0.0006372044637628795 -4.100201502322614e-06 0 
0.0006512221375532035 -7.209975191107282e-05 0 
0.0006605470300820765 -8.04131598103411e-05 0 
0.0006631093043584116 -3.390037616263735e-05 0 
-0.0005772031955729655 0.002103312080009067 0 
-0.000490122251942942 0.002013518031359529 0 
0.0003763183989842365 0.001057468159545986 0 
0.0005125460100476651 0.0007006644741063279 0 
0.0006385674933657486 4.445028644705723e-05 0 
0.0006399972464240851 7.306891307364848e-05 0 
0.0006247531481411581 0.0001506683777473758 0 
0.0006015454469332923 0.0003549285649283622 0 
0.0006293548130300128 0.0001221288373421348 0 
-3.925158575005407e-05 0.001615977205311693 0 
0.0002213835723095655 0.001333615607973082 0 
-9.472120783778162e-05 0.001627441488621405 0 
0.0005652100489563801 0.0005133355146053252 0 
0.0003036814495108202 0.00120896031817133 0 
0.000666868028871087 -5.860091303726956e-05 0 
0.0006708031697657839 -1.534571549502613e-05 0 
0.000617103928697578 2.172857798053465e-05 0 
0.0006868763208864838 -2.656667884270205e-05 0 
-0.0002548700001371538 0.001748565852126435 0 
-0.0001333778306039421 0.001626302479806738 0 
0.0006985103957916583 -1.969131751158446e-05 0 
0.0006830355383789065 -7.457298182788334e-05 0 
0.0006910931641376637 -4.804213353698521e-05 0 
3.060220406899338e-05 0.001406369901971132 0 
0.0006514090127399082 8.17430243826806e-06 0 
0.0004115949779528504 0.0009689320247057507 0 
0.0006686588143295695 2.21677874370892e-05 0 
0.0006253294131278123 0.000236682791063452 0 
2.02100910619585e-05 0.001589497371475668 0 
0.0003424154894147813 0.00113322515000432 0 
-8.86571722424576e-05 0.001495207189098091 0 
0.000644882303395582 0.0004490408519090362 0 
1.214303568364727e-05 0.001490786568162512 0 
0.0006347532001654762 0.0001017731900225464 0 
0.0006793659412849359 0.0001484615420808282 0 
0.0006294043080546796 0.0003995620901600086 0 
0.0002736003344900083 0.001256445343548868 0 
0.0008499006749608859 -4.345837561190169e-05 0 
0.0008228679118696128 -5.799092691731146e-05 0 
0.0007210584016300184 -8.659526251165817e-05 0 
0.0007574248333342549 -7.954815041436894e-05 0 
0.000791766332513453 -7.022727078759375e-05 0 
0.0008863277662656027 -1.327366841922004e-05 0 
0.0007169960474614548 -6.294811662969408e-05 0 
0.0005792458404809268 0.0006280834398378883 0 
0.0002451273300525475 0.00125758108352908 0 
0.000498275140428228 0.0007966912988936663 0 
0.0006696374743830545 0.0001953010863682769 0 
0.0006555395499797643 0.0002735617371424154 0 
0.0003859529296847632 0.001056948150264877 0 
0.000151518443661168 0.00139202087813128 0 
-0.0001947135824396092 0.001610665513915214 0 
5.046690635166136e-05 0.001312298558982915 0 
0.0006826627168684173 -2.199183825154908e-06 0 
0.0007009706312423449 6.208662621443948e-05 0 
0.0007007546607918992 9.979681828558643e-05 0 
0.0007052581415001425 0.0003429833174726415 0 
0.0007156569723336441 -3.481089256390796e-05 0 
0.000871920260247531 -2.794263499732534e-05 0 
0.0008484687399983664 -3.174548515838923e-05 0 
0.0007902917096887836 -5.248584101603782e-05 0 
0.0007569688754950635 -5.960766749013638e-05 0 
0.0008209500581657177 -4.317900526528701e-05 0 
-0.0004883469330825079 0.001933714989366923 0 
-0.0003469859694065646 0.001831714284925528 0 
-0.0001332021034854793 0.001218626195795721 0 
-1.015486154234665e-06 0.0009176253480790625 0 
0.0001072589740084467 0.0006089081432574888 0 
0.0001793369186601085 0.0003009859319815361 0 
-0.0002776718569491635 0.001503515176617406 0 
0.0007118505554288649 8.221035911037032e-06 0 
0.0006469940606939326 0.0005105357035140803 0 
0.000411496252931565 0.001012058270316264 0 
0.0007251215046926987 0.0001471721318841286 0 
0.0001971876641192813 0.001110249219447376 0 
-6.040958268696049e-05 0.00139914365549582 0 
0.0006835361111746474 0.0003056902751174841 0 
0.0007023884417679796 3.011938070246478e-05 0 
-0.0002818998828051736 0.001711540620730674 0 
0.0007183231803640041 -2.073545841187814e-05 0 
0.0006977642015544226 0.0002064228886555212 0 
0.0007531306980223416 5.428940491821811e-05 0 
0.0007881615295972119 -3.778053047264097e-05 0 
0.0008163522880969915 -3.209798209786361e-05 0 
0.0008422482923599511 -2.33024585844574e-05 0 
0.0008723795640933233 -1.961868421046677e-05 0 
-0.0004148028857637325 0.001874962855904524 0 
0.0005403714763517587 0.0007454064303417602 0 
0.0001024851723715737 0.0009115699497850043 0 
-5.029443053408426e-05 0.001198544166718939 0 
-0.000205111291954277 0.00146673911434558 0 
-0.0004261329721110477 0.00177012722474511 0 
0.0004995204975180119 0.0008466692497108683 0 
0.0006856962131673112 -9.41469442162017e-05 0 
0.0007578319282923493 -4.310931744884873e-05 0 
0.0007120625889505762 -9.958560825522902e-06 0 
0.0007148027115545726 0.000390077199393883 0 
0.0007455589172084455 9.492954320921017e-05 0 
0.0007529220031709859 -2.948989951852773e-05 0 
0.0007650618401626463 0.0001537630202680846 0 
0.0007300702322758664 0.000223982394712405 0 
0.0003039451847760595 0.001042096328017008 0 
0.0007477406047964985 2.634888044105387e-05 0 
0.0003109362705385501 0.001114687137081095 0 
0.00062757720111114 0.0005907640792132707 0 
-0.0003559375650608161 0.001713232023027066 0 
0.000811911446086729 -2.344573131895012e-05 0 
0.0007877204551236122 -2.250915194289134e-05 0 
0.000864823867115129 -1.441769408923426e-05 0 
0.0005874756618705513 0.0006882921869237141 0 
1.15117627618954e-05 0.001206028951796654 0 
0.0001712233765177676 0.0009422331392048109 0 
0.0007402828801439539 1.152709233441826e-05 0 
0.0005196390525156448 0.0008099125566732049 0 
-0.0001466350734070158 0.00146705763620521 0 
0.0007914278361443627 9.466854452424783e-05 0 
0.0008110993105964028 4.360409062212656e-05 0 
0.0007050161362315534 0.0004512238329772226 0 
0.0008014849610960758 0.0001672449525187312 0 
0.0001427914493062425 0.00131856100823615 0 
0.000342862659155315 0.0009097591410935657 0 
0.000432457647818414 0.0009436915619790128 0 
0.0007582215742653174 1.600355362523985e-06 0 
0.000831039603223291 -1.529261108392237e-05 0 
0.0006705383803360127 0.000532231267393108 0 
0.0002433782094223442 0.0006094125250571815 0 
0.0007911397557766375 1.297824828998797e-05 0 
0.0006081241186334909 0.0006368533476974079 0 
0.0007589888619891326 0.0002475626551545536 0 
0.0008518634203187281 5.860968996281652e-05 0 
0.000832391428596026 0.0001043984414652012 0 
0.0004143159046910452 0.0009020644848125233 0 
0.0007741310982860005 0.0003224511697526138 0 
0.0008304027511190126 3.652595302104355e-06 0 
0.0008815929915740348 -7.219414419923905e-06 0 
5.341868340922672e-05 0.001229576742734434 0 
0.0007448558210858266 -1.741517303273057e-05 0 
0.0007435332002780309 0.0003861261160851913 0 
0.0003362499286947245 0.000657821576963204 0 
0.0007767010212558759 0.0002792513397875256 0 
0.0004753481030037945 0.0007334849515208424 0 
0.0006812379421321139 0.0004743755872007077 0 
0.0008831578160751481 4.3302338724112e-06 0 
0.0008046571885862021 0.0002476751871941861 0 
0.0008659324857691433 3.187597205668524e-05 0 
0.0008948168939539728 -7.116364953942073e-06 0 
0.0003597209137029864 0.0007754377809420269 0 
0.0005124937941819973 0.0003348839690167395 0 
0.0005201015271450529 0.0007625754488932171 0 
0.0002021802886143324 0.001008323325012039 0 
0.0008865387263375953 5.449340391527288e-05 0 
0.0005102266385369079 0.000558758007359313 0 
0.0009047734647672995 1.975819457925929e-06 0 
0.0007384124856169441 0.0003154999390256164 0 
0.0008355976154736899 0.0002018385743089228 0 
0.0008672128921065885 0.0001082310306928331 0 
0.0003502112964028716 0.0003029145673938435 0 
0.0008913993219637681 2.310099230145588e-05 0 
0.0006402399156297421 0.0004111283190240439 0 
0.000775175735000398 0.0001587240919879762 0 
0.0009096372972356895 3.332199354557689e-05 0 
0.0008463927832635533 0.0001206164791117574 0 
0.0008899435748744813 8.726561015727781e-05 0 
0.0006691567240843803 0.0002167930321927843 0 
0.0008292867047590977 0.0001828569868841994 0 
0.0009114331471638872 1.279510984957163e-05 0 
0.0006351274961869751 -8.273388567805314e-05 0 
-0.0005684709666709745 0.00201682569740683 0 
0.0006413795887428151 -6.654959428207551e-05 0 
0.0006380109682124815 -4.500393422389239e-05 0 
-0.0006239623960260896 0.002284894065576249 0 
0.000627409352758543 8.871347426978283e-06 0 
-0.0003027591739000996 0.001691938567411507 0 
0.0005899219430545601 0.0005880479843022816 0 
0.0007305299709421683 -4.656581857670052e-05 0 
0.000656227115420735 -4.529105153292802e-05 0 
-0.0005375444129417008 0.002110629171075702 0 
0.0008541011349807756 -5.481833780652905e-06 0 
0.0001730635392787043 0.001215053790511047 0 
-0.0005656668690288162 0.002185873087587979 0 
-0.0004918394924636701 0.002074802602605221 0 
0.0006605341997145284 -3.710537729317482e-06 0 
0.0006418079947774168 2.028808671447457e-05 0 
-0.0002021203727954562 0.001849469377971899 0 
0.000850995142610622 1.804494219030298e-05 0 
-0.0003449206083512849 0.001985416257644723 0 
-0.0004565604251977656 0.002076782202333189 0 
-0.0005143112089303635 0.002138072847671397 0 
0.0002561761872912563 0.00115725969993219 0 
0.0008119709153801981 -9.104865342249796e-06 0 
0.0007712467474249449 -1.092630333030014e-05 0 
0.0006780561609692356 9.187441004863746e-06 0 
-0.0003274642839832474 0.001889659617747326 0 
0.0006908134866946961 -1.206914658076003e-05 0 
-0.0001500450480007498 0.001738295355370063 0 
-4.389344315047063e-05 0.001663609435853271 0 
7.748903452277027e-05 0.00152764484095725 0 
0.0001520359702299247 0.001430817003690594 0 
0.0001247605577488896 0.001395833202060594 0 
0.0006530491535406026 3.424196740054078e-05 0 
0.0006402090716365236 5.50835585099802e-05 0 
0.0006155762100664918 9.880236207463887e-05 0 
0.0004577561799892154 0.0008475947376522013 0 
0.0005183797448231717 0.000632143475068184 0 
0.0005633153233147057 0.0004459102112638106 0 
0.0005933266269502704 0.0003017146025610235 0 
0.0006265152974478335 0.0001843723100984788 0 
0.0005824581865020573 0.0005627544890852581 0 
0.0007331342526653467 -5.406072278778783e-06 0 
0.0007926532196379826 -3.395169974499895e-06 0 
0.0003374895230197593 0.001126940063826719 0 
0.0006611896921191761 8.54294791965205e-05 0 
0.0007025101390245375 -1.853593080184626e-06 0 
0.0006686850836780307 4.361785331743905e-05 0 
0.0005311881670173241 0.000709019438235011 0 
0.0004270824651307917 0.0009775109853385024 0 
0.0004563212831725195 0.0008922919997466511 0 
0.0006574382989980029 0.0001352502964521384 0 
0.0006647131144877045 0.0001086335853534472 0 
0.0004524344115355214 0.0009162329777504346 0 
0.0006703731517190593 5.850698220637443e-05 0 
</DataArray>
<DataArray type="Float64" Name="Umag" NumberOfComponents="1" format="ascii">
0.000814286390510064 
0.0009964783648326204 
0.001205597305732309 
0.001414403492659079 
0.001603089554325715 
0.001763202718160509 
0.0008427036801846325 
0.001092404877046782 
0.001370056842101903 
0.001622076535452154 
0.001826573896665098 
0.001984631803574435 
0.0008820365947843963 
0.00128619703694225 
0.001667442387664995 
0.001941306486144838 
0.00212815189237527 
0.002256231314734063 
0.0009877313920208101 
0.001918006163524221 
0.002261065407428878 
0.002422954414807744 
0.002514678490781 
0.002572058098832967 
0.004561807521876242 
0.003590202116216481 
0.003217686748802379 
0.003048880154446574 
0.002958348196439278 
0.002905327227315855 
0.004628568849734677 
0.00421309221740298 
0.003815167405133693 
0.003532916693409101 
0.003344443751360964 
0.003218739295916687 
0.0046844911060842 
0.004417145584168372 
0.004122450297622488 
0.003858201263307175 
0.003647587020879251 
0.003488244695115373 
0.004736088545444901 
0.004531451441003705 
0.004301857041789513 
0.004076705489028986 
0.003876974331034626 
0.003710918493402239 
0.00290634733216709 
0.002962975305975624 
0.003018626553854094 
0.003088974826035173 
0.003099152154359345 
0.003106301572580417 
0.003111756086207835 
0.003116491794616034 
0.003121242984498281 
0.003126713935320187 
0.00313369550380532 
0.003142371470056865 
0.003153466666895073 
0.003167692011709468 
0.003185880324050933 
0.003209345538888717 
0.003240020612848765 
0.003278709914059218 
0.003327891715018293 
0.00339093930286394 
0.003472078909162291 
0.00357669997912042 
0.003073962802785576 
0.002563862540721232 
0.002848113499674707 
0.002787669058322864 
0.002538675290403004 
0.002659033325916321 
0.002158978626672265 
0.002397545253065906 
0.002724585077034839 
0.002623923064557103 
0.00259156489290665 
0.0024228629147562 
0.002216512512019349 
0.001895891542503938 
0.002002820487359814 
0.002088965609833436 
0.002264429750871087 
0.002304886462941178 
0.002339693796038364 
0.002370142629651949 
0.002446591289417935 
0.002469469988730179 
0.002492105110584118 
0.002514996008742697 
0.003370167835598162 
0.003135265183553849 
0.002876492650629739 
0.002606793872436135 
0.002344492702388187 
0.002104998841557474 
0.003283400249175708 
0.003077607890057533 
0.00285815796662951 
0.002632018489984741 
0.002408535634289231 
0.002196715067653974 
0.003219169581111847 
0.003036933773688139 
0.002846450880743473 
0.00265141200652373 
0.00245674242204766 
0.002267732167320093 
0.00317110377582795 
0.003007754702286102 
0.002839124909215875 
0.002667108900931968 
0.002494314549211027 
0.002323874282677957 
0.003134747274362367 
0.002986583832725618 
0.002834836838980941 
0.002680377681797572 
0.002524550417297378 
0.002369204767529362 
0.003106975863123681 
0.002971182305467642 
0.002832768192626692 
0.002692031627168625 
0.002549612730230673 
0.002406588962689147 
0.00308576482253757 
0.002960150859622725 
0.002832442087713887 
0.002702639189049911 
0.002570984835760804 
0.002438080878548023 
0.00306993825432378 
0.002952615392068987 
0.002833581883453656 
0.002712622755637248 
0.002589733940703735 
0.002465213063375888 
0.003058292601861636 
0.002947864588818877 
0.002835978682482988 
0.002722294658081987 
0.002606653493643627 
0.002489148155253328 
0.003049833785737312 
0.002945307064528119 
0.002839451954805121 
0.002731885758230508 
0.002622363689784496 
0.002510848806232699 
0.003043850928775743 
0.002944479566615875 
0.002843850920648159 
0.002741566307910007 
0.002637337833449184 
0.002531060868562731 
0.003039757157609805 
0.002945017995872223 
0.002849059766598058 
0.002751468233539297 
0.002651932471181861 
0.002550298471072813 
0.003037077651727001 
0.002946656470835932 
0.002855007634164622 
0.002761715185618038 
0.002666459445723514 
0.002569055842834564 
0.003035559358350804 
0.002949219337909377 
0.00286165535856664 
0.002772428712420873 
0.002681204980565071 
0.002587783089922149 
0.003034810403539081 
0.002952477835414872 
0.002868936423715428 
0.002783712704299242 
0.002696439023589488 
0.00260688654100349 
0.003034259639106235 
0.002956080783873747 
0.002876708641715185 
0.002795639515880298 
0.002712437759118923 
0.002626811744717519 
0.0030332384209095 
0.002959553819322243 
0.002884730349369845 
0.002808222077929647 
0.002729503478764049 
0.002648108622488642 
0.003030940954089793 
0.002962302862838379 
0.002892650285684719 
0.002821354567745916 
0.002747844383358722 
0.002671520386721508 
0.003026349896024283 
0.002963664448470026 
0.002900023874315847 
0.002834766368638407 
0.00276735030377726 
0.002697323667484496 
0.005544879453834532 
0.005528711532934748 
0.005512162250703299 
0.005495025449245323 
0.005477090498968932 
0.005458182209753671 
0.005437978344911654 
0.005416180001866648 
0.005392566401555849 
0.005366775916610298 
0.005338380542760865 
0.005306927433502965 
0.005272006726607889 
0.005233093069697477 
0.005189605370318845 
0.005140587123633074 
0.005084838093900604 
0.005019906247964103 
0.004940112787202568 
0.004836115876948503 
0.0006595854918948863 
0.0005658841649872592 
0.0005064070985052925 
0.0004689162360882395 
0.0004472366900589728 
0.0004377658448320483 
0.0004375535951441824 
0.0004436946865541733 
0.0004539575811315479 
0.0004665648660673194 
0.0004802103163143028 
0.0004939598580607246 
0.0005071801470834201 
0.0005194789859890702 
0.0005306434543950805 
0.0005404346703223121 
0.000548864942221176 
0.0005558855199468552 
0.0005616304638645175 
0.0005663200178723539 
0.0005701708547584179 
0.0005733998650609753 
0.0005762993343286371 
0.0005792247341692299 
0.000595886756094954 
0.0006092056541968552 
0.0006196921088267341 
0.0006173526170697403 
0.000614897299320924 
0.0006121879632981198 
0.0006089878976504755 
0.0006050681773171361 
0.0006004058253964278 
0.0005948982007400183 
0.0005883798679706358 
0.0005806171638700667 
0.0005716626804135806 
0.0005616131354465615 
0.0005506477356443651 
0.0005390237505518416 
0.0005271456660230621 
0.0005155904269640752 
0.0005052543754971086 
0.0004974623300582143 
0.0004939638883760833 
0.0004972911143577808 
0.0005109256595679937 
0.0005395733590691865 
0.0005907361968338687 
0.0006783423429994343 
0.005220377000949864 
0.005629726019494589 
0.005625475383825077 
0.0005824226931449045 
0.00530518598207178 
0.004896768529045236 
0.005556449143454633 
0.0006224844531925031 
0.005394487058548041 
0.005456182191519455 
0.005516806454040474 
0.005266090875186763 
0.005543297055777109 
0.005530169836993048 
0.005013708622991652 
0.005473021979865993 
0.00541738992807515 
0.00543778345531445 
0.005099092973182258 
0.005368558759436651 
0.005488557763289068 
0.0055029743411749 
0.005165868607320016 
0.005339060636538132 
0.005569890914704531 
0.005583803404419738 
0.005598220143323388 
0.005613654073306024 
0.005628314752671956 
0.005626907890398317 
0.005609211375507995 
0.005592954167621836 
0.005576860762185095 
0.005560875536609982 
0.004854289345930188 
0.004873511679929173 
0.004971213516176608 
0.004993927326368868 
0.005052584400540747 
0.005078053344548726 
0.00511773255680592 
0.005144232984766259 
0.0051725687369321 
0.005198833037300533 
0.005219967487399905 
0.005245190202574846 
0.005261554087959904 
0.005285315109230598 
0.005298354710273095 
0.005320452207093151 
0.005331043046603093 
0.005351357426656649 
0.005360240810504529 
0.005378733148987794 
0.005386412137377317 
0.005403099635394483 
0.005410038801938092 
0.005424941574473476 
0.005431580467653393 
0.005444759404883902 
0.00545143491728764 
0.005462978070533446 
0.005469838750577643 
0.005479830765098557 
0.005486981298133378 
0.005495504245040701 
0.005503302212470456 
0.005510464361166168 
0.005518969770621617 
0.005524890090365905 
0.005534192679824497 
0.005538984161866102 
0.005549186986718006 
0.005552981843526099 
0.005564189640973886 
0.005567150245189142 
0.005579351727360116 
0.005581640546979488 
0.005594811186581588 
0.005596553704049722 
0.005610752248403584 
0.005612245642477652 
0.0006705746388956097 
0.000663745755039416 
0.0005741207487575709 
0.0005638741892306116 
0.0005196910348410895 
0.000507332234833218 
0.0004889668541604512 
0.0004740415669603331 
0.0004741588714627426 
0.000456831013072939 
0.0004703703706170831 
0.0004512269736732868 
0.0004739602984189489 
0.0004537307174505597 
0.0004822172689138483 
0.000461571063267269 
0.0004932838113703239 
0.0004727164966852083 
0.0005057494852995904 
0.0004856037270324512 
0.0005186350549016858 
0.0004991258896417018 
0.0005312618935898869 
0.0005124934640344134 
0.0005431743767592991 
0.0005251717513877765 
0.000554078782356993 
0.0005368292792595924 
0.0005638111111080198 
0.0005472825354355155 
0.0005722942144426814 
0.0005564617650701626 
0.0005795700477573775 
0.0005643472495549795 
0.0005856258393009559 
0.0005709165724135453 
0.0005906263035495988 
0.0005762917676980951 
0.0005947775398888794 
0.0005806906412230408 
0.0005981944632200935 
0.0005843177725869392 
0.0006010607687261292 
0.0005873493518003776 
0.0006036280543221114 
0.0005900580709363966 
0.0006062592986325103 
0.0005928163815709788 
0.004052092255339815 
0.004318594884499016 
0.004598776679103749 
0.004887574088785612 
0.005181003696853514 
0.005480640723223761 
0.00549062855675802 
0.005504402167739651 
0.005519315124835351 
0.005533204990263786 
0.005545003983088688 
0.005550282570520323 
0.005553061949609377 
0.005553319827616856 
0.005552224149102743 
0.005550626817231625 
0.005548881780102132 
0.005569641140765027 
0.005590369043353873 
0.005607870790816944 
0.005621337573157041 
0.005630302337306691 
0.005634812241461284 
0.005635423380698828 
0.005633163697435674 
0.005546674091665468 
0.003224230943299676 
0.005476546326215264 
0.003391170653577111 
0.003584339264969406 
0.003805529000189965 
0.004257730528135331 
0.004618275373469089 
0.004780655436137698 
0.004440192759133779 
0.004082173648820988 
0.00527964921939963 
0.005351892988042361 
0.005408142036381104 
0.005430830960365041 
0.005450240031013463 
0.005467272103157443 
0.005025905306817596 
0.005111076821480881 
0.00517926709918796 
0.0049174085800709 
0.00523479292066292 
0.005318196031500114 
0.005382189842995306 
0.005483081945033694 
0.005498110931502985 
0.005522544447702553 
0.005534481105309199 
0.005557623177640668 
0.005581227943910777 
0.005593914092317015 
0.003349702771296576 
0.003464873293950843 
0.003521703172569969 
0.003589159150889018 
0.003673950385891284 
0.003923922994152609 
0.003784585335983514 
0.003223368785754115 
0.003271923618266379 
0.003307055293685171 
0.003324365174461137 
0.003411268892240708 
0.004548264649888196 
0.004691446162273749 
0.004823828607906771 
0.004396546005012187 
0.004941174322126515 
0.004242309461305461 
0.005511193516742411 
0.005569413654179569 
0.005546139758672849 
0.005461728259547938 
0.005442915777125203 
0.005476917366091148 
0.005121719971560549 
0.005328097063715799 
0.005190496690598564 
0.005291441479304057 
0.005361669516622625 
0.005246973329086115 
0.005392614517879278 
0.00541995341961757 
0.005490459667226525 
0.005538061990307649 
0.00558502160875338 
0.005505426202002187 
0.005039191771759993 
0.003215162300292843 
0.003195341124667865 
0.003292385582265951 
0.003776275140706326 
0.003711966787197065 
0.003853775946354939 
0.003594879480302908 
0.003468570265843707 
0.003227703025018224 
0.003655302000105494 
0.003955687868011865 
0.003203827814946236 
0.003468707515968406 
0.003403858402282847 
0.003215496154826538 
0.004098862135798814 
0.005608819765290787 
0.005560611196156934 
0.003319341235205781 
0.004516122467046042 
0.004759895219951019 
0.004646091601044611 
0.004862788788536408 
0.004375025474496388 
0.004962509559248466 
0.005370677948374677 
0.005454555690330327 
0.005339610099306852 
0.005401271943555429 
0.005132673285990746 
0.005200616623965193 
0.005256781356161417 
0.005429741302170954 
0.005475214207826253 
0.005495445455447701 
0.005488247902172707 
0.005507657453966626 
0.004249562105943268 
0.005052070700608694 
0.003902760572055295 
0.003962842213183859 
0.004025227974178219 
0.003853667411502558 
0.003812113853366302 
0.003794041649761589 
0.003613310613432964 
0.004076889136054647 
0.003435863595039208 
0.003325960652144922 
0.003334620203479929 
0.003349449678084272 
0.005522099125219232 
0.005576054991066547 
0.00447325985353951 
0.00489364184777618 
0.005503532957463516 
0.00401044996274464 
0.005407833347618086 
0.005147659722725392 
0.004145996656755943 
0.004058295450513455 
0.005061167160097934 
0.004333811081359069 
0.003457083174118511 
0.003558515265163062 
0.003457215779301072 
0.005569412830221708 
0.005523167173210265 
0.003504823115509639 
0.005553330527716104 
0.00558804121396529 
0.00375630075326381 
0.003477943717170652 
0.003487476283355596 
0.003778004562242653 
0.005539004642754196 
0.005571034934925043 
0.004750748972075805 
0.003789473201297037 
0.005463845397599616 
0.005493076698207708 
0.005521366633381655 
0.005131577848013117 
0.004527074865351552 
0.005306395325920267 
0.005362605846518259 
0.004292680548019557 
0.00419538245522851 
0.00524458330471385 
0.004352087145685306 
0.004607095866204548 
0.004338276035389002 
0.003634225670634131 
0.003847650218320247 
0.004083737838407302 
0.005181488252612809 
0.003655599623326005 
0.005538516629290912 
0.00468484042681617 
0.005466906411100333 
0.005409730122109221 
0.005517750561992328 
0.00487280290221915 
0.004198049748088262 
0.005589774024308578 
0.005554957725029491 
0.003975995578692599 
0.005381866233124721 
0.00521259173542258 
0.005333152756744685 
0.004464958377364955 
0.004590568720885159 
0.00446463009591929 
0.004891028059072888 
0.004569285427506103 
0.004080280599011677 
0.003859972274811006 
0.004318337469709279 
0.003822162238133639 
0.005586103944195748 
0.005574365020505418 
0.005561886738210428 
0.005596292242201321 
0.005604207710716869 
0.005554599669505085 
0.004177395240497272 
0.004683832808545807 
0.005422065712262187 
0.005012387166500004 
0.004473691068675832 
0.00558828849165235 
0.005491707336057691 
0.003983198343119185 
0.004860545805537833 
0.005570545086728409 
0.005355367509585274 
0.005217220680211142 
0.004606764491170327 
0.004706258476342264 
0.00427505173769563 
0.004056256227437666 
0.004500513614433562 
0.004841829449287576 
0.005536474138780111 
0.00556379078656571 
0.00557130018812893 
0.005609300860370296 
0.00557845523757892 
0.005450251192207491 
0.003455372766166068 
0.003850312574914106 
0.005467775981973668 
0.004190221552943393 
0.004785230534229917 
0.005408518563183031 
0.005567969126472595 
0.004827800878113395 
0.00499155091913558 
0.004020123618937919 
0.005119012984954188 
0.004552384484624577 
0.005301272029944348 
0.004751086135648752 
0.005446294412163913 
0.004429294941702507 
0.004229827202622668 
0.005485639900205237 
0.004725051877728454 
0.005552719105372104 
0.005563832281216094 
0.005558517638789107 
0.004362115609194515 
0.004919041250491346 
0.005110572947678846 
0.005549370875444153 
0.005441112248704133 
0.005584368011140116 
0.004963063823228486 
0.005532966193772144 
0.004711267438608162 
0.004539174220867984 
0.004615078012174403 
0.005544691707065349 
0.005552739050204956 
0.004535697057267405 
0.005494618639908831 
0.005506918341493501 
0.005064649992053996 
0.005094695509490684 
0.004925746649438251 
0.005218543869890363 
0.004665398005769715 
0.00552741150747478 
0.004926619532335179 
0.004726554979151348 
0.005538893539088604 
0.005309556577194204 
0.005518926556858196 
0.005211493437320148 
0.005014353495974316 
0.00477135105795626 
0.004702642497802603 
0.005157616216000724 
0.004919902595701102 
0.005548667003843297 
0.005217537705783394 
0.005373971867377329 
0.00527741468389301 
0.004851990607141948 
0.005195689045269162 
0.005531376088349899 
0.005164015119453997 
0.005475102249821178 
0.005506428133798606 
0.005321754398737099 
0.005488867542859055 
0.005381802581811917 
0.005360260837302806 
0.005369920405105848 
0.005128051331360187 
0.005344166731083253 
0.005399806280271801 
0.005061447188652269 
0.005495722075986522 
0.004873397029660492 
0.005332231039220965 
0.005556929609539597 
0.005537533878610268 
0.00544016490302928 
0.005522844546861156 
0.005517663272160428 
0.005436849699314609 
0.003209300826282356 
0.003337248287919989 
0.005611260533073911 
0.005493255014770303 
0.005456350674266244 
0.00328704127792806 
0.003350643348665138 
0.00324056293380292 
0.005568929690402766 
0.005527997726012521 
0.00365376678593515 
0.005474558308638704 
0.003650168272754098 
0.005513966993859234 
0.004378890881492039 
0.003635210491933629 
0.003596755081523501 
0.003621605051234391 
0.005549810073486605 
0.00553936101647991 
0.005302517742107998 
0.005470843704880058 
0.005290142208704345 
0.005124319003415533 
0.005024463478982013 
0.004913758336678666 
0.004600265527030651 
0.004576526841873249 
0.004392285789079573 
0.005272456830555301 
0.005200429677017274 
0.005068191706502014 
0.004943086169934075 
0.003972715509622136 
0.004710209519962315 
0.004339723243523315 
0.004088762484869908 
0.003979668284613191 
0.005441454320151601 
0.0051715294911718 
0.00419138996701205 
0.004121591274598971 
0.004840095725402316 
0.004626120565643342 
0.004494259864129562 
0.005437203869624265 
0.00538234823218221 
0.005260085954005551 
0.005215642975849735 
0.004970140058439698 
0.004244402532430021 
0.002442214080476196 
0.0006582747673635548 
0.0007894089284411274 
0.0003920995144772451 
0.0008244363462967297 
0.001305648542122539 
0.0009185554271536491 
0.0008618998240603155 
0.0005512802030760116 
0.0006865157549934709 
0.0009114902515058322 
0.001920860661445219 
0.0008473899709253834 
0.0008642481857592857 
0.0008743179781861121 
0.0003274353098644452 
0.0008776455537921934 
0 
0.0006551696752463886 
0.0008916776168744945 
0.0009182434238060692 
0.0006943653949145207 
0.0007301073067288872 
0.0007645940955359067 
0.0007964429615182146 
0.0009022267319697822 
0.001620893131464419 
0.0002073158892960905 
0.0009007211743469719 
0.002197616824597487 
0.0009821437996719474 
0.001392921742240891 
0.001064646130203992 
0.0009097062923629388 
0.001229849804172699 
0.001542635169047927 
0.0005739181355462197 
0.0005635001845699289 
0.0005530795687337916 
0.0005430428968767058 
0.000529739727771985 
0.0005313574166101349 
0.0006779756691590086 
0.0005665163536181882 
0.0006092367634941985 
0.0007786686888595407 
0.0005282587670754456 
0.0005430026609014697 
0.0006280592900690172 
0.0006187566760708505 
0.0006215295776331505 
0.0006129834209015632 
0.0005940413110252722 
0.0005841818191615952 
0.0005346022384430935 
0.0006560299921371936 
0.002166348944695816 
0.002269362336645253 
0.002390347825637263 
0.002442662843886451 
0.001783761583177441 
0.001956792366395035 
0.00202401017695512 
0.002081223870998781 
0.001672884741584186 
0.001876196918619444 
0.002126957801481256 
0.002194078022375898 
0.002222174609780091 
0.002313658682751919 
0.002354063105611392 
0.002422395905108447 
0.002436734200715251 
0.002412733655897194 
0.001242047744874577 
0.001105504929851335 
0.0009758348169211755 
0.001370891932896964 
0.0008593451481850019 
0.001484551546763809 
0.0006241265486467797 
0.0006283890211148072 
0.0006038497541736984 
0.0005802922543082792 
0.0005888091277248314 
0.0005712202295030032 
0.0006321544915077531 
0.0005701148889813416 
0.0006862733089697589 
0.0006335099958462481 
0.0005802187038737478 
0.0005664103440876768 
0.000599531471371009 
0.0005651820257131266 
0.0005644157733631267 
0.0005977309400738815 
0.0006482861006013048 
0.0006075376036780383 
0.0007617276170575506 
0.002330400923347489 
0.002333274097043494 
0.001990165455807543 
0.001894495414053693 
0.001826052414421983 
0.002013689756167884 
0.002120883984175897 
0.002185026605710771 
0.002290262272609839 
0.00194653403973046 
0.001751071388019211 
0.001670933607679398 
0.002018394972337419 
0.00223951020054784 
0.002272463879814705 
0.001582907309009474 
0.002361703989264856 
0.0006447357739361956 
0.001131804905202252 
0.0009160336747654115 
0.001018985866590539 
0.0008304345898991899 
0.001234014282001163 
0.0007569526384434592 
0.0006094036610892192 
0.0006151065088085026 
0.0005992517221832327 
0.0006056988516222379 
0.0006116749467466918 
0.0006617692292023086 
0.0006046463625851094 
0.0006344383344432363 
0.0006212075402960906 
0.0005892632184573475 
0.0006211248456506099 
0.000631402504291747 
0.001322962264346472 
0.0007013151762549145 
0.001629019399093124 
0.001548338703367944 
0.001705440986706512 
0.001766807609599557 
0.00147461217131617 
0.001815583459221785 
0.001834238063052966 
0.001863713399593873 
0.002057927774204202 
0.002016569309655862 
0.001402735172886368 
0.0006372176553515277 
0.0006552012260863084 
0.0006654236659609689 
0.0006639752894729327 
0.002181074330437115 
0.002072311435199732 
0.001122432379196018 
0.000868121027098456 
0.0006401127022241012 
0.0006441549048855994 
0.0006426643417564987 
0.0006984491469880116 
0.000641095104952911 
0.001616453839449455 
0.00135186584982311 
0.001630195664974147 
0.000763528486696068 
0.001246518140136724 
0.000669437849945169 
0.0006709786759293303 
0.0006174863479584318 
0.0006873898956336812 
0.00176704308272112 
0.00163176266703285 
0.0006987878941526972 
0.0006870943721988009 
0.0006927610036026806 
0.001406702810142985 
0.0006514602989431775 
0.00105272963973491 
0.0006690261734644481 
0.0006686221791926736 
0.001589625849597568 
0.001183827524597008 
0.001497833312662207 
0.0007858185998791226 
0.001490836022213501 
0.0006428603326755186 
0.0006953983834141294 
0.0007455197159638535 
0.001285889592600655 
0.000851011038535808 
0.0008249088119237095 
0.000726239600993157 
0.0007615906291346887 
0.000794874703877333 
0.0008864271541004801 
0.0007197539839852047 
0.0008544088898841406 
0.001281248449594717 
0.0009396782115711993 
0.0006975362796548615 
0.0007103295894273643 
0.001125210671954633 
0.00140024282319992 
0.001622392300555641 
0.001313268600304348 
0.000682666259171834 
0.0007037148392772338 
0.0007078251899738353 
0.0007842363178384267 
0.000716503105569581 
0.0008723678874653261 
0.0008490624114765397 
0.0007920326697239081 
0.0007593121574766702 
0.0008220848037143096 
0.001994426330339983 
0.001864289807021765 
0.001225884417656293 
0.0009176259099705882 
0.0006182827948686807 
0.0003503630426362007 
0.001528940661523679 
0.0007118980254894896 
0.0008241650436264821 
0.001092515953518422 
0.000739905962248665 
0.001127624185695006 
0.001400447173725099 
0.0007487777771683419 
0.0007030339253714222 
0.001734600484358491 
0.0007186223978445205 
0.0007276573987336146 
0.0007550848878040096 
0.000789066515079566 
0.0008169830712664419 
0.000842570584912228 
0.0008726001355820471 
0.001920298712455843 
0.0009206693645654908 
0.0009173129149352833 
0.001199598953533532 
0.001481011232786035 
0.001820697586559619 
0.0009830409685494326 
0.0006921292826179509 
0.000759057076108382 
0.0007121322233382736 
0.0008143114502036335 
0.0007515781510947075 
0.0007534993012821066 
0.0007803606125856289 
0.000763656111870023 
0.0010855171266337 
0.0007482047016438284 
0.001157241883925081 
0.0008618905618715151 
0.001749815851724642 
0.0008122498991097037 
0.0007880419895800852 
0.0008649440392504113 
0.0009049164535306401 
0.001206083891465939 
0.0009576642069545555 
0.0007403726200312339 
0.0009622801537786615 
0.001474367645026538 
0.000797069729162065 
0.0008122705265913214 
0.0008370488037107065 
0.0008187484454984759 
0.00132627015740976 
0.0009722224528606383 
0.001038062320531395 
0.000758223263174286 
0.0008311802969749036 
0.0008560910240707569 
0.0006562138207308623 
0.0007912461994215165 
0.000880566368956455 
0.0007983428842613498 
0.0008538772643856138 
0.0008389127040285515 
0.0009926620792797729 
0.000838602238375452 
0.00083041078420169 
0.0008816225511731326 
0.001230736577018248 
0.0007450593818328851 
0.0008378156106439681 
0.0007387782087105466 
0.0008253761489121482 
0.0008740457614660909 
0.0008301309122857752 
0.0008831684318520533 
0.0008419122219656428 
0.0008665189827723834 
0.0008948451912792476 
0.0008548116095769911 
0.0006122067965805869 
0.0009230530395341904 
0.001028393308451348 
0.0008882119366269284 
0.0007566648752656771 
0.0009047756221348772 
0.000802990168333437 
0.0008596290973811758 
0.0008739405907959113 
0.0004630390774735749 
0.000891698607738499 
0.0007608768916645552 
0.0007912589699401927 
0.0009102474211861859 
0.0008549439037702657 
0.000894211861460411 
0.0007033988485878272 
0.0008492073459070942 
0.0009115229545025899 
0.0006404934287345383 
0.00209541049287923 
0.0006448229410892664 
0.0006395962395566883 
0.002368558625527386 
0.0006274720684891591 
0.0017188133212409 
0.0008329515776677802 
0.0007320125776955498 
0.0006577881926291906 
0.00217800585253588 
0.0008541187266867808 
0.001227316871253278 
0.00225787957202289 
0.00213230202507157 
0.000660544621568258 
0.0006421285763947457 
0.001860481019831897 
0.0008511864382645698 
0.002015154570296134 
0.002126375257988264 
0.002199061509276421 
0.001185274758029643 
0.0008120219615233676 
0.0007713241403703261 
0.000678118401535127 
0.001917823330817944 
0.0006909189081929014 
0.001744759083349526 
0.001664188387596682 
0.001529608875031318 
0.001438871861665897 
0.001401397703988609 
0.0006539462587029283 
0.0006425743955557378 
0.0006234548717841202 
0.0009633055380376586 
0.0008175102035535803 
0.0007184428091299179 
0.0006656336737626348 
0.0006530808270552711 
0.0008099074971926579 
0.0007331541843627846 
0.0007926604908670646 
0.0011763898527299 
0.0006666858367180449 
0.000702512584399441 
0.0006701061544721975 
0.0008859285708082312 
0.001066736686572485 
0.001002204632940844 
0.000671206197587432 
0.0006735315734534565 
0.00102185114682077 
0.0006729214140690145 
</DataArray>
</PointData>
<CellData>
<DataArray type="Float64" Name="sigma_xx" NumberOfComponents="1" format="ascii">
25.7683903175318 
45.41932516598368 
67.71336417971017 
93.72297080250499 
117.8734981108904 
39.44660195628372 
65.22960428502293 
101.0152809672615 
134.634079368571 
161.7826092652299 
33.90178457934663 
78.98414635873843 
125.6673406983141 
164.0561111892281 
192.864538959658 
29.99102257641823 
85.64410530622987 
133.586576980198 
173.5844066124125 
203.2528805753918 
33.83396440630757 
78.90522672433546 
125.5805989626143 
163.9904977871149 
192.8552414740587 
39.20628174174853 
64.97678276588285 
100.8022436412889 
134.5074252351195 
161.7502487108993 
25.13268594024632 
44.65570970338311 
67.37753390222524 
93.75140754788384 
117.9295371054075 
137.6124507487308 
181.374945469503 
212.0088132826753 
222.8083015294609 
211.9479138607003 
181.3121702821427 
137.815044523922 
151.9895223564135 
193.6984725428649 
222.4279614601365 
232.6341118977953 
222.3246925031088 
193.6000923564436 
152.2654734912047 
161.1399177148562 
199.4147741700895 
225.5475851414257 
234.7865927251804 
225.4424837274591 
199.2923544818434 
161.2280228069834 
165.338153163179 
199.6881478177277 
222.8860794748262 
231.0750813021741 
222.8045347353828 
199.5057576749967 
165.0619887419222 
165.2482562535982 
195.4728529497155 
215.8337227883145 
222.996075968023 
215.7845286400442 
195.3065263869596 
164.579618472679 
161.0305182851778 
187.7674701834705 
205.5240961418615 
211.7276637251346 
205.4771176325986 
187.629947160211 
160.569663401272 
153.8670447858989 
177.4714637012781 
192.8199616137744 
198.1230391771385 
192.713697283121 
177.2445156854679 
153.5510454357729 
144.2402534699163 
165.0222743676912 
178.2468947547028 
182.768927276036 
178.1073116827138 
164.7785681963033 
144.1541353088524 
132.8882068943654 
150.8551322563909 
162.253952760531 
166.1190594815464 
162.1449259349542 
150.7247002268131 
132.9817660952579 
120.6718183414603 
135.755448725973 
145.3333591189813 
148.605916250917 
145.2598907642381 
135.6027465516764 
120.3964060679613 
107.8576317605939 
119.9956072343657 
127.8757353074643 
130.6091056478851 
127.8604442934445 
119.8360792762497 
107.3675995199522 
94.00541330489854 
103.6890453037744 
110.1511536003465 
112.430524336473 
110.2223546793524 
103.7120236314652 
93.42070804319637 
79.02653772870359 
87.10848180861569 
92.42828819440274 
94.29565303297606 
92.56130420814964 
87.34349064429475 
79.01143228693947 
63.25451982569072 
70.62210667906317 
74.90553084473828 
76.39196031655922 
75.07116502144588 
71.06833697789892 
64.60466011602144 
48.82669686570064 
54.53575216006763 
57.8302838857014 
58.94232338045678 
57.97382275099643 
55.10779726211701 
50.56340149266889 
36.03866612760096 
39.41176212744668 
41.63343680308267 
42.35299971017115 
41.59304132947732 
39.63525973602624 
36.95331799802689 
23.91542454198712 
25.60657034957332 
26.95591385786251 
27.33719130760292 
26.52867785742102 
24.95549311634232 
23.56570477973069 
12.56757639277387 
13.60636007220215 
14.63413993529256 
14.88174382691049 
14.00825922981381 
11.81559598951193 
10.14976092698867 
2.887022688192635 
4.604961391112317 
5.739801390746297 
5.914709220541322 
5.330546102044386 
3.323785895141904 
-2.569635079942965 
-2.2505580825151 
0.7346104444996076 
0.9644213311862915 
1.062632566217952 
0.9128116790967686 
0.3355501341614544 
-3.737390200602651 
8.967026668085364 
10.29616487821891 
5.025623770535125 
-4.243446985862411 
-9.604128539215305 
-16.64680938938807 
-4.372118485231939 
-19.176651171137 
-32.36546675033655 
-4.598668482334367 
-22.00989810867106 
-38.86419834315761 
-4.503099318201817 
-22.55844936993084 
-41.45166076564613 
-4.254623259442345 
-21.99719878249007 
-41.7829567406353 
-3.953238721699964 
-20.93161397745726 
-40.58266499644739 
-3.657255465615614 
-19.5892978997354 
-38.49966313595778 
-3.347847087293211 
-18.08056360345843 
-35.86322739726825 
-3.033133206300663 
-16.48014537993719 
-33.02076866002989 
-2.720642343615424 
-14.85401756799103 
-30.0267209138481 
-2.411573771014869 
-13.24302385193961 
-26.99111492228437 
-2.110721778589625 
-11.6571860032698 
-23.97116838426213 
-1.823285126282261 
-10.12864497900079 
-20.93354588224562 
-1.546913337982363 
-8.679402025820705 
-17.92393267673404 
-1.292262668480561 
-7.268581647606896 
-15.0981828185422 
-1.053491888352186 
-5.93228386017601 
-12.49380184117686 
-0.8342079669637016 
-4.721346208823769 
-9.995988987531458 
-0.6345825927519231 
-3.608544237032666 
-7.638071672454082 
-0.4564654489571319 
-2.596741297580231 
-5.578973712533011 
-0.3043002329432125 
-1.716586188435691 
-3.772645277289805 
-0.1775060247418002 
-1.008006745722144 
-2.244034805382941 
-0.07712772573093443 
-0.4479584249340543 
-1.13571603917253 
-0.02273166641179397 
-0.1205720998456013 
-0.1296807773598596 
-0.003292174899674793 
-0.002530881299103195 
0.02733493757660214 
5.051674385954541 
10.48482784565804 
9.006489834400794 
-16.35805059632965 
-9.622216838821258 
-4.246386332029011 
-32.18560167785549 
-19.20890262175233 
-4.386178701218716 
-38.99100489102907 
-21.98097155838019 
-4.598698815089069 
-41.39264911200197 
-22.50852029130219 
-4.492725053508645 
-41.64703259068227 
-21.93752801359723 
-4.240511053337413 
-40.46955933112217 
-20.86521331419053 
-3.9376860526267 
-38.51073934921337 
-19.53431480901417 
-3.640434601916132 
-36.01073441649915 
-18.05733660239983 
-3.333300370206756 
-33.17164576157494 
-16.48499258867366 
-3.022538742023948 
-30.17464917601774 
-14.86971400109517 
-2.715599527997402 
-27.1215611989423 
-13.27595825227974 
-2.413242946259655 
-24.05274121100779 
-11.70760383459068 
-2.117630252977743 
-21.0343225382988 
-10.1757279660987 
-1.831355471029534 
-18.020066300551 
-8.705561632469397 
-1.554106523644322 
-15.12648796658268 
-7.280156583322175 
-1.300758019648856 
-12.20476520966541 
-5.964512595133823 
-1.064054151725138 
-9.828730176920962 
-4.703806781927479 
-0.8374380504824743 
-7.655485246823589 
-3.565571538012819 
-0.6302772659959546 
-5.669660002368201 
-2.606008029292978 
-0.4544200561585722 
-3.822143505156155 
-1.738473392286221 
-0.3062774164358492 
-2.313035994036493 
-1.017142522832139 
-0.1780497660502523 
-1.154275302442477 
-0.4676973664883165 
-0.08033596639424152 
-0.1790992428069139 
-0.1359383597559204 
-0.02486814403735076 
0.02704527361713572 
-0.004638284222800187 
-0.003389131931651771 
0 
0 
0 
0 
0 
0 
0 
0 
0 
0 
0 
0 
0 
0 
0 
0 
0 
0 
0 
0 
0 
0 
0 
0 
0 
119.0400448319825 
101.685720109204 
21.01382873761522 
-49.08546622763075 
3.90074730290786 
5.633427565202352 
22.14560090890516 
32.04224314686474 
13.35198062090443 
57.47751053902625 
66.14283211555852 
75.98593025422738 
70.198203121611 
97.80892009323478 
15.13253745471211 
119.1594083258272 
122.2810963572715 
121.9927802375763 
50.41596300113954 
-1.493781473586951 
-11.12562581810741 
-2.577833266278686 
27.91313949052211 
31.03666467476039 
6.224499384194035 
2.667638144893223 
6.662064082738804 
-50.28382891362261 
-25.26973076909491 
-17.35092623865253 
-47.34972318994508 
-12.15620723261314 
0.1216004544328161 
-4.243940109760003 
-20.14733105773961 
-40.43486188927542 
-50.2781894942753 
0.3427504410018086 
1.068985472066227 
1.917561852115954 
9.71426849064456 
-4.586371782524009 
-38.48935884237201 
-49.03243607730957 
-56.71712915645954 
-56.52581780262307 
-54.98109277724249 
-52.43706195445377 
-45.24664872440203 
-41.0261475553581 
-36.65107777544717 
-27.87682525821396 
-23.46364925611287 
-19.55042190123266 
-15.54840976103779 
-12.13276570726642 
-6.378663051759721 
-2.692267828106694 
-1.697175911524188 
86.60593974305688 
34.09141578758873 
69.0869034235367 
-18.92123100508388 
-1.427321948917398 
-13.67621056292154 
-21.90840559356949 
3.420647913953118 
21.89465491003985 
-54.73766988758342 
-54.96803719117307 
-33.92072287560514 
-58.88326121043779 
-39.90118710731947 
-45.23742203980505 
-32.32679549882953 
-37.68013573031207 
-50.33272124326213 
-6.001118420741566 
-57.85091433712576 
-62.17918385659147 
-63.50703403586611 
-61.86601493529773 
-6.646143912991389 
-8.570071456125973 
-8.97810954220842 
-2.642692878081747 
-5.117346063991083 
115.4842367465935 
107.5730314768665 
-12.05803098191816 
60.4929896247444 
112.3106442419172 
11.48309604334405 
38.26494146333031 
49.9825451543643 
44.73234528001095 
-51.61697794809006 
86.3831023253405 
40.18770489669301 
65.91154628680866 
83.40829545070768 
78.8822886107852 
-34.55127414190937 
-18.34584858638302 
-18.41703694444784 
-55.0093397921367 
-25.38537533480085 
-29.88632007602229 
-6.577079518536038 
-12.28022223418697 
-16.15768653858036 
-54.96957812710254 
-48.15687680818206 
-63.65086307927178 
-61.29475048220822 
-46.5432456159162 
-35.53490528373221 
-58.60705094380049 
-27.39533212717457 
-56.56289062418731 
-60.64530662217246 
-35.50134798355321 
-43.51626233386673 
-38.1486423598808 
-3.084154862722322 
-25.02216450598954 
-42.68215336488125 
-20.94692977873019 
14.61048631352683 
11.77230779964755 
26.48780831933201 
68.52724081814887 
-42.01928916906482 
75.51967714586726 
50.62578879307463 
66.65981407070774 
-21.01768036468536 
58.57034642695623 
19.60677259691398 
20.27877714328934 
7.679945032701483 
16.88849858082427 
51.74106751454971 
5.61612469129469 
-2.239755447905788 
-5.677342263118401 
-9.964801350685356 
11.92526095303765 
-9.315694574369838 
-29.49311396251301 
-50.81066763351105 
17.82097710432191 
-21.44968805166525 
-59.85295155232415 
-42.77868630644817 
-51.95873352909404 
-31.6247799413055 
-53.56345534681783 
-24.97401508683096 
-36.18042495426101 
-40.80529215811298 
-25.15700518472888 
-17.62936865672846 
-32.48084264739873 
-21.22923630046391 
-28.05141668144337 
-21.97836096575351 
11.37036865922574 
-22.84794290931211 
34.45610612505678 
7.100682337078735 
-53.3599749449056 
22.60803466021498 
-59.17097773412205 
-45.5207313284611 
36.35248157918023 
-1.607123348527303 
-1.817747766677133 
-24.92613389947993 
50.13551538191855 
-33.16043284813481 
-7.435931519736431 
-41.16833464714806 
-26.28590754784903 
1.916379734665621 
-49.34670208489347 
-21.35680951303848 
-43.77035380067927 
-25.95317984317599 
-34.65507481405491 
-39.52400979203569 
-50.81162755763332 
-68.59541942821306 
-40.36651393108275 
-46.73193867372112 
-47.74714268937237 
-33.46329751958659 
-28.18554423956659 
-0.3808291913763896 
2.472803335605249 
-11.3746744162935 
-24.5130939874634 
-1.336724080957674 
-2.467480531079673 
-18.72376984688966 
-25.5482777749336 
-2.561296656975701 
-1.397688074718704 
2.0988612317006 
-0.5773946263274211 
0.8050092037700979 
-20.97098767443813 
-0.1839273898916346 
-19.18613802877113 
-62.13729739821438 
-59.60596668921891 
-68.29122529849863 
-23.03753527106776 
-39.43680364471486 
-26.35189893893952 
-30.7937982739855 
2.823668040589611 
-3.402498774769505 
-27.95833883700328 
-69.08386441911354 
-4.546740391633643 
-25.58604069796505 
-63.77503490734433 
-11.89238672685503 
-36.75394316831756 
-19.47334406609233 
-17.94499088190141 
-13.31033422812422 
-21.31254088762493 
2.722039588543154 
-7.944925166925019 
-8.306320470905955 
-22.01236687720593 
-1.647565831409232 
-4.282543519071283 
-13.43614974453979 
-63.52849135241893 
12.38822271587597 
-26.18519086068031 
22.27023653505893 
-6.974398226432415 
-25.11058679670634 
-0.6917686598726465 
-10.40142730661542 
-21.8814658597666 
-7.649755196611816 
-24.91187080655095 
-13.83284711317768 
36.30107440594181 
-68.53532409376264 
-59.07653268270438 
-69.89107299330932 
-67.28612392186604 
-56.99356990228498 
-23.93309897552098 
-10.31498752300958 
-57.34692205279129 
-43.02313891771817 
12.62624610476005 
10.00776840841997 
-0.4878537371561776 
-7.867987657202347 
-6.597951469263753 
-14.2447258417693 
-40.34153065564052 
-13.10490689138997 
-31.29461609998068 
-72.37362235304239 
-1.688097452253797 
-10.41898047241335 
-23.86992824865342 
-63.34035695988112 
-0.2315065881762532 
11.00435243732203 
-45.35127633322305 
-27.99149071680724 
-69.48391035986157 
-5.122275739810729 
-41.09784112317488 
-24.70653715425286 
-15.58630548342052 
-26.37311197582309 
-67.61452995867344 
-21.41027538101228 
-22.89506262073506 
-13.41485405338806 
15.25410614230934 
0.17492023681892 
-2.728345797325637 
-4.025895915259936 
-4.715447117592389 
5.391233705411176 
-38.03651000303764 
5.106336730297467 
10.96205444215054 
-14.08464727632784 
-51.7867030812674 
-7.883685387362809 
-30.67726347050289 
-64.57818968399124 
17.25905644971006 
-74.38259161206275 
-38.37064846884546 
3.496521753180905 
-38.90981848020637 
-54.96808840231215 
-2.253454077688402 
-26.25820227940606 
5.184618649968773 
26.67301822390273 
12.19731525936454 
-45.84226562460501 
-32.13957003176121 
-21.34101880316813 
-6.82924048804445 
13.32237977762652 
32.30828843329214 
-38.46708092155425 
-15.35619510721939 
-67.18746365403277 
-48.57024878784679 
-39.02831502514057 
24.16421713617281 
-62.04949429041425 
26.37851904129379 
4.771577495571768 
-5.082566311394942 
-46.80093106034881 
-0.8803033593268412 
-15.37694436330932 
-14.9456995237874 
1.3900068962739 
-49.85779382256136 
-41.18275509844118 
-58.84395754658763 
23.18773124261481 
28.26574171264216 
14.84945061889769 
-29.36449182710528 
17.53709888477703 
-51.72768726501936 
-27.0483497478443 
-50.63903846775761 
2.19393310740747 
43.95072154790831 
-27.00469248056825 
21.93243531224468 
41.69221355766048 
12.48807086873097 
-42.34508480327545 
35.57344339413438 
-23.97370781460354 
-16.69831504039922 
37.29153621267486 
40.43214417632096 
33.4689705171418 
46.66516855939296 
42.12794352304699 
29.09475849523044 
17.32071920213515 
3.329737343694053 
29.70537049046609 
6.477053125578551 
-13.01367864806281 
-44.83919044692254 
-22.85948109146214 
-33.99980719142294 
-11.04500080357508 
-20.61091654430429 
-31.86597604167625 
-29.4168497496083 
-54.48241947821483 
-47.65311172385059 
-41.00162108427824 
-58.2691688264519 
-47.61350267922486 
-37.4481912768226 
-36.08243993586274 
-53.59483432549177 
-62.8494396320101 
-40.20330131528144 
33.61703335419908 
96.98970333707091 
22.21397098139799 
0.08411423396172124 
-0.4715440372412392 
-2.452985288942616 
-12.64807171566967 
-6.370581482917413 
-8.642279160885158 
-12.21805339089718 
-14.75242882707083 
-19.7912566201277 
-35.26723678133516 
-27.77333595295331 
-45.34165507282746 
-39.65686730216532 
-43.6367160930815 
-47.40822394992251 
-51.00211229473217 
-56.09131482396143 
-56.561439051676 
-55.0675848740344 
20.51006373044732 
2.708229929682566 
13.05110323064882 
0.9410351025309457 
-22.27746170819566 
-20.56458697625256 
-8.181759039929201 
-2.179270929467862 
-12.08394071888145 
-0.6475750706167526 
79.04894078070812 
119.9962332843933 
68.18681808237281 
-2.538677042632965 
-63.84173692672526 
-52.3780718084009 
-43.90755532723247 
-30.04785828867727 
5.391273121914036 
-1.750607298078243 
22.02870563020266 
10.20997727017035 
65.16420696995863 
19.51492431088264 
-2.209598436516262 
-2.087021695591997 
85.98846916436722 
112.6880319049485 
123.6017835684829 
123.5983807065292 
114.6768161445237 
106.6604446327396 
75.8977054597085 
44.06401766016643 
34.23524482478982 
25.81693404948304 
19.0362497991006 
14.37108905085582 
-6.494884182765918 
8.758199874121525 
49.78227314061339 
-11.8486863875117 
-24.52635378423585 
-8.718312845152699 
-16.96129028227154 
2.943126663705909 
47.32235476785507 
101.3318829778191 
-35.63529270563777 
-31.62219962234433 
-58.21186418215097 
-56.24519824139939 
-54.00154043341133 
-29.67895573651695 
-49.8179319330673 
11.3824947686718 
-17.50454162925009 
-59.67380685136606 
-59.82724655227594 
-53.60062336918992 
-4.129173151057855 
-13.80875962705146 
-51.44347531817593 
-23.85831452107763 
-39.59788883925985 
-1.406382347306423 
-4.41742424681392 
120.6755003686797 
71.51549435740507 
54.96966503482553 
85.74557373267963 
54.49443415025272 
0.9624702194089928 
74.02903247451185 
67.32861963668707 
78.16123984473589 
34.91286619386288 
-19.43276636776017 
-1.196508654960127 
36.05024224041231 
23.21844299748567 
49.3654462747244 
36.31355297038024 
14.77156636746672 
-3.013580400345655 
-21.04815885122443 
-42.41245734320728 
-18.95395649405934 
24.34460187370137 
-33.80310972518442 
58.32202324726818 
-5.727917919717639 
-9.903717065341905 
-48.30934993891047 
-63.96046965241351 
-47.42682661994067 
-63.26068504991882 
-62.735245008816 
-30.79318300932305 
-59.7601335883477 
-55.80216204025002 
-61.90765491629605 
-34.02213290780538 
-51.67135287410815 
-25.65812919380567 
-55.31018455231931 
-22.27075359376151 
-38.8796803031433 
-28.14216757619543 
42.89838028375813 
9.309481899596495 
62.37821757908809 
-4.697796163790986 
-43.07865813367707 
77.23591396661381 
31.77012528364553 
8.587585823641357 
56.2080124725187 
29.81448275543844 
-34.22545730647154 
1.66878696531684 
37.36689821672841 
37.18107241690996 
30.65280847891678 
32.84630047789304 
-5.359589049591756 
-6.585504911447171 
-15.36161706892471 
-16.40589396914623 
-42.86746044289627 
-26.42794139827007 
-48.09056888520817 
-33.93741798115393 
-33.69756698865064 
-54.16198092003892 
-58.76182273496047 
-33.55278507952757 
-61.50974463189293 
-34.23266003481034 
-41.17780278337015 
-29.84770663388509 
-40.35636370036028 
-50.61395364581245 
-42.7712493123777 
-55.42243328667494 
-50.16627239946025 
-21.50164695865255 
16.29336232735372 
-31.5443698220457 
-43.4257046972739 
-30.42049064054752 
-25.20913841001661 
2.096596473651028 
-35.3336257985759 
-37.03070944147003 
-21.26315423868967 
34.86043822958062 
-21.89386814091048 
14.75508876225504 
1.562027790156059 
18.75436921267246 
-32.04039955263616 
-30.65269912532402 
-28.09261494003687 
-2.199640321288434 
-0.1898681994857123 
-27.55316252683838 
3.231485166351465 
1.407735926878233 
-10.86868546288666 
-53.90078895670955 
-27.6400028455669 
2.986430555989298 
-50.40190075862038 
-53.65128223456569 
-23.16942022859916 
-26.52490762551491 
-31.94561763723613 
-2.090266241637922 
-27.10229778986858 
-10.09024806607316 
-36.23190404947921 
-33.00053329185405 
-7.34532768940126 
-38.42716693693782 
-43.06711990377224 
-0.3033874046300263 
0.07417410058873632 
-40.24019390369143 
-0.3235463353292705 
-33.4106622519493 
0.2733337469444211 
-42.19403565135325 
-2.278625656939185 
-0.5236470091189042 
-25.82391038503681 
-37.49985969073148 
-32.51405569619835 
-47.53223725271746 
7.245508532599452 
-47.14625902603329 
-31.67729035697436 
-43.6713922191125 
-1.790825576111765 
-21.86071733803517 
-16.06091393693047 
-43.04896974132863 
-19.80193595529069 
-23.02779819415981 
-28.63776866060686 
-61.34471601451501 
-54.7637653157253 
10.62868863129926 
-1.68579811590042 
-2.690171241312406 
-8.669287875181949 
-15.76456710510296 
1.802954037803447 
-2.24591547452632 
-56.71099234417326 
-40.35892289055723 
-55.58545177395284 
-29.29304279570289 
-57.53678132792724 
-50.96130205287479 
-21.04499165075693 
-42.99482868065253 
-27.51221589060239 
-16.48611279386381 
-38.24239556564036 
-6.07390303486973 
-14.4146729751841 
-16.33209513369327 
-25.11935658455771 
-19.65461775897295 
-0.7797237635655963 
-4.666906123034372 
0.9042748119796249 
-8.235949288731986 
-0.04161244538724386 
2.709242341739836 
-48.7771433416173 
-11.38791290010214 
-12.84424091469281 
-1.423807613362159 
-20.23756598061263 
-31.13855769650034 
-42.79844466830346 
-0.4338400898710041 
-52.00671906728917 
-10.03768945600303 
-26.86577520601135 
-7.833099469148522 
-7.867816850686884 
1.656406360429154 
-19.41629605469529 
3.516344928864831 
-2.946335388856126 
5.689038408744934 
11.24702637992434 
14.24310123443378 
27.31280589040323 
-11.7640628648646 
-6.540134403837613 
-15.2192583935187 
-5.517967454172671 
-62.03095400697178 
-55.88065165415662 
-24.76320928851291 
-12.15135877019244 
-7.9675766129119 
-6.73098625883977 
-0.2718065880198327 
9.286809635470389 
1.456569365416419 
14.21465994705587 
4.329918699278791 
-70.41113372018583 
-54.03835526909262 
-20.84681955128264 
-53.66908036836639 
-42.00793356113532 
-54.93092087327952 
-5.296490672938195 
13.50661230847518 
15.69713044808746 
-40.25309796152256 
-61.27600912350059 
-21.83481984654392 
-10.29014891745868 
-66.08668316375392 
-60.78871906564598 
-17.60289900271319 
-33.64253579071352 
22.72570776562056 
35.53732497036668 
-7.115119612069047 
-3.965577354319648 
19.1062377791344 
-71.60751035010929 
-64.08421054428383 
5.76543336402731 
6.01287925078188 
23.43776423872255 
-39.27350958290424 
-25.86359569496538 
-1.041853261450038 
-51.07155488939667 
24.72435855118112 
-41.61372502196547 
-55.2510277184521 
-64.46128012988258 
-12.91214177411907 
0.2479600817792534 
22.17199560046678 
37.20001410339476 
-16.01538617124988 
-25.14372732178347 
24.85052652924847 
-64.21745090562717 
-22.43246768506636 
13.15011206927392 
5.80519104643561 
1.596908295751864 
42.99276019720986 
-26.21155266723259 
-54.60588462171268 
41.81724614721123 
31.7972549652785 
25.81004349768583 
-31.95611557027427 
24.05648234400728 
13.54525444312157 
30.65426881567108 
46.82882595968238 
-38.76585063632775 
-16.05958778776562 
38.72572111679573 
40.63204583988571 
-5.936880128283131 
29.79644591074938 
-13.7713057570981 
14.1782154300107 
27.255866896602 
13.31669770733446 
0.6045502590381998 
13.8691290379569 
29.97899537164794 
-67.50767488031602 
-27.9023691017171 
-11.09423646179435 
-63.84574502194727 
-28.91778281185985 
-45.36746121850892 
-32.51100172481999 
-39.59546796335155 
-53.93764802799173 
-49.95943992670421 
-44.24436506607426 
</DataArray>
<DataArray type="Float64" Name="sigma_yy" NumberOfComponents="1" format="ascii">
143.1318807990552 
274.790598796267 
417.8903517290603 
545.5797158746354 
646.9488144531937 
117.5965035998207 
268.6569488830054 
427.8286957848403 
560.1283641624549 
662.463116771966 
86.67962860410692 
270.0977367323065 
434.5230915944507 
569.477086516564 
672.3862432483311 
72.89352565620077 
267.0307788544732 
433.9785933175301 
572.0331511649948 
675.7704917455937 
86.655951131047 
270.0411072866188 
434.5209341634389 
569.5582883852287 
672.4660884037801 
117.5522302296584 
268.5891347342438 
427.8803597177578 
560.3398757868209 
662.6401922134625 
143.0651314785738 
274.7560375958192 
418.0471334315613 
545.9384048396867 
647.2314951503118 
722.8145008455425 
737.2597954959109 
746.3576276581813 
749.3277399489433 
746.3970787279645 
737.3610081418085 
723.0253590094895 
776.6026528454353 
788.9457693557767 
796.5719279056713 
799.2338691279164 
796.7463277032109 
789.3243484554038 
777.1899402485761 
812.9359413365087 
822.811205901208 
828.8540375818344 
830.9313434709325 
829.0579341781033 
823.2335314766311 
813.5356890112141 
835.7570086488903 
843.4743224282478 
848.024718326155 
849.5594863964581 
848.1288537613101 
843.6903512549385 
836.145114442174 
848.6807754284984 
854.4460861886349 
857.7448339786561 
858.8045127849748 
857.6953029543325 
854.3257683800451 
848.5167515741597 
854.0942340646379 
858.260605748595 
860.632640851293 
861.3692000808054 
860.5154328099204 
857.9715999805459 
853.5250680790003 
853.401559375318 
856.7951833095617 
858.6722705085219 
859.2545681323971 
858.63737096232 
856.7478142921345 
853.4002001130791 
849.3352409975702 
852.036731205607 
853.5047755556418 
853.9781430269658 
853.5564122448259 
852.1948224774877 
849.7157402498674 
843.8127083094412 
845.3527656044821 
846.2824171573544 
846.5822165335036 
846.2924882767306 
845.3663083590337 
843.6915786354382 
836.1496574100089 
837.0505229408168 
837.5096816023843 
837.611983814968 
837.3943256641928 
836.8361221586345 
835.8517268500526 
826.6984634214494 
827.1952033885389 
827.2963602700167 
827.2188290255651 
827.0324986225594 
826.6961111416821 
826.1173731604505 
815.7188611018054 
815.7142473821839 
815.5049691415313 
815.3134866072243 
815.1712585424493 
815.0259313584876 
814.7007126345342 
802.6327542164834 
802.2125879788153 
801.8574204156677 
801.6574495181259 
801.6355223348285 
801.7494424065785 
801.95219096511 
787.3350641047005 
786.5372793657993 
786.049455310601 
785.8846536175565 
786.0485458746389 
786.5028275189221 
787.2020408430681 
770.005415850854 
768.4200245608588 
767.5757538544863 
767.3691079238629 
767.7760714727418 
768.6965327077062 
769.9767367361991 
749.2502295806451 
746.8355469825782 
745.3684133705634 
745.0013579874717 
745.7622522826866 
747.4429130071813 
749.6937129105654 
723.7998408275101 
720.1505374004593 
717.7714848735847 
717.0890602813123 
718.2768779813059 
721.2882589787667 
725.2459646713928 
692.0588374368432 
686.3253954382423 
682.6726572738178 
681.5400643324449 
682.9882486581046 
687.3201305616923 
695.0408820694607 
651.1661227348568 
642.5552404510082 
637.9014106964967 
636.285421746495 
637.663730415355 
642.1992632010956 
651.1640910281149 
595.2760171900123 
586.9860642602964 
581.4814163401988 
579.4820005433332 
581.062153079193 
585.8474283192747 
592.6021057427249 
9.104454423461791 
28.96734407046818 
56.50323488978039 
-1.260875285131821 
6.84238573532632 
20.92619188717804 
-0.3030247434119472 
0.4327888981267324 
5.74275707361638 
-0.314735730198651 
-0.4525470331580453 
2.051655201445904 
-0.2177863001743343 
-0.4529125064053248 
0.6967753092475112 
-0.1153852221478316 
-0.2900032111846375 
0.1422787225415653 
-0.04102618187898265 
-0.1997078148230192 
-0.01644606093575662 
-0.01317640879416919 
-0.1443818907601597 
-0.05297132629270129 
0.003813611749296405 
-0.08956946895904677 
-0.02147082392386693 
0.01429633033548098 
-0.03744673919603524 
-0.03922500776048121 
0.0203472758390347 
0.007444366982520465 
-0.03404576972996273 
0.02587014700350276 
0.0267703837609972 
-0.04987104541155574 
0.03125683380185809 
0.03973410133612828 
-0.09020971378896038 
0.03720412287949491 
0.05032001725547076 
-0.08144896517118184 
0.04925481495439765 
0.04915793297852677 
-0.01546759828080175 
0.04907087370992735 
0.07101158599130303 
-0.02471762473896651 
0.04549927382613457 
0.09287098557066055 
-0.07573185973722121 
0.04159660456621383 
0.08696967173141916 
-0.05376740166512247 
0.03764102206553888 
0.08086204551258803 
-0.01031097653482302 
0.03321030893187168 
0.08242123061616044 
-0.03260233929247956 
0.02770530001256241 
0.08681501643152487 
-0.05389266091511546 
0.02227326411960904 
0.07203026480750069 
-0.04339977508838662 
0.0174651777457962 
0.04178522910019401 
-0.1751568828987446 
0.009354535249118756 
0.01910956158610762 
-0.06662347072477566 
0.003395009760413664 
-0.000827889537415715 
-0.106677629249455 
56.40644223621488 
28.99807517192818 
9.116417953879075 
21.05411671426408 
6.836813731157778 
-1.263960765898059 
5.951937809660847 
0.4489072031105485 
-0.3100764758603084 
1.935521974009329 
-0.4417452972052877 
-0.3151999796767581 
0.690391706521536 
-0.4480204429500921 
-0.2146119424780082 
0.1725097885977278 
-0.2860007423759177 
-0.112515947464617 
0.004588522056925226 
-0.1941072012906143 
-0.03936921791883841 
-0.07237677777089793 
-0.1425933994671087 
-0.01151125905408851 
-0.07012979354718193 
-0.09757053551978073 
0.004443677492855321 
-0.0548242671437484 
-0.05061813642542993 
0.01456131645057951 
-0.04652296525177779 
0.004359774370957812 
0.0202872964741826 
-0.04978942801652602 
0.02792699898845999 
0.02491967340211049 
-0.05152708402576708 
0.03822082246609615 
0.0296450606604372 
-0.07520870042642398 
0.04845633851157967 
0.03626429718865782 
-0.05179954015974345 
0.05205347579537418 
0.04868343253088106 
-0.06939721657972991 
0.08259366798158502 
0.04895921329339012 
0.08832008529676282 
0.09296061257852882 
0.04610305754699244 
-0.04703725010570884 
0.09257934978410329 
0.0429568186256559 
-0.1045057263977236 
0.08536252512842551 
0.03898875420317792 
-0.05399739435153642 
0.06840392401424411 
0.03287459978648226 
-0.0214986369942758 
0.08384182616976753 
0.02660782846746282 
-0.07295952414895929 
0.07230441239690256 
0.02266178984961483 
-0.1430445084798505 
0.04392516314208902 
0.01706735934754238 
-0.06841611783514685 
0.02004214043719898 
0.009532018591821611 
-0.1133049047501922 
0.0001079490714890248 
0.003736153545401701 
0 
0 
0 
0 
0 
0 
0 
0 
0 
0 
0 
0 
0 
0 
0 
0 
0 
0 
0 
0 
0 
0 
0 
0 
0 
823.3302939774259 
759.3186288208625 
288.2561929331292 
-0.03681609282420899 
623.8063588673086 
703.916906171732 
732.194183874557 
755.4110106950485 
768.9861173613135 
788.2023722423622 
803.199724578276 
814.6326326146254 
833.885325535451 
833.4847309262299 
750.7851848813303 
848.0321284811633 
846.6476934328124 
838.3991143170509 
531.5343478615164 
880.3498081693531 
796.3432727793664 
879.3657362060875 
804.4583417350876 
816.1121597682805 
738.5652474981725 
-84.3266208213897 
-42.9065602490593 
0.1752121299746665 
73.63228738095647 
502.9393949743603 
783.9086881380545 
823.7533633054524 
-1.337869441450511 
-0.6634336304038588 
-1.397073149797267 
-0.7102304776926809 
1.200743487206893 
-64.20120537220134 
-75.0612971646013 
-81.56896388044588 
173.516431080771 
89.66427211601503 
20.38486185437526 
9.257886556105397 
2.235842519046932 
1.117586503832517 
0.510210108170513 
0.07619341650077013 
-0.1431236943847974 
-0.2181535158021037 
-0.3562413934188015 
-0.3320758007234454 
-0.1852867294596758 
-0.4176539001624376 
-0.3981659362705679 
-0.4603200175082846 
-0.599615585441197 
-0.8485915429346204 
-2.027354457559108 
703.5145011199908 
414.1950136759591 
628.854157355488 
411.677896077221 
305.6112925180966 
126.1659686044303 
43.79090235837045 
413.6150631967687 
609.6610571839852 
4.391319890634561 
2.081903003607714 
5.96958563839636 
0.8310858567048284 
-0.5926708509521872 
-0.2503706993954555 
-0.4958422802403806 
44.04378221659042 
24.23633969417252 
205.3487394082108 
13.93706929604055 
7.984659848517935 
2.942473492728929 
1.59371072084731 
-3.778101145798164 
-1.249835730843239 
-0.5024623880453523 
-2.924202532968319 
-2.680538473593184 
844.4599566951589 
840.5398551651307 
595.9651232579854 
778.0336459972807 
798.0982890945915 
518.9557912920303 
680.9528074784981 
736.3870141120038 
773.6054375175703 
726.2505683762714 
824.5590937520287 
828.1273918785423 
804.7625438542217 
838.7027009983564 
836.2416136708378 
407.9038205340642 
317.997294511305 
230.5371522813297 
538.2851283380678 
247.191092501483 
-0.5084775020615575 
-1.690236803355042 
-1.316399598923675 
-1.19251198298551 
0.5537586122767075 
4.496912935147199 
4.908382987327544 
8.631838350691014 
0.2531291677976109 
-1.120427977759538 
3.171403622151395 
107.4089438198748 
19.21177157976595 
5.223180845228587 
71.49460191345992 
47.21245150747831 
-0.9558074869317829 
-7.81338145817582 
-0.6682940498626229 
-0.5618762004268315 
158.5535177049191 
703.20106291311 
724.4165306841358 
765.0009898882754 
821.4494672166558 
565.9574112628916 
835.2113144158244 
829.5346204765808 
829.083512605712 
786.6006792311726 
820.5473914699525 
800.0839241157889 
812.4445711871526 
669.7944760497513 
819.1465296025408 
796.7057885270058 
802.6409773533151 
681.6800007826724 
655.7131439313589 
-3.391949941594576 
752.6911442169697 
795.4121107317694 
322.7272349830431 
8.114687262354568 
778.9586238201973 
677.7438579257655 
12.92986629826737 
2.52043586996495 
29.54484079564063 
105.4609935993576 
10.78068395553668 
143.3556123953733 
72.71365860414424 
1.765488927920366 
-3.548492155107868 
-5.919392820195456 
-1.628021567988143 
769.7842084809334 
144.9158193177411 
745.0076009249008 
713.6238969677428 
714.310473121036 
822.572362735933 
816.2048362991466 
770.2880308384136 
791.1707035104682 
759.5441914198846 
669.9104451121651 
782.7546356170125 
681.4164001022962 
826.0789702092612 
800.0515059888569 
809.4434270230662 
-1.879723688153985 
-6.921744385029509 
49.88025909687656 
188.0715323251935 
-0.948004312366965 
753.6264674911583 
795.7459375776107 
28.8497512001244 
51.05406002304637 
64.59925254400483 
20.28545731729726 
18.78166060158495 
672.4290083790619 
626.3708996485769 
771.0494151522568 
706.9602200685769 
310.1011421129701 
96.69596416653361 
766.4763609506811 
814.1816604791555 
-8.965483446264198 
-2.499936108244728 
785.4997070476636 
854.6696458025993 
-2.703994891135914 
-2.401860037568041 
871.9060755505183 
752.014408081367 
736.0162297337838 
-7.323943300911202 
809.0392069690911 
-3.00367157751335 
-49.80219969179171 
-4.215992396272492 
610.1168843616039 
520.6327115029926 
738.295249482906 
801.4166251914975 
14.50694970191685 
16.58562851502066 
-0.6061053968891833 
-40.81140591997666 
185.0626857001567 
193.2514764267163 
615.4304846181954 
76.78327284240596 
25.18917945215935 
625.7735270862852 
826.6445539056886 
786.428736400049 
117.9235320288787 
189.3084668581253 
811.122661472596 
803.1079448274509 
720.0196168186063 
806.9304139998385 
785.5264847156043 
794.551432354841 
879.6662197797549 
783.5284735956344 
-5.936112323643498 
564.3479830603121 
9.865510300135449 
35.49786612406465 
-9.047698455774574 
108.2358044214358 
802.0167618748402 
-18.72642811741435 
790.5309885903249 
78.44024138424253 
52.50832414189276 
273.094595177343 
228.3578542053749 
49.88179774390944 
715.9192311937699 
542.9351914615634 
649.5764280448814 
597.309946650304 
729.1291082297943 
797.6894425342841 
821.2967922922577 
750.3478620944858 
787.0053237603234 
-38.78931662822455 
-41.27849388702289 
-33.73527743135872 
-11.86848047878989 
-12.59162149423875 
9.748227802645822 
369.1061365323233 
278.1525789247663 
660.1620165857094 
697.7035336195008 
-25.76776441863188 
34.53999578387413 
2.970437283713462 
566.7177416388499 
-22.46273227675441 
68.77079617160526 
421.4073128637577 
326.7352430289557 
718.9812625922104 
458.8838938721425 
611.2215702526488 
801.6727919805621 
797.8586034014434 
792.0948941148773 
696.2851114594298 
736.8142643865622 
12.59981542348571 
-6.847322501685562 
-2.892358708082554 
-34.68149802807191 
-16.02817728444043 
-18.23897395941612 
21.21220812373113 
-10.72377893812767 
789.3139675197541 
142.7368148810968 
100.4503545945731 
-0.3823680653883139 
481.3596593319864 
429.6727337239171 
793.8933576751342 
737.8453501628215 
235.0301917267946 
688.8658244989742 
547.9710430076499 
38.87436757580198 
771.7496181303203 
687.9111978814576 
-12.99747679536484 
767.9507554450572 
-23.51501037058297 
2.408083735813234 
-19.80844149567212 
776.9745141231245 
381.6955297262421 
403.1105589219393 
-5.723897354347291 
183.4503349217615 
59.64747210388627 
444.6037048146663 
22.0550559208846 
631.2612104780779 
739.1695734491865 
747.5307836598488 
68.68355248094875 
713.6790767835035 
15.64553084810894 
17.72142708896778 
5.709988862728981 
510.2581203586206 
353.0562558981619 
336.0560151842843 
505.634905534193 
229.9737007989432 
760.2039629217888 
713.1642946092079 
658.2914911266319 
29.43002801099532 
188.2727770430544 
37.94203266140207 
476.3112565864635 
295.2570897063087 
581.0817919491183 
723.0625511965907 
715.0563497780367 
285.5690151042366 
104.0243012796871 
583.2472847301474 
139.373456013006 
170.1330654990312 
372.45027534123 
670.5229038579181 
143.7744028651117 
654.2074112010479 
561.0651557314922 
98.33381645275088 
46.07886588316228 
292.2140874460746 
111.8147743834683 
197.0102314887281 
235.996837836369 
745.1572307511541 
779.5376283976109 
104.5040453883108 
792.0138877006235 
-2.338697055870422 
38.86630611456901 
215.0438832722626 
328.702620886103 
147.4441651656548 
167.4327604901642 
260.9296577304299 
234.0235677448958 
463.1521208925344 
391.4182155135164 
403.8573109311027 
755.1659452921486 
776.3265935483593 
10.19259394545218 
486.4093783880772 
487.976355281604 
680.7268454316492 
17.81640795517777 
402.8787021987307 
833.9615109182855 
589.7422781620058 
-1.158395561285569 
-5.972671651894097 
-0.7356993356842609 
-1.701328028077648 
-0.6514032908969162 
-0.5466794283994334 
-0.6770202682500422 
0.412220254457102 
-0.7925615734758981 
-0.6484569450066832 
-0.4134209942930297 
2.88798079584352 
-0.04038770168995052 
0.07603672963774166 
0.2353247759065118 
0.3458456958748245 
1.494854106409338 
2.627640499317738 
4.428161071333099 
276.8232959868614 
-84.45585232957475 
-36.8424716314821 
-78.67539273757595 
-2.959563776019006 
-2.035464641410436 
-0.9559523638008294 
881.0329901530358 
823.1967866956619 
804.5858368465799 
836.5784418608891 
822.1079011673389 
621.3978778145516 
279.0728813789468 
4.246098733462061 
0.3740069617766775 
-0.2203393081950178 
1.285304464073666 
-48.12379528803771 
636.8077693114791 
747.4718366444508 
776.4527559613715 
802.9721469279503 
786.4130355643224 
877.4671384023757 
880.9958303577339 
698.9745036406524 
796.0274969896724 
837.643997140472 
845.2152838578861 
845.2566780044051 
840.2266874309107 
814.9186437951043 
772.5798807739756 
753.673279446376 
731.3446702736421 
706.6643100922934 
680.3262903745338 
84.29508373411949 
164.4524884913086 
521.2058239735817 
561.2503207708985 
39.33652675034927 
182.8388573760079 
378.7230432045404 
386.8726722766541 
726.7274911498329 
756.3302201325605 
-0.1534323709673795 
-0.2256421422557421 
2.146513562537782 
0.6987527950385161 
0.7289784002091777 
63.02931091034819 
8.871556867793032 
494.330958235503 
110.3299212401491 
1.094595322635976 
11.45611877778498 
19.5373004467943 
-0.6647630887850923 
-1.106080808952213 
0.3832029055147603 
-0.587130667892126 
-0.405420028721598 
-1.656717423318572 
-2.34204139696989 
847.1743116628793 
835.1161820937903 
813.1670913474553 
825.423050767068 
788.9150759191839 
727.0811218402688 
819.6778787341163 
799.823999085627 
831.4416620004805 
667.5995513846154 
762.4441715047005 
808.9645250718399 
821.5597921198283 
761.8785433387915 
802.7026104160393 
775.0771648405321 
737.1799374735421 
801.8019882545589 
285.4727694196744 
35.47640505485444 
201.7536593656131 
794.5841255259151 
457.8390585290198 
769.7162432997389 
-5.63932511612803 
-3.002419048280507 
-0.0343383238363787 
4.857027534651571 
-0.1208598102037192 
6.736315987380578 
1.941156257362513 
88.17393663612926 
13.38928937632064 
21.5055543090779 
2.097054695333266 
371.8681378540069 
3.280701214247896 
-1.258469504369676 
0.9891465762016629 
-3.46880467027955 
33.36712628230452 
299.1049687989201 
789.8688341517792 
759.7979151510124 
828.8099320645986 
804.9373399029066 
755.4110647498819 
837.5464772134728 
811.1933427430116 
736.5644321310804 
822.7047071489162 
824.0377011681682 
536.2221960742615 
692.0064695697909 
825.2699012427403 
826.4259549919201 
813.1882768384648 
801.1698103879385 
634.3838209438997 
-2.559266504489724 
-5.499747958793556 
472.9006819888946 
450.4365654951805 
135.3973402671331 
35.16484464172373 
302.1984934926606 
600.6967836934194 
13.54660471239029 
4.850893439873685 
-1.34933455754264 
8.453158423629468 
83.4956742365666 
55.96708063498839 
87.20489660592294 
52.56265304769605 
22.05551516928704 
37.64420610479137 
3.86230113794651 
8.134458506046773 
-2.160038260089304 
770.3975731898507 
110.578443760005 
784.3901065953304 
696.9423077775807 
797.7156433726868 
812.437791597146 
779.0293068487723 
793.128250743079 
801.6402694132914 
810.0507491990377 
797.3604902315833 
798.5918161029613 
764.5735123640796 
774.3017346224125 
651.6796441742886 
-0.9746607586343286 
-1.989901618517631 
-2.883831407888935 
-42.73879484138677 
-2.622604132006382 
695.6315120888222 
733.6050188925766 
795.5877357032058 
610.6751675610624 
161.5820561168065 
-46.67152933915421 
0.7401611317923797 
9.426997016040524 
71.63358650366516 
167.3252593556882 
17.24712369963051 
865.9933270843687 
734.0038129693453 
805.5856318559186 
332.0949282575999 
269.2722431433261 
-8.919560931746423 
-0.7541104202278659 
-0.3903146969098905 
-27.60986657636417 
-57.69074816274565 
789.1004496910417 
795.1290359291436 
796.2612781694999 
-70.25142011440778 
0.2762728564114846 
-12.20242342612417 
-15.14405464896007 
798.3535661193191 
-0.4871019733415834 
-1.334536325544788 
511.9699595835903 
-17.48200812256839 
0.6866992161910064 
46.31875365311507 
389.4756931336377 
842.505840591688 
268.3822520424042 
25.10712383670395 
18.61890191078293 
60.95298037153514 
131.1814438388654 
222.7571456597773 
639.5383933767813 
687.0545041436599 
-42.41568821801973 
-22.74481062967643 
-6.282862550462199 
-9.96200180939079 
0.3599763178959245 
-82.70337932666263 
-21.32860065908705 
755.2914122890321 
407.231534439962 
458.4181808526067 
25.95506156235737 
524.0987661135565 
777.3481849420186 
801.0717597681053 
762.3815576039023 
785.6300900122332 
-5.414035291901923 
3.104878404147305 
90.25456297098832 
114.300103934152 
42.52354485426483 
403.2116842244401 
195.5271233245294 
-31.61943398102043 
-16.50140071389649 
-40.6543637533588 
7.81508486760492 
752.9624987076122 
784.2922110130573 
775.4294607996825 
804.4033634573459 
820.3177923624701 
768.1935368706861 
-4.592322280080708 
350.6554195006834 
388.6296366407591 
65.77255984798445 
773.8692719171515 
815.7955786744311 
794.4940640663518 
788.4994470825241 
-11.58705804398164 
-27.59069867039725 
12.80132359377419 
39.60261811764872 
-14.66129816119417 
-29.79792991568241 
-26.89231044259063 
22.43780982648162 
1.634360496157112 
810.0106760092157 
797.6427630159872 
794.3756808716795 
779.6447094008188 
562.7027039049409 
581.5127536369176 
-3.141419199877415 
-8.218556520929621 
166.1811864514654 
450.2382995130499 
21.56622005682386 
196.9807425233266 
-17.77934749123813 
101.2234708305437 
133.9128223850442 
631.2745212470408 
703.449474141798 
4.779419792427839 
724.3392638931051 
437.7263433554108 
471.5649468614598 
-8.507664523520489 
-11.07298354789974 
-17.62864478851174 
495.1307957873343 
745.0333613128821 
730.9028440882367 
-2.907495601151305 
604.3822844687962 
751.7592558657107 
794.7043991389756 
792.9809931656978 
154.1780247789019 
74.50201699100668 
233.994967903088 
370.3204831550819 
69.44696228753106 
670.469742839793 
699.4314505942323 
-9.702808722967069 
6.201754898598477 
0.1142483643947613 
783.602469712645 
760.8231191689307 
1.691474100878287 
644.1854659003301 
233.7480139368531 
716.5543365131748 
580.2093913997275 
704.1310958472873 
314.4635219967337 
-4.182664151620562 
15.57992283739549 
41.96684991460059 
-4.516387004123188 
560.4959045528149 
44.93398666158622 
649.9931132985564 
470.5224800983115 
-0.6546032646120428 
276.86092786873 
441.872542255358 
97.83385755977788 
660.6627609337453 
747.031456964908 
207.1538602446331 
112.9534403160921 
6.333228208178332 
652.2614739336345 
311.5231522414522 
333.6607834734917 
39.69455324251174 
111.0041652726635 
566.2378293027954 
557.3994966256781 
163.8592419602403 
48.37241340721748 
-1.437546376022751 
760.3497503211214 
-5.201685037764088 
759.4576849511909 
775.8315096601706 
817.4716804126177 
814.7046084931583 
807.6049095665829 
789.3987294993908 
714.6766243950557 
-0.9162678962927183 
784.0163213074824 
739.9516480212496 
215.8176632647143 
3.757552511647934 
6.235238246847497 
9.970811192410853 
516.7939696978993 
566.9619310425493 
14.86348151654204 
</DataArray>
<DataArray type="Float64" Name="sigma_xy" NumberOfComponents="1" format="ascii">
85.45411649839077 
103.7042402305307 
100.0679623982397 
82.86850333540632 
61.29624394640778 
66.04398675030124 
81.61376510054558 
74.09412913577377 
58.84964052187155 
41.74880983710023 
38.79689065847549 
46.89991414192062 
41.12889092300429 
31.8678266429709 
21.60953989206856 
0.003276704327481337 
0.02856569296693769 
0.04653696993217729 
0.01226537310026085 
-0.05293143469798359 
-38.7487023776248 
-46.81870119979199 
-41.04898401478904 
-31.87817779451365 
-21.7602286959812 
-65.98012776584604 
-81.51730251329786 
-74.02486080585048 
-58.91790815521725 
-41.9938219447189 
-85.24679362869489 
-103.6639035505362 
-100.1598519386626 
-83.05649593208797 
-61.57140803040525 
-40.02381037700117 
-25.81179714513667 
-12.72306955451193 
-0.08026364179439224 
12.5267734903788 
25.53623935938449 
39.73400897663888 
-20.51000083791634 
-11.74305208923855 
-5.238110437298573 
-0.02367409461936371 
5.180856820605355 
11.66921051864857 
20.42896001340704 
-4.347465971265358 
-0.3780491124160641 
0.6962472023263521 
0.08806304986806807 
-0.5115248280928792 
0.5596425078213952 
4.402254223255774 
8.546278455863925 
8.404308900560356 
5.1676059670352 
0.1794878029338985 
-4.790423236965891 
-8.007979195512602 
-8.303567892628468 
18.65495881755786 
14.96738622355733 
8.398933370185127 
0.1915882994572335 
-8.002388673010262 
-14.53104147604478 
-18.20823761216591 
26.18386907619725 
19.69271683344581 
10.67222433247052 
0.1330490144776542 
-10.42088204087965 
-19.46991811716708 
-25.85116797238821 
31.63196553461601 
23.212326356015 
12.34819451578058 
0.07995038243271102 
-12.22118760499066 
-23.18663349891169 
-31.7641681027343 
36.60886661322986 
26.14943345718363 
13.69769248577646 
0.08804004847397008 
-13.51966686313577 
-25.92719250706643 
-36.13113638647703 
39.6557988865168 
28.17008912630262 
14.66578546305899 
0.1099021969444121 
-14.42803163690639 
-27.88591899932979 
-39.39380795011094 
41.39083866363779 
29.32531157118116 
15.20966029429508 
0.08003141399599852 
-15.02816423141968 
-29.13683257334303 
-41.38212341607409 
42.5998389348084 
29.9180611111885 
15.38472727656839 
-0.03433583436739829 
-15.41596035785311 
-29.85660064848041 
-42.50026226388968 
43.36324567938271 
30.01005899615654 
15.26053859498731 
-0.220202979216639 
-15.66761648201695 
-30.29055175865336 
-43.43763449796748 
43.30588448241883 
29.65051631994975 
14.96129944081357 
-0.3939635148170104 
-15.73806785536979 
-30.35545459861913 
-43.612661373274 
42.69114164989997 
29.10852785894597 
14.62617840183294 
-0.4578059878859763 
-15.54119600046364 
-29.94741772755783 
-43.01975923241758 
40.73196159414903 
28.10854343526767 
14.16216530111013 
-0.3894490540138108 
-14.9808864067802 
-28.99957031732463 
-41.74162399786527 
37.9521139609902 
26.30381071877413 
13.34300910976263 
-0.2031437819168649 
-13.87894664950031 
-27.23371192433452 
-39.60564717000349 
34.11743528068835 
23.39871325560924 
11.91425067463915 
0.07137858364493994 
-11.91244804266711 
-24.02799117549361 
-35.9419814480388 
28.11298825651814 
18.85118889001767 
9.603545935815909 
0.3194059747001516 
-8.951206457297454 
-18.34024405150849 
-29.18415857400667 
18.4149369954496 
12.14551812303368 
6.351302139901605 
0.3329976802737354 
-5.509058861789399 
-10.63043144022413 
-15.68554372798583 
4.527095530100293 
4.196517859695096 
2.327941118694183 
0.09396951642271788 
-2.082920131001557 
-3.661619535192028 
-2.477102349755146 
-9.181915274794367 
-29.2264336938591 
-50.96302547283504 
-0.9983260584319524 
-9.313994524765326 
-23.45499312291493 
-0.1505628563237393 
-2.81428599640169 
-9.29484368926056 
0.06240910552486155 
-0.5938377424029569 
-2.996283027230626 
0.1495435544723281 
0.3815803662564781 
0.02410765223208738 
0.1841314629975581 
0.8112987224172623 
1.546984655487095 
0.1939093625130458 
0.9916585186299057 
2.312297896654333 
0.190066366095734 
1.061717462038882 
2.702132209009915 
0.1832402763611611 
1.095173127502232 
2.938356919108712 
0.1741783466089925 
1.0922714183671 
3.021787114745846 
0.1662518843036506 
1.079540462572243 
3.04857726782929 
0.1570975176823391 
1.052656654152557 
3.025587226472247 
0.1456765014728118 
1.004277531070811 
2.945446290325098 
0.1323646971106036 
0.9406741901581861 
2.818924384119843 
0.1202039473183382 
0.8888603547507564 
2.699264544512495 
0.110762516407294 
0.8496114200267896 
2.601155711571253 
0.09879477882851063 
0.7667914356032896 
2.385548802082395 
0.0896093182692544 
0.6974789594170751 
2.212278937993243 
0.08061973188643394 
0.6310329631169941 
2.016958770300352 
0.07085489976386607 
0.5552390871347049 
1.778561878031911 
0.05906188425023653 
0.4567096258958795 
1.488724922597338 
0.04653307974418484 
0.3540946314062702 
1.179709617107948 
0.0323208606834987 
0.2488027394990792 
0.8999636672191693 
0.01520824006268078 
0.09934463753635374 
0.3884172156019021 
0.007443040665961733 
0.02461096678214982 
0.05334198772596174 
51.17182098594185 
29.31522983753921 
9.199998481519126 
23.69074053273419 
9.422347888438253 
1.01121318332866 
9.234430511488359 
2.774854639546864 
0.1446906711426562 
2.917052706271733 
0.5469143714671075 
-0.07072939373513207 
-0.0541129936875121 
-0.3923018032969129 
-0.1525987136789371 
-1.558007490704627 
-0.8179262104128314 
-0.1861327600215868 
-2.318163118742665 
-1.003831661325645 
-0.196796443565402 
-2.654200912018649 
-1.057834692922395 
-0.1903968921137284 
-2.884965204632721 
-1.081797612992054 
-0.181694314312402 
-2.991923189497555 
-1.077663996282034 
-0.1715766991459923 
-3.009737012971867 
-1.058021081782386 
-0.1621283270876567 
-2.989702046577864 
-1.030843559090227 
-0.1528899697424948 
-2.931218995698845 
-0.9939005253425012 
-0.1432278241542139 
-2.8433297975007 
-0.9463460491563151 
-0.1321447607172907 
-2.735100920609426 
-0.8918585385382055 
-0.1196046577709001 
-2.594812823173857 
-0.8271574162523306 
-0.1070663420131122 
-2.402757676934453 
-0.7677920404163234 
-0.09900866619506971 
-2.315387505500125 
-0.7505802542119264 
-0.09667142512784176 
-1.957971437931572 
-0.630015507024889 
-0.08190542755862167 
-1.717370035273782 
-0.5393625713115278 
-0.07034519096276054 
-1.497813131349474 
-0.4563776162275669 
-0.05930180341732751 
-1.193662205535999 
-0.3548861532586309 
-0.04593260501529277 
-0.8649594881278186 
-0.2384493784424037 
-0.03103473595858232 
-0.4276870158864498 
-0.1099890432439055 
-0.01618099489584251 
-0.06602488663100294 
-0.02719830301323295 
-0.007565110400952504 
0 
0 
0 
0 
0 
0 
0 
0 
0 
0 
0 
0 
0 
0 
0 
0 
0 
0 
0 
0 
0 
0 
0 
0 
0 
4.8981093452467 
-32.16234287934208 
-118.5312657079653 
6.366013414996845 
10.51111092060598 
42.12996132384229 
44.94143767493291 
49.73302942415142 
68.28875978569987 
53.92277352214521 
55.35310707010716 
55.78515610997844 
30.23890741697678 
52.71778991621327 
-36.23852719586425 
37.93869503166611 
30.20470409567754 
18.83545126879817 
-103.0115618357653 
3.203749359856153 
3.215865304965136 
9.65146725755398 
74.78754663864729 
72.07341577247618 
55.08188800915141 
1.929749394332222 
19.42198208825361 
12.55979521163619 
-61.25650295779793 
-123.124435811612 
40.73883356253669 
20.90643201683448 
0.9874732273544207 
2.982040248517966 
9.513703309835627 
11.96805548087369 
18.29407937867868 
9.458977103450385 
8.346610116674663 
5.613479151001926 
-100.7914699822431 
-70.72300824573743 
-22.09450097940804 
-9.842391733721435 
1.210365026031483 
3.424315916515352 
4.766314879865631 
5.741187582310847 
6.776718395445302 
6.975533891344763 
6.893191153247851 
6.561158368716749 
6.447378536215782 
5.797339132813209 
5.288861850517854 
4.821564539653258 
3.52174362626579 
2.639689934556793 
2.312193585144423 
-56.00080578545808 
-118.068176031789 
-80.42695926533644 
-133.0899168831836 
-128.0517549509267 
-87.42892823637261 
-42.5433987971287 
-129.2253052750323 
-94.91378291562373 
-2.851127934344694 
16.2368523787399 
25.08081785345934 
10.56614926943935 
21.28222897223857 
12.41214750808762 
6.690302438387569 
-39.06703172644562 
-21.88127669631404 
-112.5970403080119 
-9.632246802317772 
-1.670895050232668 
6.222341134308493 
8.775502476237595 
10.0677674617774 
6.574634812148295 
4.221644967673255 
5.994351497784779 
5.718841083309107 
45.03624324855261 
49.40941890357335 
-100.286446801843 
-22.74412937864862 
-11.73869249218912 
-116.2101172805761 
-70.9098242556357 
-44.74000944096885 
52.61432631150445 
-27.72130309197405 
54.8026057006222 
57.76792329795986 
-2.826564925298484 
49.81171428206449 
43.82922653335046 
-130.646341731797 
-130.6595718881591 
-117.9766368635399 
-101.8371085809746 
-118.2213915894869 
12.24735810732509 
5.777450309619744 
8.126480641205863 
9.109977051207935 
11.795533341587 
19.11296602485217 
3.001727603054821 
5.7775103420603 
18.06834176370041 
11.96341765584867 
13.57870052500572 
-75.9842403368413 
-7.662869371915565 
10.32194135680888 
-54.7114084203232 
-35.16158309446173 
17.1707645100734 
9.023813765817884 
10.87805705637321 
17.1888402138742 
-97.89946936920524 
38.38580446306617 
49.92715217050087 
62.28001264204593 
14.87588610087071 
-107.9364128833175 
56.09174383603882 
46.29784083089664 
62.17596959698034 
9.933503241948538 
66.0656428103365 
5.219473664834922 
24.43627252643348 
28.74146961126233 
40.44095572393876 
64.79300473140373 
78.22684028642792 
25.08502217355207 
-79.23533210173933 
9.436239362950156 
62.39343573782123 
76.2258770621367 
-127.3473126842761 
14.73517403823434 
-14.93713816467035 
-74.15957448902891 
-0.270471290961072 
22.91881536046067 
-19.49763523954814 
-66.9807365633791 
9.26980576677497 
-74.57827150728249 
-45.39696832611519 
23.86941755697716 
26.06986155546611 
26.4767735253473 
23.89303404223453 
-8.439881714357099 
-87.99784929286611 
-31.32160972810689 
-58.74243185017882 
-51.27706884598196 
66.10439031266188 
53.00250916871712 
38.90066417644233 
75.29278547751944 
26.09184149777932 
-68.6873422856842 
64.53595219330572 
16.29981154499195 
17.56783985959792 
66.06169445836846 
66.25497287467554 
18.34265015087865 
14.70589980146567 
-28.2974163823655 
-104.9285202676914 
33.63399798885456 
-6.398368577789234 
27.52184891055725 
-5.99088930407902 
-12.28668505405554 
-29.63419639858939 
5.381309457955895 
4.410262468124866 
-43.78442087338164 
-86.68478389405382 
15.2007933939552 
-46.60164299865325 
-119.6257372372488 
-51.65203650947934 
63.13484805354043 
63.71075709208534 
24.77788529648748 
14.10707541190559 
18.81284988321478 
15.32350728476978 
14.49565480072652 
19.81851566303206 
12.58265770722563 
45.20452144899281 
17.72244261249889 
3.023402319975814 
72.1003846554447 
30.56619100977068 
8.990712845964801 
20.47845911671611 
-89.46307180310106 
-91.04716365511118 
5.778225623425113 
44.05716912017372 
14.08664671923783 
20.09582581896212 
27.39785082990295 
21.82650821941507 
-56.76251846035048 
-99.83616512432788 
-63.86565262063835 
-14.92164218153579 
13.0308078581854 
-75.61082674958402 
28.79253462468508 
45.34214519600528 
-52.28353762720565 
-74.16896470389496 
13.97327086795783 
50.36260674033593 
37.72866553186226 
42.69645955766704 
64.01629809262435 
67.56909471733681 
5.729458358134612 
46.19356441180867 
18.37054449705113 
-86.65605994888763 
29.525888510992 
2.918965239329836 
18.50750045041228 
-34.13707258235468 
55.13668171758052 
5.325043801682138 
73.25153648976858 
-31.21418547962745 
0.6518313888776781 
-94.63963900720192 
-75.97297647165114 
12.13929660252714 
-18.70874150426971 
-71.21292490987638 
-39.41202254571945 
-56.74979970126936 
15.30633077489057 
70.55156772400615 
36.48112116095169 
26.20019387103039 
53.06439645160291 
4.997355937334669 
13.301513033715 
7.479323577639871 
29.93635022934202 
20.68513067285996 
29.00575596062671 
-102.5579344294129 
-75.38414314792206 
-1.542483569775563 
-17.81877707295497 
18.44994225691853 
13.59697535702461 
29.84368967391195 
-77.82196893370011 
28.8085091922994 
3.474657226541886 
-96.78181526732453 
-91.13513619352642 
-0.661045022231233 
-4.90986035155191 
-18.64537748729484 
39.73155121257718 
58.82938414336724 
28.00955432924239 
-8.360223679104095 
2.020582672302725 
24.87833295820558 
31.42619972985664 
28.67287723619052 
21.29091959879767 
14.00038502100439 
25.73360372299842 
24.38216840487659 
32.71087211651464 
58.5680348697712 
-37.01543098988149 
-15.75688777236559 
32.88543979658222 
-86.6168479334593 
-38.08275798808483 
57.8631326197136 
14.08417059417308 
-37.95925502923274 
-17.22760184393199 
-37.06901329393988 
15.75741003901333 
32.2165942346865 
-0.2321002230637359 
32.86258927972769 
14.30393628413626 
28.92679807304908 
6.229912623955543 
25.50219371793089 
45.51704446878652 
-85.19562489476199 
-63.00827234390158 
34.05025380772298 
-38.3657909030246 
11.96032911130357 
-76.31184855978232 
21.31633607914846 
-31.79956696064369 
20.52822272009796 
19.66566006127221 
6.275471646805123 
5.136668774038542 
19.47794617308404 
27.6668841178548 
32.0241550946376 
-62.65980248829737 
-48.3358935595779 
-70.97480922078144 
-24.32286389724821 
-57.12744561540799 
31.89194379344339 
9.826158658940859 
-16.58591634497426 
21.54856869752827 
-22.52565381988853 
19.53341194986443 
-51.33675558044577 
-32.61195411998202 
-42.23914394637242 
9.656145839888724 
10.80440103023312 
-54.61469624825289 
1.928968998970817 
-12.7658727608089 
-19.41971036654808 
-7.064664373672792 
-24.49922141035178 
-1.139430562667449 
-8.542559251001354 
-0.3328171974684007 
-6.130733538895669 
3.048559139730252 
4.11860071494276 
-2.928809397457552 
0.5536932558472258 
-4.591072382906064 
-17.88253478095078 
56.65862907163145 
74.20732043146401 
-3.46142361471641 
78.60679514394243 
12.77430477790259 
-18.54139863972149 
-89.9976495118333 
-105.6818363911972 
-55.14282813327826 
-77.20233809642293 
-107.5457747918088 
-112.6655386029151 
-105.9119826775435 
-117.1812342027139 
-120.6062632959341 
10.8094262816085 
28.09873996746629 
20.35734324408581 
-125.4132998432213 
-118.6897055148372 
-49.70238972631865 
19.85229888200711 
118.8113651770153 
-53.28658347310503 
100.1472890410509 
-0.7907723981511907 
-2.405912374711151 
-2.326627259066868 
-6.683106407062214 
-3.480467657872763 
-3.887469048366385 
-4.636133479757421 
-6.019953575805513 
-6.140983562525475 
-11.51698034997155 
-6.125392186963847 
-21.88363368473998 
-6.259070176900593 
-6.210817332894311 
-6.077230140433772 
-5.752526582368109 
-4.133106561140393 
-1.978839623700864 
1.79728956410935 
117.7686149064398 
-2.116050010149166 
-4.712099058059126 
-7.59239828158435 
-19.28287305378463 
-12.29153933132982 
-6.472830827152103 
-1.599698973878928 
-31.47562344822546 
-19.73657993142769 
-36.95782042256626 
-3.30174453886392 
82.36909420657346 
125.689293276914 
-5.470280649937941 
-10.25044825066017 
-10.86964586592789 
-27.92767404014817 
-17.1089319967434 
-11.61758017170596 
-55.61466069592257 
-72.09951411090394 
-56.10470193200423 
-75.30618634909733 
-10.04731956804701 
-5.50094005924745 
57.60361807516217 
13.72933654445724 
-17.00640762266658 
-28.06548790877896 
-44.01455736500552 
-49.25486496003635 
-56.48566566882939 
-52.27068089581532 
-49.46088540794845 
-46.29502824178792 
-42.54086186153094 
-34.77570326490991 
68.11204611778741 
98.63075220215522 
104.6105154550365 
111.204576503299 
40.06244817819995 
107.065778353126 
133.7057119956507 
129.9361796432516 
50.71930785112431 
34.0888586338252 
-6.233150396995119 
-6.16300243437155 
-13.17838118143983 
-9.692196647950791 
-5.126762136350179 
53.61884905944245 
8.18708683703669 
120.2374166628341 
80.48363577105548 
-8.724664578367804 
5.394276795999312 
15.70666886143363 
-2.893615446682173 
-11.29944221239201 
-15.06297909805284 
-6.124894150407493 
-11.1463921396359 
-2.028185120858753 
-4.883749336134854 
-37.06349414842364 
-55.61406827733691 
-67.66075654011615 
-55.06361675450838 
-54.49008097722675 
-48.1293124134259 
-9.83446416753857 
7.459234426073577 
-24.66260290414403 
75.53073989740884 
16.82631738008952 
-46.8424756633358 
-32.15198441543885 
-61.43088990423247 
-66.31852825892895 
-60.73842352317963 
-52.92954185186997 
-24.96899775241798 
127.9005379726894 
32.06699100025913 
110.4657078288404 
2.240071370504777 
129.4905940031945 
27.56418919606548 
-9.434255412255522 
-10.46447133726565 
-10.58257270916233 
-9.37143399784035 
-15.73517457946603 
-1.17451849545213 
-7.39855847525881 
62.78004535501309 
0.3152230051790169 
10.2157160471586 
-10.86193685032709 
131.4153649062186 
-18.7777069239163 
-12.12783334333248 
-14.35282909247555 
-24.5398868907114 
2.621984060784342 
123.9548728699684 
-63.84627546534053 
-65.071272067057 
-61.3951012178122 
-75.10687099230066 
6.071765419143762 
-47.2058632724416 
-16.27143684305856 
43.25405447605067 
-66.1504456628283 
-63.01199571836494 
115.9616631928896 
66.66911818313459 
-43.62167918060176 
-54.69876692038417 
-72.85375999677962 
-72.94953613054534 
89.97580659972459 
-8.264259137901339 
-21.36497032665863 
127.2944494825272 
126.6807947225242 
88.47996404626556 
23.54136748921082 
106.3019253694435 
99.98512707646677 
-6.055311952283809 
-11.73283150640609 
-18.0675111609072 
-6.356594290727416 
47.43353654713932 
42.7025658782105 
44.74558445920658 
32.16254956078488 
2.487259041796939 
13.28411940408854 
-15.4934338894669 
-16.20551666351663 
-30.58347534159081 
22.01288155407262 
70.96402351193817 
-33.38864441944173 
57.34294142804412 
-34.30910036541281 
-37.84521469470283 
-16.33964736684828 
-59.43088757476003 
-54.97162669776347 
-72.80717970367019 
-70.76459386623461 
-77.16101941525484 
-64.20610881757828 
-70.11860903324875 
80.77431726466681 
-11.85342190418892 
-18.53847546696257 
-4.888923998422504 
-7.683212005412008 
-24.10612050297777 
-22.01199776374989 
-47.82613147517377 
-75.78810023097915 
90.96831809914477 
83.71470661902461 
-19.37948863997747 
-18.95965069436527 
-12.835894559416 
30.09953352700622 
89.67374750110137 
-16.05950280558493 
-14.1820898709411 
37.88510257670333 
-67.05366561046074 
116.0516698907421 
116.5594130583261 
-15.76564344672374 
-17.45030666259673 
-16.66633730225944 
-6.567243492272462 
-8.324940367623867 
-57.6335639301511 
-77.82093011173382 
-57.41980329270821 
-8.364824863714723 
-21.72470763853817 
-12.38085587181147 
-4.543845706228031 
-40.11940928251548 
-23.08530044580067 
-23.85673787080665 
115.672754380535 
-30.24754934409631 
-19.76765181099238 
14.68767910301154 
127.6741167894306 
-17.52874385897259 
87.79270495399162 
-15.51413181545079 
-6.255599722899253 
16.61853854420407 
61.76335806006011 
96.25701641990923 
77.06617611049197 
52.82218619599093 
-13.24176034582737 
-26.58448950429056 
-7.108962733060935 
-22.6122700668783 
-32.57809130970058 
-5.06228721152117 
-16.6000559314654 
-11.27387197795127 
115.050424900585 
122.1237673108449 
-4.502008239582108 
73.57482404665859 
-38.39845494731613 
-53.25529639560313 
-26.80640369709992 
-26.30827466184222 
-27.06484379642637 
-25.12422091663763 
24.10652520562081 
43.55373079202386 
-1.457920896254878 
69.22708079341564 
77.5578993940495 
-19.00757154993561 
-24.38474933116634 
-19.96293675748294 
-31.23265753270185 
-20.65381521971428 
-74.8035024282208 
-43.49473238342065 
-4.839683368978133 
-22.01046675643542 
-48.9038937910009 
-28.72816742866398 
91.33972408177462 
107.4009354335894 
5.052967575059509 
-42.03100104303464 
-40.22728202522259 
-66.16444093894386 
-73.52281551195345 
-28.64003042361935 
-27.43266290588499 
-25.27182977839984 
-12.47099027056445 
-31.98840754620061 
-26.46258104715164 
-23.41415655160904 
-24.85462866542762 
-5.250535609606732 
-12.52984413189977 
-46.26851942220756 
-62.1007290554882 
-65.69691316671485 
83.13209601318576 
86.41674187007345 
-28.18689321267992 
-30.70021914550131 
56.31712067105249 
25.3836312030763 
-26.72582071799574 
44.51883580404105 
-31.54321468248581 
13.66852733628039 
34.36153802628209 
61.27234655781172 
-4.032576132083484 
-30.72593145388971 
27.71523114303817 
86.63170906338696 
100.1505226394721 
-33.86442249618023 
-27.74409282286476 
-17.40258366761537 
59.16981739968017 
-21.78357290524467 
-2.069640860275086 
-33.73251213554342 
53.00072774236126 
-20.29880265870102 
-70.17165977566206 
-57.19407058311769 
23.23102225734284 
-8.625995054418846 
66.5947612667097 
49.07652953981119 
-5.00595899700531 
28.37382376201277 
28.16030746011562 
-32.80879162846529 
-32.53101799783974 
-23.55450414890105 
-43.34301477601993 
-14.32042512875649 
-34.07422120509712 
12.68726754833555 
30.91863817870725 
-6.78586025480709 
42.54019765283956 
0.7571567943937637 
71.39275048570178 
-34.25590540432624 
-23.93819170788774 
-11.01611062740658 
-31.81698103292429 
16.76889076927082 
-16.86104160784661 
22.26094493999932 
42.245285736324 
-30.02656392883533 
50.55890914376076 
6.978834783499168 
-3.980101745613062 
1.778716073419531 
-24.92959983251621 
5.956468096827928 
5.703474502979492 
-16.19627343139601 
2.14672800175346 
11.10920335015446 
27.60414598180524 
-18.90387257821875 
-1.573927867295504 
28.73255311781207 
4.004280228040751 
8.978440606499248 
-3.843145514170735 
-5.393288060425475 
-57.71246753929204 
-15.19242200192361 
-63.18614665850006 
-66.91054495980337 
-66.9757360172183 
-57.64125454395405 
-74.2338630774194 
-70.86567611341145 
4.074263031547741 
-29.11478793248923 
-5.411412214907547 
4.469557365477526 
112.0477671993807 
-21.02249144735062 
-24.76190372646615 
-19.03453131599312 
107.4852830636242 
104.8860296489667 
-13.60999057715403 
</DataArray>
<DataArray type="Float64" Name="vonMises" NumberOfComponents="1" format="ascii">
198.4179557118779 
312.0187383017824 
425.3956693227628 
525.2708219420612 
606.1769533616502 
154.3749142622247 
280.8727308869757 
408.0368413911368 
516.5729315383793 
602.5652425580082 
101.1913587741228 
253.8831412958786 
393.7918146177878 
510.7240336869675 
600.8506006769571 
63.45688438893735 
236.1582942289145 
384.9793302766357 
507.9935408983575 
600.5207742670902 
101.125973199571 
253.8041606825367 
393.7849503904084 
510.8189842402122 
600.9456689365317 
154.2951887850597 
280.7939806372719 
408.1059106870426 
516.8337349628786 
602.7963127317061 
198.2541807907755 
312.1765549306065 
425.7136840186166 
525.6907065542388 
606.5157774319039 
668.3826976567162 
666.8786758544577 
666.5198270460224 
666.4676881794476 
666.561305310822 
666.9626176290275 
668.4693400838823 
713.7499628365042 
712.4258786874323 
711.9715427523073 
712.0142891247563 
712.1636898408565 
712.8177659733243 
714.2281222538243 
745.5811079181968 
743.440818537625 
742.2440006143765 
741.9434789989828 
742.4670207024359 
743.886873607292 
746.1421992742024 
766.7222956979256 
763.6127035490208 
761.505965179948 
760.8121209487526 
761.6208394519873 
763.8633755903884 
767.1865384543252 
779.9788772695805 
775.8471526244468 
772.9112249378628 
771.8565377196235 
772.8641106423376 
775.7546087787383 
780.0084518950086 
787.3559146315224 
782.2262312325929 
778.7102414178602 
777.4380150227888 
778.5995180514977 
781.9695202561783 
786.9194840736103 
789.7218857226648 
784.3174405692896 
780.6317218907586 
779.3157538636949 
780.6238491292953 
784.3414078991188 
789.8456933672409 
789.739133653107 
783.9931643471479 
780.1734818764238 
778.8469064458999 
780.2592322945657 
784.207375160431 
790.0782196787331 
788.8372149120358 
782.453466826508 
778.3655074772643 
776.9579048603237 
778.3986280691149 
782.4815784368934 
788.6441847385713 
786.0965858845162 
779.7620612484201 
775.577306286997 
774.0823448915049 
775.478833629489 
779.5847540073595 
785.9054016668421 
781.8836988577295 
775.9357774162411 
771.809827943288 
770.2645140958373 
771.5563879426165 
775.4955674714012 
781.4846724432488 
776.6552662777266 
770.8841228546634 
766.8451410362393 
765.3174027267449 
766.5112362255002 
770.2259516250581 
775.8964149377365 
769.8450773146214 
764.1275172654065 
760.3127802635503 
758.9163257299932 
760.0853482328905 
763.6542540357832 
769.228785530125 
761.2901790719322 
755.3961697783859 
751.8290419429761 
750.610271631701 
751.8131433451155 
755.2698204757853 
760.6286833785185 
750.1152203679685 
744.2495475562266 
740.7627532944981 
739.6617349718907 
740.9476547253943 
744.3742212564537 
749.4766703025284 
734.842705601236 
729.3546377995725 
725.8162809236368 
724.7536695256497 
726.2579936330631 
729.9601312535119 
735.1247258647007 
714.5909143044962 
708.854291734955 
704.9824023201395 
703.8187670579204 
705.6884776855452 
710.3600904296679 
716.4646519605842 
687.5877372882494 
680.4082546299289 
675.679267203029 
674.2226093842903 
676.2707113166433 
682.2291161049639 
691.8710081672009 
650.5098405413019 
640.6106785388171 
635.1462389095349 
633.3490436747685 
635.0869240387648 
640.8084164347597 
653.0181003664047 
596.4560241014563 
586.6641334538501 
581.0137971730594 
578.9514385396844 
580.617493979809 
585.714062535544 
594.4950943676796 
18.29156844947977 
56.65173221047478 
103.5644646727484 
4.151644991454932 
21.56441888129169 
52.09401313515006 
4.236790233535967 
19.99978287653535 
39.0583162401871 
4.450969534484297 
21.81141511399521 
40.26542279103114 
4.405872311626519 
22.34521368430331 
41.80442456663263 
4.210216783768823 
21.898771990819 
41.93995740945255 
3.947201004528485 
20.90316482921049 
40.77162871892593 
3.665498238440014 
19.60394935652315 
38.75683223317417 
3.364757502281837 
18.13542249206349 
36.21192278043084 
3.055237862389101 
16.56981100828646 
33.41363574491755 
2.74601265489359 
14.9749355563795 
30.47071241701377 
2.439832776176404 
13.38122476912168 
27.4706976785467 
2.141439428363847 
11.80595071147713 
24.46404669729742 
1.856380284717401 
10.2837861996923 
21.4558608668749 
1.58584577090254 
8.839192026538239 
18.51616723029422 
1.331378315251847 
7.451106898917532 
15.74422361609062 
1.090472229639815 
6.124986627217138 
13.12353497247991 
0.869725771922947 
4.916169074978606 
10.68025106052591 
0.6689520718634444 
3.809794253102903 
8.394394394789368 
0.4895755710298674 
2.808693036057849 
6.358771112860336 
0.3350550151530772 
1.93105709255817 
4.547674636554702 
0.2060439472964698 
1.212444627710448 
3.019160393966275 
0.1036083107434181 
0.6378394867051789 
1.884517492867791 
0.03886839152469276 
0.2163676445184105 
0.6820702365019861 
0.01413287075672235 
0.04268599921455031 
0.1535559985628195 
103.8167854898883 
56.78845176512576 
18.33136454274682 
52.3356428963178 
21.71304451908907 
4.16290575012875 
38.97087809150928 
20.02263537028945 
4.247053844335665 
40.31178790320419 
21.78406768106351 
4.451166137929323 
41.74223242142052 
22.298242821012 
4.397306373653618 
41.82070977455703 
21.84192739506435 
4.197785717026295 
40.67053712100042 
20.84149107200242 
3.932948548439011 
38.74828186954129 
19.54945948851309 
3.649622383715999 
36.32108972386831 
18.10596364201141 
3.35033754831995 
33.54694159202012 
16.5652401825987 
3.044385046794957 
30.59874758529672 
14.98437412468375 
2.740226510148442 
27.5870648822603 
13.40934451925905 
2.440210188159775 
24.55756057895222 
11.8524443634841 
2.146987802501425 
21.56664067358231 
10.33090406063155 
1.863860910297486 
18.60737414732003 
8.867293984135014 
1.592542692051912 
15.74690060860405 
7.46065443517929 
1.338821169667705 
12.93683707584945 
6.156868584723647 
1.101272458319904 
10.59371940613584 
4.925439747386299 
0.8758753018642934 
8.325760639113081 
3.770372920636591 
0.6659345144832938 
6.378862979264593 
2.801241523105716 
0.487198667800115 
4.610575324075224 
1.949337722725371 
0.3364718724945628 
3.075904579011402 
1.221140154759803 
0.2063482854331828 
1.852610377346951 
0.6417072914810898 
0.1049082912196849 
0.7571344528729017 
0.2406204264907579 
0.04161491757847451 
0.1723707265765237 
0.04734204360193565 
0.01448447658643672 
0 
0 
0 
0 
0 
0 
0 
0 
0 
0 
0 
0 
0 
0 
0 
0 
0 
0 
0 
0 
0 
0 
0 
0 
0 
770.7827220257515 
716.0978655763502 
345.8682268475355 
50.29071082742192 
622.1316006917491 
704.904307208518 
725.5639660404224 
744.9077525383922 
771.5183085859875 
766.8022758063302 
778.1842112583536 
785.3887701254755 
802.8066062060757 
794.4045796770242 
745.979755192075 
797.8875124977603 
794.3380562384259 
785.2267169976759 
538.6156903412765 
881.1151220984175 
801.9833104843806 
880.8161294766983 
801.4093463598376 
810.7136758556593 
741.6348248540783 
85.75674889438373 
57.47036130830511 
54.86847777683389 
138.4847232729294 
554.4857383964089 
811.6967689316793 
830.6878657012232 
2.211939639583955 
6.504866745313793 
25.51962223227316 
45.12723643256892 
59.94772183551531 
66.42540164796407 
76.97128165410008 
83.11510025245798 
242.8857651897358 
153.2226545708424 
64.39001879461803 
56.8721637275607 
57.90541642139792 
57.4000643504125 
55.85146425322725 
53.40908476391778 
46.67521370375136 
42.66399647324842 
38.37864030734908 
29.95190877328719 
25.90242719750244 
21.79576895643257 
17.8783923802312 
14.54556279878064 
8.627292153712354 
5.156322992846116 
4.425891158546638 
671.5005423217353 
447.6823897926717 
613.3436657708548 
480.3799887595205 
378.1907731637727 
201.8955551750632 
93.73810622592531 
468.7982811429565 
621.1630548119014 
57.27349827924146 
62.69899265541923 
57.23535905203355 
62.06284501389487 
54.10737039326862 
49.97344425379522 
34.1103945293557 
97.96898476732289 
76.00680712205332 
285.4307635135916 
68.01163817716942 
66.59475205696285 
65.91526283127118 
64.49471745985144 
18.36886763631696 
13.92747289836848 
11.39362171312643 
10.75191920220396 
10.85222116657562 
796.8765296169536 
796.8586179204368 
626.6403309777235 
750.6544218787523 
748.5673099684768 
551.3638813811781 
673.9353989578533 
716.9118478050798 
757.7374031477607 
754.914877312249 
790.6590565233407 
814.9483961878901 
773.9301704116009 
804.9024924616072 
803.3186185249818 
482.574671840146 
398.1313236494197 
315.4169266531616 
594.5586652606278 
331.5897833824189 
36.44512995594435 
11.62475160268449 
18.28907185280243 
22.18557481596116 
58.90504957820571 
60.429965273043 
66.44530467657083 
66.78907339643834 
56.19176240462734 
40.66375088866067 
64.68271916635827 
180.4175808033528 
69.50744419551891 
65.89023947036031 
133.7534791580953 
99.42937627887694 
48.00286642953208 
17.05141950836279 
31.06170545564073 
51.81185692738152 
240.1085578516739 
699.1791627615387 
723.7872645719677 
759.8034738400604 
789.8401233329683 
617.0942779067491 
806.0056598628014 
809.3980990613732 
805.0801217724576 
797.5029257410614 
801.1009734299513 
790.5146275165409 
803.6127312944229 
667.8456806549267 
813.854112259143 
780.2494754454794 
811.2426660350583 
684.1836094787385 
672.717905844539 
18.55074992958816 
754.5786603059553 
810.9304392795842 
403.9714807197262 
60.92011846654188 
770.637187876465 
700.5948528716402 
67.25821419947054 
59.32963700459928 
79.04551510016718 
170.0487747794415 
61.81023762906483 
203.5692855137914 
124.1360727804568 
58.73225173869344 
50.94222526999413 
48.42042235752389 
52.12875701726112 
780.7522230341599 
221.5478168213192 
758.179760656966 
715.2805077124193 
731.4164468914308 
813.9897086672132 
817.8465266526238 
801.1449759095075 
790.9376721791842 
792.0820085966614 
703.9181826092789 
773.347215939316 
682.805290657381 
827.5489468449168 
820.8156661364986 
793.9140585472842 
45.27884340790931 
26.46742285463285 
92.94401834291801 
272.0945868894577 
58.3105944221041 
779.5509910492101 
808.0437249281952 
64.17622688502277 
71.11953092620999 
101.2288810469961 
53.50032912706666 
62.82714587281227 
713.2621392414519 
664.6782110890063 
795.8812103835361 
736.4394152191043 
388.0598773759131 
144.4775463271343 
774.4262912737743 
820.4034139366133 
44.15443868529716 
33.80664163490714 
786.8439126913386 
856.3174658119228 
30.62081305170172 
42.13597905290054 
873.4614729705638 
756.7754299278039 
735.6097842171304 
8.784509621447654 
818.2231962292209 
56.46849126631827 
52.09253005241219 
39.53600556058225 
661.8350204179696 
574.9024835917841 
774.7662987992642 
816.7527786221574 
54.15830172394471 
51.16732456784466 
56.40822439023686 
56.72716456965659 
211.0815025143191 
270.9844492042225 
662.0272219729322 
83.26718237574771 
49.42709247966284 
672.8443223946601 
834.1465424222724 
809.2546553778383 
157.4237624007757 
236.7698524079957 
818.2170907357691 
818.6342546146082 
721.6273919482767 
814.2971076973575 
797.458429721765 
814.2378204598652 
880.5470803885274 
789.7418819335252 
33.88863778245052 
617.1746181891754 
52.38238724826281 
53.85946707481454 
42.50766267566495 
126.5485296842613 
820.4393337849107 
20.57356489046037 
805.8333866360937 
106.1651242449293 
56.73264789084472 
329.9614224563607 
269.8391668804628 
49.36888153278942 
753.2285468584942 
587.8411600482257 
690.5749880109719 
641.2167225114266 
759.6947054977007 
819.0879021582942 
828.9144122078071 
781.9207597035291 
814.5767612661606 
47.20929285913201 
52.42104386718686 
35.91197442369089 
52.89555932111804 
37.45166058756922 
54.41325783881669 
429.315123640951 
313.4231429074417 
676.3578163804152 
737.2082613097378 
40.55280466907231 
47.0751656502938 
57.63192289989966 
615.8294245203774 
54.67374389755473 
64.26476350769191 
476.2902270611336 
376.3005291769817 
756.1223514085058 
461.5447061629034 
633.5958315656214 
817.2099029539219 
812.1820246604686 
807.0647279229131 
732.5799285061315 
747.7575172899185 
53.18089089684105 
55.65794095258757 
52.45546212585247 
50.6834605221083 
28.43674154905121 
47.56148525822101 
48.5354372498013 
58.41132337064219 
815.3384010100402 
154.2123119297247 
99.26800419461387 
58.63014946893085 
530.871405369646 
438.6560208423175 
815.8472037736718 
772.5476761365613 
236.2273943330709 
729.5196297514357 
571.7454942025546 
46.17797050901959 
793.8852634004012 
716.97742786153 
58.17707936761987 
781.8034727681511 
56.67478526534204 
27.73902199046799 
52.2861770740968 
804.7512565917268 
425.1668414715531 
428.3298716724226 
59.31754384763407 
189.2176468739877 
55.71074505134241 
483.4514164138051 
49.23493183892603 
669.6651014786123 
765.4388291975637 
768.5444446259517 
61.31720907333885 
746.6930736779327 
40.81757134259355 
50.48393009217024 
56.25031003230625 
546.0888061456052 
363.2758830276789 
365.307926330261 
514.9969942826583 
249.7214553775577 
788.2570935488412 
734.8190669101905 
690.1971117366486 
45.98265202946003 
180.1281107509015 
47.34287943276379 
499.6275732513276 
292.3986401047277 
612.978185270809 
737.1488576934659 
741.9096082561 
299.7936816416639 
90.50934120711852 
597.6169045863405 
134.0916406926536 
154.0779185852668 
368.81514289869 
692.6697011833814 
130.540890788895 
666.5179556207769 
569.6968870469295 
86.14557558326229 
44.11169267270605 
277.0467000082355 
97.27921752220333 
179.8649295109499 
225.0202137336771 
743.1576195155081 
788.4253451680212 
93.46185057448452 
800.4593176604416 
25.17814273551863 
79.34246557372364 
275.6464219703327 
392.2794631750907 
180.5892834320292 
223.1369194957692 
334.832474471817 
317.1705979524498 
525.7032561019664 
464.0319594544982 
474.318750628285 
786.1452308654794 
802.6719575224552 
55.95725583685476 
550.1203053589516 
556.2446225195946 
719.3979243539335 
61.9059735336764 
438.4588787252893 
795.318492581891 
604.381779847553 
1.822733110758848 
7.102395778954552 
4.581846123635737 
16.59341586344381 
8.555687131228979 
10.75176906682728 
14.35090646086929 
18.23745746987477 
22.1307758632455 
40.23992682800414 
29.53994439808546 
60.26468465582613 
41.09251737359904 
44.98010140033081 
48.67801951654045 
52.13682590098901 
57.30241032727967 
58.0213015099711 
57.49422926951844 
336.1286605504467 
85.92022097282531 
45.5537654270997 
80.23510958892058 
39.42842031880483 
28.95570205599927 
13.62814260146416 
882.1289960394382 
831.0948062851362 
805.6354111506429 
802.5454667413096 
769.1835608109358 
607.262401028211 
354.9506856632383 
66.74314165327661 
55.48339498528028 
47.67279106168873 
57.29756865325427 
59.01322466251522 
638.0022762631351 
742.9754671892141 
781.4413482093362 
778.5427490993783 
787.7135069411704 
878.7463554461664 
882.09265227841 
667.6901650181708 
746.4724245182255 
783.7462781445706 
792.187610469687 
797.8033109694128 
796.8792316363844 
785.8589528513799 
756.9511269313947 
742.1134768052216 
723.2428033663425 
701.2230475514693 
675.9448265098109 
147.0138903212013 
234.2329932180869 
530.1104175573245 
599.0757602140859 
89.04316481653962 
263.6083188887757 
451.4134607599963 
446.3079022520793 
709.7176481282193 
713.5470116841692 
37.1616268733445 
33.26900839346342 
63.55462532100183 
59.034973513581 
55.09006085721317 
123.8915715431549 
56.60016477147217 
531.2598676809093 
183.965274110609 
62.09540521594931 
66.95688759630185 
71.00734298212805 
6.313959933150943 
23.65721530756024 
57.85301465278542 
25.84760977594234 
43.87287957140666 
3.838391647856005 
9.284720090667049 
796.3383794385184 
807.5199877964975 
795.7994683477435 
791.8302524925538 
768.9425638406437 
731.3667905358628 
785.4694852685965 
768.4838627189553 
796.3935192539457 
663.8636406933177 
772.8936028931996 
813.6188420214244 
806.0669530369157 
758.043296962004 
787.6148151456038 
764.8430872938872 
735.6410580012748 
804.4763249088414 
370.1648904349511 
87.44660716698468 
285.4747614671178 
782.705443794992 
525.8698313077716 
743.8094504224184 
17.30101053764344 
20.14642658615721 
51.65373310780343 
68.473801430827 
54.64772319325488 
66.91468203040164 
65.00364581985518 
152.51892234598 
67.46102915692114 
71.34079578961889 
65.73221531692954 
451.5585887668996 
62.51413288509385 
32.69382802457997 
61.0975933626954 
47.30099706374737 
62.79269273211268 
380.4834525121055 
777.2245449327481 
763.5502764899567 
806.4895130154327 
817.7106751272202 
777.9166674829773 
805.8821258867488 
796.2829553705943 
736.1306532954211 
804.2931205565799 
816.8661538528927 
589.4059699056725 
700.753338456549 
810.7635113040551 
814.0090621476161 
808.2148691931696 
795.3624234720268 
655.864720327252 
15.42590662294557 
39.38435419860223 
529.4092910370143 
521.7124319085246 
214.6980692156103 
83.08402041154601 
369.637406666518 
642.0321245688887 
62.93442643655871 
64.61043510295464 
45.40529745062858 
67.05277817448557 
133.2347658379817 
112.2633259945859 
130.7858850949598 
98.06117943777105 
64.67684475976631 
73.38909476551942 
63.40947160881291 
61.47158753338358 
56.80307297182996 
763.3342835872018 
178.3772539175754 
809.0492747775406 
719.5275897189499 
812.7895271902465 
814.0350038843304 
797.7856906988804 
818.7734048962353 
818.0405143946522 
803.1571443842168 
817.767253877033 
802.5240040093519 
771.8471894708931 
774.6762033191632 
682.7638632814445 
36.49894213253996 
42.05090249448291 
8.860939164367878 
44.67237554197138 
49.36708333376718 
695.0678415316406 
737.5687085819368 
811.7613410309685 
658.4611099731411 
228.8303201501648 
58.76415097213204 
60.46991011941277 
62.98713680670678 
100.2289737197919 
239.2984395341709 
51.40699050005873 
867.3882426019077 
750.7963538195723 
818.9549221037892 
405.0138196095394 
351.0569669824447 
28.5247585100774 
48.59811850446687 
51.68577976324387 
29.72215254283444 
59.50143679866295 
816.0987875784041 
806.6324076280937 
819.5382928966687 
71.86410584094214 
56.63884536192156 
24.21039639524699 
16.84120126012417 
814.5431865982199 
54.65348826488797 
52.18223301193103 
573.4528655411898 
56.82892542432229 
58.54824309443237 
72.54870105715221 
468.5184010141079 
843.9489617734749 
318.5853572494289 
44.87347587325702 
55.84621234073673 
78.3766353410696 
179.4541939031402 
290.8889392387403 
685.4359331176139 
721.830453322145 
53.74863182770281 
51.0101010935344 
13.46927839230299 
40.27379847427743 
58.63720772623832 
84.07788200499027 
35.19569119802349 
785.4271959884572 
472.8758739941097 
532.4105523895948 
48.5062319770942 
569.5478190178 
806.7869945776781 
817.0225114708144 
786.1351085938188 
801.0383017992707 
49.08527891207895 
59.02997972744105 
102.3442698521471 
143.5641932143669 
52.68647244245543 
433.2623092203612 
245.9793773886843 
45.38287649587505 
44.73157441989857 
53.72070601002005 
55.85434400739371 
753.8326067847244 
793.5889783194002 
804.4679406817341 
810.2007150988258 
827.6931776228026 
773.5579290577472 
53.04369790111219 
399.8456859818988 
451.7768565761385 
66.56838636619923 
804.4405296920138 
823.8122278347716 
816.3458129837466 
802.6119506333805 
50.65324899332472 
55.38361423960715 
52.0136219472363 
43.68125883063407 
57.01063152081054 
56.48546662725474 
52.88495692884779 
47.32858485138787 
28.04863457309477 
816.2448749729997 
804.9321519822283 
809.2735375525236 
790.6494976870021 
613.28622513889 
629.4272009664297 
54.11835432360815 
54.24798548458867 
196.2615208954869 
455.7667896312835 
51.12578650937434 
207.3743362246647 
57.69789269929588 
97.82574459979024 
144.6157199198878 
677.6259329565361 
731.9995519936298 
58.21784118340313 
754.1397507654467 
484.0166901510097 
530.4571457846291 
59.12503476781531 
52.57187552555381 
41.7425192480895 
526.5059991419162 
778.3994488397007 
742.069881493562 
59.14447782866326 
646.5402133188949 
784.7113185900656 
812.7891675251393 
816.3590216994104 
149.6748394638511 
66.25007913245906 
264.147229402135 
381.8992508827724 
62.73944209963563 
710.6920586841167 
735.195661855642 
58.41725807058953 
56.675633858704 
47.02242141862917 
807.4564440189855 
774.4763324475359 
59.066627319178 
671.5397768191066 
228.7750964997433 
738.3349227194861 
614.1512715513563 
738.4759768955872 
344.1005697704333 
59.48944832962349 
45.91300981912127 
44.1356342699974 
56.93434385293133 
574.2163436598247 
48.71203927973503 
685.4505658232966 
487.6510973175813 
53.72844389405271 
287.6578747840384 
441.2418567993428 
85.21277584307694 
674.1578579412464 
776.9778431343309 
190.0137849261475 
101.3682624190144 
36.4659436810441 
668.8226910525833 
300.8346401443787 
330.5744073009705 
48.68884311105259 
96.56138285610858 
588.6895960100654 
565.6428361853642 
149.1502682948036 
45.49387553676468 
10.7722427115113 
752.5663010805296 
28.93961736502417 
760.3858952832012 
771.3251690310844 
819.1510893035792 
820.4992244817205 
811.0174260002339 
784.5059245115561 
750.7435778522729 
57.4180140057916 
789.67752074132 
773.8910877145665 
302.1896369105788 
59.73802638270862 
56.01796942964334 
56.11557040134052 
576.6447662619171 
620.7013090613766 
58.23922866757454 
</DataArray>
<DataArray type="Float64" Name="Eta_u" NumberOfComponents="1" format="ascii">
1.915107588765513 
3.305421455082789 
4.239108016520477 
4.295146199161391 
3.663295370183102 
2.331592886167819 
4.473746693136152 
4.704292323718088 
4.074920557274513 
3.232584420907576 
2.202295485844386 
4.074085859462985 
3.810311444327246 
3.017209467594872 
2.255508143781065 
1.312680334265478 
2.528594475947841 
2.25979977267317 
1.724532515342649 
1.308856191106575 
2.200340780447247 
4.066920145693589 
3.798186137631831 
3.00158021938792 
2.240252627745812 
2.331027403996955 
4.471282473717344 
4.70097603420631 
4.069493160275078 
3.224356709985044 
1.791647659638386 
3.152076058470909 
4.266305482371205 
4.223395082537468 
3.63529510512616 
2.993794161860628 
2.464177247589161 
1.66930495841148 
1.042805305834413 
1.680417060632734 
2.472956985216054 
2.995939789138119 
2.332771536789343 
1.800077452391191 
1.221030632360786 
0.8345919981921337 
1.2278491040367 
1.808085550686847 
2.304187010073081 
1.782767684164734 
1.326252378018216 
0.9528022579193732 
0.7482431516069801 
0.9578254097870633 
1.33381669390134 
1.703002222695524 
1.370544176594733 
1.003455288055728 
0.7917705868102901 
0.6987366523412347 
0.7965797670690249 
1.009917968455157 
1.2461567875846 
1.074658781388984 
0.7952643406232741 
0.6977281324588139 
0.6647636652036435 
0.7023686233122139 
0.801543454775522 
0.9188746785759476 
0.8461722659117744 
0.6686092615551842 
0.6416972728091501 
0.6370797506730471 
0.6448092488256648 
0.6738436486225226 
0.7145032467264536 
0.6672643656072815 
0.5979292175569985 
0.6058025191779258 
0.6124522751252844 
0.6064986279669431 
0.5975099843436878 
0.6066668041914978 
0.5684078816830651 
0.5535674119662554 
0.5791631294028476 
0.5901720853647637 
0.5788203301715024 
0.5519755038390229 
0.5504194208049952 
0.5147416397907263 
0.522316146547551 
0.5571892317971913 
0.569969049463218 
0.5572215083267779 
0.5238826142732258 
0.5157544046561984 
0.4959587829026385 
0.5029055394106999 
0.5388675535830413 
0.5514997943001996 
0.5390489388826882 
0.5048405314583569 
0.503976998127041 
0.486867452107124 
0.4909792814042013 
0.5237333752045923 
0.5346424997474499 
0.523069592596358 
0.4914160280293753 
0.5061373582749751 
0.4628865067572868 
0.4845383825755515 
0.5108614384246 
0.5193569612436015 
0.5089516013412305 
0.4813201809185368 
0.4758095848128371 
0.4339654127196898 
0.4798566211863868 
0.4989956332364891 
0.5055896561561098 
0.4964972884320752 
0.4724032364924336 
0.4569925402974657 
0.4418785587717502 
0.4720654419374478 
0.4877287329400524 
0.4934268701037117 
0.4857162558237627 
0.464495929269832 
0.4610666938593708 
0.495019659464126 
0.4621228514521903 
0.4776797309709049 
0.4831867905252113 
0.4776188415283921 
0.459604394557657 
0.4375055094524429 
0.5596616738264862 
0.4592429767003022 
0.4721231101310141 
0.4770982124487094 
0.4751172145340515 
0.4626773330743443 
0.4509341160558963 
0.5958198249571526 
0.4750671415498139 
0.4800908714757806 
0.4826406876860035 
0.4870170209057157 
0.484790064943089 
0.5003243252918377 
0.6097955515412549 
0.5238767913947278 
0.5160301625903878 
0.5133738036699316 
0.5256779148987965 
0.5557827385323122 
0.6305436608441471 
0.8530258810980773 
0.6204827477424375 
0.5886767696975145 
0.5821087251506648 
0.5935389356448955 
0.6471832462616528 
0.9445941540977708 
1.098916231906824 
0.6427293428715491 
0.6138419739803184 
0.6052638506491804 
0.6112403645016299 
0.6357279679983061 
1.26900353893262 
0.4896792165770573 
0.5051762945718173 
0.5315304846408233 
0.4505125777474253 
0.4660249183876631 
0.4557279351996883 
0.5299836786217609 
0.7217101481751443 
0.6408383225011922 
0.5410317184819889 
0.7919914845310829 
0.8711008831337778 
0.5264398089368101 
0.7855798358364793 
0.9385154814819147 
0.5034079138331911 
0.7592344184307802 
0.9183356894473139 
0.469214008927387 
0.7215874728037868 
0.8745655770782936 
0.4278745193430647 
0.6761835530929894 
0.8165143046559401 
0.3874356186609909 
0.6241491463778089 
0.7554420541073692 
0.3487173947666631 
0.5693953141614103 
0.6889853860403455 
0.3111265167484463 
0.5156250967690182 
0.6245857411584399 
0.2751833730374407 
0.4626459379226576 
0.5596557008981825 
0.2418558243372274 
0.4121516508903457 
0.5062311443265138 
0.2112375027021633 
0.3652130777220728 
0.4405779868384929 
0.1831080607493606 
0.320527115285237 
0.3917719078710576 
0.1553587436159227 
0.2773341064270031 
0.3444970150849885 
0.1286852251559116 
0.2343911743946884 
0.3036527574025134 
0.1043545586621616 
0.1947083596982216 
0.258906717214668 
0.0831517259292517 
0.1596129332705179 
0.2165020821282942 
0.06468562231134949 
0.127489883522113 
0.1625195936995347 
0.04840181402499585 
0.09781507400984245 
0.1243661361137605 
0.03399829593780403 
0.06983397928065539 
0.09177696795138923 
0.02282459087026522 
0.04571767197003278 
0.0674818978271437 
0.01303568005312544 
0.02661326372118138 
0.04438799148095009 
0.005595565587503269 
0.01041150165728424 
0.03307171861225261 
0.536154020474643 
0.5072043049705599 
0.4910958478629345 
0.4815842143834924 
0.4675814127161926 
0.4520422034432677 
0.7119521819497003 
0.7221490637872562 
0.5299796524509972 
0.8835170595365466 
0.7876755914579721 
0.5416530881479455 
0.9411341901868926 
0.7827884039655343 
0.5258034635673073 
0.9194882724547397 
0.7572799287820834 
0.5021961181457576 
0.8678229107767479 
0.7180407194658142 
0.466767676082663 
0.8016741025772984 
0.6694913936641872 
0.4239524161985906 
0.7284837730425308 
0.6148616851291113 
0.3826654024471564 
0.6645173318929831 
0.5613812691137583 
0.3441215468604441 
0.6140714749935566 
0.5104870275985181 
0.3077725569787972 
0.5560596403274609 
0.4603691483855035 
0.2731933175784505 
0.4888697338176034 
0.4124864701959462 
0.2410559956007605 
0.4369471027785923 
0.3665763923258913 
0.2116053342551306 
0.3911933967250087 
0.3223885426792654 
0.1843158597644228 
0.3664485293862051 
0.2807924007847575 
0.157565494968669 
0.3336192505043148 
0.241244939228999 
0.1312901073119114 
0.2737537277122465 
0.2002729552872752 
0.1074115361573811 
0.2104261363010337 
0.1598934736982727 
0.08417533550724522 
0.1596237404767659 
0.123669032393939 
0.06363898006742326 
0.125749737155415 
0.09628189312215202 
0.04758368283512 
0.09461313098683517 
0.07016893442455491 
0.03386560985189237 
0.06717240074386972 
0.04579978487592349 
0.02271376749438746 
0.04631518819136468 
0.02684649226530395 
0.01310282281330438 
0.02995955325719407 
0.01147738541086308 
0.005940006828659796 
0 
0.193743784713521 
0.3794545394466978 
0.3288703683492583 
0.3000411070910607 
0.2809449022099193 
0.2599096740885669 
0.2275556084485761 
0.1996714244845945 
0.1750385530185753 
0.1527968889428277 
0.1332289346946608 
0.1160831392482816 
0.101050738915061 
0.087436609503676 
0.06931237937898621 
0.05549113780928834 
0.04305527745834797 
0.03214860355950917 
0.02269584123865204 
0.01475374530971424 
0.008989067766555021 
0.005474932731517483 
0.003125491206477229 
0.001126191644930302 
1.853798900970199 
2.708756237639812 
2.37060713441309 
0.7172313507602117 
1.631718171944301 
1.174847880065243 
0.7872918651062394 
0.7675078873168963 
0.9939348286297669 
0.3882618001386433 
0.3825929803931544 
0.5135838563612825 
1.759822342538206 
0.616144002206374 
2.151339962590192 
0.9287465123434051 
1.309684643262534 
1.581359042189221 
3.941743348866246 
3.082074326614368 
4.574205329549556 
3.442836889924912 
0.78429962382879 
0.730816100567753 
1.151514320214874 
2.024449848708482 
1.644212010615143 
0.6097412800869274 
0.6499782927588131 
3.12025947214442 
1.436148923798256 
3.133972328981074 
0.2702677836100943 
0.1632819076297266 
0.252076682751368 
0.422275651615162 
0.6411622348336289 
1.758242079354514 
1.689113892679401 
2.195808660779223 
1.563855505701766 
0.8644398052365583 
0.7508251672548399 
0.9479348669026609 
0.9708673427433548 
0.9204367173463371 
0.8219117702142413 
0.7659903135523393 
0.6649690101858338 
0.6146623830812427 
0.5647163749120168 
0.4639708101089019 
0.4375793975293731 
0.3657503770186415 
0.3039291160215312 
0.2702379957638534 
0.1918887912911657 
0.1889726812464015 
0.2607486692638514 
3.2407526997258 
3.751730011188624 
3.682386398087101 
2.340914577278889 
2.113838940681139 
1.00868094461887 
0.6971842065480035 
2.981794254275958 
3.368942322441798 
1.008188166774216 
0.6524783255849553 
0.5554293831920502 
0.694284628904056 
0.2450124447452617 
0.5236057385097582 
0.4926009152984342 
0.6322923472464778 
0.6740347424004922 
1.057987253099881 
0.7907909795651689 
0.8010829214254476 
0.7632523722904511 
0.7143028842706594 
0.1832968278537617 
0.1736471713706826 
0.2348837643816342 
0.2160144586992709 
0.1424595807262718 
0.6983803010769927 
0.5794864889465379 
3.236470071025673 
2.298481133881387 
2.219756432478244 
3.469284560219765 
3.023758661188399 
2.582216727461885 
0.7043750959477488 
1.54605411117114 
0.5952459478490348 
0.6991702025842097 
2.044274286322635 
0.6178531794299083 
0.9591709218721619 
2.651363043868423 
2.141054096265192 
1.175048830989605 
2.303550297390479 
1.16231575529621 
0.4513465614504791 
0.1291996310116051 
0.245363529235106 
0.2602894452052136 
0.6372487816747326 
0.5273350146496472 
0.7899576265317797 
0.5999168211759377 
0.4604983869844425 
0.4247232259480328 
0.5964713496217359 
0.7267050950331518 
0.6318478857937401 
0.5994436716213163 
0.7035986410093173 
0.6289356489766379 
0.2868746210858206 
0.4444895485189393 
0.3104705378487738 
0.316522183800122 
0.8669502704437233 
0.8024468095244204 
0.6844661889527143 
0.7937984585903255 
1.836421505777011 
2.662569294935829 
0.6374563391557737 
0.6726263003544261 
0.6652367682718807 
1.85442775661779 
0.5876756834188379 
1.908089008297737 
1.83590402411815 
1.144522580358649 
1.143358521420603 
0.5146812486616307 
0.669660469547295 
1.636997819080211 
2.136316350646457 
0.131273338900989 
0.8725041470212038 
0.4210893167486518 
2.31366854844428 
0.4618273379430352 
2.052831131346785 
2.056776477664609 
0.6337208567712375 
0.6961782783931488 
0.5811429824825421 
0.8762071926387647 
0.4490250173778569 
1.09856564425697 
0.6581173665020783 
0.5226167489523362 
0.3703457103828475 
0.4615586755313671 
0.2555486102132433 
1.909433126181895 
0.8664326292648604 
2.113097729674752 
1.929747031620768 
2.087972295035024 
0.7207071676140122 
0.8424891404771598 
1.071164723764012 
0.8613722950647298 
1.608850184888117 
1.602819534767677 
0.8759596984698601 
2.146087061310838 
2.607802226516566 
0.8627848664951476 
0.6369534162318211 
0.4242595513663036 
0.4567705849353534 
0.5451655554872248 
0.6535939573261536 
0.4869428415854795 
2.600882532796143 
1.440522360261706 
0.7272684154988492 
1.101334122588384 
0.8393453555668565 
0.4893037851457486 
0.533290061406442 
2.838162064753917 
2.181494380353889 
1.426618736392328 
2.050273828075022 
2.901429522107292 
0.7764580077776646 
1.140609085357951 
0.7556370831459069 
0.5393301564552074 
0.2366450688522996 
2.413742313881507 
2.998179969265757 
0.3111288430134051 
0.4180462531502255 
3.58722580458486 
1.604346038636281 
2.360278453776224 
0.4433175863745014 
0.8326385619500646 
0.3628887415474727 
1.352157008473498 
0.4126966985876178 
1.917729426454835 
1.797296711692343 
2.221089930954329 
0.9843012506252109 
0.4441897872112223 
0.3539449942612029 
0.3269874515251329 
1.342851607632335 
1.656398029717145 
1.452008870851125 
2.567786139825589 
1.328249989360719 
0.604703237865849 
2.14939248479953 
2.186662101997841 
0.9727050939431094 
1.0729501034003 
1.087661784459792 
4.57894747775619 
1.130883327982984 
1.345752506324213 
1.703224847088648 
0.9984156905383319 
0.574750963120222 
3.057420161699842 
1.671718837600397 
0.4864827447466981 
1.460973009401447 
0.7714273177940945 
0.9534378841787193 
1.560459836770229 
1.403023556234449 
0.8929144285166518 
0.6993533249837998 
0.6507016867867126 
1.175783310251702 
1.205198861636602 
1.668071007445906 
1.63112370565154 
2.351255101526943 
2.882345412635358 
3.197191516570739 
3.08769375159683 
3.298231610001028 
1.09139387159112 
0.5709248069000171 
1.877192494076767 
1.142494544070272 
0.9875210783505233 
0.9980788567026521 
1.603269919211333 
0.9908407216502674 
0.5622439727780715 
0.6289975547043194 
0.4403067106404798 
1.873237760263091 
2.162863766227209 
5.153507535903572 
2.581551410339069 
0.8714481504701768 
0.829425188716756 
0.459924601953147 
2.079705822672969 
0.655897463961343 
1.877902417624928 
2.383767745387798 
2.06076224136787 
1.659402903066683 
7.149570438415155 
4.599514496104465 
1.283896178783831 
0.9752409086673681 
1.918079830924978 
1.544508784028904 
4.256483878271065 
0.3961875101282246 
0.4789912491499339 
0.912256038435472 
1.084587614631697 
0.675146017329082 
0.681886469433108 
0.6654198622470405 
0.5629012448998347 
0.7501954332095923 
1.759851276728338 
1.939509197002543 
0.4320921509905865 
2.66367386616999 
5.259131841313694 
0.7813460662239007 
1.538136459563342 
2.957757480036794 
2.057322402092466 
5.585181799522428 
1.019548955488001 
1.271878033782236 
2.41664312289842 
0.5348006606821182 
2.965250104513927 
0.8588046247182808 
1.31062230999532 
1.018225130315211 
0.9026611507744789 
2.644749478664915 
3.718466434389232 
0.4889823846631382 
2.256639584294843 
2.27369404097358 
3.281570445203203 
0.5587631498190142 
3.318276468379139 
1.118601250878244 
1.866331494021442 
2.077105476605947 
1.743054289598248 
1.291558999465082 
0.7315102326500434 
0.4359135218573985 
3.895548058907169 
4.053547734930126 
2.882648936610197 
6.895094049436192 
2.197122052126514 
0.9890182443013396 
2.813828829254552 
3.33553094140102 
1.116700625165031 
2.719067254964379 
1.265789331750749 
4.880789090004468 
4.049024529611018 
4.783876984516374 
4.201263528946849 
1.431640238600061 
2.968211425051607 
2.571584934095667 
6.33724246138942 
2.424916453279929 
3.356422831487997 
6.056297175502481 
3.266581206369762 
1.979488879453157 
5.341063923316207 
6.661984486523593 
2.20493383214883 
1.734928978049616 
5.422358806031586 
2.446305655206529 
3.902794814944666 
4.543948794863005 
0.7672300184590762 
0.882161554670956 
1.904761712388304 
0.5408491892036923 
0.3039562221154516 
0.7438775949417655 
1.944174056180042 
1.677568943308992 
1.289628837671169 
0.9780897463725977 
3.003724362982295 
1.213324236103643 
2.463132505165891 
2.90584333761801 
3.491605350644135 
1.888874266856858 
0.9348747402942902 
0.4051820841842415 
2.544992696976071 
2.466231378824757 
2.146590025874898 
0.7510635189546427 
3.931669872021599 
0.6703484303772731 
3.614882270070513 
0.1975654436046999 
0.3433364647242882 
0.1513799931517475 
0.1808765887852105 
0.1766430510064028 
0.1665727661561326 
0.1923580858771759 
0.4420190203015975 
0.4919988594429474 
0.4035695594568357 
0.4557830008282311 
0.1915095837340479 
0.584447469471574 
0.6482107761150742 
0.7029240729257322 
0.7714292982214012 
0.943740427212245 
1.047637271866928 
1.043680921805441 
3.071358042100539 
0.9852533812053395 
1.648667838335477 
1.530406659906493 
0.3614337656989347 
0.5748096182271248 
0.2113145980878346 
4.377994900931306 
2.165591004509625 
2.772129523416588 
0.9218736758498259 
1.664700181232299 
3.820753771941987 
2.689299408781359 
0.8292435997732815 
0.5629426814135302 
0.4395550812049131 
0.334290675857799 
1.432746658766343 
2.910403069984136 
0.4403744077565976 
0.569982594573519 
0.4840205246485208 
0.3886264680938343 
4.220937212659655 
5.206827938904021 
3.323143683298468 
2.148484323274977 
1.253555226287558 
1.006325391672112 
0.7413710879901467 
0.700829659565454 
0.5928294401471147 
0.4657533955874686 
0.4595889270661518 
0.5129899933408436 
0.7838591505925052 
1.593107304695876 
0.9012720796464202 
1.987556384662951 
4.253678927879494 
3.077585956396836 
0.7708089953291826 
1.611398640709857 
2.598674989013957 
3.395369354958647 
2.876109290747138 
2.734772672402184 
0.5149638606949783 
0.4681728907168034 
0.5261393072756099 
0.63521833491133 
0.8419429553325193 
0.9000313224486148 
0.9331357359401704 
3.803095478469371 
1.008914835021054 
0.6464937638793494 
0.88528966425907 
0.865448926378374 
0.1571905610779095 
0.452755801113455 
0.3900284529329522 
0.4656382593395131 
0.4102050710035811 
0.1947397429123212 
0.1221982417227685 
0.8409270098922182 
0.6833291378051393 
0.5567424086331293 
0.7444769936501531 
0.4936541077003996 
1.694653458629132 
1.571825257547554 
1.970426581405884 
1.216353007011537 
3.305666748408834 
2.613622533101893 
0.6628865089435131 
1.208187989412575 
0.3423183489612499 
0.4288411236722956 
0.4548829515013191 
0.9359759572782075 
1.400439741327674 
1.967895979255984 
0.7482006829732383 
1.478656665661063 
2.038130505390256 
2.542102656809513 
2.422851622439715 
0.27450163229309 
0.2144413134445488 
0.4961137366505083 
0.4738002413080408 
0.348226360973058 
0.9118921497490055 
0.6475937056472636 
1.000185300061542 
0.8207243500485013 
0.8573783057687174 
0.4964251572727923 
2.255285964861258 
0.4057343260923776 
0.4736358788104369 
0.4550593653198784 
0.1671013774593344 
0.663336425714653 
2.01148028542837 
0.4477052869557285 
0.7707309125035875 
0.7086510456806245 
0.8585773727156157 
1.918203128774369 
0.7063504967266723 
1.632771001493695 
2.576567366253125 
0.7012622535276161 
0.4919326841499445 
2.399035191848089 
2.83254238721357 
0.8776692695529271 
0.6415407390676106 
0.7339337598760141 
0.4613018988287138 
3.007681105984552 
0.1611835062323579 
0.457665961248528 
3.202161922321552 
1.498245958937182 
1.0154566916904 
0.8053112129490704 
3.115787997821424 
2.572948906267779 
0.5566270924530348 
0.3438571179172666 
0.3267129291173716 
0.7495028479854446 
1.12455348174382 
0.8167421667031171 
1.325024528165609 
0.766659975504426 
0.6258013759461307 
0.8863415907979753 
0.4264944792529479 
0.3762859618385676 
0.1590734286897008 
2.312089379437868 
1.096503637733604 
1.677734489638253 
2.511347721913397 
1.426302166260825 
0.9363783266171624 
1.273047536756827 
0.8499269848310428 
1.029186841300585 
0.5416214079695398 
0.7933950819468032 
0.5433449443282835 
1.135483327856515 
0.3838674419778776 
2.661480224631579 
0.4094424542558078 
0.3407470794362261 
0.144029514205385 
1.019305816265385 
0.2207740684532101 
3.678352530787151 
2.592932221985096 
0.4644836768272602 
2.225824506020757 
2.033089865878156 
1.119236564241975 
0.2560173375572886 
0.3707244748615752 
1.163927121383328 
1.333627787624085 
0.639551424142649 
3.138405420007453 
2.841762083787071 
0.8026248415097655 
2.07720019621821 
2.348315510919111 
0.6168156408440126 
0.3233123844607604 
0.3319017513206992 
0.8052455910618038 
1.282729485937915 
0.6539538842781977 
0.6472615005413171 
0.8358592706621911 
1.604625628029447 
0.2614207824577783 
0.6688495951368687 
0.6036918401959548 
1.558984673546745 
0.2964576856804733 
0.2697988579001221 
1.656662488038812 
0.3969870681060719 
0.2188049088708746 
0.9232069873927473 
1.597000581036689 
2.587495410925626 
3.452967278981498 
0.9505992497305137 
0.5299799402289157 
0.9368982482220786 
2.087572781942442 
2.730039835858734 
2.029813663484632 
4.263898961056501 
2.00436968654677 
0.5644181279464318 
0.3093819300047296 
0.4129974289628453 
0.2753037277020849 
1.223753968586937 
0.6910252944134777 
1.621478350873189 
2.629502077469788 
1.249499436035371 
0.49430342146177 
5.86361604337774 
1.405157811376398 
0.9326394422178327 
2.393940487961566 
3.269031711494371 
0.229212699161581 
0.3052684904357594 
1.44435313133771 
1.60990578108527 
0.9608114032307352 
6.262818369407341 
2.558540686187937 
0.7976881930351585 
0.45628935079411 
0.9543370963381926 
0.4901477782155474 
2.949534999229064 
0.7080707549363581 
1.314762860473272 
4.256183396499986 
2.951906870273746 
2.069321490094754 
0.1635222973286735 
4.555883492356133 
3.911665077932699 
1.405358218442177 
1.34002405644336 
1.6371151638349 
0.5987252837668683 
0.4456776121601516 
0.4480361057958731 
0.648898393052422 
0.6528918624992397 
1.475204170274612 
0.5120021199377254 
0.6073089491562884 
0.6926641322936788 
1.145299243280742 
1.591475722963714 
4.276816281925623 
1.755653373775832 
1.014615761183373 
1.090543635545586 
5.192136703892748 
3.320373576277664 
0.1696568817160498 
0.3864970372076534 
2.476891107990726 
6.738356508506627 
1.130550921005899 
3.76526135196848 
0.417316119254971 
2.302010435357094 
2.382950444648751 
5.354775414687793 
3.298682803161516 
0.4078875881695426 
3.112845059354705 
5.645422236399321 
4.82161192732438 
0.3554534182609236 
0.4989390339532682 
0.8988512290318977 
6.199936705863833 
1.922408909125324 
5.85027776688947 
0.2731461334622693 
5.539857715130961 
1.474888519465653 
0.4851594268491681 
0.6577213523910559 
3.498373967408407 
2.259923373728799 
3.513127771969914 
7.540987897221168 
2.28610736759307 
4.800151170176491 
4.369518575589361 
0.3549167431377267 
0.5238033932706836 
1.166772644105486 
1.309828916503811 
5.741688592379439 
0.3847202066539315 
4.348438043585257 
5.485448830490169 
4.214123613786875 
6.05911644932645 
3.135753837289631 
4.961666549080961 
0.3144701566365004 
1.114400579405671 
1.979677169328979 
0.2344132420373451 
8.11086315899848 
1.648662388677188 
4.328418433625441 
6.424730392028004 
0.4873771439485726 
5.490972700310287 
6.671581808414777 
2.665006525378748 
6.757265544241887 
2.288898079273813 
6.188958884669666 
3.228962606046137 
1.877862148385481 
6.415198363136605 
7.384067107585141 
7.847212267900168 
1.717433940355014 
2.980005921113463 
7.075101895839537 
7.438626252269049 
5.356220217042124 
1.474417659002158 
0.1539089519447858 
0.361619988187216 
0.4063263556701964 
0.5705583121798722 
0.3818273173567292 
0.8910531558868282 
0.9790215136079878 
0.4676856633711451 
0.421640596471538 
2.341905795477377 
0.2106402885100244 
2.017997994598413 
1.957875020840132 
1.332948495019761 
0.3202382151471065 
0.3538541972189873 
0.4016953605153319 
3.608804328765451 
2.462915060134791 
0.5038875317045973 
</DataArray>
<DataArray type="Float64" Name="Eta_phi" NumberOfComponents="1" format="ascii">
0.007044627567801312 
0.00487325407690312 
0.00275428137795572 
0.002446377633632751 
0.002471604145252389 
0.007704741932488507 
0.005612595662233804 
0.006224970506356544 
0.006471702510480661 
0.005932846681749858 
0.03266325045934258 
0.02402977497190508 
0.01947477120203222 
0.01437194108696824 
0.01030025390262209 
0.07544353790936703 
0.0543736095462217 
0.03191421168318684 
0.01968097680509071 
0.01260329794604713 
0.03264374103136895 
0.02409015901125493 
0.01955108710590209 
0.01443207341256629 
0.01033800179440553 
0.007696072172035292 
0.005635189866224283 
0.006277449978254918 
0.006531062391811782 
0.005978758566652001 
0.007087789481565181 
0.005013031313458608 
0.003276926945252596 
0.002585806456623951 
0.00251722375553391 
0.002603940558278612 
0.005033563739189936 
0.007459891495245582 
0.008501999423562038 
0.007440517556502824 
0.00500830541599494 
0.00263197147884929 
0.002456658513434754 
0.003870784336267929 
0.005315583768858246 
0.005902190981510759 
0.005307319675603705 
0.003860764459211576 
0.002524265271319412 
0.002139444443380644 
0.00302179512979336 
0.003869906973325979 
0.004198772768089739 
0.003866452590621276 
0.003018019684002255 
0.00205965365200426 
0.001672991973476359 
0.002355364479468068 
0.002864629974350147 
0.003055455067560581 
0.002862271207053274 
0.002352651827708675 
0.001916830566531551 
0.00150801990943486 
0.001843411661316438 
0.002155206102115403 
0.002269033867996645 
0.002152878072428227 
0.001839282770845047 
0.001518652076837546 
0.001161840777544855 
0.001452037788746685 
0.001647021976527107 
0.001716733694423 
0.001644749514801243 
0.001447269529432689 
0.001268582443596404 
0.001026925316849501 
0.001153394200137198 
0.001277796062080799 
0.001321643404481611 
0.001275614780875183 
0.001148164552592044 
0.001099898777963273 
0.0007811296975215181 
0.0009212600710887223 
0.00100484236323546 
0.001033837477676049 
0.001003408616645414 
0.0009185332699699764 
0.0009031144281249897 
0.000640541048845268 
0.0007398286840320263 
0.0008006078355759122 
0.0008212549723507722 
0.0008002882780180814 
0.0007409540403524878 
0.0007063731556400953 
0.0005327003472854388 
0.0006051488939063266 
0.000649286060695304 
0.0006643483179679649 
0.0006490915106908783 
0.0006052048364442139 
0.0005776014095724556 
0.000472714100280489 
0.0005079918841414192 
0.0005399871821451691 
0.0005509237316698311 
0.0005394366734019396 
0.0005065570376712772 
0.0005001392742807805 
0.0004116213629368897 
0.0004406244262018549 
0.0004645789146114932 
0.0004729392011751204 
0.0004640308981275302 
0.0004386303703397234 
0.0004081163999048869 
0.0003680045981104134 
0.000398915190284445 
0.0004185230354429135 
0.0004255930459788266 
0.0004182414378723123 
0.0003968187046351245 
0.0003644323053107359 
0.000351464461689763 
0.0003811747753843658 
0.000400052682670469 
0.0004065330750013777 
0.0004001988159250202 
0.000381452436326711 
0.000358795406019373 
0.0003599550915322779 
0.0003912212582740329 
0.0004093577290789669 
0.0004152183591609236 
0.0004094605610218255 
0.0003930184810827405 
0.0003672862106513481 
0.0004084444703053807 
0.0004324769817647884 
0.0004486820636347682 
0.0004536757418573836 
0.0004475072964921063 
0.0004317901037924456 
0.0004089348689490362 
0.0004843857186600023 
0.0005075253181176759 
0.0005231398075889513 
0.0005277533571103351 
0.0005201446948876129 
0.0005017971884392514 
0.0004773005270198342 
0.0005956812812602984 
0.0006236306132963834 
0.000641090403820989 
0.0006464443220013016 
0.0006383015250227367 
0.0006152226210971509 
0.0005816147840524118 
0.0007624120567572358 
0.0007926009133228935 
0.0008122514591739564 
0.0008184875832452602 
0.0008121641215408526 
0.0007912783163929389 
0.0007491864220870294 
0.0009149920309789435 
0.0009425953335026134 
0.0009600970765539766 
0.0009663477876893014 
0.0009613635860983358 
0.0009456342963580019 
0.00091877058543022 
0.01331693059862221 
0.01098765844968532 
0.008451877189953511 
0.01001427302965693 
0.01022673546886743 
0.008830705581362352 
0.009938264666754218 
0.01004580119407152 
0.008733137131745734 
0.009905008116403815 
0.009982445972465157 
0.008684248023947285 
0.00989598361019248 
0.009955422655951075 
0.008653365712478728 
0.009895025566234462 
0.009948569763039612 
0.008627555559423357 
0.009897546467265773 
0.009949721576574037 
0.008626433263693781 
0.00990058354157106 
0.009952532981680712 
0.008657158687003669 
0.009903044680928518 
0.009954419720808811 
0.008705412814636394 
0.009905172974218942 
0.009955864456512821 
0.008755069599047979 
0.009907698613908963 
0.009959357707379287 
0.008783804596541621 
0.009911404211090885 
0.009966092127335773 
0.008794257731915951 
0.009915770243658084 
0.009978023906720356 
0.00878812839465596 
0.009918346889380788 
0.009985488796977455 
0.008797273535835001 
0.009918093081516491 
0.009979901920783142 
0.008826223968275157 
0.00991830521813628 
0.009975929061036894 
0.00882047833021676 
0.009920639667283421 
0.009986966033309204 
0.008762662246020056 
0.00992181119982659 
0.009991116544435536 
0.008695890297122229 
0.009921008743756598 
0.009982181032169997 
0.008650517852828159 
0.009923321302835748 
0.009985781432039355 
0.008611989490225895 
0.009932716097590782 
0.01001265555724791 
0.008601864922157875 
0.009946330473624648 
0.01005571005240003 
0.008716175505162543 
0.009942035828532196 
0.01007966253701562 
0.00907698782400649 
0.009910182692749675 
0.009954780112457162 
0.009862781696617541 
0.009875586900145483 
0.009836332805505959 
0.01056897021481637 
0.00845609090788027 
0.01099490167729242 
0.01333218209735499 
0.008858882744563449 
0.01022693279460507 
0.01001467738118787 
0.008772212325822426 
0.01004524898819203 
0.009938064070104634 
0.008723036588757374 
0.00998194360737974 
0.009904729944513311 
0.008685525940555451 
0.009954619992992976 
0.009895526458279387 
0.008645883679018529 
0.00994597597842652 
0.009894348083327158 
0.008602401479410769 
0.00994799319126108 
0.009897379808047953 
0.008558472864477466 
0.009955703230544247 
0.009901736221880493 
0.008531770489807026 
0.009960960922802237 
0.009905431595779002 
0.008526192333481562 
0.009963718336559253 
0.009908083224411343 
0.008539023784605004 
0.00996708272203705 
0.009910593109022496 
0.008561676743461035 
0.009972673778651655 
0.009913472062908105 
0.008594530756581105 
0.009979202631416705 
0.009916611243009988 
0.008645212951847997 
0.009985830289835801 
0.009919409754271044 
0.008733999203010854 
0.009989154501890165 
0.009920692676806021 
0.008863675298113272 
0.009983565711508088 
0.00991796222547555 
0.009003379186335855 
0.009959287752112831 
0.009911076551422166 
0.009013604118742174 
0.009940729775759086 
0.009911384288186586 
0.008712753669721924 
0.00999668797140783 
0.009922599682868271 
0.008425609695189283 
0.01002652774385082 
0.009931291627045693 
0.008483416698229232 
0.01000364063298899 
0.009933425716138578 
0.008619715113491116 
0.01003532704362669 
0.00993973280689817 
0.008925371555247953 
0.01006206667021606 
0.009937449145130438 
0.009594974745263041 
0.009960826947095425 
0.009913659449757714 
0.01013576562189033 
0.009875873943422441 
0.009887526002644456 
0.01079999954640001 
0.01079999949240001 
0.01079999954640001 
0.01079999949240001 
0.01080000127439997 
0.01079999760240005 
0.01080000192239997 
0.01079999706240006 
0.01080000570239987 
0.01079999760240006 
0.01079999760240005 
0.01079999760240005 
0.01079999706240007 
0.01080000570239986 
0.01080000570239987 
0.01079998950240023 
0.0108000057023999 
0.01080000516239986 
0.01079998950240023 
0.0108000057023999 
0.01079998950240023 
0.01080000570239987 
0.01080000516239988 
0.01079998950240024 
0.01080000570239987 
0.001822060360242058 
0.001858394031910852 
0.005981745279515398 
0.009371626627443104 
0.002101648286056596 
0.0009143665076605114 
0.0005840172462559853 
0.0005118071448617842 
0.0006374782576379893 
0.0003077964157002101 
0.0003027977462575017 
0.0004181588091479084 
0.001485155074028104 
0.0006807970372297577 
0.001065165766364142 
0.001130963596094865 
0.001386200800291148 
0.001744616309664325 
0.003574743586957535 
0.005353319737331958 
0.002121655011792667 
0.003809242598489119 
0.0006352487568322935 
0.0004859027418397598 
0.0009177695189962941 
0.002078816582053698 
0.003465005840128084 
0.008299138026415158 
0.00684094691338759 
0.003596201561976268 
0.001191240368082072 
0.001788022002985814 
0.02142858806003897 
0.008349302649797948 
0.00619041691358905 
0.007166974357143021 
0.007631126567122845 
0.004283783960259308 
0.003252083177427785 
0.002558037196953029 
0.007088650580480673 
0.007891864765067128 
0.008523234555518731 
0.008620461745734716 
0.008497585294121623 
0.00850171890535305 
0.008712260955779432 
0.009098726795538059 
0.009568832585662367 
0.009543967051219926 
0.009359157137413051 
0.009592405571942094 
0.009749295370893564 
0.009076104237550531 
0.008559995451171074 
0.008542425067225736 
0.007960464956018791 
0.01053687068152942 
0.01535163144424233 
0.001557220157586001 
0.004807363496551966 
0.002201297126420282 
0.004053671694154351 
0.005271982888248839 
0.00640807853347793 
0.008327143896623932 
0.004606386606813974 
0.002820365081076734 
0.008632289676737818 
0.007226278110837547 
0.006525332333086922 
0.008216247429712588 
0.004059795575945016 
0.007765687404268458 
0.009284959897116883 
0.007258171940368185 
0.007531395955297213 
0.005886692652568491 
0.007637896599803051 
0.007501761794992447 
0.007567947082674085 
0.007942691856692993 
0.007107121086429204 
0.005752132794690772 
0.008326497009291139 
0.0112562848354419 
0.006271219956960385 
0.0007543170342438986 
0.0006443335533405086 
0.003141141866751837 
0.00147792124714523 
0.001838667494681699 
0.003836763475131957 
0.001847557359139486 
0.00152604657523815 
0.0004624943944662251 
0.001257569555328735 
0.0005638431991360835 
0.00103731276840905 
0.001623535556545872 
0.0006645806449598333 
0.0009654381039906431 
0.004065585715481667 
0.004402887924629985 
0.004452494836772098 
0.003624864257788279 
0.002898941284471729 
0.009366203683787629 
0.005073032845293388 
0.007615689246557232 
0.007777304864724241 
0.008402604737115817 
0.006094191724035585 
0.007401396143153736 
0.006504072160574642 
0.006610159675508726 
0.007667358148923762 
0.006836544525855887 
0.00538395356587816 
0.006468139636039018 
0.00644471881573436 
0.006071791692141498 
0.006348752837312218 
0.004883474014244602 
0.01446007971348661 
0.007096389760931261 
0.004553094319842908 
0.004772604664023064 
0.0007951547957914483 
0.0005407344024704387 
0.0004935450126049606 
0.001485282356074684 
0.002593095578113204 
0.0007985461402463943 
0.001242652990759872 
0.0007602913085131259 
0.001096766607554007 
0.0003886388664298387 
0.0009450670634708816 
0.001580120590700675 
0.001263923212942957 
0.001601542834498346 
0.0004447452252051552 
0.0004726275916252797 
0.001118818888835038 
0.001942850184660972 
0.00510909478906207 
0.0005943824934422763 
0.001086238016834368 
0.003928562326699345 
0.005623100695612985 
0.001102630152828618 
0.001389211384665926 
0.006658380458140129 
0.007992816235217635 
0.00634270886140229 
0.005441321154684498 
0.004444743434267321 
0.005424997563470084 
0.005457444887740818 
0.006698458530723679 
0.007357271948153611 
0.007643412839460067 
0.006233746360805782 
0.0009031141472861206 
0.004448409089728256 
0.000643810321831567 
0.001121240583807746 
0.001237532193772802 
0.0007690158951967287 
0.001162937991402464 
0.0007344675956753296 
0.0006456043010549232 
0.0008390399141983601 
0.001405594080644505 
0.0006322779944757991 
0.001414676355943592 
0.0007081620969460128 
0.001288212578414654 
0.0002914671712810089 
0.007937271744632192 
0.01107338509046782 
0.004543640793672541 
0.003044241432112879 
0.004825838460020391 
0.001343250420853434 
0.001040796664698363 
0.007862886595289928 
0.008118477501639002 
0.004940523777564373 
0.004977763815885545 
0.005263836582173865 
0.0024681325053607 
0.001845286182315199 
0.001021960171074099 
0.001401652920337591 
0.00406573537643522 
0.004847977673379223 
0.000983579240415363 
0.0007868941044956347 
0.008316339451698396 
0.00667113593996553 
0.0005960841618388636 
0.001654537837581417 
0.007498662797809895 
0.008482881751567046 
0.002731494268585234 
0.00103084053206417 
0.001143315339006582 
0.01829402118668068 
0.0007649219702618776 
0.006516362332103353 
0.00574660535715379 
0.00801265459868555 
0.002540296235405734 
0.001769957281989581 
0.001185079730997408 
0.001091804566456297 
0.004753034545776428 
0.003216450857895494 
0.007323861661598658 
0.004355210392791027 
0.003751020070426508 
0.004408513591054315 
0.002128685404426531 
0.005901902718955514 
0.004538399843926423 
0.002594956246779535 
0.001392514519893498 
0.001056156347015776 
0.004708579633424546 
0.002994078484263142 
0.00213684721127444 
0.001125572068529715 
0.0009086543159744064 
0.0007440734097038344 
0.0008573314520202671 
0.001212008696513323 
0.004731274019885826 
0.0007651211227419655 
0.009836950881813585 
0.001813892926904564 
0.004286587306693369 
0.006593645299590521 
0.003738194042456844 
0.005272524895827011 
0.0009579075952641391 
0.01145877415013737 
0.001014324667469899 
0.006602758134269231 
0.005645905808034452 
0.003090459819990463 
0.003247509545763676 
0.003774121674852893 
0.001630431796421245 
0.002233865057193548 
0.002119104962236986 
0.002238035634465086 
0.0004756908776269218 
0.00148628722682887 
0.001051200521945623 
0.0006801812970968441 
0.001069321042102686 
0.002363540241064598 
0.002867752048779071 
0.007895348982349667 
0.006841569347612716 
0.009591692966250611 
0.004696983232734373 
0.002509424217986877 
0.003304001487786094 
0.002462889746206371 
0.001523732488710452 
0.007660112657785103 
0.004417050563732148 
0.006558163744428316 
0.001561023659744459 
0.005559168495318263 
0.005391489025258192 
0.002758020853188973 
0.00303394471112422 
0.0006242122860639023 
0.004303612535681079 
0.002733562667012599 
0.001055824417662208 
0.0009911032843731439 
0.001103404426829229 
0.0006191115319818483 
0.002076520591713953 
0.003600279532551162 
0.006673066201034148 
0.004021555139797585 
0.005649909953198601 
0.01082301658940719 
0.007283508555105889 
0.003991012938919071 
0.004536622309445769 
0.001234944779306209 
0.004362462300177005 
0.005429285937164461 
0.005806671738215492 
0.002362842681858212 
0.003784099037771877 
0.001237828768609108 
0.0005898777987742193 
0.003479231632161421 
0.00104619421800184 
0.003414715663168485 
0.004252042649794859 
0.001018327747144654 
0.001208684934564065 
0.005541542213946046 
0.001359664606555401 
0.004430560341440438 
0.00323728114219362 
0.003758892025413556 
0.001013486523440082 
0.003017569945009674 
0.003294540421207774 
0.00573767595139961 
0.003766108863528665 
0.003543090958394962 
0.002886679128395084 
0.00307287820236927 
0.002157359889150854 
0.0007678596544903189 
0.0012028732600456 
0.00456060746721624 
0.0006185154728636967 
0.003929364584438311 
0.004313831049572573 
0.004792215095789621 
0.002799922591539095 
0.003645185358298642 
0.003359940823623351 
0.003465518928084166 
0.003510740826989323 
0.0009107599722156533 
0.001490172683023698 
0.001858448600632994 
0.003918979249284664 
0.003187189804680869 
0.004192408148410314 
0.003266004792384245 
0.003663019382071117 
0.002915115120590196 
0.00231597018315172 
0.0008205635559469845 
0.00352314973120263 
0.002911069033622881 
0.003110969638368718 
0.004344698431366338 
0.003029194323038551 
0.004909369769818588 
0.001852460659865004 
0.002377892049519999 
0.002649401366039624 
0.003301804527315514 
0.002423413465353073 
0.003441559128904188 
0.004380009367820686 
0.00297408723342072 
0.003369665133501901 
0.003266752367100251 
0.0004253272414466872 
0.0009062762795024208 
0.003035175462794866 
0.0005162472992469983 
0.008830270397152019 
0.005057002610231922 
0.003177621590233559 
0.003057129397387249 
0.004252653916592184 
0.004061575955418104 
0.004894676910922585 
0.002656577863300064 
0.002845637725925768 
0.004099122525704314 
0.005081655134671717 
0.001127059370024249 
0.001113484789304542 
0.004687527026133736 
0.003036013237512799 
0.003617053386972195 
0.002132403841230398 
0.008910658919879064 
0.004310697422105009 
0.0007563907157588581 
0.002235544537020675 
0.01823477904271548 
0.01543235169075829 
0.009396684267540679 
0.007394434858182671 
0.00753004708959307 
0.006257037984531206 
0.007736679352151724 
0.01238598906424788 
0.01098713498343411 
0.007497803159813411 
0.008946921876134778 
0.003123042928955494 
0.007972076611849904 
0.007828068178612299 
0.007751289212412775 
0.007804012217726536 
0.008368964624508007 
0.008711612331259017 
0.008881088277274407 
0.005750335940722454 
0.00188417614331701 
0.002427228358375415 
0.002519821178698939 
0.009440578166565912 
0.01309008600202476 
0.006787071441765611 
0.005611605037691337 
0.001523318897795708 
0.0005175634166896936 
0.000966379157292906 
0.001894603428976063 
0.00188312031527667 
0.005436019413294846 
0.007245714893115234 
0.00650713687775242 
0.006707906262521717 
0.006762965579930333 
0.002491459260063002 
0.002750017916190696 
0.0002914436955993873 
0.0003249080052978454 
0.0003493375565343174 
0.0002611097739289948 
0.004074617366452418 
0.005081574273368698 
0.001518933457039908 
0.002039827630608866 
0.001597394218286082 
0.001378494389824413 
0.001044298756162487 
0.0009398230481952333 
0.0004550163569482504 
0.0003223007487944682 
0.0003603836503628711 
0.0005289943658432955 
0.0009386124125731967 
0.001863161348099497 
0.008170481048112813 
0.007176069480795734 
0.003568974646317332 
0.002523409899852571 
0.008700681384044937 
0.006322809770603013 
0.004155555661033634 
0.004475184381347355 
0.001206814789810132 
0.002222773316422448 
0.008109961741641393 
0.008422083822721711 
0.00534181622929057 
0.006393293441545668 
0.007976825998139075 
0.007506171380959666 
0.008955711474085009 
0.003479800594518608 
0.007053048415620416 
0.006296140602962246 
0.007856225052370432 
0.007964631919832313 
0.007910366475060283 
0.009179488832002121 
0.005198279056058631 
0.00984984351636649 
0.00698673848194175 
0.01392397110242864 
0.005372927764925214 
0.001221133188531753 
0.0009460547567784445 
0.0002012577012382185 
0.0006940068075912269 
0.0003358306173547171 
0.0008486242853134848 
0.001047477226265213 
0.0007737584566685386 
0.001129276212584992 
0.001735405996084946 
0.001536051184129817 
0.0009182745061617446 
0.0009110620166092751 
0.0001983431136172716 
0.0001994529849842395 
0.0002565667619288734 
0.0005409216547742792 
0.0006484368053185283 
0.004779493997083671 
0.007789925366284547 
0.005438164689162816 
0.001037399746210791 
0.002911909306985309 
0.0009886104663025918 
0.007924935917157802 
0.006821651132812573 
0.006641240273157037 
0.004584836095208812 
0.005145414452612077 
0.007727847470001106 
0.006488707588918656 
0.006380798668156814 
0.006692992333732735 
0.006932910948926998 
0.00431381541433083 
0.00400842242257321 
0.004991404000166194 
0.009827182999444746 
0.005421076289374514 
0.00408803665996878 
0.003868246828806257 
0.00370334431424914 
0.0002507274430320307 
0.0003439898557800911 
0.0009320892282200222 
0.0006653451587674051 
0.001188574548871213 
0.000846739735818857 
0.001144142585709523 
0.0006427608779936408 
0.0004718939529670501 
0.0008786310872410375 
0.002151053785471442 
0.001177125710480993 
0.0008018847458852377 
0.0006748186194219932 
0.0008906462709466188 
0.0002993597231842847 
0.001861594192423223 
0.005840497819254908 
0.009812300450778813 
0.003399863753238605 
0.002070979223974138 
0.005908877530705955 
0.006922419436498235 
0.004376512591529648 
0.001870586683246284 
0.005343641540206833 
0.004079249513884783 
0.006532614875539717 
0.006687605516024996 
0.005247023107124982 
0.00653384343696771 
0.005546880518691905 
0.00564368538849379 
0.005440536632313383 
0.006639103630176901 
0.004899720138425858 
0.00393970230446062 
0.003351629432806154 
0.0004466752916664228 
0.00527121065473325 
0.002003016715658198 
0.001434534682172102 
0.001334095352360631 
0.0006180891209153883 
0.0008964541996199286 
0.001701702932976882 
0.001144502293185642 
0.0004203267922412333 
0.001262106538974199 
0.0004275728564176223 
0.0004603276415674037 
0.0002021755804594291 
0.001636493521780229 
0.008424637009958906 
0.007193914623424803 
0.00898279940513378 
0.005747495038329912 
0.004669453024297858 
0.002261405774616017 
0.001446567451741519 
0.00063704076844627 
0.001474477414005316 
0.005279134398320714 
0.00297440597610188 
0.003493343340289373 
0.003811701349244767 
0.004706619696737346 
0.004693741293851393 
0.005558563797791996 
0.002751333821181971 
0.001551202762486593 
0.0006974553339941465 
0.003223396209659693 
0.004163709202224653 
0.01116109954512217 
0.006021318737170306 
0.005462857983237567 
0.008101344064950207 
0.004086787357879453 
0.00114720904105727 
0.0006010417876390759 
0.001426775410527615 
0.003097368229967507 
0.004453161110446012 
0.01138397569206591 
0.01084260829239458 
0.001252993887138714 
0.00538547197654656 
0.005131067495564614 
0.001600234119830462 
0.002166837061777335 
0.003288638893245329 
0.005500583575317157 
0.002954712558551091 
0.001381826723946826 
0.004999086242388477 
0.007518002547576572 
0.00347566773732465 
0.004628898316472552 
0.006033409883934312 
0.005351688516546085 
0.001400114773888803 
0.002237137250959373 
0.002606613274186138 
0.005180735587842425 
0.01006313384912974 
0.00878000128961906 
0.003622312164877778 
0.002174646077565122 
0.009333426848758366 
0.001869997531812267 
0.002977929044407758 
0.00197805812217828 
0.00431804948091083 
0.004046832988004569 
0.001706840511423768 
0.001093565347533865 
0.001666765939846981 
0.001413860098916863 
0.00522161338723724 
0.004741177387789826 
0.005179360560584067 
0.005296436556991754 
0.006377344963185792 
0.004605126933780223 
0.005352305066569333 
0.00569088201004493 
0.006337701374660861 
0.003937798436119403 
0.004256828630747296 
0.00117601929128919 
0.000380025577078999 
0.001549772900314812 
0.002144041808013065 
0.00180903192615424 
0.0009361033001902372 
0.003038511769795881 
0.004655724596789442 
0.00439520956407667 
0.006042971532713048 
0.001619796212162162 
0.001019006397459505 
0.0009929574140877784 
0.0004555751338047524 
0.00560819974088152 
0.003606470056416622 
0.008613066450398487 
0.007699039120561552 
0.00528132537848146 
0.002680297654194475 
0.002204595962447187 
0.006176246839492636 
0.002709423771055308 
0.002069588790392153 
0.0007890898074469452 
0.001185703364969522 
0.0007584747882438798 
0.004047705420930203 
0.00259181257908855 
0.002923353188534619 
0.005772195818188755 
0.005364162118131563 
0.00444411322799858 
0.008068783456916992 
0.005363318236961518 
0.003325684175085541 
0.005558377249532797 
0.005329091846377157 
0.003287243288505086 
0.002361021128556036 
0.005900758128149756 
0.001892109794386439 
0.004453459603101334 
0.004118002346135482 
0.004582741028975604 
0.002268227075045623 
0.001887930721456579 
0.004153134748876149 
0.00175404249978719 
0.002285740942164928 
0.003815524163665926 
0.003510248143170794 
0.001444089677692383 
0.000972201658189039 
0.0008402316719254048 
0.005294715664925334 
0.003146814354355672 
0.005207538459252026 
0.004930772916196222 
0.006227101445175565 
0.003072909650707655 
0.002746888740013009 
0.002524563301514612 
0.003160887086037214 
0.002440347145788831 
0.001431274466633245 
0.002027775562098523 
0.003555934064033029 
0.003014157551263456 
0.005708358916073358 
0.002483868266559785 
0.003549768481708532 
0.002150446607509567 
0.004870712919514179 
0.003160892501271756 
0.003612400549052467 
0.003303045306109716 
0.003758564519521657 
0.003815233816374871 
0.003913878559644712 
0.0028277894626367 
0.004322382255023764 
0.002781981658315331 
0.005182510180098105 
0.004266388605715533 
0.003528983565374465 
0.003687702457053515 
0.001830942095600813 
0.004818185000658384 
0.004715052419135468 
0.002728231569797252 
0.003823019718887741 
0.005466431816718055 
0.00569756269371173 
0.003157582683392771 
0.003288737766030699 
0.003647181899953324 
0.003792355658347763 
0.005217520044118694 
0.002695048068017547 
0.005496944658194434 
0.0002110107297582551 
0.009185500560564932 
0.0002993885696000737 
0.0002097347577518836 
0.001052177901759992 
0.0007017506508284747 
0.0003961479560059428 
0.000231044620553534 
0.001683323578393137 
0.003952146883144906 
0.001170897023107937 
0.001856893530363625 
0.004496664336765105 
0.004230785240249588 
0.006240826103888466 
0.004402636023942409 
0.00279919486846102 
0.001739867987010124 
0.003295696127046892 
</DataArray>
<DataArray type="Float64" Name="Eta_mix" NumberOfComponents="1" format="ascii">
1.915120545376929 
3.305425047452584 
4.239108911291863 
4.295146895850487 
3.6632962039715 
2.331605616281756 
4.473750213811308 
4.704296442322776 
4.074925696381691 
3.232589865257286 
2.202537694320152 
4.074156725061205 
3.810361212468518 
3.017243696494325 
2.255531662799962 
1.31484652616935 
2.529179019604785 
2.260025117002257 
1.724644814830591 
1.308916869826777 
2.20058291457689 
4.066991493378066 
3.79823645671325 
3.001614915035542 
2.240276480794975 
2.331040108559194 
4.47128602475135 
4.700980225501944 
4.069498401068811 
3.224362253032307 
1.791661679293119 
3.152080044806675 
4.26630674086625 
4.223395874127442 
3.635295976639269 
2.993795294287372 
2.464182388602762 
1.669321626936605 
1.042839963690787 
1.680433533040527 
2.472962056694768 
2.995940945248224 
2.332772830351375 
1.800081614143797 
1.221042202626176 
0.8346128679242375 
1.227860574302256 
1.808089672583959 
2.304188392754526 
1.782768967904876 
1.326255820513063 
0.9528101169048522 
0.748254932238675 
0.9578332136073541 
1.333820108325225 
1.703003468193491 
1.370545197685899 
1.003458052371316 
0.7917757689161756 
0.6987433327987504 
0.7965849094102929 
1.009920708758472 
1.246158261812114 
1.074659839456422 
0.7952664771216778 
0.6977314610491682 
0.6647675376322734 
0.702371922771326 
0.8015455650520378 
0.9188759335362862 
0.8461730635468486 
0.6686108382692496 
0.6416993864825585 
0.6370820637031068 
0.6448113464976284 
0.6738452028307425 
0.7145043728935881 
0.667265155830045 
0.597930329993809 
0.6058038667795852 
0.6124537011459934 
0.6064999694302166 
0.5975110874889552 
0.6066678012596737 
0.5684084184132336 
0.5535681785572004 
0.5791640010980263 
0.5901729908795591 
0.5788211998957009 
0.5519762680964747 
0.5504201617082869 
0.5147420383330674 
0.5223166705081932 
0.5571898069811134 
0.5699696411263795 
0.5572220830183395 
0.5238831382576075 
0.5157548883775166 
0.4959590689844541 
0.5029059034999995 
0.538867944748025 
0.5515001944440727 
0.5390493296817476 
0.5048408942192087 
0.5039773291176219 
0.4868676815931647 
0.4909795442011207 
0.5237336535772272 
0.534642783597759 
0.5230698707542277 
0.4914162891115843 
0.5061376053810507 
0.4628866897741932 
0.4845385829207169 
0.510861649669281 
0.5193571765785815 
0.5089518128786626 
0.4813203807819225 
0.4758097598397497 
0.4339655687544289 
0.479856786999772 
0.4989958087505505 
0.5055898352830031 
0.4964974645920195 
0.4724034031562543 
0.4569926856071506 
0.4418786985468602 
0.4720655958294432 
0.4877288970088382 
0.4934270375744385 
0.4857164206927198 
0.4644960858976165 
0.4610668334640372 
0.4950197903353432 
0.4621230170510619 
0.4776799063747464 
0.4831869689305996 
0.4776190170427412 
0.4596045625972798 
0.4375056636209435 
0.5596618228690873 
0.4592431803357498 
0.4721233233334018 
0.4770984281502431 
0.475117425284925 
0.4626775345567164 
0.4509343014795389 
0.5958200218534926 
0.4750674126503095 
0.4800911565001305 
0.4826409762272826 
0.4870172986685196 
0.4847903246434924 
0.500324552959902 
0.6097958424880346 
0.5238771625841089 
0.5160305608197716 
0.5133742106736516 
0.5256783024257166 
0.5557830790419496 
0.6305439290854332 
0.8530262218099133 
0.62048325397404 
0.588677330066254 
0.5821093005771821 
0.5935394913036838 
0.6471837299895178 
0.9445944511990202 
1.098916612832252 
0.6427300340532222 
0.6138427248134902 
0.605264622070975 
0.6112411205212147 
0.6357286713052022 
1.26900387153188 
0.4898602614910594 
0.5052957720340815 
0.5315976771304993 
0.4506238657383144 
0.4661371157466204 
0.4558134840945757 
0.5300768517017512 
0.7217800607530106 
0.6408978259210308 
0.5411223794941031 
0.7920543925749934 
0.8711441699054118 
0.5265328127714723 
0.7856429143784907 
0.9385553738162623 
0.5035051531422911 
0.7592995957922374 
0.9183762155171509 
0.4693183861727363 
0.7216560661886015 
0.8746081202236472 
0.4279890487588698 
0.6762567932274034 
0.8165601974773846 
0.3875621613382519 
0.6242285217739779 
0.7554922112942228 
0.3488580425681741 
0.5694823465446911 
0.6890410099702688 
0.3112842301110759 
0.5157212708663499 
0.6246475032221196 
0.2753618069553199 
0.4627532678097758 
0.5597247917654633 
0.2420590057514176 
0.4122724151489164 
0.5063074191504729 
0.2114702252159026 
0.3653495615513222 
0.4406658081906554 
0.1833764719961783 
0.3206824442893999 
0.3918713181982915 
0.1556750204635224 
0.2775134694898522 
0.3446099160506567 
0.1290670611148938 
0.2346038408139809 
0.3037791653945139 
0.1048251699309833 
0.1949645294564541 
0.2590527103254 
0.08374148278784586 
0.1599247710812113 
0.2166748324679375 
0.06544235661623035 
0.1278803590520858 
0.1627476104255961 
0.04941046903223671 
0.09832620187345305 
0.1246632579872893 
0.03542334846630195 
0.0705542483967404 
0.09218993199795258 
0.02489590377573813 
0.04681565045174142 
0.068089633882921 
0.01637500154049238 
0.02841414177800416 
0.04547052067557652 
0.01135066389540171 
0.01432315641959918 
0.03471947153067989 
0.5362207000336393 
0.5073234617515359 
0.4912767843768842 
0.4816656883636694 
0.4676932409946244 
0.4521531239048271 
0.7120062226497944 
0.7222189261962368 
0.5300728224777623 
0.8835601201160193 
0.7877388377989542 
0.5417436400877077 
0.9411742677632035 
0.7828516972212 
0.5258965713362878 
0.9195289198749503 
0.7573452402797292 
0.5022935787014022 
0.8678655459114852 
0.7181096276889187 
0.4668725967142155 
0.8017197853370521 
0.6695654129487502 
0.4240680317836169 
0.7285337320220473 
0.6149423652524812 
0.3827935838087451 
0.6645720279562454 
0.5614696830594366 
0.3442641560296493 
0.6141308421891513 
0.5105843202492201 
0.3079320812858569 
0.5561255486936064 
0.4604771514499814 
0.2733731254126165 
0.4889452756718488 
0.4126071649642915 
0.2412598851728543 
0.4370326193015671 
0.366712378052941 
0.2118377024400961 
0.3912908846156888 
0.3225432616851934 
0.1845826543960347 
0.3665557112215043 
0.2809698274241985 
0.1578773295296941 
0.3337407154421434 
0.2414504257940598 
0.1316636689310357 
0.2739020782972634 
0.2005195120879102 
0.1078678526633236 
0.2106064360723348 
0.1602056700048345 
0.08475815649377796 
0.1598459552898652 
0.1240748194915123 
0.06440924108700026 
0.126035569398213 
0.09680018475756899 
0.04860946223330738 
0.09500496852149248 
0.07088291153127128 
0.03529416125810496 
0.06776277502504055 
0.04689206201860548 
0.02479250147325086 
0.04729862786132132 
0.02863480784676243 
0.01643059978706255 
0.03162765524209062 
0.01514144187374052 
0.01153459368931109 
0.01079999954640001 
0.1940445673141998 
0.3796082026206859 
0.3290476548574882 
0.3002354175841958 
0.2811524106707124 
0.2601339630389482 
0.2278117531492822 
0.1999632913283811 
0.1753714201090031 
0.1531780964068253 
0.1336659604689467 
0.1165844550284633 
0.1016262365654248 
0.0881010828802359 
0.07014873989195008 
0.05653234913340591 
0.04438915440198417 
0.03391419295926767 
0.02513446503711525 
0.01828422199372645 
0.01405145766401437 
0.01210846810800217 
0.01124315207287182 
0.01085856485880986 
1.853799796402587 
2.708756875133125 
2.370614681260291 
0.717292574824919 
1.631719525402196 
1.174848235884068 
0.787292081719742 
0.7675080579643443 
0.9939350330589082 
0.388261922142171 
0.38259310021561 
0.5135840265932305 
1.759822969216578 
0.6161443783233717 
2.151340226281207 
0.9287472009479729 
1.309685376855972 
1.581360004552941 
3.941744969822757 
3.082078975757698 
4.574205821593465 
3.44283899724588 
0.7842998810907501 
0.730816262100489 
1.151514685950993 
2.02445091602987 
1.64421566168084 
0.6097977569112782 
0.6500142918523663 
3.120261544513961 
1.436149417846383 
3.133972839040208 
0.2711159516586208 
0.1634952360588544 
0.252152682413846 
0.4223364671307056 
0.641207646140887 
1.758247297855994 
1.689117023325368 
2.195810150788849 
1.563871571351298 
0.864475828700195 
0.7508735428223229 
0.9479740630684339 
0.9709045298902327 
0.9204759800579516 
0.8219579438801413 
0.7660443507299762 
0.665037853858395 
0.6147364740132043 
0.5647939251763356 
0.4640699590339449 
0.437687991498965 
0.3658629715582178 
0.3040496358947885 
0.2703729782735206 
0.1920538393927613 
0.1892662143680519 
0.2612001935505968 
3.240753073857168 
3.751733091198944 
3.682387056044752 
2.3409180870699 
2.113845514919085 
1.008701299447813 
0.6972339343329786 
2.981797812332467 
3.368943502998934 
1.008225121710731 
0.6525183403196282 
0.5554677125406647 
0.6943332432299846 
0.2450460773409123 
0.5236633224708507 
0.4926884129276293 
0.6323340046576463 
0.6740768174977785 
1.058003629895577 
0.7908278642195838 
0.80111804587686 
0.7632898909523481 
0.7143470422919894 
0.1834345612783717 
0.1737424161128392 
0.2350313028567318 
0.2163075364277343 
0.1425975467546821 
0.6983807084438824 
0.5794868471650706 
3.236471595336062 
2.298481609032337 
2.219757193980166 
3.469286681802645 
3.02375922562959 
2.582217178395751 
0.7043752477852024 
1.546054622628311 
0.5952462148975406 
0.6991709720800945 
2.044274931017748 
0.6178535368508301 
0.9591714077451566 
2.651366160940137 
2.141058623334736 
1.175057266655677 
2.303553149429952 
1.162319370427238 
0.4514437332654173 
0.1292991891536229 
0.2454816901551047 
0.2604056100705144 
0.6373041766003885 
0.5273702274951753 
0.7899922989375217 
0.5999520774899542 
0.4605458268470241 
0.4247924281819152 
0.5965105273678153 
0.7267250388579863 
0.6318809916529936 
0.5994783147432927 
0.7036248391611193 
0.6289676917109924 
0.2869161838265332 
0.4447246930943805 
0.3105516279457345 
0.3165549296812223 
0.8669634070580626 
0.8024472034888468 
0.6844664025451846 
0.7937986120213717 
1.836422106418887 
2.66257055765284 
0.6374568393278237 
0.6726274482318857 
0.6652372027357533 
1.854428080948809 
0.5876758119252201 
1.908089242341248 
1.835904704104845 
1.144523278248507 
1.14335964308898 
0.5146814408177263 
0.6696606363309284 
1.636998201412902 
2.136317234098494 
0.1313727230279464 
0.8725043494789851 
0.4210907177709758 
2.3136718837515 
0.4618615694480149 
2.052831427472741 
2.05677694682304 
0.6337558349531754 
0.6962241596050934 
0.5811775942381165 
0.876224088009348 
0.449047015328441 
1.098579039186665 
0.6581399940714237 
0.5226596747714493 
0.3704187827979232 
0.4616219586610934 
0.2556246306121752 
1.909433339757093 
0.8664440486253273 
2.11309782775155 
1.929747357357851 
2.087972661774995 
0.7207075778952646 
0.8424899431131005 
1.071164975565894 
0.8613725370070685 
1.60885040367416 
1.602820151086076 
0.8759599266626702 
2.146087527580127 
2.607802322669093 
0.8627858282011226 
0.6369534829188859 
0.4243337922064248 
0.4569047899940935 
0.5451844894724687 
0.6536010468620432 
0.486966754191889 
2.600882879663321 
1.44052273625641 
0.7273109191864352 
1.101364044834618 
0.8393598958056369 
0.4893291042749896 
0.533316039108567 
2.838163137926761 
2.181495160800659 
1.426619102433524 
2.050274307189239 
2.901432370736892 
0.7764731423105254 
1.14060950944187 
0.7556374928678341 
0.539394270607201 
0.2367390814099758 
2.413742387484294 
2.998180425791929 
0.3112191942965847 
0.4181323104661412 
3.587226844533313 
1.604346369809253 
2.360278730686325 
0.4436948879580338 
0.8326389133062976 
0.3629472437144987 
1.352169219823144 
0.412774475541835 
1.917731108939873 
1.797297583208993 
2.22109024710854 
0.984301856149609 
0.4442152163086541 
0.3539596085977668 
0.3270694611310254 
1.342858670143032 
1.656402276925026 
1.452015563285202 
2.56778702216168 
1.328263101457107 
0.604720268354373 
2.149394051241098 
2.186662545389733 
0.9727056673265057 
1.072960435015606 
1.087665905450855 
4.578947976355026 
1.130883888125721 
1.345752813086626 
1.703225009617164 
0.9984160586300447 
0.5747522410332153 
3.057423822456177 
1.67171901269273 
0.4865821888837817 
1.460974135433982 
0.7714392273340323 
0.9534606835866541 
1.560464314320475 
1.403033463203047 
0.8929149423322358 
0.6994471936257376 
0.6507024773593566 
1.175801849412319 
1.205212086042351 
1.668073870313751 
1.631126938486598 
2.351258130544345 
2.882345873771559 
3.197192296966981 
3.087694478774729 
3.298232369317462 
1.091393975257545 
0.570926741520786 
1.877192788405253 
1.142494746542379 
0.9875216572987509 
0.9980816552363561 
1.603272483968251 
0.9908721775365256 
0.5622855964689181 
0.6290706831493358 
0.4403317625229047 
1.873239441098064 
2.162866289830321 
5.153508124417852 
2.581551860022249 
0.8714818163816281 
0.8294369499928905 
0.4599713567098059 
2.079706408523741 
0.6559210223687608 
1.877910157136241 
2.383769340903237 
2.06076447472001 
1.65940302047065 
7.149571733673334 
4.599515308403698 
1.28389661291746 
0.9752414122790696 
1.918080148299993 
1.544508908113363 
4.256484384785084 
0.3962038682223011 
0.4790377298029221 
0.9122649026284656 
1.084602330485673 
0.6752327616484671 
0.6819253673920785 
0.6654318306612249 
0.5629195257332634 
0.7501964496697754 
1.759856683732991 
1.939516796112691 
0.4321311657174788 
2.663674914163236 
5.259133202698434 
0.7813470467235571 
1.538136572672878 
2.957759526358821 
2.057322668098968 
5.585182843381195 
1.019557822050015 
1.271878441443665 
2.416643425160506 
0.5348293703193001 
2.96525041623936 
0.8588160532398346 
1.310626308085818 
1.018232068476871 
0.9026617197336109 
2.644751200137115 
3.71846789386112 
0.4890160461949817 
2.25664272692475 
2.273696801566186 
3.281571714856699 
0.5587715992926919 
3.318277169677123 
1.11860151442541 
1.866331881654597 
2.077110483360692 
1.74305439933705 
1.291564976687305 
0.7315229522100075 
0.4359398626687457 
3.895549065128294 
4.0535493739109 
2.882650894739465 
6.895094920332267 
2.19712485699875 
0.9890186636482808 
2.813829223844025 
3.335531459134328 
1.11670750182952 
2.719069122916586 
1.265796274548195 
4.880790182736187 
4.049026186517287 
4.783877872697174 
4.201264167292604 
1.431640473758474 
2.968213515970662 
2.571586581779959 
6.337243224981121 
2.424920345453057 
3.356424198421909 
6.056299165324551 
3.266581731629966 
1.979490307692694 
5.341064580425658 
6.661985304741685 
2.204935163919191 
1.734932391537354 
5.422360575047583 
2.446307463073748 
3.902796269625418 
4.543949969135662 
0.7672301363528266 
0.8821620201959348 
1.904764130613162 
0.5408494355858804 
0.3040844597114173 
0.7438947839121774 
1.944176652982575 
1.677571728897158 
1.289635849384789 
0.9780981793043345 
3.003728351005705 
1.213327144393643 
2.463134148936851 
2.905846228826374 
3.491609048542758 
1.888874603105472 
0.934875403403412 
0.4052091981353662 
2.544994507860069 
2.466234031266106 
2.146591085030341 
0.7511163753686358 
3.931672235153206 
0.6703488571155982 
3.614882961332154 
0.1984051704806569 
0.3436831178397909 
0.1516713552449736 
0.1810276720212853 
0.1768034758652163 
0.1666902425136081 
0.1925136083754315 
0.4421925225888422 
0.4921215244513344 
0.4036392032154554 
0.4558708054427756 
0.1915350465557789 
0.5845018379588141 
0.6482580419270676 
0.7029668091616805 
0.7714687710860745 
0.9437775339155076 
1.047673491882939 
1.043718707444512 
3.071363425115805 
0.9852551828314799 
1.648669625061151 
1.530408734353316 
0.3615570376903642 
0.5749586485634888 
0.2114235646842109 
4.377998497337751 
2.165591540275652 
2.772129571731771 
0.9218741823663061 
1.664701259360671 
3.820754236005116 
2.689304902828764 
0.8292752547551763 
0.5629802886313171 
0.4396062618064994 
0.3343590789389446 
1.432748825012732 
2.910404369219442 
0.4403745041966006 
0.5699826871774022 
0.4840206507141588 
0.3886265558108479 
4.220939179344064 
5.206830418570264 
3.323144030433432 
2.148485291607811 
1.253556244059731 
1.006326335822934 
0.7413718234918198 
0.7008302897235479 
0.5928296147671998 
0.4657535071033064 
0.4595890683623709 
0.5129902660897943 
0.7838597125512095 
1.593108394192174 
0.9013091136290261 
1.987569339215025 
4.253680425121999 
3.077586990908388 
0.7708580992225031 
1.611411045390025 
2.598678311597944 
3.395372304161584 
2.876109543936729 
2.734773575716827 
0.515027717022422 
0.4682486381165939 
0.5261664239203088 
0.6352505074445453 
0.8419807419336033 
0.9000626222643638 
0.9331787108890829 
3.803097070463276 
1.008939487688689 
0.646524421906381 
0.8853245223735816 
0.8654855744211446 
0.1573894735671918 
0.4528488472516004 
0.3900630925919765 
0.4657424266459183 
0.4102645668244676 
0.1952368931345155 
0.1223163056705984 
0.8409278965122581 
0.6833297927012386 
0.5567424450096118 
0.7444773171291513 
0.4936542219323981 
1.694653671110076 
1.571825606571217 
1.970426733327841 
1.216353531227978 
3.305667203934753 
2.613622984477906 
0.6628871449706857 
1.208188332916189 
0.342318406422364 
0.4288411700548472 
0.4548830238567436 
0.9359761135836179 
1.400439891448474 
1.967901783304933 
0.7482412344550603 
1.478666665796953 
2.038130769406265 
2.542104324565339 
2.422851824133992 
0.2746160059808274 
0.2145497887111544 
0.4961581862326728 
0.4738224238948359 
0.3482643733809527 
0.9119248940567322 
0.6476262123479324 
1.000205653378764 
0.8207516402109193 
0.8574063356758347 
0.4964438999290308 
2.255289527034277 
0.405765027427856 
0.4737378169644465 
0.4550916545416602 
0.1671513756824639 
0.6633477044608054 
2.011483694546417 
0.4477053571629022 
0.7707309892677429 
0.7086516586691743 
0.8585776305165594 
1.918203497012045 
0.7063510042423645 
1.632771402365003 
2.576567446425983 
0.701262412301225 
0.491933468801988 
2.399036156200649 
2.832542631803886 
0.8776696358748628 
0.6415410939788543 
0.7339343002861514 
0.461301995962754 
3.007681682098256 
0.1612892869850111 
0.4577711364051643 
3.202163727206902 
1.498247390261883 
1.015473883235056 
0.8053409648045714 
3.115791071498618 
2.572949586245152 
0.5566527414444571 
0.3438813135646738 
0.326778232306812 
0.7495326832139013 
1.124565722647474 
0.8167683012831491 
1.325036138421886 
0.7666807479161136 
0.625825024727294 
0.8863664554095544 
0.4265226231874202 
0.3763065855536197 
0.1591087336853391 
2.312089422584733 
1.096516307778773 
1.677735685320454 
2.511348131631567 
1.426302790185426 
0.9363785306127638 
1.273047852389201 
0.849928688383243 
1.029187477669532 
0.5416215710674003 
0.793396085804745 
0.5433451125625894 
1.135483421165471 
0.383867495218864 
2.661480727755888 
0.4095291172258315 
0.3408230105963019 
0.1443093609139479 
1.019322020154406 
0.2208234432593804 
3.678353225929276 
2.592932625496844 
0.4644841136787257 
2.225824994397851 
2.033096719783999 
1.119240516523188 
0.2560411696927191 
0.370744069849494 
1.163936637519693 
1.333636047477139 
0.6395755793918219 
3.138406626007846 
2.841762507156403 
0.802625144542905 
2.077202697247453 
2.348319202173676 
0.6169166110041665 
0.3233684496438036 
0.3319467055825261 
0.8052863426757791 
1.282735996191522 
0.6539548905323105 
0.6472617796025253 
0.8358604883830807 
1.604628617412405 
0.2614587082977208 
0.6689464670788767 
0.6037892016869468 
1.558985177077489 
0.2965065980841446 
0.269847645121936 
1.656663260902524 
0.3969929815831853 
0.2188296216049415 
0.9232233738323903 
1.59700331438536 
2.587495779901151 
3.452970897731423 
0.950628978072161 
0.5299913370153001 
0.9369096830651414 
2.087581500670509 
2.730045081302791 
2.029814146366678 
4.263899547935175 
2.004371381451141 
0.5644419041635603 
0.3095455463680861 
0.4130907463894176 
0.2753275569791072 
1.223755900789794 
0.6910883231367569 
1.621479429176086 
2.629503763731728 
1.249501001746955 
0.4943222815331429 
5.863617439858611 
1.405158848022756 
0.9326400833470323 
2.393941068199124 
3.269032017242443 
0.2292721673106076 
0.3053053062361508 
1.44436241774039 
1.609914493447393 
0.9608325676760722 
6.262820062510187 
2.558546284523413 
0.7977084927752421 
0.4563333629122736 
0.9543452204017874 
0.4901662626901499 
2.949535233676412 
0.7080708569172885 
1.314763773868106 
4.256183936527818 
2.951907424592759 
2.069321701828249 
0.1635505251517777 
4.55588587123236 
3.911667547195868 
1.405371210622985 
1.340025035432804 
1.637115480970175 
0.5987261071526305 
0.4456778450063196 
0.4480712041640975 
0.6489084150573819 
0.6529486725856827 
1.475224260646152 
0.5120293577701169 
0.6073148637410667 
0.6926676406542409 
1.145315896460213 
1.59147802930485 
4.276816782671649 
1.755653551106591 
1.014616454003278 
1.090543899305749 
5.192138281655201 
3.320374587834235 
0.1696820659571265 
0.3865401376504874 
2.476896916522517 
6.738357974007911 
1.130579714241221 
3.765265171778744 
0.4173293705998435 
2.302017145907173 
2.382956403476906 
5.354776423690653 
3.298683648107876 
0.4079302679738944 
3.112845634404069 
5.64542399298178 
4.821613685858713 
0.3554829589005832 
0.4989441897209391 
0.8988532117173316 
6.199938096888221 
1.922409709336049 
5.850278213416256 
0.2731727813125447 
5.539858827239017 
1.474889226432475 
0.4851604009363063 
0.6577218890841189 
3.498377974126696 
2.259925564607458 
3.513131631556537 
7.540989509245964 
2.286115848542178 
4.800152153767676 
4.369519439002215 
0.3549257217776057 
0.5238129303568718 
1.166775196139813 
1.309829698493719 
5.741688950451244 
0.3847366398913827 
4.348439088229858 
5.485451800653022 
4.214124345801594 
6.059117489152578 
3.135754574659384 
4.961668939793678 
0.3144860420692621 
1.114406434303671 
1.97967992485419 
0.2344433723731732 
8.110864056314092 
1.64866703438995 
4.328419357333779 
6.424731846017908 
0.4873850837535089 
5.490975145997714 
6.67158317256427 
2.665008861905775 
6.757266550503097 
2.288898811579994 
6.188960760179231 
3.22896604859258 
1.877864130225197 
6.41519950226572 
7.384069130987168 
7.8472143362918 
1.717436843034338 
2.980007735840193 
7.07510283589207 
7.43862721897715 
5.356222758247289 
1.474420122102751 
0.1540070838932991 
0.3616200497511861 
0.4064301671047205 
0.5705583907288194 
0.3818273749595555 
0.8910537771056319 
0.9790217651110987 
0.4676858311474821 
0.4216406597738067 
2.341906400450026 
0.2106773614049983 
2.017998334291447 
1.95787590140012 
1.33295607968365 
0.3202661611602974 
0.3539092267799088 
0.4017194865369388 
3.60880541437304 
2.462915674678972 
0.5038983094041033 
</DataArray>
</CellData>
</Piece>
</UnstructuredGrid>
</VTKFile>
