<?xml version="1.0"?>
<VTKFile type="UnstructuredGrid" version="0.1" byte_order="LittleEndian">
<UnstructuredGrid>
<Piece NumberOfPoints="1157" NumberOfCells="1117">
<Points>
<DataArray type="Float64" NumberOfComponents="3" format="ascii">
0 -0.0599999987 0
0.0198084321 -0.0599999987 0
0.0396168642 -0.0599999987 0
0.0594252981 -0.0599999987 0
0.0792337283 -0.0599999987 0
0.0990421623 -0.0599999987 0
0 -0.043333333 0
0.0198084321 -0.0432380959 0
0.0396168642 -0.0431428589 0
0.0594252981 -0.0430476181 0
0.0792337283 -0.0429523811 0
0.0990421623 -0.042857144 0
0 -0.0266666673 0
0.0198084321 -0.0264761914 0
0.0396168642 -0.0262857135 0
0.0594252981 -0.0260952376 0
0.0792337283 -0.0259047616 0
0.0990421623 -0.0257142857 0
0 -0.009999999779999999 0
0.0198084321 -0.00971428584 0
0.0396168642 -0.00942857098 0
0.0594252981 -0.009142857040000001 0
0.0792337283 -0.00885714311 0
0.0990421623 -0.008571428250000001 0
0 0.009999999779999999 0
0.0198084321 0.00971428584 0
0.0396168642 0.00942857098 0
0.0594252981 0.009142857040000001 0
0.0792337283 0.00885714311 0
0.0990421623 0.008571428250000001 0
0 0.0266666673 0
0.0198084321 0.0264761914 0
0.0396168642 0.0262857135 0
0.0594252981 0.0260952376 0
0.0792337283 0.0259047616 0
0.0990421623 0.0257142857 0
0 0.043333333 0
0.0198084321 0.0432380959 0
0.0396168642 0.0431428589 0
0.0594252981 0.0430476181 0
0.0792337283 0.0429523811 0
0.0990421623 0.042857144 0
0 0.0599999987 0
0.0198084321 0.0599999987 0
0.0396168642 0.0599999987 0
0.0594252981 0.0599999987 0
0.0792337283 0.0599999987 0
0.0990421623 0.0599999987 0
0.5 0.008571428250000001 0
0.5 0.0257142857 0
0.5 0.042857144 0
0.479952097 0.0599999987 0
0.459904224 0.0599999987 0
0.439856321 0.0599999987 0
0.419808447 0.0599999987 0
0.399760544 0.0599999987 0
0.379712641 0.0599999987 0
0.359664768 0.0599999987 0
0.339616865 0.0599999987 0
0.319568962 0.0599999987 0
0.299521089 0.0599999987 0
0.279473186 0.0599999987 0
0.259425282 0.0599999987 0
0.239377409 0.0599999987 0
0.219329506 0.0599999987 0
0.199281618 0.0599999987 0
0.17923373 0.0599999987 0
0.159185842 0.0599999987 0
0.139137954 0.0599999987 0
0.11909005 0.0599999987 0
0.5 0.0599999987 0
0.439856321 -0.0599999987 0
0.5 -0.008571428250000001 0
0.5 -0.0257142857 0
0.419808418 -0.0599999987 0
0.5 -0.0599999987 0
0.17923373 -0.0599999987 0
0.299521089 -0.0599999987 0
0.5 -0.042857144 0
0.479952097 -0.0599999987 0
0.459904224 -0.0599999987 0
0.319568962 -0.0599999987 0
0.199281618 -0.0599999987 0
0.11909005 -0.0599999987 0
0.139137939 -0.0599999987 0
0.159185842 -0.0599999987 0
0.219329506 -0.0599999987 0
0.239377409 -0.0599999987 0
0.259425282 -0.0599999987 0
0.279473186 -0.0599999987 0
0.339616865 -0.0599999987 0
0.359664768 -0.0599999987 0
0.379712641 -0.0599999987 0
0.399760544 -0.0599999987 0
0.11909005 0.042857144 0
0.11909005 0.0257142857 0
0.11909005 0.008571428250000001 0
0.11909005 -0.008571428250000001 0
0.11909005 -0.0257142857 0
0.11909005 -0.042857144 0
0.139137954 0.042857144 0
0.139137939 0.0257142857 0
0.139137939 0.008571428250000001 0
0.139137939 -0.008571428250000001 0
0.139137939 -0.0257142857 0
0.139137939 -0.042857144 0
0.159185842 0.042857144 0
0.159185842 0.0257142857 0
0.159185842 0.008571428250000001 0
0.159185842 -0.008571428250000001 0
0.159185842 -0.0257142857 0
0.159185842 -0.042857144 0
0.17923373 0.042857144 0
0.17923373 0.0257142857 0
0.17923373 0.008571428250000001 0
0.17923373 -0.008571428250000001 0
0.17923373 -0.0257142857 0
0.17923373 -0.042857144 0
0.199281618 0.042857144 0
0.199281618 0.0257142857 0
0.199281618 0.008571428250000001 0
0.199281618 -0.008571428250000001 0
0.199281618 -0.0257142857 0
0.199281618 -0.042857144 0
0.219329506 0.042857144 0
0.219329506 0.0257142857 0
0.219329506 0.008571428250000001 0
0.219329506 -0.008571428250000001 0
0.219329506 -0.0257142857 0
0.219329506 -0.042857144 0
0.239377409 0.042857144 0
0.239377409 0.0257142857 0
0.239377409 0.008571428250000001 0
0.239377409 -0.008571428250000001 0
0.239377409 -0.0257142857 0
0.239377409 -0.042857144 0
0.259425282 0.042857144 0
0.259425282 0.0257142857 0
0.259425282 0.008571428250000001 0
0.259425282 -0.008571428250000001 0
0.259425282 -0.0257142857 0
0.259425282 -0.042857144 0
0.279473186 0.042857144 0
0.279473186 0.0257142857 0
0.279473186 0.008571428250000001 0
0.279473186 -0.008571428250000001 0
0.279473186 -0.0257142857 0
0.279473186 -0.042857144 0
0.299521089 0.042857144 0
0.299521089 0.0257142857 0
0.299521089 0.008571428250000001 0
0.299521089 -0.008571428250000001 0
0.299521089 -0.0257142857 0
0.299521089 -0.042857144 0
0.319568962 0.042857144 0
0.319568962 0.0257142857 0
0.319568962 0.008571428250000001 0
0.319568962 -0.008571428250000001 0
0.319568962 -0.0257142857 0
0.319568962 -0.042857144 0
0.339616865 0.042857144 0
0.339616865 0.0257142857 0
0.339616865 0.008571428250000001 0
0.339616865 -0.008571428250000001 0
0.339616865 -0.0257142857 0
0.339616865 -0.042857144 0
0.359664768 0.042857144 0
0.359664768 0.0257142857 0
0.359664768 0.008571428250000001 0
0.359664768 -0.008571428250000001 0
0.359664768 -0.0257142857 0
0.359664768 -0.042857144 0
0.379712641 0.042857144 0
0.379712641 0.0257142857 0
0.379712641 0.008571428250000001 0
0.379712641 -0.008571428250000001 0
0.379712641 -0.0257142857 0
0.379712641 -0.042857144 0
0.399760544 0.042857144 0
0.399760544 0.0257142857 0
0.399760544 0.008571428250000001 0
0.399760544 -0.008571428250000001 0
0.399760544 -0.0257142857 0
0.399760544 -0.042857144 0
0.419808418 0.042857144 0
0.419808418 0.0257142857 0
0.419808418 0.008571428250000001 0
0.419808418 -0.008571428250000001 0
0.419808418 -0.0257142857 0
0.419808418 -0.042857144 0
0.439856321 0.042857144 0
0.439856321 0.0257142857 0
0.439856321 0.008571428250000001 0
0.439856321 -0.008571428250000001 0
0.439856321 -0.0257142857 0
0.439856321 -0.042857144 0
0.459904224 0.042857144 0
0.459904224 0.0257142857 0
0.459904224 0.008571428250000001 0
0.459904224 -0.008571428250000001 0
0.459904224 -0.0257142857 0
0.459904224 -0.042857144 0
0.479952097 0.042857144 0
0.479952097 0.0257142857 0
0.479952097 0.008571428250000001 0
0.479952097 -0.008571428250000001 0
0.479952097 -0.0257142857 0
0.479952097 -0.042857144 0
-0.400000006 0.009999999779999999 0
-0.379999995 0.009999999779999999 0
-0.360000014 0.009999999779999999 0
-0.340000004 0.009999999779999999 0
-0.319999993 0.009999999779999999 0
-0.300000012 0.009999999779999999 0
-0.280000001 0.009999999779999999 0
-0.25999999 0.009999999779999999 0
-0.239999995 0.009999999779999999 0
-0.219999999 0.009999999779999999 0
-0.200000003 0.009999999779999999 0
-0.180000007 0.009999999779999999 0
-0.159999996 0.009999999779999999 0
-0.140000001 0.009999999779999999 0
-0.119999997 0.009999999779999999 0
-0.100000001 0.009999999779999999 0
-0.07999999820000001 0.009999999779999999 0
-0.0599999987 0.009999999779999999 0
-0.0399999991 0.009999999779999999 0
-0.0199999996 0.009999999779999999 0
-0.0199999996 -0.009999999779999999 0
-0.0399999991 -0.009999999779999999 0
-0.0599999987 -0.009999999779999999 0
-0.07999999820000001 -0.009999999779999999 0
-0.100000001 -0.009999999779999999 0
-0.119999997 -0.009999999779999999 0
-0.140000001 -0.009999999779999999 0
-0.159999996 -0.009999999779999999 0
-0.180000007 -0.009999999779999999 0
-0.200000003 -0.009999999779999999 0
-0.219999999 -0.009999999779999999 0
-0.239999995 -0.009999999779999999 0
-0.25999999 -0.009999999779999999 0
-0.280000001 -0.009999999779999999 0
-0.300000012 -0.009999999779999999 0
-0.319999993 -0.009999999779999999 0
-0.340000004 -0.009999999779999999 0
-0.360000014 -0.009999999779999999 0
-0.379999995 -0.009999999779999999 0
-0.400000006 -0.009999999779999999 0
-0.419999987 -0.009999999779999999 0
-0.439999998 -0.009999999779999999 0
-0.460000008 -0.009999999779999999 0
-0.479999989 -0.009999999779999999 0
-0.5 -0.0266666673 0
-0.5 -0.043333333 0
-0.479999989 -0.0599999987 0
-0.460000008 -0.0599999987 0
-0.439999998 -0.0599999987 0
-0.419999987 -0.0599999987 0
-0.400000006 -0.0599999987 0
-0.379999995 -0.0599999987 0
-0.360000014 -0.0599999987 0
-0.340000004 -0.0599999987 0
-0.319999993 -0.0599999987 0
-0.300000012 -0.0599999987 0
-0.280000001 -0.0599999987 0
-0.25999999 -0.0599999987 0
-0.239999995 -0.0599999987 0
-0.219999999 -0.0599999987 0
-0.200000003 -0.0599999987 0
-0.180000007 -0.0599999987 0
-0.159999996 -0.0599999987 0
-0.140000001 -0.0599999987 0
-0.119999997 -0.0599999987 0
-0.100000001 -0.0599999987 0
-0.07999999820000001 -0.0599999987 0
-0.0599999987 -0.0599999987 0
-0.0399999991 -0.0599999987 0
-0.0199999996 -0.0599999987 0
-0.100000001 0.0599999987 0
-0.5 0.0599999987 0
-0.5 0.009999999779999999 0
-0.5 -0.009999999779999999 0
-0.140000001 0.0599999987 0
-0.0199999996 0.0599999987 0
-0.400000006 0.0599999987 0
-0.5 -0.0599999987 0
-0.200000003 0.0599999987 0
-0.25999999 0.0599999987 0
-0.340000004 0.0599999987 0
-0.119999997 0.0599999987 0
-0.379999995 0.0599999987 0
-0.360000014 0.0599999987 0
-0.0399999991 0.0599999987 0
-0.280000001 0.0599999987 0
-0.219999999 0.0599999987 0
-0.239999995 0.0599999987 0
-0.0599999987 0.0599999987 0
-0.180000007 0.0599999987 0
-0.300000012 0.0599999987 0
-0.319999993 0.0599999987 0
-0.07999999820000001 0.0599999987 0
-0.159999996 0.0599999987 0
-0.419999987 0.0599999987 0
-0.439999998 0.0599999987 0
-0.460000008 0.0599999987 0
-0.479999989 0.0599999987 0
-0.5 0.043333333 0
-0.5 0.0266666673 0
-0.479999989 0.009999999779999999 0
-0.460000008 0.009999999779999999 0
-0.439999998 0.009999999779999999 0
-0.419999987 0.009999999779999999 0
-0.0199999996 0.0266666673 0
-0.0199999996 0.043333333 0
-0.0399999991 0.0266666673 0
-0.0399999991 0.043333333 0
-0.0599999987 0.0266666673 0
-0.0599999987 0.043333333 0
-0.07999999820000001 0.0266666673 0
-0.07999999820000001 0.043333333 0
-0.100000001 0.0266666673 0
-0.100000001 0.043333333 0
-0.119999997 0.0266666673 0
-0.119999997 0.043333333 0
-0.140000001 0.0266666673 0
-0.140000001 0.043333333 0
-0.159999996 0.0266666673 0
-0.159999996 0.043333333 0
-0.180000007 0.0266666673 0
-0.180000007 0.043333333 0
-0.200000003 0.0266666673 0
-0.200000003 0.043333333 0
-0.219999999 0.0266666673 0
-0.219999999 0.043333333 0
-0.239999995 0.0266666673 0
-0.239999995 0.043333333 0
-0.25999999 0.0266666673 0
-0.25999999 0.043333333 0
-0.280000001 0.0266666673 0
-0.280000001 0.043333333 0
-0.300000012 0.0266666673 0
-0.300000012 0.043333333 0
-0.319999993 0.0266666673 0
-0.319999993 0.043333333 0
-0.340000004 0.0266666673 0
-0.340000004 0.043333333 0
-0.360000014 0.0266666673 0
-0.360000014 0.043333333 0
-0.379999995 0.0266666673 0
-0.379999995 0.043333333 0
-0.400000006 0.0266666673 0
-0.400000006 0.043333333 0
-0.419999987 0.0266666673 0
-0.419999987 0.043333333 0
-0.439999998 0.0266666673 0
-0.439999998 0.043333333 0
-0.460000008 0.0266666673 0
-0.460000008 0.043333333 0
-0.479999989 0.0266666673 0
-0.479999989 0.043333333 0
-0.0199999996 -0.043333333 0
-0.0199999996 -0.0266666673 0
-0.0399999991 -0.043333333 0
-0.0399999991 -0.0266666673 0
-0.0599999987 -0.043333333 0
-0.0599999987 -0.0266666673 0
-0.07999999820000001 -0.043333333 0
-0.07999999820000001 -0.0266666673 0
-0.100000001 -0.043333333 0
-0.100000001 -0.0266666673 0
-0.119999997 -0.043333333 0
-0.119999997 -0.0266666673 0
-0.140000001 -0.043333333 0
-0.140000001 -0.0266666673 0
-0.159999996 -0.043333333 0
-0.159999996 -0.0266666673 0
-0.180000007 -0.043333333 0
-0.180000007 -0.0266666673 0
-0.200000003 -0.043333333 0
-0.200000003 -0.0266666673 0
-0.219999999 -0.043333333 0
-0.219999999 -0.0266666673 0
-0.239999995 -0.043333333 0
-0.239999995 -0.0266666673 0
-0.25999999 -0.043333333 0
-0.25999999 -0.0266666673 0
-0.280000001 -0.043333333 0
-0.280000001 -0.0266666673 0
-0.300000012 -0.043333333 0
-0.300000012 -0.0266666673 0
-0.319999993 -0.043333333 0
-0.319999993 -0.0266666673 0
-0.340000004 -0.043333333 0
-0.340000004 -0.0266666673 0
-0.360000014 -0.043333333 0
-0.360000014 -0.0266666673 0
-0.379999995 -0.043333333 0
-0.379999995 -0.0266666673 0
-0.400000006 -0.043333333 0
-0.400000006 -0.0266666673 0
-0.419999987 -0.043333333 0
-0.419999987 -0.0266666673 0
-0.439999998 -0.043333333 0
-0.439999998 -0.0266666673 0
-0.460000008 -0.043333333 0
-0.460000008 -0.0266666673 0
-0.479999989 -0.043333333 0
-0.479999989 -0.0266666673 0
0.5 0.280000001 0
0.5 0.324000001 0
0.5 0.368000001 0
0.5 0.412 0
0.5 0.456 0
0.423076928 0.5 0
0.346153855 0.5 0
0.269230783 0.5 0
0.192307696 0.5 0
0.115384616 0.5 0
0.0384615399 0.5 0
-0.0384615399 0.5 0
-0.115384616 0.5 0
-0.192307696 0.5 0
-0.269230783 0.5 0
-0.346153855 0.5 0
-0.423076928 0.5 0
-0.5 0.451111108 0
-0.5 0.402222216 0
-0.5 0.353333324 0
-0.5 0.304444432 0
-0.5 0.25555557 0
-0.5 0.206666663 0
-0.5 0.157777771 0
-0.5 0.108888887 0
-0.5 0.5 0
0.5 0.104000002 0
0.5 0.5 0
0.5 0.148000002 0
0.5 0.192000002 0
0.5 0.236000001 0
0.0609144196 0.0817342326 0
0.0213773996 0.0810065791 0
0.00164963992 0.0806389153 0
0.0410537161 0.08140170569999999 0
0.0807928815 0.0816697404 0
-0.11636588 0.08086209 0
-0.155379474 0.08188256620000001 0
-0.195952147 0.0835963339 0
-0.216464236 0.0839877948 0
-0.236886531 0.08373397589999999 0
-0.25717181 0.0831861421 0
-0.0375812575 0.08077736200000001 0
-0.0571756735 0.0809583366 0
-0.07703223820000001 0.08103158320000001 0
-0.018060958 0.0806019977 0
-0.0969315991 0.0810548067 0
-0.135710105 0.0813468769 0
-0.17564556 0.0829808787 0
-0.277441889 0.0833770484 0
-0.297976643 0.0844593644 0
-0.337742865 0.0814660415 0
-0.357280463 0.08131340149999999 0
-0.395812064 0.0801450759 0
-0.431601644 0.0846370831 0
-0.449032396 0.0927124023 0
0.241154492 0.0802461654 0
0.201377258 0.0838236138 0
0.180563569 0.0829863772 0
0.160152987 0.0818641707 0
0.13998118 0.0809370205 0
0.100271612 0.0811994374 0
0.119869255 0.08062074330000001 0
0.373670965 0.07992801820000001 0
0.324530095 0.0833030716 0
0.281531155 0.08239974830000001 0
0.260980189 0.0810246468 0
0.22172907 0.0833596513 0
0.0419940539 0.10293632 0
0.0224408731 0.101743817 0
0.00314544118 0.100968696 0
0.0619302429 0.10367021 0
-0.0159631986 0.101458415 0
0.08237209920000001 0.103876717 0
-0.318290144 0.08418776090000001 0
-0.414466918 0.0801854879 0
-0.376616716 0.08122970910000001 0
-0.235601157 0.107684493 0
-0.214288786 0.108600825 0
-0.255871743 0.10540323 0
-0.0541822873 0.103133552 0
-0.131315932 0.104231022 0
-0.074047327 0.103388585 0
-0.112915099 0.104204893 0
-0.150728151 0.104886316 0
-0.0939841419 0.103821017 0
-0.171428666 0.106402844 0
-0.192837894 0.107991748 0
-0.275017977 0.104476884 0
-0.35379228 0.103946522 0
-0.433073252 0.110083312 0
-0.295674562 0.108139448 0
-0.0348416194 0.102517344 0
0.415305704 0.08237869289999999 0
0.359606773 0.07313796879999999 0
0.302707136 0.083627373 0
0.159252465 0.103709936 0
0.179841861 0.106472507 0
0.139538869 0.1013356 0
0.22791867 0.111114562 0
0.243271112 0.0979152769 0
0.394325763 0.08282602579999999 0
0.201971233 0.109258376 0
0.120320998 0.10044767 0
0.435215741 0.08225522189999999 0
0.259965211 0.10267438 0
0.329683661 0.107562989 0
0.474004507 0.0924669281 0
0.10174416 0.103126459 0
-0.468483716 0.110260278 0
-0.3943865 0.102075562 0
0.442493409 0.110294618 0
0.0621701814 0.126179203 0
0.0225422326 0.122126617 0
0.0418764055 0.12501201 0
0.00457998784 0.120126426 0
0.0835043266 0.12639606 0
-0.0129794497 0.122236557 0
-0.147280753 0.128402263 0
-0.213780656 0.134415403 0
-0.127986699 0.131244153 0
-0.167973459 0.129917011 0
-0.050670296 0.126652241 0
-0.07087001950000001 0.126821682 0
-0.09071145210000001 0.127626732 0
-0.190268174 0.132567599 0
-0.238525629 0.133869201 0
-0.273494035 0.120859079 0
-0.259225488 0.127459198 0
-0.287823677 0.129834697 0
0.106391847 0.128948033 0
-0.030988669 0.12521717 0
0.176051676 0.130309746 0
0.155358881 0.125951976 0
0.136383891 0.121375889 0
0.197837338 0.13508907 0
0.221228063 0.140195116 0
0.24643375 0.148225218 0
0.278431207 0.13069883 0
0.121331833 0.116863862 0
0.304693103 0.108170666 0
0.41313979 0.10605257 0
0.460590839 0.118400961 0
0.3594082 0.102554947 0
-0.32107237 0.11253228 0
-0.419543535 0.104857683 0
0.09811829029999999 0.159849972 0
0.0055290414 0.135468304 0
-0.272256285 0.147958145 0
0.213639542 0.167143762 0
-0.16421552 0.153452978 0
-0.0470549725 0.15146856 0
0.148239896 0.147893965 0
0.190186769 0.161729231 0
-0.0247382168 0.149399027 0
0.121496096 0.157260552 0
0.421064824 0.135523811 0
0.331904501 0.135500565 0
0.281374097 0.10639441 0
-0.403406292 0.127729908 0
-0.310004503 0.140224457 0
0.359246194 0.131814718 0
-0.372643173 0.130347505 0
-0.4354105 0.128464058 0
0.336629719 0.171858773 0
0.449453801 0.147653848 0
0.388494343 0.134514973 0
0.301465511 0.165098608 0
-0.346448064 0.12566866 0
-0.399034619 0.163094714 0
0.0394379087 0.149358913 0
0.27253148 0.157263905 0
-0.213087991 0.160163328 0
-0.247485504 0.166183531 0
-0.29579401 0.164818883 0
-0.0238127075 0.198093072 0
0.111787573 0.184981465 0
-0.100731499 0.16475822 0
-0.129909366 0.165031105 0
0.176729351 0.19246909 0
0.207438558 0.194471538 0
-0.07164825499999999 0.174688131 0
0.137555912 0.174095407 0
0.445077062 0.355614364 0
0.4540672 0.312721372 0
0.471876621 0.18936041 0
0.467166424 0.229818493 0
0.461504996 0.270973593 0
0.424467564 0.448932588 0
0.441845477 0.182664469 0
-0.324829191 0.179232806 0
0.0906601474 0.199683741 0
-0.207740158 0.18316175 0
-0.157712802 0.176730514 0
-0.278921545 0.189274922 0
0.0321525 0.177230626 0
0.245555773 0.214440852 0
-0.433855236 0.164075762 0
-0.366918921 0.159302726 0
0.291913986 0.195489585 0
-0.127964169 0.207778975 0
-0.0366133451 0.228911221 0
-0.100008652 0.206662506 0
0.179677323 0.226686761 0
0.122257464 0.208738238 0
0.146479711 0.202740476 0
0.434536189 0.401015729 0
0.398193419 0.336512506 0
0.424186647 0.257591337 0
0.43396154 0.220088616 0
0.412831038 0.296488136 0
0.369538605 0.193125933 0
-0.443918586 0.348807663 0
-0.435130209 0.398693502 0
-0.427496314 0.449492633 0
-0.452189833 0.300550848 0
-0.4590832 0.253552765 0
-0.357205957 0.190952316 0
0.279544592 0.225700334 0
0.104589514 0.213968039 0
-0.156489298 0.208392248 0
0.0224026144 0.217729628 0
0.212247699 0.248014852 0
-0.427817494 0.204839543 0
-0.234439731 0.195427537 0
0.323903114 0.207895994 0
0.0570687838 0.209155962 0
-0.391568303 0.199478686 0
-0.0962022617 0.246337354 0
-0.0230375547 0.256433278 0
0.184364036 0.258742362 0
0.124597915 0.237763807 0
0.376026452 0.277256101 0
0.38955155 0.242074385 0
0.359942079 0.312979162 0
0.378000379 0.380264699 0
-0.310198665 0.208065987 0
-0.372602284 0.387960404 0
-0.391070276 0.337650061 0
-0.464398772 0.207217991 0
-0.406558216 0.291264862 0
-0.182406142 0.205629736 0
0.475901842 0.151903644 0
0.401581109 0.207892701 0
-0.20234707 0.201936185 0
0.311389863 0.240205288 0
0.0997109637 0.235361338 0
-0.130189374 0.250119895 0
-0.380182773 0.237362921 0
0.0776065663 0.224026397 0
0.0415912047 0.235969722 0
0.356437773 0.225068003 0
0.00237123668 0.23785685 0
0.234924018 0.275154024 0
-0.0526191071 0.272373945 0
0.154033616 0.271343559 0
-0.16381526 0.245097548 0
0.327867359 0.289548635 0
0.343247354 0.258441687 0
-0.217780069 0.218593672 0
0.338168681 0.348227322 0
-0.343999118 0.224389404 0
-0.364733964 0.277306974 0
-0.344146281 0.319903255 0
0.269353002 0.254693568 0
0.0917307809 0.266476959 0
0.0217031389 0.261422962 0
-0.326631218 0.259382397 0
-0.133066654 0.30025813 0
-0.418796331 0.247499421 0
0.0644711778 0.253006309 0
-0.292130858 0.238324136 0
0.196372524 0.288258106 0
0.284591496 0.294490665 0
0.309394062 0.318163514 0
-0.303888261 0.296268225 0
-0.316326559 0.367387414 0
0.259190202 0.283179343 0
-0.212525114 0.264634311 0
-0.240297899 0.24214159 0
0.0789880231 0.303675681 0
0.0470647626 0.284426123 0
0.16370514 0.321180791 0
-0.00354623003 0.285852969 0
0.272422999 0.314563453 0
-0.269069314 0.269261181 0
0.30583939 0.378803372 0
0.221760422 0.304970533 0
-0.273979396 0.334394097 0
-0.0335755982 0.307707399 0
-0.23957935 0.298692495 0
0.0587245151 0.344805092 0
0.117237814 0.317083448 0
0.284336209 0.340413243 0
0.249890372 0.312829316 0
0.343847185 0.433378398 0
0.207801089 0.342838079 0
-0.274291515 0.426623851 0
0.0234502386 0.316493273 0
-0.08737619219999999 0.286369532 0
0.266001195 0.445831895 0
0.12272539 0.273716062 0
0.101134203 0.366993248 0
-0.234703615 0.369619191 0
0.147996157 0.380885184 0
-0.178461179 0.283813536 0
-0.203984484 0.323771179 0
-0.00658131344 0.34660095 0
-0.164417103 0.343546838 0
-0.0673920363 0.326083362 0
0.131059229 0.439091533 0
0.0761057213 0.423675179 0
0.200316936 0.392114729 0
0.029457761 0.387679994 0
-0.041373264 0.371180713 0
0.255755872 0.39359349 0
-0.129968509 0.398406595 0
0.248907045 0.349122852 0
0.195956767 0.446548343 0
-0.354339272 0.442943484 0
-0.193804756 0.443444848 0
-0.00892468356 0.424014986 0
-0.124071665 0.447903305 0
-0.183007032 0.391649544 0
-0.102894232 0.342963189 0
0.454051256 0.0865246058 0
0.477373928 0.124539249 0
-0.468024433 0.160724044 0
-0.0595881864 0.441332847 0
-0.08101215959999999 0.389415085 0
0.430654883 0.100503065 0
0.389429182 0.107357368 0
0.345321238 0.0801729336 0
-0.40980044 0.09662956 0
-0.338144869 0.0994073451 0
0.412171096 0.173297763 0
-0.132147774 0.361322463 0
0.382941902 0.164770678 0
-0.261872202 0.216164798 0
0.298553944 0.269673407 0
0.35991171 0.156175151 0
0.304619789 0.135348052 0
0.253422469 0.12404725 0
-0.374403059 0.104943611 0
-0.337032139 0.151434779 0
-0.109284967 0.131501675 0
-0.19354479 0.23484166 0
-0.06493017819999999 0.238962516 0
-0.0122938436 0.215621114 0
0.00691182632 0.197239071 0
0.0379151069 0.201571897 0
0.150936276 0.234486893 0
0.215393558 0.270183206 0
0.241323069 0.247472897 0
-0.0715796128 0.205469251 0
-0.0449168868 0.201832712 0
-0.015077455 0.176449656 0
0.00735802855 0.160683528 0
0.238734052 0.173370585 0
0.0684622079 0.179729119 0
0.210014313 0.22153379 0
0.169252723 0.153739303 0
0.263142437 0.184926003 0
-0.18295449 0.180039644 0
-0.0454696417 0.176156014 0
0.128362164 0.139589176 0
0.230636895 0.194044158 0
0.0191328265 0.142472118 0
0.0625149161 0.150935873 0
0.0812353119 0.146125689 0
-0.18740344 0.15683043 0
-0.147903278 0.149310306 0
-0.0862699524 0.148439452 0
-0.0688209161 0.151088551 0
-0.00671585044 0.142615706 0
0.161231548 0.173583657 0
0.5 -0.108888887 0
-0.5 -0.104000002 0
0.115384616 -0.5 0
0.346153855 -0.5 0
-0.5 -0.324000001 0
0.5 -0.304444432 0
-0.115384616 -0.5 0
0.0384615399 -0.5 0
0.269230783 -0.5 0
0.192307696 -0.5 0
-0.269230783 -0.5 0
0.5 -0.206666663 0
-0.5 -0.368000001 0
-0.5 -0.412 0
-0.5 -0.456 0
0.5 -0.451111108 0
-0.5 -0.5 0
0.5 -0.5 0
0.5 -0.402222216 0
-0.423076928 -0.5 0
-0.192307696 -0.5 0
-0.5 -0.148000002 0
-0.5 -0.192000002 0
-0.5 -0.236000001 0
-0.5 -0.280000001 0
-0.346153855 -0.5 0
0.5 -0.25555557 0
0.423076928 -0.5 0
-0.0384615399 -0.5 0
0.5 -0.157777771 0
0.5 -0.353333324 0
0.0772511885 -0.08056167509999999 0
0.0374877676 -0.0808010101 0
0.0176463742 -0.0810994208 0
0.0573830791 -0.0807405263 0
0.09732311959999999 -0.0806518868 0
-0.239483774 -0.0795809701 0
-0.219843984 -0.0792642012 0
-0.200446114 -0.07901526239999999 0
-0.181045815 -0.07884178310000001 0
-0.142179415 -0.0802084953 0
-0.102881968 -0.0817045122 0
-0.0223856941 -0.0814301819 0
-0.0627050027 -0.0818454996 0
-0.0425316021 -0.0818034559 0
-0.00224705855 -0.0814203545 0
-0.122754268 -0.081274122 0
-0.08287008849999999 -0.0820686147 0
-0.415999234 -0.07919201250000001 0
-0.381579161 -0.0748587102 0
-0.341950804 -0.08742288500000001 0
-0.319119245 -0.08530327679999999 0
-0.278412133 -0.08144206549999999 0
-0.258917481 -0.08033283049999999 0
-0.161435694 -0.0791214183 0
-0.472487122 -0.10505227 0
0.256461918 -0.08286640050000001 0
0.318938285 -0.08374304320000001 0
0.379224718 -0.0777013451 0
0.415607333 -0.0771136358 0
0.137026802 -0.0809221789 0
0.176194876 -0.0810839683 0
0.195934415 -0.0812368244 0
0.215941653 -0.0814755261 0
0.117289893 -0.08081298319999999 0
0.15661329 -0.081143111 0
0.236094043 -0.082149677 0
0.277177155 -0.0846093968 0
0.298077911 -0.0858106166 0
0.339882791 -0.0815737844 0
0.359948963 -0.0794832781 0
0.397859633 -0.076412484 0
0.432109773 -0.0828129873 0
0.448685735 -0.092795752 0
0.075753212 -0.101484895 0
0.0557561368 -0.102059513 0
0.0359173417 -0.102614924 0
0.0956945047 -0.101622269 0
0.0159939695 -0.10301619 0
0.11527735 -0.102301352 0
-0.397377491 -0.07783801849999999 0
-0.367144257 -0.088626951 0
-0.298090309 -0.0833709612 0
-0.200337872 -0.09863037619999999 0
-0.21885328 -0.09892425689999999 0
-0.18187283 -0.0977715552 0
-0.434422225 -0.0812884495 0
-0.106182195 -0.104892224 0
-0.0242696553 -0.103885174 0
-0.0446307808 -0.104614235 0
-0.08586321030000001 -0.105457388 0
-0.12644203 -0.10389293 0
-0.06511268019999999 -0.105166934 0
-0.145689055 -0.101519272 0
-0.163340643 -0.09789989139999999 0
-0.23776263 -0.099455364 0
-0.338522077 -0.115702689 0
-0.256322116 -0.10120821 0
-0.00407435466 -0.103709199 0
0.418813199 -0.0986522809 0
0.397742271 -0.0922142416 0
0.252526253 -0.1058909 0
0.212309584 -0.103968374 0
0.192341313 -0.104215957 0
0.273252606 -0.109232336 0
0.320911765 -0.107111856 0
0.34232372 -0.102683946 0
0.380523682 -0.09517564620000001 0
0.232309997 -0.104792736 0
0.172806621 -0.104274742 0
0.15369308 -0.103950769 0
0.297904164 -0.116075009 0
0.362232178 -0.09897334870000001 0
0.428666949 -0.112228334 0
0.134589821 -0.103278205 0
0.46945259 -0.110888988 0
-0.411913127 -0.0989815295 0
0.07460499549999999 -0.122705288 0
0.0345189869 -0.125521779 0
0.0545337796 -0.124148242 0
0.0147398924 -0.125232056 0
0.09377242619999999 -0.123138353 0
-0.00542884553 -0.127287924 0
-0.199170411 -0.119690679 0
-0.21721521 -0.119145781 0
-0.181177408 -0.116874449 0
-0.131077215 -0.127389789 0
-0.109915875 -0.129914075 0
-0.0461721793 -0.129090324 0
-0.153852567 -0.125061169 0
-0.0667753816 -0.128979772 0
-0.0885961056 -0.131090179 0
-0.166090339 -0.113361157 0
-0.234963834 -0.118861131 0
-0.251624823 -0.122507848 0
0.112385094 -0.124814384 0
-0.0254358575 -0.127300769 0
0.188759044 -0.129383489 0
0.168846637 -0.129991427 0
0.209063768 -0.128475145 0
0.2286672 -0.12831986 0
0.149858654 -0.129090652 0
0.248147339 -0.129130483 0
0.266228557 -0.132991135 0
0.316227257 -0.145300224 0
0.3464261 -0.123996772 0
0.379398167 -0.140497699 0
0.131228372 -0.127070695 0
-0.31478706 -0.110401563 0
-0.436272234 -0.107960358 0
-0.449050874 -0.118623495 0
-0.367599219 -0.126455709 0
0.437626481 -0.131681964 0
0.409618139 -0.140805781 0
0.09073735030000001 -0.144930616 0
0.0318898484 -0.152542442 0
-0.232055888 -0.134515703 0
-0.196568355 -0.144934669 0
-0.135222897 -0.150460809 0
-0.0468119048 -0.159751192 0
-0.15466474 -0.148551583 0
0.260239989 -0.164158478 0
0.164128304 -0.159461841 0
0.293380171 -0.17444025 0
-0.00580976577 -0.156512246 0
0.126097396 -0.151690036 0
-0.413921267 -0.126558542 0
-0.328458905 -0.140409112 0
-0.274515986 -0.10384129 0
-0.349528015 -0.153568953 0
0.351759881 -0.172270343 0
0.318618536 -0.183061182 0
-0.333783478 -0.167339042 0
-0.441113621 -0.144536555 0
-0.393654108 -0.154271141 0
0.292371094 -0.211694032 0
-0.286774576 -0.130766243 0
0.07354205849999999 -0.143089011 0
-0.257962167 -0.152474642 0
-0.0889976844 -0.161422387 0
0.226948202 -0.154064983 0
0.107703857 -0.148169219 0
0.336992621 -0.211675242 0
-0.00337611185 -0.200795993 0
0.273395419 -0.189953938 0
-0.17049475 -0.148092017 0
-0.129007757 -0.185398072 0
-0.0261532348 -0.181840271 0
0.143847302 -0.157626539 0
-0.448047906 -0.361545205 0
-0.455605984 -0.317959696 0
-0.465123922 -0.189018279 0
-0.462823182 -0.231938973 0
-0.460306674 -0.275001049 0
-0.426925808 -0.452901721 0
-0.424723893 -0.182535723 0
0.0366272852 -0.188651815 0
0.187246516 -0.187728658 0
0.0589350164 -0.166444242 0
-0.103470221 -0.184740975 0
-0.06846610459999999 -0.18379423 0
0.118219182 -0.173072204 0
0.208178952 -0.176860511 0
0.36315757 -0.199747011 0
0.312846452 -0.235824838 0
-0.299318105 -0.15677543 0
-0.198295265 -0.188920036 0
-0.162100241 -0.194625631 0
-0.0246460605 -0.229336455 0
-0.366503626 -0.182237729 0
-0.437883586 -0.40673089 0
-0.402278423 -0.349474549 0
-0.422037065 -0.268937945 0
-0.426025957 -0.228674114 0
-0.415005475 -0.309025466 0
0.440141648 -0.165292025 0
0.380865604 -0.165947661 0
0.454410315 -0.299123228 0
0.445268989 -0.34738335 0
0.435587972 -0.39737919 0
0.427431315 -0.448631287 0
0.461957723 -0.252621621 0
-0.2741943 -0.187123805 0
0.0236531589 -0.21747978 0
0.129730433 -0.192381173 0
-0.122267753 -0.2181191 0
0.286919326 -0.263395518 0
0.352644324 -0.233800679 0
-0.0484154336 -0.206472903 0
-0.238978505 -0.183906317 0
0.382674307 -0.187893778 0
-0.334735453 -0.187197372 0
-0.09211035820000001 -0.204660609 0
-0.199938565 -0.23082687 0
-0.384544611 -0.263622969 0
-0.379169017 -0.298835069 0
-0.363774121 -0.333696634 0
-0.382963866 -0.3914617 0
0.410056442 -0.166615397 0
0.0665235743 -0.19163233 0
0.394013286 -0.33461681 0
0.410622984 -0.288377047 0
0.423467785 -0.245048448 0
0.467720777 -0.206958532 0
0.09609952569999999 -0.198913157 0
-0.470833153 -0.148186505 0
-0.389988542 -0.228198498 0
-0.31124422 -0.183166504 0
0.00482664863 -0.250807226 0
-0.158838674 -0.228567705 0
-0.356113702 -0.222642258 0
-0.10804826 -0.250773847 0
-0.0749890804 -0.230587304 0
0.236951768 -0.25557974 0
-0.238797322 -0.222931072 0
0.200059086 -0.221732855 0
0.0547433943 -0.228673667 0
0.434716195 -0.204581663 0
-0.351000428 -0.291048676 0
-0.342559576 -0.261151582 0
-0.342663676 -0.367414057 0
0.0890857056 -0.235629171 0
0.371275783 -0.274487317 0
0.349839687 -0.316238403 0
-0.265262514 -0.214324355 0
0.125547007 -0.236138836 0
0.384301692 -0.231939763 0
-0.148362547 -0.268382192 0
-0.201895863 -0.284397453 0
0.0395672582 -0.26743412 0
-0.0845435709 -0.286633313 0
0.248264045 -0.20908615 0
0.255116969 -0.290184736 0
0.161755502 -0.2327106 0
-0.283162892 -0.230370551 0
-0.330711573 -0.314092934 0
0.07940530780000001 -0.27783528 0
0.374077588 -0.385226637 0
-0.256944537 -0.263938695 0
0.122180261 -0.280775845 0
-0.0512325764 -0.259115964 0
-0.167743802 -0.330821037 0
-0.123555109 -0.31115067 0
0.203418314 -0.267466187 0
0.0202970076 -0.310064286 0
-0.274711281 -0.308445483 0
-0.320849746 -0.397759885 0
0.338272214 -0.259483725 0
-0.326232761 -0.214808166 0
0.0678861737 -0.32463935 0
0.31976971 -0.3628214 0
-0.0192843862 -0.287305981 0
0.216469511 -0.311700195 0
0.119780473 -0.329584241 0
-0.266494006 -0.385957867 0
0.0543400496 -0.377309233 0
-0.203021392 -0.35156706 0
-0.347021431 -0.440783143 0
0.281908154 -0.327852577 0
0.274117023 -0.422076017 0
0.164584011 -0.276804119 0
0.314772338 -0.292671144 0
-0.14316158 -0.382356316 0
0.238232613 -0.360949397 0
-0.268800765 -0.446109235 0
0.117930107 -0.383022696 0
-0.00502681127 -0.359380454 0
-0.0899545625 -0.35999772 0
0.354485184 -0.440950871 0
-0.202243209 -0.393845558 0
0.180674002 -0.378484547 0
0.116467491 -0.439904302 0
-0.123636782 -0.439212173 0
0.0415827408 -0.435980946 0
-0.0426337756 -0.421091884 0
0.191037983 -0.43673709 0
-0.0501308329 -0.325539827 0
-0.19676277 -0.44627744 0
-0.451890498 -0.0888591111 0
0.470816433 -0.160953358 0
-0.427661389 -0.09695394340000001 0
-0.391985744 -0.096085377 0
0.41114524 -0.0895099714 0
-0.293581456 -0.107031554 0
0.404233605 -0.198149398 0
0.170815691 -0.325417221 0
-0.393289775 -0.197718471 0
-0.390543967 -0.116325445 0
0.407470196 -0.122044012 0
-0.302953094 -0.34384051 0
0.26649943 -0.235712677 0
0.402106464 -0.106607363 0
0.389978588 -0.124477439 0
-0.307111055 -0.134526476 0
-0.268105298 -0.127176061 0
0.283614874 -0.135133982 0
-0.236810908 -0.332041562 0
0.327947587 -0.12534298 0
0.36743632 -0.118909344 0
0.384408504 -0.111650333 0
0.227744669 -0.228958771 0
-0.308642864 -0.288504213 0
-0.310847104 -0.242751881 0
-0.278374851 -0.156388372 0
0.348389834 -0.146922976 0
-0.318303883 -0.161659449 0
0.289174825 -0.154943809 0
0.244689032 -0.15027234 0
0.207649693 -0.154539898 0
0.186118394 -0.157872438 0
0.229213864 -0.186583892 0
-0.242758006 -0.143100053 0
-0.217707261 -0.139593005 0
-0.176148549 -0.134145111 0
0.0545891523 -0.145960584 0
0.0142524652 -0.14502719 0
-0.0255044252 -0.148230761 0
-0.06708924469999999 -0.150351986 0
-0.115150906 -0.15625529 0
0.0140814194 -0.175574467 0
-0.299567908 -0.204695523 0
-0.293376505 -0.266066968 0
0.160018429 -0.193675786 0
-0.180937871 -0.163365349 0
-0.295688331 -0.175879121 0
-0.226377875 -0.15913336 0
0.0429039635 -0.169281721 0
0.101021759 -0.172521606 0
0.0724704266 -0.159666792 0
-0.141519114 -0.169197023 0
-0.160157546 -0.170055762 0
0.0838272274 -0.167311206 0
-0.20788826 -0.164396137 0
</DataArray>
</Points>
<Cells>
<DataArray type="Int32" Name="connectivity" format="ascii">
0 1 7 6 
1 2 8 7 
2 3 9 8 
3 4 10 9 
4 5 11 10 
6 7 13 12 
7 8 14 13 
8 9 15 14 
9 10 16 15 
10 11 17 16 
12 13 19 18 
13 14 20 19 
14 15 21 20 
15 16 22 21 
16 17 23 22 
18 19 25 24 
19 20 26 25 
20 21 27 26 
21 22 28 27 
22 23 29 28 
24 25 31 30 
25 26 32 31 
26 27 33 32 
27 28 34 33 
28 29 35 34 
30 31 37 36 
31 32 38 37 
32 33 39 38 
33 34 40 39 
34 35 41 40 
36 37 43 42 
37 38 44 43 
38 39 45 44 
39 40 46 45 
40 41 47 46 
47 41 94 69 
41 35 95 94 
35 29 96 95 
29 23 97 96 
23 17 98 97 
17 11 99 98 
11 5 83 99 
69 94 100 68 
94 95 101 100 
95 96 102 101 
96 97 103 102 
97 98 104 103 
98 99 105 104 
99 83 84 105 
68 100 106 67 
100 101 107 106 
101 102 108 107 
102 103 109 108 
103 104 110 109 
104 105 111 110 
105 84 85 111 
67 106 112 66 
106 107 113 112 
107 108 114 113 
108 109 115 114 
109 110 116 115 
110 111 117 116 
111 85 76 117 
66 112 118 65 
112 113 119 118 
113 114 120 119 
114 115 121 120 
115 116 122 121 
116 117 123 122 
117 76 82 123 
65 118 124 64 
118 119 125 124 
119 120 126 125 
120 121 127 126 
121 122 128 127 
122 123 129 128 
123 82 86 129 
64 124 130 63 
124 125 131 130 
125 126 132 131 
126 127 133 132 
127 128 134 133 
128 129 135 134 
129 86 87 135 
63 130 136 62 
130 131 137 136 
131 132 138 137 
132 133 139 138 
133 134 140 139 
134 135 141 140 
135 87 88 141 
62 136 142 61 
136 137 143 142 
137 138 144 143 
138 139 145 144 
139 140 146 145 
140 141 147 146 
141 88 89 147 
61 142 148 60 
142 143 149 148 
143 144 150 149 
144 145 151 150 
145 146 152 151 
146 147 153 152 
147 89 77 153 
60 148 154 59 
148 149 155 154 
149 150 156 155 
150 151 157 156 
151 152 158 157 
152 153 159 158 
153 77 81 159 
59 154 160 58 
154 155 161 160 
155 156 162 161 
156 157 163 162 
157 158 164 163 
158 159 165 164 
159 81 90 165 
58 160 166 57 
160 161 167 166 
161 162 168 167 
162 163 169 168 
163 164 170 169 
164 165 171 170 
165 90 91 171 
57 166 172 56 
166 167 173 172 
167 168 174 173 
168 169 175 174 
169 170 176 175 
170 171 177 176 
171 91 92 177 
56 172 178 55 
172 173 179 178 
173 174 180 179 
174 175 181 180 
175 176 182 181 
176 177 183 182 
177 92 93 183 
55 178 184 54 
178 179 185 184 
179 180 186 185 
180 181 187 186 
181 182 188 187 
182 183 189 188 
183 93 74 189 
54 184 190 53 
184 185 191 190 
185 186 192 191 
186 187 193 192 
187 188 194 193 
188 189 195 194 
189 74 71 195 
53 190 196 52 
190 191 197 196 
191 192 198 197 
192 193 199 198 
193 194 200 199 
194 195 201 200 
195 71 80 201 
52 196 202 51 
196 197 203 202 
197 198 204 203 
198 199 205 204 
199 200 206 205 
200 201 207 206 
201 80 79 207 
51 202 50 70 
202 203 49 50 
203 204 48 49 
204 205 72 48 
205 206 73 72 
206 207 78 73 
207 79 75 78 
24 30 312 227 
30 36 313 312 
36 42 283 313 
227 312 314 226 
312 313 315 314 
313 283 292 315 
226 314 316 225 
314 315 317 316 
315 292 296 317 
225 316 318 224 
316 317 319 318 
317 296 300 319 
224 318 320 223 
318 319 321 320 
319 300 278 321 
223 320 322 222 
320 321 323 322 
321 278 289 323 
222 322 324 221 
322 323 325 324 
323 289 282 325 
221 324 326 220 
324 325 327 326 
325 282 301 327 
220 326 328 219 
326 327 329 328 
327 301 297 329 
219 328 330 218 
328 329 331 330 
329 297 286 331 
218 330 332 217 
330 331 333 332 
331 286 294 333 
217 332 334 216 
332 333 335 334 
333 294 295 335 
216 334 336 215 
334 335 337 336 
335 295 287 337 
215 336 338 214 
336 337 339 338 
337 287 293 339 
214 338 340 213 
338 339 341 340 
339 293 298 341 
213 340 342 212 
340 341 343 342 
341 298 299 343 
212 342 344 211 
342 343 345 344 
343 299 288 345 
211 344 346 210 
344 345 347 346 
345 288 291 347 
210 346 348 209 
346 347 349 348 
347 291 290 349 
209 348 350 208 
348 349 351 350 
349 290 284 351 
208 350 352 311 
350 351 353 352 
351 284 302 353 
311 352 354 310 
352 353 355 354 
353 302 303 355 
310 354 356 309 
354 355 357 356 
355 303 304 357 
309 356 358 308 
356 357 359 358 
357 304 305 359 
308 358 307 280 
358 359 306 307 
359 305 279 306 
0 6 360 277 
6 12 361 360 
12 18 228 361 
277 360 362 276 
360 361 363 362 
361 228 229 363 
276 362 364 275 
362 363 365 364 
363 229 230 365 
275 364 366 274 
364 365 367 366 
365 230 231 367 
274 366 368 273 
366 367 369 368 
367 231 232 369 
273 368 370 272 
368 369 371 370 
369 232 233 371 
272 370 372 271 
370 371 373 372 
371 233 234 373 
271 372 374 270 
372 373 375 374 
373 234 235 375 
270 374 376 269 
374 375 377 376 
375 235 236 377 
269 376 378 268 
376 377 379 378 
377 236 237 379 
268 378 380 267 
378 379 381 380 
379 237 238 381 
267 380 382 266 
380 381 383 382 
381 238 239 383 
266 382 384 265 
382 383 385 384 
383 239 240 385 
265 384 386 264 
384 385 387 386 
385 240 241 387 
264 386 388 263 
386 387 389 388 
387 241 242 389 
263 388 390 262 
388 389 391 390 
389 242 243 391 
262 390 392 261 
390 391 393 392 
391 243 244 393 
261 392 394 260 
392 393 395 394 
393 244 245 395 
260 394 396 259 
394 395 397 396 
395 245 246 397 
259 396 398 258 
396 397 399 398 
397 246 247 399 
258 398 400 257 
398 399 401 400 
399 247 248 401 
257 400 402 256 
400 401 403 402 
401 248 249 403 
256 402 404 255 
402 403 405 404 
403 249 250 405 
255 404 406 254 
404 405 407 406 
405 250 251 407 
254 406 253 285 
406 407 252 253 
407 251 281 252 
24 227 228 18 
227 226 229 228 
226 225 230 229 
225 224 231 230 
224 223 232 231 
223 222 233 232 
222 221 234 233 
221 220 235 234 
220 219 236 235 
219 218 237 236 
218 217 238 237 
217 216 239 238 
216 215 240 239 
215 214 241 240 
214 213 242 241 
213 212 243 242 
212 211 244 243 
211 210 245 244 
210 209 246 245 
209 208 247 246 
208 311 248 247 
311 310 249 248 
310 309 250 249 
309 308 251 250 
308 280 281 251 
467 67 66 466 
68 468 470 69 
440 43 44 442 
297 456 446 286 
70 434 515 51 
733 515 550 519 
53 512 501 54 
54 501 509 55 
574 739 549 564 
502 57 56 471 
740 58 57 502 
58 740 472 59 
475 507 510 465 
473 61 60 503 
506 504 541 542 
63 464 475 64 
465 65 64 475 
65 465 466 66 
46 443 439 45 
435 413 596 412 
703 596 413 414 
410 411 614 591 
569 565 514 551 
514 565 749 548 
519 550 573 564 
424 433 425 622 
645 621 620 646 
485 448 447 486 
500 450 453 480 
479 481 524 520 
770 607 626 604 
643 615 591 614 
305 517 432 279 
302 483 462 303 
497 460 459 742 
449 487 496 457 
485 486 527 534 
620 427 428 623 
427 620 621 426 
426 621 622 425 
43 440 441 42 
42 441 453 283 
292 450 451 296 
296 451 452 300 
444 289 278 454 
289 444 455 282 
282 455 445 301 
301 445 456 297 
286 446 447 294 
294 447 448 295 
449 287 295 448 
293 457 458 298 
298 458 482 299 
459 288 299 482 
460 291 288 459 
484 290 291 460 
284 461 483 302 
303 462 463 304 
463 517 305 304 
469 47 69 470 
45 439 442 44 
443 46 47 469 
522 476 479 520 
477 440 442 476 
480 453 441 478 
450 292 283 453 
476 442 439 479 
481 443 469 516 
454 278 300 452 
527 486 495 533 
581 580 600 632 
495 446 456 494 
556 537 535 536 
448 485 487 449 
287 449 457 293 
450 500 488 451 
451 488 490 452 
440 477 478 441 
452 490 493 454 
491 444 454 493 
455 489 492 445 
445 492 494 456 
553 567 571 498 
741 483 461 518 
290 484 461 284 
498 571 517 463 
498 463 462 553 
464 63 62 474 
474 62 61 473 
516 538 524 481 
506 468 467 504 
67 467 468 68 
443 481 479 439 
516 469 470 511 
468 506 511 470 
471 56 55 509 
769 561 587 783 
59 472 503 60 
750 513 566 546 
466 505 504 467 
508 464 474 513 
507 475 464 508 
578 522 520 776 
522 521 477 476 
477 521 523 478 
599 767 554 584 
555 523 521 775 
552 482 458 499 
741 553 462 483 
518 461 484 751 
484 460 497 751 
486 447 446 495 
580 527 533 778 
489 455 444 491 
526 492 489 528 
485 534 536 487 
457 496 499 458 
494 529 533 495 
500 480 525 539 
493 532 753 491 
492 526 529 494 
500 539 530 488 
531 490 488 530 
537 499 496 535 
571 605 735 517 
482 552 742 459 
535 496 487 536 
523 525 480 478 
512 53 52 733 
512 733 519 738 
549 739 509 501 
505 466 465 510 
538 554 777 524 
513 474 473 566 
750 507 508 513 
503 548 566 473 
557 561 543 544 
472 514 548 503 
540 505 510 543 
510 507 544 543 
51 515 733 52 
544 507 750 545 
740 502 471 551 
565 569 748 572 
734 550 515 434 
511 547 538 516 
553 741 518 567 
549 738 519 564 
748 745 619 572 
775 521 522 578 
778 533 529 558 
541 504 505 540 
773 538 547 542 
528 489 491 753 
580 581 534 527 
493 490 531 532 
559 530 539 562 
779 558 529 526 
772 559 562 764 
530 559 781 531 
536 534 581 556 
582 598 752 568 
752 598 625 606 
582 568 537 556 
540 543 561 769 
782 562 539 525 
541 540 769 560 
511 506 542 547 
541 560 773 542 
566 548 749 546 
546 579 545 750 
672 626 653 747 
551 739 574 569 
672 761 604 626 
773 560 590 563 
739 551 471 509 
434 436 650 734 
595 594 438 408 
575 572 633 607 
740 551 514 472 
499 537 568 552 
571 567 577 605 
531 781 780 532 
523 555 782 525 
675 679 693 683 
588 587 561 557 
557 544 545 766 
528 753 585 586 
585 610 608 586 
589 585 780 781 
558 779 586 601 
528 586 779 526 
613 587 611 759 
773 563 554 538 
766 774 588 557 
590 560 769 783 
603 765 775 578 
559 772 589 781 
573 597 743 564 
546 749 575 579 
606 625 635 577 
742 552 576 497 
594 593 437 438 
408 409 592 595 
570 751 497 576 
576 552 568 752 
591 592 409 410 
573 650 593 597 
436 437 593 650 
432 517 735 431 
565 572 575 749 
582 602 644 598 
429 624 623 428 
752 606 570 576 
584 554 563 590 
657 599 627 654 
768 604 761 630 
579 770 766 545 
601 771 778 558 
771 649 652 600 
556 581 602 582 
623 648 646 620 
755 609 637 662 
764 562 782 765 
639 612 613 759 
636 655 608 610 
771 601 628 649 
590 613 612 584 
592 591 615 618 
640 642 665 666 
763 762 589 772 
763 583 756 609 
596 703 643 614 
640 641 616 618 
650 573 550 734 
594 595 616 617 
597 617 651 743 
659 619 651 641 
411 412 596 614 
593 594 617 597 
570 606 577 567 
584 612 627 599 
698 696 683 693 
608 628 601 586 
727 645 684 705 
610 762 755 636 
579 575 607 770 
431 735 647 430 
745 743 651 619 
585 589 762 610 
655 664 628 608 
756 757 629 660 
756 660 637 609 
728 705 711 731 
611 587 588 768 
709 673 654 639 
759 611 638 663 
639 759 663 709 
692 702 685 681 
633 572 619 659 
618 616 595 592 
685 672 747 681 
607 633 653 626 
424 622 727 423 
622 621 645 727 
624 429 430 647 
656 635 625 669 
631 605 577 635 
746 632 667 687 
629 758 634 658 
660 674 691 637 
723 708 726 720 
611 768 630 638 
624 647 631 677 
649 628 664 754 
602 581 632 746 
654 627 612 639 
670 648 677 656 
664 655 676 713 
658 634 657 678 
658 674 660 629 
760 630 761 661 
719 718 417 418 
712 690 704 720 
618 615 642 640 
617 616 641 651 
615 643 668 642 
680 760 661 695 
708 703 414 415 
652 667 632 600 
625 598 644 669 
671 683 696 684 
648 623 624 677 
605 631 647 735 
635 656 677 631 
667 754 686 687 
670 675 683 671 
653 633 659 666 
662 707 636 755 
655 636 707 676 
644 602 746 679 
673 678 657 654 
719 721 699 710 
641 640 666 659 
672 685 661 761 
717 697 715 722 
760 680 638 630 
712 710 700 690 
754 664 713 686 
642 668 682 665 
695 702 725 704 
656 669 675 670 
694 668 643 703 
671 646 648 670 
423 727 705 422 
645 646 671 684 
747 653 666 665 
674 658 678 689 
689 688 699 706 
679 675 669 644 
662 697 717 707 
714 716 731 711 
678 673 688 689 
754 667 652 649 
663 638 680 690 
692 681 682 701 
668 694 701 682 
716 714 713 676 
695 661 685 702 
711 705 684 696 
698 693 687 686 
679 746 687 693 
673 709 700 688 
699 721 715 706 
706 691 674 689 
718 719 710 712 
662 637 691 697 
665 682 681 747 
701 694 723 725 
690 680 695 704 
711 696 698 714 
717 722 737 732 
713 714 698 686 
688 700 710 699 
721 729 722 715 
663 690 700 709 
708 723 694 703 
702 692 701 725 
697 691 706 715 
724 730 728 731 
718 712 720 726 
732 676 707 717 
737 736 730 724 
719 418 729 721 
723 720 704 725 
737 724 744 732 
726 708 415 416 
416 417 718 726 
716 744 724 731 
728 421 422 705 
729 418 419 736 
730 420 421 728 
736 419 420 730 
722 729 736 737 
738 549 501 512 
564 743 745 574 
744 716 676 732 
569 574 745 748 
567 518 751 570 
585 753 532 780 
757 756 583 764 
757 603 758 629 
609 755 762 763 
772 764 583 763 
757 764 765 603 
555 775 765 782 
599 657 634 767 
758 603 767 634 
767 603 578 776 
768 588 774 604 
774 766 770 604 
771 600 580 778 
777 776 520 524 
767 776 777 554 
613 590 783 587 
828 276 275 827 
2 816 818 3 
89 851 852 77 
815 858 861 819 
285 785 839 254 
1029 839 785 805 
870 256 255 1102 
1105 865 833 864 
864 258 257 832 
259 258 864 833 
865 260 259 833 
834 261 260 865 
261 834 835 262 
866 1107 952 836 
836 264 263 866 
940 1135 1149 1136 
266 820 821 267 
267 821 822 268 
823 269 268 822 
838 270 269 823 
271 824 830 272 
825 273 272 830 
273 825 831 274 
1 817 816 2 
800 803 978 798 
1081 978 803 809 
796 797 994 973 
953 951 880 935 
865 935 880 834 
832 900 1105 864 
811 801 799 1004 
1001 1025 1024 1002 
1005 810 795 1027 
892 850 847 886 
845 76 85 849 
4 815 819 5 
860 816 817 862 
875 830 824 877 
867 822 821 868 
879 820 837 881 
962 1127 1006 1013 
1021 995 973 994 
79 899 784 75 
856 843 1106 883 
937 1112 1116 930 
90 853 854 91 
1123 1122 930 1116 
1002 1003 802 814 
802 1003 1004 799 
5 819 848 83 
84 844 849 85 
76 845 846 82 
82 846 847 86 
840 88 87 850 
88 840 851 89 
81 841 853 90 
92 842 855 93 
93 855 843 74 
74 843 856 71 
71 856 857 80 
857 899 79 80 
829 0 277 826 
817 1 0 829 
815 4 3 818 
861 858 901 905 
826 277 276 828 
862 817 829 882 
859 860 902 903 
859 818 816 860 
898 844 848 863 
844 84 83 848 
820 266 265 837 
837 265 264 836 
869 867 907 909 
822 867 869 823 
270 838 824 271 
828 873 872 826 
827 275 274 831 
818 859 858 815 
882 829 826 872 
878 838 823 869 
825 871 874 831 
876 827 831 874 
832 257 256 870 
935 865 1105 1111 
917 908 868 879 
262 835 866 263 
881 837 836 952 
254 839 1102 255 
1104 870 1102 933 
850 87 86 847 
888 851 840 885 
841 889 890 853 
841 81 77 852 
842 92 91 854 
936 899 857 897 
887 846 845 893 
893 845 849 894 
886 847 846 887 
819 861 863 848 
922 946 1133 921 
927 926 1131 945 
923 924 892 886 
1106 884 1115 883 
853 890 896 854 
884 855 842 891 
856 883 897 857 
964 924 923 1132 
860 862 904 902 
873 828 827 876 
862 882 906 904 
887 893 922 921 
1138 961 901 903 
894 849 844 898 
933 934 957 950 
950 1111 1105 900 
868 821 820 879 
878 916 913 877 
879 881 918 917 
830 875 871 825 
877 824 838 878 
872 873 912 920 
871 875 910 911 
911 915 874 871 
909 916 878 869 
1138 903 902 939 
1136 941 907 908 
932 835 834 880 
908 907 867 868 
951 953 956 1129 
970 1142 942 1153 
902 904 1139 939 
842 854 896 891 
936 897 1112 937 
851 888 895 852 
954 1128 928 955 
1133 981 986 1132 
885 840 850 892 
921 923 886 887 
894 898 931 925 
852 895 889 841 
895 888 927 1119 
938 905 901 961 
898 863 919 931 
885 892 924 926 
888 885 926 927 
895 928 1121 889 
890 929 1122 896 
863 861 905 919 
900 1104 933 950 
958 993 953 935 
858 859 903 901 
961 1138 982 1152 
882 872 920 906 
876 874 915 914 
980 1143 967 1007 
938 965 919 905 
942 910 913 944 
1137 913 916 909 
1107 932 1117 960 
910 875 877 913 
943 912 914 1141 
914 912 873 876 
1141 963 984 943 
963 1141 914 915 
1142 911 910 942 
915 911 1142 963 
907 941 1137 909 
941 1147 969 1137 
1144 1006 1148 1031 
893 894 925 922 
943 1140 920 912 
1134 1055 968 945 
925 931 949 972 
945 1131 964 1134 
1131 926 924 964 
986 1134 964 1132 
966 955 959 988 
1130 945 968 947 
1121 929 890 889 
966 987 954 955 
1122 929 1128 930 
999 936 937 1022 
1116 1112 1115 1123 
919 965 949 931 
835 932 1107 866 
880 951 1117 932 
934 933 1102 839 
977 976 807 808 
1129 989 1117 951 
784 899 1103 813 
1103 899 936 999 
1000 954 987 1014 
985 949 965 1151 
971 948 1140 943 
974 973 995 998 
940 1136 908 917 
944 913 1137 969 
963 983 1016 984 
948 906 920 1140 
1147 990 991 1154 
789 1001 1002 814 
946 922 925 972 
955 928 1130 947 
939 1143 980 1150 
1143 939 1139 948 
950 957 979 958 
1107 960 1118 952 
918 881 952 1118 
976 975 806 807 
808 788 974 977 
1011 966 988 1071 
1128 954 1000 930 
959 955 947 968 
973 974 788 796 
962 1135 918 1118 
957 1029 975 979 
805 806 975 1029 
1025 1046 1047 1024 
1118 960 1127 962 
989 1127 960 1117 
938 961 1152 1155 
1019 1020 1059 1042 
1135 940 917 918 
983 963 1142 970 
1150 982 1138 939 
810 1005 1001 789 
992 1032 1007 967 
991 990 1017 1033 
942 944 1154 1153 
970 1009 1016 983 
984 1012 971 943 
948 971 967 1143 
985 1008 972 949 
1146 946 972 1008 
978 1081 1021 994 
997 996 1018 1030 
1029 957 934 839 
1110 993 958 979 
1144 1058 1048 1006 
797 798 978 994 
975 976 997 979 
1134 1039 1124 1055 
1023 982 1150 980 
1152 982 1023 1155 
991 970 1153 1154 
1045 1060 1063 1049 
968 1055 1114 959 
1026 1050 1046 1025 
1074 1047 1085 1082 
1047 1074 1061 1024 
993 1015 956 953 
962 1013 1149 1135 
1016 1009 1035 1036 
984 1016 1036 1012 
1009 970 991 1033 
1060 1053 1068 1073 
992 967 971 1012 
976 977 996 997 
979 997 1030 1110 
998 996 977 974 
1058 1062 1038 1048 
813 1103 1027 795 
1000 1022 937 930 
1071 988 1010 1085 
811 1004 1092 787 
1024 1061 1003 1002 
999 1041 1027 1103 
1031 1129 956 1015 
1032 1053 1040 1007 
980 1007 1040 1023 
1035 1009 1033 1051 
1114 1010 988 959 
1026 1025 1001 1005 
987 966 1011 1050 
1014 1108 1022 1000 
1030 1034 993 1110 
1019 1018 996 998 
990 1013 1038 1017 
1017 1052 1051 1033 
1034 1030 1018 1043 
998 995 1020 1019 
995 1021 1044 1020 
1120 1052 1062 1069 
1088 1081 809 794 
1061 1092 1004 1003 
1041 1026 1005 1027 
1050 1026 1041 1108 
1041 999 1022 1108 
1028 1045 1049 1008 
1008 985 1151 1028 
1129 1031 1148 989 
1034 1072 1015 993 
1064 992 1012 1036 
1079 1097 1095 1089 
1052 1017 1038 1062 
1075 1064 1054 1100 
1018 1019 1042 1043 
1054 1035 1051 1066 
1036 1035 1054 1064 
1008 1049 1057 1146 
1076 1087 1082 1056 
1013 1006 1048 1038 
946 1146 981 1133 
1040 1053 1060 1045 
1023 1040 1045 1028 
1043 1126 1072 1034 
1059 1020 1044 1113 
1044 1021 1081 1070 
1073 1077 1063 1060 
1037 1056 1010 1114 
787 1092 1083 792 
1144 1072 1126 1058 
1084 1057 1049 1063 
1124 1037 1114 1055 
1014 987 1050 1108 
1050 1011 1071 1046 
1066 1091 1100 1054 
1086 1065 1080 1093 
1064 1075 1032 992 
1073 1068 1090 1079 
1065 1066 1051 1052 
1067 1039 1057 1084 
1146 1057 1039 981 
1125 1043 1042 1059 
1069 1062 1145 1125 
1078 1113 1044 1070 
1085 1047 1046 1071 
1092 1061 1074 1083 
1145 1062 1058 1126 
1076 1109 1094 1087 
1100 1091 1098 1090 
1087 1083 1074 1082 
1084 1063 1077 1109 
1037 1067 1076 1056 
1075 1068 1053 1032 
1125 1145 1126 1043 
1113 1078 1120 1069 
1093 1078 1088 1101 
1031 1015 1072 1144 
1099 1094 1089 1095 
1052 1120 1080 1065 
1076 1067 1084 1109 
1073 1079 1089 1077 
1059 1113 1069 1125 
1090 1068 1075 1100 
791 786 1095 1097 
1093 1101 1096 1086 
793 792 1083 1099 
1085 1010 1056 1082 
1098 1096 790 812 
1066 1065 1086 1091 
1070 1081 1088 1078 
1087 1094 1099 1083 
812 791 1097 1098 
1090 1098 1097 1079 
1078 1093 1080 1120 
804 790 1096 1101 
1089 1094 1109 1077 
786 793 1099 1095 
1091 1086 1096 1098 
1101 1088 794 804 
1104 900 832 870 
1106 843 855 884 
958 935 1111 950 
1112 897 883 1115 
1123 1115 884 891 
928 895 1119 1130 
1130 1119 927 945 
929 1121 928 1128 
896 1122 1123 891 
1124 1039 1067 1037 
1127 989 1148 1006 
1132 923 921 1133 
986 981 1039 1134 
1139 904 906 948 
941 1136 1149 1156 
990 1156 1149 1013 
1147 941 1156 990 
1028 1151 1155 1023 
1155 1151 965 938 
1154 944 969 1147 
</DataArray>
<DataArray type="Int32" Name="offsets" format="ascii">
4 8 12 16 20 24 28 32 36 40 44 48 52 56 60 64 68 72 76 80 84 88 92 96 100 104 108 112 116 120 124 128 132 136 140 144 148 152 156 160 164 168 172 176 180 184 188 192 196 200 204 208 212 216 220 224 228 232 236 240 244 248 252 256 260 264 268 272 276 280 284 288 292 296 300 304 308 312 316 320 324 328 332 336 340 344 348 352 356 360 364 368 372 376 380 384 388 392 396 400 404 408 412 416 420 424 428 432 436 440 444 448 452 456 460 464 468 472 476 480 484 488 492 496 500 504 508 512 516 520 524 528 532 536 540 544 548 552 556 560 564 568 572 576 580 584 588 592 596 600 604 608 612 616 620 624 628 632 636 640 644 648 652 656 660 664 668 672 676 680 684 688 692 696 700 704 708 712 716 720 724 728 732 736 740 744 748 752 756 760 764 768 772 776 780 784 788 792 796 800 804 808 812 816 820 824 828 832 836 840 844 848 852 856 860 864 868 872 876 880 884 888 892 896 900 904 908 912 916 920 924 928 932 936 940 944 948 952 956 960 964 968 972 976 980 984 988 992 996 1000 1004 1008 1012 1016 1020 1024 1028 1032 1036 1040 1044 1048 1052 1056 1060 1064 1068 1072 1076 1080 1084 1088 1092 1096 1100 1104 1108 1112 1116 1120 1124 1128 1132 1136 1140 1144 1148 1152 1156 1160 1164 1168 1172 1176 1180 1184 1188 1192 1196 1200 1204 1208 1212 1216 1220 1224 1228 1232 1236 1240 1244 1248 1252 1256 1260 1264 1268 1272 1276 1280 1284 1288 1292 1296 1300 1304 1308 1312 1316 1320 1324 1328 1332 1336 1340 1344 1348 1352 1356 1360 1364 1368 1372 1376 1380 1384 1388 1392 1396 1400 1404 1408 1412 1416 1420 1424 1428 1432 1436 1440 1444 1448 1452 1456 1460 1464 1468 1472 1476 1480 1484 1488 1492 1496 1500 1504 1508 1512 1516 1520 1524 1528 1532 1536 1540 1544 1548 1552 1556 1560 1564 1568 1572 1576 1580 1584 1588 1592 1596 1600 1604 1608 1612 1616 1620 1624 1628 1632 1636 1640 1644 1648 1652 1656 1660 1664 1668 1672 1676 1680 1684 1688 1692 1696 1700 1704 1708 1712 1716 1720 1724 1728 1732 1736 1740 1744 1748 1752 1756 1760 1764 1768 1772 1776 1780 1784 1788 1792 1796 1800 1804 1808 1812 1816 1820 1824 1828 1832 1836 1840 1844 1848 1852 1856 1860 1864 1868 1872 1876 1880 1884 1888 1892 1896 1900 1904 1908 1912 1916 1920 1924 1928 1932 1936 1940 1944 1948 1952 1956 1960 1964 1968 1972 1976 1980 1984 1988 1992 1996 2000 2004 2008 2012 2016 2020 2024 2028 2032 2036 2040 2044 2048 2052 2056 2060 2064 2068 2072 2076 2080 2084 2088 2092 2096 2100 2104 2108 2112 2116 2120 2124 2128 2132 2136 2140 2144 2148 2152 2156 2160 2164 2168 2172 2176 2180 2184 2188 2192 2196 2200 2204 2208 2212 2216 2220 2224 2228 2232 2236 2240 2244 2248 2252 2256 2260 2264 2268 2272 2276 2280 2284 2288 2292 2296 2300 2304 2308 2312 2316 2320 2324 2328 2332 2336 2340 2344 2348 2352 2356 2360 2364 2368 2372 2376 2380 2384 2388 2392 2396 2400 2404 2408 2412 2416 2420 2424 2428 2432 2436 2440 2444 2448 2452 2456 2460 2464 2468 2472 2476 2480 2484 2488 2492 2496 2500 2504 2508 2512 2516 2520 2524 2528 2532 2536 2540 2544 2548 2552 2556 2560 2564 2568 2572 2576 2580 2584 2588 2592 2596 2600 2604 2608 2612 2616 2620 2624 2628 2632 2636 2640 2644 2648 2652 2656 2660 2664 2668 2672 2676 2680 2684 2688 2692 2696 2700 2704 2708 2712 2716 2720 2724 2728 2732 2736 2740 2744 2748 2752 2756 2760 2764 2768 2772 2776 2780 2784 2788 2792 2796 2800 2804 2808 2812 2816 2820 2824 2828 2832 2836 2840 2844 2848 2852 2856 2860 2864 2868 2872 2876 2880 2884 2888 2892 2896 2900 2904 2908 2912 2916 2920 2924 2928 2932 2936 2940 2944 2948 2952 2956 2960 2964 2968 2972 2976 2980 2984 2988 2992 2996 3000 3004 3008 3012 3016 3020 3024 3028 3032 3036 3040 3044 3048 3052 3056 3060 3064 3068 3072 3076 3080 3084 3088 3092 3096 3100 3104 3108 3112 3116 3120 3124 3128 3132 3136 3140 3144 3148 3152 3156 3160 3164 3168 3172 3176 3180 3184 3188 3192 3196 3200 3204 3208 3212 3216 3220 3224 3228 3232 3236 3240 3244 3248 3252 3256 3260 3264 3268 3272 3276 3280 3284 3288 3292 3296 3300 3304 3308 3312 3316 3320 3324 3328 3332 3336 3340 3344 3348 3352 3356 3360 3364 3368 3372 3376 3380 3384 3388 3392 3396 3400 3404 3408 3412 3416 3420 3424 3428 3432 3436 3440 3444 3448 3452 3456 3460 3464 3468 3472 3476 3480 3484 3488 3492 3496 3500 3504 3508 3512 3516 3520 3524 3528 3532 3536 3540 3544 3548 3552 3556 3560 3564 3568 3572 3576 3580 3584 3588 3592 3596 3600 3604 3608 3612 3616 3620 3624 3628 3632 3636 3640 3644 3648 3652 3656 3660 3664 3668 3672 3676 3680 3684 3688 3692 3696 3700 3704 3708 3712 3716 3720 3724 3728 3732 3736 3740 3744 3748 3752 3756 3760 3764 3768 3772 3776 3780 3784 3788 3792 3796 3800 3804 3808 3812 3816 3820 3824 3828 3832 3836 3840 3844 3848 3852 3856 3860 3864 3868 3872 3876 3880 3884 3888 3892 3896 3900 3904 3908 3912 3916 3920 3924 3928 3932 3936 3940 3944 3948 3952 3956 3960 3964 3968 3972 3976 3980 3984 3988 3992 3996 4000 4004 4008 4012 4016 4020 4024 4028 4032 4036 4040 4044 4048 4052 4056 4060 4064 4068 4072 4076 4080 4084 4088 4092 4096 4100 4104 4108 4112 4116 4120 4124 4128 4132 4136 4140 4144 4148 4152 4156 4160 4164 4168 4172 4176 4180 4184 4188 4192 4196 4200 4204 4208 4212 4216 4220 4224 4228 4232 4236 4240 4244 4248 4252 4256 4260 4264 4268 4272 4276 4280 4284 4288 4292 4296 4300 4304 4308 4312 4316 4320 4324 4328 4332 4336 4340 4344 4348 4352 4356 4360 4364 4368 4372 4376 4380 4384 4388 4392 4396 4400 4404 4408 4412 4416 4420 4424 4428 4432 4436 4440 4444 4448 4452 4456 4460 4464 4468 
</DataArray>
<DataArray type="UInt8" Name="types" format="ascii">
9 9 9 9 9 9 9 9 9 9 9 9 9 9 9 9 9 9 9 9 9 9 9 9 9 9 9 9 9 9 9 9 9 9 9 9 9 9 9 9 9 9 9 9 9 9 9 9 9 9 9 9 9 9 9 9 9 9 9 9 9 9 9 9 9 9 9 9 9 9 9 9 9 9 9 9 9 9 9 9 9 9 9 9 9 9 9 9 9 9 9 9 9 9 9 9 9 9 9 9 9 9 9 9 9 9 9 9 9 9 9 9 9 9 9 9 9 9 9 9 9 9 9 9 9 9 9 9 9 9 9 9 9 9 9 9 9 9 9 9 9 9 9 9 9 9 9 9 9 9 9 9 9 9 9 9 9 9 9 9 9 9 9 9 9 9 9 9 9 9 9 9 9 9 9 9 9 9 9 9 9 9 9 9 9 9 9 9 9 9 9 9 9 9 9 9 9 9 9 9 9 9 9 9 9 9 9 9 9 9 9 9 9 9 9 9 9 9 9 9 9 9 9 9 9 9 9 9 9 9 9 9 9 9 9 9 9 9 9 9 9 9 9 9 9 9 9 9 9 9 9 9 9 9 9 9 9 9 9 9 9 9 9 9 9 9 9 9 9 9 9 9 9 9 9 9 9 9 9 9 9 9 9 9 9 9 9 9 9 9 9 9 9 9 9 9 9 9 9 9 9 9 9 9 9 9 9 9 9 9 9 9 9 9 9 9 9 9 9 9 9 9 9 9 9 9 9 9 9 9 9 9 9 9 9 9 9 9 9 9 9 9 9 9 9 9 9 9 9 9 9 9 9 9 9 9 9 9 9 9 9 9 9 9 9 9 9 9 9 9 9 9 9 9 9 9 9 9 9 9 9 9 9 9 9 9 9 9 9 9 9 9 9 9 9 9 9 9 9 9 9 9 9 9 9 9 9 9 9 9 9 9 9 9 9 9 9 9 9 9 9 9 9 9 9 9 9 9 9 9 9 9 9 9 9 9 9 9 9 9 9 9 9 9 9 9 9 9 9 9 9 9 9 9 9 9 9 9 9 9 9 9 9 9 9 9 9 9 9 9 9 9 9 9 9 9 9 9 9 9 9 9 9 9 9 9 9 9 9 9 9 9 9 9 9 9 9 9 9 9 9 9 9 9 9 9 9 9 9 9 9 9 9 9 9 9 9 9 9 9 9 9 9 9 9 9 9 9 9 9 9 9 9 9 9 9 9 9 9 9 9 9 9 9 9 9 9 9 9 9 9 9 9 9 9 9 9 9 9 9 9 9 9 9 9 9 9 9 9 9 9 9 9 9 9 9 9 9 9 9 9 9 9 9 9 9 9 9 9 9 9 9 9 9 9 9 9 9 9 9 9 9 9 9 9 9 9 9 9 9 9 9 9 9 9 9 9 9 9 9 9 9 9 9 9 9 9 9 9 9 9 9 9 9 9 9 9 9 9 9 9 9 9 9 9 9 9 9 9 9 9 9 9 9 9 9 9 9 9 9 9 9 9 9 9 9 9 9 9 9 9 9 9 9 9 9 9 9 9 9 9 9 9 9 9 9 9 9 9 9 9 9 9 9 9 9 9 9 9 9 9 9 9 9 9 9 9 9 9 9 9 9 9 9 9 9 9 9 9 9 9 9 9 9 9 9 9 9 9 9 9 9 9 9 9 9 9 9 9 9 9 9 9 9 9 9 9 9 9 9 9 9 9 9 9 9 9 9 9 9 9 9 9 9 9 9 9 9 9 9 9 9 9 9 9 9 9 9 9 9 9 9 9 9 9 9 9 9 9 9 9 9 9 9 9 9 9 9 9 9 9 9 9 9 9 9 9 9 9 9 9 9 9 9 9 9 9 9 9 9 9 9 9 9 9 9 9 9 9 9 9 9 9 9 9 9 9 9 9 9 9 9 9 9 9 9 9 9 9 9 9 9 9 9 9 9 9 9 9 9 9 9 9 9 9 9 9 9 9 9 9 9 9 9 9 9 9 9 9 9 9 9 9 9 9 9 9 9 9 9 9 9 9 9 9 9 9 9 9 9 9 9 9 9 9 9 9 9 9 9 9 9 9 9 9 9 9 9 9 9 9 9 9 9 9 9 9 9 9 9 9 9 9 9 9 9 9 9 9 9 9 9 9 9 9 9 9 9 9 9 9 9 9 9 9 9 9 9 9 9 9 9 9 9 9 9 9 9 9 9 9 9 9 9 9 9 9 9 9 9 9 9 9 9 9 9 9 9 9 9 9 9 9 9 9 9 9 9 9 9 9 9 9 9 9 9 9 9 9 9 9 9 9 9 9 9 9 9 9 9 9 9 9 9 9 9 9 9 9 9 9 9 9 9 9 9 9 9 9 9 9 9 9 9 9 9 9 9 9 9 9 9 9 9 9 9 9 9 9 9 9 9 9 9 9 9 9 9 9 9 9 9 9 9 9 9 9 9 9 9 9 9 9 9 9 9 9 9 9 9 9 9 9 9 9 9 9 9 9 9 9 9 9 9 9 9 9 9 9 9 9 9 9 9 9 9 9 
</DataArray>
</Cells>
<PointData>
<DataArray type="Float64" Name="phi" NumberOfComponents="1" format="ascii">
0.6470556841643201 
0.6591606667733098 
0.670284392668726 
0.6788314942019832 
0.6845515110417452 
0.6874759080556632 
0.7482638084095885 
0.7600619718192071 
0.7698455341324273 
0.7764856710156939 
0.7806526693541795 
0.7825808617141001 
0.8647315596136914 
0.8737704174892694 
0.878851391704681 
0.8827209399473307 
0.884925707586695 
0.8860193086627278 
1 
0.9862013350965558 
0.9887869232400451 
0.9887850424422898 
0.9888761455462367 
0.9887114856191352 
1 
0.9862467741947764 
0.9888450577798009 
0.9888604265794132 
0.9889690783965116 
0.9888219289728294 
0.8648934269462767 
0.8740063390532119 
0.8791728196620975 
0.8831309567487861 
0.8854332833734107 
0.8866272913247459 
0.7485564016224349 
0.760428060785997 
0.7702896291192793 
0.7770263635658083 
0.7813239872250912 
0.7834089663211948 
0.6474838795570028 
0.6596408768964244 
0.670794984398742 
0.6794011082479929 
0.6852600361255422 
0.6884211802295652 
0.2837915269514342 
0.2834889248296839 
0.2828965020693884 
0.2852703573906538 
0.2942894773356781 
0.3078616512234471 
0.3252610766757503 
0.3459485370250792 
0.3693981711661812 
0.3952093801133412 
0.4237573711229057 
0.4547111442593641 
0.4875335811389397 
0.5214112314975445 
0.5551754908527721 
0.5872999158981731 
0.6163913378644169 
0.6415417534331838 
0.6616818602036757 
0.6760628291727071 
0.6847507840857127 
0.6885386514675509 
0.2822123050551197 
0.3075470339766751 
0.2837999363737846 
0.2835212479400822 
0.324699621039435 
0.2821235662110514 
0.6603245195336548 
0.486416980196256 
0.2829805048725888 
0.2856431428294661 
0.2942522142340425 
0.453895954154647 
0.6401908374509886 
0.6873530012031452 
0.6834191300816111 
0.6746624016832135 
0.6148863067865353 
0.5855466931285465 
0.5534501618586432 
0.5199475646005507 
0.4231633953923551 
0.3946403999737683 
0.3685729476040067 
0.345174127823879 
0.782340079848466 
0.8851410720162115 
0.9876686028211417 
0.9875330945842332 
0.8844281009396213 
0.7813522606309581 
0.7772155835276948 
0.879885624229556 
0.9847445419462575 
0.9845685758609921 
0.8790551305185209 
0.7760855374876517 
0.765963557042887 
0.8661451137544236 
0.9690367877910177 
0.9687566789111559 
0.8651530953165865 
0.7647142091619455 
0.7467213358049803 
0.8403362485190153 
0.9243375919977331 
0.9238806763169741 
0.8391385341423429 
0.7453681296669915 
0.7190163755288469 
0.8002749071984194 
0.861255586634489 
0.8607177521428602 
0.7989834605866969 
0.7175692744136232 
0.683978574101991 
0.7492624569714817 
0.7927966008250614 
0.7923061365819997 
0.7480393514500877 
0.6824745982656402 
0.6435420024302162 
0.6938089402438219 
0.7247813299086728 
0.7243764075090797 
0.692737527665288 
0.6420727953897511 
0.6004380032822543 
0.6383698306523374 
0.6604869334290291 
0.6601557548147832 
0.6374495921788429 
0.599070732218683 
0.557098915353383 
0.58552197207844 
0.6014385564952894 
0.6011667393328538 
0.5847509688351014 
0.555929237440591 
0.5152798131043617 
0.536538288862344 
0.5480924722302447 
0.5478726156566351 
0.5359161544211992 
0.5143525094470017 
0.4760652476189824 
0.4919392625348573 
0.5003784726740501 
0.500203816685405 
0.4914476229510609 
0.4753478271510498 
0.4400250718761582 
0.4518301592877079 
0.4580019939799758 
0.4578634959999182 
0.4514403623569733 
0.4394634159086945 
0.4074150537845699 
0.4161011348396297 
0.4205860634183819 
0.4204706188599139 
0.4157686735090333 
0.4069082607319197 
0.3782478487379095 
0.3845300420550264 
0.3877429913263648 
0.3876404817600711 
0.3842194177697306 
0.3777162068119562 
0.3523931075636729 
0.3568760165738968 
0.3591433580399371 
0.3590574945887459 
0.3566060000080594 
0.3518995386430608 
0.3298934684080279 
0.3330395695939208 
0.3346089623734714 
0.3345511243735245 
0.3328538910047656 
0.3295442053751123 
0.3110407504390665 
0.3131554796576916 
0.3141994035916497 
0.3141726736804263 
0.3130726765582142 
0.310876205141304 
0.2963208601999895 
0.2976482550265086 
0.2982970760123458 
0.2982920546797905 
0.2976387456555364 
0.2963331635636774 
0.2865401419797562 
0.2873197346553381 
0.2877134370248003 
0.2877183986108031 
0.28734258350691 
0.28660185502181 
1 
1 
1 
1 
1 
1 
1 
1 
1 
1 
1 
1 
1 
1 
1 
1 
1 
1 
1 
1 
1 
1 
1 
1 
1 
1 
1 
1 
1 
1 
1 
1 
1 
1 
1 
1 
1 
1 
1 
1 
1 
1 
1 
1 
0.845521275093309 
0.7143121447265682 
0.6029703034304987 
0.6061411595046595 
0.6072383296662998 
0.6071079995374914 
0.6071154729186027 
0.607396255722459 
0.6059681181962684 
0.6058009796540155 
0.6064351220146141 
0.6070019024810904 
0.6074756028159778 
0.6078487378791746 
0.6082451733978939 
0.6086972837389859 
0.609286589406746 
0.6100290823533144 
0.6109302417332698 
0.6120041944514599 
0.6134095724885457 
0.615419757832834 
0.6182274804060846 
0.6222607851947235 
0.6280116386140131 
0.6362296303966541 
0.6154779469796271 
0.6010698335626363 
1 
1 
0.6118354305129702 
0.6365640882484879 
0.6069343645853226 
0.602612749091191 
0.6088111240559299 
0.6077077821139768 
0.6069375172580611 
0.6134242313106776 
0.6066946731767303 
0.6067838828207377 
0.6282841046051878 
0.6074045822581323 
0.6082441506363717 
0.6079147211506261 
0.6224479067332075 
0.6095766136733352 
0.6070041059112176 
0.6068687899326498 
0.6183675952806417 
0.6106072959040526 
0.6072986124270183 
0.607253231924893 
0.605857375366899 
0.6017940378373288 
0.7135225317810446 
0.8451838455639581 
1 
1 
1 
1 
0.8587852447262316 
0.7388199429009812 
0.8546488733585157 
0.7321285380975087 
0.8522997874222109 
0.7277483790282497 
0.850759602008727 
0.7248179670779908 
0.8496964049951131 
0.7227762472301102 
0.8489312113434925 
0.7213047327524881 
0.8483584300049762 
0.7202015085117512 
0.8479148312561601 
0.7193380473842031 
0.8475660628609396 
0.7186548815267947 
0.8472964427972852 
0.7181249491976757 
0.8470964374929619 
0.7177406570363831 
0.8469512843850232 
0.7174764697169488 
0.8468370708103742 
0.7172746720114068 
0.8467353798494535 
0.7170709476186233 
0.8466489435763168 
0.7168825522879537 
0.8465895232529893 
0.7167728436332425 
0.8465548622949333 
0.7167227744900521 
0.8465366236356148 
0.7166786652207792 
0.8465396605553661 
0.7166739148740434 
0.8465596098154513 
0.7167564252267707 
0.8465341221270886 
0.7168104924410105 
0.8463326113970647 
0.7165240032247331 
0.8458999588078487 
0.7154915806490854 
0.845404919782513 
0.7141860667616113 
0.7385916500170334 
0.8586697134261633 
0.7319536203001221 
0.8545614312410754 
0.7276189809585711 
0.8522358036233821 
0.7247331041148067 
0.8507176728651208 
0.7227352685069938 
0.8496789000805989 
0.7213259601860984 
0.8489449621424552 
0.7203072222149193 
0.8484114626053691 
0.7195366521589022 
0.8480080338971517 
0.7189188415511703 
0.8476892060145503 
0.7184134720408019 
0.8474306423648574 
0.7180059782141153 
0.8472200164568191 
0.717674590092978 
0.8470460050313655 
0.7173879674787854 
0.8468932685283858 
0.7171046920370483 
0.8467448442292593 
0.7167942661006202 
0.8465904654278879 
0.7164618906853775 
0.8464480431608806 
0.7162526246107146 
0.8463775551327259 
0.7163976316497341 
0.8464174234201562 
0.7167031388328314 
0.8465182081678378 
0.7168619603853108 
0.8465848549932579 
0.7168202651402318 
0.8465616387274998 
0.7165861095236894 
0.8463947846884483 
0.7158020153477525 
0.8460637891498546 
0.7148136803844433 
0.845688611836061 
0.2430257627902941 
0.2372806636145589 
0.2339162837436555 
0.2323685941332936 
0.2319086378134828 
0.2153709636841949 
0.1847264218485044 
0.1522062982894717 
0.1198592367711714 
0.08961168396360375 
0.06173525195366789 
0.04297142707725027 
0.02976626168826256 
0.02198963980659655 
0.01782632779875649 
0.01632289103967085 
0.01584595612379901 
0.017514538163609 
0.02321069307608972 
0.03426943878432211 
0.05343877923830211 
0.08548795259043566 
0.138333265189379 
0.2251178939324274 
0.3694104294958345 
0.01576498106190349 
0.2770240301148473 
0.2318055720313617 
0.269992342957525 
0.2606125862868631 
0.2511711385190219 
0.5707712164055461 
0.5526427755842391 
0.5422308297974586 
0.5623784955204882 
0.5785691187342975 
0.5017458902537835 
0.4931180165125403 
0.4823857701635821 
0.4796946780643546 
0.4804541156755683 
0.4829524340099431 
0.5211834020320391 
0.513289688805336 
0.5076802081666582 
0.5311922290680041 
0.5036511914514349 
0.4973369154205791 
0.4864584263719587 
0.4818047864501065 
0.4757967355518986 
0.4903630754062339 
0.4904268930958708 
0.4960523705418063 
0.4745875634952894 
0.437643876004672 
0.5218099565572115 
0.5460381089781124 
0.5630657026018943 
0.5772695386893707 
0.586850005913907 
0.5854591093625812 
0.5899525396281137 
0.3631242511399071 
0.4152287679688001 
0.4690698239591815 
0.4970415249649292 
0.5306167136648385 
0.47107535343966 
0.4644806182042363 
0.4561356482319578 
0.4786538650526733 
0.4434779450291856 
0.4864838109121659 
0.4764725863860283 
0.4964687793173452 
0.4903441701840346 
0.379001450693616 
0.376321428068056 
0.3876657870234081 
0.4201369637181996 
0.3990571412064686 
0.4131309227266228 
0.401605138647709 
0.3947723407693345 
0.4067548549241445 
0.3873673765757008 
0.379850921182197 
0.3913821144261952 
0.3909164603411333 
0.367254048995126 
0.3767710139959439 
0.4301320347004302 
0.3208800375051735 
0.3843332364332296 
0.4410199116319584 
0.4950811468632893 
0.4805649922565781 
0.5060910193801064 
0.4446569420459058 
0.470404605142166 
0.3397073896174078 
0.463596701459152 
0.5091139434873331 
0.3054187266550537 
0.4443714072052806 
0.3762770928089847 
0.2829692483845183 
0.4951369039508489 
0.3618921266729344 
0.3978339674453102 
0.2927242623565245 
0.4000789795267813 
0.3918790802109334 
0.3930533747086928 
0.388592338149705 
0.4095155265422873 
0.3720648747596417 
0.3153955819615421 
0.2922779987214226 
0.3083398936892726 
0.3088674711229878 
0.3412810535714352 
0.3343315093516208 
0.3268450820658211 
0.2992189907104673 
0.2923663809064252 
0.333239415509843 
0.3116020281741603 
0.3037065671979695 
0.4085768910980125 
0.3537397738861452 
0.4115928496069147 
0.4250821866485116 
0.4382266303445245 
0.3958946338455927 
0.3789248452833152 
0.3562632136904598 
0.3748601018659313 
0.4515318313528092 
0.3963114591398487 
0.3112655006577549 
0.282646557681685 
0.356312632369418 
0.3586858204918847 
0.3868304376664489 
0.3234171933983637 
0.3425239699224893 
0.2543032285571619 
0.3273965103519146 
0.2464417501940144 
0.2756501993727933 
0.3662290822485795 
0.3381956702069036 
0.2897015926973737 
0.3387804471634087 
0.2922625178903126 
0.3383806197313616 
0.4188107915563524 
0.3074182847776493 
0.2730588476371917 
0.327462592495093 
0.3006495420150214 
0.306753389765529 
0.2966624617873621 
0.2770841370561315 
0.3089500979711498 
0.3144632149406188 
0.3153783750087122 
0.2162772257313341 
0.3218509351009829 
0.3336323047166115 
0.2281778765013849 
0.2123307540869993 
0.2143551621167867 
0.1947067249203429 
0.2766096087347564 
0.2296414801304793 
0.2238065234343525 
0.2816861308770187 
0.2833577951826978 
0.2184442121879163 
0.3056491831856541 
0.227948389128612 
0.2346266399421938 
0.2617622960502977 
0.251698387427511 
0.2423927074023262 
0.2167964665621281 
0.2664802835357167 
0.185453465217698 
0.2426956551500322 
0.1829434174692947 
0.1985740975254082 
0.1690810300732064 
0.2556426345184946 
0.261206687281504 
0.2135821604726637 
0.2252989645737905 
0.2812664252366874 
0.151394633539899 
0.1482432436751179 
0.1581253514313062 
0.2347997506449067 
0.2407628217810542 
0.2580614674898842 
0.2217189237842058 
0.2195691776932889 
0.2421073774493923 
0.2539718834923806 
0.2308888399113454 
0.2724712757029822 
0.03571272745152498 
0.02385688782793242 
0.01768963603606511 
0.05557378030550806 
0.08742276477242514 
0.1646002518401488 
0.2522258152729199 
0.2267587264156748 
0.1475339535454556 
0.1850809338011007 
0.2209750787919776 
0.1420414198800925 
0.160878755722008 
0.267105002016333 
0.212297557149131 
0.1506016605628443 
0.1137793859237345 
0.1246370080515963 
0.2026359151726879 
0.2032341373191081 
0.2307114847952665 
0.2453558613324073 
0.2159266570228197 
0.20627983912147 
0.1398790931573243 
0.02614568923407225 
0.03974269409673449 
0.138001508830535 
0.06107578465197777 
0.149241721265135 
0.2705167727391399 
0.2603281795515599 
0.1535701349878318 
0.2427600908002562 
0.1963684523549946 
0.1041122654491683 
0.1036605581650454 
0.2010073839848595 
0.1704506081838077 
0.2535583496032336 
0.1522945962158927 
0.2039970935541181 
0.1026336313462277 
0.1804308096846897 
0.1049374393460978 
0.2175070098987726 
0.2347020261818025 
0.1298414312391166 
0.1999289755970212 
0.1184859859855183 
0.07041750529589613 
0.04736176249989994 
0.2271101961285139 
0.1604194029827993 
0.1363714525134968 
0.08452202884840829 
0.06833281799633002 
0.0932426652495557 
0.1618181205985366 
0.1045743558801484 
0.1828778660601205 
0.205120127109247 
0.2010367934131196 
0.05995955068168017 
0.03165504355575641 
0.205030027348906 
0.08462679278241411 
0.102721010616548 
0.1268113405558056 
0.1274817829769506 
0.1493492175264653 
0.1079067487037793 
0.1918195500851116 
0.07845754809248663 
0.1811424103463465 
0.1803057923841233 
0.04321668238543221 
0.08526749209839564 
0.0608510851686148 
0.0975704391537108 
0.1339082398370695 
0.1849276061021536 
0.1853243096905931 
0.1870514973938205 
0.1563132053338103 
0.02159061297270493 
0.09850510632848146 
0.08479031730375529 
0.153841582196577 
0.1664652324733837 
0.1046992976973557 
0.03380437421554081 
0.1183738193828273 
0.0736040275042751 
0.0506690449626668 
0.0753327244324479 
0.04651188922423087 
0.06793522862514738 
0.09911962471452467 
0.08104959445191864 
0.1364980204609526 
0.07334663133159582 
0.05820263022354746 
0.158516861921723 
0.0366858121779249 
0.169190380947553 
0.1244687263258186 
0.01874898661542017 
0.02445561955083736 
0.05523671856562791 
0.03084520108172427 
0.0323464855122137 
0.05472167836226891 
0.2927339408374436 
0.2764694923192582 
0.2190597429125072 
0.04164640226129036 
0.04573911241890188 
0.3023255392537686 
0.3276199611669344 
0.394148569624644 
0.4215252037057258 
0.4108219065960882 
0.276168114765012 
0.04517003785683706 
0.2894509320606415 
0.1306347317983343 
0.2221289288669807 
0.3046510150993529 
0.3534735788169744 
0.4008321449219021 
0.386475867094472 
0.2440974577750894 
0.3106295689411132 
0.1128850586052248 
0.1286534287810182 
0.1735603694201353 
0.2085975933895791 
0.2158375700863203 
0.2165455114329963 
0.2025461556294586 
0.2277674520743886 
0.1673439773929334 
0.180918964577597 
0.234878411826044 
0.2788344583173671 
0.3154145445627255 
0.2682793971838309 
0.2486525779515482 
0.3545982005904025 
0.2966707967288832 
0.190189419737402 
0.2240629811688982 
0.3845135720241314 
0.2856715512316609 
0.3297448988527527 
0.3294449943460794 
0.3518449787065893 
0.2369760977488317 
0.2590795943688263 
0.2718853041028227 
0.2692483166998323 
0.3159598371669551 
0.3128235538606433 
0.2757575519286137 
0.3877543565482995 
0.08919378451705873 
0.185194254913504 
0.04467942304331475 
0.2388855342709282 
0.02951611527904566 
0.06273129088183838 
0.1517052483797385 
0.1195235400245403 
0.01811631754571576 
0.2567928037497384 
0.03032828377482187 
0.02178074611818757 
0.01724808374305916 
0.2313773432567489 
0.01586057643845229 
0.2312041945825159 
0.2322566282318737 
0.01587674085114111 
0.02203125769820182 
0.2486798248591861 
0.1610067072621389 
0.1041762169058526 
0.06772084741438024 
0.01630022379369383 
0.2465712481394372 
0.215443716961115 
0.04255954870458495 
0.2673553498098385 
0.2344131576122244 
0.5819492848094522 
0.5627575056927522 
0.5494603383015592 
0.5733204012292051 
0.5865369929205744 
0.500949303605099 
0.5030646475718585 
0.50500267990528 
0.5068722305388917 
0.5025102337835839 
0.4995437080803394 
0.5248030429829211 
0.5073299273358288 
0.5142152937725953 
0.5358056519160174 
0.4990448144885083 
0.5013651038801274 
0.5010257380667407 
0.5241061764503182 
0.4609928538537066 
0.4715200062043486 
0.4907901969402554 
0.4967205648112515 
0.5066711217659798 
0.3821995739652109 
0.495596694401396 
0.4204367309077364 
0.3575796885769409 
0.3222025058282431 
0.5857745256747281 
0.5714072292340909 
0.5582134620794083 
0.5410265088781891 
0.5876990243485563 
0.5798814707931292 
0.5194108818962443 
0.4679337466989785 
0.4413134991426736 
0.3986361510577575 
0.3775140982588676 
0.3391270579786624 
0.3069935744579694 
0.2934948749394516 
0.4927553302824781 
0.4814499145070127 
0.4684975367053207 
0.4987815408816703 
0.4552621179679386 
0.4999863426062625 
0.5074713330257477 
0.4536179063698784 
0.4810223751190849 
0.4162038607873208 
0.4143249448292176 
0.4209949461155484 
0.4912174129537907 
0.4003428104074039 
0.4296951664273919 
0.4180587452423493 
0.4022397929778835 
0.401165523795391 
0.4089084959330171 
0.4084131719151971 
0.4220313642643737 
0.4116384568080346 
0.3482014304250411 
0.4038852158922124 
0.4409237234923608 
0.3105887806451558 
0.3303757031965482 
0.4410764990230381 
0.4723517113224496 
0.4814144298341382 
0.4182541971617766 
0.3840511207446451 
0.3709383841757387 
0.3434858718934904 
0.4579119051673718 
0.4881742303296085 
0.4935001449385372 
0.3868779523003226 
0.3567446145757043 
0.2985420591212341 
0.4974509055917948 
0.2805507689912979 
0.4107034250927221 
0.4167696276655517 
0.3870688932542774 
0.4024029364234041 
0.3772841331340905 
0.4226524315769542 
0.3596791601025406 
0.3382647347168097 
0.3395768041862018 
0.3492120135842839 
0.3204374794229533 
0.3158411635673355 
0.3357262549598479 
0.3244744357745336 
0.3293106267031491 
0.3167163171191929 
0.3633600536865472 
0.3402238197395288 
0.3272824249192181 
0.4225320165154489 
0.3500658528693818 
0.4104685535381803 
0.4114037050125678 
0.4079370843890793 
0.401720432073773 
0.4143791176263653 
0.3918785683922461 
0.3758611253430421 
0.3328944413718318 
0.3427048326005409 
0.3082750802313656 
0.4189801818300325 
0.367348281180691 
0.375604461481146 
0.3384324176824786 
0.3102528251383324 
0.2863975728325221 
0.2940420647035345 
0.3576058411504139 
0.3092431637540338 
0.2920851194580089 
0.2642145821880884 
0.2571154456571744 
0.2559651620899189 
0.2590466323363576 
0.3257495888316728 
0.3397137089942565 
0.3047749838958754 
0.2805400898731939 
0.3515456521577243 
0.311154812796872 
0.2720331613973913 
0.3928082733737365 
0.2382709189029893 
0.2922734588136861 
0.2895627246448448 
0.2088625199257042 
0.2599326325046612 
0.2361174734415229 
0.2648692922551091 
0.3002479446472383 
0.355661123268304 
0.242669157340757 
0.239853920833833 
0.3485374428515173 
0.3550554331522506 
0.2627250563246249 
0.197894444237097 
0.2884099380823066 
0.259230254655957 
0.1858846345648622 
0.2201728477518386 
0.3409598241585385 
0.03206961769893095 
0.04733983293757128 
0.166430042517089 
0.1084533398999313 
0.07120153496980333 
0.01755564962783356 
0.176690450406027 
0.2364257987174091 
0.2900213265935621 
0.290630253046781 
0.1929988129151222 
0.2024882994832403 
0.3017126166507589 
0.3106190336975227 
0.268310406497801 
0.2455580820362542 
0.2323418436458244 
0.1725278013028415 
0.1673792665815484 
0.1514486897644226 
0.1781775399509079 
0.02255845567186846 
0.03589134957606111 
0.07593879807618081 
0.1123345452440931 
0.05176530145319749 
0.2725784245859665 
0.2886580426520914 
0.2359265441335487 
0.2281947370216771 
0.2218883304274383 
0.2173822486019907 
0.2454276098216776 
0.1728343881629135 
0.1854204244399591 
0.2682844228964236 
0.1399001398967706 
0.223672513588862 
0.2482385099241548 
0.1727855202856209 
0.1789344536100989 
0.2735389364508765 
0.1720182670178175 
0.1637324195848764 
0.1154238599584327 
0.08072958783465861 
0.05739393678197996 
0.04180928091563205 
0.02558093395706811 
0.2796477512666067 
0.2444240629091537 
0.2180452675515607 
0.2316607251137697 
0.2449753341469902 
0.2566980034770301 
0.2456253901356171 
0.24887245352487 
0.1139966125308825 
0.179132359109242 
0.1393441158584003 
0.1224588142801197 
0.1202879691260489 
0.1078371671462478 
0.135099608754969 
0.2197262184161473 
0.1225628865429961 
0.2448293876370242 
0.1842862679503001 
0.2586574434992516 
0.06262504996142543 
0.08296052353585245 
0.03151715089462358 
0.190763816758965 
0.2303425153950554 
0.2117861842759548 
0.1335549243971937 
0.2047035036804502 
0.2488868869357083 
0.08733792138265568 
0.07042441385127604 
0.1375908536941615 
0.08509929107816426 
0.2663372185931995 
0.1994413138681304 
0.2218952664884579 
0.1133740307129133 
0.05057173040340446 
0.145074457627853 
0.2035161647704815 
0.08245481515050142 
0.1601606937003415 
0.1134695457810573 
0.0507000617656607 
0.06443455717849901 
0.2002709889172856 
0.1004679818091591 
0.05420353504097565 
0.02555448051637057 
0.2330489080514532 
0.1309747209451076 
0.1100636279704215 
0.1894569058829333 
0.1014637571126384 
0.1745842682214714 
0.127903108456409 
0.02852536068919056 
0.08421735333148979 
0.0412104727446486 
0.0188963791201282 
0.188541655654146 
0.1595467559043939 
0.1796134384991334 
0.2128290880865722 
0.0380069035254409 
0.1605926061131219 
0.02035296278021801 
0.106139260831684 
0.07085487671624491 
0.05123633860759454 
0.1906902738080286 
0.03073015135503938 
0.1323517167778596 
0.09356150979260262 
0.03149277611824657 
0.06799141048743886 
0.04673703741123496 
0.1235654010485723 
0.07200436372942437 
0.02392317036594967 
0.4551537893346576 
0.2685567484786184 
0.4202987502492321 
0.4238612877684923 
0.3205881066970577 
0.3801615646578023 
0.2645051223835416 
0.1502107790628461 
0.1547217544664099 
0.3474232795948502 
0.3059446817671347 
0.03916357101897758 
0.2416545712600571 
0.3184776532802903 
0.314919162700199 
0.2890133562484584 
0.3116134285855076 
0.3642189631716425 
0.04531387166761916 
0.3535138642869757 
0.3336209542181873 
0.3279792671669034 
0.242908213490634 
0.06486278042225337 
0.1001688645057671 
0.232982746346995 
0.3171595140351512 
0.2208575308627774 
0.3320471571816608 
0.3524528484310961 
0.3508431397189661 
0.3447134593660572 
0.2951294562785127 
0.2674892966113822 
0.2779109966756495 
0.296191843811884 
0.338777486380251 
0.3207628617947312 
0.2934168933536236 
0.2729074794013059 
0.2465264982490821 
0.2498628654120328 
0.1454750202973734 
0.08092299717989578 
0.2751181827394145 
0.222737542592825 
0.1933288655901172 
0.2288352194334777 
0.2771627800204019 
0.2957713164339527 
0.3132701525870965 
0.2152354635737496 
0.2104617913091939 
0.3002947915714621 
0.2187773708209493 
</DataArray>
<DataArray type="Float64" Name="displacement" NumberOfComponents="3" format="ascii">
4.65702257503759e-05 0.0001696041094126532 0 
1.819929121329201e-05 0.0002052288006407003 0 
-1.363834514494515e-05 0.0002458398260392979 0 
-4.807749489113423e-05 0.0002928177313001123 0 
-8.402405512361786e-05 0.0003487331793170217 0 
-0.0001206831485418405 0.0004180488202307511 0 
2.088575104786854e-05 0.0001915002397889432 0 
-1.128495563441157e-05 0.0002316366324804334 0 
-4.887436464715516e-05 0.0002755344289972774 0 
-8.943754949378656e-05 0.0003245160122324941 0 
-0.0001313634375339078 0.0003814346210716588 0 
-0.0001733712101944692 0.0004512398407266617 0 
-7.398529468952975e-07 0.0002167034323349523 0 
-3.721670630657337e-05 0.0002662886233330948 0 
-8.328542719358727e-05 0.0003141108481179117 0 
-0.0001319375876941532 0.0003644679291911156 0 
-0.0001809378340628067 0.0004217261802841401 0 
-0.0002296927739993983 0.0004916731656168917 0 
6.839478972325589e-07 0.0002369549972228009 0 
-3.809791262323673e-05 0.000394659712840116 0 
-0.0001352460169309063 0.0004413533255793289 0 
-0.0001805652182311599 0.0004909539581727323 0 
-0.0002351942708779371 0.0005541846218626795 0 
-0.0002917671043080426 0.0006315969072713019 0 
5.438114653805229e-06 0.005570111982523318 0 
-3.34245153199231e-05 0.005412097551934023 0 
-0.0001308982643598894 0.005365259887140691 0 
-0.0001764039298504494 0.005315522743861092 0 
-0.0002313161377979361 0.005251891225514416 0 
-0.00028811103435122 0.005173901143604947 0 
3.982877121360169e-06 0.005590379956987198 0 
-3.253767428695205e-05 0.005540891374183989 0 
-7.868099828437992e-05 0.005493175662138404 0 
-0.0001274765548231886 0.005442878624742637 0 
-0.0001766506166766239 0.005385490732241084 0 
-0.0002255905740893975 0.005315226971768538 0 
2.550594659710945e-05 0.005615638181131255 0 
-6.750154992262581e-06 0.00557559546411251 0 
-4.439863456447021e-05 0.00553185911469377 0 
-8.499734791127421e-05 0.005482962346792158 0 
-0.0001269711231303217 0.005425938469051241 0 
-0.0001690637910764314 0.005355819161297299 0 
5.109162175267262e-05 0.005637665792748013 0 
2.248993637064379e-05 0.005602088686112721 0 
-9.416502351607094e-06 0.005561579382729762 0 
-4.374619829652389e-05 0.0055146362061589 0 
-7.948479485124458e-05 0.005458634052604405 0 
-0.0001160693290070461 0.005389093777581597 0 
-0.001443603113245301 0.002932796702740346 0 
-0.001426002993360895 0.002996863231751561 0 
-0.001391501559521055 0.003063162385928265 0 
-0.00130127697851239 0.003194212189721185 0 
-0.00125501758954187 0.003242647990782077 0 
-0.001205508929263132 0.003284676309412183 0 
-0.001153241522630135 0.00332473392333356 0 
-0.001098127011578035 0.003365889416441042 0 
-0.001040002566608345 0.003410404163755939 0 
-0.0009790907374754322 0.003460673823190266 0 
-0.0009149315045539372 0.003522421588290034 0 
-0.0008470536317785139 0.003597011915503612 0 
-0.0007744237896092235 0.003688413942022139 0 
-0.0006960663481898326 0.003801634998724241 0 
-0.0006117290981891943 0.003941728371169685 0 
-0.0005235896682377467 0.004113855997144764 0 
-0.0004361944290370498 0.004320820434061638 0 
-0.000356495822418504 0.004550889586125727 0 
-0.0002896801989214068 0.004784622386638482 0 
-0.0002377045934627266 0.004997230371307657 0 
-0.0001949431782083086 0.005169963052738694 0 
-0.0001542839070175538 0.005297590084994027 0 
-0.001342451217712934 0.003132659377634842 0 
-0.001203316632345199 0.002515303746556816 0 
-0.001443553652661989 0.002869550271960534 0 
-0.001425901982084965 0.002805523862412276 0 
-0.001150837956023418 0.00247587642129412 0 
-0.00134333950528647 0.002670434674846301 0 
-0.0002922800658495712 0.001021619142950775 0 
-0.000772937838931716 0.002112794116785503 0 
-0.00139160495184707 0.002739345994982619 0 
-0.001302126316427329 0.00260833121967439 0 
-0.001253870114419339 0.0025573994604708 0 
-0.0008458671111610228 0.002204953125975405 0 
-0.0003582950916131937 0.001254429183999956 0 
-0.0001586878585955952 0.0005097804390657265 0 
-0.0001982547823536846 0.0006368072153308891 0 
-0.0002408818844280669 0.0008093640305069029 0 
-0.0004377405117930114 0.001482464332481047 0 
-0.0005243138190248426 0.001686717168113047 0 
-0.00061141856706561 0.001859160591060499 0 
-0.0006947614324532723 0.001999500081534531 0 
-0.0009139875009325992 0.002279278275261108 0 
-0.0009780532430434599 0.002340024945347773 0 
-0.001038586888132144 0.002391068882412591 0 
-0.001096044453726685 0.002435442410097404 0 
-0.0002111595620592015 0.005262635952512994 0 
-0.000274621634866194 0.005216626925549949 0 
-0.0003337631332710909 0.005062935581317472 0 
-0.0003373437009754221 0.0007418493110630377 0 
-0.0002785340414157429 0.0005899505180802146 0 
-0.000215181431062367 0.0005443412986832973 0 
-0.0002528265598677668 0.005119767020445316 0 
-0.0003042255950794883 0.005051470551982411 0 
-0.000309958500701926 0.00485951551166233 0 
-0.0003141699554709034 0.0009439241539858115 0 
-0.0003080447770580302 0.0007544500792101641 0 
-0.0002565308257671221 0.0006866915713613865 0 
-0.0002926093312534356 0.004909829903741026 0 
-0.0003300717869462438 0.004766732476316495 0 
-0.0002443938471417212 0.004288885755938139 0 
-0.0002492299973417162 0.001508754672387544 0 
-0.0003336438568037571 0.001037794906805833 0 
-0.0002958350331635082 0.0008961611406976308 0 
-0.0003468295042807212 0.00463864416071239 0 
-0.0003863905698008962 0.004376524599219582 0 
-0.0003500699974074104 0.003662046858336088 0 
-0.0003529804040584789 0.002130623693784962 0 
-0.0003890913739641802 0.001425519845261007 0 
-0.0003494180722866287 0.001166312573100021 0 
-0.0004238106702361107 0.00434817897516224 0 
-0.0004832515236825333 0.004007275007222419 0 
-0.0005031672842741439 0.003357293087653979 0 
-0.0005042137884419086 0.00243542741517687 0 
-0.0004845792869965064 0.001792185864813458 0 
-0.0004254726042088205 0.001455211188736627 0 
-0.0005160289333726357 0.004084020640128282 0 
-0.0005891038222737158 0.003732420609839722 0 
-0.0006316670798970289 0.003209958353450414 0 
-0.000631824571622234 0.002583996933990676 0 
-0.0005893422980066317 0.002065291353359648 0 
-0.0005165828724096025 0.0017170688894973 0 
-0.0006099978472322749 0.003868709548123001 0 
-0.0006868458003137711 0.003543254910116821 0 
-0.0007335495141472515 0.00312745376705667 0 
-0.0007334260744817433 0.002667773073637211 0 
-0.0006865869535032872 0.00225382931215214 0 
-0.0006100014095611446 0.001930431212190342 0 
-0.0006987447210653789 0.003703662220014424 0 
-0.0007729333871006198 0.0034142607498752 0 
-0.0008167873094158652 0.003077055699743276 0 
-0.000816609038925397 0.002719542982789021 0 
-0.0007725215779399601 0.002383348690840889 0 
-0.0006983597660040992 0.002095446236716453 0 
-0.0007802493912506568 0.003579029501574298 0 
-0.0008488363031591524 0.003324523826095764 0 
-0.0008879986049111143 0.003044183251148378 0 
-0.0008878048021807593 0.002753826429120078 0 
-0.0008483180550282068 0.002474144407234541 0 
-0.000779453698805888 0.002220736971700522 0 
-0.0008544905088235168 0.003484053030910616 0 
-0.0009169256275118083 0.003259941598336552 0 
-0.0009514757103484907 0.003021451618905739 0 
-0.0009512529951015973 0.002777775188334981 0 
-0.0009163075627430531 0.002539777500699209 0 
-0.0008535352723381024 0.002316448671795347 0 
-0.0009225330585131611 0.003410440810458463 0 
-0.0009792809966640678 0.003211735969601347 0 
-0.001009877536448089 0.003004854784412564 0 
-0.001009614476033753 0.00279518224201225 0 
-0.0009785475281549503 0.002588700095528314 0 
-0.0009214991206032392 0.002390715186672434 0 
-0.0009857549599905132 0.003352159494120976 0 
-0.00103751274061512 0.003174560526757704 0 
-0.001064924165603634 0.002992173665117311 0 
-0.001064629428360416 0.002808207146364504 0 
-0.001036691765983892 0.002626075585271525 0 
-0.0009845825041799451 0.002448937133359948 0 
-0.001045194632717122 0.00330526694416383 0 
-0.001092887041207121 0.003145169970393028 0 
-0.001117815117841501 0.002982179040842481 0 
-0.001117514962051423 0.002818256648387487 0 
-0.001092055307080871 0.002655382785065818 0 
-0.001044064371709405 0.002495432964305586 0 
-0.001102055581715648 0.003267084736347382 0 
-0.001146405580987276 0.003121364363099154 0 
-0.001169405425128822 0.002974104975796981 0 
-0.001169106436281074 0.00282634604385746 0 
-0.001145563635968717 0.002679185630542214 0 
-0.001100839560684493 0.002533733626742444 0 
-0.001156972416195332 0.003234190085342216 0 
-0.001198657348093708 0.003101133659599071 0 
-0.001220168134665264 0.002967303126640741 0 
-0.001219870249044057 0.00283322702517967 0 
-0.00119776516534809 0.002699454114449643 0 
-0.001155482970955447 0.002566614594444218 0 
-0.001209908464023561 0.003204109317632407 0 
-0.00124969666249108 0.003082813180932576 0 
-0.001270128938820095 0.002961217237754999 0 
-0.001269866908048334 0.002839515185624355 0 
-0.001248857944818021 0.002717848434541305 0 
-0.001208353630734875 0.002596474580184636 0 
-0.001260730237610222 0.003174753734695953 0 
-0.00129917598615588 0.003064947688209709 0 
-0.001318837017888497 0.002955338917270801 0 
-0.001318660357372683 0.002845783806629319 0 
-0.001298608212964656 0.002736004161734898 0 
-0.001259550977580013 0.002625775950138621 0 
-0.001309009635702127 0.003143688159099843 0 
-0.001346284543375229 0.003045943920206521 0 
-0.00136527305031893 0.002949110923188108 0 
-0.001365190894268384 0.002852557339323766 0 
-0.001346050941214423 0.002755621117069393 0 
-0.00130865547058751 0.002657512845046844 0 
-0.001353577253533922 0.003107599109416423 0 
-0.001389389423118178 0.003023961846093532 0 
-0.001407733878845007 0.002941861889650673 0 
-0.001407687912192492 0.002860285967730269 0 
-0.001389315396541836 0.002778257555242301 0 
-0.001353654788227287 0.002694801413146266 0 
0.000253167877970342 0.005839477300044613 0 
0.0002515682466444582 0.005833473869122515 0 
0.0002492586489519718 0.005827461271896171 0 
0.0002461271270652754 0.005821367937190516 0 
0.0002420695936136449 0.005815110708954204 0 
0.0002369746585128747 0.005808635817492688 0 
0.0002307408120522764 0.005801779400117549 0 
0.0002232752202059649 0.005794458140767138 0 
0.0002144652884977628 0.005786584607981444 0 
0.0002042108264581362 0.005778033187664575 0 
0.0001924742405961669 0.005768568793629693 0 
0.0001791575562565687 0.005758031046555663 0 
0.0001641901186329222 0.005746270568262488 0 
0.0001475278028684186 0.005733076878220424 0 
0.0001291612236693153 0.005718235921140893 0 
0.000109112589079814 0.005701446842822542 0 
8.743148506509555e-05 0.00568238752790624 0 
6.426197706722095e-05 0.005660645541157982 0 
3.988167445416396e-05 0.005635639796519434 0 
1.478683424320939e-05 0.005606568499689076 0 
1.005576963217004e-05 0.0002004271675083135 0 
3.514150679814306e-05 0.0001713654664383097 0 
5.952341307195963e-05 0.0001463680039805709 0 
8.270763611609238e-05 0.0001246895088128207 0 
0.000104409121444764 0.0001056873037164362 0 
0.0001244751460321202 8.900141386853436e-05 0 
0.0001428511724355634 7.425597616647629e-05 0 
0.0001595239979552579 6.107753594788754e-05 0 
0.0001745164489222751 4.929692056129804e-05 0 
0.0001878790329194799 3.870912185379677e-05 0 
0.0001996789418441272 2.915492293908118e-05 0 
0.0002100068232589291 2.049329266331187e-05 0 
0.0002189011753255182 1.252669245836944e-05 0 
0.0002264370337747508 5.139395203394686e-06 0 
0.0002327185639997549 -1.792279870927206e-06 0 
0.0002378532827135388 -8.366029592745525e-06 0 
0.0002419524358046991 -1.464192350005693e-05 0 
0.0002450918267958836 -2.065705800607793e-05 0 
0.0002473873815811462 -2.665346364687496e-05 0 
0.0002489832073282931 -3.264007363269243e-05 0 
0.000249993456578102 -3.869532976088631e-05 0 
0.0002505278153194124 -4.488853939007841e-05 0 
0.0002507369719053037 -5.120041573933851e-05 0 
0.0002507905578801944 -5.760290859144734e-05 0 
0.0002561656698748574 -6.402003591395364e-05 0 
0.0002614871460769545 -6.401267638587396e-05 0 
0.0002668464584528426 -5.76053413059235e-05 0 
0.0002668947666076159 -5.150652415408409e-05 0 
0.0002666781961805703 -4.585581582050845e-05 0 
0.000266164453092602 -4.060386089466316e-05 0 
0.0002652501537966178 -3.573282176881795e-05 0 
0.0002638398198993533 -3.112149376902723e-05 0 
0.0002618929103723286 -2.674623368757084e-05 0 
0.0002593535013817749 -2.267081703840498e-05 0 
0.0002561133042483111 -1.850024682852909e-05 0 
0.0002519997019682234 -1.428306911798953e-05 0 
0.0002469687522806167 -9.906154886744136e-06 0 
0.0002409632365963822 -5.259132050451927e-06 0 
0.0002339350765468005 -2.151183038696525e-07 0 
0.0002258184677262457 5.364279704538522e-06 0 
0.0002165519431677124 1.165459958684237e-05 0 
0.0002060693581527743 1.881866034340387e-05 0 
0.0001943172875491058 2.704459658624004e-05 0 
0.0001812703801981646 3.654622477215736e-05 0 
0.0001668942973942864 4.747342738758623e-05 0 
0.0001511274012218969 6.024547954276517e-05 0 
0.0001338909937436432 7.530449903771006e-05 0 
0.0001150689488902303 9.307076314033912e-05 0 
9.449455166372578e-05 0.0001142313842090617 0 
7.182151095765623e-05 0.0001394042260337786 0 
0.00015593951462547 0.005746858011828845 0 
0.0002709390618743157 0.005870861562038031 0 
0.0002549585805564157 0.005870860827759679 0 
0.0002508004741825453 -6.401653675674744e-05 0 
0.0001860650786131469 0.005770734178914725 0 
7.649999088838695e-05 0.005667707256811818 0 
0.0002694684194726823 0.00584254136775558 0 
0.0002668007661926851 -6.400952393387826e-05 0 
0.0002209857783399552 0.005795413534509753 0 
0.0002451228107433592 0.005812066862203839 0 
0.0002635315205122251 0.005829399005232746 0 
0.0001717174594107921 0.005759733055136373 0 
0.0002680904690046099 0.005837968318676738 0 
0.0002661438919814567 0.005833621722259989 0 
9.925382191390314e-05 0.00569283904265308 0 
0.0002510738312201636 0.005816697897745067 0 
0.0002301321094517023 0.00580161638469516 0 
0.000238157734426903 0.00580710062700902 0 
0.000119865735284996 0.005713948409466318 0 
0.0002106418952042941 0.005788320332884185 0 
0.0002560706797385234 0.005821072999824642 0 
0.0002601945190008591 0.005825227071063168 0 
0.0001386993687715101 0.005731756147097885 0 
0.0001990330499890339 0.005780182630744162 0 
0.0002703586970778156 0.005847435665416168 0 
0.0002708544862954764 0.005852702368787669 0 
0.0002710536143346384 0.005858301866383244 0 
0.0002709813971864023 0.005864446521556738 0 
0.0002656315190278794 0.005870858816183834 0 
0.0002603178268459012 0.005870865770955428 0 
0.0002549475673191153 0.005864457840059924 0 
0.0002549001733598629 0.005858049276041116 0 
0.0002547053680891848 0.00585174496471455 0 
0.0002541735632806595 0.005845554273043377 0 
3.180730163225035e-05 0.005627732587260813 0 
5.329066497966472e-05 0.005648533174495692 0 
5.72145084282701e-05 0.005656299509057233 0 
7.789099137880312e-05 0.005675671984779379 0 
8.127164940937349e-05 0.005680312114815375 0 
0.0001004160627412048 0.005698287073037663 0 
0.0001036879840319472 0.005700861030095971 0 
0.0001211379518774572 0.005717438337863078 0 
0.000124372708662611 0.005718584121283582 0 
0.0001401463523194863 0.005733777822079239 0 
0.0001433032937584735 0.005733985946231129 0 
0.0001575031100581732 0.005747824388597188 0 
0.0001604947382990048 0.005747436522920622 0 
0.0001732700860488704 0.005759958201563299 0 
0.000176001892458988 0.00575924278309377 0 
0.0001874950980594528 0.00577049983944834 0 
0.0001898833733701297 0.005769641498471078 0 
0.0002002414758368742 0.005779686326670791 0 
0.0002022115774824788 0.00577886653594584 0 
0.0002115729577114867 0.005787759363105557 0 
0.0002130648752299927 0.005787082066442024 0 
0.0002215717671985211 0.005794887700663319 0 
0.0002225256848305348 0.005794467806419516 0 
0.0002303066705867254 0.005801244788097532 0 
0.0002306774253001453 0.005801221618336516 0 
0.0002378499226634397 0.005807035522247163 0 
0.0002376175834613649 0.005807509686542091 0 
0.0002442835472418805 0.005812437352785143 0 
0.0002434366248437959 0.005813416865608693 0 
0.0002496907331770817 0.005817525118703246 0 
0.0002482011552212578 0.005819008662279853 0 
0.0002541375350431642 0.005822343634271555 0 
0.0002520034600560216 0.005824463553699843 0 
0.0002577043021379846 0.005827105135395424 0 
0.0002549462100502222 0.005829842224409823 0 
0.0002604858139060479 0.005831865865157155 0 
0.0002571244184612664 0.005835220156218667 0 
0.0002625609853669904 0.005836691809372821 0 
0.0002586418368915322 0.00584067746527673 0 
0.0002640102018165153 0.005841676195286504 0 
0.000259601980789388 0.005846297584780887 0 
0.0002649330531600621 0.005846913562922817 0 
0.0002601091846038497 0.005852122865622631 0 
0.0002654447040540689 0.005852439576711904 0 
0.0002602885571002015 0.005858170238551267 0 
0.0002656248431551823 0.005858258340359009 0 
0.0002603186717663069 0.005864478800080843 0 
0.0002656508200543822 0.00586448396932377 0 
4.858416862053859e-05 0.0001585115164116732 0 
2.706156989156277e-05 0.0001792768173224673 0 
7.313627079030716e-05 0.0001313596811006484 0 
5.245295223800676e-05 0.0001507139117070807 0 
9.564183104360957e-05 0.000108722985297592 0 
7.650936660585888e-05 0.0001266974863096128 0 
0.0001163623722228885 8.961899446161098e-05 0 
9.893765585828761e-05 0.0001062030940931374 0 
0.0001353766710682519 7.332799523063376e-05 0 
0.0001196402014244576 8.853358240032779e-05 0 
0.0001527481847414674 5.938842361270063e-05 0 
0.0001385865814587279 7.323876934576261e-05 0 
0.0001685341938155129 4.734946828873718e-05 0 
0.0001557932715308938 5.988834354106814e-05 0 
0.0001828077709377591 3.679791155891527e-05 0 
0.0001713233293564928 4.809202993444144e-05 0 
0.0001956362618926229 2.754840148424669e-05 0 
0.0001852557564657807 3.765529778247383e-05 0 
0.0002070701532492293 1.939800568106683e-05 0 
0.000197656567594216 2.836337954086334e-05 0 
0.0002171674953173871 1.217009622020977e-05 0 
0.0002085925466441324 2.004698718986499e-05 0 
0.0002259919184115182 5.701950931434171e-06 0 
0.0002181375817907933 1.254661811138954e-05 0 
0.0002336138891658751 -1.772616373712191e-07 0 
0.0002263690482676094 5.69591582552984e-06 0 
0.0002401046233050596 -5.611540822664873e-06 0 
0.000233373014277105 -6.43746511556196e-07 0 
0.0002455381297355595 -1.072687819830053e-05 0 
0.0002392258377034053 -6.604769511212099e-06 0 
0.0002499869543077089 -1.563443760169585e-05 0 
0.00024401566379578 -1.228964459318607e-05 0 
0.0002535530106992674 -2.041415227882401e-05 0 
0.0002478414642042207 -1.776403837340363e-05 0 
0.0002562987254111531 -2.503474048140846e-05 0 
0.0002507806113307523 -2.303603208777353e-05 0 
0.0002583443441036565 -2.984082547555235e-05 0 
0.0002529388893894573 -2.838433451895142e-05 0 
0.0002598038441926386 -3.484464870979418e-05 0 
0.0002544507638614061 -3.383805410294183e-05 0 
0.0002607448927740931 -4.006913907930357e-05 0 
0.0002554177152892721 -3.944412052666158e-05 0 
0.0002612637109867265 -4.558851271118451e-05 0 
0.0002559293034824485 -4.526892863364364e-05 0 
0.000261465611407477 -5.144031961694932e-05 0 
0.0002561250511072893 -5.133526186600435e-05 0 
0.0002615029390115344 -5.763964392031153e-05 0 
0.0002561652447251303 -5.76288543332727e-05 0 
-0.0003473431555748515 0.004434295730592321 0 
-0.0002157261144631925 0.004718651670409513 0 
-0.0001168135313803414 0.004996900796238902 0 
-4.787925970513309e-05 0.005269708315453296 0 
-7.076200563741216e-06 0.005539089352403887 0 
0.0001874159319879017 0.005806923856885645 0 
0.0003200209853820766 0.005806923856885645 0 
0.0004138356493182383 0.005806923856885645 0 
0.0004632451980299812 0.005806923856885645 0 
0.000482234598264144 0.005806923856885645 0 
0.0004842132800402562 0.005806923856885645 0 
0.000464483071694939 0.005806923856885645 0 
0.0004458674850507413 0.005806923856885645 0 
0.0004285585458867856 0.005806923856885645 0 
0.0004146316546262588 0.005806923856885645 0 
0.0004031602015072378 0.005806923856885645 0 
0.000394696186359968 0.005806923856885645 0 
0.0003841267827154683 0.005820478869536648 0 
0.0003777649491534782 0.005833429017340888 0 
0.0003674486787043281 0.005845041327876074 0 
0.0003538756862176882 0.005854679057818797 0 
0.0003380531839372942 0.005861910683317561 0 
0.0003210726625741367 0.005866691919377599 0 
0.0003038902817784807 0.005869334491472389 0 
0.0002870947780814592 0.005870436458488888 0 
0.0003862254240426318 0.005806923856885645 0 
-0.001162036288802539 0.003342802468945538 0 
6.630326714055546e-06 0.005806923856885645 0 
-0.0009366140183294693 0.003587054234051406 0 
-0.0007141543368112592 0.003859814127886109 0 
-0.0005139950629076621 0.004145943315078258 0 
4.65336392264919e-06 0.005543188972983094 0 
5.827450086165797e-05 0.005625799886211615 0 
8.200281885427168e-05 0.005657942645884851 0 
3.251151771167601e-05 0.005588310419958747 0 
-2.555794217405221e-05 0.005487636066546348 0 
0.0001873308689542964 0.005770115175516725 0 
0.0002119342594692382 0.005788890759749546 0 
0.0002330139094622241 0.005803176547792109 0 
0.0002416368268890005 0.005808725512274631 0 
0.000248846623026188 0.005813310050368762 0 
0.0002549345147111558 0.00581731191963225 0 
0.0001237830547557657 0.005708340128940179 0 
0.0001419583646258106 0.005727878034776993 0 
0.000158649371838623 0.005744523164352909 0 
0.0001038909532410142 0.00568530104810519 0 
0.0001739013250346433 0.005758587680168302 0 
0.0002001226691589258 0.005780194136534306 0 
0.0002232346244781318 0.005796691100028045 0 
0.0002604795474083065 0.00582118834586474 0 
0.0002655714539197624 0.005825035340881721 0 
0.000271151502306309 0.005831464737957336 0 
0.0002734382054338644 0.005834988617796805 0 
0.0002760613754660824 0.005842491869676237 0 
0.0002789123926704187 0.005850885197527435 0 
0.0002818890148168148 0.005855433299178862 0 
-0.0004315548995315603 0.004316939041824072 0 
-0.0002687189424804321 0.004716535466486461 0 
-0.0002110471671930248 0.004903476641976828 0 
-0.0001660443045757817 0.005072511452323169 0 
-0.0001283304319452687 0.005216055683811242 0 
-5.758029686452692e-05 0.00541913450264866 0 
-9.226317082577069e-05 0.005331376142319831 0 
-0.0009333382932499617 0.003590252285961943 0 
-0.0007484550899768965 0.003804542693615642 0 
-0.0005866385809433359 0.004032606002377963 0 
-0.0005098058676579086 0.0041640822917719 0 
-0.0003425501024476581 0.004521879429243686 0 
7.432044390488738e-05 0.005609818378642128 0 
9.397788976821937e-05 0.005644697032622202 0 
0.0001128320935751082 0.005674013664180557 0 
5.223141875381093e-05 0.005566398758028353 0 
0.0001318810163784998 0.005699421598857338 0 
2.703439321815647e-05 0.00551112031591374 0 
0.0002692143755510206 0.005828387251341544 0 
0.0002769296718736761 0.005846663136788594 0 
0.0002751729933110135 0.005838638867841851 0 
0.0002609705708664726 0.005818592013172222 0 
0.000254868201497873 0.005814765298119478 0 
0.0002653183267536557 0.005821564952936561 0 
0.0001659478605956698 0.005739547913256812 0 
0.0002163635014691479 0.005788177071470484 0 
0.000180662967950062 0.005755326591098068 0 
0.000206164472277131 0.005779484456002987 0 
0.0002267364956240797 0.00579613069376897 0 
0.0001943341053643647 0.005768780518803007 0 
0.0002372460540908949 0.005803422967301398 0 
0.0002469042750151584 0.005809725714334522 0 
0.000269455139447927 0.005824438882856001 0 
0.0002814864200187337 0.005836020961892559 0 
0.0002876851320921966 0.005851364956752615 0 
0.0002752229525558825 0.005827991031226414 0 
0.0001497973079324579 0.005721066536875789 0 
-0.001046541766631378 0.003492368448096424 0 
-0.0009195818007103902 0.003576647739650178 0 
-0.0006641780141913178 0.003917198878899898 0 
-9.39429517325355e-05 0.005147090904757193 0 
-0.000128942686872094 0.005011331908457443 0 
-6.518343034951618e-05 0.005263563977844756 0 
-0.0002463170037742014 0.00466690457020854 0 
-0.0003588253439279133 0.004453260656558876 0 
-0.0009833705121018018 0.003552495945751587 0 
-0.0001758387147291773 0.004855200696114182 0 
-3.574670831128581e-05 0.005362008997731432 0 
-0.0011019793990783 0.003439229526828545 0 
-0.0003989307714812375 0.004364998243550196 0 
-0.0006396421744722315 0.003989361462274012 0 
-0.001154689152314159 0.003386086605846042 0 
-9.656590518060871e-07 0.005444144536433919 0 
0.0002878053948265624 0.005860553843028154 0 
0.0002837507306195739 0.005842976608731482 0 
-0.0009859411191795865 0.00359668656554759 0 
9.938899922335806e-05 0.005586921582561812 0 
0.0001293739141609923 0.005660743609405282 0 
0.0001167611212260466 0.005629049816196346 0 
0.0001418704319367009 0.005685961265978394 0 
7.781805204537739e-05 0.005531658314786914 0 
0.0001593532360042035 0.005709445473006359 0 
0.0002434623003412285 0.005802080117505507 0 
0.0002700090909978847 0.005819834610730395 0 
0.0002376983066260136 0.005795915804182154 0 
0.0002525570212986135 0.005808754301580051 0 
0.0001918010577486491 0.005748780310311533 0 
0.0002043729401484156 0.005763960343464463 0 
0.0002163154220654571 0.005776733640408284 0 
0.0002619517086015981 0.005814827762912704 0 
0.000275923247117147 0.005823552201796665 0 
0.0002768480610436353 0.005826510876003238 0 
0.0002771814416463805 0.005825540578062741 0 
0.0002836617621367701 0.005829437633479085 0 
5.752864281770899e-05 0.0054598233581683 0 
0.0001767866360678854 0.005730370128706229 0 
-4.531723700885275e-05 0.005118905717367755 0 
-2.02064721917127e-05 0.005228516877921825 0 
-2.895558071101934e-06 0.005319579313817272 0 
-7.718234876594525e-05 0.004998708885913325 0 
-0.0001186352136878157 0.004869833387652029 0 
-0.0001603666058608375 0.004750044339381737 0 
-0.0003360989439913459 0.004447491579504092 0 
6.63326672515238e-06 0.005381649183996447 0 
-0.000543069221001362 0.004123829971727376 0 
-0.0009234893799845843 0.003663582237082906 0 
-0.0009920624174685107 0.003584585294650651 0 
-0.0007716799520944809 0.003821458605763897 0 
0.0002811389931350675 0.005831995097196368 0 
0.0002856177489447409 0.005848275307397927 0 
0.0001359049142778928 0.00552188397784593 0 
0.0001650603427727666 0.005693792735765492 0 
0.0002899120845168061 0.005829393677569321 0 
-1.329380514655321e-05 0.005026620536723223 0 
0.0002684908056273777 0.005812621273572969 0 
0.0002197626365147915 0.005756023811631919 0 
4.994590118395764e-05 0.005311980600449073 0 
1.863020603331036e-05 0.00513537660596799 0 
0.0002048835925508433 0.005735603016246574 0 
0.0001057734088724187 0.005438426820518641 0 
-0.0007918536902228675 0.003834294374661739 0 
-0.0005023456617404847 0.004192412484838194 0 
-0.000462743840807533 0.004248606646808087 0 
0.0002934170109041598 0.005845124300416837 0 
0.0002914542726953395 0.005832798848374378 0 
-0.0006150554603586057 0.004042565858267373 0 
0.0002930094056303617 0.005840030935688337 0 
0.0002942653538239797 0.005851697529424115 0 
-0.0003419250219402173 0.004410869586777532 0 
-0.0008071826976654519 0.003806612832149732 0 
-0.0006974594083635809 0.003945652596454149 0 
-0.0002614136389047467 0.004536633656623865 0 
0.0002892632773098018 0.005836260405691358 0 
0.0003065585408036198 0.005844306755849758 0 
0.0001629401674020683 0.005650453952578347 0 
-0.0002038068476113998 0.004646525260160804 0 
0.0002854990001296951 0.005823326075332171 0 
0.0002954658674711313 0.005828465038033363 0 
0.0003010667880898146 0.005832819723177491 0 
0.0002667922348942075 0.005750690693469939 0 
0.0001747609943401222 0.005505855449030991 0 
0.0002572898575161919 0.005793074414504914 0 
0.0002672822118978599 0.005804801781930512 0 
0.00012118396070346 0.005282447951442248 0 
7.566361472641328e-05 0.005149318336617818 0 
0.0002568130936379421 0.00577980399556004 0 
0.0001272479598380635 0.00540455595556796 0 
-1.909159510783097e-06 0.005037253587146615 0 
-0.0001253948733721445 0.00477515893324704 0 
-0.0006513223544643001 0.003971096172437506 0 
-0.0004506421391053127 0.004239167007437991 0 
-0.0002747939111049752 0.004508417951130594 0 
0.0001656504465727388 0.005551731462848436 0 
-0.0006034898845773586 0.004052113297448067 0 
0.0003101171427800445 0.00583574856833663 0 
0.0002178636909601496 0.005576441216685283 0 
0.0002987848796916574 0.005824870735142601 0 
0.0002841421207056233 0.005814668300552814 0 
0.000311306096442448 0.00583246706118613 0 
0.0002142663970933039 0.005678575201425725 0 
5.82680460371293e-05 0.005046061952586715 0 
0.0003071720375426269 0.005850695344915819 0 
0.0003040879512069153 0.005839791904068511 0 
-0.0001133412175256552 0.004749939276991162 0 
0.0003026421494062251 0.0058101258621166 0 
0.0003059440587311041 0.005768258667501315 0 
0.0002963306826114727 0.005799990443470234 0 
0.0001918578152536128 0.005345625150239847 0 
0.0002118905124558647 0.005501808506788375 0 
0.0001786818329290299 0.005417330663990689 0 
9.777841834414356e-05 0.005298131085642185 0 
6.351333867655163e-05 0.005049763868434959 0 
-0.0002274171949800388 0.004558916848570609 0 
-0.0004045122842696294 0.00430784408118618 0 
-7.159198030566764e-05 0.004806819440136288 0 
-0.0003458059939088423 0.004398079956649021 0 
0.0003710155564721924 0.005835474972959464 0 
0.0003834702113825999 0.005826111486931231 0 
0.0003917049535663923 0.005816435805435964 0 
0.0003559064077166572 0.005843810562961407 0 
0.0003394459925636516 0.005850687059368648 0 
0.0003166434206329421 0.00583868105295549 0 
1.742780208256299e-05 0.004942272278597487 0 
0.0002334989262468547 0.005554636240496937 0 
0.0003078777274507087 0.00581774749449318 0 
0.0002773940972481576 0.005708107390174273 0 
0.000195375819985699 0.005281531333168959 0 
0.0003224920151294822 0.005847900009193035 0 
0.0003098430940794027 0.005828928226280177 0 
-0.0001534494002962067 0.004670681398710735 0 
0.0002516806230589074 0.00565241851103816 0 
0.0003206715607002679 0.005842416441215952 0 
0.0003310446356948095 0.005802660351787803 0 
0.0003334911308541257 0.005763730039681315 0 
0.000249985942577692 0.005396564626243353 0 
0.0002619674627367952 0.005530165212690612 0 
-4.340249700488008e-05 0.004824193657763097 0 
-0.0001971014266415249 0.004595795836270936 0 
8.909755020636494e-05 0.005040910607288077 0 
0.0001849881756467995 0.005296203699351681 0 
0.0003223387168787211 0.005834828920114145 0 
0.0003867541508599707 0.005823920160577129 0 
0.0003714676112487181 0.005831523671298172 0 
0.00032249026607265 0.005855844500126916 0 
0.0003552036530831147 0.005838137249087886 0 
0.0003096339656081287 0.005822605190221063 0 
-0.0008554138372015198 0.003725095544546996 0 
-0.0003705968331020907 0.004359001845250192 0 
0.0003097824406559592 0.005825311332146672 0 
-1.028727400762147e-05 0.00487784668428672 0 
0.0002726377022735247 0.005586656097420982 0 
0.0003367120895327258 0.005813777493754907 0 
0.0003357360624778185 0.005839446949813636 0 
0.0002656320575242867 0.005623766641770749 0 
0.000296471438007331 0.005690115578644224 0 
-0.000175675179426306 0.004628329365255574 0 
0.0003085576852108541 0.005737281368421273 0 
0.0002204442870164733 0.005279582530677757 0 
0.0003513813290893856 0.005785194857055315 0 
0.0002969595561253321 0.005501046827007634 0 
0.0003350525385695665 0.005821220976221818 0 
9.531533123310237e-05 0.00503380449245462 0 
-2.625094441526634e-05 0.004844357728464269 0 
0.000321736707301137 0.005828031083682452 0 
0.0002032574256874338 0.005243798895744251 0 
0.0003304546266112339 0.005836853668443338 0 
0.0003517463905657497 0.00583551303422849 0 
0.0003685498522687343 0.005830641449715119 0 
0.0001186782067044109 0.005095999944587665 0 
0.0003225622559740676 0.005628963970591125 0 
0.000333144847703774 0.005724807279182201 0 
0.0003453922845879744 0.00583432157236853 0 
0.0003725471618103513 0.005815854286766758 0 
0.0003387844042472651 0.005843645099298791 0 
0.0003129233864861124 0.005665237330194865 0 
0.000335883200570525 0.005833370953831831 0 
0.0002898456465533079 0.005423814057191231 0 
0.0001855237941082217 0.005185139736262076 0 
0.0001940774364714131 0.005199745212585242 0 
0.0003615988772426589 0.005831066684498518 0 
0.0003862966732403104 0.005824693711047482 0 
0.0002018340486058269 0.005226495129807053 0 
0.0003485303172167627 0.00582768859732872 0 
0.0003364924094876029 0.005830256281735006 0 
0.0003724134442033349 0.005676154503296444 0 
0.0003559952989989037 0.005705579608754269 0 
0.0003641990695000254 0.00555656899627037 0 
0.0003622381036060507 0.005755350656995509 0 
0.0002432216848884046 0.005285748212440497 0 
0.0003505903548908279 0.005831230652773311 0 
0.0002992517107326952 0.005419461358810304 0 
0.0002915570462232348 0.005393961156156678 0 
0.0003789837292659186 0.005827026395013655 0 
0.0003825002241871014 0.005779555295676297 0 
0.0003658268873791086 0.005828319911001563 0 
0.0004156414375869309 0.005723900311813733 0 
0.0003779481249751641 0.005631434498274171 0 
0.0002722182925753116 0.005338404145404186 0 
0.0002714543835339111 0.005340753440601483 0 
0.0003044622596909421 0.005560084596196503 0 
0.0003593258569931511 0.005507482358786249 0 
0.0004066570618453905 0.005816798810639299 0 
0.0003910786281752126 0.005742431006435029 0 
0.0003637577046572171 0.005802089217633854 0 
0.000402214195519741 0.005669091135271693 0 
0.0003198591082165458 0.005576048295735623 0 
0.0004307004925300118 0.005698021833134947 0 
0.0003965059397821272 0.005822501405250044 0 
0.0004310292819437096 0.005661446647611313 0 
0.000360191151698623 0.005823526096316564 0 
0.0003806646712109055 0.005824536298529206 0 
0.000414980295103074 0.005771690773606248 0 
0.0003946986899264889 0.00581950454471097 0 
0.0003946517529333421 0.005797112449735842 0 
0.0004700668496676114 0.005742334525620406 0 
0.0004671074442119946 0.005758326170710338 0 
0.0004162454275976156 0.005615254425713129 0 
0.0004457904502975067 0.005764202119257365 0 
0.0004268543147148713 0.005791482339500851 0 
0.0003739926797869344 0.005544027932737223 0 
0.0004239098839126288 0.005812525124987767 0 
0.0003281307820373603 0.005440503178469854 0 
0.0004516021512968911 0.005715791515851937 0 
0.0003984791735935077 0.005815419052175668 0 
0.000423097879198961 0.005813212650666717 0 
0.0004575868413684617 0.005789563379556742 0 
0.0004391272422105109 0.005809608010489684 0 
0.0004120026630456126 0.005817725374040303 0 
0.0004016211706483053 0.005808438309436632 0 
-0.001132224168816594 0.003414227999676735 0 
-0.001001969735264196 0.003555525152864568 0 
0.0003055497671288233 0.005859216712159616 0 
0.0004531015371243064 0.005803147979662325 0 
0.0004295148439777511 0.005804304066619245 0 
-0.001001657791488759 0.003571607638479731 0 
-0.0008441815719322075 0.003749816318920241 0 
-0.0008384824202316867 0.003689740818241068 0 
0.0002824442223734684 0.005845992494815705 0 
0.0002781215743499425 0.005833236356273825 0 
-0.0005663331167991443 0.004109293135317618 0 
0.0004072793776155442 0.0058139781916935 0 
-0.0005219652688157982 0.004169447168880723 0 
0.0003236906171149972 0.005831763620157152 0 
0.0001016426596109851 0.005048558179602951 0 
-0.0004934061773389863 0.00420781050652959 0 
-0.0004066734638323503 0.004329858511477213 0 
-0.0002783947535562476 0.004563235725569942 0 
0.0002835654855638251 0.005839473257423099 0 
0.0002990080047308442 0.005836204387083758 0 
0.0002292705664750838 0.0057878702917207 0 
0.0003300124820442067 0.005825540302802451 0 
0.0003208599735278213 0.005787580758102756 0 
0.0002850235055039515 0.005745328450631559 0 
0.0002549717140360841 0.005719642713026158 0 
0.0002482270149565975 0.005679432706498782 0 
0.0002366260932904314 0.00545295577049944 0 
0.0002351972720801121 0.005326963905235143 0 
0.0001495109528305748 0.005174870214536923 0 
0.0002887521827272109 0.005786164199601017 0 
0.0002778152640637244 0.005768672227461781 0 
0.00023613583066413 0.005736836238019654 0 
0.0002024641207278815 0.005704594519651114 0 
-5.200445911274185e-05 0.004913820275745832 0 
0.0001970411715458868 0.005613613307528416 0 
0.0001391535934602711 0.005218636253564159 0 
3.353623987960234e-05 0.005221934347982713 0 
-7.437786713544083e-05 0.004839370250879586 0 
0.0002921146035044512 0.005820517236574394 0 
0.0002484687750928665 0.005762623882061028 0 
5.601563212205596e-05 0.005386575455156605 0 
2.843914180264791e-05 0.005037685027422476 0 
0.0001663610357720344 0.005679166493773475 0 
0.0001478768335538023 0.005605572947806585 0 
0.0001221255655887259 0.005555026716383005 0 
0.0002773256416148673 0.005818446432708623 0 
0.0002602194750842609 0.005807119530679613 0 
0.0002353163493839315 0.005780966847266674 0 
0.0002300651074902919 0.005771455611659813 0 
0.0001843324584399082 0.005713202021207073 0 
9.532983890551777e-05 0.005304428812837698 0 
-0.001135060697232687 0.00242993106010085 0 
0.0002813068223913489 -6.369698615312119e-05 0 
0.0004791940985362418 0 0 
0.0003184802208492123 0 0 
0.0003554946224993445 -4.439120330849537e-05 0 
-0.0002710421981965732 0.001211170023358258 0 
0.0004427969708484396 0 0 
0.0004767968628740329 0 0 
0.0004076516731817356 0 0 
0.000461698666198225 0 0 
0.0004100259610839214 0 0 
-0.0006444813718708241 0.001848338054078367 0 
0.0003668887855043151 -3.501172804451794e-05 0 
0.0003753912691285349 -2.408177486607462e-05 0 
0.0003805144395309554 -1.224631439202747e-05 0 
-1.562778143170523e-05 0.0002958597282565004 0 
0.0003822243109404248 0 0 
0 0 0 
-6.411759965981042e-05 0.0005949664246356367 0 
0.0003907307082042218 0 0 
0.0004245251639691765 0 0 
0.0002962962048145257 -6.285764236453614e-05 0 
0.0003116978706574545 -6.084380281514997e-05 0 
0.0003271482589178719 -5.728422866425054e-05 0 
0.00034198345240621 -5.185796951145176e-05 0 
0.0003993596378493412 0 0 
-0.0004363262407181216 0.001529146286108255 0 
0.0001794541814038497 0 0 
0.0004619911254801504 0 0 
-0.0008879525750361913 0.002155784533952564 0 
-0.0001481025752476627 0.0008996367119960021 0 
-2.734370961040029e-05 0.0003105211989023007 0 
3.164197138314007e-05 0.0002124750505734179 0 
5.852180856229177e-05 0.0001748659211289453 0 
3.079432798620655e-06 0.000256787246834675 0 
-5.863533893106673e-05 0.0003775938604941006 0 
0.0002433784651114483 -5.952615137989919e-06 0 
0.0002360712135375757 -1.211605587853773e-06 0 
0.0002279098941859846 4.093462056572599e-06 0 
0.0002187763691536398 1.017011528425137e-05 0 
0.0001985911020186188 2.464029263183524e-05 0 
0.0001741682286769384 4.434801906303188e-05 0 
0.0001048174230033493 0.0001156945359297466 0 
0.0001430279566772672 7.359920088106985e-05 0 
0.0001250308246471133 9.273137775384897e-05 0 
8.298020931390702e-05 0.0001428075778385394 0 
0.000187326355294411 3.339452647288058e-05 0 
0.0001596525269789166 5.748544236733067e-05 0 
0.0002724657874560434 -4.018060229304513e-05 0 
0.0002691441165160571 -3.247078309510548e-05 0 
0.0002697213501281097 -2.595231364582785e-05 0 
0.0002656072271558975 -2.193703312049926e-05 0 
0.0002556524566178223 -1.425284622588815e-05 0 
0.0002498810524281992 -1.02558130567516e-05 0 
0.0002087870275326333 1.710291771575447e-05 0 
0.0002818509011959501 -5.499273631264108e-05 0 
-0.0004815190827412891 0.00158719765591382 0 
-0.0007241681944417995 0.00196882362217632 0 
-0.0009596829906081187 0.002246286069319713 0 
-0.001069038949953462 0.002346603565692411 0 
-0.000125809713953144 0.0005723095891706175 0 
-0.0002088432163043354 0.0008727072151643138 0 
-0.0002635554982803328 0.001055101218449414 0 
-0.0003296248875518961 0.001244809329644892 0 
-9.106209870563954e-05 0.0004629927503376056 0 
-0.000163602193288496 0.0007089232409740619 0 
-0.0004029711981563505 0.001424092248984989 0 
-0.0005570774762115129 0.001720612793608153 0 
-0.0006338477654631911 0.001838183805668961 0 
-0.0008110546898625944 0.002080038493253715 0 
-0.0008897375382505075 0.002171409412799872 0 
-0.001021484562218886 0.002307138825605958 0 
-0.001089142306554973 0.002349857108401675 0 
-0.001087284936161999 0.002333151338848229 0 
2.546349813972718e-05 0.000279920455581129 0 
5.166506564888793e-05 0.0002281428235633784 0 
7.597841870389061e-05 0.0001861319800309153 0 
-6.037078722571924e-07 0.0003430449578842652 0 
9.831193352415404e-05 0.0001509249215644073 0 
-2.669509163356915e-05 0.0004198186323569363 0 
0.0002711632307344775 -3.594694551061653e-05 0 
0.0002728195064085324 -3.049004345949102e-05 0 
0.0002609347561172474 -1.8106680635237e-05 0 
0.0002396616124991281 -2.099691524420449e-06 0 
0.0002465866170939586 -6.486692076871863e-06 0 
0.0002315716310413851 3.150447037567701e-06 0 
0.0002736627995498275 -4.468946181921377e-05 0 
0.0001983410061222102 3.079066837636723e-05 0 
0.0001379641368106639 9.634419876648713e-05 0 
0.0001557396985615433 7.518113385180189e-05 0 
0.0001862473191525967 4.251352187289075e-05 0 
0.0002090476140231681 2.114370706343235e-05 0 
0.0001717289667674058 5.732773437512155e-05 0 
0.0002173120578675532 1.411331683535944e-05 0 
0.0002232541242080435 9.008098961364842e-06 0 
0.0002529990923229381 -1.046607790482183e-05 0 
0.0002803043282770663 -2.778031053138056e-05 0 
0.0002591218871065005 -1.416425892102714e-05 0 
0.0001194472639395471 0.0001212218502718031 0 
-0.0009769336153276488 0.002207043647745795 0 
-0.0009464701559518428 0.002189639925080573 0 
-0.0003561331379699204 0.00136193156524806 0 
-0.0002272246265377999 0.001060804113858228 0 
-0.0001696715316938493 0.0008997351946133489 0 
-0.0004175932597871362 0.001481091739603409 0 
-0.0006096864059725784 0.001775426667383385 0 
-0.0007107116514327686 0.001909443568147338 0 
-0.0008783955968294811 0.002113644609006194 0 
-0.0002890017262576557 0.001215845952413993 0 
-0.0001227401785819194 0.000751985327884996 0 
-8.536857634947921e-05 0.0006230956723715553 0 
-0.0004774226070101411 0.001577849079989714 0 
-0.0007990409517412637 0.002019356464143041 0 
-0.0009368854758284597 0.002147193257339975 0 
-5.410017057670897e-05 0.0005125937476015284 0 
-0.001054979528556389 0.002293993186111781 0 
0.0002791497170244443 -3.968273733081446e-05 0 
7.464273975111404e-05 0.0002550064472434186 0 
0.0001197879764475666 0.0001646299770110538 0 
9.831569453578394e-05 0.0002051118815821051 0 
0.0001368294923861411 0.0001323007606873033 0 
5.419370002159716e-05 0.0003116156795706528 0 
0.0001562035879358388 0.0001039070546085916 0 
0.0002522233836588577 -7.155491884744385e-06 0 
0.0002576533552211763 -1.071069193302856e-05 0 
0.0002440626662815578 -2.170925260248217e-06 0 
0.0002314031206153403 1.106695270596967e-05 0 
0.0002238459729536484 1.935728878109571e-05 0 
0.000187307942879698 6.097934027033334e-05 0 
0.0002393146607491479 3.434462984545754e-06 0 
0.0001999045523438541 4.478702619300977e-05 0 
0.0002141877073966973 3.011356495644221e-05 0 
0.0002356369357582581 3.168833334237819e-06 0 
0.0002625546493330016 -1.381619997329209e-05 0 
0.0002686427498806609 -1.70470928421963e-05 0 
3.569560539347858e-05 0.0003767365192208904 0 
0.0001711487021213511 8.108540759286541e-05 0 
-7.764202210813248e-05 0.0007713940981455003 0 
-3.575227057592555e-05 0.0006458500367941488 0 
-0.0001295660687991537 0.0009108064126708942 0 
-0.0001847730514724285 0.001046792054572589 0 
-5.912219775880468e-06 0.0005418610345540063 0 
-0.0002421367767581336 0.001174576214319159 0 
-0.0002857737100578043 0.001265438559670262 0 
-0.0004012901957545136 0.00146579302423024 0 
-0.00061313353151291 0.001760766995207735 0 
-0.0006372779396419111 0.001780677182232711 0 
1.63939914435934e-05 0.0004537598660594531 0 
0.000275078682469816 -2.410191933462632e-05 0 
0.0002828512802023258 -4.527518412046854e-05 0 
0.0002866210727381991 -4.841507802313735e-05 0 
0.0002870955295752793 -3.245741283286073e-05 0 
-0.0008600778750241098 0.002052163267234685 0 
-0.0007298699465994401 0.001892539550403605 0 
0.0001060711658477705 0.0002803362567280435 0 
0.0001694838823483137 0.0001419117094064286 0 
0.0002704920143517381 -1.588747436455929e-05 0 
0.0002676496120846053 -1.162466840040259e-05 0 
0.0002524752269530388 3.460066930732451e-06 0 
0.0002253677326785179 4.77276612064821e-05 0 
0.0002575587119771486 -2.231539858911662e-06 0 
-0.0001427438961718278 0.001050805679812772 0 
5.304291884976853e-05 0.0005463315394098804 0 
-0.0002008883043806314 0.001174439920620413 0 
0.0001996268057119715 8.788685577094962e-05 0 
8.403085585289315e-05 0.0003944026557965939 0 
0.0002891097787335853 -4.03517674430618e-05 0 
0.0002893968854470116 -2.801206756416709e-05 0 
0.0002647791121273522 -1.755464368215057e-05 0 
0.0002966879799924714 -3.093174823020704e-05 0 
-0.0003909630445905033 0.001458275055974891 0 
-0.000239186718596407 0.001243961587250667 0 
0.0003013135075158016 -2.951485532800087e-05 0 
0.0002957794140030914 -4.60974982154298e-05 0 
0.0002990294461223284 -3.689959092514568e-05 0 
-6.008742429026962e-05 0.0009779740166577149 0 
0.0002796127691047262 -2.260658696732463e-05 0 
0.0001183789343527626 0.0002345758939818324 0 
0.0002853730407341836 -2.150352242471309e-05 0 
0.0002453370169395233 2.020907286098656e-05 0 
-9.031566548670309e-05 0.0009095362899512246 0 
9.608619404123471e-05 0.0003314508672642637 0 
-0.0001784130146750916 0.001167800278326318 0 
0.000259382438710276 7.453627713548458e-05 0 
-8.683706634065021e-05 0.0009937834321532466 0 
0.0002622863158762208 -6.242520385415061e-06 0 
0.0002801000902594201 -1.172443522939394e-06 0 
0.0002435124687796482 5.817084693336419e-05 0 
7.685124619784801e-05 0.0004573689424700303 0 
0.000369955746080078 -2.715529181680061e-05 0 
0.000357088357862943 -3.523784847585551e-05 0 
0.0003116524685854057 -5.026294962821582e-05 0 
0.0003273855195748902 -4.674390164850848e-05 0 
0.0003427347301181111 -4.183925321858448e-05 0 
0.0003880454824107487 -8.881974466084422e-06 0 
0.0003100162333013816 -4.144997172413991e-05 0 
0.0002248818462700935 0.0001316340053195269 0 
8.81492421525701e-05 0.0005855719081111138 0 
0.0001746065650818466 0.0001845552769775356 0 
0.0002725958632723555 9.11098436176771e-06 0 
0.0002611845025088145 2.651459208588982e-05 0 
0.0001398525830834951 0.0003382640863566693 0 
2.249234981725274e-05 0.0007203363437277044 0 
-0.0003011914980725849 0.001340574637888837 0 
-3.075578751173495e-05 0.0009517575673453113 0 
0.000293472219436577 -2.589220436849632e-05 0 
0.000296734183583043 -1.721645474376113e-05 0 
0.0002942843463114632 -1.089991716037459e-05 0 
0.0003002448110309294 4.718844259069694e-05 0 
0.0003091980452141807 -3.29339519993879e-05 0 
0.0003807627810430634 -1.81107842292609e-05 0 
0.0003701299937248615 -2.407614901435689e-05 0 
0.0003424286297550669 -3.548659086114897e-05 0 
0.0003273976669913864 -3.934174083903488e-05 0 
0.000356734791476493 -3.038704691232893e-05 0 
-0.0006894563227417388 0.001850029363683139 0 
-0.0005119166871544849 0.001618647329137164 0 
-0.0001667011195062779 0.001108105876925047 0 
-2.171450748240686e-05 0.0008134753625669393 0 
8.678822095403444e-05 0.0005285166995126904 0 
0.0001544039781731802 0.0002573239486651763 0 
-0.0003448870360198434 0.001406140939118524 0 
0.0003055857227568748 -2.520198146794866e-05 0 
0.0002726492322333056 0.0001004514045188889 0 
0.0001709675540267674 0.0003484606464718052 0 
0.000306056822920322 -2.617092671343439e-06 0 
0.0001048574131081781 0.0007400025995980589 0 
-0.0001380207109215383 0.001115591199311267 0 
0.0002800250740457551 3.437422460083617e-05 0 
0.000299676819817213 -2.194246643698966e-05 0 
-0.0004117343518485834 0.001489637242657668 0 
0.0003099918012960259 -2.977230858453094e-05 0 
0.0002886686187716088 1.040336519736538e-05 0 
0.0003237886902781065 -1.946665237470647e-05 0 
0.0003417724157638946 -3.132025301251429e-05 0 
0.00035507186534511 -2.798688494445381e-05 0 
0.0003679462261681797 -2.342422576213883e-05 0 
0.0003823723052886951 -1.702218525385198e-05 0 
-0.0005965519638876869 0.001727414508244051 0 
0.0002143105348201828 0.0001831924356084857 0 
6.545704344258551e-05 0.0007544616009570622 0 
-9.255243485969889e-05 0.001032858235678113 0 
-0.0002748175066571814 0.001312201583574742 0 
-0.0005558953572848805 0.001705720627474776 0 
0.000208352180257185 0.0002454355056328499 0 
0.0002968404531346631 -5.363819033889131e-05 0 
0.0003279203828969869 -3.416958119669166e-05 0 
0.0003067432623329147 -2.785065896373529e-05 0 
0.0003196658264890817 6.794521281027724e-05 0 
0.0003187447289617901 -1.283898304099629e-05 0 
0.0003256321042563166 -3.107846989587272e-05 0 
0.0003316695535119616 -5.615019258461704e-07 0 
0.0003102943390758094 1.483333998546084e-05 0 
0.0001725320366117476 0.000592104950586577 0 
0.000321834259870278 -2.334497638230492e-05 0 
0.0001527774390083827 0.0005478921217633561 0 
0.0002778578095972686 0.0001403992699221204 0 
-0.0004784593554403062 0.001589455161132875 0 
0.0003534190186506593 -2.675141853277712e-05 0 
0.0003418310333437285 -2.827247258231384e-05 0 
0.0003800360620890226 -1.863035866060437e-05 0 
0.0002745003820902747 0.0001981224596661335 0 
-4.35660236398856e-05 0.0009770772784661731 0 
0.0001137594940369264 0.0007207822605186811 0 
0.000318715821059106 -2.502485804140046e-05 0 
0.0002547024834373938 0.0002817979436045934 0 
-0.0002241692205107687 0.001242190873457006 0 
0.0003464077426244039 -1.179239127709684e-05 0 
0.0003560539914808662 -1.963236367469003e-05 0 
0.0003335213982659559 0.0001000839688340674 0 
0.0003601785518939817 5.564563260503098e-06 0 
3.349506303150325e-05 0.000794367371864316 0 
0.0002191782674037215 0.0005460041191346245 0 
0.000219555989395974 0.0003906553769465905 0 
0.0003275683041392451 -2.620933894142648e-05 0 
0.0003631728290430822 -2.38181714940263e-05 0 
0.0003374897362310839 0.0001494522733722821 0 
0.0001955009962449954 0.0004828789311334687 0 
0.0003441269334772753 -2.407116332426095e-05 0 
0.0003259388590178558 0.000222906139949284 0 
0.0003351601259530524 2.37195762072281e-05 0 
0.0003834770191801405 -1.356797140673471e-05 0 
0.0003759879426291446 -6.566282861604451e-06 0 
0.0002409033817810937 0.0004509046766334815 0 
0.0003815537207935064 6.360161298580085e-05 0 
0.0003644353347091427 -2.238731981510484e-05 0 
0.0003898721148703674 -1.421545749708925e-05 0 
-1.520608135177077e-05 0.0009370443997023715 0 
0.0003217983468500089 -2.899358062533798e-05 0 
0.0003924859963893159 0.0001038385308193967 0 
0.0002548268115411525 0.0004654579021102874 0 
0.0003607089368400444 3.903932263205333e-05 0 
0.0003037640624896252 0.0003853246967350793 0 
0.0003871000639428102 0.0001669754553143544 0 
0.0003939091937885633 -1.472927313200457e-05 0 
0.0004368125745286206 6.232406188984657e-05 0 
0.0003893298302085724 -1.539373391008232e-05 0 
0.0003951710839122235 -8.8038931179543e-06 0 
0.0002524493008366464 0.000500846188850738 0 
0.0003808455191885238 0.0002090526833862362 0 
0.0002943477334099687 0.000324146848432274 0 
0.0001253191666619789 0.0007168413119431699 0 
0.0004115729095868691 -8.056029375615413e-06 0 
0.0003514397292128173 0.0003157299874686924 0 
0.0004063217843373568 -7.240129209289213e-06 0 
0.0004359260630974994 0.000111275130439314 0 
0.0004207974340837864 3.222576360093582e-05 0 
0.0004094072100135997 1.176719985494692e-06 0 
0.0002847220308138786 0.0002315800730301138 0 
0.0004053712468161081 -1.179213048227977e-05 0 
0.0004113532949516472 0.0001890078398168311 0 
0.0004674302418993134 5.590717835495521e-05 0 
0.0004336423908438505 -3.406724402997578e-06 0 
0.0004652303913803526 2.817223286685562e-05 0 
0.0004477520131774134 7.82360746935874e-06 0 
0.000445353908504823 0.000102938548411009 0 
0.0003921168727844652 1.612562953844346e-05 0 
0.0004191500256460867 -6.127659542368209e-06 0 
0.0002764269544193081 -4.936855030926306e-05 0 
-0.0007947812756836557 0.002000425813014522 0 
0.0002788869728497426 -4.322538396047712e-05 0 
0.0002773153531797622 -3.559336822468913e-05 0 
-0.0009987872825825068 0.002247715470324253 0 
0.0002701107816940099 -2.079726874379283e-05 0 
-0.0004245325509537108 0.001510863204864137 0 
0.0003591860123791412 0.0002590518278452503 0 
0.0003158782166640207 -3.597909185710451e-05 0 
0.0002846389760534515 -3.586389645127257e-05 0 
-0.0008228454088497935 0.002010358902514003 0 
0.0003759010397402592 -2.012385689687133e-05 0 
7.052670833271161e-05 0.0007697518885557803 0 
-0.0008871645847539002 0.002099613280085122 0 
-0.0007553508818775971 0.001931304463755956 0 
0.0002843651563411473 -2.525404352742622e-05 0 
0.0002745187131651463 -1.993424556633657e-05 0 
-0.0003362965746155404 0.001357832201582725 0 
0.0003777941725318377 -1.915035976958443e-05 0 
-0.0005406584726191216 0.00166499217641666 0 
-0.0007118557460480966 0.001886544454013789 0 
-0.0008055523352467475 0.002003851970032439 0 
0.000123537768019614 0.0006414761075477393 0 
0.0003540511034440298 -2.498114731171321e-05 0 
0.0003340936787985056 -2.741058703941836e-05 0 
0.0002905720476115669 -2.389381325244942e-05 0 
-0.00050210706434192 0.001608803336344442 0 
0.0002976055857868097 -2.788280034632097e-05 0 
-0.000268391555288486 0.001265521131704177 0 
-0.0001511223385291176 0.001035768286883925 0 
-4.126829388801349e-05 0.0007943190323659114 0 
1.193539562707114e-05 0.0006634366220397593 0 
9.97667696614799e-06 0.000785705184684151 0 
0.0002776008399970887 -1.862766609728929e-05 0 
0.0002699103796906253 -1.435390404982905e-05 0 
0.000254187821449365 -4.989782263801905e-06 0 
0.000140201276148835 0.0001890071688804004 0 
0.000169127513068124 0.0001203266849884052 0 
0.0001993422044283503 7.168703586075221e-05 0 
0.0002240200627349748 3.710692888392026e-05 0 
0.000250364997921492 9.894699771905366e-06 0 
0.0002164996229248034 0.0001047179893813526 0 
0.0003160700847261961 -2.730374647719594e-05 0 
0.0003446444753632249 -2.549334440651839e-05 0 
0.0001408677781431189 0.0004569814426591128 0 
0.0002760484749891972 -1.122532862487021e-05 0 
0.0003021079556642814 -2.637408013003312e-05 0 
0.0002834502643839392 -1.835010992379014e-05 0 
0.0001899727997277514 0.0001524507199634505 0 
0.0001545730206451464 0.0002841253442407783 0 
0.000151899500024138 0.000219590337775627 0 
0.0002698284866165946 -2.125238737120619e-06 0 
0.0002755544574695499 -7.470247233850062e-06 0 
0.0001582161767499028 0.0002413343223373546 0 
0.0002827046188635395 -1.617942515776893e-05 0 
</DataArray>
<DataArray type="Float64" Name="Umag" NumberOfComponents="1" format="ascii">
0.0001758816074980559 
0.0002060341593355008 
0.0002462178395756995 
0.0002967383852465869 
0.0003587127990412034 
0.0004351197978008985 
0.0001926358129633644 
0.0002319113617970151 
0.0002798355322015394 
0.0003366150879784413 
0.000403421272211574 
0.0004833993901354426 
0.0002167046953070752 
0.0002688767638620797 
0.0003249647477622335 
0.0003876137232547532 
0.0004589024634193967 
0.000542679714210209 
0.0002369559842957838 
0.0003964943125510007 
0.000461610488502599 
0.0005231057131023703 
0.0006020273583176146 
0.000695731770462564 
0.005570114637145346 
0.005412200764002996 
0.005366856436702343 
0.005318449058416489 
0.00525698284191998 
0.005181916731472198 
0.005590381375791311 
0.005540986908552892 
0.00549373912327485 
0.005444371221335838 
0.005388387130434008 
0.005320012111690511 
0.005615696104196786 
0.005575599550185111 
0.005532037283277448 
0.00548362112526864 
0.005427423876577091 
0.005358486862349523 
0.005637897298154198 
0.005602133829560849 
0.005561587354426909 
0.005514809717129325 
0.005459212722807651 
0.005390343572788735 
0.003268835641046544 
0.003318836206699367 
0.003364407881442925 
0.003449103258496292 
0.003477044023618701 
0.003498907005930106 
0.003519065454134555 
0.003540493538656316 
0.003565453954087164 
0.003596509694512794 
0.003639306733936701 
0.003695401815145971 
0.003768836639284861 
0.00386483337604707 
0.003988914017831843 
0.004147041994714938 
0.004342781919844416 
0.004564831354662451 
0.004793383564912083 
0.005002880655949424 
0.005173637096802708 
0.005299836245827943 
0.003408185741449907 
0.002788319180997998 
0.003212190204739212 
0.003147087638607881 
0.002730273256387415 
0.002989277902618753 
0.00106260684645663 
0.002249740403418995 
0.003072552818460994 
0.002915291528382831 
0.002848241960271336 
0.002361632794803757 
0.001304594937267849 
0.000533908168620504 
0.0006669545623380862 
0.0008444490607040755 
0.001545741651358105 
0.001766329467009967 
0.001957117974856137 
0.002116764990281424 
0.002455704096168402 
0.002536198906055611 
0.002606889549758832 
0.002670710238390919 
0.005266870563183737 
0.005223850449879791 
0.005073924962955347 
0.0008149485707162745 
0.0006523977513836941 
0.0005853293925015784 
0.005126005814765925 
0.005060623276855031 
0.004869390647734497 
0.0009948344432107381 
0.0008149150303516032 
0.0007330439132463564 
0.004918541440753162 
0.004778146699852179 
0.004295843267626252 
0.001529201181344756 
0.00109010847706777 
0.0009437283279330619 
0.004651592238658797 
0.004393548137895519 
0.003678741115617411 
0.00215966490228627 
0.001477666716998897 
0.001217529468806277 
0.004368784257004337 
0.004036308340383689 
0.003394789270687211 
0.002487074232718041 
0.001856541747288006 
0.001516135396577925 
0.004116492493503604 
0.003778625004174644 
0.003271518902698215 
0.002660120757442947 
0.002147731994100256 
0.001793093258965201 
0.003916504939530408 
0.003609212173241638 
0.003212329677163075 
0.002766753870360251 
0.002356087479920283 
0.002024516333514071 
0.003768999605356693 
0.003500657436687172 
0.003183616385204943 
0.002839500723312404 
0.002505422233978901 
0.002208755598463181 
0.003663091765938466 
0.003431177893936616 
0.003171055532294633 
0.002893398930063992 
0.002615537051990814 
0.002353554920978005 
0.003587308120564349 
0.003386439403112508 
0.003167724090379602 
0.002936139856617732 
0.002700016537467508 
0.002468695386269377 
0.003533011996256201 
0.003357713389921552 
0.003170016547910995 
0.002971929534204595 
0.002767476007022729 
0.002562163096498495 
0.00349409303184264 
0.003339800476822957 
0.003176030025158477 
0.003003242114219847 
0.002823296441611823 
0.002639449903045423 
0.003466586417852984 
0.003329639053636375 
0.003184792374600766 
0.003031733864736327 
0.002871174416322943 
0.002705042715303386 
0.003447951446825297 
0.003325231006012088 
0.003195748653348865 
0.003058601284734993 
0.002913820805567451 
0.002762544810433569 
0.003434904755588247 
0.003324726968164058 
0.003208379360709145 
0.003084681312666068 
0.002953251412822898 
0.002814720478587898 
0.003424937227257554 
0.003326481452942879 
0.003222116548234344 
0.003110531860236694 
0.002991044345955726 
0.002863878269489668 
0.003415918911214174 
0.003328928141979959 
0.003236256973061375 
0.003136455102847785 
0.003028547847370079 
0.002912244496165998 
0.003405331330138901 
0.003330203662957285 
0.003249803953963157 
0.003162408821124049 
0.003066806299260356 
0.00296225482737181 
0.003389593427850925 
0.003327874429076624 
0.003261328878145692 
0.003187917984410443 
0.003106269839265276 
0.003015681671195714 
0.005844962712641744 
0.005838895782976005 
0.005832789619858332 
0.005826568734926859 
0.005820146926456938 
0.00581346773011051 
0.005806365948678648 
0.005798758226470611 
0.0057905575539233 
0.005781640734203048 
0.00577177895108011 
0.005760817560300164 
0.005748615819372207 
0.005734974711731938 
0.005719694456133631 
0.005702490829332988 
0.005683060115983736 
0.005661010293607346 
0.005635780909871398 
0.005606587999146428 
0.0002006792664385159 
0.0001749315540080273 
0.0001580083203283661 
0.0001496262900692738 
0.0001485633562077732 
0.0001530206314531338 
0.0001609981598113822 
0.0001708167770480833 
0.0001813454640217615 
0.0001918252515323545 
0.0002017961579108336 
0.000211004362181191 
0.0002192593044384657 
0.0002264953501680869 
0.0002327254655108541 
0.0002380003666987791 
0.0002423950641321076 
0.0002459608050230968 
0.0002488190581325131 
0.0002511135439163554 
0.0002529704664129217 
0.0002545175184880055 
0.0002559111401485331 
0.0002573208094967327 
0.0002640443436638216 
0.0002692083771013695 
0.0002729934206822512 
0.0002718193121780883 
0.0002705919735740273 
0.0002692437364352922 
0.0002676461818160152 
0.00026566896307047 
0.0002632551186962158 
0.0002603424756434784 
0.0002567806140379458 
0.0002524041518190672 
0.0002471673451483525 
0.0002410206212358771 
0.000233935175454317 
0.000225882172521379 
0.0002168653355915642 
0.0002069268526475401 
0.0001961902608310472 
0.0001849177581582802 
0.0001735149354109235 
0.0001626929906462535 
0.0001536149920449849 
0.0001479967227685381 
0.0001482498884736403 
0.0001568179443568802 
0.005748973311848213 
0.005877110127934048 
0.005876394365316406 
0.0002588416404455001 
0.005773733036534848 
0.00566822351337024 
0.005848752248388398 
0.0002743717696761923 
0.005799625224978536 
0.005817233569582254 
0.005835352742080981 
0.005762292230727029 
0.005844120685735742 
0.005839689629566168 
0.005693704214895585 
0.005822114092179529 
0.005806178903802744 
0.005811982174669491 
0.005715205527410022 
0.005792151783585763 
0.005826702589141581 
0.005831035209734654 
0.005733434053400458 
0.005783608337339626 
0.005853682403945968 
0.005858966390956614 
0.005864569107744684 
0.005870703869368648 
0.005876865094883879 
0.005876634263892032 
0.005869996935256631 
0.005863592364660484 
0.005857285545079353 
0.005851077589586936 
0.005627822472160472 
0.005648784552304359 
0.005656588869286487 
0.005676206434349218 
0.005680893486302664 
0.005699171777758991 
0.005701803897232832 
0.005718721496160796 
0.005719936443952572 
0.005735490311476099 
0.005735776378623745 
0.005749981950565639 
0.005749676960145114 
0.005762563752920717 
0.005761931455750477 
0.00577354508156554 
0.005772765257340888 
0.005783154042851586 
0.005782403303328351 
0.00579162512267937 
0.005791002977446278 
0.00579912213281618 
0.005798739073284941 
0.005805814521145636 
0.005805806088701039 
0.005811904519376705 
0.005812368783486663 
0.005817568429464757 
0.005818511583185079 
0.005822881071168956 
0.005824299582365345 
0.005827887377280065 
0.005829912643621516 
0.005832800850902776 
0.005835414118255074 
0.005837680389369695 
0.005840882402352374 
0.005842594419317215 
0.005846401359227918 
0.005847639024190891 
0.005852058495798261 
0.005852912756478394 
0.005857900547317146 
0.005858456271917899 
0.005863949921068998 
0.005864277222274464 
0.005870253606742031 
0.005870497643696917 
0.0001657899944980911 
0.000181307765399801 
0.0001503471979252596 
0.000159580686113741 
0.0001448034784713225 
0.0001480065411243849 
0.0001468732985863949 
0.0001451473628478614 
0.0001539605077741221 
0.0001488353889688888 
0.0001638871343364544 
0.0001567487093908541 
0.0001750592660565872 
0.0001669076305816837 
0.0001864745757746346 
0.0001779452908199836 
0.0001975663468095115 
0.0001890439545576515 
0.0002079767558912823 
0.0001996812460200155 
0.000217508234934764 
0.0002095536499583702 
0.0002260638392838244 
0.0002184981057482377 
0.0002336139564171924 
0.0002264406974699442 
0.0002401701886639326 
0.0002333739021449335 
0.0002457723317827246 
0.000239316995646344 
0.0002504753739655176 
0.0002443249466221613 
0.0002543734790577151 
0.0002484772674475953 
0.0002575184942452738 
0.0002518364028367916 
0.0002600620598922704 
0.0002545265255560918 
0.0002621300955651255 
0.0002566908746627482 
0.0002638056766150606 
0.0002584454447803511 
0.0002652113104107243 
0.0002599020667110001 
0.0002664777146985835 
0.0002612189712014861 
0.0002677799762172866 
0.0002625675483696557 
0.004447878808384281 
0.004723580352139664 
0.004998265996179727 
0.005269925820490031 
0.005539093872334041 
0.005809947453396679 
0.00581573538864627 
0.005821651365747893 
0.005825372159198543 
0.005826912980938589 
0.005827077070044209 
0.00582547072806643 
0.005824016010786125 
0.005822716471452157 
0.005821708004416381 
0.005820902234855608 
0.005820322135345669 
0.005833140462557194 
0.005845647992922907 
0.005856579774583529 
0.005865364001607917 
0.005871650263287375 
0.005875471192299633 
0.005877196327854536 
0.0058774524774563 
0.005819753839969915 
0.003539019169612163 
0.005806927642127116 
0.003707317614847344 
0.003925325657651291 
0.004177683197244083 
0.005543190926172142 
0.005626101694526086 
0.005658536864457323 
0.00558840499146254 
0.005487695582598259 
0.005773155289197717 
0.005792768971627511 
0.005807852746656651 
0.005813749257842065 
0.005818633721373945 
0.005822895291612796 
0.005709682064030663 
0.005729636895874641 
0.00574671349633614 
0.00568625020006606 
0.005761212870657961 
0.005783657436150317 
0.005800987968157686 
0.005827013244591907 
0.005831086084054846 
0.005837765336774233 
0.005841392010643453 
0.005849010269289768 
0.005857529318529339 
0.005862214644467316 
0.004338456214154366 
0.004724184233989236 
0.004908016308570353 
0.005075228383534259 
0.005217634099511274 
0.005419440399929142 
0.005332174421714645 
0.003709586479178199 
0.003877464394324787 
0.004075052882487046 
0.004195173817060117 
0.004534835624948727 
0.005610310666062371 
0.005645479291774895 
0.005675135429454367 
0.005566643805246086 
0.005700947216384533 
0.005511186623123357 
0.00583460147153205 
0.005853217907975638 
0.005845119674165903 
0.005824441488641631 
0.005820348208857376 
0.005827607769554384 
0.005741946441844169 
0.005792219520655672 
0.005758161449472309 
0.005783160413373422 
0.005800563805157104 
0.005772052877324398 
0.005808270295671773 
0.005814969870671777 
0.00583066843271848 
0.005842805428242868 
0.005858432776121907 
0.005834486021379183 
0.00572302730666417 
0.003645804032934758 
0.00369297166814782 
0.003973107032460834 
0.005147948140765837 
0.005012990496023458 
0.005263967574791571 
0.004673400296762696 
0.004467693599912619 
0.0036860880359336 
0.004858383790227492 
0.005362128152040748 
0.003611462077082116 
0.004383190097021906 
0.004040315208995532 
0.003577553569237218 
0.005444144622076152 
0.005867616491585262 
0.005849862402425411 
0.003729374497322522 
0.005587805557001926 
0.005662221809598073 
0.005630260650507229 
0.005687730895327637 
0.005532205650622123 
0.005711668850962721 
0.005807185857335734 
0.005826094730218254 
0.005800787920114073 
0.005814242133342228 
0.005751979024820855 
0.005767582434581744 
0.005780782292566301 
0.005820725093146013 
0.00583008523825771 
0.005833084418820599 
0.005832131049474861 
0.005836335075877735 
0.005460126431424882 
0.00573309648677404 
0.0051191063082603 
0.005228555923410576 
0.005319580101873566 
0.00499930471576497 
0.004871278224184818 
0.00475275064298221 
0.004460173073986244 
0.005381653271982233 
0.004159434795079259 
0.003778183087518881 
0.003719333216421884 
0.003898594083003703 
0.005838767502408661 
0.00585524564554149 
0.005523556174288125 
0.005696184743722076 
0.005836598295654245 
0.005026638115625884 
0.005818818899286993 
0.005760217507740621 
0.005312215403444441 
0.00513541039934494 
0.005739261210859229 
0.005439455330836074 
0.003915206970044142 
0.00422240140286267 
0.004273732595929132 
0.005852484227198853 
0.005840076026788507 
0.004089086932035801 
0.005847376834238123 
0.005859091744829521 
0.004424102534095228 
0.003891252389822263 
0.004006822186998101 
0.004544159110882654 
0.005843424404117903 
0.005852341377210558 
0.005652802788737749 
0.004650992821371124 
0.005830320425046864 
0.005835949346800202 
0.005840584485646883 
0.005756876023379486 
0.005508628289399005 
0.005798785152320455 
0.005810952031147792 
0.005283837801449641 
0.005149874203747307 
0.005785506649564556 
0.005406053747434265 
0.005037253948939985 
0.004776805073690681 
0.004024155267900672 
0.00426305234010658 
0.004516784709907807 
0.005554202220484142 
0.004096806343500097 
0.005843982716871183 
0.005580695407472551 
0.005832528738502115 
0.005821606667425483 
0.005840769085103724 
0.005682616158704594 
0.005046398358684364 
0.005858753338353452 
0.005847703734363888 
0.004751291336751885 
0.005818002647320932 
0.005776366489608922 
0.005807555511383685 
0.005349066990434003 
0.005505887252263502 
0.005420276627666957 
0.005299033272186722 
0.005050163271731028 
0.004564585568565187 
0.004326794519726565 
0.004807352550179384 
0.004411653781803502 
0.005847257536929652 
0.005838717706925883 
0.005829610471498587 
0.005854638440316627 
0.005860525799664334 
0.005847260853935931 
0.004942303006097323 
0.005559541843785365 
0.005825888310355931 
0.005714843607917041 
0.00528514379504291 
0.005856785433780392 
0.005837157442632026 
0.004673201413026591 
0.005658018925379286 
0.005851210141708502 
0.005812095810379631 
0.005773369926194158 
0.005402351593214525 
0.005536366518862904 
0.004824388896466364 
0.004600020471809815 
0.005041697940587301 
0.005299433389538505 
0.005843725761481233 
0.005836747793933205 
0.00584334292294383 
0.005864717792134441 
0.005848932909031446 
0.005830832221376934 
0.003822050450854843 
0.004374727317170738 
0.005833542429517008 
0.004877857532094747 
0.005593304717924103 
0.005823519878744176 
0.005849090474880338 
0.00563003655681542 
0.005697833852604323 
0.004631662172692815 
0.005745572673418774 
0.005284182754401664 
0.005795856138012045 
0.005509056286779517 
0.005830855328132127 
0.005034706811784018 
0.004844428853168781 
0.005836905072141729 
0.005247736696910936 
0.005846200561652776 
0.005846104506072965 
0.005842277698701366 
0.005097381676114126 
0.005638198452625811 
0.005734492468678382 
0.00584453625534633 
0.005827774229727523 
0.005853457347510098 
0.005673873020542792 
0.005843032963233597 
0.005431553132006637 
0.005188457686321077 
0.005203365865202106 
0.005842267746953377 
0.005837489353075739 
0.005230390838653787 
0.00583810138396503 
0.005839958514608923 
0.005688358437960454 
0.005716674848611021 
0.005568491714327839 
0.005766738907622119 
0.005291341129932738 
0.005841760395872594 
0.005427717108141735 
0.005401835101641802 
0.005839337742863837 
0.005792198704920534 
0.00583978957638944 
0.005738971387297612 
0.005644103054828527 
0.005345340177994401 
0.005347647594563086 
0.005568414315084479 
0.005519191698414325 
0.005830996344485519 
0.005755732477893827 
0.005813480795279237 
0.005683341495906584 
0.005585214807461323 
0.005714276483085863 
0.00583598659820439 
0.005677830957825557 
0.005834654562203492 
0.005836962282282832 
0.005786589931164582 
0.005832874094453036 
0.0058105303338831 
0.005761542210839783 
0.005777240660793511 
0.005630660931141814 
0.005781414636334912 
0.005807191429145499 
0.005556628136154584 
0.005827962587242035 
0.005450389403066631 
0.005733604202919919 
0.005829055189668005 
0.00582858929220907 
0.005807618259088492 
0.005826180392881541 
0.005832295836298864 
0.005822306687151064 
0.003597066082549642 
0.003694008996068907 
0.005867178294567417 
0.005820809864340471 
0.005820174284243551 
0.003709406887158228 
0.003843665561938302 
0.003783812901668349 
0.00585281154559018 
0.005839862840707272 
0.004148134914772172 
0.00582822605128855 
0.004201992079471048 
0.005840739896365591 
0.005049581262153196 
0.004236640050169128 
0.004348914581317627 
0.004571720018321931 
0.005846354189472494 
0.005843858950617206 
0.005792409473305117 
0.005834880295077239 
0.005796468075834935 
0.005752394058505223 
0.005725322989983336 
0.005684854661167895 
0.005458087443697566 
0.005332153617861358 
0.00517702957904605 
0.005793364649991766 
0.005775358048539992 
0.005741694014172031 
0.005708186257806908 
0.004914095457568814 
0.005617070374291593 
0.005220491171296727 
0.005222042034877439 
0.004839941786036064 
0.00582784281212527 
0.005767978045927036 
0.005386866703858341 
0.005037765300240084 
0.005681602595942666 
0.005607523128002497 
0.005556369000840325 
0.005825051793915382 
0.005812946879063471 
0.005785754183637927 
0.005776039285794727 
0.005716174926501033 
0.005305285365430261 
0.002681963411988537 
0.0002884282135452578 
0.0004791940985362418 
0.0003184802208492123 
0.0003582555031777287 
0.001241127188762245 
0.0004427969708484396 
0.0004767968628740329 
0.0004076516731817356 
0.000461698666198225 
0.0004100259610839214 
0.001957475364044897 
0.0003685555616586116 
0.0003761629126038776 
0.0003807114536072503 
0.0002962721828935134 
0.0003822243109404248 
0 
0.0005984113242827616 
0.0003907307082042218 
0.0004245251639691765 
0.0003028902840817435 
0.0003175807470760784 
0.0003321256782705202 
0.0003458929469091863 
0.0003993596378493412 
0.001590178905864958 
0.0001794541814038497 
0.0004619911254801504 
0.00233149452762439 
0.0009117459001092175 
0.0003117227829706711 
0.0002148182056278935 
0.0001843987322344599 
0.0002568057106905793 
0.0003821193876976139 
0.0002434512495490329 
0.0002360743227231716 
0.0002279466523103055 
0.0002190126273641423 
0.0002001138921263387 
0.000179725676171429 
0.0001561150787370089 
0.0001608534698463366 
0.0001556657172664046 
0.0001651657332072556 
0.0001902796830621594 
0.000169686491668964 
0.0002754125743946228 
0.0002710957528439321 
0.0002709670262199845 
0.000266511599258971 
0.0002560494526459026 
0.0002500914274102162 
0.0002094863543534625 
0.0002871656865854987 
0.001658631069883336 
0.002097781215732609 
0.002442701894968428 
0.00257864161353181 
0.0005859747008033819 
0.0008973479661737643 
0.001087520152386719 
0.001287712248005961 
0.0004718628960681864 
0.0007275560729194515 
0.001480008283815563 
0.001808547400548364 
0.001944397771343689 
0.002232570232571709 
0.002346625603918945 
0.002523156806754179 
0.002589992160959907 
0.002574059770551975 
0.0002810762373276309 
0.0002339197019320406 
0.0002010418715068399 
0.0003430454891016821 
0.0001801209821827545 
0.000420666509234302 
0.0002735355198030097 
0.0002745179881668174 
0.0002615622274595356 
0.0002396708100920509 
0.0002466719215961613 
0.0002315930603876202 
0.000277287713134102 
0.0002007167655394887 
0.0001682745009853482 
0.0001729365681262437 
0.0001910378586395011 
0.0002101141624859298 
0.0001810450417868031 
0.0002177698698321832 
0.0002234357845619144 
0.0002532154803777612 
0.0002816775853774618 
0.0002595087254957256 
0.0001701833888661384 
0.002413595026472381 
0.00238544099856072 
0.001407724547054335 
0.001084866995941799 
0.0009155937139874093 
0.001538836206924278 
0.001877194013650116 
0.002037421358340373 
0.002288901998275673 
0.001249721320047552 
0.0007619364046904613 
0.0006289165371940043 
0.001648496304184133 
0.002171696795557766 
0.002342689326219883 
0.0005154407614232779 
0.002524952780469437 
0.0002819561741776438 
0.0002657062790625449 
0.0002035981056691415 
0.000227457380091755 
0.0001903307680462834 
0.0003162930427251137 
0.0001876066013802877 
0.0002523248626838742 
0.0002578758817307541 
0.0002440723212266164 
0.0002316676103228803 
0.0002246813838227819 
0.0001969841247553449 
0.0002393393038877484 
0.0002048602151785701 
0.0002162942458648382 
0.0002356582419484657 
0.000262917917358398 
0.0002691830797762255 
0.0003784238115645992 
0.0001893851144159015 
0.0007752916472210632 
0.0006468388476879983 
0.0009199759168296148 
0.001062974452217331 
0.0005418932875674105 
0.001199274573191288 
0.001297305423429868 
0.001519731229885971 
0.001864465912501049 
0.001891278509283725 
0.0004540559205667793 
0.0002761325479999463 
0.0002864518965013794 
0.000290681370434334 
0.0002889244308636998 
0.00222510854263187 
0.00202840234884279 
0.0002997323957476013 
0.0002210513959297965 
0.0002709581917376654 
0.000267901936843426 
0.0002524989352218215 
0.0002303661098705637 
0.0002575683790481077 
0.001060456692477866 
0.0005489004483456657 
0.001191497057480129 
0.0002181168516554118 
0.0004032550553121141 
0.0002919121944954708 
0.0002907494337666889 
0.0002653604034775276 
0.0002982960450971317 
0.001509774235147112 
0.001266748087390747 
0.0003027556052272325 
0.0002993500310501632 
0.0003012975098779769 
0.0009798181850810197 
0.0002805251475727695 
0.0002627535387694551 
0.0002861820641733932 
0.0002461679477647011 
0.0009140093993885096 
0.000345097426961666 
0.001181350368800247 
0.0002698794288576064 
0.0009975701409489644 
0.0002623605926138356 
0.0002801025440569039 
0.0002503640746674811 
0.0004637806200978175 
0.0003709510263246656 
0.0003588227992846338 
0.0003156796244306969 
0.0003307057162624291 
0.0003452790441643155 
0.0003881471188735102 
0.0003127749431561114 
0.0002605750489557801 
0.0005921695267919172 
0.0002540631866877529 
0.0002727480792035777 
0.0002625268899451218 
0.0003660346119069044 
0.0007206874176057879 
0.001373992968781862 
0.0009522543701472478 
0.0002946122024426184 
0.0002972332115034238 
0.0002944861366483459 
0.0003039304125373669 
0.0003109470635953465 
0.0003811932527380917 
0.0003709122176555088 
0.0003442624937556795 
0.0003297529452842667 
0.0003580266527366769 
0.001974324863708706 
0.001697668362993815 
0.001120574806838202 
0.0008137651290996787 
0.0005355950867587881 
0.0003000936571011493 
0.001447818845118297 
0.0003066231788739273 
0.0002905651192198204 
0.0003881426627793498 
0.0003060680120988336 
0.000747394758140318 
0.001124096722094695 
0.0002821269739164254 
0.0003004790644439255 
0.001545491601790483 
0.0003114182191670991 
0.0002888560220437479 
0.0003243733443220778 
0.0003432045198214271 
0.0003561731254440036 
0.0003686910898082037 
0.0003827510086761464 
0.001827521580969782 
0.0002819370032455512 
0.000757295802084587 
0.001036996667403789 
0.00134067060007346 
0.001794018535925375 
0.0003219459868412327 
0.0003016476588339835 
0.0003296958261768927 
0.000308005013256852 
0.0003268069653002848 
0.0003190032001821487 
0.0003271118136256551 
0.0003316700288106188 
0.0003106486839463797 
0.0006167297432153975 
0.000322679839389665 
0.0005687940953986007 
0.0003113148203167597 
0.001659906944397874 
0.0003544300229065124 
0.0003429982333230871 
0.0003804924424373685 
0.0003385306024451342 
0.0009780480594074375 
0.0007297042480087102 
0.0003196967596228844 
0.0003798465954684251 
0.00126225591918766 
0.0003466084024402286 
0.0003565948324820651 
0.0003482144797662167 
0.0003602215340713626 
0.0007950732297908822 
0.0005883533045832873 
0.000448125491371477 
0.0003286151599126363 
0.0003639530313769548 
0.0003691006692996776 
0.0005209536463692206 
0.0003449677771158581 
0.0003948712284339687 
0.0003359984052407339 
0.0003837169713309274 
0.0003760452752968924 
0.0005112234998154055 
0.0003868183126815025 
0.0003651223154958742 
0.0003901311897110311 
0.0009371677714921989 
0.0003231018473374559 
0.0004059897755417553 
0.0005306484358943687 
0.0003628153880802807 
0.0004906605013389418 
0.0004215771129721865 
0.0003941844802096515 
0.0004412363470485757 
0.0003896340382126929 
0.0003952691413383973 
0.0005608721372819483 
0.0004344494607166202 
0.0004378490236510316 
0.0007277131028374149 
0.0004116517454294368 
0.0004724355069807508 
0.000406386284091947 
0.0004499040866028796 
0.0004220295965583006 
0.0004094089010769599 
0.0003670094890536375 
0.0004055427253527761 
0.0004526980194122808 
0.0004707617695115688 
0.000433655772367818 
0.0004660826018729088 
0.0004478203592270691 
0.0004570956667585987 
0.0003924483123295087 
0.0004191948141503927 
0.0002808008455991051 
0.002152528910270928 
0.0002822168978708109 
0.000279590223310463 
0.002459634296269168 
0.0002709102448682047 
0.001569374241738279 
0.0004428571338465643 
0.0003179206549026093 
0.0002868894660970056 
0.002172237897602951 
0.000376439319537975 
0.0007729760581825532 
0.002279350110525227 
0.002073762736302527 
0.0002854843408234685 
0.0002752415267072665 
0.00139885798913011 
0.0003782792263372659 
0.001750574343335218 
0.002016380068377953 
0.002159707684531491 
0.0006532634818217429 
0.0003549313195125849 
0.0003352162384118116 
0.0002915527896709645 
0.001685336666394898 
0.000298908907941304 
0.001293668335293089 
0.001046734878236591 
0.0007953903426991965 
0.0006635439737743845 
0.0007857685227360808 
0.0002782251180453004 
0.0002702917823874955 
0.0002542367921844013 
0.0002353297850293203 
0.0002075635488155552 
0.0002118403775885395 
0.0002270724833153025 
0.0002505604463354199 
0.000240495205828838 
0.0003172472112257502 
0.0003455860602041435 
0.000478200554008235 
0.0002762766159967176 
0.0003032570015322924 
0.0002840436214977203 
0.0002435793231244695 
0.0003234501970184987 
0.0002670081919192688 
0.0002698368559509459 
0.0002756556976103937 
0.0002885734113243745 
0.0002831672214879663 
</DataArray>
</PointData>
<CellData>
<DataArray type="Float64" Name="sigma_xx" NumberOfComponents="1" format="ascii">
-36.77665913875364 
-38.34791301359758 
-37.55006975682684 
-36.3849025792013 
-33.68259551991185 
-16.91715753460445 
-14.72677633837019 
-13.67768276271917 
-12.55742640084353 
-11.51479470875367 
0.03681445880797692 
0.3764055979004524 
1.239613918797551 
1.046802457940913 
1.205660391656393 
1.946453820250946 
4.70325288980986 
3.893954208417335 
3.871283821070659 
3.895652213124329 
0.03884915891518596 
0.3855823578019787 
1.249082913064794 
1.05944442308635 
1.223628636953266 
-16.89911682398828 
-14.68174812798138 
-13.61595311284323 
-12.48405396374648 
-11.43145343697407 
-36.98041694769238 
-38.29317006844571 
-37.32537825669596 
-36.04680883966988 
-33.42697093539794 
-28.22173149737594 
-9.290254630678794 
1.762568624586961 
4.283135595905563 
1.739680862780712 
-9.345239214725289 
-28.20919859153664 
-20.01937854896095 
-3.366260165830844 
5.304381652814929 
5.665830988904579 
5.29016570803281 
-3.403987795218566 
-19.60642839895399 
-7.312025148386748 
8.827570874261863 
16.0274409212652 
13.27620450079155 
16.04210717754695 
8.876857704725117 
-7.317059582534513 
6.787113486121189 
26.10690111564444 
35.31382299764366 
38.15344374306836 
35.38350589253282 
26.21606531808519 
7.000151346458688 
21.89440213943733 
47.45168294957071 
65.79007186543886 
72.61554761736747 
65.88217473872692 
47.56614113029242 
22.15126801018885 
39.50595960308853 
73.43091070345005 
98.82398392896374 
107.2449620406094 
98.83215121591225 
73.47946192298792 
39.22687012089695 
57.86934549611259 
98.5185464527983 
127.7358872178943 
137.7038551472382 
127.5934708870047 
98.25984382880743 
57.95727298924974 
74.96997365085487 
118.6119333146908 
149.5185163859252 
160.3658921172765 
149.2842661598778 
118.3224459320937 
75.36695684313025 
89.07025494769472 
132.2410572347771 
162.9078632416232 
173.8379926983325 
162.6891155590723 
132.0425091962303 
89.44377262800913 
99.14677455508117 
139.3957209236936 
168.1764093055122 
178.5078796735606 
167.957896862955 
138.9598656889662 
98.50709620157239 
103.5160844537011 
140.2046973771425 
166.2334742185917 
175.5825140822947 
166.0227432919926 
139.6284688433227 
102.0115489228981 
101.9043230819881 
134.9964884585296 
158.1083979483764 
166.2893989830072 
157.8872900061793 
134.5373207566643 
100.404879487999 
94.70949136989275 
124.7904986303632 
144.6504674431899 
151.6195375018353 
144.3972247324096 
124.2184043638972 
94.30409949636773 
84.19934209506756 
109.800654796892 
126.6024570629847 
132.4265360692906 
126.4436367028044 
109.6624945108907 
84.71774238851985 
71.03437247077898 
91.41191003585261 
105.0001463579414 
109.7077864258466 
104.9837958930597 
91.75746927869795 
72.18917614450663 
56.6302828916273 
71.30867126562981 
81.27637215889762 
84.71112108939838 
81.06660713489444 
71.20949809187329 
57.07151700239508 
40.63805835320231 
50.17406141328375 
56.85314906510823 
59.03554426130089 
56.11115874203215 
48.92389678684717 
39.62641045809838 
23.55530631988229 
29.29664174771398 
33.55111676410965 
34.90201503410822 
32.56356913200679 
26.69084973398905 
20.08306415070182 
7.638809889609301 
11.31478584609573 
14.38344582395955 
15.09279711737519 
13.74754086347528 
9.543835720237563 
0.8080239976288877 
-3.147641437291823 
2.141800717339224 
2.731336789065711 
2.995485639367303 
2.639733068967466 
1.599890670530487 
-4.703451578298883 
-3.242791601103286 
-14.9012470281246 
-36.53209394194359 
-2.984817637229688 
-16.4447362752178 
-35.09140825815243 
-2.762866507603885 
-16.2098136280697 
-34.04851773448097 
-2.667120566976985 
-15.47198588926551 
-32.28115875232802 
-2.523103382283346 
-14.52536899586511 
-30.24034721670539 
-2.351274903880828 
-13.46039999826621 
-28.10811411586786 
-2.169188906164501 
-12.34747894262908 
-25.80375795785165 
-1.976291608665954 
-11.20448857543026 
-23.51381637018527 
-1.780634764756913 
-10.08570731732929 
-21.15590305181444 
-1.587955119272381 
-8.992853785608322 
-18.93885464449696 
-1.40092122905162 
-7.95497831657711 
-16.77724910472334 
-1.21865388479855 
-6.959148576094079 
-14.7408146423687 
-1.047504329030585 
-6.010319391113391 
-12.80269232885082 
-0.8908299312583862 
-5.1193959335345 
-10.94490362782307 
-0.7463185134424678 
-4.29460059784244 
-9.189096218840509 
-0.6116282566749354 
-3.524786250621899 
-7.585023278874153 
-0.4877817416031755 
-2.818485232142258 
-6.134751421881946 
-0.3773559310533093 
-2.190006094762862 
-4.790200521360553 
-0.2789872092976318 
-1.629080109545466 
-3.563316506762271 
-0.1941930278797808 
-1.125836126416777 
-2.533889296640878 
-0.1228685611086106 
-0.7109760946457551 
-1.652067637191347 
-0.06516635414463495 
-0.3929086590348733 
-0.9335162451407402 
-0.02353724830164669 
-0.1524708446305607 
-0.4354561127571292 
-0.004424845449102531 
-0.02718396666038359 
-0.002027127418162228 
-0.0005537510148776752 
0.005576897008976839 
0.01959036944536286 
-36.45490034354943 
-14.87507634987074 
-3.245332402305527 
-35.05790032250984 
-16.44933117045221 
-2.984449077550858 
-34.04661351319164 
-16.22297590815673 
-2.767267622658051 
-32.2973889253896 
-15.49273428972888 
-2.671286945855157 
-30.26279250508061 
-14.53939387469648 
-2.527068461792824 
-28.08277196029182 
-13.47484943854831 
-2.354036123305019 
-25.85038930335749 
-12.34635401305203 
-2.169412657992944 
-23.60150174896043 
-11.22646177360356 
-1.975338644620681 
-21.35016222365577 
-10.12668735222033 
-1.782837252780547 
-19.11042014209456 
-9.050965485214089 
-1.593073440211952 
-16.94053058972778 
-8.010684828623651 
-1.407977818572 
-14.87146479607674 
-7.013841474554459 
-1.227393997411564 
-12.89276090693372 
-6.066245347257589 
-1.056658618472901 
-11.03622195754494 
-5.163895349474313 
-0.8990543495585496 
-9.257682911085301 
-4.320196141388732 
-0.7518817171763079 
-7.606833781806984 
-3.532668645485842 
-0.6159829012629344 
-5.998825183836141 
-2.831119392712045 
-0.4920737485710905 
-4.715359640837641 
-2.179220799499082 
-0.378545471919164 
-3.576825443402988 
-1.609229305895993 
-0.2768404712657483 
-2.565717653226043 
-1.132087187928967 
-0.1934973752741753 
-1.680607987211772 
-0.7213186879424262 
-0.1237941543317047 
-0.9682827109467973 
-0.3983340405807443 
-0.06554069028687641 
-0.4544456328088115 
-0.1638704239616707 
-0.02540407872254536 
-0.03339028689517298 
-0.03631792043708909 
-0.005545164816917058 
0.0176393249120469 
0.003865995113238803 
-0.0005520611070419511 
0 
0 
0 
0 
0 
0 
0 
0 
0 
0 
0 
0 
0 
0 
0 
0 
0 
0 
0 
0 
0 
0 
0 
0 
0 
-17.17958458507148 
-38.24963682974203 
-61.06590692826073 
-30.03996999025367 
7.442616134834386 
1.333250714134713 
27.46208403152414 
37.15189026669451 
-13.64336608532045 
59.02371095506359 
60.70403616503393 
57.66581149151941 
-34.1898634748802 
48.15094687254948 
-58.94329534597976 
15.21522895401516 
1.136307674960619 
-7.695554282102309 
-59.5395428664356 
3.343401405249961 
12.84008424059937 
-0.2772346598272009 
-28.62226870013513 
-41.40396584278881 
-10.65702093062773 
1.751239407111683 
3.973552439716503 
-31.20782686255074 
-69.81829245920163 
-80.65574656856714 
-76.63485617718135 
-1.356103520978851 
0.07587406090283876 
-1.916408787817538 
-10.58392249008915 
-23.49009363128408 
-34.13622141311344 
0.1001544878447524 
0.6022005668007173 
1.224503032054607 
-59.50648573967023 
-57.10836856780919 
-52.10191958660963 
-49.31757224712685 
-42.90901499786299 
-39.761376322664 
-36.49827356915484 
-33.34031527440516 
-26.83325098813197 
-23.63386141532397 
-20.55789927958747 
-14.94814272467563 
-12.30765361154002 
-10.02859447966955 
-7.77652383208313 
-5.940431045019249 
-2.958258937814987 
-1.194053951706569 
-0.7778762909473906 
-48.50269300528431 
-61.3230361567479 
-55.41561174321522 
-83.43846434801468 
-77.96396396130763 
-72.9391885544363 
-54.73724456497762 
-78.14418719360125 
-71.55539832724486 
-46.23038569634488 
-39.21524212964611 
-29.45349837850415 
-39.63434695456363 
-25.73690660742126 
-27.10280805183327 
-17.69614605122579 
-66.60451628325428 
-63.05025621015496 
-75.91167481316192 
-59.20163228358915 
-55.25199131416163 
-47.62137548827063 
-43.60764117412774 
-3.530552664194985 
-4.190519710625798 
-4.284812582367777 
-1.24468323552755 
-2.508964912887381 
26.51210391029785 
39.43474737244866 
-76.58747681264319 
-46.06266964774122 
-27.55066566720108 
-76.16218685059177 
-63.56250980207215 
-54.41956731477229 
47.75645333108388 
-68.39623255814601 
54.0472988806491 
-51.28277492228909 
-40.92334397041298 
-14.18866629124371 
-30.27875168436483 
-78.54684717953789 
-83.74311896056177 
-82.60433490362743 
-53.98364220339025 
-81.58062344852577 
-16.73017658993006 
-3.196921235056496 
-6.233550109722953 
-8.404268767524982 
-35.43569015469621 
-38.69129999504245 
-51.16351604794671 
-52.57289218304794 
-29.895742234492 
-20.19432766832749 
-44.08453257241657 
-76.7559946009878 
-60.793131211129 
-48.68885855983125 
-73.19603947528147 
-69.455805413262 
-23.03789380655066 
-1.694463499450661 
-13.46797501062071 
-26.26487039062798 
-79.83210837871734 
19.65352931850139 
5.609210550486496 
12.25466327478058 
-38.55427203428724 
-73.25568429179147 
-10.28615996518185 
-47.13242775120519 
-6.281381661533604 
-73.31088076865962 
-0.05683970306341238 
-59.11054196758416 
-62.59782547472577 
11.04125646474665 
-65.89618146896774 
27.99311060591117 
-59.36708977535773 
-4.588620546530605 
-71.58810259661324 
-5.15889282115993 
-6.203614421090143 
-66.94585350887056 
-80.89946660498022 
-43.74458433509571 
-57.94762641307526 
-67.98558780709492 
-57.35998813865892 
-32.43107820735454 
-65.52322832254316 
-71.79925817559017 
-48.66549351782578 
-61.89243454907017 
-67.70111816888451 
-28.41579390175689 
-16.76261005247591 
-11.77258678079122 
-21.33474129513152 
-68.95348146462695 
-75.85247697469615 
-64.83238813804776 
-62.95415685203879 
-66.85580996287318 
-48.82618541110607 
-73.63254610636982 
-58.82373887328004 
-19.23214330556677 
-63.61147015592887 
-65.74898866992244 
14.63565766315921 
-2.760398956241399 
-3.728544566633175 
-81.63745282634054 
10.88887881193882 
-19.88205541211618 
-4.264632744861677 
-65.00055185924003 
-80.04908903955149 
-2.701698321720497 
-69.21287458753153 
-78.57733533296904 
-52.90661710331472 
-42.74375037556028 
-57.03634872779803 
-45.53987985933103 
-52.48292242262043 
-45.82075633019336 
-68.81995380731502 
-78.34898547446105 
-65.59495987933398 
-69.99126634768638 
-60.02597332984004 
-22.42879336623703 
-74.63137612994232 
-7.589784322591355 
-13.80099162660589 
-3.887558633525651 
-3.327116169897617 
-10.36049369212182 
-15.33862073822259 
-2.166189842199832 
-12.14488473287386 
-0.5212806516528782 
-0.2630157477193614 
-68.52364054933771 
-15.95386227032837 
-0.2389198071856021 
-11.5400354505948 
-62.43697567056018 
-34.37208875381857 
-57.2408259837883 
-83.04657285847951 
-39.84739728549151 
-29.29244281559385 
-23.01900879274859 
1.185660455538007 
-10.69946832521906 
-68.38442906877469 
-37.27721870710983 
-21.25115516955558 
-32.01475412834037 
-51.16068744309645 
-8.289356863157051 
-35.49152132406336 
-46.33006582392893 
-34.75637324811779 
7.345582142681668 
-29.03537990219164 
-4.436927101318069 
-15.60941455279933 
-32.91294777305437 
-51.99423491379407 
2.356716037689935 
-15.03043595830394 
-7.913253728089017 
-44.69299221047638 
4.668423838235411 
-36.13914790343481 
15.7618185794688 
-24.91887200402418 
-83.77533104218735 
-0.4035257100930654 
-49.83661281144046 
-44.36302084222608 
-20.54400550900338 
-31.53298572569213 
-19.64616940417536 
30.89947762612253 
-61.78221198502884 
-13.94967817609531 
-28.89232315580723 
-19.36979920898225 
-23.75293430765484 
-66.7501847646229 
-12.80062027161327 
-41.04638626982508 
-73.29909462774997 
8.664792961152404 
6.599424082264573 
-0.373405200657915 
-6.392510608234052 
-4.337097481692148 
-16.90646320406587 
-33.64612781070691 
-3.579900993975165 
40.09204904567964 
-43.59367948333006 
-1.428373336596072 
-20.00892317895121 
-20.90927617298302 
-31.8321491877505 
-1.47038067932733 
-1.103095994195064 
-23.76602470631834 
-18.14229216804797 
-42.72393298564172 
71.79147279882652 
30.28531253250116 
-20.56304134914785 
-33.25542043816354 
-8.793083866395103 
-22.6336304453942 
30.23409634282534 
-24.2976642445431 
-10.56626886975092 
8.308588727337117 
-0.4794899919646598 
-1.780269480754181 
-3.38948566217586 
-11.70761749011142 
0.9320170680226554 
-62.72369174046705 
-4.248118221599017 
0.6427230492342442 
-13.50472956417153 
-16.37379530028036 
55.59583776999393 
-46.30122856536001 
-42.91699589949167 
36.76640050238135 
-32.45974894305624 
34.35693083005818 
-6.944607014082579 
-20.58501909196579 
-0.1363567477513987 
-3.686903709380835 
5.994883586447373 
1.92708841673447 
20.02693414336577 
7.030208868333483 
-48.83495171249785 
-5.320511249722957 
25.80614390461421 
-7.654385694170402 
15.95885847875091 
25.25205042453044 
4.983340021875131 
-21.29622451893143 
-10.10646151603981 
-16.18059387922797 
-4.521102417250539 
14.05436625158105 
-22.45162139784894 
18.27076067403222 
-2.731659395743698 
-8.985414257549438 
9.835823542044693 
44.49063532745874 
12.54478452478653 
59.84658799382381 
8.055322678335811 
-33.5341359455623 
9.949425079547737 
2.453578949925781 
14.09345195139951 
41.45752897637847 
5.178354876701023 
33.6381974416939 
57.13042736875868 
9.392274616002041 
24.09901756691396 
-5.660821375285475 
27.34086014872297 
45.17497431259979 
53.29505899040317 
19.51591318661172 
56.12931159999658 
70.90599264184536 
22.69567282157731 
41.83851949100664 
50.01798031143277 
65.48286421399722 
36.03272468026297 
35.12378644855153 
75.82390730943483 
50.88524205886701 
64.1468744080463 
58.56753188000545 
10.17618381430938 
-36.51982863229117 
26.76033905918134 
-45.79791386096424 
-7.02465629087397 
-61.34339851313995 
-44.44673562720229 
-44.72974428121193 
-29.41130597966835 
-51.1670295613497 
-58.01758832179016 
-76.57576688577784 
-42.73951580812914 
-50.13041100114567 
-64.4902454958837 
-66.87556820630672 
-81.1927524866208 
-34.90734613511363 
-77.51507579144457 
-68.05776041531595 
-59.34543964611541 
-52.12380029060431 
-61.15102634630763 
44.31277866743178 
-72.01751694763529 
0.05406223281645577 
-0.2205732421301774 
-1.075391158830997 
-6.416910672145004 
-2.975900069466098 
-4.092846462359998 
-5.923067059296527 
-7.445397161214653 
-10.20532203201929 
-20.03306882846927 
-14.89314859647826 
-33.0336177349722 
-22.75733803010199 
-25.73556434253059 
-28.82439315005141 
-32.11095204348352 
-39.05340160920564 
-42.55155835729234 
-46.01108057312819 
-60.84051583623161 
1.727719395262535 
8.937500157842202 
0.6042789192947587 
-13.0531460359306 
-11.16170292006004 
-3.999527225119523 
2.362873630140781 
-8.993097004743005 
-3.263315569469632 
-27.74450283572245 
-17.17013243385145 
-55.8548904961597 
-77.520034135831 
-49.14606629784233 
-32.7846496577719 
-25.94579615314705 
-23.41964170784975 
3.262253273557127 
-1.595864232450181 
18.19588702812498 
-26.68584492409628 
55.44437355747841 
-25.28946104291401 
-0.437590110429139 
1.341748953182093 
-49.34439047546728 
-28.16348300190545 
-7.384415897108477 
2.292553461717041 
24.45347925569165 
34.9540507044234 
54.30628272214068 
49.175723752563 
41.65118014337466 
33.17274632619836 
24.7765351851298 
18.4247390122162 
-57.13829795298804 
-59.43024406159286 
-59.56572313839366 
-78.36353032902828 
-54.77622331390401 
-75.71892479475248 
-83.17871408116125 
-77.86455712034443 
-56.03937606515917 
-39.2435541020539 
-19.95009891284256 
-17.31180489587439 
-40.67600773109518 
-36.41189018846509 
-35.5601129442548 
-69.50884984046307 
-49.19139169756917 
-76.10832130844024 
-72.67493321908762 
-40.28490745566123 
-57.8788602197399 
-62.10765312313082 
-1.867087417815505 
-7.275418465811338 
-33.33313761796145 
-12.5464793476281 
-22.89871896079217 
-0.6302977962965509 
-2.128521307210767 
12.96169968556999 
-19.23402414868131 
7.052616501318371 
50.53331671171127 
53.9316772261913 
-6.630818147615932 
-35.97710609849191 
-41.10904761369185 
-31.69749207309187 
-64.84031242014406 
-65.76486245879288 
-79.5053097001894 
-55.78384309273297 
9.485345321921473 
17.3916081386114 
25.89276953439464 
8.655093542395674 
-75.25582656676869 
-84.14407139206158 
-65.81970436422468 
-80.78890156768099 
-55.9454700334223 
-79.56950429484303 
-47.76137073642285 
-3.115696897264291 
-5.187760374352801 
-29.3118236069007 
-49.51656498188982 
-29.84584459670963 
-53.55460841784762 
-44.60837354423012 
-74.32614876465877 
-57.80737533519837 
-62.48366906051739 
-44.81265775594653 
-79.71804652430168 
-37.95254148341355 
-14.09701535554355 
-37.18470858599616 
-14.29215227950967 
-49.04813846853733 
-79.619315872751 
23.28340534881826 
-14.66613561628445 
-18.07025414710711 
-68.80848863306987 
-72.54903055860083 
-22.68876055584355 
-56.04215282224642 
-61.01135012778443 
-6.807392171236995 
-56.19027276506402 
-76.77893090828771 
-65.92412236895932 
-55.3554254645122 
-53.41676896011872 
-51.26991899033503 
-14.36139156739413 
-72.33233761554341 
-3.32245730624483 
-9.456180852173905 
-82.06248781153535 
-71.4453978394876 
-79.1382473568781 
-66.29271451470197 
-46.70486927336924 
-72.13237442229556 
-52.13707901282942 
-47.33745902470523 
-20.14815843531099 
-52.62190952696726 
-67.80497842588107 
-71.5808365736796 
-60.20082269454633 
-64.28481857462425 
-55.50744606843914 
-58.3152302070505 
-42.72767222418269 
-42.3559951270987 
-17.2914290320574 
-57.77870913705546 
-72.11374486578568 
-80.68091889387752 
-65.92772626505315 
-84.35288874930131 
-72.79549074309809 
-73.27554864329524 
-72.73873776504755 
-88.65656050742552 
-25.91597877602908 
-77.5269915676938 
-38.95695297105222 
-24.22330474084931 
-12.12799436596911 
-67.7941984965689 
-17.11021978964755 
-16.62531886112723 
-1.030042082660634 
-0.210408122492414 
-17.71555676108349 
4.529840068278133 
-10.125967635368 
-60.43355290922974 
-64.12904277911558 
-66.97409018880053 
1.454888210951023 
-34.91053009620918 
-46.6616913136732 
-46.15347867963571 
-74.7525904654147 
-34.94270091760436 
-1.97394347719462 
-64.70990584178745 
-78.87045361016547 
-61.24993296797869 
-71.93406032540453 
-4.318725409152278 
-23.42597112240254 
-26.67737425175975 
-0.2604211982927127 
-0.06118507630577183 
-65.01197365292482 
-55.29702525822685 
-86.61546612260106 
0.09673720909018532 
-28.51686557664351 
-1.489358497419661 
-0.3302201985059525 
-21.00596685184215 
-25.16084296092204 
-21.28236447580679 
-69.95308278365698 
2.869451134767922 
-31.85458919532845 
-49.46042001615095 
-71.63289161286079 
-3.314295861148509 
-26.96699972672449 
-24.29517749052517 
-46.46272484313259 
-37.44931647268422 
-51.1835859803649 
-56.78125103316392 
-63.75071574648474 
-58.50716578660396 
7.178720064221565 
-2.066541863720797 
-1.432992071898683 
-5.737124289392365 
-14.52762502623067 
1.183711768180498 
-1.621647159636553 
-60.08572204818062 
-53.89768299710398 
-62.12778537686629 
-39.28783712927032 
-11.16510740307331 
-75.26416803312904 
-31.40078950235545 
-16.35549442825391 
-5.748158555920996 
-11.02029553104023 
-29.53788078754214 
-22.96008360644687 
-36.18219160582453 
-29.32594499954966 
16.68399036606676 
-39.64003496859554 
-0.9191985097702502 
-3.575014051709319 
0.04894012933296621 
-12.04798423509042 
-2.899202927002406 
-38.39049862623706 
-50.81664730441219 
11.08403387863549 
-1.30430931144979 
-14.85233728804968 
-14.25549850902189 
-16.5841648567173 
-39.58785873582992 
-14.25697634655211 
-64.48447505509868 
-14.28797367631711 
-54.48118807951107 
-47.79648449673842 
-6.097215153596002 
-0.09977695384421376 
-22.15019053212302 
-7.519896698043509 
-3.621577480009718 
2.544062873704321 
6.806614745068357 
4.717025516272198 
21.0735025288974 
6.57268780992174 
-17.23451948755141 
-36.77321936044175 
-32.70521189398598 
-35.15044666030948 
-50.72990483565672 
-17.28589333750726 
-9.482444013819279 
-21.76055631610832 
64.27697302195823 
-7.631458413744758 
12.1204942213222 
-1.072999388930702 
4.107612713571785 
-6.552496387081769 
-43.67349601186777 
-5.839769107247948 
-19.31805134468535 
-66.44523303854038 
-9.629127399403609 
-35.87940092420654 
-6.176453481647491 
7.393081244884203 
10.70610134336479 
17.85927222699503 
-47.70819491611254 
26.63544076203424 
-10.62361313165018 
-17.44878134074863 
-57.66421856539112 
-55.87103847200738 
-50.01160437236736 
25.20894939578316 
30.94590444698624 
-6.385448479712806 
42.30463754920148 
9.266727033413456 
-33.02272313018256 
-49.46833576361138 
0.9487330117643702 
-0.3125348453669157 
15.7986716044208 
-35.73170272415555 
14.69986886058932 
-4.876871541851107 
15.97500011223006 
46.91357274353841 
8.685220137267759 
8.697664184591236 
-24.65915196409582 
7.803011274402468 
-2.925645478887138 
13.87623685613393 
30.85162024609119 
-12.6883240180295 
54.67869240185868 
16.07800600847958 
-7.953238508791817 
43.80579741769009 
6.108173477088074 
29.67031626586219 
74.90942503701365 
42.9335567370364 
47.03534951438486 
-31.09177674183726 
63.77746218921407 
30.61460041123749 
18.67483156857639 
38.32235579700916 
73.69356646234453 
61.42675787459221 
23.41341129837262 
50.46812232025424 
35.11282237125607 
66.33166645311204 
53.05917396364677 
35.2821412612752 
-2.846053896253938 
25.15830872954928 
-7.745642506048308 
-4.305204987444361 
3.780126851072238 
-60.1399401352196 
-73.57653670988169 
-50.34386119586439 
-3.650822280299323 
-49.5845506441225 
-20.21714354996856 
-68.05310191790547 
-74.3143786274446 
-78.52337983115942 
-36.61406858545269 
-28.7816829328908 
-36.38832390810589 
-52.8372712287518 
-65.70705359744058 
-43.59727768498819 
</DataArray>
<DataArray type="Float64" Name="sigma_yy" NumberOfComponents="1" format="ascii">
5.590125358193692 
6.766418050482046 
8.331289642504048 
9.232406953518211 
11.3277099656411 
3.680981996494423 
7.98362972505414 
8.876890814652448 
9.307631916052729 
9.727528701065996 
6.167712548318693 
10.10827214013534 
9.580876567409161 
9.188128938763299 
9.417578593228699 
4.608000472446047 
11.38816016486866 
9.240210439339423 
9.217351936835163 
9.281591938384716 
6.165018985653392 
10.10774990759183 
9.581517768125527 
9.188643290426787 
9.417034390352473 
3.681009439709469 
7.986142836053178 
8.88343601388347 
9.308771076249746 
9.717702626675903 
5.487603124332111 
6.76673976530905 
8.358022995143516 
9.294291392218387 
11.34205401234234 
17.1926587138402 
12.50089890647268 
10.35689344511576 
10.16518144853955 
10.35844453948493 
12.51787983965908 
17.24398844747331 
32.66874416867523 
21.21548398064938 
14.40982714476024 
13.09842993154197 
14.41924821005824 
21.25518715089572 
32.86030802090726 
67.27315316776787 
50.31903263583637 
37.09291293013609 
29.99632642179216 
37.12308584330719 
50.43946284913287 
67.45402666818772 
134.3188422547413 
118.5309497862351 
103.9301721712195 
97.54380129728966 
104.0396463354523 
118.7082827000114 
134.55351637935 
234.0113409931195 
227.2256462211236 
222.2181603029605 
217.9809416130462 
222.3527109282662 
227.3261095232144 
234.0295704277798 
350.7484164205997 
354.1815610349016 
355.9629917272846 
354.7933814128739 
356.0073285875546 
354.1364769313838 
350.3583602098615 
463.7877647420599 
473.9972661014279 
480.0345155535785 
481.6500824131919 
480.0954519943213 
474.134191897387 
464.2443682653767 
562.2046413800472 
575.3051616972076 
583.5794021772559 
586.3512528071712 
583.7420232640262 
575.7109752262903 
562.9668396913197 
642.6989536605769 
655.6195282891703 
663.9489430249678 
666.8419127794649 
664.0642720590303 
655.8105204474027 
642.6406038665584 
703.5483452364134 
715.4475627596706 
722.8407188491295 
725.3204818246437 
722.7294127648443 
715.2263705835589 
703.2991971031829 
746.2688077506566 
756.8408135741546 
763.0918096756341 
765.0703232259187 
762.7050692054779 
756.0563123298231 
745.3210749272384 
773.4249438601026 
782.2876166152749 
787.6351004761734 
789.2627486684871 
787.1558598731431 
781.2885819087561 
771.6748627326149 
786.259460899213 
794.4405117982245 
799.1749570578723 
800.6420962588948 
798.9162683684095 
794.0356705338422 
786.1550255880618 
789.9187261275287 
796.1409649945973 
799.9193739910286 
801.1497216262226 
799.8697241169261 
796.1014877315918 
789.9601126392943 
784.7988537374906 
788.25683595899 
790.5755119859714 
791.407569235073 
790.6113970753136 
788.0533510683935 
783.6008219024301 
767.4297128114193 
769.1022967856036 
770.0060118023664 
770.4044727091284 
770.2963159778229 
769.3966921562946 
767.2271688720487 
737.8371955966855 
736.709627102493 
735.7158211689925 
735.4743431729037 
736.3316726031587 
738.147053164015 
739.794109552747 
694.1139406513693 
687.9620041409577 
683.671600816346 
682.3622036221625 
684.1964515714669 
689.5245412390177 
698.4707455440321 
631.6709866813351 
616.6697962613786 
608.3622008059497 
605.5125921333398 
608.1882371186957 
616.4823964146417 
631.9696102415882 
536.8829105531076 
516.6485029594241 
503.196097373124 
498.4415665183891 
502.7495420923564 
515.304333839297 
533.5345152353876 
-0.7718505996337617 
3.029025870277955 
2.815748709632366 
-0.1977287140721191 
0.5036932283007259 
1.840902346554206 
0.03085347110263554 
0.2196392274681639 
0.7975001446700816 
0.03240486467418536 
0.1378134857219616 
0.4610295699866621 
0.03142985492574996 
0.08805972319981814 
0.2746131048267756 
0.029292376306863 
0.06316816195262814 
0.1168249071832667 
0.02340934522643186 
0.04629831038435113 
0.0761075171977323 
0.02269283281331381 
0.05374487288568916 
0.01099266459387926 
0.0233004798423113 
0.053745088438332 
0.02974618899189318 
0.02388956246121832 
0.05748202474653195 
-0.005488512470902928 
0.02491151961848253 
0.04973192929403786 
0.0008100966885993654 
0.02998657060898177 
0.04527393596602541 
-0.02074718471935159 
0.03196193709892119 
0.04513577196598625 
-0.04346233261609319 
0.02985140821796224 
0.0513438790374391 
-0.03899417383093724 
0.02753674296609363 
0.05670400254575818 
-0.01120421268821704 
0.02520482598532022 
0.05688635239276241 
-0.01487938528319232 
0.02317865691300619 
0.05445847199105482 
-0.03514985375393119 
0.0205278329203628 
0.04865638537736094 
-0.02023454973622195 
0.0182190695846717 
0.04210020817845187 
0.001872962928866243 
0.01538440514861409 
0.04737759311209535 
-0.02191525231440797 
0.01265128086865956 
0.04478249768415444 
-0.03452020228122184 
0.01013414167139543 
0.03139496849283197 
-0.02697232126057181 
0.007218149005215452 
0.01594242174069556 
-0.08560385974562988 
0.003241339983196607 
0.006363412621687787 
-0.0255642813749815 
0.0005840153685671598 
0.0003520465216932197 
-0.03091290870386996 
2.787255109999086 
3.054335937978568 
-0.7709595822823953 
1.828050450834883 
0.5011257097874999 
-0.1949206626463741 
0.7915614566848417 
0.2161921400552521 
0.0291885253351641 
0.4594431780501163 
0.1318693449151675 
0.03151875526497817 
0.2672314307691613 
0.08871462825810843 
0.03066055423942261 
0.1512927203889237 
0.06075357720305757 
0.02864935205963597 
0.0588721190308393 
0.05533905076162062 
0.02383490292548155 
0.00828332203165014 
0.0474437129210717 
0.02374635334588502 
-0.00627845437736536 
0.04707289738311363 
0.0229732983185197 
-0.004315090226379592 
0.04934265076256403 
0.0231519083797591 
-0.005598661133303834 
0.04899994003549364 
0.02436587008619434 
-0.01851593818001317 
0.0467073981004523 
0.0292171266488448 
-0.02138003308771474 
0.04396162218951433 
0.03178822067351163 
-0.03735286744255472 
0.05147017401408557 
0.02991563324813291 
-0.02795445778794708 
0.0565212880448378 
0.02777525845796678 
-0.03717535705532773 
0.06405933199647004 
0.02568149892150775 
0.04084162473739759 
0.05709823628402213 
0.0237140091738053 
-0.02453830184002961 
0.0519378884136736 
0.02099884027877757 
-0.04417167149468532 
0.0437545332161747 
0.01880972509494145 
-0.02155650227609112 
0.04054908141096413 
0.01508353033368566 
-0.02350199067225061 
0.04354655390898506 
0.0122003519531676 
-0.03972165152586309 
0.03105523406783111 
0.01026934642898466 
-0.07155116332953965 
0.0168622735783099 
0.006944220531946457 
-0.02498663058846466 
0.006887532512038094 
0.003406013087906755 
-0.03441073598530232 
0.0009719484260981426 
0.0007610375034506407 
0 
0 
0 
0 
0 
0 
0 
0 
0 
0 
0 
0 
0 
0 
0 
0 
0 
0 
0 
0 
0 
0 
0 
0 
0 
154.9216621939022 
49.01744302639034 
7.596593271711994 
-0.1973295619588528 
596.4940808539498 
705.0862896471191 
742.197112361209 
766.3588183715232 
753.6337321278671 
780.1379434942166 
776.7472933639609 
763.3481965650629 
364.5629952915174 
687.601896590963 
125.8113840820231 
454.2580469283289 
352.9867130583177 
247.4658132413465 
11.57016802795727 
765.2356001577792 
634.4474442627169 
791.4759383490872 
726.8752262840267 
690.1225959395824 
735.056604891095 
-51.14499799824725 
-30.61264260963025 
-0.4890412251791637 
3.965804951428959 
26.07436908717059 
501.6669035303442 
702.5193197649797 
-0.5160945133182674 
-0.3391588343645302 
-0.9331920570150934 
-0.7746893160959757 
-0.9351964841925132 
-35.95977956788299 
-43.59960564601263 
-48.66550282973851 
5.79133481102841 
3.903923784613138 
1.647416577851765 
0.9402539358541711 
0.3275713407020611 
0.04698772019582231 
-0.05922435890691724 
-0.2320551570352457 
-0.2202024408648356 
-0.2244569247471412 
-0.2832320047589063 
-0.2548414413380266 
-0.1658011750548175 
-0.2814161244767299 
-0.2461744246445741 
-0.2888412481234865 
-0.3184730916514525 
-0.4111924644418011 
-0.9552234066856953 
26.52775752594889 
9.097662509181834 
16.3813235691475 
18.01890794235903 
9.440063220798415 
5.295930391261429 
2.538609553423996 
12.43963571519554 
25.71258280892186 
0.5259568105050383 
-1.02053346903254 
-3.338092453982483 
-0.5566028246925413 
-2.006659869629945 
-0.5978522535403086 
-0.3426850261023899 
2.823124626883533 
1.796296098119677 
7.189159509815103 
1.099325984270179 
0.5986248331072477 
-0.1937516157283015 
-0.3897395277767886 
-2.108566619084789 
-0.720842521907728 
-0.2933296204903774 
-1.521894646287207 
-1.445252077174165 
548.1270296562491 
627.6040754156569 
40.7499197757434 
110.6890936195726 
88.43638316459486 
17.30552648066823 
40.54518158514591 
67.72228973805954 
778.2327013582105 
236.4317714529242 
732.3210533478991 
568.3925564609566 
175.2602402900158 
535.8981533191198 
447.1436270627167 
26.7997259014981 
13.31071225911552 
9.629213297540812 
83.36621397247156 
13.43666288091398 
-0.5944352837847724 
-0.9387519315252617 
-0.8181694373629187 
-0.8196942520410356 
-0.4588955358121647 
-2.110909181033175 
0.3765404438186901 
0.2042767279436511 
-1.059884060969908 
-0.917754523943882 
-0.9838125900656732 
5.935091695364047 
1.381069070032367 
-0.8157146472129111 
4.626116487697168 
3.104696988830092 
-1.403302027058331 
-4.044748565501558 
-0.5862580591135942 
-1.273381175770643 
7.399353373060848 
706.0932033446359 
727.1151622459224 
763.2378363988857 
259.4218854477618 
60.78289842436713 
605.6335328519465 
500.0918608758212 
665.4824778228596 
327.6366440280354 
712.4083812972772 
263.2503110401914 
353.7700060596213 
659.8821338974636 
443.5613705916235 
764.1721098365498 
696.7421226365416 
681.3240673661728 
58.25560856152448 
-2.033831126210748 
746.9856397382986 
699.2831099883275 
19.12729081476902 
-1.26024278413247 
184.827758682333 
90.96181014657911 
0.5863785770067946 
-1.904661074092474 
1.712024338566111 
7.054944076016769 
-1.089535406561856 
10.91917131405269 
5.251377444068358 
-1.673918427336894 
-3.968688723070878 
-5.072200597922679 
-2.844249429260879 
252.7184849497019 
9.141797345755617 
184.5261196674892 
85.36881751077325 
128.4980598860771 
635.4046135874298 
529.3562473338806 
521.0408774667693 
748.9929374051648 
452.0896460520661 
132.2196479142839 
768.278921063313 
693.8231570619537 
823.2266360145911 
613.1023529876959 
750.8841620041032 
-1.961441595468638 
-4.022202332527459 
2.922158841504415 
10.21530515974906 
-11.25782515897054 
303.0143200173383 
405.7754539619239 
2.3859865436769 
1.494717557658344 
5.043938176654495 
-0.7804625545578469 
-0.3219892432429197 
227.1124671079664 
81.77982993207895 
372.2938012348627 
174.2404066636313 
26.67384102857483 
6.407865064049334 
747.0914046799935 
596.0201555546295 
-6.366368614314021 
-1.895472798922059 
805.7622660518712 
821.8545099991711 
-1.819867103842149 
-2.180816486455746 
809.2732248791509 
751.0412414868669 
764.0286262862818 
-3.272409153669685 
660.2914765919112 
-5.326998164764697 
-26.70416086941859 
-3.20432183962145 
109.0314079034855 
106.7660812279825 
386.673363854821 
485.5456077160048 
-1.40667675878229 
-2.699039931082557 
-3.988808406717711 
-26.64041691982405 
22.95225613964449 
14.869433601373 
173.209479998176 
4.289123722213964 
-1.128555283378562 
146.0481062781133 
730.272101751721 
620.0529392262143 
10.47886589350795 
20.53352233211177 
665.7424966648164 
700.3326694286734 
725.7128564697861 
764.967498162275 
739.8609613287874 
690.3942217503782 
772.9087287606477 
766.2380167285867 
-3.876673733717793 
114.4516745286332 
-11.99606931845886 
0.7857619660216891 
-22.53660756929043 
8.984139470643145 
554.7184661335191 
-8.972391341029335 
719.7931198190868 
5.610629250062538 
0.5505864783418618 
34.886039443685 
29.70392518399973 
-10.40767033825842 
291.9596354064587 
149.1533357188028 
243.8352554551955 
192.7923802688543 
449.5933592499608 
658.8505655051762 
751.6929633404965 
481.4291266985456 
562.0793749751926 
-33.45035980933554 
-33.03288651639186 
-17.17849751216457 
-9.471927295754201 
-7.71389585969118 
-5.571682027703677 
55.95791833118297 
44.95887719982931 
383.8121559117928 
306.7793976939063 
-14.74043973118097 
-1.518022408950717 
-4.385021979236956 
138.3265133662686 
-16.36508056087562 
1.490379901732034 
77.38755620548224 
51.43924569027216 
378.6623240845403 
175.1359268782731 
290.1410888080424 
670.6411827838133 
723.8218208301748 
633.6932316785048 
361.0798523197151 
521.3462359460948 
-3.610476802365621 
-7.327033764407697 
-16.66973879808465 
-21.07582519096929 
-8.679357701405461 
-12.00230456808997 
-5.145345087375025 
-15.23596168466962 
613.032690354006 
14.79821991294744 
7.1332698494951 
-6.906134559582497 
108.3278084877235 
139.1572234060045 
657.1048882815321 
431.2545595608876 
41.85993841253154 
326.0156455751177 
217.6771874459861 
-3.489681828230732 
577.6935144883122 
383.6312853647087 
-12.59914507376648 
578.1327744814847 
-20.05640674406312 
-22.61569407946036 
-22.45962530165064 
571.7708564596757 
75.88417937029085 
104.172622051649 
-9.488273130421737 
25.4410811791635 
-5.781112612271523 
109.5885342989216 
-3.163832098151987 
265.5575034195855 
488.8591033847542 
524.3280662013107 
-1.243714109797371 
405.1595472405256 
-16.21139862721861 
-8.105670140006842 
-8.049642153862749 
154.5870098344915 
89.87855552876572 
68.62836607890745 
201.3267671090798 
35.64396768826028 
531.3034219798403 
455.9885322187006 
322.5723618344549 
-10.4833320492275 
27.91816816003785 
-5.954852521619601 
153.6078691200819 
68.38486569107377 
213.5063295744376 
489.5399498205327 
440.26147164887 
56.48533239388909 
2.775199127268516 
282.0127358681036 
14.50043432331434 
22.93593353704877 
112.6091742437665 
379.3573971513106 
14.82599547891668 
385.5171491022379 
269.6028921980583 
2.909505538211226 
-12.33635489114508 
73.46818341328978 
4.190501062188307 
32.12498708624351 
46.03610655794163 
748.8994832364206 
740.5403404776048 
5.71035415503883 
728.2568398377816 
-1.507232491494493 
1.407924008775801 
20.91982423353012 
37.08169892451255 
14.39596481709678 
14.29869064263414 
23.72474031264415 
15.39120424010096 
71.57878256662764 
51.46140313258809 
37.36096529866403 
374.5721009887251 
436.6679773139617 
-2.195154599439796 
35.44430277879631 
52.85592882303066 
191.386884115703 
1.626120469850546 
9.03671163416468 
680.3615856527598 
22.31562645223387 
-0.4382291430646122 
-2.584533449455669 
-0.3510446520045244 
-1.03824886299465 
-0.365247755481876 
-0.3303711607855886 
-0.4036997372544645 
0.1135986790581355 
-0.4757246627680176 
-0.7298297941352057 
-0.3158292104148704 
-1.458224504472878 
-0.1468149054301748 
-0.1046229683654223 
-0.04814485443836931 
-0.02710344176858174 
0.2986419539306256 
0.4979732783523404 
0.6736085011022648 
7.612117986516131 
-51.1658763997328 
-33.32736232955392 
-45.75987448259571 
-2.41179396166998 
-1.412794151409619 
-0.5427389311131435 
765.6304769324597 
727.2058456659943 
813.6868313843687 
413.0493678259359 
147.5093546206574 
15.59317425411411 
8.969008021077752 
0.3877147296614134 
-0.335825685785473 
-0.5145674719942257 
-3.433929256078249 
-33.05689022773686 
616.3518919676401 
753.4032125126523 
748.5054821289667 
774.9140986264157 
742.4800323358048 
793.1268504554134 
776.2640622618642 
25.285349593274 
84.67422348879084 
235.0672135658781 
338.0783847704152 
537.7275978537303 
617.210880876159 
755.9792611493231 
777.9764439987305 
764.8865725083228 
741.6143839615517 
710.7213461336158 
675.0493133866144 
3.870747662846364 
5.651459883457794 
11.28615768526881 
31.73281795482593 
2.529193787301603 
6.939281318382669 
16.10210159889741 
11.37523800316214 
61.99498838414742 
46.40567176053769 
-0.1976578179846699 
-0.2238639326876136 
-0.4241719293361237 
-0.2469927630994231 
0.04134367940919047 
3.667771253592212 
1.057181454291179 
15.22142370285376 
5.177034785211367 
-0.2823819517008455 
1.104289533257226 
1.753798689271311 
-0.3468751225946425 
-0.8411548371477024 
-0.8854024532087892 
-0.3871258533271311 
-0.5955216692795855 
-0.7606288091746867 
-1.24580653320122 
442.9160926901338 
579.0219619466592 
735.1829663263337 
725.3493585207241 
781.7200502328134 
726.9290096766661 
231.0128102039849 
156.6846917869698 
319.483070048328 
36.78610112549726 
229.5423649180267 
498.7893872886258 
387.3636125495982 
759.9316499217256 
761.324521738734 
770.4238317411638 
739.6035303255472 
371.8219167019776 
11.58284492439564 
2.596588374065397 
9.787879583352028 
229.4482097787349 
29.67918182488765 
100.5837380852777 
-3.064187828812731 
-1.783734304400991 
-0.4776937052334561 
-0.5175773977261763 
-1.021495197415986 
0.6924980793315046 
-0.141881727638971 
5.804957720471593 
0.5744308766712077 
1.482256165847713 
-0.7609270241444643 
22.64503870552698 
-0.7826807278041567 
-0.9902132990802824 
-0.7618678566958188 
-3.408655844458447 
1.127066569672938 
18.59407997906351 
770.5291765758028 
747.0135341273673 
646.6250694259329 
668.9790468810247 
293.4255646378626 
502.31541643803 
305.8530048791291 
115.4469670170565 
696.1190324175465 
596.5186481141938 
42.86473663469007 
77.14288708238942 
466.9662427762601 
541.2264257352513 
673.515258255382 
747.2567496494462 
49.5918232165775 
-1.487129735750948 
-4.110346223269364 
21.45305579181218 
40.99358756173309 
6.774991195129153 
2.935071695932232 
35.3458059191166 
61.92549944970708 
-0.4746926223608431 
-0.9911082004065168 
-1.664329205476114 
0.6432189048448533 
6.798226204619701 
3.423966170678068 
6.980253721198599 
3.024445067757762 
0.6032927642702733 
3.254712295394288 
-1.166600529989439 
-1.081993598128824 
-5.740586402136429 
165.4949358758197 
7.176920053000749 
466.2336755183096 
127.2832252144208 
432.7161918015828 
437.358548541816 
375.9701807884383 
599.1964908171575 
542.7373071827357 
724.2808677413868 
657.3769849102849 
729.8488763572368 
744.9228238440008 
755.9683781963867 
89.27020069071237 
-0.8816687684581284 
-1.935849766555826 
-1.453520793316157 
-22.29584743268177 
-3.060631642108858 
708.8397344210256 
731.791725968145 
699.6591832406948 
95.22676072856027 
13.50571806773146 
-29.82469225822395 
-1.638632646176052 
-0.2433096914332396 
4.601784956406608 
11.71571132058642 
-1.596831998831615 
810.7673107319923 
173.526035846971 
621.2750816145029 
30.53545687849806 
21.63201114644658 
-5.248233862908785 
-1.367237994030312 
-1.181238592188283 
-13.72921547374773 
-31.3410158997933 
616.7507081266479 
713.0955973901804 
568.1995335645229 
-39.56816671207466 
-1.910884916376584 
-6.479076919524896 
-7.086107300951038 
661.5599747880213 
-2.385848939549093 
-2.544796630177593 
54.06670404729776 
-18.83551228359966 
-1.718191733267993 
1.983726785194047 
32.75385970384099 
820.9574159385672 
36.40256918807092 
-2.347228252264141 
-0.4418959613198755 
2.623753171999542 
11.46534067228477 
20.45873818352775 
131.9287584558788 
178.2177215270752 
-33.08772968774973 
-15.30128633865086 
-3.113313883744036 
-6.624010284721198 
-6.105874695336655 
-49.53460466358165 
-11.96191374024643 
382.158766027734 
45.1376917531781 
56.55368773355244 
-0.9939768023526693 
142.0738919949322 
494.9966284437926 
696.0183806026148 
549.226400811105 
616.6848302241153 
-4.784971112655771 
-3.391772338386596 
6.493700980983931 
9.94082396743649 
0.118739911465373 
98.58100160444116 
21.10645201269397 
-18.38700556697336 
-10.57302708033546 
-24.65190420072257 
-7.715951676485963 
777.3543188376734 
736.8047622077695 
562.1766986904362 
648.1377463769559 
696.5487174005742 
757.565359882346 
-5.153479270724985 
59.91758947815927 
56.32539641909224 
1.566109122577321 
524.9189826029643 
751.4263491300378 
664.9117277464318 
724.5655027069685 
-8.766123257983001 
-19.59199981556426 
-4.17610884131734 
-2.983805178882436 
-12.50186527135821 
-23.3485591028555 
-25.06064212613524 
-9.384449011158155 
-22.51977718514542 
663.9091188484405 
762.8226646663252 
726.3094828309595 
742.2479875990001 
130.7934980659806 
105.5806474306149 
-4.545353046892611 
-7.804901509415254 
18.95072120507158 
161.7193224681696 
-5.581541982454238 
28.65232426798719 
-16.59278283989401 
7.089345945473674 
13.69171635882035 
181.810166144399 
412.0558332460536 
-5.156476738898485 
233.6919398382182 
94.72203888025008 
84.53983082252236 
-10.54272223731886 
-19.49361519462568 
-25.37979160975966 
152.7534900273064 
452.8123107421659 
512.3596986365251 
-8.301200173805054 
203.3880112405231 
425.3804922900214 
698.7366273150773 
652.8436740725405 
18.15761486794126 
-2.555792769131864 
34.57609740018837 
97.44547584386305 
-0.2698220960484574 
277.5513505669553 
256.5982380984647 
-14.9157809426122 
-11.35763040886012 
-18.66382280462624 
607.736764731138 
560.7806641523539 
-9.178258809669938 
326.8021918561621 
43.74208916252842 
466.6323045513528 
221.2430145185546 
374.6566004255536 
60.12707011725906 
-11.68358588811305 
-14.34203174353477 
-12.22910600557889 
-6.492675068140573 
257.1317196532844 
-6.449312082244536 
297.3228037054157 
159.4162212491715 
-15.09585118669403 
54.96238352210507 
163.1605355696981 
0.9205720313742649 
394.919946991276 
492.634484433107 
35.27890956957862 
7.237519085384723 
-20.41835107980198 
365.8929332298984 
83.50378221314996 
88.47477839480584 
-10.52480914014984 
3.946569356652953 
239.7050148471881 
264.9854004959291 
21.02488188041624 
-12.29119858155213 
-0.7820196817199324 
764.1222478253505 
-3.311733233976126 
753.500185056879 
761.5337460462763 
631.1371612040673 
554.9292667149012 
703.0310958430146 
757.7995634253475 
345.6458786052972 
-3.829558586469477 
297.8695838745359 
324.0009153154427 
12.57265271286778 
-2.24635252389935 
-2.463312609064174 
-2.644800392242346 
79.26100999422448 
73.10862268251971 
-0.4315452224330478 
</DataArray>
<DataArray type="Float64" Name="sigma_xy" NumberOfComponents="1" format="ascii">
1.773349896594793 
1.306583954324505 
0.9240892414543687 
1.387360010790495 
3.360519053462044 
2.318937477045179 
1.31213710044011 
0.5301543996144116 
0.3744996886889033 
0.9572902034234202 
1.902323821481082 
0.3519374331874603 
-0.222264195900697 
-0.05405504578507137 
0.05722503240680796 
0.001200286887143657 
0.002912265179899099 
0.002252586582097257 
0.00211692784812109 
0.002028683485934455 
-1.896860273266238 
-0.345963922265334 
0.2280799318838296 
0.05804217200487282 
-0.05425908208431316 
-2.320013793301462 
-1.310094505425752 
-0.5292245904013726 
-0.3800741490337003 
-0.965577209960088 
-1.816977292637974 
-1.357675249321691 
-0.9697405995710604 
-1.403196481336646 
-3.34147479809296 
-7.964880033071222 
-2.872005765341763 
-0.6019728693478082 
0.002396871483852761 
0.6097815283405328 
2.899535051288221 
8.165551768302501 
-19.48460021605797 
-10.03356078060758 
-2.906882269183555 
0.003633028417191247 
2.928265998543134 
10.07264055276693 
19.48655892343521 
-37.66160389542111 
-24.65908017379054 
-11.10037111369603 
0.009715671685757234 
11.1681645868783 
24.80248805604666 
37.84060135224176 
-58.16331045803083 
-43.2869144141025 
-23.71857389686724 
0.03841292025915009 
23.88204004132199 
43.51640428259022 
58.47689162074929 
-71.68957050919319 
-54.34615160078233 
-29.78540775585592 
0.1240383162452613 
30.03222235485465 
54.60402990400788 
71.89617858085927 
-72.40505767978721 
-53.25992456707352 
-28.92306972173527 
0.1712034406450302 
29.16150411479461 
53.34472605403057 
72.35604323694643 
-61.88975420745585 
-44.08965974629101 
-23.53315111618608 
0.1633945954258478 
23.75384348535461 
44.08529184904712 
61.67100683047492 
-44.22237069136929 
-30.46970356525056 
-15.76220803762388 
0.2017515000130315 
16.13832139876978 
30.88379424091794 
44.96814752215429 
-25.58566432647009 
-16.06007218974434 
-7.734761883863922 
0.2732495661330521 
8.289362889097202 
16.61128072037186 
25.89607995365147 
-7.719714580043409 
-2.929621763640954 
-0.6643637322602809 
0.2691720959987791 
1.207207579210339 
3.380012646977722 
7.560415964992019 
8.867597222965459 
8.42686347241273 
5.133911220789475 
0.1119586351714855 
-4.899957349087538 
-8.138703724631165 
-8.561419145518549 
23.23595150222879 
17.95189470708126 
9.851574244918311 
-0.1678696919686195 
-10.20687909425715 
-18.34861871247557 
-23.43351308506788 
35.1636961736784 
26.17635875885561 
13.87873333027168 
-0.4052170978403602 
-14.69960781255006 
-27.03342829010557 
-35.93852091453684 
46.31093565399367 
33.40134004111528 
17.34804995441322 
-0.489619353409265 
-18.25575424360672 
-33.94041580408193 
-45.82167659552429 
52.4699598517943 
38.150100369357 
19.84041693252098 
-0.4890201874759257 
-20.81649201735261 
-39.09639609404876 
-53.47243794413963 
56.25771878370879 
40.71710152441658 
21.21756817789657 
-0.3880998288435727 
-22.16914378824697 
-42.22305423488776 
-58.67517107803037 
57.44582874237273 
40.99558916600331 
21.30656700023554 
-0.111703305436186 
-21.72558783943883 
-42.23871714505144 
-60.18645267445927 
53.53320306144277 
37.47587329493039 
19.37235075161984 
0.2363891498045787 
-18.86291018635811 
-37.06080664837857 
-54.89852284997797 
40.30805341165735 
27.65698423125968 
14.53120754339323 
0.332249968311148 
-13.59927638495555 
-25.74502167999218 
-36.56873225664472 
12.92353192291323 
11.00218041771949 
6.032653952171573 
0.08987154436389999 
-5.751203331142227 
-10.28868586303602 
-10.36194902804613 
-0.7099933145340465 
-1.438319373007226 
-0.7886424080242025 
-0.223297556414052 
-0.4189779990289072 
0.2878963520475606 
-0.1056788368156148 
0.1276807005960322 
1.142925058136026 
-0.0263816107280185 
0.4144147377219064 
1.649682075046871 
0.02570969922087174 
0.5720407183347539 
1.928173381651284 
0.05781721204597578 
0.6470606084403667 
2.064666186330818 
0.07605774488834613 
0.6780226945347406 
2.12611374488058 
0.08424023537634977 
0.6807234741968581 
2.125383888722423 
0.08684854570148266 
0.6700294535700669 
2.088939374914831 
0.08536601010195051 
0.6452192365963569 
2.006425675342621 
0.0825652359339648 
0.6198215979961152 
1.925684821809022 
0.07785331998487263 
0.5910480156726295 
1.839874591362369 
0.07080215195800618 
0.5510337647039237 
1.734602849094778 
0.0638626035638245 
0.5026024446780967 
1.608165649567728 
0.05880782386384949 
0.4617283957626721 
1.492702923004398 
0.05521564750268331 
0.4325181456547936 
1.402631585744416 
0.04909361548245403 
0.3846727684441653 
1.25582809898407 
0.0437769527648868 
0.3437958525079794 
1.131665134158278 
0.03834868559122441 
0.304753889061417 
1.003336731898408 
0.0324663815889217 
0.2592329092422818 
0.8557147253262077 
0.02558384804492601 
0.2036790474333432 
0.6903571417588621 
0.01849847745755583 
0.1494016304908072 
0.5207564621630829 
0.0115939540159049 
0.09804668013056053 
0.3765682838149241 
0.003916135238149078 
0.02850101324272766 
0.1298694050686092 
0.001521851595806496 
0.001568178324139368 
-0.006809189957526881 
0.8110323161692654 
1.441424659606782 
0.7130929795582527 
-0.2824347796262371 
0.415902268761681 
0.224064192857987 
-1.121291787283326 
-0.1246635163192438 
0.1065939374025716 
-1.655792172798022 
-0.419905194646998 
0.02560864199317679 
-1.929251328807418 
-0.57476807252368 
-0.0263597147418112 
-2.082185326026731 
-0.6589069877402788 
-0.05996739316804583 
-2.128463073804781 
-0.6880214732582145 
-0.07805167720893363 
-2.083636585693592 
-0.6746351883562207 
-0.08381710083740905 
-2.051036748387066 
-0.6602665086367343 
-0.08570099760583036 
-1.996117731093345 
-0.6384627209724841 
-0.0842699377749276 
-1.922743505429882 
-0.6131714103527847 
-0.08122571283647442 
-1.839838377565691 
-0.5846685512447467 
-0.07662235035837202 
-1.741166333523032 
-0.5495592179044372 
-0.07027997897975924 
-1.638328137206295 
-0.5107652254850018 
-0.06445711208940083 
-1.529837800850417 
-0.4689753107098679 
-0.05893654710730951 
-1.411735343738535 
-0.4261993357895796 
-0.05373746728214902 
-1.268740382083522 
-0.3873711812660171 
-0.04941167418120998 
-1.178309131569574 
-0.3685235996348213 
-0.04728933023065138 
-0.9732107474742536 
-0.3034918776992919 
-0.03915248379715413 
-0.827638683253508 
-0.2516166809868719 
-0.03247390494231864 
-0.6939048134997137 
-0.2039648647545824 
-0.02588028949966708 
-0.5256733989022493 
-0.1495771723160572 
-0.01835550666747036 
-0.3575217970124527 
-0.09284778836077706 
-0.01101390365551723 
-0.150691859809963 
-0.0339389233859758 
-0.004375353444040192 
-0.001892893838769944 
-0.003045480850675936 
-0.001512611467627864 
0 
0 
0 
0 
0 
0 
0 
0 
0 
0 
0 
0 
0 
0 
0 
0 
0 
0 
0 
0 
0 
0 
0 
0 
0 
-70.6134844454175 
-30.63578566542016 
-0.5901840085259136 
4.811621518879372 
24.52849802947213 
67.42139564794535 
70.06530851688427 
67.73888394030588 
69.98630984419745 
53.3240276697079 
40.55084038682146 
26.3191273605254 
-92.04186978802558 
-14.22092123571884 
-65.15909051158076 
-75.88643628225842 
-86.25451234976292 
-83.95734981787268 
-3.755069810474461 
0.08255996268096653 
-7.392792801764076 
-4.613997666341676 
29.02621590815859 
-0.8380102162140256 
70.28253210192747 
1.317608500444129 
13.17345182815952 
8.952031133846765 
5.143611825772956 
-11.13463226752279 
-59.20377375952184 
-13.99020155660929 
0.3679449432435332 
1.378143520701468 
5.208303663908647 
7.579619800925771 
14.24016020766706 
5.797036223011754 
5.305069701274496 
3.699365162875932 
-0.1834519522008913 
1.020314565982648 
3.258354230624961 
4.022324869652453 
4.732365525234739 
4.841345969153777 
4.878464798980758 
4.884967342786526 
4.702008758898752 
4.547157516751728 
4.285624135958034 
3.778291629546444 
3.596369644824612 
3.13903084286735 
2.778853523207284 
2.465523374486255 
1.686783817003985 
1.182260767111434 
1.006474014587779 
-16.19743170262624 
-1.516581982016259 
-8.260313797302729 
-3.989233498429746 
0.1278273607113079 
3.544796568853203 
2.232358118465655 
-2.578475500782004 
-15.11410849724695 
4.50450549092427 
14.52327681434585 
24.15149092011305 
9.380654266005552 
14.49902922309761 
8.28404488698536 
3.993186212007129 
6.536959774072198 
7.632522371955774 
1.79456734552221 
8.354189608089158 
8.853147185097797 
9.210065182838918 
9.371570321159929 
5.060633517181948 
3.269569717435698 
2.090050611661568 
2.833708126125341 
2.730029559213301 
-56.56892741885159 
-35.90771689283331 
-22.6378077229452 
-60.80560302746659 
-50.38600021377014 
-7.231155065712749 
-25.65962591524814 
-41.35689905385875 
60.56513895667224 
-83.47569082600629 
7.154773617606777 
-55.91555711772556 
-79.59255664742261 
-67.87597159352903 
-82.81373780597484 
-5.267448744449164 
0.9254932058407681 
3.923084332497657 
-28.48856307731717 
6.118500497066736 
7.208295357885518 
2.798701700514026 
4.176284161187603 
4.838133813903934 
9.23360732372625 
19.78642995432553 
9.043018963408231 
14.58427936551882 
12.88545271368696 
7.270619159483287 
14.60633144494984 
8.534260098171371 
13.84058833877987 
14.50298257181178 
10.4705393211765 
12.04092864329408 
10.99607172206796 
4.443072205711677 
6.117375996758323 
11.42207111006268 
6.338855085982736 
67.30601197951827 
76.34619377905597 
73.90840937628462 
-92.24637330276866 
-27.24847951435664 
-46.52367515629781 
-78.37136697316306 
-21.11675520010175 
-92.73317811899956 
4.416435765814546 
-93.38698600266562 
-95.52341165135144 
55.28659629320118 
-84.92388214243401 
49.87563416285656 
20.34466303852032 
40.75193503811119 
-36.71831787080479 
4.801193941775725 
78.01962788345622 
22.77464996063516 
2.141179352381763 
19.72573186607617 
-81.3119760424559 
-46.11628506401456 
14.49946764805381 
19.54620100874794 
13.00190912228239 
14.34271665536465 
19.31165698633538 
17.77766480977608 
16.62241285338374 
17.71439044321038 
16.74039293968969 
16.23797033381085 
16.00077557526469 
-89.66396309589901 
11.34176009035505 
-78.54348520686325 
-48.06495195479902 
-64.24529755948167 
-29.81650976470321 
-65.97977621109872 
-45.69491171052094 
55.8130893242156 
-63.44423104758236 
-60.29621542313091 
60.33056275362873 
27.21243910554421 
6.970513122274141 
-23.07316255025775 
30.89228634133575 
11.42775549724462 
7.709712525122904 
17.78039713342732 
8.169886912181875 
27.33725638632841 
-84.50054177066828 
-87.35145951820536 
21.16395769047775 
26.91617499573903 
22.26146489687905 
23.04970271079672 
20.51138731038899 
-66.18404566772345 
-44.61017551300743 
-85.44637472760894 
-72.23980715700601 
5.292958492434693 
20.49256116016521 
61.44433708677953 
-40.38010980982684 
14.47217475821621 
8.065944846075125 
14.50364121944459 
0.8229505553069624 
8.023353324348106 
11.8643156007621 
-3.227914502240853 
48.65252314658381 
20.95486474290044 
1.378872815150214 
-8.587914427134118 
21.39321344250871 
5.239543718047686 
11.83725737147005 
-49.33485798827045 
-27.94194234339564 
-71.39941634289805 
-71.18875418122205 
24.30998345106413 
28.14860214990525 
20.36672409016823 
14.04279072511982 
22.70202658142669 
11.61192454703245 
-51.47200841155042 
30.79322129534814 
28.74117711669923 
-52.36054362936175 
-9.040226267194788 
-19.62266193157501 
23.0197953497095 
19.0289180815108 
-12.14001533614362 
0.6759018170981163 
53.53989118539777 
15.89198127011723 
40.25079283573648 
14.38522860343198 
-4.013114991965417 
33.14563607124542 
10.14993761942028 
-36.90206963639991 
28.48557408406695 
28.23498498604624 
15.32840161262971 
27.98089236785833 
-50.97116189614061 
2.681868037417775 
35.98604504699677 
25.25511903457872 
31.75957906892495 
10.54202614049303 
16.90749389684301 
18.24732006128527 
-79.24334743836286 
-32.19246691853297 
-58.15103977127535 
-46.06077554914339 
-47.79466307228098 
1.592855368442574 
1.455286948810064 
-48.22453599388332 
-37.2240036412586 
3.520822458519167 
9.375803806618586 
4.084668726084224 
18.66498660278389 
11.51809030321144 
29.01447630055779 
-2.388374202974866 
12.3802449467734 
-18.72920324662447 
-68.00927051902266 
10.4977212723841 
31.75361228235835 
25.05479340564844 
-37.66568639726634 
18.32339104505903 
33.05520773309401 
-10.26315851573233 
4.952222919503241 
-64.45961191808281 
0.005561543058329566 
-31.10169371638619 
-12.9601495548937 
19.00076454229072 
-21.12898885631244 
-56.45238279769472 
-9.230579543838379 
28.0467192614026 
20.70490443627997 
24.16868843068641 
12.91543008494445 
7.433294797577301 
15.27837748423136 
31.38450157111536 
24.29608881999081 
-18.64665508182187 
27.20585674654257 
30.43876141068277 
25.52289769575107 
-20.72532205633666 
-6.122152918208332 
-5.011185297308619 
-58.36587181940908 
17.25460361655881 
-62.3025626435666 
-25.83707223226154 
32.65000684336997 
-28.39147227343644 
-42.13093616701353 
22.14865335911285 
-25.75872392294905 
19.88247857568324 
6.038322362691599 
19.19665262370972 
-30.04040760407356 
-2.716791101408032 
-4.234217791669518 
24.56071052449117 
24.03417105314127 
26.00187433729378 
-12.65305706548624 
30.5865337872497 
-51.87900536828317 
-40.25690720522788 
-32.70372467292792 
30.46685590503614 
-52.08016377514668 
20.91714973541312 
30.904560330328 
28.83470303087838 
-24.13873597686709 
3.000999780741468 
5.139004625456529 
-11.78436313388537 
18.86579543553848 
-37.64940685290647 
-32.12489000877268 
-44.36856936166265 
27.80093502030033 
20.33091745121449 
31.59870947852915 
-14.54146238983755 
8.358840108540981 
-33.61505050930759 
-19.05245520486701 
-41.31990293559318 
12.11105743999797 
15.54179584874769 
-16.32984238888861 
27.26294365769397 
14.47400986550048 
-2.279152381311654 
-30.00480270739394 
22.30633864803755 
-5.645132114691075 
-6.028156677440102 
23.91700443061768 
6.547461111122071 
6.811866621362679 
5.289429728999458 
4.169390399877611 
12.35651541739437 
77.74099390696615 
59.28549597090548 
27.92839008289991 
42.67748050366157 
6.759714580404302 
19.0371873670398 
13.85685294648667 
5.120163412580013 
24.12124284202376 
18.78446002067522 
8.79870959290132 
8.339458451190211 
-19.75122478569554 
-7.715042425393078 
-5.305933174339495 
-76.6383527285203 
-77.43206251407896 
24.41372709535536 
-15.87210387035167 
-23.81267300545299 
-71.23511384161991 
-3.463207039597235 
1.486976931494157 
16.68324479011119 
12.30612754764231 
-0.2867206463750236 
-1.061336094666179 
-1.028975186307434 
-3.424311319581852 
-1.666105477376073 
-1.926925970678073 
-2.35449372351662 
-3.159879816990645 
-3.361821358946296 
-7.093072558422164 
-3.604360118820295 
-18.68027036071369 
-4.131931348496892 
-4.32023342971592 
-4.498959427819639 
-4.673292561552373 
-5.081034785266308 
-5.05696079352552 
-4.792401599443436 
0.7655764866805199 
-1.289373495471087 
-3.642742393755566 
-4.835977545021574 
-11.24699836069332 
-6.797096778750322 
-3.21460126854778 
2.187714789285562 
7.547156239237035 
-11.5440883194846 
88.88887267755914 
68.5940175422916 
7.458275011087317 
-0.4972425324911142 
-9.221477894842012 
-7.729946812180756 
-7.246845978339336 
-21.87702311590087 
-11.64532872675894 
-25.85082340521784 
-76.65093509037635 
-62.92394845861876 
-40.14969720161594 
-57.17245344800428 
4.832668526228383 
4.912156538321264 
15.42782138836369 
48.81405776187497 
82.67397472031054 
85.64324253389628 
60.07895573658205 
39.08929632529128 
-24.17079722841323 
-61.96014384179966 
-68.57334673243638 
-72.26124069536624 
-72.11458620975642 
-62.45519141391093 
-1.013596229604667 
0.2364551085778141 
3.358008244943828 
17.30124886082837 
-2.414051605785683 
-2.483480036568309 
1.969126206990316 
1.727349425250996 
38.44168405981242 
29.36120684142795 
-3.933558751597211 
-3.750653731874352 
-12.02992441520608 
-7.943859545318848 
-4.848538390424164 
-5.991146488850886 
-4.319473480450498 
5.693306301548541 
-4.153749778113314 
-8.110496058852174 
-9.084837982164615 
-8.467892350880039 
-1.340982673827889 
-5.936645251991242 
-11.40155280230087 
-3.482872613806783 
-7.121633323535532 
-0.8670725769494331 
-2.289722062407402 
77.12805623805998 
53.43692541211556 
-22.07138012876054 
-3.933917553077082 
-52.27058329232381 
-68.22498876467782 
88.82725717139608 
75.15565514835266 
94.02450893632357 
23.14858837473754 
87.3444863016468 
73.08413988248654 
94.17284361593607 
-73.684792236466 
-40.42461238392031 
-65.93340161225446 
-75.43247040710186 
93.99370366899149 
-1.885151579798314 
-7.277919356986997 
-5.638659517372633 
89.86589527099326 
10.87597887123858 
56.86809897844851 
-4.700425116627963 
-5.386408097712756 
-7.457482553614694 
-12.65248596459396 
-11.18200764109091 
-9.268037395275574 
-8.545356133238974 
-10.52115101171288 
-14.45265048129284 
-14.25781597980048 
-11.8068172766444 
2.975348360944421 
-16.88845309946598 
-6.925884946406017 
-11.83085621492181 
-15.0555427590052 
-23.68596031980373 
-4.359157652780422 
-54.84309837255523 
-72.17126000985795 
30.02812734725336 
-1.636175397740053 
91.54170304645446 
74.063725968515 
96.38190768175114 
61.31695319760818 
3.669082060379378 
43.98584853585988 
21.27737349319155 
44.74218432304981 
83.27088073756158 
65.86075102563686 
6.172142648758065 
-39.52728555608706 
29.77312853468834 
-4.070887676593582 
-12.24184275311795 
8.255618041461014 
13.31444034074139 
-7.758667401892684 
-13.55601788058933 
-6.613526329404074 
33.63615665307444 
-18.8167644306169 
-15.33307046900302 
-11.27855120618513 
-14.08170129292563 
-17.51155500913854 
-11.76830066799172 
-21.11631963026641 
-17.97768726653991 
-19.60597630113325 
-20.71692113159925 
-16.63944583566871 
-20.91628702034181 
-22.18881498494175 
77.37318668746998 
-14.05123003251546 
71.25375126286879 
61.21249604733727 
82.88469933948502 
87.40735588407109 
82.65047283164712 
25.8185976097509 
58.24729478925042 
-19.72361326647732 
2.104976421433471 
-39.19513359366056 
-64.1629294660513 
-67.55544993183264 
46.80480829743206 
-7.028913329660838 
-11.11569955073678 
-2.257265123558032 
-4.360206115583416 
-15.28240528430523 
-33.47985487396038 
-61.2154191834674 
-23.46362076068957 
45.33743759042704 
-15.72830606414323 
-12.58866569011846 
-15.41389959112412 
-19.39843185539626 
-25.24327612661902 
-12.5787716386165 
-26.77122852745353 
2.094707783420813 
74.85678901777845 
25.02632453435153 
-2.620240959124374 
-6.876188454521062 
-8.43069923121018 
-11.38594965816074 
-11.31359524729794 
-3.486172277892615 
-4.97679032244675 
17.65165721253582 
-32.44507723744937 
43.06120203241134 
-5.211006950981297 
-15.94317239717475 
-6.381335656993382 
-2.233187221072014 
14.10821097843665 
-16.27505860967981 
-15.82401435305883 
22.40261108624065 
-21.81081014145864 
-15.22274118828845 
-24.66026017787167 
4.796571590461829 
-3.515776228927955 
-12.37257569173402 
-30.32100609153667 
-23.33598615201545 
-27.39626114604657 
-21.10067702177108 
-12.94143983859092 
57.7285041714086 
65.98377812286877 
-9.340408036214336 
-16.22680017215011 
-3.399148181050189 
-12.86899365303403 
-25.36838975296441 
-3.275290912425497 
-9.174385100041942 
71.89526893719767 
5.80517438488825 
20.21556741604675 
-26.63865619782624 
29.87006023618342 
57.7257105408095 
-2.618622992538312 
32.3231177570397 
22.47992078384063 
-16.51262631302303 
-21.18490368985958 
-29.35606055069418 
-25.71584633098227 
-30.09108957007143 
4.172996938065622 
-18.54253172081182 
-11.13680967128126 
-14.15462707476316 
-12.30583166224811 
-28.94630950096131 
-21.90104039720579 
-54.13401281880734 
33.49957652123137 
3.668306304817293 
13.40656744487977 
-43.93263387509082 
-18.5893644868125 
-2.001073599130403 
4.634738339396035 
-31.68765734566808 
45.24479390188068 
-5.712767393908332 
-3.579342677019424 
-41.3270654314097 
-17.37882524047948 
-17.59716996082715 
-28.83959361419007 
-32.3793931551544 
-20.75456789827677 
-17.97228847905622 
-16.9339356535565 
-30.12569373419086 
-4.983755261044275 
11.93418764289091 
-23.59781080141272 
-24.70026946419144 
-48.28421596211894 
38.42835550299711 
42.21134656133218 
-18.98344898046282 
-19.7135103467182 
-23.71961385224989 
5.799824392494435 
-32.06990807041566 
-22.83346886894631 
-21.6794438310749 
-30.71879039154236 
-28.00064551532205 
59.33861883582586 
45.52514722125927 
-26.82221803573256 
81.38673535181321 
12.05926599658935 
19.83998309351676 
-23.57746946345148 
-22.03491555210491 
-13.87000488145637 
20.26421557647857 
54.99755594431306 
10.93511162204644 
-25.16626862011114 
47.3170506548016 
62.73910191660246 
-19.34884724607216 
6.990907615283346 
-25.32472894442213 
-25.70311596137266 
-18.33394654439105 
-2.546833590499919 
-31.42558934020991 
62.94744684815981 
70.65827153705457 
-24.55920622958988 
-28.83907711649551 
-20.68129045235868 
22.84601225681281 
19.62561888956407 
-28.43136311212353 
37.89452245942338 
-14.76255805615108 
35.43401652775592 
36.86626017271433 
57.0446937437173 
-8.880257905739702 
-26.13586833448368 
-25.1162434685802 
-15.72708933796883 
-21.86123114750078 
15.41219986503086 
-30.05243023314313 
50.20650555691646 
11.65976815181251 
-25.72944747282943 
-13.64203350765539 
0.7446606259375018 
-16.90281265901714 
10.42970698772544 
43.28552077115811 
-6.004556215140441 
-25.96594336700557 
-14.78744173492183 
22.48188670829312 
-2.152763346930345 
-6.186884169656308 
-24.92307310613715 
-6.130575996955289 
25.48381851017609 
3.566203307813177 
-17.72671223633213 
-5.431704557035502 
-2.593117185943227 
-73.32568301979501 
-8.227877557196825 
-73.92489077529704 
-67.99217791963132 
27.7336122525916 
55.0286584625892 
-10.71094808754404 
-55.63551581005767 
71.906021067697 
-20.53285690529577 
92.89596082385398 
87.76401375383324 
-7.318702345407766 
-20.59577897247261 
-24.6135219135127 
-23.35936864223061 
26.01972273761151 
32.37535811282682 
-23.2736891853052 
</DataArray>
<DataArray type="Float64" Name="vonMises" NumberOfComponents="1" format="ascii">
39.984904693357 
42.20125995079949 
42.36532138280941 
41.84247847376233 
40.96657408045343 
19.44592535451098 
20.08368804645797 
19.70118483333552 
19.0163514507853 
18.49256665343672 
6.976494832567343 
9.944124721922728 
9.033352347755679 
8.712526537591707 
8.876926616655304 
4.006631381495877 
9.912083934523331 
8.035137039032982 
8.016448288907542 
8.072559274907391 
6.968765976642737 
9.938661127845965 
9.030705515363 
8.707975527970587 
8.869254925810294 
19.42892638519213 
20.04324788959574 
19.64958775219327 
18.95123721154145 
18.41185365895023 
40.13107395401349 
42.15216962188397 
42.16429734569335 
41.55349210617995 
40.72629919882215 
42.04257582656223 
19.58221361017883 
9.65423578340623 
8.83953229240926 
9.665349222108285 
19.65287011518497 
42.18509007245058 
57.10498451112335 
28.8939843648219 
13.59022641144617 
11.37791970664702 
13.61413181293327 
28.98442296289629 
56.98827151441988 
96.57243426881909 
63.16602671596204 
37.52217075446521 
26.03459475552027 
37.60483857277751 
63.40886627369617 
96.91688985413111 
165.3024232088933 
131.3695224789901 
100.3298924607348 
85.14018400471519 
100.5286455160484 
131.7114524038977 
165.7419574849478 
255.9986674045919 
227.950498517339 
204.3306319030563 
192.2497057823792 
204.5431787891297 
228.1917445703923 
256.0930460902984 
355.6065196654861 
336.6580771901462 
322.1921510397996 
315.1667980410435 
322.2967917243134 
336.640902504408 
355.3202175438694 
450.666043213192 
439.9016763749807 
432.5429295122332 
429.6791367103434 
432.6747358034485 
440.114094364134 
450.9827941547708 
534.2405289722238 
528.7645703253339 
525.747202168064 
524.8755961021695 
526.0022609555301 
529.3252532316778 
535.0225660095281 
604.742899381848 
601.1643879041567 
599.4865693778233 
599.1456824312752 
599.6825970981162 
601.4612208851723 
604.581470950803 
659.7231160080785 
656.9564683657809 
655.147752049006 
654.5835779535055 
655.106036512777 
656.890492025428 
659.7157923297023 
700.4411403361875 
697.5426675926841 
695.1045578961148 
694.138952613177 
694.7864525995005 
696.9569477165082 
700.0702802144167 
728.9547433247516 
724.9542726053893 
721.89109541885 
720.6538052871202 
721.5077128435998 
724.1613644593077 
727.8260098459916 
745.9336770573633 
741.3672322194953 
737.9574488608619 
736.6300012336745 
737.837858772294 
741.2701483241173 
746.1032619839795 
755.6352257082203 
749.5510451056321 
745.3390458930066 
743.8312312551695 
745.4132744355404 
749.637793815913 
755.3736269256339 
757.2758538798884 
749.6767331545165 
744.4494965098083 
742.6566392928952 
744.5714015888192 
749.4820349485042 
755.8121012119094 
747.1213984878849 
739.4141287107542 
733.6772909811309 
731.7360527508586 
734.1371215144011 
740.0013980826752 
747.2858859890916 
725.2385660612463 
716.4751998662645 
709.9607018832181 
707.8054918162844 
710.9376726173853 
718.675112416728 
728.2976171536742 
688.9095441779751 
676.9108945981244 
668.3714935666694 
665.5979862766242 
669.3076423208362 
679.6123959144487 
695.1825821247945 
631.7559574400319 
612.9656610672777 
601.8260330897956 
598.1093079211379 
601.8933916911272 
613.3893067192356 
634.7341263059776 
538.9286921466628 
515.9329885829247 
501.9447712054068 
496.9506191198832 
501.5338220821687 
514.8147790204654 
536.2021681464462 
3.181316016146657 
16.80966124940955 
38.04278375065613 
2.916784910623045 
16.71803780423197 
36.05058062950954 
2.784444531162952 
16.32223995882867 
34.51101414448161 
2.683858759928067 
15.5579178216573 
32.63943443507953 
2.539354692168904 
14.60324932007734 
30.56160934168208 
2.368175381225209 
13.53856304598212 
28.39281589443366 
2.184962732338775 
12.42631045434145 
26.10296259091332 
1.993083137748939 
11.29317448317843 
23.80567013653406 
1.798699733678724 
10.17905969444369 
21.4777426514104 
1.606850892916825 
9.090686136159754 
19.25236430159357 
1.420757194264089 
8.051851100287827 
17.10597747779931 
1.241266753930801 
7.056548728020937 
15.07121866001117 
1.070890277480335 
6.108041540143287 
13.12939168817266 
0.9128509721367669 
5.218383678491794 
11.27493852589228 
0.7672521471058017 
4.396579354053233 
9.540500212990938 
0.6318913629578973 
3.631677607027607 
7.957516267617964 
0.5069565587485615 
2.923052265080957 
6.49246390423539 
0.3953662288433648 
2.29339021626654 
5.166381794714596 
0.2960752436245935 
1.732883100872863 
3.96534434668735 
0.2099936999466058 
1.234785863818157 
2.926138666581416 
0.1370211032483273 
0.8147313837447198 
2.025652577006932 
0.0776938904275816 
0.4844179548098357 
1.288628288003869 
0.03434033207844175 
0.2340336049276869 
0.7649080598771412 
0.009509801060967193 
0.05821827142510622 
0.2262830236467405 
0.002814109109331984 
0.006053093389104547 
0.0456517360602228 
37.95142919083568 
16.80069819561271 
3.185913645754388 
36.01006889993338 
16.72105647924277 
2.917844042602929 
34.50391766250215 
16.33357245720016 
2.78809636293455 
32.65572197335155 
15.57607727046433 
2.687551009032716 
30.58040588763453 
14.61789233997494 
2.542947286810633 
28.38873326907512 
13.55346372518229 
2.370767118378804 
26.14113665140158 
12.43136661757619 
2.185612801095251 
23.87993041285392 
11.31077883267502 
1.9926137756325 
21.6406024778803 
10.21452694397206 
1.800563266694931 
19.41852649995246 
9.142861339806959 
1.611398757085952 
17.26202744405585 
8.105179395259087 
1.427268260385823 
15.20001528501853 
7.109800562718124 
1.249329238017458 
13.23038449393566 
6.16230421395813 
1.079789354755555 
11.37715751198611 
5.264683684520627 
0.9211696948233982 
9.616022666284197 
4.423944612306557 
0.7729177449027733 
7.972546987732001 
3.640753956516664 
0.6360636638099277 
6.40793881548113 
2.937740363721172 
0.5115589020707918 
5.126865414770242 
2.29615197545782 
0.3979893010718152 
3.934342957554155 
1.714137233344244 
0.2946192397161307 
2.929679373325238 
1.232519203532496 
0.2091674787374153 
2.056698710944464 
0.823658238121516 
0.1378170585988337 
1.315174891957721 
0.4890038688497384 
0.07800561190176079 
0.750059860592708 
0.2361423626762164 
0.03512718549495419 
0.2627337854981168 
0.07121883085642859 
0.01089347672800606 
0.04596711681370619 
0.006321227327700441 
0.00285798339922053 
0 
0 
0 
0 
0 
0 
0 
0 
0 
0 
0 
0 
0 
0 
0 
0 
0 
0 
0 
0 
0 
0 
0 
0 
0 
204.7343202780785 
92.50025904043335 
65.20499235105237 
31.07999463923311 
594.3282310348193 
714.0345442483575 
738.8882747491342 
757.6147384479581 
770.1469309408476 
758.0123538789928 
751.5336013351227 
737.6210485090945 
414.6740897615763 
665.2915926797618 
198.6345267812221 
465.7751494422051 
382.7784371953653 
290.429761978684 
66.40790702963257 
763.5694027063425 
628.2563400559218 
791.6549307182703 
743.3029063033533 
711.7298679884705 
750.3827030713295 
52.09273531073448 
39.93974770163565 
34.63123285681456 
72.43326258432033 
98.28636726451903 
553.6271441701776 
703.6157330544009 
0.8470059327452781 
2.972460778086729 
13.57912778709034 
26.58080184555151 
41.744204613336 
37.38360867693932 
44.85504719481332 
49.70389860909479 
62.60418796040263 
59.18341173999516 
53.24479494684989 
50.27937294057747 
43.84669297717247 
40.65898970366491 
37.43479865826575 
34.28530877673856 
27.93724681226489 
24.80594539426138 
21.72520450618847 
16.2027458090879 
13.72103596260102 
11.28672840010666 
9.043595755479824 
7.203660547265218 
4.055405543143178 
2.301538541861477 
1.952810145969346 
71.62381732918064 
66.3933624418116 
66.72119007923546 
94.00994806850917 
83.08747341455256 
75.97466498255682 
56.18289100178901 
85.16624541770179 
91.13997408596664 
47.14564759934785 
46.16961062254062 
50.30125712421233 
42.58075503234311 
35.29072644662754 
30.40711028376895 
18.84259595154671 
68.99536217333478 
65.31909835820812 
79.81020575188793 
61.48577987929623 
57.63116132088007 
50.13065057084167 
46.34934341547532 
9.289590119741913 
6.865101820201921 
5.503974324207608 
5.104980719937593 
5.207375147932377 
544.2556955836122 
612.0136101526683 
110.3836134473845 
174.8268978532974 
136.5018729686568 
87.03479479357223 
101.1756250802288 
127.9233944095323 
762.7355969046207 
312.4958279426805 
706.9574479433276 
603.5133945222761 
242.0083309040825 
555.7097008374089 
484.7344864826865 
95.26859153942489 
91.14458408087043 
88.07828577877959 
129.6123674778745 
89.69069913606387 
20.6442660481643 
5.621266602211147 
9.313994642342003 
11.60333218459244 
38.67060840558786 
50.93434247640378 
53.68836807030023 
58.41912147319698 
36.89576414981362 
23.42446192878548 
50.40910370169377 
81.2450778386894 
66.00270694529554 
54.42943719713099 
77.75970122566284 
74.05632428563673 
29.37899699604723 
8.461689581632179 
16.91452653093805 
32.39461143532667 
84.49358076413016 
706.1635414664194 
736.2985836500521 
767.9298847738559 
322.9801056522018 
125.4634916889131 
616.1337368225331 
542.5035410440988 
669.6448950956336 
403.1599107884657 
712.4778682659778 
338.4066170410474 
422.6004076662045 
661.40020811426 
501.9503900355756 
755.5222100972763 
729.0948531513294 
687.2641693361577 
129.3587470817947 
9.455829799300043 
762.1818868874852 
736.1037793015146 
92.04193893249645 
55.02146460000023 
260.8916825832528 
159.5628980363149 
62.88760158851198 
46.2579104248068 
70.11098887653671 
79.55241055290077 
58.61155905744058 
74.65823431308773 
76.12789448337995 
41.28065541209894 
32.72510155512337 
29.92696340080906 
34.21482240526605 
331.9125087177364 
83.16552928001751 
262.1519284850596 
153.4799713814038 
204.82838516216 
663.1850990392718 
581.1003608092341 
558.442007404063 
764.9250538096625 
499.264524666217 
203.4826128233319 
768.2068511497708 
696.8033957456025 
825.1855534659273 
658.9449110911969 
747.4170896191122 
27.42128146474138 
13.98323960814128 
73.29379413215044 
86.77658753570171 
48.43138769423073 
372.8292061419476 
474.9775815991436 
65.38177771333794 
63.7698489892805 
71.08440520535397 
60.27282964653666 
63.2440741477641 
277.8975767153847 
151.7313877283157 
442.5079981765707 
248.4904017755677 
86.95546734349251 
72.72311692315523 
765.9838093197218 
640.4555662537401 
26.04126796822823 
19.05463674706223 
808.1036179754437 
823.524342372681 
16.87956219433044 
25.07717056879987 
810.3777777185971 
761.8615083940048 
765.1507079835922 
3.952342916961309 
697.2425374261528 
39.63489851057111 
28.0917709048055 
22.95264898140908 
172.903440801702 
136.3541940378479 
436.142104330009 
546.0564854378789 
57.50362848068863 
56.24323922745849 
41.21137334540589 
36.52812624933407 
49.3255274134202 
79.49137246992147 
213.9999663868412 
58.35944178399949 
58.89187961993191 
199.1086798497516 
734.6187577006149 
639.4427763509428 
65.81414065455523 
58.56279499014536 
662.4340745798618 
715.2934340532792 
733.8244553384122 
773.3804284255152 
760.058476948137 
718.2373602405512 
771.7643720618089 
775.9893061738761 
18.8688839617306 
155.8753520723119 
51.53626285339957 
61.04666520332871 
42.6196106688263 
57.22176665064777 
607.4510547619701 
9.930926306167605 
748.5605257068713 
64.51297817912447 
58.81907128962697 
60.37241809044272 
52.05241146520851 
48.82195166573268 
354.8716765957805 
166.2258009104887 
278.3522865310643 
218.273282466091 
469.2872697526418 
694.6406721298595 
758.1785124756771 
510.0946513844515 
605.5268529814491 
39.00043875408111 
40.20496371924737 
18.40867251363723 
33.39427162703529 
21.0441891811388 
52.42322201552505 
78.50624692854804 
51.5254893639837 
366.8564798473049 
351.088924782707 
22.99722632217968 
58.28518751780459 
47.41272645658731 
169.725814263499 
35.39992882767125 
57.29766452445788 
93.32121745185412 
63.1025999626424 
416.9575021451608 
152.4904666277533 
281.4497896124983 
681.5253139221458 
741.7398718095367 
639.183737622458 
385.5179677883513 
507.1579406727358 
53.6240735244738 
37.0673880383636 
47.30529931710196 
30.57351261661781 
15.12648764742693 
28.55080987300857 
55.30157292362809 
44.92330304481522 
647.4859903365007 
50.20332989569761 
53.16264199007106 
45.72812981042254 
122.74106708356 
121.7846864571851 
681.4915535266281 
465.3495877543278 
49.5797078149517 
359.9542337630582 
207.5757680045971 
56.87037732912803 
590.3080541645023 
390.5769319418086 
39.9695936645719 
576.8865923669608 
40.38022354203257 
38.40383752545639 
42.62967133657255 
599.9470353608486 
78.82006096383459 
94.25170753719738 
43.42436585195317 
47.21066930323975 
53.34195973181912 
109.4013855394731 
56.59301618538534 
285.2736729343089 
502.0128692868874 
529.6409190040516 
54.78357030485096 
426.4878112683251 
46.96175236007142 
54.00275427335956 
50.67075424191323 
155.6323623395139 
78.0117640938936 
63.91810612265656 
180.2275639551408 
46.00012724977503 
552.699827366759 
454.5148342025404 
330.413682758295 
52.67777462361148 
50.80129102691711 
55.57470008469789 
142.1062149871869 
65.13930924040768 
216.9280350102838 
479.0842111941796 
448.8612848111505 
53.23336334320331 
51.45631875353882 
261.0395609247869 
50.37805609884067 
54.93331768906209 
98.68842000350047 
372.1803615541514 
53.31690525494488 
363.232823382763 
243.7793498730021 
54.01901851338106 
44.13358428950477 
75.60025624955523 
49.775171503656 
56.02026623063639 
57.54396735407588 
755.9524047913825 
766.3696302601691 
54.18392562069804 
755.8255220158278 
13.34582253781074 
70.2752100192257 
62.60196779409678 
71.50598261062996 
56.93132632641351 
67.91691107398128 
74.41510562768914 
86.53305849133174 
105.7344006266273 
88.99258984953561 
89.71460358711413 
432.9510756155925 
500.7121262604479 
54.17383786062057 
103.7695737416098 
112.8006839157216 
258.3255382859783 
53.29423807630212 
66.18419503759968 
659.9558994330554 
88.01106898075916 
0.6821182741876177 
3.088315026301961 
2.019544002784178 
8.412495296091082 
4.028668354512405 
5.162122617786738 
7.034591554130333 
9.286934489063581 
11.55099635954688 
23.19850863035684 
16.00550428582441 
45.73875152167212 
23.78645501978227 
26.7512791754277 
29.83591996206515 
33.10230578848235 
40.17923707461383 
43.68971495027122 
47.08893796009479 
64.99535532971694 
52.09913292105153 
39.09301742561507 
46.82032709862762 
22.89551897500774 
15.79278267576032 
6.717221775998305 
764.4611701082271 
731.8605940880541 
815.5685278551111 
454.4701113534406 
196.7282288596228 
66.33813770774144 
82.37607878303874 
51.86181420628554 
35.25893273734968 
28.59455516125074 
43.7682820804442 
40.22538103948007 
618.7734728201552 
756.2173951571767 
769.9515323617637 
751.955654680591 
761.9049438151123 
793.3898921209905 
775.6407228879766 
70.96450491240275 
132.2726867410404 
278.4814479434422 
368.1460067068091 
536.1231894342168 
604.3020403479734 
731.5408904899948 
762.184507059875 
754.3439353745307 
736.3124340162799 
709.7401191556454 
674.7558016760793 
59.19474508471527 
62.44940577193783 
66.1932740570583 
102.6280171280929 
56.23925747120037 
79.53267967849055 
92.35237209273215 
84.18410997653559 
122.0296682893165 
90.00504320336589 
20.98858917560499 
18.38682749515361 
45.51506509273029 
38.80989554974095 
36.55842586036162 
72.16340362109065 
50.288054548067 
85.32225107091956 
75.73935025144984 
42.53137919758056 
60.52024271872603 
64.68752823802262 
2.890224073322021 
12.37944960092755 
38.37127803517861 
13.75129626090162 
25.75310226649801 
1.658871121043918 
4.377144330732254 
456.5609889384577 
596.1038646852655 
732.6801534902288 
701.4823064521947 
761.5983396431373 
739.766067215859 
294.3523192946916 
222.7696621926424 
373.795131019283 
97.72551904023102 
308.2169923050646 
557.4874226033484 
448.7500527956577 
765.9413920326155 
756.0286274640226 
766.3658066839279 
746.831391781399 
445.4224869014473 
90.55206329318469 
68.32852086365733 
86.65324394923113 
304.6975581308404 
99.64225199395833 
164.0249863613584 
8.708141163651435 
10.38658539718292 
31.81589632439346 
53.91461436728849 
35.16308276967719 
56.24368099020781 
46.93258294524436 
79.50860287579435 
63.26030566691625 
67.8887231863787 
48.91683703378253 
93.2713303341615 
47.6126329419014 
18.1562925483775 
42.12909490315111 
29.10628156178517 
64.38435238680137 
90.67761556114246 
765.0752133517475 
764.7392953263994 
657.9059652666174 
705.908663799137 
371.19983063515 
529.8006966463531 
376.4251063787387 
188.0778259445644 
699.5764358689762 
631.1217429804175 
111.2729904287832 
146.2469871123209 
517.4678046060513 
581.1220849665651 
700.6402546672774 
757.6396011018685 
118.0581468725233 
7.61746229220855 
22.73838752216347 
95.70497544955674 
101.2202807277352 
83.8183416026163 
71.75799172178128 
72.19908757219686 
129.9955896854133 
61.28591294277091 
53.85359717397719 
27.5100393211236 
58.29416294750452 
77.61860754043536 
76.13217961978793 
73.69380486803527 
72.84025527117886 
65.33077905503735 
69.91874560165844 
51.06644963756807 
55.33394352416301 
41.34870541073882 
241.3480201871004 
79.76068052567646 
526.0519968862891 
200.4492134146952 
501.4670412185301 
501.3377616087353 
441.3225647072028 
640.2436684123763 
600.5990636803016 
738.3711286942781 
699.3802166593034 
753.1523686142193 
765.4357707212748 
771.0349367948962 
158.7113544327722 
20.65595029150162 
24.87249387221448 
4.118526352666782 
23.44124674655463 
31.13909693045999 
708.9612542031409 
744.4956328860469 
732.877685413247 
159.5428495448672 
79.4644901324956 
37.55587933651078 
43.32423797428237 
57.40136644269494 
65.38636992297845 
84.11696577507733 
57.60069988729506 
811.7641904217468 
249.6760442207662 
665.6444048818446 
81.08551097678749 
85.67600153423072 
15.38699891089572 
30.12534039390865 
32.64287961921784 
14.88099423537497 
32.47538674960052 
652.4100830667542 
744.4146736805465 
620.5889281370889 
40.63176921311971 
39.05028672680073 
12.51843810141952 
7.933685259298885 
672.7530621534524 
37.05891149798641 
34.00667624022137 
114.474476858291 
42.94405863419094 
40.72014601729942 
66.12692020838652 
92.84051629247936 
822.6421100058549 
59.10394300588828 
57.41802011541174 
61.41785677219903 
61.31279248419858 
68.36495061774205 
72.8476889191523 
199.6938767879754 
242.2255878727155 
40.56586118262464 
31.57065633757027 
6.476685925248419 
23.14351593841911 
45.71974773160766 
50.45686790599427 
19.4634822755431 
433.733433028128 
86.46553417120552 
108.6174211797388 
60.28536264746643 
156.7564421921649 
545.8375578427991 
712.2525492662428 
560.3876896478325 
620.8011467884323 
30.15976706859786 
46.1541459358813 
57.47838186877035 
61.25002878054671 
59.83250223698033 
91.6738056434849 
62.32938017158314 
26.3459898365388 
26.22653826960353 
32.60714219211051 
51.2386052837327 
779.7312466620325 
762.5174517607853 
592.0807141726158 
642.6988274146726 
697.588374376402 
768.8743145774283 
34.53991294640331 
69.7914616642918 
83.8689041072945 
56.92420343945172 
565.4101033633397 
758.7357717866111 
693.7862938448155 
753.0173533669526 
31.09087824835295 
36.20611487087488 
53.95123444964644 
56.46493899997296 
37.63498705878057 
39.74968087892297 
41.29429082131107 
53.64007053784306 
38.73392446256084 
660.9705934812043 
772.6660976736297 
746.6034974354393 
763.7219259817905 
165.4392892696069 
156.2763126283295 
36.35939851576453 
35.25182493178165 
54.15616424094522 
141.3886624944334 
55.96636913212863 
46.74059945247627 
40.84926656241034 
53.56251739753566 
51.69353610995675 
231.2267531870119 
422.4311075540354 
49.58283391239467 
307.2881533908402 
102.0458378041174 
112.4652287499546 
41.8553716411101 
45.11528648590366 
40.09493927432315 
148.8503659947434 
487.8443523119436 
499.9337066933691 
44.64981041281622 
227.8963050822132 
469.6930313858501 
729.051933642156 
679.339680322743 
49.310053754817 
55.00202639823294 
49.65345043368667 
84.74884464247998 
55.23720121191442 
314.9252245260137 
309.7757799552381 
45.2437348272077 
51.19200033270618 
46.64704961564746 
627.6161406667824 
554.6198084809765 
49.88276603057044 
325.7947094049895 
52.11482851424275 
466.406523317822 
226.2237538575979 
399.9708080788023 
58.68182240890135 
46.4772459514836 
49.89723751081377 
47.12414728216714 
39.42724328141627 
236.1344154565116 
55.79635893770833 
313.6731776526466 
144.0728127430422 
48.40884202168974 
53.18604330642354 
141.4644265419857 
51.59195230629702 
374.0658060584328 
514.386259696206 
56.30569161805029 
52.82757169224148 
42.46142910274257 
350.4863307754777 
79.14439353196738 
79.25368642349748 
52.61995667482172 
49.76125723236322 
228.5234339132777 
238.9108257653733 
55.53798443102736 
43.79581147051845 
5.163204200975945 
762.510127193632 
15.76086800996111 
766.433105270056 
768.7249510323064 
664.9924356636345 
602.7223499517602 
729.7428993930929 
765.7192894393334 
393.1664078089686 
40.13440313112462 
373.5203360461876 
397.095345002894 
86.44032723715662 
50.35818053815628 
50.80385105424258 
53.58960293472714 
123.6652672869849 
132.7046767481414 
59.22067612588957 
</DataArray>
<DataArray type="Float64" Name="Eta_u" NumberOfComponents="1" format="ascii">
1.037960125630396 
1.129365669473688 
1.082636483922435 
0.9986891195594169 
0.8787572623973454 
0.8208181556488301 
0.9559799528005233 
0.8489711977370089 
0.762857939167932 
0.6830218799642542 
1.449778312653059 
0.6847789448456165 
0.5792188914823677 
0.5089286214194056 
0.4800835408448716 
0.1234297183583172 
0.2220358866531641 
0.178459920684453 
0.1780979479799414 
0.1791507015033302 
1.453708649318811 
0.6832354095828311 
0.5798955256591777 
0.5096095490485627 
0.4801013421659057 
0.8160778004833438 
0.9546079738550053 
0.8534429513456073 
0.7706962567171816 
0.6875063919858168 
0.9807717002061569 
1.08727886248092 
1.051770700285197 
0.9769404574575903 
0.8477954582467238 
0.6273050639732758 
0.5142186156247656 
0.377846893683412 
0.197970656676601 
0.3796125051392707 
0.5132792567782662 
0.6853908314128992 
0.4270129045058174 
0.4418266584350466 
0.4207068777200524 
0.2520544810730737 
0.4220514753520734 
0.4419143839686421 
0.5486200778755405 
0.7979786838225572 
1.069747010462802 
1.01253627659607 
0.5468141427321668 
1.014251745622791 
1.06756588323002 
0.7171627167560081 
1.572817398360507 
2.409218936206442 
2.273796158964156 
1.401427648929781 
2.282204963380615 
2.406527077262324 
1.821326580430463 
2.872031020772581 
3.578326792026978 
3.167774195093374 
1.960248754389934 
3.187533228112845 
3.577507902383399 
2.809711212208479 
3.436157800766946 
3.856192330127804 
3.085248010877814 
1.823586262104937 
3.115125126483754 
3.861128130025512 
3.557115028565728 
3.641455761640605 
3.496626112842387 
2.567846023698416 
1.465999977242881 
2.599446749048879 
3.50710372428684 
3.752163252221995 
3.191998559839651 
2.872812225396682 
1.990318024717295 
1.142535878710702 
2.018951296845375 
2.892233435397574 
3.390376863465937 
2.737562083936855 
2.230023624293634 
1.508018916523075 
0.9363542236824012 
1.535467100832823 
2.25931082971387 
2.826336291070323 
2.284965931505996 
1.702265095026738 
1.172104095431741 
0.8364937826998904 
1.194736873495857 
1.721565279799833 
2.304717740032745 
1.866206378250616 
1.314049975920623 
0.9719207636731182 
0.8026914009367443 
0.9895187549853232 
1.326850458660882 
1.808553480680992 
1.437536025058253 
1.052522979462566 
0.8707742523038047 
0.7994947045635078 
0.8819307599488853 
1.06377284901522 
1.362492251520553 
1.040920262452664 
0.9010381528417638 
0.8301266316456016 
0.8084344155822596 
0.8320237098033527 
0.8975217846294208 
1.038675393465424 
0.776478102292528 
0.811544727372347 
0.8181093904332957 
0.8228842670320586 
0.8171180196684632 
0.8120513156208605 
0.833253720490282 
0.7082527175724875 
0.7736156735876906 
0.8224601061655711 
0.8410511516427492 
0.8230399356389038 
0.781786670310484 
0.7214404574762524 
0.7815200844189084 
0.7834449083328389 
0.8413907198513225 
0.8639289205461403 
0.8425769575346104 
0.7850253002085401 
0.6844402007870775 
0.8537567155451083 
0.8199662575193526 
0.877051640778379 
0.8983959089978439 
0.8805015311256098 
0.8218730746511054 
0.7359614951737807 
0.9039197422735745 
0.9049427169696026 
0.9504626574222643 
0.9649832691138649 
0.9585209013214213 
0.9328214252572019 
0.9316640541245128 
1.330600059940577 
1.105821140042718 
1.103211782944525 
1.108190700434761 
1.108985290349567 
1.134356831038018 
1.416145210144529 
1.84331635638221 
1.21610031271779 
1.188990121741251 
1.181250827765103 
1.185736622636928 
1.205194110316206 
2.026970377428996 
1.428154599261468 
0.7199906500698517 
0.7858817675351608 
0.1418329007886425 
0.4640927492698641 
0.6656283301361962 
0.2224479902241153 
0.4570712968107219 
0.6016840810182675 
0.2450231822720095 
0.4632634658835142 
0.573582873798657 
0.2456278041213174 
0.4461737350457113 
0.5453921766965281 
0.2349355483485669 
0.4185026151596131 
0.502870587035832 
0.2192865001538127 
0.3877441641884615 
0.4557564253969442 
0.2022735934743526 
0.356590019795374 
0.4181871606655256 
0.184350892648672 
0.3258355897166036 
0.3844756002592978 
0.1663696578302185 
0.2948038663398106 
0.3489738508036884 
0.148500741362589 
0.2645376305150024 
0.3150970022529579 
0.1314796826866813 
0.2350155532494013 
0.2817005712575319 
0.1144727173565485 
0.2062790916870622 
0.2589135585216309 
0.09853420948751519 
0.1796983572431944 
0.2209263662983262 
0.0836011292393819 
0.1551515039375741 
0.1952572947148116 
0.0699050207192289 
0.1321772387465036 
0.1704719439460759 
0.05729710045325665 
0.1104654936003591 
0.1510975837914785 
0.04591121085795961 
0.09062331446869312 
0.1265427171606032 
0.03607535879658172 
0.0734118666292561 
0.1037378932464862 
0.0275873460052191 
0.05784893362970344 
0.07527895391322 
0.01990819456108635 
0.04299400383782167 
0.05688422336114519 
0.01358379307067113 
0.02922778468852725 
0.04119242754974137 
0.009010940763140933 
0.01828215075550026 
0.02970058074626633 
0.004864077368715411 
0.009905458293809772 
0.01839859735283856 
0.001613255793810808 
0.003034395546327815 
0.0133758473414884 
0.8315375761916105 
0.721491347795333 
1.423093846818083 
0.6948651260646557 
0.4647417549110652 
0.1436760158849757 
0.6459354184038958 
0.4579131552422165 
0.2234056054853858 
0.6132509886441311 
0.4638367005819787 
0.2457931176380084 
0.5848891600035505 
0.4470814433177417 
0.2462571130899986 
0.5265200851472575 
0.4193502350038839 
0.2351652665767427 
0.4865740708128083 
0.3871852315867024 
0.2190477767991314 
0.4382674139146193 
0.3537070375961339 
0.2009544061608467 
0.3876190104125261 
0.3219769107169356 
0.1827737586333082 
0.350946730877492 
0.292425205209689 
0.1649718874734493 
0.3259067979291922 
0.2640280691030473 
0.1478759706040726 
0.2927646469762737 
0.235869440335937 
0.1315269812206454 
0.2517098941930364 
0.2079894460689985 
0.1151044964196701 
0.222972084502582 
0.1816667227768708 
0.09955397410816039 
0.1976044047298748 
0.1570993545322746 
0.0847200268248661 
0.1845240735058214 
0.1345411067176492 
0.07129939737227091 
0.1638904803928742 
0.1136916436164608 
0.05865573355940573 
0.1308347794824493 
0.09313144699025529 
0.04747270000971181 
0.1004265783911381 
0.07342099723332025 
0.03657556837925058 
0.07454157175820021 
0.05616760521055677 
0.02716219486448797 
0.05728620727662097 
0.04228517972154876 
0.01952599977595203 
0.04216018534949432 
0.02939197877463483 
0.01349989641634776 
0.02919596299803507 
0.01824649336011652 
0.008909748228784467 
0.01876780921754872 
0.009961643351375483 
0.004822861843086565 
0.01148316528055164 
0.0035588328120424 
0.001819557923846766 
0 
0.02174232179286579 
0.06337975532948392 
0.0844518880889043 
0.09389199477147535 
0.09608103057122581 
0.09403103053974439 
0.08895244195349343 
0.0820114108323657 
0.07440393474268313 
0.06681269725117327 
0.05969280351317961 
0.05029884868459118 
0.04168602306910506 
0.0342880783210667 
0.02786327447360172 
0.02207147560270959 
0.01668950221516514 
0.01194863724887373 
0.007920702457158793 
0.004744608617612832 
0.002627663639183439 
0.001339449312920281 
0.0007595716265328078 
0.0002583317878536613 
1.534947192145946 
0.5650978523820359 
1.194056599135437 
0.3925261030051668 
2.55223076694396 
1.476387679100013 
0.9971599843399972 
0.919047634738825 
1.554533964731848 
0.6196564899423505 
1.060847091804685 
2.013995208560435 
3.53754445480146 
2.946819115135239 
1.156090234184846 
3.405471557690317 
3.161410380498977 
2.659895902344635 
1.159485730874563 
4.57710682214917 
8.136494655484647 
4.449698220052782 
3.300788451350148 
3.400418194116084 
1.008701498181941 
0.8621957209274151 
0.8000647913982427 
0.3574740843913643 
0.671949161557117 
1.000141842342811 
3.957391763045483 
5.21098983859608 
0.1213906109083135 
0.0806318830075536 
0.1363468199917652 
0.242790369202367 
0.4053519790605434 
0.9024174758426344 
0.8582477293048102 
0.9890882521995065 
1.04709783825011 
0.8512247707256554 
0.6391219756643618 
0.5952583478973705 
0.5129358131588763 
0.4628161079245052 
0.4267403707939098 
0.4051455269842887 
0.366924464616923 
0.3383888023040033 
0.3114287691086097 
0.2497089687509645 
0.2352557191275685 
0.1983703368644971 
0.1621756347953892 
0.1428570914349938 
0.09688909566370328 
0.09002005123016069 
0.1193663623812289 
0.7419575395975125 
1.214085558880585 
1.00480354067725 
0.9404291501226306 
1.034356825848032 
0.7878054919535574 
0.732773237298563 
1.12942516186641 
0.9736238055865852 
0.5666827041486081 
0.4134323015945233 
0.4344788510267644 
0.4034306715520091 
0.150379160250854 
0.3032621844369028 
0.2674271176454007 
0.6206805789202026 
0.5794430099171602 
0.921006214308413 
0.5537218139754666 
0.5061428290821728 
0.4214560030242638 
0.4025520686091251 
0.09897848247340238 
0.09493692611193863 
0.1223383993405455 
0.1184290529332972 
0.07541630462678658 
3.125650379590848 
3.117895177087013 
0.8908305196707587 
0.9194039647394004 
0.9440995360288966 
1.154097485422022 
0.7604239818966061 
0.6834234247478543 
0.8502528881905144 
1.901896044269566 
2.593070566141306 
3.331038631773737 
1.737292880958015 
2.594635020215038 
2.385235521461093 
0.9016322529177481 
0.8359854504442027 
0.7225265436890871 
1.18030350140246 
0.4861496124107076 
0.2459986572038754 
0.06921982007463742 
0.1329608585540656 
0.1404551233147311 
0.3819925354242325 
0.3993434906328606 
0.4532477556836858 
0.4299769279097287 
0.292400545055817 
0.2360946418637726 
0.3994091085403739 
0.5847437145456463 
0.4837028571139284 
0.3844109025469785 
0.5788103703384755 
0.5707677198719309 
0.1759171527554038 
0.2412766312399793 
0.1734617341613655 
0.1849193818011532 
0.6397522103729723 
1.11691209725178 
0.8167770164677941 
1.065194986443002 
2.389967910573531 
1.107143043442317 
3.242608724702128 
2.993634358267056 
3.308836120980717 
3.24524202840148 
3.033337971823165 
2.273008955085894 
3.663609408662916 
1.666690710765515 
3.538651368787264 
0.8943234267758016 
2.478346883491333 
1.943357363417923 
0.7521093700719691 
0.07229561850596852 
0.9364096054773793 
1.791020693614511 
0.7343371111774841 
0.3680664663604811 
1.725373014954531 
1.237062946080419 
0.4797305011577531 
0.4674220650988476 
0.5199012176822221 
0.567262122665167 
0.3328814469630153 
0.609801214973773 
0.5467887583131705 
0.3158788513552624 
0.2755247549458927 
0.3280451007165243 
0.1869823632166304 
2.254992861070679 
0.4928193416236683 
1.66564503619198 
0.928982189612114 
1.375615963587546 
3.468533746157139 
3.405121960863326 
2.703348632902951 
1.936551626240492 
3.498751661962687 
1.306234044993712 
1.224499285768206 
1.992753043669902 
2.347449606391325 
4.194910782895952 
2.868865127645915 
0.2623901750655207 
0.2640457804954109 
0.4457604154617125 
0.45608437643765 
0.4580991890505488 
3.185590968134723 
3.345302453845913 
0.6672631885910222 
0.8717285403715784 
0.5223934357692533 
0.3038381586756236 
0.3579019362337307 
2.09727659408528 
1.140610031615334 
2.828860764820358 
1.443831357115618 
0.9095083621828899 
0.579345724012868 
1.060753800629639 
3.563659722951765 
0.3510890184911593 
0.1538712069193172 
1.62288898599713 
3.38720127116193 
0.1842930993302374 
0.2785800328140087 
4.386347602814129 
1.056134690913478 
1.849444121156383 
0.2209067274298777 
4.086418526703124 
0.3043710549816466 
0.7182029765066971 
0.2607139476303865 
1.272584376935655 
0.849125788280073 
2.308038498073506 
3.134207783151866 
0.3422777737564006 
0.2495047368144107 
0.2496982171335371 
0.7321661845291043 
0.6096386885063197 
0.5067622095328479 
1.480243848822095 
0.794311743336327 
0.4904439628098467 
1.203676689811755 
3.421175579764834 
2.289452839343348 
0.6888120359152231 
0.4907418945041937 
7.627279079928768 
2.199099681769238 
0.9812992472791766 
1.882714249839177 
1.291946557115127 
1.980518857169564 
4.156701627664923 
1.256595540571455 
0.2914508019238459 
0.7582829064827991 
0.5627515029422452 
0.8004807109085328 
0.870859309386982 
0.8262769773566468 
3.633271411430217 
0.3644420272019877 
1.722887107410548 
0.6725869076034676 
0.6681980563543165 
0.4987385803425742 
0.4833303263241824 
1.082239483847041 
2.911833995795434 
1.793332008151625 
2.12486789518976 
2.162974862699651 
1.808606872096193 
2.489139570886983 
2.620426230124591 
2.293114231538191 
3.307281038207877 
0.5407713096066162 
0.7385747343968015 
0.5278581603138111 
0.3966594528875168 
0.3750163845988977 
0.3099406709441059 
0.5924636988482014 
0.7351316265429404 
6.426098059542005 
2.305668982989259 
0.4907016627224202 
0.5516941091809088 
0.3978730256688368 
1.035594607343059 
0.4518057346658079 
0.6436183384780311 
0.8103272457423039 
0.7639850049350524 
1.875216265757703 
4.955542740112486 
4.267404788098304 
2.579646827806676 
1.726925793337744 
3.309282968423205 
1.988117037458343 
7.129548911379734 
0.2383718758077386 
0.3756266694514463 
0.6772956935757766 
0.6115843815575164 
0.3740592676150633 
0.4317971830040461 
0.2800757263458712 
0.4637754680085296 
2.638076079219941 
0.7968232696745751 
0.7891883961135854 
0.3653586679543432 
1.23406363462787 
2.884706356009842 
2.20265169376053 
2.441077224864382 
0.9409486526666596 
1.768639242732555 
3.726713435911385 
0.3970819420797602 
2.426491746855654 
3.018784447572711 
0.4140692838199963 
4.530262633597459 
0.5744712794845261 
1.012555906951983 
0.6418457279490027 
2.357024064192149 
1.07185144613149 
1.726758837945413 
0.4152879675384544 
0.7858688025792572 
0.7574075802098603 
1.470967654757299 
0.2781490406221505 
2.778813950711426 
1.693618538461153 
2.797033221212389 
0.6532965793843755 
2.198915082724681 
0.824957715744926 
0.4070117027944362 
0.3755869899185129 
2.113148308838568 
1.833785497754612 
1.237410620075569 
4.790060950799621 
0.6689617251961715 
1.999469968278448 
4.242486814809573 
3.567797361348751 
0.6916456465844256 
0.8870011975413505 
0.4864481761931581 
2.982693018507943 
1.638782523129212 
3.022809264992366 
6.198935745437407 
2.122731763995694 
1.116483669358847 
0.9682838252418171 
5.947123221903958 
0.8155600409894941 
1.080824322903063 
3.122800852938922 
3.790708798146289 
0.8091254705704982 
6.965514875360325 
6.110370410779605 
0.7489523704915454 
1.156436956010585 
2.095006997140153 
0.8431420357054572 
0.9267267703743099 
1.619905842992895 
0.8117639134673706 
1.766552778704539 
0.6656323576817287 
1.743811629207188 
0.1703326365632736 
0.5261551024158886 
0.5277391285325989 
0.5782947852980503 
0.6645227154997884 
0.5985981446740901 
0.7506305253916007 
0.4350235348632476 
1.106840824470436 
0.8467397816748335 
1.053818823654443 
1.99901940911057 
2.34025158278442 
0.3331577212984742 
0.9322204888364179 
0.8662243269152449 
1.257285010144884 
0.8512086400394004 
1.359000244963398 
3.050761926232899 
1.173160010102385 
0.08703019458272022 
0.1635423045949548 
0.07168317864276796 
0.09707866101207155 
0.08705656285500694 
0.08135720446262083 
0.09721328862928304 
0.2211680309750194 
0.2554758626396129 
0.2305561601372141 
0.2449447421962993 
0.1051791682027382 
0.318964408959401 
0.3561723176491883 
0.3879842774073185 
0.4298947646121086 
0.5833494073036115 
0.6722426089157717 
0.7498583144083719 
1.360142758589874 
0.4036163917824303 
0.7331612187271539 
0.7700197122574202 
0.2400345018974367 
0.3087795376192449 
0.1121432507602798 
6.159701948178732 
4.362786541264532 
2.388575500365491 
3.441749733502454 
1.786584080396558 
1.175547374870677 
1.240406280643221 
0.5700362674730781 
0.3256386994833183 
0.2471312460221451 
0.2833619142073497 
0.6936462716152563 
3.825739443674654 
0.572163695402346 
1.012478819418685 
1.326209837045398 
0.7847763642839367 
5.968307640808166 
7.178638702476273 
1.024114894568305 
1.017400298740533 
2.697840753818402 
3.454708372625377 
3.664020124369741 
3.382401998304148 
1.8607598267993 
0.7280952695562172 
0.6050738599785375 
0.6921552295663365 
1.096511633001257 
2.267701750263501 
1.082059147627717 
1.276659948321237 
1.319185886852611 
1.055989697964768 
0.9626914904665992 
1.143174794523055 
1.088679111307332 
1.309756560202125 
0.9492003971701792 
0.8789033057611489 
0.272865384071286 
0.2496541573937721 
0.3232231831212223 
0.3694937631203721 
0.497863172413554 
0.9994167831192421 
0.7963319250259018 
1.293407241027451 
1.044239894701943 
0.3880236970129272 
0.7398196395909148 
0.8107667595256928 
0.07695404077612507 
0.2498314108032702 
0.2417244229690153 
0.2474282101535119 
0.2307467143492641 
0.08822603309220599 
0.06314117037642529 
3.756353066506789 
3.361506944010825 
1.96339584272078 
2.559368722925015 
0.9875578440430839 
1.523758934378997 
2.525420792794215 
1.608640961205902 
3.269114304391833 
1.138639446443005 
2.413720085814896 
2.099423608986309 
3.029343600887197 
0.5262749359880858 
1.483781477483531 
0.7117349368580883 
1.090551997958966 
2.504035922551316 
0.9985976682238026 
0.8772182303903431 
0.9790596931574338 
2.353921710349769 
0.9253321810258367 
1.12176404507722 
0.1543130838464538 
0.1156449127057773 
0.2869097080635229 
0.3213223370738681 
0.2074758046197448 
0.6738878788126371 
0.4316110865425298 
0.8827696532295154 
0.6618505623806673 
0.7389953421457643 
0.3030794302444988 
0.9814140901483563 
0.2857205253962254 
0.2644035400060806 
0.2861330245885352 
0.1285398591211162 
0.3333969432499035 
0.9172074199508859 
1.046327151191187 
1.081178016368995 
3.427108833464035 
3.120707207630843 
2.233939889340697 
3.464317836644488 
2.932349135801914 
1.096639917643631 
2.783244789061674 
2.935722061314867 
0.8612244486180258 
1.091217145695847 
2.99470646952649 
2.866905715101078 
2.078761086155321 
1.674811146327914 
1.146855249965795 
0.08589281966300374 
0.3165209439617969 
1.123630536152026 
0.5814254762358363 
0.8600207528620466 
0.8123807153379471 
1.024826070689443 
1.015518435179644 
0.4561201585002971 
0.2027525151906704 
0.2124959911691691 
0.5666231809849147 
0.6165363182083785 
0.8252375486009772 
0.47966461283129 
0.6559304424365872 
0.5156542498273323 
0.7550095554406296 
0.2742550571305732 
0.1801608601610096 
0.1422302235574103 
1.593290582414379 
0.6993241496151933 
2.528377108800997 
1.285464071664028 
1.98528138153593 
2.167292445841034 
2.328752904183479 
2.195444541712319 
2.366615694964456 
1.780140706883062 
2.74999736424485 
2.219229236327686 
1.414436086557654 
0.6577351702283517 
1.14378464133628 
0.2341662374826562 
0.2220367711882464 
0.07695824670870328 
0.54008884989562 
0.1655899801956002 
3.661331147631271 
2.002684318433461 
1.782123224368259 
0.8724738072169034 
0.6428534195885429 
0.5970096492855148 
0.1676847935777539 
0.2583112161516556 
0.4233598095875313 
0.7053522121350043 
0.4595779371422068 
4.212638910086031 
1.913522164714876 
2.330058208546343 
0.7212105904369566 
0.693922775119402 
0.3637730015114624 
0.2064895913943316 
0.2050762938029693 
0.4220774444530129 
0.669498150759019 
1.589167648281818 
2.431435758159558 
2.420136092038717 
0.8146719283650696 
0.1817858091153093 
0.3543960325550259 
0.3019275934892837 
3.966991072659279 
0.2115397851306693 
0.207185980677567 
0.6895749479322264 
0.2809945601342763 
0.1428041180788349 
0.587155825268395 
0.6202889238934244 
2.777826562314764 
0.9812375324129047 
0.6990142723871799 
0.3806272061205112 
0.6019244332462994 
0.5315570845430492 
0.7184716934106253 
1.157847368359503 
2.636341404671033 
0.8475393478893798 
0.3546371861593002 
0.1537633545473605 
0.2903191501958728 
0.2260083080817194 
0.5842745625244226 
0.380446510248136 
2.769937633838727 
0.8852120254068242 
0.7575514052145045 
0.3778212169586359 
2.975552454149215 
2.320533196212653 
2.877306296860844 
4.351049287582897 
6.443362117306227 
0.1773758143039726 
0.2163087807252139 
0.6032826919666027 
0.515899241610118 
0.6915323517987431 
2.880439169669129 
0.6693453323393346 
0.4445485631499989 
0.2937001566945965 
0.5213611568499195 
0.3529418648068346 
2.128037230646504 
1.488998040145045 
2.572092342439404 
7.531062633654638 
5.537336592824254 
1.368716270697804 
0.1139697415148314 
1.591109812098493 
1.442368686703043 
0.7773282653768785 
2.381416787390664 
2.952324996395722 
1.88626907039081 
1.29717617258607 
0.3132871375123981 
0.388319425125916 
0.4961402219857404 
0.9146822796483696 
0.3749396142137338 
0.3802802013199432 
0.4702575128593042 
0.5964796189502254 
0.8557062960105853 
7.555688500600384 
1.950404798165814 
2.217081779826157 
1.529124813508974 
2.714251236936088 
1.242127164650309 
0.1224170704734816 
0.3029731006025204 
0.704837655993453 
3.890092156790941 
0.744040479898227 
1.265899403352786 
0.2827314814391616 
0.733023956193035 
0.788207895017375 
3.540741184118908 
4.184626031768339 
0.2923455860250286 
2.365768607372049 
2.516173427838005 
2.051149513381345 
0.3080940513806862 
0.3631450340182498 
0.550383664763152 
3.353372389641118 
2.671887851374743 
9.362394490658644 
0.2572206818371952 
3.665117807339511 
1.839092449311781 
1.238328461677334 
2.355280079668937 
1.093796803289314 
0.9398771865453661 
1.033140718279976 
3.454259423388048 
0.7986718823771017 
3.851291577113708 
3.027221776670052 
0.249032012680963 
0.3021441173059422 
0.616966574513045 
3.288632574516639 
9.161167845474386 
0.2759479385507884 
4.506278484849744 
2.019548276399803 
5.948282875988934 
4.303008443822368 
3.274172612828862 
1.849360439579847 
0.2219609321386714 
0.6028563930635022 
0.9888919820861781 
0.1988551414534289 
7.061290738636839 
0.7235498138838057 
3.496161416011288 
3.580526852795085 
0.3174983127780812 
2.141476682993112 
3.601646200456404 
1.088302055204115 
8.92801604991031 
3.430011830464553 
1.417869591372058 
0.9559487743136487 
0.8803714184776029 
7.657193385129456 
2.572496762101731 
3.645588719994519 
0.7186119453137823 
0.8937063755158096 
5.664152897210938 
6.817055722907159 
1.686918191223081 
0.875482558637783 
0.08040416065520969 
0.4613452246265202 
0.2540574873080365 
0.7854808981714571 
0.7139385882301729 
2.003810588406112 
2.347643072260522 
2.540480318387107 
1.034555382330694 
3.122779128228794 
0.1605200515216364 
2.746545618595745 
2.754798666924532 
0.8460411027627721 
0.2424628214965326 
0.3939512343562162 
0.2431365360271654 
1.449213773727658 
1.027383093672084 
0.3010653116700706 
</DataArray>
<DataArray type="Float64" Name="Eta_phi" NumberOfComponents="1" format="ascii">
0.006510035678778103 
0.005398830076560362 
0.004623153315476822 
0.004276546081921723 
0.004163353726674636 
0.005928971139679074 
0.003865165119326666 
0.003172903633597306 
0.0030192112704352 
0.002992672761917815 
0.02857104267905469 
0.02549119181762551 
0.02462237093571049 
0.0238265997753425 
0.02334357447062814 
0.06400653869869399 
0.0864344103090494 
0.07759308766462684 
0.07580958621874474 
0.07398695138077965 
0.02853966332846038 
0.02546617459622649 
0.02459164351964547 
0.0237908106931993 
0.02330252936690361 
0.005923680053528135 
0.003853186909554665 
0.003148042808668176 
0.002986179449150177 
0.002958441813909649 
0.006472334685572827 
0.00539390460749669 
0.004661141645200251 
0.004315982729151582 
0.004187284249109574 
0.004278530242361037 
0.003075846098805181 
0.02343665974650502 
0.07436860372048541 
0.02348290146145927 
0.003107340534000622 
0.004274044922362785 
0.004445936107337061 
0.00332616874646091 
0.02384702530773962 
0.07623001243993421 
0.02389355586985671 
0.003362598857165357 
0.00443138257511875 
0.004563586831794019 
0.0036038982580611 
0.02433025459219564 
0.08293352069409622 
0.02434902209513059 
0.003646787165335486 
0.004485433183626487 
0.004336751109367079 
0.003721563868001076 
0.02325092052906509 
0.07377222552301281 
0.02315413392312061 
0.003710609415505381 
0.004220727260527703 
0.003684080420176111 
0.004694915874068196 
0.02163170584367769 
0.04646250558402792 
0.02136325188639682 
0.00458106956844985 
0.00331978305826773 
0.002508794600411688 
0.005818584641313286 
0.01827792010400622 
0.02850820243395463 
0.01802201367559024 
0.00565629991760209 
0.002160736216759696 
0.002185062537046191 
0.006107472547989121 
0.01379921183202392 
0.01832730232280242 
0.01364305309894097 
0.005970504347538632 
0.002009910049320624 
0.001975009211302048 
0.005538659565772395 
0.009977362344765315 
0.01213836299209717 
0.009897326012103812 
0.00545650633139228 
0.002252803027728587 
0.0021127140432156 
0.004628800353569607 
0.007149361183928022 
0.008245953927479564 
0.007105676374686695 
0.00457269172257077 
0.002107635692735733 
0.002019970935752699 
0.003708269695623002 
0.0051474838351134 
0.005727203896228677 
0.00511658835790042 
0.003662030170026527 
0.002066910032680678 
0.001972924051098842 
0.002907615065805131 
0.003740419315658372 
0.004056291385259636 
0.003714141411901458 
0.002863660957935503 
0.002046667230511315 
0.001659763789489252 
0.002261677208389998 
0.002749770601879683 
0.002926733801511809 
0.002727901142149708 
0.002219722233883129 
0.001575547885210212 
0.001310254484686421 
0.001762362492316907 
0.002053435516997565 
0.002156590823718511 
0.00203849933570989 
0.00172917385194841 
0.001310298096775302 
0.001136286198921462 
0.001385460906897845 
0.001573249562508421 
0.001638996876974625 
0.001569468020125576 
0.001378962926909568 
0.001191486323676039 
0.001055458292861297 
0.001143281821409875 
0.001273300035957986 
0.001319480965468968 
0.00127996789012206 
0.00116240460301554 
0.0009987129333583705 
0.0010589353373942 
0.00106517574738809 
0.001149223613016553 
0.001180605509299315 
0.001156128610995848 
0.001081375259676028 
0.0009879724218289918 
0.001108327726178748 
0.001140465006886177 
0.001201296036332855 
0.001222594852154523 
0.001199695614463357 
0.001140023005045677 
0.001083594269279615 
0.001289054379363999 
0.001364111246829259 
0.001426188794180528 
0.001446408818916165 
0.001419040727726783 
0.001348110811190225 
0.001290016804054559 
0.001646035840769082 
0.001747413164880566 
0.001823100868981349 
0.001847684919017069 
0.001819194903949778 
0.001736076784099621 
0.001618952863813728 
0.001935720066963576 
0.00206081769749224 
0.002141012078566366 
0.002167455068085273 
0.002140297656889959 
0.002060577452213433 
0.001943962368100263 
0.008463174879769846 
0.008784211183102502 
0.007637076115998358 
0.009757058381158763 
0.009663128690357176 
0.008274192916420399 
0.009850323109337249 
0.00985032010884959 
0.008484715525329773 
0.009868570829439432 
0.009895619743060675 
0.008561283394617791 
0.009878719824226532 
0.009913082445585126 
0.008591947579702445 
0.009886351702077354 
0.009926650151907884 
0.008596041584657014 
0.009893005212270113 
0.009937977453489809 
0.008610368554630279 
0.009898166913908886 
0.009946177955851216 
0.008649115564041113 
0.009901764433171126 
0.009950987786131318 
0.00870123091539199 
0.009904509698994465 
0.009954059467974057 
0.008752744400148648 
0.009907370584088297 
0.009958433790140876 
0.008782570720711091 
0.009911252913461994 
0.009965645178834824 
0.008793624349620608 
0.009915709313727525 
0.009977812046330537 
0.008787840317964908 
0.009918334052189622 
0.009985406461668541 
0.008797119196221902 
0.009918110218610509 
0.009979918680018171 
0.008826140045602527 
0.009918338727145513 
0.009976003010734518 
0.008820527363775376 
0.009920677514403193 
0.009987047886249833 
0.008762809010472801 
0.009921848525759901 
0.009991198618278397 
0.008696050385380802 
0.009921045587733244 
0.009982269531715555 
0.008650744301728668 
0.009923356290266035 
0.009985868224872888 
0.008612232623033232 
0.009932746885798566 
0.01001272915522809 
0.008602084252977191 
0.009946355730908634 
0.01005576909138538 
0.008716366826624255 
0.00994205780066482 
0.01007970713373402 
0.009077149481608026 
0.009910206513188224 
0.009954836544358288 
0.009862847794492088 
0.009875614867537918 
0.009836410897181607 
0.01056890850188225 
0.00767737034779512 
0.008785207385641975 
0.008466258077711128 
0.008309340419538163 
0.009661652376747237 
0.009756779880647959 
0.008515007211425949 
0.00984930607108902 
0.009849930089731796 
0.008587179394445718 
0.009894803498614812 
0.009868196634913723 
0.008612674183472608 
0.009912227539306335 
0.009878231629520954 
0.008605088560580223 
0.009924139943188344 
0.009885687710160336 
0.008579871004866957 
0.009936332425093331 
0.009892848859529922 
0.008546063184036451 
0.009949276831661955 
0.009899305269633393 
0.00852494207643178 
0.009957438613160801 
0.00990412480748316 
0.008522561998522202 
0.009961863575569238 
0.009907404797157135 
0.008537219200715233 
0.00996615431640532 
0.00991026288032521 
0.008560800296970284 
0.009972237515119818 
0.00991332680269027 
0.008594127586317014 
0.009979020721570617 
0.009916560858807297 
0.008645096631704782 
0.009985783362250568 
0.009919407532356345 
0.00873399136422931 
0.009989181122744573 
0.00992071514744451 
0.008863631284269138 
0.009983635185863772 
0.009917998135381842 
0.009003190250842974 
0.00995939176791133 
0.009911122516079708 
0.009013317957625848 
0.009940864665504189 
0.00991143223198963 
0.008712665657618622 
0.009996777319226845 
0.009922638022737462 
0.008425713844742881 
0.01002657616043945 
0.009931319609459918 
0.008483612547442038 
0.0100037063845129 
0.009933451216761924 
0.008619878588533848 
0.01003538585234373 
0.009939757507489861 
0.008925491137435597 
0.01006211413600717 
0.009937471619341687 
0.009595028596020495 
0.009960885280939576 
0.009913683365657736 
0.0101357401415213 
0.009875947023432908 
0.009887552947714765 
0.01079999954640001 
0.01079999949240001 
0.01079999954640001 
0.01079999949240001 
0.01080000127439997 
0.01079999760240005 
0.01080000192239997 
0.01079999706240006 
0.01080000570239987 
0.01079999760240006 
0.01079999760240005 
0.01079999760240005 
0.01079999706240007 
0.01080000570239986 
0.01080000570239987 
0.01079998950240023 
0.0108000057023999 
0.01080000516239986 
0.01079998950240023 
0.0108000057023999 
0.01079998950240023 
0.01080000570239987 
0.01080000516239988 
0.01079998950240024 
0.01080000570239987 
0.005264515062194185 
0.005078227886684866 
0.00632389542028834 
0.009374782050401195 
0.004100879820116038 
0.001885614163230654 
0.00129483142016036 
0.001315789897073002 
0.001505534776453351 
0.001041223748152039 
0.0009541831449394655 
0.001301160805899132 
0.005230816050652331 
0.001716915767527655 
0.00371719051461766 
0.003483550826103368 
0.004494863399952156 
0.005171590205772412 
0.005496462489647437 
0.00507682476892758 
0.002293228908501527 
0.003494682194391793 
0.002016206604457596 
0.002006346751948364 
0.001934353071921728 
0.002087893530057948 
0.00347519570891253 
0.008300699956118309 
0.006720932440905113 
0.005002194345853548 
0.002490581593347328 
0.001543012338323863 
0.02142926148138942 
0.008349999778686933 
0.006191715560925681 
0.007168280113003146 
0.007632864858389248 
0.004289059369557451 
0.003258778977897022 
0.00256601440112438 
0.006926854921515306 
0.007585788551946345 
0.008350576580755944 
0.0085277482978797 
0.008476087664001222 
0.008495890344349439 
0.008713287204954467 
0.009102032479795002 
0.009571678705202893 
0.009546415603992159 
0.00936124599335145 
0.00959375323115347 
0.009750169724389435 
0.009076807904759268 
0.008560718431251849 
0.008543174865744234 
0.007961073799195622 
0.01053757331222841 
0.0153526245205812 
0.005037587493479573 
0.005861421812535315 
0.00516814595639275 
0.005034440002227956 
0.00574933445797259 
0.006318880853318708 
0.008051553359876035 
0.005593316504525327 
0.005064961500318171 
0.0085846603744178 
0.007228673640659129 
0.006538571355374504 
0.008218839845292817 
0.004067253879953684 
0.007766946951829668 
0.009286661398058721 
0.007157478259078528 
0.007462844751198764 
0.005969051095891705 
0.007596741838135127 
0.007479955835600204 
0.007567754966988031 
0.007945290556301273 
0.007107715179245613 
0.005752605737536388 
0.008327144631675179 
0.01125670129643284 
0.006272097783947795 
0.001869889824990622 
0.0008259148786854091 
0.005152766504046933 
0.004572324164092635 
0.005206402691870491 
0.00544430313023243 
0.004633845659775805 
0.004459373548512551 
0.001523374063964732 
0.00275250438594535 
0.00169907962573712 
0.00241002517443894 
0.004824025533731268 
0.001844142681787043 
0.003351682320004179 
0.005051547080313804 
0.004956164834903034 
0.004679995368956874 
0.004584209692777834 
0.003182280038170706 
0.009368121560589086 
0.005073816665307595 
0.007616258213699077 
0.007778346551981793 
0.008404562132314103 
0.006100254945639191 
0.007394038928289725 
0.006501493863768133 
0.006611688993424784 
0.007669085211994631 
0.006840476287032173 
0.005398073187211496 
0.006460310801683096 
0.006448428424607149 
0.006063226860645744 
0.006333447904125942 
0.004886296199072028 
0.01446191674389889 
0.007097799297445066 
0.004554551884143858 
0.004838782957212414 
0.001673097578072163 
0.001191148822373968 
0.001110334879636358 
0.004971536055420624 
0.004329588391120479 
0.001786411964584634 
0.002681307305190688 
0.002031781947269169 
0.003322560882128595 
0.0009580918738479406 
0.004096697426159705 
0.004751498042444376 
0.002617653132836084 
0.003644066121783892 
0.001622851736809017 
0.001881317192358433 
0.001994291622060447 
0.003610048373354606 
0.005110407871371483 
0.00138269296803885 
0.001824913571529836 
0.004615998433280184 
0.005628432187234725 
0.003951854007488586 
0.003042861077973743 
0.00665346126920914 
0.008000396615940746 
0.006329883937291034 
0.005509896428161731 
0.004451497751758362 
0.005632726879333473 
0.005509053266519484 
0.006711810233166765 
0.007365823545866222 
0.007649081939713641 
0.006244106881136171 
0.003308955986598575 
0.004548554704992936 
0.003135395983547649 
0.003048246468677907 
0.00319603927551073 
0.002295645294043841 
0.002870963343698396 
0.001511104837088157 
0.001734364426298552 
0.002030360454718713 
0.002825776697863696 
0.001928239688931017 
0.002098664984637919 
0.0009750393769729729 
0.002978808687529793 
0.00140083106204384 
0.007942231214159455 
0.01107570592573539 
0.004580351005556565 
0.003145694019684855 
0.004848646733512871 
0.003496499951745587 
0.002966784552070344 
0.007895022504528422 
0.008208843895418941 
0.005015165466037831 
0.00498201815178165 
0.005288252232511182 
0.004061243552412631 
0.003657933905957688 
0.002444167838812713 
0.003012547078937911 
0.004893317874764419 
0.004955951307364464 
0.00198381899218036 
0.002366498162618686 
0.00832026906090296 
0.006673474674671091 
0.0006922182618489645 
0.001529920513463171 
0.007500080874875206 
0.008489079525518641 
0.002421081726224335 
0.001707014471639553 
0.001282716902571356 
0.0182954300340446 
0.002695668428469719 
0.006530399651126522 
0.005750551425016224 
0.008016080955691569 
0.00365254119725962 
0.002351301089041161 
0.002700069992537563 
0.002546937995962016 
0.004760448692869009 
0.003227527985725197 
0.007341820211367909 
0.004362241603108386 
0.003974328328289737 
0.004654656118792518 
0.003186945186266832 
0.006024221201055347 
0.004567897197118987 
0.003644066563333722 
0.001125315156088254 
0.001453679867967599 
0.004871236061986177 
0.003208225114053768 
0.002081228275661564 
0.001552009761595726 
0.001587503726125256 
0.001167440896910694 
0.001662464952493526 
0.002136333195523124 
0.004439920212635875 
0.001319524999176195 
0.009839237412633943 
0.00234689769500925 
0.004320150376341431 
0.006660808443326191 
0.00376679410736819 
0.005426343629578054 
0.002283758909824186 
0.01146062187047505 
0.00191478831754945 
0.006765400105315793 
0.005730516205028092 
0.003458416709871924 
0.003528079508110857 
0.003855510365383541 
0.003526476315396287 
0.003113769327990342 
0.00338807154421982 
0.003281377882475043 
0.0009181808419469383 
0.002591047689089035 
0.001064749119110277 
0.001286468197852706 
0.002073672034558789 
0.002379151857404423 
0.002881474477516732 
0.007898179327244462 
0.006847718987311654 
0.009594463136330071 
0.004724106131807324 
0.002991721893183699 
0.003671803498105735 
0.003215333956106883 
0.002766051547953844 
0.007663460736292 
0.004465884203644808 
0.006585665064084248 
0.002235559460555717 
0.005566140754997268 
0.005529821215573833 
0.003510941793755305 
0.0034785027055899 
0.001430392783061544 
0.004795197856821628 
0.003710414705335254 
0.001181486862755863 
0.001727357204224028 
0.001310601801125372 
0.001205458662296298 
0.002900372452239969 
0.003614380941979995 
0.006681975380356005 
0.004046457249081865 
0.005654846925336385 
0.01082515069890114 
0.007287925472527728 
0.004029825011596518 
0.004553527635325694 
0.002061572451833353 
0.004551482439543588 
0.005593744091924165 
0.005827179852023314 
0.003133957441106451 
0.004355541636981773 
0.001896083398629428 
0.001424902644104652 
0.003739193200525846 
0.001814563698052808 
0.004395341021378361 
0.004324150668034767 
0.001390438436780535 
0.001917697851570844 
0.005551613365395912 
0.001913539431220802 
0.004441258695548659 
0.003267245763029871 
0.00377584586602563 
0.00161799359325839 
0.003598109956947529 
0.003891187002344147 
0.005751132374849191 
0.003981919261769752 
0.003633646100185946 
0.00359796123562829 
0.003097843818103695 
0.003185638581446472 
0.001151831251731847 
0.001715383993479314 
0.00468168580348333 
0.001293525338540927 
0.003975309544858602 
0.004354765214155889 
0.004823309197838253 
0.003682804615643539 
0.004105422134266031 
0.003839443889112257 
0.004094649879896533 
0.00378869867111293 
0.001416846552247054 
0.002136930895535243 
0.002796193405601665 
0.003976474384676795 
0.003362152019913893 
0.00425861803704974 
0.004006478651137613 
0.003987142627715607 
0.004045168187874684 
0.003151295122038678 
0.001288430687369159 
0.003887842457417518 
0.003010967051599753 
0.003826756298260002 
0.004517361841695345 
0.003173319641780598 
0.005369036616733644 
0.002634720777894038 
0.002483915001090387 
0.003280225568693147 
0.003847176334060983 
0.002509575242281864 
0.003518067589555199 
0.004674939465301974 
0.00307953820349721 
0.003530110948890998 
0.003476842426636543 
0.0009097196815113041 
0.001871273832997398 
0.003162142757830699 
0.001015453195479689 
0.008831021620236395 
0.005113100785042086 
0.003597334313282831 
0.003425079952155797 
0.004437633387859073 
0.004252308908175619 
0.005541954754484796 
0.002944006555126028 
0.003791171510776521 
0.005035181157856176 
0.006266787724908042 
0.002642287082742254 
0.002226579369663759 
0.004695318639493788 
0.004014665081633397 
0.004484501759334232 
0.003687420828231829 
0.008747886640036185 
0.005712947764516727 
0.001600324602280281 
0.00491445701626274 
0.01823539399601719 
0.01543323943952976 
0.009397239385698962 
0.007395036986463552 
0.007530517877254873 
0.006257571673429239 
0.007737113022516681 
0.0123859271687591 
0.01098789447812621 
0.007500239372117795 
0.008948277923289267 
0.003130764089678691 
0.007972254336212788 
0.007827226019240624 
0.00774836456569951 
0.007797383378740046 
0.00834750897700857 
0.008674556755420174 
0.008818801549169973 
0.006380061762622868 
0.001892645459612973 
0.002443012137152337 
0.002525611302226161 
0.009444102264929108 
0.01309195753487006 
0.006787445054111781 
0.005328331773484059 
0.001262378216910052 
0.0008785740973005551 
0.002870304809978102 
0.004805243144534997 
0.005046979221368409 
0.006093728098185709 
0.007230039374969837 
0.006506801955470001 
0.00670949925210971 
0.006773100821188223 
0.002499345156151711 
0.005321892458314649 
0.0007636035526650616 
0.0008014283432749054 
0.0009460743444804031 
0.0009140889239135246 
0.003737565028217734 
0.004777715882178256 
0.005031174190256026 
0.005027012064853115 
0.004182107994607933 
0.003489069657494564 
0.002256621006895953 
0.001834222381715708 
0.001394153130666463 
0.0008704488115299735 
0.0008658314960285689 
0.00120032309139785 
0.00203609014087773 
0.00387475932826087 
0.007989175249370997 
0.007194675560560709 
0.005262011851652942 
0.004353198978453467 
0.008480180763384446 
0.006613961019780839 
0.005147985777804898 
0.005607281998055142 
0.004709713452275995 
0.005051972169041301 
0.008110762288628129 
0.008423343718411757 
0.005340833536207915 
0.006391079435472926 
0.00796469562495721 
0.007459316457493928 
0.008852414639852198 
0.005180531391490534 
0.007110201459466027 
0.006290612360464163 
0.007814258575914593 
0.007905967093590703 
0.007910890091635795 
0.009181189348093857 
0.005199730350565261 
0.009851105949320942 
0.006988874243391145 
0.01392488102746535 
0.005373730453605958 
0.002774746564796947 
0.00215653282103912 
0.0008726894082321191 
0.002301455735613836 
0.001042936007422043 
0.001675220635386886 
0.004130015616460419 
0.004428858472669236 
0.00363596429495499 
0.004766183447294599 
0.004002161379265563 
0.002046629652763518 
0.003146307953133152 
0.0004908347688587769 
0.0003866350302437242 
0.000696694629273617 
0.001304023256461503 
0.002959079269867968 
0.005388635240643237 
0.007721686699825335 
0.005795442236145786 
0.003984472498069121 
0.003874734806122029 
0.004635039673165912 
0.007926620304062052 
0.006823244685087403 
0.006641923076696802 
0.00459022695012729 
0.005147861819827704 
0.007699032779634095 
0.006478375677556536 
0.006469518708492713 
0.006692845830605853 
0.006936385357606257 
0.004314363977865057 
0.004800063156262736 
0.004996558831382246 
0.009828958744480552 
0.005421612107499672 
0.004091384630099567 
0.003922698315890301 
0.004296625068244221 
0.0006372891705567797 
0.0007641419627715244 
0.001867089650990631 
0.002685673116920427 
0.002996967959755005 
0.002110918198070794 
0.00370427133520225 
0.004090049506566894 
0.001799935701298581 
0.001983260583334994 
0.00347162269091014 
0.004145884952453424 
0.002472850724300341 
0.001867175338797088 
0.002341543019001488 
0.00104766858254841 
0.004167822597557843 
0.005841265227661811 
0.009820153659452366 
0.004742014764209962 
0.002625287787300365 
0.006084206749360434 
0.006931944558898353 
0.00512875709099497 
0.003431280500257962 
0.005353861188928138 
0.004084985009229397 
0.006536189396466761 
0.006690043635929225 
0.005378272611316788 
0.006560279374221773 
0.005723277799843151 
0.005706568985582194 
0.005469322750161121 
0.006714210720016956 
0.004907251671831698 
0.00395568445377843 
0.003359360557041365 
0.004027826851490003 
0.005417420271990251 
0.003893141522221779 
0.003636920723445398 
0.003421068713862199 
0.002326133199022039 
0.002503768915609125 
0.002903917988532398 
0.002604463058355834 
0.001156970176906793 
0.002763462583194636 
0.001652384581917621 
0.0007944746189053527 
0.000566512669604911 
0.003538030821867026 
0.008426900110754358 
0.007197139236841716 
0.008983688018197751 
0.005750299890730446 
0.004672842852417623 
0.003345103988042585 
0.002328861265666716 
0.001608371667701651 
0.002757406743832137 
0.005637835750499761 
0.002979723754112829 
0.00349582237755719 
0.003823325214524084 
0.004893651073248607 
0.004995100301270707 
0.005588432290647333 
0.002441356207700803 
0.003909923500343616 
0.002454959982972797 
0.00378802116554614 
0.004766174610098116 
0.01116632887729675 
0.006025180050996838 
0.00546620329167746 
0.008103717512220903 
0.00409032044482382 
0.001830704243573161 
0.001882272922201546 
0.002640435984500436 
0.00310185424105246 
0.004460076948511503 
0.01138647355556 
0.01084414949074408 
0.00148896995315799 
0.005390205336384766 
0.005133979411521945 
0.002368731484731758 
0.002173688521466199 
0.003293439868295364 
0.00558900160248569 
0.003504626289452235 
0.001439270469091761 
0.005690255293456 
0.007566977706260042 
0.003486610720893787 
0.004728016107965041 
0.006420956865842861 
0.005974206287319231 
0.002918594454338546 
0.004715221775209603 
0.002620627109924309 
0.00518433266036647 
0.01006428817990361 
0.008785567324111305 
0.003638047349064922 
0.002181930925123031 
0.009336382608098836 
0.002981925660256472 
0.003689090124346572 
0.002485530227075207 
0.004329310039489436 
0.005596043800579163 
0.003011236970536797 
0.001524540520024312 
0.002436964953149758 
0.001856312747748173 
0.005225735652191822 
0.004762451645232026 
0.005337615529865889 
0.005544710330428938 
0.006448355128915233 
0.005524926192197997 
0.005851002953758932 
0.005693975815220676 
0.006341615214959183 
0.003941768373854837 
0.00428227935113356 
0.001153513926525898 
0.001047511432703067 
0.002298416945968806 
0.002145386611216763 
0.001581809172442985 
0.001539756752851683 
0.003041334113734336 
0.005579208920129244 
0.005486209713572158 
0.006152330883569302 
0.002640802302796404 
0.001179049348479357 
0.001953243802918561 
0.001000628834815735 
0.005613669553962535 
0.003610755706513317 
0.008642024375679562 
0.007779225285289054 
0.005287049885245748 
0.002686493616338603 
0.002214460832548119 
0.006236477885221994 
0.002737283744913488 
0.002065172985532578 
0.00138846312106067 
0.002024156389257928 
0.001418107959032428 
0.005985120653679435 
0.004038973292359657 
0.002927060495586523 
0.005777156465341106 
0.005732111147233679 
0.005089408386668939 
0.008132505551947019 
0.00575819230196501 
0.00332991419393783 
0.005735694172649832 
0.005586519590361711 
0.005657688374819087 
0.003501604958846443 
0.005913067686826453 
0.004236194246127423 
0.005662167630871066 
0.005615726565916697 
0.004591909088314659 
0.002282417644609206 
0.001902091662503048 
0.005307144654268948 
0.002850109885394495 
0.003256078021154635 
0.003826528377875376 
0.005283989979307601 
0.002477913083698442 
0.001803307868899639 
0.001439762672300598 
0.005566273425319779 
0.003231899827353559 
0.005750521973138421 
0.00564834690290884 
0.006348029409067783 
0.005210881099974895 
0.005088695098288738 
0.002537027325726913 
0.003182944298638924 
0.002462869340040365 
0.00197373873750264 
0.002929020296129257 
0.003573989398334344 
0.004154548954635147 
0.006119380437686233 
0.003537402828421983 
0.004907182857522837 
0.00343022639582842 
0.005581059185443176 
0.003175466125360888 
0.003653567256573426 
0.003364879604763467 
0.00376434471677684 
0.004618670370153612 
0.003998324013499753 
0.004291065807269597 
0.005196770025003408 
0.002801167896171727 
0.005722535770405339 
0.004740842333907845 
0.003640447496134516 
0.004625595625061632 
0.002814077631725302 
0.005052523878103282 
0.004878500314213234 
0.002756143821783642 
0.004908513584954747 
0.005889639459965504 
0.006269510465964251 
0.003215824036917984 
0.003402272468335437 
0.004684100558099168 
0.004410898049804866 
0.005478821604345098 
0.002753573110204867 
0.005497422280922259 
0.0004958101625126429 
0.009189713681132514 
0.000781292363253453 
0.0005939157117822561 
0.00300637445879709 
0.002450663375819941 
0.001532858725038273 
0.0007920301604167488 
0.002962696733455573 
0.003956627046633012 
0.003589508953689868 
0.003235607490314064 
0.00484707809666165 
0.004238501814574061 
0.006245071955418716 
0.004435278745402086 
0.00405987678789674 
0.002956992486491531 
0.003311245074936749 
</DataArray>
<DataArray type="Float64" Name="Eta_mix" NumberOfComponents="1" format="ascii">
1.037980540744 
1.129378573708544 
1.082646354940759 
0.9986982759436175 
0.8787671248575076 
0.8208395685769067 
0.9559877664792005 
0.8489771268441098 
0.7628639138065449 
0.6830284361577957 
1.450059812669435 
0.6852532409001499 
0.579741998996587 
0.5094860631623902 
0.4806507345872004 
0.1390386002885562 
0.2382663262975485 
0.1945986396253369 
0.1935612885814806 
0.1938273531361278 
1.453988772132448 
0.6837098441271593 
0.5804167206503714 
0.5101645765387078 
0.4806665233032144 
0.8160992993668778 
0.9546157503398519 
0.8534487573223279 
0.7707020418978909 
0.6875127572629629 
0.980793056175235 
1.087292241766084 
1.051781028646101 
0.976949991107203 
0.8478057987376326 
0.627319654647892 
0.5142278147711128 
0.3785730472263934 
0.2114782970526744 
0.3803381399743673 
0.5132886624542213 
0.6854041575923389 
0.4270360487855385 
0.4418391783244321 
0.4213821989322557 
0.2633295961824439 
0.4227272759817703 
0.4419271770659264 
0.548637974441882 
0.7979917331401072 
1.069753081078413 
1.012828550501788 
0.5530675144560857 
1.014543975575168 
1.067572111893769 
0.7171767434989111 
1.572823377240973 
2.409221810588084 
2.273915033114826 
1.403368018890081 
2.282322415610214 
2.406529937943631 
1.821331470963244 
2.872033383637547 
3.578329871989606 
3.167848052195241 
1.960799312401051 
3.187604816920481 
3.577510835457254 
2.809713173434185 
3.43615871662266 
3.856196719938407 
3.085302152300296 
1.823809083468956 
3.115177257657636 
3.861132273077816 
3.557115684825159 
3.641456417216036 
3.49663144672586 
2.567883100857776 
1.466114532799726 
2.599482551208729 
3.507108806385794 
3.752163790543204 
3.191999170845725 
2.872817564541546 
1.990343032563461 
1.142600356203937 
2.018975556091706 
2.892238582533086 
3.39037761192564 
2.73756289918046 
2.230028428226965 
1.508035863617562 
0.9363905317569408 
1.535483542203139 
2.259315457117922 
2.826337076915873 
2.284966824359961 
1.702269134129655 
1.172115398379227 
0.8365133886316706 
1.194747829613881 
1.721569174641915 
2.304718666852579 
1.866207421122473 
1.314053192775072 
0.971927961114194 
0.8027016498286242 
0.9895257254433214 
1.326853548890259 
1.808554638746114 
1.437536983230733 
1.052525409422762 
0.8707785939684168 
0.7995000615358547 
0.8819349787760205 
1.063775164905044 
1.362493162479976 
1.040921087091302 
0.9010398763639998 
0.8301291713731633 
0.8084372920528905 
0.8320262070118196 
0.8975234503491208 
1.038676219941352 
0.7764789337040198 
0.8115459099938718 
0.8181109031355862 
0.8228858992835222 
0.8171195269339592 
0.8120524864442719 
0.8332545723550255 
0.7082535040089966 
0.7736165183822404 
0.8224610918012256 
0.8410521866742949 
0.8230409309228131 
0.7817875344744341 
0.7214411487509342 
0.7815208018307551 
0.7834456324417305 
0.8413915046913889 
0.8639297272263455 
0.8425777507160072 
0.7850260450074001 
0.6844409138435261 
0.8537574349478426 
0.8199670506372345 
0.8770524634844906 
0.8983967408902567 
0.8805023484262325 
0.821873865315666 
0.7359622928893622 
0.9039206614151036 
0.904943745100114 
0.9504637274344925 
0.9649843531208956 
0.958521951729128 
0.9328223993996053 
0.9316649472267796 
1.330601078065044 
1.10582252066873 
1.103213289316448 
1.108192240755027 
1.108986782464882 
1.134358159526882 
1.416146135546635 
1.843317372759874 
1.216102058859325 
1.188992049397722 
1.181252816274828 
1.185738554292846 
1.205195871848351 
2.026971309605623 
1.42817967522323 
0.7200442337482587 
0.7859188746147976 
0.1421681115242593 
0.464193339009671 
0.6656797549485182 
0.2226659767905875 
0.4571774263614531 
0.6017439021280921 
0.2452218353673222 
0.4633691423827284 
0.5736467629896372 
0.2458263762553274 
0.446283845829326 
0.5454598500027195 
0.235143470731847 
0.4186203259263381 
0.5029440517957116 
0.2195095458102861 
0.387871499672346 
0.4558377537427619 
0.2025156298296091 
0.3567287045831814 
0.4182765933512588 
0.1846166204848637 
0.3259875054106929 
0.3845740482848399 
0.1666642203921449 
0.2949718679955647 
0.3490835989835233 
0.1488308643297115 
0.2647250051695996 
0.3152193750029729 
0.1318527204638001 
0.2352267509297202 
0.2818377896521722 
0.1149013677472404 
0.2065202663190015 
0.259062650576628 
0.09903213513653208 
0.1799755759488144 
0.2211014442104229 
0.08418739644631101 
0.155472145257441 
0.1954566752184519 
0.07060513695803029 
0.1325531707607193 
0.1706999864549764 
0.05814961360744686 
0.1109160331144836 
0.1513514672851799 
0.04697108004519539 
0.09117241455134077 
0.1268411627142132 
0.03741468505621806 
0.07408743393447705 
0.1040979628628402 
0.02931782153699761 
0.05870448608324887 
0.07576999045151014 
0.02224849818256076 
0.04414452526806217 
0.05753095445841286 
0.01683595635871607 
0.03090925249529936 
0.04210452633740187 
0.01341795687683468 
0.02087672225586878 
0.03105670844402128 
0.01103953992623278 
0.01404339256146092 
0.02087544373586333 
0.01000651604047083 
0.0102938105514803 
0.01704743731544308 
0.8315730170189961 
0.721544832156904 
1.423119030291327 
0.6949148066914804 
0.464842173521794 
0.144006917522108 
0.6459915402669191 
0.4580190679152608 
0.2236226412621594 
0.6133111076141998 
0.4639422291008357 
0.2459911339520942 
0.5849525687149767 
0.4471913116484555 
0.2464551586141926 
0.5265903983292999 
0.4194676485158595 
0.2353729581443316 
0.4866497103397966 
0.3873127086230328 
0.2192710582343224 
0.4383507286355912 
0.3538469394448763 
0.2011980854786644 
0.387712744013648 
0.3221308454938093 
0.1830419037629062 
0.3510501986562854 
0.2925948382453575 
0.1652691148592717 
0.3260185961692069 
0.2642160962283371 
0.148207678588033 
0.2928897844255869 
0.2360801525021663 
0.1319000410815438 
0.2518565660522661 
0.2082286976635314 
0.1155308758527013 
0.2231396158533892 
0.1819409630452863 
0.100046931020003 
0.197797329036058 
0.1574166158128178 
0.08529890699324796 
0.1847368335300929 
0.1349110164824737 
0.07198590662527235 
0.1641375855741151 
0.1141270314719482 
0.05948718709874201 
0.1311448795143234 
0.09366048904845949 
0.04849632702691426 
0.1008038103953063 
0.07409843717316465 
0.03789763775745805 
0.07501625539825621 
0.0570555177400929 
0.02892085647144046 
0.05791097673148932 
0.04345239424371484 
0.02190749005080837 
0.04303235452057881 
0.03105796814819033 
0.01676442610290671 
0.0305297993348642 
0.02083700220345555 
0.01334679570854179 
0.02107831199562142 
0.01408735510449148 
0.01102456866421627 
0.01531653724171729 
0.01049760070652923 
0.01005358116951848 
0.01079999954640001 
0.02427691384794136 
0.0642933385027367 
0.08513965815538994 
0.0945110930509948 
0.09668611267312735 
0.09464921946793954 
0.08960567429598121 
0.0827194755174798 
0.07518367810506012 
0.06767995613317715 
0.0606619381447289 
0.05144525357643064 
0.04306233438272743 
0.03594874737906001 
0.02988313634214488 
0.02457214191829591 
0.01987912462101553 
0.01610620083561384 
0.0133931941890914 
0.01179623177910137 
0.01111506812271326 
0.01088274946737941 
0.01082666718375461 
0.01080309485677532 
1.534956220155989 
0.565120669561164 
1.194073345147681 
0.3926380369741518 
2.552234061552868 
1.47638888323473 
0.9971608250213955 
0.9190485766389511 
1.554534693771703 
0.6196573647384238 
1.060847520926514 
2.013995628874063 
3.537548322091603 
2.946819615301586 
1.156096210132571 
3.405473339399983 
3.161413575874512 
2.65990092985717 
1.15949875860288 
4.577109637698687 
8.13649497865199 
4.449699592370763 
3.300789067125553 
3.400418786017831 
1.008703352902279 
0.8621982489456459 
0.8000723388671357 
0.3575704442920384 
0.6719827725843779 
1.000154351464385 
3.957392546768252 
5.210990067044714 
0.1232675693941084 
0.08106308070661936 
0.136487335176031 
0.2428961663287426 
0.4054238369339495 
0.9024276684236068 
0.8582539160978466 
0.9890915807289946 
1.047120749573399 
0.8512585708730923 
0.6391765264043636 
0.5953194295775496 
0.5130058405935018 
0.4628940806568285 
0.4268293165180194 
0.4052477575886636 
0.3670492879269093 
0.3385234343079102 
0.311569432318146 
0.2498931955370743 
0.235457680256737 
0.1985778914921647 
0.162401423704802 
0.1431123139707162 
0.09721561373856817 
0.09063470678934943 
0.120349622134001 
0.7419746409772701 
1.214099707828005 
1.004816831611695 
0.9404426255686783 
1.034372804178999 
0.7878308329885453 
0.7328174703243114 
1.12943901183131 
0.9736369799057062 
0.5667477248078928 
0.4134954917823749 
0.4345280484674225 
0.4035143814999753 
0.1504341530101328 
0.3033616290409758 
0.2675883131454907 
0.620721846356117 
0.5794910661896685 
0.9210255568472027 
0.5537739229675198 
0.5061980967670741 
0.4215239416693062 
0.4026304702621372 
0.09923335934960027 
0.09511105305039594 
0.1226214715737974 
0.1189628257177629 
0.07567666888924006 
3.125650938912464 
3.117895286477376 
0.8908454219333 
0.9194153340720342 
0.9441138917307423 
1.154110326742642 
0.7604381005506552 
0.6834379734156797 
0.8502542528825422 
1.901898036038899 
2.593071122792425 
3.331039503607003 
1.737299578498122 
2.594635675579236 
2.385237876316353 
0.9016464038798351 
0.8360001417011047 
0.7225417003135194 
1.180312403731069 
0.4861600277206288 
0.2461769709938031 
0.06940552648541995 
0.1331788169965929 
0.1406703392348189 
0.3820849824115958 
0.3993900807747226 
0.4533080628490643 
0.4300260782291566 
0.2924752864436321 
0.2362191668446316 
0.3994676809215604 
0.584768630224617 
0.4837459969817133 
0.3844649843953671 
0.5788421266039012 
0.5708028579204533 
0.1759850008498257 
0.2417096601677732 
0.1736068891868496 
0.1849754624499856 
0.6397705092434401 
1.116913350373643 
0.8167778850247773 
1.065195565136681 
2.389973081384382 
1.107151509043976 
3.242609216785468 
2.993635559049544 
3.308836744785787 
3.245243729261974 
3.033338123131727 
2.273012646869891 
3.663612489876227 
1.66669276636697 
3.538653245097332 
0.8943248991992632 
2.478347597546716 
1.943358386698073 
0.7521180339543203 
0.07247601481712632 
0.9364106263120603 
1.791021623338185 
0.7343516189769236 
0.3681094985299584 
1.725377540680122 
1.237066688407988 
0.4797766379138628 
0.4674905274840161 
0.5199397499500465 
0.5672888812318112 
0.3329112097308 
0.6098272291359143 
0.5468165102532587 
0.315950149754872 
0.2756231955850289 
0.3281342660537527 
0.1870865923170844 
2.254995288835311 
0.4928403319821645 
1.66564798721067 
0.9289871906668312 
1.375619676343699 
3.468534505842229 
3.40512317116198 
2.703349055237981 
1.936552402883706 
3.49875225108184 
1.306237101492138 
1.224500803983054 
1.992754148772592 
2.347449808888057 
4.194911840522745 
2.868865469650063 
0.2625103483818758 
0.2642779700602835 
0.4457839472299699 
0.4560952245106119 
0.4581248480315348 
3.185592887010743 
3.345303769393456 
0.6673098936993255 
0.8717671898026801 
0.5224175089135669 
0.3038790008741277 
0.3579410029202132 
2.097280526252305 
1.140615897093317 
2.828861820714552 
1.443834499944585 
0.9095215255508944 
0.5793669212039597 
1.06075565569457 
3.563660508704808 
0.3511875934345224 
0.1540158549729241 
1.622889133624634 
3.387201616676777 
0.1844456496474623 
0.2787093452933446 
4.386348270982364 
1.056136070423368 
1.849444565982598 
0.2216630437937476 
4.086419415822464 
0.3044411030564763 
0.718225998070782 
0.2608371523439637 
1.272589618642988 
0.8491290437495744 
2.308040077417931 
3.134208818005414 
0.3423108766594997 
0.2495256111699298 
0.2498061287552471 
0.73217917951804 
0.6096516429973485 
0.5067835857979205 
1.480247279543276 
0.7943345874649261 
0.4904652345900061 
1.203682205907067 
3.421175764837792 
2.28945330084771 
0.6888292602397535 
0.4907523812779186 
7.627279363877409 
2.199100229432907 
0.981300531375969 
1.882714611794826 
1.291947626736993 
1.980520009372225 
4.156703998882253 
1.256596233374226 
0.2916168385654625 
0.7582865383170087 
0.56276808523852 
0.8005084227575302 
0.8708674557496212 
0.8262947951638222 
3.633272129179272 
0.364622183972331 
1.722888171442298 
0.6726209325602204 
0.6682226285689991 
0.4987505710956785 
0.4833432027965804 
1.082246351510453 
2.911836131224628 
1.793334711374474 
2.124870596303914 
2.162977351733342 
1.808607105163981 
2.489140919450636 
2.620426446442575 
2.29311459240122 
3.307281688306135 
0.5407765431832408 
0.7385803552657426 
0.5279172460211604 
0.396718556183541 
0.3751390974565338 
0.3099766711932159 
0.5924712523429119 
0.735140796368014 
6.426098863947082 
2.305670642168974 
0.4907615005570471 
0.5517121842289119 
0.3979275254857487 
1.03559702031443 
0.4518400201396672 
0.6436420935177388 
0.8103348517153802 
0.7639929238852182 
1.87521681130097 
4.955545060132543 
4.267406401160032 
2.579647098369127 
1.726926657231889 
3.309283227947252 
1.988117402912294 
7.129549501330103 
0.2383992762692322 
0.3756860971584785 
0.6773077811103021 
0.6116105239928747 
0.3742158729615454 
0.4318586818716544 
0.2801047160934486 
0.463797821621077 
2.63807688474643 
0.7968362686821415 
0.7892082200112334 
0.3654051344390222 
1.234067614031011 
2.884709644166382 
2.202652509852244 
2.44107764073557 
0.9409560821425158 
1.768640173572623 
3.726716027875633 
0.3971054859918633 
2.426492145233042 
3.018785056686204 
0.4141064986379271 
4.53026303772778 
0.5744884469955766 
1.012561178200225 
0.6418568341136435 
2.357024619532885 
1.071857485382002 
1.726763222262647 
0.4153277880250892 
0.7858788905094491 
0.7574162963280743 
1.470972055025942 
0.2781662909759989 
2.778815776722454 
1.693618930141762 
2.797033747223655 
0.6533133542315571 
2.198915463186771 
0.8249672938081022 
0.407034998730695 
0.3756179592453841 
2.113151518040563 
1.833790093294767 
1.237416576584127 
4.790062700897871 
0.6689724538537133 
1.99947047027496 
4.242487352993139 
3.567798457080314 
0.6916570774507553 
0.8870075695877656 
0.48646681690454 
2.982695709342005 
1.638787373462488 
3.022811971643184 
6.198936546434603 
2.122732155013888 
1.116490438500917 
0.9682885066691186 
5.947124453092695 
0.8155725516572968 
1.080828981354781 
3.122805468432232 
3.790709713773565 
0.8091292832172513 
6.965515647728153 
6.110371621898022 
0.7489565749980447 
1.15644230726249 
2.095012213120775 
0.8431476596237988 
0.9267334938436781 
1.619909574203382 
0.8117644232151098 
1.766553769805631 
0.6656398686525302 
1.743811924865586 
0.17056140835914 
0.526179946024088 
0.5277513890067068 
0.5783049281093814 
0.6645375324278514 
0.5986132482148332 
0.7506509834218371 
0.4350334964798824 
1.10684731724652 
0.8467547525228525 
1.053837456971816 
1.999021155386256 
2.340252641998438 
0.3331908061125309 
0.9322291334978369 
0.8662359351214879 
1.257290417448326 
0.8512535899474331 
1.359012252918544 
3.050762345970446 
1.173170303575399 
0.08892010100813046 
0.1642688962397533 
0.07229651588011082 
0.09735991472843361 
0.08738165617352094 
0.08159749947897176 
0.09752069731110154 
0.2215145799201419 
0.2557120455053238 
0.2306781232970646 
0.2451081361509731 
0.1052257530626657 
0.3190640233903241 
0.3562583126423166 
0.3880616402953558 
0.429965472832942 
0.5834091290917516 
0.672298574427156 
0.7499101699191234 
1.360157722079527 
0.4036208292721078 
0.7331652889722671 
0.7700238541613176 
0.2402202180682154 
0.3090569562466593 
0.1123484672856981 
6.159704252763793 
4.362786723899955 
2.388575661945566 
3.44175093037162 
1.786590542538523 
1.175558208922298 
1.240421248843023 
0.5700821166323342 
0.3257037013496693 
0.2472223091484102 
0.2834428501796921 
0.6936507744189113 
3.825743145250004 
0.5721642049506892 
1.012479136604228 
1.326210174494468 
0.7847768966383216 
5.968308811105662 
7.17864029237148 
1.024127252830615 
1.017412717989914 
2.697843995302679 
3.454710134511281 
3.66402081928103 
3.382402495638808 
1.860760349075913 
0.7280957898733339 
0.6050744794597656 
0.6921562703548612 
1.096513523386805 
2.267705060608191 
1.082088640493923 
1.276680221121956 
1.319196381453434 
1.055998670713684 
0.9627288399557696 
1.143193927255215 
1.088691282758565 
1.309768562992679 
0.9492120813542296 
0.8789178251126054 
0.2729859012646496 
0.2497962189933884 
0.3232673051978451 
0.3695490317687278 
0.4979268769830429 
0.9994446196675568 
0.7963811273883971 
1.293417615871896 
1.044264101006981 
0.3880746851412103 
0.7398609070369392 
0.8108053050316565 
0.07735959264251241 
0.2500000561235896 
0.2417803421608589 
0.2476242384505103 
0.2308525298673827 
0.08931816851467617 
0.06336942776680865 
3.756354091332905 
3.36150763575911 
1.963396036667092 
2.559369757691397 
0.987558394752705 
1.523759855247536 
2.52542416985867 
1.608647057889586 
3.269116326381741 
1.138649421683727 
2.413723403781381 
2.099424606567722 
3.029345234780933 
0.5262751648786347 
1.483781527857069 
0.7117352778440825 
1.090552777599023 
2.504037670958156 
0.9986122072014604 
0.877252214687803 
0.9790768457665828 
2.353925082596528 
0.9253402935200917 
1.121773620843697 
0.1545165335996361 
0.1158460292921576 
0.2869865776012054 
0.3213551220784666 
0.2075396588219383 
0.6739318573241195 
0.4316597032128928 
0.8827933593629249 
0.661884401620795 
0.739027894706935 
0.3031101363759773 
0.9814258285515163 
0.2857642109027136 
0.2645861681905307 
0.2861843839870154 
0.1286049564016403 
0.3334200193906431 
0.9172174835882371 
1.046327345268846 
1.081178286404483 
3.427109342059425 
3.120708363272541 
2.233941899648349 
3.464318479768969 
2.932351475499544 
1.096647544781092 
2.783245371074475 
2.935722731221964 
0.8612314456994302 
1.091225021442704 
2.994707490492939 
2.866906323133522 
2.078762404926874 
1.674811474009442 
1.146862823148135 
0.08609121238036535 
0.3166732438719164 
1.123640542378795 
0.5814314031354303 
0.8600422739174921 
0.8124102895140868 
1.024838904079105 
1.015524232047461 
0.4561515787761415 
0.2027936624223466 
0.2125964911159027 
0.5666626738310139 
0.6165597760851941 
0.8252636238720437 
0.4796987562120268 
0.6559552654294682 
0.5156832543881315 
0.7550394091915005 
0.2742989563973305 
0.1802042812295333 
0.1422698906885892 
1.593295673564545 
0.6993451327330567 
2.528380106087651 
1.285469216563123 
1.985284329153977 
2.167293694148365 
2.328754250152165 
2.195446462219951 
2.366617128071188 
1.780141082858917 
2.749998752741366 
2.21922985149046 
1.414436309681864 
0.6577354141992992 
1.143790113359465 
0.2343178171250757 
0.2221533852384343 
0.07748082593058717 
0.5401194606107124 
0.1656558993863564 
3.661332675725549 
2.002685672514309 
1.782123950148289 
0.8724781645241955 
0.6428781410723442 
0.5970170852611039 
0.1677212293399657 
0.2583395095711134 
0.4233880917017122 
0.7053698988408592 
0.459611913339236 
4.21263961750717 
1.913526159308225 
2.330059501824516 
0.7212205382979426 
0.6939391430448538 
0.3639443412518655 
0.2065774773513438 
0.2051491302891331 
0.4221552313468401 
0.6695106456144573 
1.589168702757386 
2.43143648673131 
2.420137532432945 
0.8146778334813055 
0.1818405144133021 
0.3545789047176587 
0.3021222720826913 
3.966991352094171 
0.2116084473897442 
0.2072495798160351 
0.689579016287894 
0.2810029675054052 
0.1428420907381291 
0.5871824248779273 
0.6202988243663623 
2.777826935178098 
0.9812540313400352 
0.6990552282563843 
0.380643174762697 
0.601943001849175 
0.5315958641815974 
0.7184965312185543 
1.15785104681501 
2.636345621366672 
0.8475433994240085 
0.3546750782224761 
0.1540923719663807 
0.2904520531235065 
0.2260375869418081 
0.5842786366415149 
0.3805610531835725 
2.769939238907007 
0.8852197124504162 
0.7575554827225397 
0.3778460201054428 
2.975557716311286 
2.320535149975755 
2.877306700749654 
4.351049970038705 
6.443362384705209 
0.1774527762902118 
0.2163612016154973 
0.6033063040993484 
0.5159290370841162 
0.6915624157429098 
2.880444468302351 
0.6693709047755356 
0.4445850271425174 
0.2937686132417232 
0.5213760575724584 
0.3529678425151037 
2.128037543280668 
1.488998408607607 
2.572093369369759 
7.531062939234596 
5.537336818755995 
1.368717136783112 
0.1140103139814501 
1.591119593785544 
1.442379120369705 
0.7773526119652058 
2.381418251610345 
2.952325231830051 
1.886270081688824 
1.297176558523592 
0.3133374280493368 
0.388336211918093 
0.4962154818799687 
0.9147153595784743 
0.3749768888921457 
0.3802896905832278 
0.4702627268212925 
0.5965122207293149 
0.8557106740916907 
7.555688782834054 
1.950405292378501 
2.217082703835427 
1.529125471084383 
2.71425783574043 
1.242133731313771 
0.1224520592985442 
0.3030281756298084 
0.7048609638819201 
3.890095486026548 
0.7440849234957905 
1.265912499419895 
0.2827510900515186 
0.7330463958990118 
0.7882276923382321 
3.540745704276645 
4.184627496801898 
0.2924053796320895 
2.365772400077568 
2.51617979864324 
2.051157200857455 
0.3081282689485667 
0.3631522066054677 
0.5503869515084913 
3.353376589259215 
2.671889371484213 
9.362395056862288 
0.2572491428250409 
3.665121616294237 
1.839094118627118 
1.238329774704389 
2.355280519726231 
1.093810966431479 
0.9398827431998776 
1.033156722027703 
3.454264041425882 
0.798697109783904 
3.851295102329713 
3.027226053660874 
0.249044935398379 
0.3021608822415555 
0.6169714902584615 
3.288633166806012 
9.161168313709432 
0.2759710821637823 
4.50628039998586 
2.019557547465869 
5.948283927823382 
4.303011241915387 
3.27417440968738 
1.849368860910283 
0.2219836457511706 
0.6028674640509589 
0.9888977068681495 
0.1988907679446433 
7.06129224913361 
0.7235608611348509 
3.496164049362074 
3.580530624084281 
0.3175106693616938 
2.14148432896877 
3.601649320637434 
1.088308143964508 
8.928017248168318 
3.430012984838354 
1.417878593580955 
0.9559612224756205 
0.8803757327420111 
7.657194958388869 
2.572503504152493 
3.645594110993811 
0.7186191407636557 
0.8937128515891186 
5.664154834022557 
6.817057149917614 
1.686927088337111 
0.8754868889045869 
0.08059187739718905 
0.4613454910513504 
0.2542236371677786 
0.7854812867344426 
0.7139388352652943 
2.003812843679728 
2.347644351362405 
2.5404807808303 
1.034555685510057 
3.122780533638783 
0.160568807176534 
2.746547964191052 
2.754800567091021 
0.8460549874151932 
0.2424998653725226 
0.3940007309314473 
0.2431769866760392 
1.449219460455004 
1.027387349040169 
0.3010835203642721 
</DataArray>
</CellData>
</Piece>
</UnstructuredGrid>
</VTKFile>
